model,image_id,ref_id,category_id,query,clean_eligible,raw_clean_candidate_count,tracked_clean_candidate_count,clean_correct,clean_best_iou,diagnostic_budget,diagnostic_probe_count,diagnostic_coverage,diagnostic_coverage_lower,diagnostic_coverage_upper,diagnostic_conditional_ranking,diagnostic_conditional_ranking_lower,diagnostic_conditional_ranking_upper,diagnostic_operational,diagnostic_operational_lower,diagnostic_operational_upper,diagnostic_coverage_risk,diagnostic_ranking_risk,diagnostic_risk_decomposition_error,reference_probe_count,reference_coverage,reference_coverage_lower,reference_coverage_upper,reference_conditional_ranking,reference_conditional_ranking_lower,reference_conditional_ranking_upper,reference_operational,reference_operational_lower,reference_operational_upper,reference_coverage_risk,reference_ranking_risk,reference_risk_decomposition_error,full_manifest_operational
owlv2,346712,20202,1,boy far left,1,8,5,0,0.153685570639732,5,5,1.0,0.4781762498950185,1.0,0.8,0.2835820638819106,0.994949236620532,0.8,0.2835820638819106,0.994949236620532,0.0,0.1999999999999999,0.0,80,0.975,0.9125928440694078,0.9969579138351904,0.8461538461538461,0.7466786658963328,0.9178981617130412,0.825,0.7238459604789864,0.9008894901605712,0.025,0.15,2.775557561562892e-17,0.8
owlv2,346712,20202,1,boy far left,1,8,5,0,0.153685570639732,10,10,0.9,0.5549838829718046,0.9974714214555382,0.5555555555555556,0.212008506778868,0.8630043377348335,0.5,0.1870860284473985,0.8129139715526015,0.0999999999999999,0.3999999999999999,5.551115123125783e-17,80,0.975,0.9125928440694078,0.9969579138351904,0.8461538461538461,0.7466786658963328,0.9178981617130412,0.825,0.7238459604789864,0.9008894901605712,0.025,0.15,2.775557561562892e-17,0.5
owlv2,346712,20202,1,boy far left,1,8,5,0,0.153685570639732,20,20,0.95,0.7512672372279723,0.9987349105020502,0.631578947368421,0.3835779233144053,0.8371141278449004,0.6,0.3605425873074897,0.8088099392746928,0.05,0.35,5.551115123125783e-17,80,0.975,0.9125928440694078,0.9969579138351904,0.8461538461538461,0.7466786658963328,0.9178981617130412,0.825,0.7238459604789864,0.9008894901605712,0.025,0.15,2.775557561562892e-17,0.6
owlv2,346712,20202,1,boy far left,1,8,5,0,0.153685570639732,40,40,0.975,0.8684141415172343,0.9993672550679504,0.7948717948717948,0.6353557593048811,0.9070360727170044,0.775,0.6154883226965773,0.891603361015928,0.025,0.2,8.326672684688674e-17,80,0.975,0.9125928440694078,0.9969579138351904,0.8461538461538461,0.7466786658963328,0.9178981617130412,0.825,0.7238459604789864,0.9008894901605712,0.025,0.15,2.775557561562892e-17,0.775
owlv2,125350,39201,1,right wee dude,1,16,5,1,0.9347007381959248,5,5,0.8,0.2835820638819106,0.994949236620532,1.0,0.3976353643835254,1.0,0.8,0.2835820638819106,0.994949236620532,0.1999999999999999,0.0,0.0,80,0.9375,0.8601429247023609,0.9793969276979898,0.8,0.6916739106298714,0.8835178514092479,0.75,0.64063652409315,0.8401203554931442,0.0625,0.1874999999999999,5.551115123125783e-17,0.8
owlv2,125350,39201,1,right wee dude,1,16,5,1,0.9347007381959248,10,10,0.9,0.5549838829718046,0.9974714214555382,0.8888888888888888,0.517503485082663,0.9971908632534008,0.8,0.4439045376923585,0.9747892736731666,0.0999999999999999,0.1,6.938893903907227e-17,80,0.9375,0.8601429247023609,0.9793969276979898,0.8,0.6916739106298714,0.8835178514092479,0.75,0.64063652409315,0.8401203554931442,0.0625,0.1874999999999999,5.551115123125783e-17,0.8
owlv2,125350,39201,1,right wee dude,1,16,5,1,0.9347007381959248,20,20,0.9,0.6830172859809176,0.9876514728297052,0.7222222222222222,0.4651980344169439,0.9030507874744408,0.65,0.4078114654671719,0.8460907952154588,0.0999999999999999,0.25,0.0,80,0.9375,0.8601429247023609,0.9793969276979898,0.8,0.6916739106298714,0.8835178514092479,0.75,0.64063652409315,0.8401203554931442,0.0625,0.1874999999999999,5.551115123125783e-17,0.65
owlv2,125350,39201,1,right wee dude,1,16,5,1,0.9347007381959248,40,40,0.95,0.8308031360405824,0.9938863534006492,0.7368421052631579,0.5689917562977604,0.8659662769750264,0.7,0.5346837147458767,0.8343727956067644,0.05,0.25,0.0,80,0.9375,0.8601429247023609,0.9793969276979898,0.8,0.6916739106298714,0.8835178514092479,0.75,0.64063652409315,0.8401203554931442,0.0625,0.1874999999999999,5.551115123125783e-17,0.7
owlv2,23967,47975,1,boy in blue on right,1,3,3,1,0.9806069116367352,5,5,1.0,0.4781762498950185,1.0,1.0,0.4781762498950185,1.0,1.0,0.4781762498950185,1.0,0.0,0.0,0.0,80,1.0,0.9549359649323076,1.0,0.9875,0.9323122155360776,0.9996835774723672,0.9875,0.9323122155360776,0.9996835774723672,0.0,0.0124999999999999,0.0,1.0
owlv2,23967,47975,1,boy in blue on right,1,3,3,1,0.9806069116367352,10,10,1.0,0.6915028921812392,1.0,1.0,0.6915028921812392,1.0,1.0,0.6915028921812392,1.0,0.0,0.0,0.0,80,1.0,0.9549359649323076,1.0,0.9875,0.9323122155360776,0.9996835774723672,0.9875,0.9323122155360776,0.9996835774723672,0.0,0.0124999999999999,0.0,1.0
owlv2,23967,47975,1,boy in blue on right,1,3,3,1,0.9806069116367352,20,20,1.0,0.8315665290169146,1.0,1.0,0.8315665290169146,1.0,1.0,0.8315665290169146,1.0,0.0,0.0,0.0,80,1.0,0.9549359649323076,1.0,0.9875,0.9323122155360776,0.9996835774723672,0.9875,0.9323122155360776,0.9996835774723672,0.0,0.0124999999999999,0.0,1.0
owlv2,23967,47975,1,boy in blue on right,1,3,3,1,0.9806069116367352,40,40,1.0,0.9119026971211976,1.0,0.975,0.8684141415172343,0.9993672550679504,0.975,0.8684141415172343,0.9993672550679504,0.0,0.025,0.0,80,1.0,0.9549359649323076,1.0,0.9875,0.9323122155360776,0.9996835774723672,0.9875,0.9323122155360776,0.9996835774723672,0.0,0.0124999999999999,0.0,0.975
owlv2,65842,44225,55,orange at far left and orange at far right,1,8,5,1,0.6342535894255379,5,5,1.0,0.4781762498950185,1.0,1.0,0.4781762498950185,1.0,1.0,0.4781762498950185,1.0,0.0,0.0,0.0,80,1.0,0.9549359649323076,1.0,1.0,0.9549359649323076,1.0,1.0,0.9549359649323076,1.0,0.0,0.0,0.0,1.0
owlv2,65842,44225,55,orange at far left and orange at far right,1,8,5,1,0.6342535894255379,10,10,1.0,0.6915028921812392,1.0,1.0,0.6915028921812392,1.0,1.0,0.6915028921812392,1.0,0.0,0.0,0.0,80,1.0,0.9549359649323076,1.0,1.0,0.9549359649323076,1.0,1.0,0.9549359649323076,1.0,0.0,0.0,0.0,1.0
owlv2,65842,44225,55,orange at far left and orange at far right,1,8,5,1,0.6342535894255379,20,20,1.0,0.8315665290169146,1.0,1.0,0.8315665290169146,1.0,1.0,0.8315665290169146,1.0,0.0,0.0,0.0,80,1.0,0.9549359649323076,1.0,1.0,0.9549359649323076,1.0,1.0,0.9549359649323076,1.0,0.0,0.0,0.0,1.0
owlv2,65842,44225,55,orange at far left and orange at far right,1,8,5,1,0.6342535894255379,40,40,1.0,0.9119026971211976,1.0,1.0,0.9119026971211976,1.0,1.0,0.9119026971211976,1.0,0.0,0.0,0.0,80,1.0,0.9549359649323076,1.0,1.0,0.9549359649323076,1.0,1.0,0.9549359649323076,1.0,0.0,0.0,0.0,1.0
owlv2,448531,11612,27,dk blue to left of boy,1,9,5,0,0.0349120176028656,5,5,0.6,0.1466327996346731,0.9472550494736832,1.0,0.2924017738212867,1.0,0.6,0.1466327996346731,0.9472550494736832,0.4,0.0,0.0,80,0.625,0.5096452355928875,0.7308068300531951,0.88,0.7568986832944374,0.954664679226336,0.55,0.4346739790941529,0.6615136155101845,0.375,0.075,4.163336342344337e-17,0.6
owlv2,448531,11612,27,dk blue to left of boy,1,9,5,0,0.0349120176028656,10,10,0.5,0.1870860284473985,0.8129139715526015,1.0,0.4781762498950185,1.0,0.5,0.1870860284473985,0.8129139715526015,0.5,0.0,0.0,80,0.625,0.5096452355928875,0.7308068300531951,0.88,0.7568986832944374,0.954664679226336,0.55,0.4346739790941529,0.6615136155101845,0.375,0.075,4.163336342344337e-17,0.5
owlv2,448531,11612,27,dk blue to left of boy,1,9,5,0,0.0349120176028656,20,20,0.55,0.3152781330405486,0.7694221032240758,0.8181818181818182,0.4822441476398273,0.9771688017000404,0.45,0.2305778967759242,0.6847218669594515,0.4499999999999999,0.0999999999999999,1.1102230246251563e-16,80,0.625,0.5096452355928875,0.7308068300531951,0.88,0.7568986832944374,0.954664679226336,0.55,0.4346739790941529,0.6615136155101845,0.375,0.075,4.163336342344337e-17,0.45
owlv2,448531,11612,27,dk blue to left of boy,1,9,5,0,0.0349120176028656,40,40,0.6,0.4332670521932967,0.7513500134122563,0.75,0.5328871975773306,0.902269590525467,0.45,0.2925883500398799,0.6150932054659867,0.4,0.15,2.775557561562892e-17,80,0.625,0.5096452355928875,0.7308068300531951,0.88,0.7568986832944374,0.954664679226336,0.55,0.4346739790941529,0.6615136155101845,0.375,0.075,4.163336342344337e-17,0.45
owlv2,53643,45379,46,caraffe with water center of pic,1,20,5,1,0.5297214545898628,5,5,0.8,0.2835820638819106,0.994949236620532,0.5,0.0675859864885429,0.932414013511457,0.4,0.0527449505263169,0.8533672003653268,0.1999999999999999,0.4,0.0,80,0.925,0.8438720682639279,0.9719794538231588,0.4729729729729729,0.3556738656425141,0.5925018092005467,0.4375,0.3267639534337789,0.5530024286118197,0.0749999999999999,0.4875,5.551115123125783e-17,0.4
owlv2,53643,45379,46,caraffe with water center of pic,1,20,5,1,0.5297214545898628,10,10,0.9,0.5549838829718046,0.9974714214555382,0.5555555555555556,0.212008506778868,0.8630043377348335,0.5,0.1870860284473985,0.8129139715526015,0.0999999999999999,0.3999999999999999,5.551115123125783e-17,80,0.925,0.8438720682639279,0.9719794538231588,0.4729729729729729,0.3556738656425141,0.5925018092005467,0.4375,0.3267639534337789,0.5530024286118197,0.0749999999999999,0.4875,5.551115123125783e-17,0.5
owlv2,53643,45379,46,caraffe with water center of pic,1,20,5,1,0.5297214545898628,20,20,0.95,0.7512672372279723,0.9987349105020502,0.4210526315789473,0.2025214389771628,0.6650021559882646,0.4,0.1911900607253072,0.6394574126925103,0.05,0.55,1.1102230246251563e-16,80,0.925,0.8438720682639279,0.9719794538231588,0.4729729729729729,0.3556738656425141,0.5925018092005467,0.4375,0.3267639534337789,0.5530024286118197,0.0749999999999999,0.4875,5.551115123125783e-17,0.4
owlv2,53643,45379,46,caraffe with water center of pic,1,20,5,1,0.5297214545898628,40,40,0.975,0.8684141415172343,0.9993672550679504,0.4615384615384615,0.3009478030075078,0.6281892527934811,0.45,0.2925883500398799,0.6150932054659867,0.025,0.5249999999999999,1.1102230246251563e-16,80,0.925,0.8438720682639279,0.9719794538231588,0.4729729729729729,0.3556738656425141,0.5925018092005467,0.4375,0.3267639534337789,0.5530024286118197,0.0749999999999999,0.4875,5.551115123125783e-17,0.45
owlv2,119534,39732,47,curly,0,0,0,0,0.0,5,0,0.0,,,,,,0.0,,,,,,0,0.0,,,,,,0.0,,,,,,0.0
owlv2,119534,39732,47,curly,0,0,0,0,0.0,10,0,0.0,,,,,,0.0,,,,,,0,0.0,,,,,,0.0,,,,,,0.0
owlv2,119534,39732,47,curly,0,0,0,0,0.0,20,0,0.0,,,,,,0.0,,,,,,0,0.0,,,,,,0.0,,,,,,0.0
owlv2,119534,39732,47,curly,0,0,0,0,0.0,40,0,0.0,,,,,,0.0,,,,,,0,0.0,,,,,,0.0,,,,,,0.0
owlv2,279882,26241,8,car closest to man,1,20,5,0,0.0,5,5,0.8,0.2835820638819106,0.994949236620532,0.25,0.0063094632097098,0.8058795503167565,0.2,0.005050763379468,0.7164179361180893,0.1999999999999999,0.6000000000000001,0.0,80,0.8375,0.7381631061748872,0.9105383582774708,0.8805970149253731,0.7782148615600573,0.947015194056839,0.7375,0.6271491697875681,0.8295907488995917,0.1624999999999999,0.1,2.775557561562892e-17,0.2
owlv2,279882,26241,8,car closest to man,1,20,5,0,0.0,10,10,0.9,0.5549838829718046,0.9974714214555382,0.3333333333333333,0.0748546314196918,0.7007049437914596,0.3,0.0667395111777345,0.6524528500599973,0.0999999999999999,0.6000000000000001,1.1102230246251563e-16,80,0.8375,0.7381631061748872,0.9105383582774708,0.8805970149253731,0.7782148615600573,0.947015194056839,0.7375,0.6271491697875681,0.8295907488995917,0.1624999999999999,0.1,2.775557561562892e-17,0.3
owlv2,279882,26241,8,car closest to man,1,20,5,0,0.0,20,20,0.85,0.6210731734546859,0.9679290628145364,0.5882352941176471,0.3292471539467574,0.8155630382160532,0.5,0.2719578495607918,0.7280421504392082,0.15,0.35,0.0,80,0.8375,0.7381631061748872,0.9105383582774708,0.8805970149253731,0.7782148615600573,0.947015194056839,0.7375,0.6271491697875681,0.8295907488995917,0.1624999999999999,0.1,2.775557561562892e-17,0.5
owlv2,279882,26241,8,car closest to man,1,20,5,0,0.0,40,40,0.875,0.7319670826382796,0.9581403738613832,0.7142857142857143,0.5369553554455799,0.8536452547209407,0.625,0.4580147522326109,0.772737277518174,0.125,0.25,0.0,80,0.8375,0.7381631061748872,0.9105383582774708,0.8805970149253731,0.7782148615600573,0.947015194056839,0.7375,0.6271491697875681,0.8295907488995917,0.1624999999999999,0.1,2.775557561562892e-17,0.625
owlv2,84313,42654,1,lady with glasses,1,15,5,0,0.0449440391218366,5,5,1.0,0.4781762498950185,1.0,1.0,0.4781762498950185,1.0,1.0,0.4781762498950185,1.0,0.0,0.0,0.0,80,0.825,0.7238459604789864,0.9008894901605712,1.0,0.945641152829878,1.0,0.825,0.7238459604789864,0.9008894901605712,0.175,0.0,0.0,1.0
owlv2,84313,42654,1,lady with glasses,1,15,5,0,0.0449440391218366,10,10,0.8,0.4439045376923585,0.9747892736731666,1.0,0.6305833524471808,1.0,0.8,0.4439045376923585,0.9747892736731666,0.1999999999999999,0.0,0.0,80,0.825,0.7238459604789864,0.9008894901605712,1.0,0.945641152829878,1.0,0.825,0.7238459604789864,0.9008894901605712,0.175,0.0,0.0,0.8
owlv2,84313,42654,1,lady with glasses,1,15,5,0,0.0449440391218366,20,20,0.75,0.5089541282920425,0.9134285308985652,1.0,0.781980639089466,1.0,0.75,0.5089541282920425,0.9134285308985652,0.25,0.0,0.0,80,0.825,0.7238459604789864,0.9008894901605712,1.0,0.945641152829878,1.0,0.825,0.7238459604789864,0.9008894901605712,0.175,0.0,0.0,0.75
owlv2,84313,42654,1,lady with glasses,1,15,5,0,0.0449440391218366,40,40,0.775,0.6154883226965773,0.891603361015928,1.0,0.8878112530776301,1.0,0.775,0.6154883226965773,0.891603361015928,0.2249999999999999,0.0,0.0,80,0.825,0.7238459604789864,0.9008894901605712,1.0,0.945641152829878,1.0,0.825,0.7238459604789864,0.9008894901605712,0.175,0.0,0.0,0.775
owlv2,243153,29382,1,player second from the right,1,20,5,0,0.0,5,5,1.0,0.4781762498950185,1.0,1.0,0.4781762498950185,1.0,1.0,0.4781762498950185,1.0,0.0,0.0,0.0,80,1.0,0.9549359649323076,1.0,0.75,0.64063652409315,0.8401203554931442,0.75,0.64063652409315,0.8401203554931442,0.0,0.25,0.0,1.0
owlv2,243153,29382,1,player second from the right,1,20,5,0,0.0,10,10,1.0,0.6915028921812392,1.0,0.9,0.5549838829718046,0.9974714214555382,0.9,0.5549838829718046,0.9974714214555382,0.0,0.0999999999999999,0.0,80,1.0,0.9549359649323076,1.0,0.75,0.64063652409315,0.8401203554931442,0.75,0.64063652409315,0.8401203554931442,0.0,0.25,0.0,0.9
owlv2,243153,29382,1,player second from the right,1,20,5,0,0.0,20,20,1.0,0.8315665290169146,1.0,0.7,0.4572108177237109,0.8810684095942722,0.7,0.4572108177237109,0.8810684095942722,0.0,0.3,0.0,80,1.0,0.9549359649323076,1.0,0.75,0.64063652409315,0.8401203554931442,0.75,0.64063652409315,0.8401203554931442,0.0,0.25,0.0,0.7
owlv2,243153,29382,1,player second from the right,1,20,5,0,0.0,40,40,1.0,0.9119026971211976,1.0,0.75,0.5880380198485702,0.873085201067155,0.75,0.5880380198485702,0.873085201067155,0.0,0.25,0.0,80,1.0,0.9549359649323076,1.0,0.75,0.64063652409315,0.8401203554931442,0.75,0.64063652409315,0.8401203554931442,0.0,0.25,0.0,0.75
owlv2,83353,42756,64,the tree in right corner,1,5,5,1,0.9134500830954096,5,5,0.8,0.2835820638819106,0.994949236620532,1.0,0.3976353643835254,1.0,0.8,0.2835820638819106,0.994949236620532,0.1999999999999999,0.0,0.0,80,0.5625,0.4469975713881803,0.673236046566221,0.9555555555555556,0.8485070997566608,0.9945715112997492,0.5375,0.4224175280048351,0.6497235734616016,0.4375,0.0249999999999999,4.8572257327350605e-17,0.8
owlv2,83353,42756,64,the tree in right corner,1,5,5,1,0.9134500830954096,10,10,0.8,0.4439045376923585,0.9747892736731666,0.875,0.4734903291247935,0.996840276468748,0.7,0.3475471499400027,0.9332604888222656,0.1999999999999999,0.1,8.326672684688674e-17,80,0.5625,0.4469975713881803,0.673236046566221,0.9555555555555556,0.8485070997566608,0.9945715112997492,0.5375,0.4224175280048351,0.6497235734616016,0.4375,0.0249999999999999,4.8572257327350605e-17,0.7
owlv2,83353,42756,64,the tree in right corner,1,5,5,1,0.9134500830954096,20,20,0.7,0.4572108177237109,0.8810684095942722,0.8571428571428571,0.571870839090301,0.9822054845168084,0.6,0.3605425873074897,0.8088099392746928,0.3,0.1,5.551115123125783e-17,80,0.5625,0.4469975713881803,0.673236046566221,0.9555555555555556,0.8485070997566608,0.9945715112997492,0.5375,0.4224175280048351,0.6497235734616016,0.4375,0.0249999999999999,4.8572257327350605e-17,0.6
owlv2,83353,42756,64,the tree in right corner,1,5,5,1,0.9134500830954096,40,40,0.625,0.4580147522326109,0.772737277518174,0.92,0.7396941578947859,0.9901604099812024,0.575,0.4089005804269633,0.7295709687311371,0.375,0.0499999999999999,6.938893903907227e-17,80,0.5625,0.4469975713881803,0.673236046566221,0.9555555555555556,0.8485070997566608,0.9945715112997492,0.5375,0.4224175280048351,0.6497235734616016,0.4375,0.0249999999999999,4.8572257327350605e-17,0.575
owlv2,457555,10797,8,blue mercedes truck,1,7,5,1,0.928286527200997,5,5,0.8,0.2835820638819106,0.994949236620532,1.0,0.3976353643835254,1.0,0.8,0.2835820638819106,0.994949236620532,0.1999999999999999,0.0,0.0,80,0.8,0.6956311329945355,0.8811409135950147,0.9375,0.8476365265773033,0.9827099726189448,0.75,0.64063652409315,0.8401203554931442,0.1999999999999999,0.05,4.163336342344337e-17,0.8
owlv2,457555,10797,8,blue mercedes truck,1,7,5,1,0.928286527200997,10,10,0.9,0.5549838829718046,0.9974714214555382,1.0,0.6637328831200572,1.0,0.9,0.5549838829718046,0.9974714214555382,0.0999999999999999,0.0,0.0,80,0.8,0.6956311329945355,0.8811409135950147,0.9375,0.8476365265773033,0.9827099726189448,0.75,0.64063652409315,0.8401203554931442,0.1999999999999999,0.05,4.163336342344337e-17,0.9
owlv2,457555,10797,8,blue mercedes truck,1,7,5,1,0.928286527200997,20,20,0.85,0.6210731734546859,0.9679290628145364,0.9411764705882352,0.7131106033327794,0.9985118256087334,0.8,0.5633859970033317,0.9426660029499672,0.15,0.05,7.63278329429795e-17,80,0.8,0.6956311329945355,0.8811409135950147,0.9375,0.8476365265773033,0.9827099726189448,0.75,0.64063652409315,0.8401203554931442,0.1999999999999999,0.05,4.163336342344337e-17,0.8
owlv2,457555,10797,8,blue mercedes truck,1,7,5,1,0.928286527200997,40,40,0.85,0.7016473331604236,0.942897741845474,0.9705882352941176,0.8467323304396823,0.9992556357653096,0.825,0.6722098666384142,0.9266172706479148,0.15,0.025,1.7347234759768068e-17,80,0.8,0.6956311329945355,0.8811409135950147,0.9375,0.8476365265773033,0.9827099726189448,0.75,0.64063652409315,0.8401203554931442,0.1999999999999999,0.05,4.163336342344337e-17,0.825
owlv2,467145,9958,1,right lady in black,1,20,5,1,0.6520997114626212,5,5,1.0,0.4781762498950185,1.0,1.0,0.4781762498950185,1.0,1.0,0.4781762498950185,1.0,0.0,0.0,0.0,80,1.0,0.9549359649323076,1.0,1.0,0.9549359649323076,1.0,1.0,0.9549359649323076,1.0,0.0,0.0,0.0,1.0
owlv2,467145,9958,1,right lady in black,1,20,5,1,0.6520997114626212,10,10,1.0,0.6915028921812392,1.0,1.0,0.6915028921812392,1.0,1.0,0.6915028921812392,1.0,0.0,0.0,0.0,80,1.0,0.9549359649323076,1.0,1.0,0.9549359649323076,1.0,1.0,0.9549359649323076,1.0,0.0,0.0,0.0,1.0
owlv2,467145,9958,1,right lady in black,1,20,5,1,0.6520997114626212,20,20,1.0,0.8315665290169146,1.0,1.0,0.8315665290169146,1.0,1.0,0.8315665290169146,1.0,0.0,0.0,0.0,80,1.0,0.9549359649323076,1.0,1.0,0.9549359649323076,1.0,1.0,0.9549359649323076,1.0,0.0,0.0,0.0,1.0
owlv2,467145,9958,1,right lady in black,1,20,5,1,0.6520997114626212,40,40,1.0,0.9119026971211976,1.0,1.0,0.9119026971211976,1.0,1.0,0.9119026971211976,1.0,0.0,0.0,0.0,80,1.0,0.9549359649323076,1.0,1.0,0.9549359649323076,1.0,1.0,0.9549359649323076,1.0,0.0,0.0,0.0,1.0
owlv2,389498,16696,1,man,1,7,5,1,0.9706454539520238,5,5,0.4,0.0527449505263169,0.8533672003653268,1.0,0.158113883008419,1.0,0.4,0.0527449505263169,0.8533672003653268,0.6,0.0,0.0,80,0.3,0.2025739291466727,0.412759323081376,1.0,0.8575264022774743,1.0,0.3,0.2025739291466727,0.412759323081376,0.7,0.0,0.0,0.4
owlv2,389498,16696,1,man,1,7,5,1,0.9706454539520238,10,10,0.3,0.0667395111777345,0.6524528500599973,1.0,0.2924017738212867,1.0,0.3,0.0667395111777345,0.6524528500599973,0.7,0.0,0.0,80,0.3,0.2025739291466727,0.412759323081376,1.0,0.8575264022774743,1.0,0.3,0.2025739291466727,0.412759323081376,0.7,0.0,0.0,0.3
owlv2,389498,16696,1,man,1,7,5,1,0.9706454539520238,20,20,0.3,0.1189315904057277,0.5427891822762891,1.0,0.5407418735600996,1.0,0.3,0.1189315904057277,0.5427891822762891,0.7,0.0,0.0,80,0.3,0.2025739291466727,0.412759323081376,1.0,0.8575264022774743,1.0,0.3,0.2025739291466727,0.412759323081376,0.7,0.0,0.0,0.3
owlv2,389498,16696,1,man,1,7,5,1,0.9706454539520238,40,40,0.35,0.2062824908707669,0.5168444536489906,1.0,0.7683642383498835,1.0,0.35,0.2062824908707669,0.5168444536489906,0.65,0.0,0.0,80,0.3,0.2025739291466727,0.412759323081376,1.0,0.8575264022774743,1.0,0.3,0.2025739291466727,0.412759323081376,0.7,0.0,0.0,0.35
owlv2,339454,20822,1,woman in white dress with umbrella,1,20,5,0,0.0750958684217316,5,5,1.0,0.4781762498950185,1.0,1.0,0.4781762498950185,1.0,1.0,0.4781762498950185,1.0,0.0,0.0,0.0,80,0.9625,0.8942980149834914,0.9921988127342832,1.0,0.953221931839596,1.0,0.9625,0.8942980149834914,0.9921988127342832,0.0374999999999999,0.0,0.0,1.0
owlv2,339454,20822,1,woman in white dress with umbrella,1,20,5,0,0.0750958684217316,10,10,0.9,0.5549838829718046,0.9974714214555382,1.0,0.6637328831200572,1.0,0.9,0.5549838829718046,0.9974714214555382,0.0999999999999999,0.0,0.0,80,0.9625,0.8942980149834914,0.9921988127342832,1.0,0.953221931839596,1.0,0.9625,0.8942980149834914,0.9921988127342832,0.0374999999999999,0.0,0.0,0.9
owlv2,339454,20822,1,woman in white dress with umbrella,1,20,5,0,0.0750958684217316,20,20,0.95,0.7512672372279723,0.9987349105020502,1.0,0.8235330881930346,1.0,0.95,0.7512672372279723,0.9987349105020502,0.05,0.0,0.0,80,0.9625,0.8942980149834914,0.9921988127342832,1.0,0.953221931839596,1.0,0.9625,0.8942980149834914,0.9921988127342832,0.0374999999999999,0.0,0.0,0.95
owlv2,339454,20822,1,woman in white dress with umbrella,1,20,5,0,0.0750958684217316,40,40,0.975,0.8684141415172343,0.9993672550679504,1.0,0.9097488990396656,1.0,0.975,0.8684141415172343,0.9993672550679504,0.025,0.0,0.0,80,0.9625,0.8942980149834914,0.9921988127342832,1.0,0.953221931839596,1.0,0.9625,0.8942980149834914,0.9921988127342832,0.0374999999999999,0.0,0.0,0.975
owlv2,218447,31468,56,broc laying sideways in center of photo,1,20,5,0,0.0,5,5,0.6,0.1466327996346731,0.9472550494736832,1.0,0.2924017738212867,1.0,0.6,0.1466327996346731,0.9472550494736832,0.4,0.0,0.0,80,0.7875,0.6817141914403442,0.8710635049024182,0.5873015873015873,0.4561768432495709,0.7099403576024554,0.4625,0.3502764265383983,0.5775824719951649,0.2125,0.3249999999999999,0.0,0.6
owlv2,218447,31468,56,broc laying sideways in center of photo,1,20,5,0,0.0,10,10,0.7,0.3475471499400027,0.9332604888222656,0.8571428571428571,0.4212768029568048,0.9963897031380994,0.6,0.2623780766069451,0.8784477418801728,0.3,0.1,5.551115123125783e-17,80,0.7875,0.6817141914403442,0.8710635049024182,0.5873015873015873,0.4561768432495709,0.7099403576024554,0.4625,0.3502764265383983,0.5775824719951649,0.2125,0.3249999999999999,0.0,0.6
owlv2,218447,31468,56,broc laying sideways in center of photo,1,20,5,0,0.0,20,20,0.75,0.5089541282920425,0.9134285308985652,0.6666666666666666,0.3838037325411542,0.881758896633119,0.5,0.2719578495607918,0.7280421504392082,0.25,0.25,0.0,80,0.7875,0.6817141914403442,0.8710635049024182,0.5873015873015873,0.4561768432495709,0.7099403576024554,0.4625,0.3502764265383983,0.5775824719951649,0.2125,0.3249999999999999,0.0,0.5
owlv2,218447,31468,56,broc laying sideways in center of photo,1,20,5,0,0.0,40,40,0.725,0.5611170928209519,0.8539910080361344,0.6551724137931034,0.4566942723320568,0.8206163507648881,0.475,0.3151197066349862,0.6387198647359378,0.275,0.25,0.0,80,0.7875,0.6817141914403442,0.8710635049024182,0.5873015873015873,0.4561768432495709,0.7099403576024554,0.4625,0.3502764265383983,0.5775824719951649,0.2125,0.3249999999999999,0.0,0.475
owlv2,55618,45176,1,green woman,1,7,5,1,0.771076750966274,5,5,0.8,0.2835820638819106,0.994949236620532,1.0,0.3976353643835254,1.0,0.8,0.2835820638819106,0.994949236620532,0.1999999999999999,0.0,0.0,80,0.925,0.8438720682639279,0.9719794538231588,1.0,0.9513723837620104,1.0,0.925,0.8438720682639279,0.9719794538231588,0.0749999999999999,0.0,0.0,0.8
owlv2,55618,45176,1,green woman,1,7,5,1,0.771076750966274,10,10,0.8,0.4439045376923585,0.9747892736731666,1.0,0.6305833524471808,1.0,0.8,0.4439045376923585,0.9747892736731666,0.1999999999999999,0.0,0.0,80,0.925,0.8438720682639279,0.9719794538231588,1.0,0.9513723837620104,1.0,0.925,0.8438720682639279,0.9719794538231588,0.0749999999999999,0.0,0.0,0.8
owlv2,55618,45176,1,green woman,1,7,5,1,0.771076750966274,20,20,0.85,0.6210731734546859,0.9679290628145364,1.0,0.8049356770309068,1.0,0.85,0.6210731734546859,0.9679290628145364,0.15,0.0,0.0,80,0.925,0.8438720682639279,0.9719794538231588,1.0,0.9513723837620104,1.0,0.925,0.8438720682639279,0.9719794538231588,0.0749999999999999,0.0,0.0,0.85
owlv2,55618,45176,1,green woman,1,7,5,1,0.771076750966274,40,40,0.9,0.7633626001239001,0.9720745847057808,1.0,0.902606244085508,1.0,0.9,0.7633626001239001,0.9720745847057808,0.0999999999999999,0.0,0.0,80,0.925,0.8438720682639279,0.9719794538231588,1.0,0.9513723837620104,1.0,0.925,0.8438720682639279,0.9719794538231588,0.0749999999999999,0.0,0.0,0.9
owlv2,226348,30735,1,cut out,0,0,0,0,0.0,5,0,0.0,,,,,,0.0,,,,,,0,0.0,,,,,,0.0,,,,,,0.0
owlv2,226348,30735,1,cut out,0,0,0,0,0.0,10,0,0.0,,,,,,0.0,,,,,,0,0.0,,,,,,0.0,,,,,,0.0
owlv2,226348,30735,1,cut out,0,0,0,0,0.0,20,0,0.0,,,,,,0.0,,,,,,0,0.0,,,,,,0.0,,,,,,0.0
owlv2,226348,30735,1,cut out,0,0,0,0,0.0,40,0,0.0,,,,,,0.0,,,,,,0,0.0,,,,,,0.0,,,,,,0.0
owlv2,226594,30712,1,girl pink pants,1,14,5,0,0.195570488036681,5,5,0.6,0.1466327996346731,0.9472550494736832,1.0,0.2924017738212867,1.0,0.6,0.1466327996346731,0.9472550494736832,0.4,0.0,0.0,80,0.9125,0.8279916615801152,0.9640936410104411,1.0,0.9507229391041409,1.0,0.9125,0.8279916615801152,0.9640936410104411,0.0875,0.0,0.0,0.6
owlv2,226594,30712,1,girl pink pants,1,14,5,0,0.195570488036681,10,10,0.6,0.2623780766069451,0.8784477418801728,1.0,0.5407418735600996,1.0,0.6,0.2623780766069451,0.8784477418801728,0.4,0.0,0.0,80,0.9125,0.8279916615801152,0.9640936410104411,1.0,0.9507229391041409,1.0,0.9125,0.8279916615801152,0.9640936410104411,0.0875,0.0,0.0,0.6
owlv2,226594,30712,1,girl pink pants,1,14,5,0,0.195570488036681,20,20,0.8,0.5633859970033317,0.9426660029499672,1.0,0.7940927857921773,1.0,0.8,0.5633859970033317,0.9426660029499672,0.1999999999999999,0.0,0.0,80,0.9125,0.8279916615801152,0.9640936410104411,1.0,0.9507229391041409,1.0,0.9125,0.8279916615801152,0.9640936410104411,0.0875,0.0,0.0,0.8
owlv2,226594,30712,1,girl pink pants,1,14,5,0,0.195570488036681,40,40,0.9,0.7633626001239001,0.9720745847057808,1.0,0.902606244085508,1.0,0.9,0.7633626001239001,0.9720745847057808,0.0999999999999999,0.0,0.0,80,0.9125,0.8279916615801152,0.9640936410104411,1.0,0.9507229391041409,1.0,0.9125,0.8279916615801152,0.9640936410104411,0.0875,0.0,0.0,0.9
owlv2,15750,48658,70,pink toilet left side third down,1,20,5,0,0.3568984258343885,5,5,1.0,0.4781762498950185,1.0,1.0,0.4781762498950185,1.0,1.0,0.4781762498950185,1.0,0.0,0.0,0.0,80,0.9875,0.9323122155360776,0.9996835774723672,0.9873417721518988,0.931480090513228,0.9996795727656956,0.975,0.9125928440694078,0.9969579138351904,0.0124999999999999,0.0124999999999999,1.0928757898653883e-16,1.0
owlv2,15750,48658,70,pink toilet left side third down,1,20,5,0,0.3568984258343885,10,10,1.0,0.6915028921812392,1.0,1.0,0.6915028921812392,1.0,1.0,0.6915028921812392,1.0,0.0,0.0,0.0,80,0.9875,0.9323122155360776,0.9996835774723672,0.9873417721518988,0.931480090513228,0.9996795727656956,0.975,0.9125928440694078,0.9969579138351904,0.0124999999999999,0.0124999999999999,1.0928757898653883e-16,1.0
owlv2,15750,48658,70,pink toilet left side third down,1,20,5,0,0.3568984258343885,20,20,1.0,0.8315665290169146,1.0,1.0,0.8315665290169146,1.0,1.0,0.8315665290169146,1.0,0.0,0.0,0.0,80,0.9875,0.9323122155360776,0.9996835774723672,0.9873417721518988,0.931480090513228,0.9996795727656956,0.975,0.9125928440694078,0.9969579138351904,0.0124999999999999,0.0124999999999999,1.0928757898653883e-16,1.0
owlv2,15750,48658,70,pink toilet left side third down,1,20,5,0,0.3568984258343885,40,40,1.0,0.9119026971211976,1.0,1.0,0.9119026971211976,1.0,1.0,0.9119026971211976,1.0,0.0,0.0,0.0,80,0.9875,0.9323122155360776,0.9996835774723672,0.9873417721518988,0.931480090513228,0.9996795727656956,0.975,0.9125928440694078,0.9969579138351904,0.0124999999999999,0.0124999999999999,1.0928757898653883e-16,1.0
owlv2,34810,47052,1,guy in black not jumping,1,14,5,0,0.0,5,5,1.0,0.4781762498950185,1.0,1.0,0.4781762498950185,1.0,1.0,0.4781762498950185,1.0,0.0,0.0,0.0,80,0.9625,0.8942980149834914,0.9921988127342832,0.987012987012987,0.9297529393524032,0.9996712513485894,0.95,0.876901263556847,0.9862106060235382,0.0374999999999999,0.0125,6.245004513516506e-17,1.0
owlv2,34810,47052,1,guy in black not jumping,1,14,5,0,0.0,10,10,1.0,0.6915028921812392,1.0,1.0,0.6915028921812392,1.0,1.0,0.6915028921812392,1.0,0.0,0.0,0.0,80,0.9625,0.8942980149834914,0.9921988127342832,0.987012987012987,0.9297529393524032,0.9996712513485894,0.95,0.876901263556847,0.9862106060235382,0.0374999999999999,0.0125,6.245004513516506e-17,1.0
owlv2,34810,47052,1,guy in black not jumping,1,14,5,0,0.0,20,20,1.0,0.8315665290169146,1.0,1.0,0.8315665290169146,1.0,1.0,0.8315665290169146,1.0,0.0,0.0,0.0,80,0.9625,0.8942980149834914,0.9921988127342832,0.987012987012987,0.9297529393524032,0.9996712513485894,0.95,0.876901263556847,0.9862106060235382,0.0374999999999999,0.0125,6.245004513516506e-17,1.0
owlv2,34810,47052,1,guy in black not jumping,1,14,5,0,0.0,40,40,1.0,0.9119026971211976,1.0,1.0,0.9119026971211976,1.0,1.0,0.9119026971211976,1.0,0.0,0.0,0.0,80,0.9625,0.8942980149834914,0.9921988127342832,0.987012987012987,0.9297529393524032,0.9996712513485894,0.95,0.876901263556847,0.9862106060235382,0.0374999999999999,0.0125,6.245004513516506e-17,1.0
owlv2,550760,2766,1,person on left,1,20,5,1,0.5089804304417475,5,5,1.0,0.4781762498950185,1.0,0.8,0.2835820638819106,0.994949236620532,0.8,0.2835820638819106,0.994949236620532,0.0,0.1999999999999999,0.0,80,1.0,0.9549359649323076,1.0,0.925,0.8438720682639279,0.9719794538231588,0.925,0.8438720682639279,0.9719794538231588,0.0,0.0749999999999999,0.0,0.8
owlv2,550760,2766,1,person on left,1,20,5,1,0.5089804304417475,10,10,1.0,0.6915028921812392,1.0,0.9,0.5549838829718046,0.9974714214555382,0.9,0.5549838829718046,0.9974714214555382,0.0,0.0999999999999999,0.0,80,1.0,0.9549359649323076,1.0,0.925,0.8438720682639279,0.9719794538231588,0.925,0.8438720682639279,0.9719794538231588,0.0,0.0749999999999999,0.0,0.9
owlv2,550760,2766,1,person on left,1,20,5,1,0.5089804304417475,20,20,1.0,0.8315665290169146,1.0,0.95,0.7512672372279723,0.9987349105020502,0.95,0.7512672372279723,0.9987349105020502,0.0,0.05,0.0,80,1.0,0.9549359649323076,1.0,0.925,0.8438720682639279,0.9719794538231588,0.925,0.8438720682639279,0.9719794538231588,0.0,0.0749999999999999,0.0,0.95
owlv2,550760,2766,1,person on left,1,20,5,1,0.5089804304417475,40,40,1.0,0.9119026971211976,1.0,0.9,0.7633626001239001,0.9720745847057808,0.9,0.7633626001239001,0.9720745847057808,0.0,0.0999999999999999,0.0,80,1.0,0.9549359649323076,1.0,0.925,0.8438720682639279,0.9719794538231588,0.925,0.8438720682639279,0.9719794538231588,0.0,0.0749999999999999,0.0,0.9
owlv2,52109,45518,1,red shirt,1,8,4,0,0.2995154825441321,5,5,0.2,0.005050763379468,0.7164179361180893,1.0,0.025,1.0,0.2,0.005050763379468,0.7164179361180893,0.8,0.0,0.0,80,0.625,0.5096452355928875,0.7308068300531951,0.98,0.8935304542885001,0.9994937720169592,0.6125,0.4969755425018991,0.7194348668752178,0.375,0.0125,5.551115123125783e-17,0.2
owlv2,52109,45518,1,red shirt,1,8,4,0,0.2995154825441321,10,10,0.4,0.1215522581198272,0.7376219233930549,1.0,0.3976353643835254,1.0,0.4,0.1215522581198272,0.7376219233930549,0.6,0.0,0.0,80,0.625,0.5096452355928875,0.7308068300531951,0.98,0.8935304542885001,0.9994937720169592,0.6125,0.4969755425018991,0.7194348668752178,0.375,0.0125,5.551115123125783e-17,0.4
owlv2,52109,45518,1,red shirt,1,8,4,0,0.2995154825441321,20,20,0.6,0.3605425873074897,0.8088099392746928,1.0,0.7353515306029488,1.0,0.6,0.3605425873074897,0.8088099392746928,0.4,0.0,0.0,80,0.625,0.5096452355928875,0.7308068300531951,0.98,0.8935304542885001,0.9994937720169592,0.6125,0.4969755425018991,0.7194348668752178,0.375,0.0125,5.551115123125783e-17,0.6
owlv2,52109,45518,1,red shirt,1,8,4,0,0.2995154825441321,40,40,0.575,0.4089005804269633,0.7295709687311371,1.0,0.8518148710847756,1.0,0.575,0.4089005804269633,0.7295709687311371,0.425,0.0,0.0,80,0.625,0.5096452355928875,0.7308068300531951,0.98,0.8935304542885001,0.9994937720169592,0.6125,0.4969755425018991,0.7194348668752178,0.375,0.0125,5.551115123125783e-17,0.575
owlv2,369805,18360,4,red motorcycle,1,20,5,1,0.8231647881800852,5,5,1.0,0.4781762498950185,1.0,1.0,0.4781762498950185,1.0,1.0,0.4781762498950185,1.0,0.0,0.0,0.0,80,0.9875,0.9323122155360776,0.9996835774723672,1.0,0.9543787472413888,1.0,0.9875,0.9323122155360776,0.9996835774723672,0.0124999999999999,0.0,0.0,1.0
owlv2,369805,18360,4,red motorcycle,1,20,5,1,0.8231647881800852,10,10,1.0,0.6915028921812392,1.0,1.0,0.6915028921812392,1.0,1.0,0.6915028921812392,1.0,0.0,0.0,0.0,80,0.9875,0.9323122155360776,0.9996835774723672,1.0,0.9543787472413888,1.0,0.9875,0.9323122155360776,0.9996835774723672,0.0124999999999999,0.0,0.0,1.0
owlv2,369805,18360,4,red motorcycle,1,20,5,1,0.8231647881800852,20,20,1.0,0.8315665290169146,1.0,1.0,0.8315665290169146,1.0,1.0,0.8315665290169146,1.0,0.0,0.0,0.0,80,0.9875,0.9323122155360776,0.9996835774723672,1.0,0.9543787472413888,1.0,0.9875,0.9323122155360776,0.9996835774723672,0.0124999999999999,0.0,0.0,1.0
owlv2,369805,18360,4,red motorcycle,1,20,5,1,0.8231647881800852,40,40,1.0,0.9119026971211976,1.0,1.0,0.9119026971211976,1.0,1.0,0.9119026971211976,1.0,0.0,0.0,0.0,80,0.9875,0.9323122155360776,0.9996835774723672,1.0,0.9543787472413888,1.0,0.9875,0.9323122155360776,0.9996835774723672,0.0124999999999999,0.0,0.0,1.0
owlv2,446670,11759,62,close chair,1,17,5,0,0.1821707759225726,5,5,1.0,0.4781762498950185,1.0,1.0,0.4781762498950185,1.0,1.0,0.4781762498950185,1.0,0.0,0.0,0.0,80,1.0,0.9549359649323076,1.0,0.975,0.9125928440694078,0.9969579138351904,0.975,0.9125928440694078,0.9969579138351904,0.0,0.025,0.0,1.0
owlv2,446670,11759,62,close chair,1,17,5,0,0.1821707759225726,10,10,1.0,0.6915028921812392,1.0,1.0,0.6915028921812392,1.0,1.0,0.6915028921812392,1.0,0.0,0.0,0.0,80,1.0,0.9549359649323076,1.0,0.975,0.9125928440694078,0.9969579138351904,0.975,0.9125928440694078,0.9969579138351904,0.0,0.025,0.0,1.0
owlv2,446670,11759,62,close chair,1,17,5,0,0.1821707759225726,20,20,1.0,0.8315665290169146,1.0,1.0,0.8315665290169146,1.0,1.0,0.8315665290169146,1.0,0.0,0.0,0.0,80,1.0,0.9549359649323076,1.0,0.975,0.9125928440694078,0.9969579138351904,0.975,0.9125928440694078,0.9969579138351904,0.0,0.025,0.0,1.0
owlv2,446670,11759,62,close chair,1,17,5,0,0.1821707759225726,40,40,1.0,0.9119026971211976,1.0,1.0,0.9119026971211976,1.0,1.0,0.9119026971211976,1.0,0.0,0.0,0.0,80,1.0,0.9549359649323076,1.0,0.975,0.9125928440694078,0.9969579138351904,0.975,0.9125928440694078,0.9969579138351904,0.0,0.025,0.0,1.0
owlv2,156258,36577,67,left side of table,1,20,5,0,0.3675641256831395,5,5,1.0,0.4781762498950185,1.0,1.0,0.4781762498950185,1.0,1.0,0.4781762498950185,1.0,0.0,0.0,0.0,80,1.0,0.9549359649323076,1.0,1.0,0.9549359649323076,1.0,1.0,0.9549359649323076,1.0,0.0,0.0,0.0,1.0
owlv2,156258,36577,67,left side of table,1,20,5,0,0.3675641256831395,10,10,1.0,0.6915028921812392,1.0,1.0,0.6915028921812392,1.0,1.0,0.6915028921812392,1.0,0.0,0.0,0.0,80,1.0,0.9549359649323076,1.0,1.0,0.9549359649323076,1.0,1.0,0.9549359649323076,1.0,0.0,0.0,0.0,1.0
owlv2,156258,36577,67,left side of table,1,20,5,0,0.3675641256831395,20,20,1.0,0.8315665290169146,1.0,1.0,0.8315665290169146,1.0,1.0,0.8315665290169146,1.0,0.0,0.0,0.0,80,1.0,0.9549359649323076,1.0,1.0,0.9549359649323076,1.0,1.0,0.9549359649323076,1.0,0.0,0.0,0.0,1.0
owlv2,156258,36577,67,left side of table,1,20,5,0,0.3675641256831395,40,40,1.0,0.9119026971211976,1.0,1.0,0.9119026971211976,1.0,1.0,0.9119026971211976,1.0,0.0,0.0,0.0,80,1.0,0.9549359649323076,1.0,1.0,0.9549359649323076,1.0,1.0,0.9549359649323076,1.0,0.0,0.0,0.0,1.0
owlv2,291493,25281,54,bottom sandwich,1,20,5,1,0.9113767140368824,5,5,1.0,0.4781762498950185,1.0,1.0,0.4781762498950185,1.0,1.0,0.4781762498950185,1.0,0.0,0.0,0.0,80,0.9625,0.8942980149834914,0.9921988127342832,0.987012987012987,0.9297529393524032,0.9996712513485894,0.95,0.876901263556847,0.9862106060235382,0.0374999999999999,0.0125,6.245004513516506e-17,1.0
owlv2,291493,25281,54,bottom sandwich,1,20,5,1,0.9113767140368824,10,10,1.0,0.6915028921812392,1.0,1.0,0.6915028921812392,1.0,1.0,0.6915028921812392,1.0,0.0,0.0,0.0,80,0.9625,0.8942980149834914,0.9921988127342832,0.987012987012987,0.9297529393524032,0.9996712513485894,0.95,0.876901263556847,0.9862106060235382,0.0374999999999999,0.0125,6.245004513516506e-17,1.0
owlv2,291493,25281,54,bottom sandwich,1,20,5,1,0.9113767140368824,20,20,1.0,0.8315665290169146,1.0,1.0,0.8315665290169146,1.0,1.0,0.8315665290169146,1.0,0.0,0.0,0.0,80,0.9625,0.8942980149834914,0.9921988127342832,0.987012987012987,0.9297529393524032,0.9996712513485894,0.95,0.876901263556847,0.9862106060235382,0.0374999999999999,0.0125,6.245004513516506e-17,1.0
owlv2,291493,25281,54,bottom sandwich,1,20,5,1,0.9113767140368824,40,40,1.0,0.9119026971211976,1.0,1.0,0.9119026971211976,1.0,1.0,0.9119026971211976,1.0,0.0,0.0,0.0,80,0.9625,0.8942980149834914,0.9921988127342832,0.987012987012987,0.9297529393524032,0.9996712513485894,0.95,0.876901263556847,0.9862106060235382,0.0374999999999999,0.0125,6.245004513516506e-17,1.0
owlv2,520831,5305,1,skier in red,1,20,5,0,0.0004714133816403,5,5,0.8,0.2835820638819106,0.994949236620532,0.75,0.1941204496832434,0.9936905367902902,0.6,0.1466327996346731,0.9472550494736832,0.1999999999999999,0.2,5.551115123125783e-17,80,0.75,0.64063652409315,0.8401203554931442,0.6833333333333333,0.5504403122359476,0.7974244928810281,0.5125,0.3981046687031854,0.625942518555561,0.25,0.2375,5.551115123125783e-17,0.6
owlv2,520831,5305,1,skier in red,1,20,5,0,0.0004714133816403,10,10,0.8,0.4439045376923585,0.9747892736731666,0.75,0.3491442055871758,0.9681459737500556,0.6,0.2623780766069451,0.8784477418801728,0.1999999999999999,0.2,5.551115123125783e-17,80,0.75,0.64063652409315,0.8401203554931442,0.6833333333333333,0.5504403122359476,0.7974244928810281,0.5125,0.3981046687031854,0.625942518555561,0.25,0.2375,5.551115123125783e-17,0.6
owlv2,520831,5305,1,skier in red,1,20,5,0,0.0004714133816403,20,20,0.8,0.5633859970033317,0.9426660029499672,0.6875,0.4133793635486414,0.8898300452828823,0.55,0.3152781330405486,0.7694221032240758,0.1999999999999999,0.25,0.0,80,0.75,0.64063652409315,0.8401203554931442,0.6833333333333333,0.5504403122359476,0.7974244928810281,0.5125,0.3981046687031854,0.625942518555561,0.25,0.2375,5.551115123125783e-17,0.55
owlv2,520831,5305,1,skier in red,1,20,5,0,0.0004714133816403,40,40,0.85,0.7016473331604236,0.942897741845474,0.6764705882352942,0.4947346991014954,0.8261165725060786,0.575,0.4089005804269633,0.7295709687311371,0.15,0.2749999999999999,5.551115123125783e-17,80,0.75,0.64063652409315,0.8401203554931442,0.6833333333333333,0.5504403122359476,0.7974244928810281,0.5125,0.3981046687031854,0.625942518555561,0.25,0.2375,5.551115123125783e-17,0.575
owlv2,83093,42773,1,boy in brown shirt,1,8,5,0,0.3026424444493649,5,5,1.0,0.4781762498950185,1.0,1.0,0.4781762498950185,1.0,1.0,0.4781762498950185,1.0,0.0,0.0,0.0,80,0.85,0.7526358884071023,0.9200184386902862,1.0,0.9471969572063602,1.0,0.85,0.7526358884071023,0.9200184386902862,0.15,0.0,0.0,1.0
owlv2,83093,42773,1,boy in brown shirt,1,8,5,0,0.3026424444493649,10,10,0.9,0.5549838829718046,0.9974714214555382,1.0,0.6637328831200572,1.0,0.9,0.5549838829718046,0.9974714214555382,0.0999999999999999,0.0,0.0,80,0.85,0.7526358884071023,0.9200184386902862,1.0,0.9471969572063602,1.0,0.85,0.7526358884071023,0.9200184386902862,0.15,0.0,0.0,0.9
owlv2,83093,42773,1,boy in brown shirt,1,8,5,0,0.3026424444493649,20,20,0.75,0.5089541282920425,0.9134285308985652,1.0,0.781980639089466,1.0,0.75,0.5089541282920425,0.9134285308985652,0.25,0.0,0.0,80,0.85,0.7526358884071023,0.9200184386902862,1.0,0.9471969572063602,1.0,0.85,0.7526358884071023,0.9200184386902862,0.15,0.0,0.0,0.75
owlv2,83093,42773,1,boy in brown shirt,1,8,5,0,0.3026424444493649,40,40,0.75,0.5880380198485702,0.873085201067155,1.0,0.8842966917779722,1.0,0.75,0.5880380198485702,0.873085201067155,0.25,0.0,0.0,80,0.85,0.7526358884071023,0.9200184386902862,1.0,0.9471969572063602,1.0,0.85,0.7526358884071023,0.9200184386902862,0.15,0.0,0.0,0.75
owlv2,458633,10693,21,blk cow,1,18,5,1,0.9210520865814108,5,5,1.0,0.4781762498950185,1.0,0.8,0.2835820638819106,0.994949236620532,0.8,0.2835820638819106,0.994949236620532,0.0,0.1999999999999999,0.0,80,1.0,0.9549359649323076,1.0,0.8125,0.7096721043523089,0.8910863118524706,0.8125,0.7096721043523089,0.8910863118524706,0.0,0.1875,0.0,0.8
owlv2,458633,10693,21,blk cow,1,18,5,1,0.9210520865814108,10,10,1.0,0.6915028921812392,1.0,0.8,0.4439045376923585,0.9747892736731666,0.8,0.4439045376923585,0.9747892736731666,0.0,0.1999999999999999,0.0,80,1.0,0.9549359649323076,1.0,0.8125,0.7096721043523089,0.8910863118524706,0.8125,0.7096721043523089,0.8910863118524706,0.0,0.1875,0.0,0.8
owlv2,458633,10693,21,blk cow,1,18,5,1,0.9210520865814108,20,20,1.0,0.8315665290169146,1.0,0.8,0.5633859970033317,0.9426660029499672,0.8,0.5633859970033317,0.9426660029499672,0.0,0.1999999999999999,0.0,80,1.0,0.9549359649323076,1.0,0.8125,0.7096721043523089,0.8910863118524706,0.8125,0.7096721043523089,0.8910863118524706,0.0,0.1875,0.0,0.8
owlv2,458633,10693,21,blk cow,1,18,5,1,0.9210520865814108,40,40,1.0,0.9119026971211976,1.0,0.825,0.6722098666384142,0.9266172706479148,0.825,0.6722098666384142,0.9266172706479148,0.0,0.175,0.0,80,1.0,0.9549359649323076,1.0,0.8125,0.7096721043523089,0.8910863118524706,0.8125,0.7096721043523089,0.8910863118524706,0.0,0.1875,0.0,0.825
owlv2,77417,43254,72,left monitor,1,20,5,0,0.0208481655423476,5,5,1.0,0.4781762498950185,1.0,1.0,0.4781762498950185,1.0,1.0,0.4781762498950185,1.0,0.0,0.0,0.0,80,1.0,0.9549359649323076,1.0,0.975,0.9125928440694078,0.9969579138351904,0.975,0.9125928440694078,0.9969579138351904,0.0,0.025,0.0,1.0
owlv2,77417,43254,72,left monitor,1,20,5,0,0.0208481655423476,10,10,1.0,0.6915028921812392,1.0,0.9,0.5549838829718046,0.9974714214555382,0.9,0.5549838829718046,0.9974714214555382,0.0,0.0999999999999999,0.0,80,1.0,0.9549359649323076,1.0,0.975,0.9125928440694078,0.9969579138351904,0.975,0.9125928440694078,0.9969579138351904,0.0,0.025,0.0,0.9
owlv2,77417,43254,72,left monitor,1,20,5,0,0.0208481655423476,20,20,1.0,0.8315665290169146,1.0,0.9,0.6830172859809176,0.9876514728297052,0.9,0.6830172859809176,0.9876514728297052,0.0,0.0999999999999999,0.0,80,1.0,0.9549359649323076,1.0,0.975,0.9125928440694078,0.9969579138351904,0.975,0.9125928440694078,0.9969579138351904,0.0,0.025,0.0,0.9
owlv2,77417,43254,72,left monitor,1,20,5,0,0.0208481655423476,40,40,1.0,0.9119026971211976,1.0,0.925,0.796135251267101,0.9842578201489584,0.925,0.796135251267101,0.9842578201489584,0.0,0.0749999999999999,0.0,80,1.0,0.9549359649323076,1.0,0.975,0.9125928440694078,0.9969579138351904,0.975,0.9125928440694078,0.9969579138351904,0.0,0.025,0.0,0.925
owlv2,184835,34252,1,dude sitting with face covered in black,1,20,5,1,0.8495508435388874,5,5,1.0,0.4781762498950185,1.0,0.8,0.2835820638819106,0.994949236620532,0.8,0.2835820638819106,0.994949236620532,0.0,0.1999999999999999,0.0,80,0.8125,0.7096721043523089,0.8910863118524706,0.7384615384615385,0.6146062633703777,0.8396712447265423,0.6,0.4843769404954894,0.7079906437446896,0.1875,0.2124999999999999,5.551115123125783e-17,0.8
owlv2,184835,34252,1,dude sitting with face covered in black,1,20,5,1,0.8495508435388874,10,10,1.0,0.6915028921812392,1.0,0.7,0.3475471499400027,0.9332604888222656,0.7,0.3475471499400027,0.9332604888222656,0.0,0.3,0.0,80,0.8125,0.7096721043523089,0.8910863118524706,0.7384615384615385,0.6146062633703777,0.8396712447265423,0.6,0.4843769404954894,0.7079906437446896,0.1875,0.2124999999999999,5.551115123125783e-17,0.7
owlv2,184835,34252,1,dude sitting with face covered in black,1,20,5,1,0.8495508435388874,20,20,0.8,0.5633859970033317,0.9426660029499672,0.6875,0.4133793635486414,0.8898300452828823,0.55,0.3152781330405486,0.7694221032240758,0.1999999999999999,0.25,0.0,80,0.8125,0.7096721043523089,0.8910863118524706,0.7384615384615385,0.6146062633703777,0.8396712447265423,0.6,0.4843769404954894,0.7079906437446896,0.1875,0.2124999999999999,5.551115123125783e-17,0.55
owlv2,184835,34252,1,dude sitting with face covered in black,1,20,5,1,0.8495508435388874,40,40,0.875,0.7319670826382796,0.9581403738613832,0.7142857142857143,0.5369553554455799,0.8536452547209407,0.625,0.4580147522326109,0.772737277518174,0.125,0.25,0.0,80,0.8125,0.7096721043523089,0.8910863118524706,0.7384615384615385,0.6146062633703777,0.8396712447265423,0.6,0.4843769404954894,0.7079906437446896,0.1875,0.2124999999999999,5.551115123125783e-17,0.625
owlv2,35995,46945,1,man in a tie,1,20,5,0,0.0875003030929737,5,5,0.8,0.2835820638819106,0.994949236620532,1.0,0.3976353643835254,1.0,0.8,0.2835820638819106,0.994949236620532,0.1999999999999999,0.0,0.0,80,0.7875,0.6817141914403442,0.8710635049024182,1.0,0.9431276476679836,1.0,0.7875,0.6817141914403442,0.8710635049024182,0.2125,0.0,0.0,0.8
owlv2,35995,46945,1,man in a tie,1,20,5,0,0.0875003030929737,10,10,0.7,0.3475471499400027,0.9332604888222656,0.8571428571428571,0.4212768029568048,0.9963897031380994,0.6,0.2623780766069451,0.8784477418801728,0.3,0.1,5.551115123125783e-17,80,0.7875,0.6817141914403442,0.8710635049024182,1.0,0.9431276476679836,1.0,0.7875,0.6817141914403442,0.8710635049024182,0.2125,0.0,0.0,0.6
owlv2,35995,46945,1,man in a tie,1,20,5,0,0.0875003030929737,20,20,0.8,0.5633859970033317,0.9426660029499672,0.9375,0.6976792615654681,0.998418888277234,0.75,0.5089541282920425,0.9134285308985652,0.1999999999999999,0.05,4.163336342344337e-17,80,0.7875,0.6817141914403442,0.8710635049024182,1.0,0.9431276476679836,1.0,0.7875,0.6817141914403442,0.8710635049024182,0.2125,0.0,0.0,0.75
owlv2,35995,46945,1,man in a tie,1,20,5,0,0.0875003030929737,40,40,0.8,0.6435219813207653,0.9094775906000092,0.96875,0.8378290058184885,0.9992091314020476,0.775,0.6154883226965773,0.891603361015928,0.1999999999999999,0.025,2.0816681711721685e-17,80,0.7875,0.6817141914403442,0.8710635049024182,1.0,0.9431276476679836,1.0,0.7875,0.6817141914403442,0.8710635049024182,0.2125,0.0,0.0,0.775
owlv2,103430,40996,58,bottom right bun,1,20,5,0,0.0,5,5,1.0,0.4781762498950185,1.0,1.0,0.4781762498950185,1.0,1.0,0.4781762498950185,1.0,0.0,0.0,0.0,80,1.0,0.9549359649323076,1.0,0.875,0.7821108659305637,0.9383979034415656,0.875,0.7821108659305637,0.9383979034415656,0.0,0.125,0.0,1.0
owlv2,103430,40996,58,bottom right bun,1,20,5,0,0.0,10,10,1.0,0.6915028921812392,1.0,0.9,0.5549838829718046,0.9974714214555382,0.9,0.5549838829718046,0.9974714214555382,0.0,0.0999999999999999,0.0,80,1.0,0.9549359649323076,1.0,0.875,0.7821108659305637,0.9383979034415656,0.875,0.7821108659305637,0.9383979034415656,0.0,0.125,0.0,0.9
owlv2,103430,40996,58,bottom right bun,1,20,5,0,0.0,20,20,1.0,0.8315665290169146,1.0,0.95,0.7512672372279723,0.9987349105020502,0.95,0.7512672372279723,0.9987349105020502,0.0,0.05,0.0,80,1.0,0.9549359649323076,1.0,0.875,0.7821108659305637,0.9383979034415656,0.875,0.7821108659305637,0.9383979034415656,0.0,0.125,0.0,0.95
owlv2,103430,40996,58,bottom right bun,1,20,5,0,0.0,40,40,1.0,0.9119026971211976,1.0,0.875,0.7319670826382796,0.9581403738613832,0.875,0.7319670826382796,0.9581403738613832,0.0,0.125,0.0,80,1.0,0.9549359649323076,1.0,0.875,0.7821108659305637,0.9383979034415656,0.875,0.7821108659305637,0.9383979034415656,0.0,0.125,0.0,0.875
owlv2,340971,20658,62,white chair bottom left,1,20,5,1,0.9268005164107728,5,5,1.0,0.4781762498950185,1.0,1.0,0.4781762498950185,1.0,1.0,0.4781762498950185,1.0,0.0,0.0,0.0,80,1.0,0.9549359649323076,1.0,0.95,0.876901263556847,0.9862106060235382,0.95,0.876901263556847,0.9862106060235382,0.0,0.05,0.0,1.0
owlv2,340971,20658,62,white chair bottom left,1,20,5,1,0.9268005164107728,10,10,1.0,0.6915028921812392,1.0,1.0,0.6915028921812392,1.0,1.0,0.6915028921812392,1.0,0.0,0.0,0.0,80,1.0,0.9549359649323076,1.0,0.95,0.876901263556847,0.9862106060235382,0.95,0.876901263556847,0.9862106060235382,0.0,0.05,0.0,1.0
owlv2,340971,20658,62,white chair bottom left,1,20,5,1,0.9268005164107728,20,20,1.0,0.8315665290169146,1.0,1.0,0.8315665290169146,1.0,1.0,0.8315665290169146,1.0,0.0,0.0,0.0,80,1.0,0.9549359649323076,1.0,0.95,0.876901263556847,0.9862106060235382,0.95,0.876901263556847,0.9862106060235382,0.0,0.05,0.0,1.0
owlv2,340971,20658,62,white chair bottom left,1,20,5,1,0.9268005164107728,40,40,1.0,0.9119026971211976,1.0,0.95,0.8308031360405824,0.9938863534006492,0.95,0.8308031360405824,0.9938863534006492,0.0,0.05,0.0,80,1.0,0.9549359649323076,1.0,0.95,0.876901263556847,0.9862106060235382,0.95,0.876901263556847,0.9862106060235382,0.0,0.05,0.0,0.95
owlv2,97939,41436,1,girl with phone,1,20,5,0,0.02170216632225,5,5,0.8,0.2835820638819106,0.994949236620532,1.0,0.3976353643835254,1.0,0.8,0.2835820638819106,0.994949236620532,0.1999999999999999,0.0,0.0,80,0.775,0.6679136799387491,0.8608627895010682,1.0,0.942237365570709,1.0,0.775,0.6679136799387491,0.8608627895010682,0.2249999999999999,0.0,0.0,0.8
owlv2,97939,41436,1,girl with phone,1,20,5,0,0.02170216632225,10,10,0.9,0.5549838829718046,0.9974714214555382,1.0,0.6637328831200572,1.0,0.9,0.5549838829718046,0.9974714214555382,0.0999999999999999,0.0,0.0,80,0.775,0.6679136799387491,0.8608627895010682,1.0,0.942237365570709,1.0,0.775,0.6679136799387491,0.8608627895010682,0.2249999999999999,0.0,0.0,0.9
owlv2,97939,41436,1,girl with phone,1,20,5,0,0.02170216632225,20,20,0.85,0.6210731734546859,0.9679290628145364,1.0,0.8049356770309068,1.0,0.85,0.6210731734546859,0.9679290628145364,0.15,0.0,0.0,80,0.775,0.6679136799387491,0.8608627895010682,1.0,0.942237365570709,1.0,0.775,0.6679136799387491,0.8608627895010682,0.2249999999999999,0.0,0.0,0.85
owlv2,97939,41436,1,girl with phone,1,20,5,0,0.02170216632225,40,40,0.825,0.6722098666384142,0.9266172706479148,1.0,0.8942371899254207,1.0,0.825,0.6722098666384142,0.9266172706479148,0.175,0.0,0.0,80,0.775,0.6679136799387491,0.8608627895010682,1.0,0.942237365570709,1.0,0.775,0.6679136799387491,0.8608627895010682,0.2249999999999999,0.0,0.0,0.825
owlv2,199640,33072,4,click the motorcycle that the girl with the pink shirt is riding,1,20,5,0,0.2406128663477262,5,5,1.0,0.4781762498950185,1.0,1.0,0.4781762498950185,1.0,1.0,0.4781762498950185,1.0,0.0,0.0,0.0,80,0.9625,0.8942980149834914,0.9921988127342832,0.7662337662337663,0.6559432141191216,0.855182936995653,0.7375,0.6271491697875681,0.8295907488995917,0.0374999999999999,0.2249999999999999,0.0,1.0
owlv2,199640,33072,4,click the motorcycle that the girl with the pink shirt is riding,1,20,5,0,0.2406128663477262,10,10,1.0,0.6915028921812392,1.0,1.0,0.6915028921812392,1.0,1.0,0.6915028921812392,1.0,0.0,0.0,0.0,80,0.9625,0.8942980149834914,0.9921988127342832,0.7662337662337663,0.6559432141191216,0.855182936995653,0.7375,0.6271491697875681,0.8295907488995917,0.0374999999999999,0.2249999999999999,0.0,1.0
owlv2,199640,33072,4,click the motorcycle that the girl with the pink shirt is riding,1,20,5,0,0.2406128663477262,20,20,1.0,0.8315665290169146,1.0,1.0,0.8315665290169146,1.0,1.0,0.8315665290169146,1.0,0.0,0.0,0.0,80,0.9625,0.8942980149834914,0.9921988127342832,0.7662337662337663,0.6559432141191216,0.855182936995653,0.7375,0.6271491697875681,0.8295907488995917,0.0374999999999999,0.2249999999999999,0.0,1.0
owlv2,199640,33072,4,click the motorcycle that the girl with the pink shirt is riding,1,20,5,0,0.2406128663477262,40,40,1.0,0.9119026971211976,1.0,0.925,0.796135251267101,0.9842578201489584,0.925,0.796135251267101,0.9842578201489584,0.0,0.0749999999999999,0.0,80,0.9625,0.8942980149834914,0.9921988127342832,0.7662337662337663,0.6559432141191216,0.855182936995653,0.7375,0.6271491697875681,0.8295907488995917,0.0374999999999999,0.2249999999999999,0.0,0.925
owlv2,124030,39320,25,giraffe background,1,20,5,1,0.6669014287865114,5,5,1.0,0.4781762498950185,1.0,1.0,0.4781762498950185,1.0,1.0,0.4781762498950185,1.0,0.0,0.0,0.0,80,0.7875,0.6817141914403442,0.8710635049024182,0.7777777777777778,0.6553558462956381,0.8728492567468735,0.6125,0.4969755425018991,0.7194348668752178,0.2125,0.175,5.551115123125783e-17,1.0
owlv2,124030,39320,25,giraffe background,1,20,5,1,0.6669014287865114,10,10,0.9,0.5549838829718046,0.9974714214555382,1.0,0.6637328831200572,1.0,0.9,0.5549838829718046,0.9974714214555382,0.0999999999999999,0.0,0.0,80,0.7875,0.6817141914403442,0.8710635049024182,0.7777777777777778,0.6553558462956381,0.8728492567468735,0.6125,0.4969755425018991,0.7194348668752178,0.2125,0.175,5.551115123125783e-17,0.9
owlv2,124030,39320,25,giraffe background,1,20,5,1,0.6669014287865114,20,20,0.9,0.6830172859809176,0.9876514728297052,0.8888888888888888,0.6528795613913279,0.9862487843356356,0.8,0.5633859970033317,0.9426660029499672,0.0999999999999999,0.1,6.938893903907227e-17,80,0.7875,0.6817141914403442,0.8710635049024182,0.7777777777777778,0.6553558462956381,0.8728492567468735,0.6125,0.4969755425018991,0.7194348668752178,0.2125,0.175,5.551115123125783e-17,0.8
owlv2,124030,39320,25,giraffe background,1,20,5,1,0.6669014287865114,40,40,0.875,0.7319670826382796,0.9581403738613832,0.7714285714285715,0.5986367438926853,0.8957895680521848,0.675,0.5087051245215516,0.8142710332366501,0.125,0.1999999999999999,0.0,80,0.7875,0.6817141914403442,0.8710635049024182,0.7777777777777778,0.6553558462956381,0.8728492567468735,0.6125,0.4969755425018991,0.7194348668752178,0.2125,0.175,5.551115123125783e-17,0.675
owlv2,298481,24663,62,left chair back facing us,1,20,5,0,0.0,5,5,1.0,0.4781762498950185,1.0,0.6,0.1466327996346731,0.9472550494736832,0.6,0.1466327996346731,0.9472550494736832,0.0,0.4,0.0,80,1.0,0.9549359649323076,1.0,0.35,0.2466719364725351,0.4647968854793358,0.35,0.2466719364725351,0.4647968854793358,0.0,0.65,0.0,0.6
owlv2,298481,24663,62,left chair back facing us,1,20,5,0,0.0,10,10,1.0,0.6915028921812392,1.0,0.4,0.1215522581198272,0.7376219233930549,0.4,0.1215522581198272,0.7376219233930549,0.0,0.6,0.0,80,1.0,0.9549359649323076,1.0,0.35,0.2466719364725351,0.4647968854793358,0.35,0.2466719364725351,0.4647968854793358,0.0,0.65,0.0,0.4
owlv2,298481,24663,62,left chair back facing us,1,20,5,0,0.0,20,20,1.0,0.8315665290169146,1.0,0.35,0.1539092047845411,0.5921885345328282,0.35,0.1539092047845411,0.5921885345328282,0.0,0.65,0.0,80,1.0,0.9549359649323076,1.0,0.35,0.2466719364725351,0.4647968854793358,0.35,0.2466719364725351,0.4647968854793358,0.0,0.65,0.0,0.35
owlv2,298481,24663,62,left chair back facing us,1,20,5,0,0.0,40,40,1.0,0.9119026971211976,1.0,0.375,0.2272627224818259,0.5419852477673891,0.375,0.2272627224818259,0.5419852477673891,0.0,0.625,0.0,80,1.0,0.9549359649323076,1.0,0.35,0.2466719364725351,0.4647968854793358,0.35,0.2466719364725351,0.4647968854793358,0.0,0.65,0.0,0.375
owlv2,481804,8752,1,reclining boy in back,1,20,5,0,0.0649651991682395,5,5,1.0,0.4781762498950185,1.0,0.8,0.2835820638819106,0.994949236620532,0.8,0.2835820638819106,0.994949236620532,0.0,0.1999999999999999,0.0,80,0.95,0.876901263556847,0.9862106060235382,0.881578947368421,0.7870667555059112,0.9443957918485748,0.8375,0.7381631061748872,0.9105383582774708,0.05,0.1125,9.714451465470121e-17,0.8
owlv2,481804,8752,1,reclining boy in back,1,20,5,0,0.0649651991682395,10,10,0.9,0.5549838829718046,0.9974714214555382,0.8888888888888888,0.517503485082663,0.9971908632534008,0.8,0.4439045376923585,0.9747892736731666,0.0999999999999999,0.1,6.938893903907227e-17,80,0.95,0.876901263556847,0.9862106060235382,0.881578947368421,0.7870667555059112,0.9443957918485748,0.8375,0.7381631061748872,0.9105383582774708,0.05,0.1125,9.714451465470121e-17,0.8
owlv2,481804,8752,1,reclining boy in back,1,20,5,0,0.0649651991682395,20,20,0.95,0.7512672372279723,0.9987349105020502,0.8421052631578947,0.6042154487333258,0.9661737509982352,0.8,0.5633859970033317,0.9426660029499672,0.05,0.15,1.3877787807814454e-16,80,0.95,0.876901263556847,0.9862106060235382,0.881578947368421,0.7870667555059112,0.9443957918485748,0.8375,0.7381631061748872,0.9105383582774708,0.05,0.1125,9.714451465470121e-17,0.8
owlv2,481804,8752,1,reclining boy in back,1,20,5,0,0.0649651991682395,40,40,0.9,0.7633626001239001,0.9720745847057808,0.8888888888888888,0.7393890794891709,0.9688838600549848,0.8,0.6435219813207653,0.9094775906000092,0.0999999999999999,0.1,6.938893903907227e-17,80,0.95,0.876901263556847,0.9862106060235382,0.881578947368421,0.7870667555059112,0.9443957918485748,0.8375,0.7381631061748872,0.9105383582774708,0.05,0.1125,9.714451465470121e-17,0.8
owlv2,24026,47963,1,left the hand,1,20,5,0,0.2621025444867482,5,5,1.0,0.4781762498950185,1.0,0.0,0.0,0.5218237501049814,0.0,0.0,0.5218237501049814,0.0,1.0,0.0,80,1.0,0.9549359649323076,1.0,0.2625,0.1704092511004082,0.3728508302124319,0.2625,0.1704092511004082,0.3728508302124319,0.0,0.7375,0.0,0.0
owlv2,24026,47963,1,left the hand,1,20,5,0,0.2621025444867482,10,10,1.0,0.6915028921812392,1.0,0.0,0.0,0.3084971078187608,0.0,0.0,0.3084971078187608,0.0,1.0,0.0,80,1.0,0.9549359649323076,1.0,0.2625,0.1704092511004082,0.3728508302124319,0.2625,0.1704092511004082,0.3728508302124319,0.0,0.7375,0.0,0.0
owlv2,24026,47963,1,left the hand,1,20,5,0,0.2621025444867482,20,20,0.95,0.7512672372279723,0.9987349105020502,0.0526315789473684,0.0013316288041794,0.2602806541952141,0.05,0.0012650894979498,0.2487327627720276,0.05,0.9,1.1102230246251563e-16,80,1.0,0.9549359649323076,1.0,0.2625,0.1704092511004082,0.3728508302124319,0.2625,0.1704092511004082,0.3728508302124319,0.0,0.7375,0.0,0.05
owlv2,24026,47963,1,left the hand,1,20,5,0,0.2621025444867482,40,40,0.95,0.8308031360405824,0.9938863534006492,0.1052631578947368,0.0294345174457877,0.2480493792170219,0.1,0.0279254152942193,0.2366373998760999,0.05,0.85,0.0,80,1.0,0.9549359649323076,1.0,0.2625,0.1704092511004082,0.3728508302124319,0.2625,0.1704092511004082,0.3728508302124319,0.0,0.7375,0.0,0.1
owlv2,391088,16582,60,chocalate doughnut,1,20,5,1,0.9890762571549532,5,5,1.0,0.4781762498950185,1.0,1.0,0.4781762498950185,1.0,1.0,0.4781762498950185,1.0,0.0,0.0,0.0,80,1.0,0.9549359649323076,1.0,1.0,0.9549359649323076,1.0,1.0,0.9549359649323076,1.0,0.0,0.0,0.0,1.0
owlv2,391088,16582,60,chocalate doughnut,1,20,5,1,0.9890762571549532,10,10,1.0,0.6915028921812392,1.0,1.0,0.6915028921812392,1.0,1.0,0.6915028921812392,1.0,0.0,0.0,0.0,80,1.0,0.9549359649323076,1.0,1.0,0.9549359649323076,1.0,1.0,0.9549359649323076,1.0,0.0,0.0,0.0,1.0
owlv2,391088,16582,60,chocalate doughnut,1,20,5,1,0.9890762571549532,20,20,1.0,0.8315665290169146,1.0,1.0,0.8315665290169146,1.0,1.0,0.8315665290169146,1.0,0.0,0.0,0.0,80,1.0,0.9549359649323076,1.0,1.0,0.9549359649323076,1.0,1.0,0.9549359649323076,1.0,0.0,0.0,0.0,1.0
owlv2,391088,16582,60,chocalate doughnut,1,20,5,1,0.9890762571549532,40,40,1.0,0.9119026971211976,1.0,1.0,0.9119026971211976,1.0,1.0,0.9119026971211976,1.0,0.0,0.0,0.0,80,1.0,0.9549359649323076,1.0,1.0,0.9549359649323076,1.0,1.0,0.9549359649323076,1.0,0.0,0.0,0.0,1.0
owlv2,152556,36857,1,main girl,1,20,5,0,0.0,5,5,1.0,0.4781762498950185,1.0,0.8,0.2835820638819106,0.994949236620532,0.8,0.2835820638819106,0.994949236620532,0.0,0.1999999999999999,0.0,80,1.0,0.9549359649323076,1.0,0.575,0.4593888114309382,0.6848902345476577,0.575,0.4593888114309382,0.6848902345476577,0.0,0.425,0.0,0.8
owlv2,152556,36857,1,main girl,1,20,5,0,0.0,10,10,1.0,0.6915028921812392,1.0,0.8,0.4439045376923585,0.9747892736731666,0.8,0.4439045376923585,0.9747892736731666,0.0,0.1999999999999999,0.0,80,1.0,0.9549359649323076,1.0,0.575,0.4593888114309382,0.6848902345476577,0.575,0.4593888114309382,0.6848902345476577,0.0,0.425,0.0,0.8
owlv2,152556,36857,1,main girl,1,20,5,0,0.0,20,20,1.0,0.8315665290169146,1.0,0.7,0.4572108177237109,0.8810684095942722,0.7,0.4572108177237109,0.8810684095942722,0.0,0.3,0.0,80,1.0,0.9549359649323076,1.0,0.575,0.4593888114309382,0.6848902345476577,0.575,0.4593888114309382,0.6848902345476577,0.0,0.425,0.0,0.7
owlv2,152556,36857,1,main girl,1,20,5,0,0.0,40,40,1.0,0.9119026971211976,1.0,0.6,0.4332670521932967,0.7513500134122563,0.6,0.4332670521932967,0.7513500134122563,0.0,0.4,0.0,80,1.0,0.9549359649323076,1.0,0.575,0.4593888114309382,0.6848902345476577,0.575,0.4593888114309382,0.6848902345476577,0.0,0.425,0.0,0.6
owlv2,498639,7265,1,girl sitting in back,1,20,5,0,0.0480403398304037,5,5,1.0,0.4781762498950185,1.0,1.0,0.4781762498950185,1.0,1.0,0.4781762498950185,1.0,0.0,0.0,0.0,80,0.575,0.4593888114309382,0.6848902345476577,0.8260869565217391,0.6858093499247007,0.921796576193647,0.475,0.3621335816771526,0.5897721586232294,0.425,0.0999999999999999,1.3877787807814457e-17,1.0
owlv2,498639,7265,1,girl sitting in back,1,20,5,0,0.0480403398304037,10,10,0.9,0.5549838829718046,0.9974714214555382,0.7777777777777778,0.3999064262836879,0.9718550265221018,0.7,0.3475471499400027,0.9332604888222656,0.0999999999999999,0.1999999999999999,8.326672684688674e-17,80,0.575,0.4593888114309382,0.6848902345476577,0.8260869565217391,0.6858093499247007,0.921796576193647,0.475,0.3621335816771526,0.5897721586232294,0.425,0.0999999999999999,1.3877787807814457e-17,0.7
owlv2,498639,7265,1,girl sitting in back,1,20,5,0,0.0480403398304037,20,20,0.65,0.4078114654671719,0.8460907952154588,0.8461538461538461,0.5455289443234423,0.9807933280174717,0.55,0.3152781330405486,0.7694221032240758,0.35,0.1,2.775557561562892e-17,80,0.575,0.4593888114309382,0.6848902345476577,0.8260869565217391,0.6858093499247007,0.921796576193647,0.475,0.3621335816771526,0.5897721586232294,0.425,0.0999999999999999,1.3877787807814457e-17,0.55
owlv2,498639,7265,1,girl sitting in back,1,20,5,0,0.0480403398304037,40,40,0.65,0.4831555463510094,0.793717509129233,0.9230769230769232,0.7486970833046261,0.9905446089962872,0.6,0.4332670521932967,0.7513500134122563,0.35,0.0499999999999999,7.63278329429795e-17,80,0.575,0.4593888114309382,0.6848902345476577,0.8260869565217391,0.6858093499247007,0.921796576193647,0.475,0.3621335816771526,0.5897721586232294,0.425,0.0999999999999999,1.3877787807814457e-17,0.6
owlv2,472954,9478,1,man in blue,1,5,5,1,0.9528104167350367,5,5,0.4,0.0527449505263169,0.8533672003653268,1.0,0.158113883008419,1.0,0.4,0.0527449505263169,0.8533672003653268,0.6,0.0,0.0,80,0.3875,0.2805651331247821,0.5030244574981009,1.0,0.8878112530776301,1.0,0.3875,0.2805651331247821,0.5030244574981009,0.6125,0.0,0.0,0.4
owlv2,472954,9478,1,man in blue,1,5,5,1,0.9528104167350367,10,10,0.3,0.0667395111777345,0.6524528500599973,1.0,0.2924017738212867,1.0,0.3,0.0667395111777345,0.6524528500599973,0.7,0.0,0.0,80,0.3875,0.2805651331247821,0.5030244574981009,1.0,0.8878112530776301,1.0,0.3875,0.2805651331247821,0.5030244574981009,0.6125,0.0,0.0,0.3
owlv2,472954,9478,1,man in blue,1,5,5,1,0.9528104167350367,20,20,0.25,0.0865714691014346,0.4910458717079575,1.0,0.4781762498950185,1.0,0.25,0.0865714691014346,0.4910458717079575,0.75,0.0,0.0,80,0.3875,0.2805651331247821,0.5030244574981009,1.0,0.8878112530776301,1.0,0.3875,0.2805651331247821,0.5030244574981009,0.6125,0.0,0.0,0.25
owlv2,472954,9478,1,man in blue,1,5,5,1,0.9528104167350367,40,40,0.325,0.1857289667633498,0.4912948754784484,1.0,0.752947361999529,1.0,0.325,0.1857289667633498,0.4912948754784484,0.675,0.0,0.0,80,0.3875,0.2805651331247821,0.5030244574981009,1.0,0.8878112530776301,1.0,0.3875,0.2805651331247821,0.5030244574981009,0.6125,0.0,0.0,0.325
owlv2,410845,14864,51,bowl bottom left corner,1,20,5,0,0.0,5,5,1.0,0.4781762498950185,1.0,0.4,0.0527449505263169,0.8533672003653268,0.4,0.0527449505263169,0.8533672003653268,0.0,0.6,0.0,80,0.9375,0.8601429247023609,0.9793969276979898,0.6666666666666666,0.5483485836606962,0.7713679382849695,0.625,0.5096452355928875,0.7308068300531951,0.0625,0.3125,5.551115123125783e-17,0.4
owlv2,410845,14864,51,bowl bottom left corner,1,20,5,0,0.0,10,10,0.9,0.5549838829718046,0.9974714214555382,0.6666666666666666,0.2992950562085404,0.9251453685803082,0.6,0.2623780766069451,0.8784477418801728,0.0999999999999999,0.3,0.0,80,0.9375,0.8601429247023609,0.9793969276979898,0.6666666666666666,0.5483485836606962,0.7713679382849695,0.625,0.5096452355928875,0.7308068300531951,0.0625,0.3125,5.551115123125783e-17,0.6
owlv2,410845,14864,51,bowl bottom left corner,1,20,5,0,0.0,20,20,0.95,0.7512672372279723,0.9987349105020502,0.631578947368421,0.3835779233144053,0.8371141278449004,0.6,0.3605425873074897,0.8088099392746928,0.05,0.35,5.551115123125783e-17,80,0.9375,0.8601429247023609,0.9793969276979898,0.6666666666666666,0.5483485836606962,0.7713679382849695,0.625,0.5096452355928875,0.7308068300531951,0.0625,0.3125,5.551115123125783e-17,0.6
owlv2,410845,14864,51,bowl bottom left corner,1,20,5,0,0.0,40,40,0.975,0.8684141415172343,0.9993672550679504,0.6410256410256411,0.471795113625412,0.7879628144392001,0.625,0.4580147522326109,0.772737277518174,0.025,0.3499999999999999,5.551115123125783e-17,80,0.9375,0.8601429247023609,0.9793969276979898,0.6666666666666666,0.5483485836606962,0.7713679382849695,0.625,0.5096452355928875,0.7308068300531951,0.0625,0.3125,5.551115123125783e-17,0.625
owlv2,223909,30957,25,left giraffe,1,6,5,1,0.8997598686731195,5,5,1.0,0.4781762498950185,1.0,1.0,0.4781762498950185,1.0,1.0,0.4781762498950185,1.0,0.0,0.0,0.0,80,0.975,0.9125928440694078,0.9969579138351904,1.0,0.9538075796719512,1.0,0.975,0.9125928440694078,0.9969579138351904,0.025,0.0,0.0,1.0
owlv2,223909,30957,25,left giraffe,1,6,5,1,0.8997598686731195,10,10,1.0,0.6915028921812392,1.0,1.0,0.6915028921812392,1.0,1.0,0.6915028921812392,1.0,0.0,0.0,0.0,80,0.975,0.9125928440694078,0.9969579138351904,1.0,0.9538075796719512,1.0,0.975,0.9125928440694078,0.9969579138351904,0.025,0.0,0.0,1.0
owlv2,223909,30957,25,left giraffe,1,6,5,1,0.8997598686731195,20,20,0.9,0.6830172859809176,0.9876514728297052,0.9444444444444444,0.7270564003266315,0.9985944438326306,0.85,0.6210731734546859,0.9679290628145364,0.0999999999999999,0.05,2.0816681711721685e-17,80,0.975,0.9125928440694078,0.9969579138351904,1.0,0.9538075796719512,1.0,0.975,0.9125928440694078,0.9969579138351904,0.025,0.0,0.0,0.85
owlv2,223909,30957,25,left giraffe,1,6,5,1,0.8997598686731195,40,40,0.95,0.8308031360405824,0.9938863534006492,0.9736842105263158,0.8619009702075799,0.9993339637957976,0.925,0.796135251267101,0.9842578201489584,0.05,0.0249999999999999,5.898059818321144e-17,80,0.975,0.9125928440694078,0.9969579138351904,1.0,0.9538075796719512,1.0,0.975,0.9125928440694078,0.9969579138351904,0.025,0.0,0.0,0.925
owlv2,29915,47432,4,bike tire going off the screen on right,1,20,5,0,0.0,5,5,0.8,0.2835820638819106,0.994949236620532,1.0,0.3976353643835254,1.0,0.8,0.2835820638819106,0.994949236620532,0.1999999999999999,0.0,0.0,80,0.9125,0.8279916615801152,0.9640936410104411,0.821917808219178,0.7147462063582976,0.9016268222669914,0.75,0.64063652409315,0.8401203554931442,0.0875,0.1625,5.551115123125783e-17,0.8
owlv2,29915,47432,4,bike tire going off the screen on right,1,20,5,0,0.0,10,10,0.8,0.4439045376923585,0.9747892736731666,1.0,0.6305833524471808,1.0,0.8,0.4439045376923585,0.9747892736731666,0.1999999999999999,0.0,0.0,80,0.9125,0.8279916615801152,0.9640936410104411,0.821917808219178,0.7147462063582976,0.9016268222669914,0.75,0.64063652409315,0.8401203554931442,0.0875,0.1625,5.551115123125783e-17,0.8
owlv2,29915,47432,4,bike tire going off the screen on right,1,20,5,0,0.0,20,20,0.85,0.6210731734546859,0.9679290628145364,0.8823529411764706,0.6355908378987498,0.9854206831596976,0.75,0.5089541282920425,0.9134285308985652,0.15,0.1,4.163336342344337e-17,80,0.9125,0.8279916615801152,0.9640936410104411,0.821917808219178,0.7147462063582976,0.9016268222669914,0.75,0.64063652409315,0.8401203554931442,0.0875,0.1625,5.551115123125783e-17,0.75
owlv2,29915,47432,4,bike tire going off the screen on right,1,20,5,0,0.0,40,40,0.875,0.7319670826382796,0.9581403738613832,0.8857142857142857,0.7326219562807549,0.967968830970902,0.775,0.6154883226965773,0.891603361015928,0.125,0.1,5.551115123125783e-17,80,0.9125,0.8279916615801152,0.9640936410104411,0.821917808219178,0.7147462063582976,0.9016268222669914,0.75,0.64063652409315,0.8401203554931442,0.0875,0.1625,5.551115123125783e-17,0.775
owlv2,261381,27789,1,second man from the right,1,20,5,0,0.0,5,5,1.0,0.4781762498950185,1.0,0.6,0.1466327996346731,0.9472550494736832,0.6,0.1466327996346731,0.9472550494736832,0.0,0.4,0.0,80,1.0,0.9549359649323076,1.0,0.575,0.4593888114309382,0.6848902345476577,0.575,0.4593888114309382,0.6848902345476577,0.0,0.425,0.0,0.6
owlv2,261381,27789,1,second man from the right,1,20,5,0,0.0,10,10,1.0,0.6915028921812392,1.0,0.6,0.2623780766069451,0.8784477418801728,0.6,0.2623780766069451,0.8784477418801728,0.0,0.4,0.0,80,1.0,0.9549359649323076,1.0,0.575,0.4593888114309382,0.6848902345476577,0.575,0.4593888114309382,0.6848902345476577,0.0,0.425,0.0,0.6
owlv2,261381,27789,1,second man from the right,1,20,5,0,0.0,20,20,1.0,0.8315665290169146,1.0,0.6,0.3605425873074897,0.8088099392746928,0.6,0.3605425873074897,0.8088099392746928,0.0,0.4,0.0,80,1.0,0.9549359649323076,1.0,0.575,0.4593888114309382,0.6848902345476577,0.575,0.4593888114309382,0.6848902345476577,0.0,0.425,0.0,0.6
owlv2,261381,27789,1,second man from the right,1,20,5,0,0.0,40,40,1.0,0.9119026971211976,1.0,0.575,0.4089005804269633,0.7295709687311371,0.575,0.4089005804269633,0.7295709687311371,0.0,0.425,0.0,80,1.0,0.9549359649323076,1.0,0.575,0.4593888114309382,0.6848902345476577,0.575,0.4593888114309382,0.6848902345476577,0.0,0.425,0.0,0.575
owlv2,31812,47281,61,cake with cherries on top,1,20,5,0,0.0116807752590032,5,5,0.8,0.2835820638819106,0.994949236620532,0.75,0.1941204496832434,0.9936905367902902,0.6,0.1466327996346731,0.9472550494736832,0.1999999999999999,0.2,5.551115123125783e-17,80,0.975,0.9125928440694078,0.9969579138351904,0.8717948717948718,0.7768378532547537,0.9367722658785012,0.85,0.7526358884071023,0.9200184386902862,0.025,0.1249999999999999,1.3877787807814457e-17,0.6
owlv2,31812,47281,61,cake with cherries on top,1,20,5,0,0.0116807752590032,10,10,0.9,0.5549838829718046,0.9974714214555382,0.6666666666666666,0.2992950562085404,0.9251453685803082,0.6,0.2623780766069451,0.8784477418801728,0.0999999999999999,0.3,0.0,80,0.975,0.9125928440694078,0.9969579138351904,0.8717948717948718,0.7768378532547537,0.9367722658785012,0.85,0.7526358884071023,0.9200184386902862,0.025,0.1249999999999999,1.3877787807814457e-17,0.6
owlv2,31812,47281,61,cake with cherries on top,1,20,5,0,0.0116807752590032,20,20,0.95,0.7512672372279723,0.9987349105020502,0.7368421052631579,0.4879706546541273,0.9085342150923336,0.7,0.4572108177237109,0.8810684095942722,0.05,0.25,0.0,80,0.975,0.9125928440694078,0.9969579138351904,0.8717948717948718,0.7768378532547537,0.9367722658785012,0.85,0.7526358884071023,0.9200184386902862,0.025,0.1249999999999999,1.3877787807814457e-17,0.7
owlv2,31812,47281,61,cake with cherries on top,1,20,5,0,0.0116807752590032,40,40,0.925,0.796135251267101,0.9842578201489584,0.7837837837837838,0.6178635082284506,0.9017343641645508,0.725,0.5611170928209519,0.8539910080361344,0.0749999999999999,0.2,5.551115123125783e-17,80,0.975,0.9125928440694078,0.9969579138351904,0.8717948717948718,0.7768378532547537,0.9367722658785012,0.85,0.7526358884071023,0.9200184386902862,0.025,0.1249999999999999,1.3877787807814457e-17,0.725
owlv2,235316,30050,1,right cutting cake,1,20,5,0,0.0360456122443772,5,5,1.0,0.4781762498950185,1.0,1.0,0.4781762498950185,1.0,1.0,0.4781762498950185,1.0,0.0,0.0,0.0,80,0.9625,0.8942980149834914,0.9921988127342832,1.0,0.953221931839596,1.0,0.9625,0.8942980149834914,0.9921988127342832,0.0374999999999999,0.0,0.0,1.0
owlv2,235316,30050,1,right cutting cake,1,20,5,0,0.0360456122443772,10,10,0.9,0.5549838829718046,0.9974714214555382,1.0,0.6637328831200572,1.0,0.9,0.5549838829718046,0.9974714214555382,0.0999999999999999,0.0,0.0,80,0.9625,0.8942980149834914,0.9921988127342832,1.0,0.953221931839596,1.0,0.9625,0.8942980149834914,0.9921988127342832,0.0374999999999999,0.0,0.0,0.9
owlv2,235316,30050,1,right cutting cake,1,20,5,0,0.0360456122443772,20,20,0.9,0.6830172859809176,0.9876514728297052,1.0,0.8146980318621478,1.0,0.9,0.6830172859809176,0.9876514728297052,0.0999999999999999,0.0,0.0,80,0.9625,0.8942980149834914,0.9921988127342832,1.0,0.953221931839596,1.0,0.9625,0.8942980149834914,0.9921988127342832,0.0374999999999999,0.0,0.0,0.9
owlv2,235316,30050,1,right cutting cake,1,20,5,0,0.0360456122443772,40,40,0.925,0.796135251267101,0.9842578201489584,1.0,0.90510941258501,1.0,0.925,0.796135251267101,0.9842578201489584,0.0749999999999999,0.0,0.0,80,0.9625,0.8942980149834914,0.9921988127342832,1.0,0.953221931839596,1.0,0.9625,0.8942980149834914,0.9921988127342832,0.0374999999999999,0.0,0.0,0.925
owlv2,566798,1350,1,man,1,4,4,1,0.9887724081313084,5,5,0.4,0.0527449505263169,0.8533672003653268,0.5,0.012579117093425,0.9874208829065748,0.2,0.005050763379468,0.7164179361180893,0.6,0.2,5.551115123125783e-17,80,0.5375,0.4224175280048351,0.6497235734616016,0.9302325581395348,0.8093927681142077,0.9853745030048676,0.5,0.3860478833649092,0.6139521166350907,0.4625,0.0375,2.775557561562892e-17,0.2
owlv2,566798,1350,1,man,1,4,4,1,0.9887724081313084,10,10,0.5,0.1870860284473985,0.8129139715526015,0.8,0.2835820638819106,0.994949236620532,0.4,0.1215522581198272,0.7376219233930549,0.5,0.0999999999999999,0.0,80,0.5375,0.4224175280048351,0.6497235734616016,0.9302325581395348,0.8093927681142077,0.9853745030048676,0.5,0.3860478833649092,0.6139521166350907,0.4625,0.0375,2.775557561562892e-17,0.4
owlv2,566798,1350,1,man,1,4,4,1,0.9887724081313084,20,20,0.55,0.3152781330405486,0.7694221032240758,0.9090909090909092,0.5872200830116173,0.9977010277861856,0.5,0.2719578495607918,0.7280421504392082,0.4499999999999999,0.05,2.0816681711721685e-17,80,0.5375,0.4224175280048351,0.6497235734616016,0.9302325581395348,0.8093927681142077,0.9853745030048676,0.5,0.3860478833649092,0.6139521166350907,0.4625,0.0375,2.775557561562892e-17,0.5
owlv2,566798,1350,1,man,1,4,4,1,0.9887724081313084,40,40,0.475,0.3151197066349862,0.6387198647359378,0.8947368421052632,0.6686233355432342,0.9869878356282226,0.425,0.2704290312688629,0.5910994195730366,0.525,0.0499999999999999,6.245004513516506e-17,80,0.5375,0.4224175280048351,0.6497235734616016,0.9302325581395348,0.8093927681142077,0.9853745030048676,0.5,0.3860478833649092,0.6139521166350907,0.4625,0.0375,2.775557561562892e-17,0.425
owlv2,197289,33252,54,left sandwich,1,20,5,0,0.0,5,5,1.0,0.4781762498950185,1.0,0.6,0.1466327996346731,0.9472550494736832,0.6,0.1466327996346731,0.9472550494736832,0.0,0.4,0.0,80,1.0,0.9549359649323076,1.0,0.7625,0.6542230288597322,0.8505462481433591,0.7625,0.6542230288597322,0.8505462481433591,0.0,0.2375,0.0,0.6
owlv2,197289,33252,54,left sandwich,1,20,5,0,0.0,10,10,1.0,0.6915028921812392,1.0,0.7,0.3475471499400027,0.9332604888222656,0.7,0.3475471499400027,0.9332604888222656,0.0,0.3,0.0,80,1.0,0.9549359649323076,1.0,0.7625,0.6542230288597322,0.8505462481433591,0.7625,0.6542230288597322,0.8505462481433591,0.0,0.2375,0.0,0.7
owlv2,197289,33252,54,left sandwich,1,20,5,0,0.0,20,20,1.0,0.8315665290169146,1.0,0.75,0.5089541282920425,0.9134285308985652,0.75,0.5089541282920425,0.9134285308985652,0.0,0.25,0.0,80,1.0,0.9549359649323076,1.0,0.7625,0.6542230288597322,0.8505462481433591,0.7625,0.6542230288597322,0.8505462481433591,0.0,0.2375,0.0,0.75
owlv2,197289,33252,54,left sandwich,1,20,5,0,0.0,40,40,1.0,0.9119026971211976,1.0,0.875,0.7319670826382796,0.9581403738613832,0.875,0.7319670826382796,0.9581403738613832,0.0,0.125,0.0,80,1.0,0.9549359649323076,1.0,0.7625,0.6542230288597322,0.8505462481433591,0.7625,0.6542230288597322,0.8505462481433591,0.0,0.2375,0.0,0.875
owlv2,426478,13513,58,right dog,1,2,2,0,0.0,5,5,1.0,0.4781762498950185,1.0,1.0,0.4781762498950185,1.0,1.0,0.4781762498950185,1.0,0.0,0.0,0.0,80,1.0,0.9549359649323076,1.0,1.0,0.9549359649323076,1.0,1.0,0.9549359649323076,1.0,0.0,0.0,0.0,1.0
owlv2,426478,13513,58,right dog,1,2,2,0,0.0,10,10,1.0,0.6915028921812392,1.0,1.0,0.6915028921812392,1.0,1.0,0.6915028921812392,1.0,0.0,0.0,0.0,80,1.0,0.9549359649323076,1.0,1.0,0.9549359649323076,1.0,1.0,0.9549359649323076,1.0,0.0,0.0,0.0,1.0
owlv2,426478,13513,58,right dog,1,2,2,0,0.0,20,20,1.0,0.8315665290169146,1.0,1.0,0.8315665290169146,1.0,1.0,0.8315665290169146,1.0,0.0,0.0,0.0,80,1.0,0.9549359649323076,1.0,1.0,0.9549359649323076,1.0,1.0,0.9549359649323076,1.0,0.0,0.0,0.0,1.0
owlv2,426478,13513,58,right dog,1,2,2,0,0.0,40,40,1.0,0.9119026971211976,1.0,1.0,0.9119026971211976,1.0,1.0,0.9119026971211976,1.0,0.0,0.0,0.0,80,1.0,0.9549359649323076,1.0,1.0,0.9549359649323076,1.0,1.0,0.9549359649323076,1.0,0.0,0.0,0.0,1.0
owlv2,521618,5230,1,little kid,1,5,3,1,0.9034967706544555,5,5,0.6,0.1466327996346731,0.9472550494736832,1.0,0.2924017738212867,1.0,0.6,0.1466327996346731,0.9472550494736832,0.4,0.0,0.0,80,0.75,0.64063652409315,0.8401203554931442,1.0,0.9403705077138332,1.0,0.75,0.64063652409315,0.8401203554931442,0.25,0.0,0.0,0.6
owlv2,521618,5230,1,little kid,1,5,3,1,0.9034967706544555,10,10,0.7,0.3475471499400027,0.9332604888222656,1.0,0.5903836027749967,1.0,0.7,0.3475471499400027,0.9332604888222656,0.3,0.0,0.0,80,0.75,0.64063652409315,0.8401203554931442,1.0,0.9403705077138332,1.0,0.75,0.64063652409315,0.8401203554931442,0.25,0.0,0.0,0.7
owlv2,521618,5230,1,little kid,1,5,3,1,0.9034967706544555,20,20,0.7,0.4572108177237109,0.8810684095942722,1.0,0.7683642383498835,1.0,0.7,0.4572108177237109,0.8810684095942722,0.3,0.0,0.0,80,0.75,0.64063652409315,0.8401203554931442,1.0,0.9403705077138332,1.0,0.75,0.64063652409315,0.8401203554931442,0.25,0.0,0.0,0.7
owlv2,521618,5230,1,little kid,1,5,3,1,0.9034967706544555,40,40,0.75,0.5880380198485702,0.873085201067155,1.0,0.8842966917779722,1.0,0.75,0.5880380198485702,0.873085201067155,0.25,0.0,0.0,80,0.75,0.64063652409315,0.8401203554931442,1.0,0.9403705077138332,1.0,0.75,0.64063652409315,0.8401203554931442,0.25,0.0,0.0,0.75
owlv2,453602,11189,56,center broccoli,1,20,5,0,0.0836888475934046,5,5,1.0,0.4781762498950185,1.0,1.0,0.4781762498950185,1.0,1.0,0.4781762498950185,1.0,0.0,0.0,0.0,80,0.9875,0.9323122155360776,0.9996835774723672,0.8987341772151899,0.8101810619946872,0.9552565758853414,0.8875,0.7971534080830098,0.9472484868543124,0.0124999999999999,0.0999999999999999,9.714451465470121e-17,1.0
owlv2,453602,11189,56,center broccoli,1,20,5,0,0.0836888475934046,10,10,1.0,0.6915028921812392,1.0,1.0,0.6915028921812392,1.0,1.0,0.6915028921812392,1.0,0.0,0.0,0.0,80,0.9875,0.9323122155360776,0.9996835774723672,0.8987341772151899,0.8101810619946872,0.9552565758853414,0.8875,0.7971534080830098,0.9472484868543124,0.0124999999999999,0.0999999999999999,9.714451465470121e-17,1.0
owlv2,453602,11189,56,center broccoli,1,20,5,0,0.0836888475934046,20,20,1.0,0.8315665290169146,1.0,0.95,0.7512672372279723,0.9987349105020502,0.95,0.7512672372279723,0.9987349105020502,0.0,0.05,0.0,80,0.9875,0.9323122155360776,0.9996835774723672,0.8987341772151899,0.8101810619946872,0.9552565758853414,0.8875,0.7971534080830098,0.9472484868543124,0.0124999999999999,0.0999999999999999,9.714451465470121e-17,0.95
owlv2,453602,11189,56,center broccoli,1,20,5,0,0.0836888475934046,40,40,0.95,0.8308031360405824,0.9938863534006492,0.9736842105263158,0.8619009702075799,0.9993339637957976,0.925,0.796135251267101,0.9842578201489584,0.05,0.0249999999999999,5.898059818321144e-17,80,0.9875,0.9323122155360776,0.9996835774723672,0.8987341772151899,0.8101810619946872,0.9552565758853414,0.8875,0.7971534080830098,0.9472484868543124,0.0124999999999999,0.0999999999999999,9.714451465470121e-17,0.925
owlv2,17578,48497,1,red and white tied dye shirt,1,16,5,0,0.2876005440532179,5,5,0.4,0.0527449505263169,0.8533672003653268,1.0,0.158113883008419,1.0,0.4,0.0527449505263169,0.8533672003653268,0.6,0.0,0.0,80,0.7,0.587240676918624,0.7974260708533272,0.9821428571428572,0.9044740973676604,0.9995479984694792,0.6875,0.5741109261435505,0.7865253688912328,0.3,0.0125,7.63278329429795e-17,0.4
owlv2,17578,48497,1,red and white tied dye shirt,1,16,5,0,0.2876005440532179,10,10,0.6,0.2623780766069451,0.8784477418801728,1.0,0.5407418735600996,1.0,0.6,0.2623780766069451,0.8784477418801728,0.4,0.0,0.0,80,0.7,0.587240676918624,0.7974260708533272,0.9821428571428572,0.9044740973676604,0.9995479984694792,0.6875,0.5741109261435505,0.7865253688912328,0.3,0.0125,7.63278329429795e-17,0.6
owlv2,17578,48497,1,red and white tied dye shirt,1,16,5,0,0.2876005440532179,20,20,0.75,0.5089541282920425,0.9134285308985652,1.0,0.781980639089466,1.0,0.75,0.5089541282920425,0.9134285308985652,0.25,0.0,0.0,80,0.7,0.587240676918624,0.7974260708533272,0.9821428571428572,0.9044740973676604,0.9995479984694792,0.6875,0.5741109261435505,0.7865253688912328,0.3,0.0125,7.63278329429795e-17,0.75
owlv2,17578,48497,1,red and white tied dye shirt,1,16,5,0,0.2876005440532179,40,40,0.825,0.6722098666384142,0.9266172706479148,1.0,0.8942371899254207,1.0,0.825,0.6722098666384142,0.9266172706479148,0.175,0.0,0.0,80,0.7,0.587240676918624,0.7974260708533272,0.9821428571428572,0.9044740973676604,0.9995479984694792,0.6875,0.5741109261435505,0.7865253688912328,0.3,0.0125,7.63278329429795e-17,0.825
owlv2,95812,41649,1,man holding kid,1,20,5,0,0.3582608034548992,5,5,1.0,0.4781762498950185,1.0,1.0,0.4781762498950185,1.0,1.0,0.4781762498950185,1.0,0.0,0.0,0.0,80,1.0,0.9549359649323076,1.0,0.9875,0.9323122155360776,0.9996835774723672,0.9875,0.9323122155360776,0.9996835774723672,0.0,0.0124999999999999,0.0,1.0
owlv2,95812,41649,1,man holding kid,1,20,5,0,0.3582608034548992,10,10,1.0,0.6915028921812392,1.0,1.0,0.6915028921812392,1.0,1.0,0.6915028921812392,1.0,0.0,0.0,0.0,80,1.0,0.9549359649323076,1.0,0.9875,0.9323122155360776,0.9996835774723672,0.9875,0.9323122155360776,0.9996835774723672,0.0,0.0124999999999999,0.0,1.0
owlv2,95812,41649,1,man holding kid,1,20,5,0,0.3582608034548992,20,20,1.0,0.8315665290169146,1.0,0.95,0.7512672372279723,0.9987349105020502,0.95,0.7512672372279723,0.9987349105020502,0.0,0.05,0.0,80,1.0,0.9549359649323076,1.0,0.9875,0.9323122155360776,0.9996835774723672,0.9875,0.9323122155360776,0.9996835774723672,0.0,0.0124999999999999,0.0,0.95
owlv2,95812,41649,1,man holding kid,1,20,5,0,0.3582608034548992,40,40,1.0,0.9119026971211976,1.0,0.975,0.8684141415172343,0.9993672550679504,0.975,0.8684141415172343,0.9993672550679504,0.0,0.025,0.0,80,1.0,0.9549359649323076,1.0,0.9875,0.9323122155360776,0.9996835774723672,0.9875,0.9323122155360776,0.9996835774723672,0.0,0.0124999999999999,0.0,0.975
owlv2,163506,36006,1,man in blue in middle,1,20,5,1,0.976894685557544,5,5,1.0,0.4781762498950185,1.0,1.0,0.4781762498950185,1.0,1.0,0.4781762498950185,1.0,0.0,0.0,0.0,80,1.0,0.9549359649323076,1.0,1.0,0.9549359649323076,1.0,1.0,0.9549359649323076,1.0,0.0,0.0,0.0,1.0
owlv2,163506,36006,1,man in blue in middle,1,20,5,1,0.976894685557544,10,10,1.0,0.6915028921812392,1.0,1.0,0.6915028921812392,1.0,1.0,0.6915028921812392,1.0,0.0,0.0,0.0,80,1.0,0.9549359649323076,1.0,1.0,0.9549359649323076,1.0,1.0,0.9549359649323076,1.0,0.0,0.0,0.0,1.0
owlv2,163506,36006,1,man in blue in middle,1,20,5,1,0.976894685557544,20,20,1.0,0.8315665290169146,1.0,1.0,0.8315665290169146,1.0,1.0,0.8315665290169146,1.0,0.0,0.0,0.0,80,1.0,0.9549359649323076,1.0,1.0,0.9549359649323076,1.0,1.0,0.9549359649323076,1.0,0.0,0.0,0.0,1.0
owlv2,163506,36006,1,man in blue in middle,1,20,5,1,0.976894685557544,40,40,1.0,0.9119026971211976,1.0,1.0,0.9119026971211976,1.0,1.0,0.9119026971211976,1.0,0.0,0.0,0.0,80,1.0,0.9549359649323076,1.0,1.0,0.9549359649323076,1.0,1.0,0.9549359649323076,1.0,0.0,0.0,0.0,1.0
owlv2,530132,4519,6,second bus front,1,20,5,0,0.0607630708749702,5,5,0.8,0.2835820638819106,0.994949236620532,1.0,0.3976353643835254,1.0,0.8,0.2835820638819106,0.994949236620532,0.1999999999999999,0.0,0.0,80,0.825,0.7238459604789864,0.9008894901605712,0.9545454545454546,0.8728574940886829,0.9905262614362936,0.7875,0.6817141914403442,0.8710635049024182,0.175,0.0374999999999999,1.3877787807814457e-17,0.8
owlv2,530132,4519,6,second bus front,1,20,5,0,0.0607630708749702,10,10,0.8,0.4439045376923585,0.9747892736731666,1.0,0.6305833524471808,1.0,0.8,0.4439045376923585,0.9747892736731666,0.1999999999999999,0.0,0.0,80,0.825,0.7238459604789864,0.9008894901605712,0.9545454545454546,0.8728574940886829,0.9905262614362936,0.7875,0.6817141914403442,0.8710635049024182,0.175,0.0374999999999999,1.3877787807814457e-17,0.8
owlv2,530132,4519,6,second bus front,1,20,5,0,0.0607630708749702,20,20,0.8,0.5633859970033317,0.9426660029499672,1.0,0.7940927857921773,1.0,0.8,0.5633859970033317,0.9426660029499672,0.1999999999999999,0.0,0.0,80,0.825,0.7238459604789864,0.9008894901605712,0.9545454545454546,0.8728574940886829,0.9905262614362936,0.7875,0.6817141914403442,0.8710635049024182,0.175,0.0374999999999999,1.3877787807814457e-17,0.8
owlv2,530132,4519,6,second bus front,1,20,5,0,0.0607630708749702,40,40,0.8,0.6435219813207653,0.9094775906000092,0.9375,0.7919305701049926,0.9923392636535436,0.75,0.5880380198485702,0.873085201067155,0.1999999999999999,0.05,4.163336342344337e-17,80,0.825,0.7238459604789864,0.9008894901605712,0.9545454545454546,0.8728574940886829,0.9905262614362936,0.7875,0.6817141914403442,0.8710635049024182,0.175,0.0374999999999999,1.3877787807814457e-17,0.75
owlv2,492293,7822,6,red bus in back,1,20,5,0,0.0,5,5,0.8,0.2835820638819106,0.994949236620532,0.5,0.0675859864885429,0.932414013511457,0.4,0.0527449505263169,0.8533672003653268,0.1999999999999999,0.4,0.0,80,0.9125,0.8279916615801152,0.9640936410104411,0.7671232876712328,0.6535345100608223,0.8581020051527923,0.7,0.587240676918624,0.7974260708533272,0.0875,0.2125,0.0,0.4
owlv2,492293,7822,6,red bus in back,1,20,5,0,0.0,10,10,0.8,0.4439045376923585,0.9747892736731666,0.625,0.2448632163665516,0.9147665858627464,0.5,0.1870860284473985,0.8129139715526015,0.1999999999999999,0.3,0.0,80,0.9125,0.8279916615801152,0.9640936410104411,0.7671232876712328,0.6535345100608223,0.8581020051527923,0.7,0.587240676918624,0.7974260708533272,0.0875,0.2125,0.0,0.5
owlv2,492293,7822,6,red bus in back,1,20,5,0,0.0,20,20,0.9,0.6830172859809176,0.9876514728297052,0.6111111111111112,0.3574512058930627,0.8270141452102482,0.55,0.3152781330405486,0.7694221032240758,0.0999999999999999,0.35,0.0,80,0.9125,0.8279916615801152,0.9640936410104411,0.7671232876712328,0.6535345100608223,0.8581020051527923,0.7,0.587240676918624,0.7974260708533272,0.0875,0.2125,0.0,0.55
owlv2,492293,7822,6,red bus in back,1,20,5,0,0.0,40,40,0.95,0.8308031360405824,0.9938863534006492,0.6842105263157895,0.5134729455939784,0.8249746610988732,0.65,0.4831555463510094,0.793717509129233,0.05,0.3,5.551115123125783e-17,80,0.9125,0.8279916615801152,0.9640936410104411,0.7671232876712328,0.6535345100608223,0.8581020051527923,0.7,0.587240676918624,0.7974260708533272,0.0875,0.2125,0.0,0.65
owlv2,372003,18201,3,blue car on right,1,14,5,1,0.9069530367646408,5,5,1.0,0.4781762498950185,1.0,1.0,0.4781762498950185,1.0,1.0,0.4781762498950185,1.0,0.0,0.0,0.0,80,0.925,0.8438720682639279,0.9719794538231588,1.0,0.9513723837620104,1.0,0.925,0.8438720682639279,0.9719794538231588,0.0749999999999999,0.0,0.0,1.0
owlv2,372003,18201,3,blue car on right,1,14,5,1,0.9069530367646408,10,10,0.9,0.5549838829718046,0.9974714214555382,1.0,0.6637328831200572,1.0,0.9,0.5549838829718046,0.9974714214555382,0.0999999999999999,0.0,0.0,80,0.925,0.8438720682639279,0.9719794538231588,1.0,0.9513723837620104,1.0,0.925,0.8438720682639279,0.9719794538231588,0.0749999999999999,0.0,0.0,0.9
owlv2,372003,18201,3,blue car on right,1,14,5,1,0.9069530367646408,20,20,0.9,0.6830172859809176,0.9876514728297052,1.0,0.8146980318621478,1.0,0.9,0.6830172859809176,0.9876514728297052,0.0999999999999999,0.0,0.0,80,0.925,0.8438720682639279,0.9719794538231588,1.0,0.9513723837620104,1.0,0.925,0.8438720682639279,0.9719794538231588,0.0749999999999999,0.0,0.0,0.9
owlv2,372003,18201,3,blue car on right,1,14,5,1,0.9069530367646408,40,40,0.95,0.8308031360405824,0.9938863534006492,1.0,0.9074872385841216,1.0,0.95,0.8308031360405824,0.9938863534006492,0.05,0.0,0.0,80,0.925,0.8438720682639279,0.9719794538231588,1.0,0.9513723837620104,1.0,0.925,0.8438720682639279,0.9719794538231588,0.0749999999999999,0.0,0.0,0.95
owlv2,348609,20035,1,guy in front,1,20,5,1,0.9286998440617826,5,5,1.0,0.4781762498950185,1.0,0.4,0.0527449505263169,0.8533672003653268,0.4,0.0527449505263169,0.8533672003653268,0.0,0.6,0.0,80,1.0,0.9549359649323076,1.0,0.3875,0.2805651331247821,0.5030244574981009,0.3875,0.2805651331247821,0.5030244574981009,0.0,0.6125,0.0,0.4
owlv2,348609,20035,1,guy in front,1,20,5,1,0.9286998440617826,10,10,1.0,0.6915028921812392,1.0,0.3,0.0667395111777345,0.6524528500599973,0.3,0.0667395111777345,0.6524528500599973,0.0,0.7,0.0,80,1.0,0.9549359649323076,1.0,0.3875,0.2805651331247821,0.5030244574981009,0.3875,0.2805651331247821,0.5030244574981009,0.0,0.6125,0.0,0.3
owlv2,348609,20035,1,guy in front,1,20,5,1,0.9286998440617826,20,20,1.0,0.8315665290169146,1.0,0.25,0.0865714691014346,0.4910458717079575,0.25,0.0865714691014346,0.4910458717079575,0.0,0.75,0.0,80,1.0,0.9549359649323076,1.0,0.3875,0.2805651331247821,0.5030244574981009,0.3875,0.2805651331247821,0.5030244574981009,0.0,0.6125,0.0,0.25
owlv2,348609,20035,1,guy in front,1,20,5,1,0.9286998440617826,40,40,1.0,0.9119026971211976,1.0,0.3,0.1656272043932356,0.4653162852541233,0.3,0.1656272043932356,0.4653162852541233,0.0,0.7,0.0,80,1.0,0.9549359649323076,1.0,0.3875,0.2805651331247821,0.5030244574981009,0.3875,0.2805651331247821,0.5030244574981009,0.0,0.6125,0.0,0.3
owlv2,260010,27940,1,batter,1,6,5,1,0.894701733371637,5,5,1.0,0.4781762498950185,1.0,1.0,0.4781762498950185,1.0,1.0,0.4781762498950185,1.0,0.0,0.0,0.0,80,0.8875,0.7971534080830098,0.9472484868543124,1.0,0.9493705920455964,1.0,0.8875,0.7971534080830098,0.9472484868543124,0.1125,0.0,0.0,1.0
owlv2,260010,27940,1,batter,1,6,5,1,0.894701733371637,10,10,0.9,0.5549838829718046,0.9974714214555382,1.0,0.6637328831200572,1.0,0.9,0.5549838829718046,0.9974714214555382,0.0999999999999999,0.0,0.0,80,0.8875,0.7971534080830098,0.9472484868543124,1.0,0.9493705920455964,1.0,0.8875,0.7971534080830098,0.9472484868543124,0.1125,0.0,0.0,0.9
owlv2,260010,27940,1,batter,1,6,5,1,0.894701733371637,20,20,0.95,0.7512672372279723,0.9987349105020502,1.0,0.8235330881930346,1.0,0.95,0.7512672372279723,0.9987349105020502,0.05,0.0,0.0,80,0.8875,0.7971534080830098,0.9472484868543124,1.0,0.9493705920455964,1.0,0.8875,0.7971534080830098,0.9472484868543124,0.1125,0.0,0.0,0.95
owlv2,260010,27940,1,batter,1,6,5,1,0.894701733371637,40,40,0.925,0.796135251267101,0.9842578201489584,1.0,0.90510941258501,1.0,0.925,0.796135251267101,0.9842578201489584,0.0749999999999999,0.0,0.0,80,0.8875,0.7971534080830098,0.9472484868543124,1.0,0.9493705920455964,1.0,0.8875,0.7971534080830098,0.9472484868543124,0.1125,0.0,0.0,0.925
owlv2,380034,17534,1,the man in the middle wearing the black suit hes shaking hands,1,20,5,1,0.7069181172894943,5,5,1.0,0.4781762498950185,1.0,0.8,0.2835820638819106,0.994949236620532,0.8,0.2835820638819106,0.994949236620532,0.0,0.1999999999999999,0.0,80,1.0,0.9549359649323076,1.0,0.9625,0.8942980149834914,0.9921988127342832,0.9625,0.8942980149834914,0.9921988127342832,0.0,0.0374999999999999,0.0,0.8
owlv2,380034,17534,1,the man in the middle wearing the black suit hes shaking hands,1,20,5,1,0.7069181172894943,10,10,1.0,0.6915028921812392,1.0,0.8,0.4439045376923585,0.9747892736731666,0.8,0.4439045376923585,0.9747892736731666,0.0,0.1999999999999999,0.0,80,1.0,0.9549359649323076,1.0,0.9625,0.8942980149834914,0.9921988127342832,0.9625,0.8942980149834914,0.9921988127342832,0.0,0.0374999999999999,0.0,0.8
owlv2,380034,17534,1,the man in the middle wearing the black suit hes shaking hands,1,20,5,1,0.7069181172894943,20,20,1.0,0.8315665290169146,1.0,0.9,0.6830172859809176,0.9876514728297052,0.9,0.6830172859809176,0.9876514728297052,0.0,0.0999999999999999,0.0,80,1.0,0.9549359649323076,1.0,0.9625,0.8942980149834914,0.9921988127342832,0.9625,0.8942980149834914,0.9921988127342832,0.0,0.0374999999999999,0.0,0.9
owlv2,380034,17534,1,the man in the middle wearing the black suit hes shaking hands,1,20,5,1,0.7069181172894943,40,40,1.0,0.9119026971211976,1.0,0.9,0.7633626001239001,0.9720745847057808,0.9,0.7633626001239001,0.9720745847057808,0.0,0.0999999999999999,0.0,80,1.0,0.9549359649323076,1.0,0.9625,0.8942980149834914,0.9921988127342832,0.9625,0.8942980149834914,0.9921988127342832,0.0,0.0374999999999999,0.0,0.9
owlv2,115604,40058,1,chef on left,1,20,5,1,0.9354243444876168,5,5,1.0,0.4781762498950185,1.0,1.0,0.4781762498950185,1.0,1.0,0.4781762498950185,1.0,0.0,0.0,0.0,80,1.0,0.9549359649323076,1.0,1.0,0.9549359649323076,1.0,1.0,0.9549359649323076,1.0,0.0,0.0,0.0,1.0
owlv2,115604,40058,1,chef on left,1,20,5,1,0.9354243444876168,10,10,1.0,0.6915028921812392,1.0,1.0,0.6915028921812392,1.0,1.0,0.6915028921812392,1.0,0.0,0.0,0.0,80,1.0,0.9549359649323076,1.0,1.0,0.9549359649323076,1.0,1.0,0.9549359649323076,1.0,0.0,0.0,0.0,1.0
owlv2,115604,40058,1,chef on left,1,20,5,1,0.9354243444876168,20,20,1.0,0.8315665290169146,1.0,1.0,0.8315665290169146,1.0,1.0,0.8315665290169146,1.0,0.0,0.0,0.0,80,1.0,0.9549359649323076,1.0,1.0,0.9549359649323076,1.0,1.0,0.9549359649323076,1.0,0.0,0.0,0.0,1.0
owlv2,115604,40058,1,chef on left,1,20,5,1,0.9354243444876168,40,40,1.0,0.9119026971211976,1.0,1.0,0.9119026971211976,1.0,1.0,0.9119026971211976,1.0,0.0,0.0,0.0,80,1.0,0.9549359649323076,1.0,1.0,0.9549359649323076,1.0,1.0,0.9549359649323076,1.0,0.0,0.0,0.0,1.0
owlv2,161865,36122,1,left person,1,20,5,0,0.0,5,5,1.0,0.4781762498950185,1.0,1.0,0.4781762498950185,1.0,1.0,0.4781762498950185,1.0,0.0,0.0,0.0,80,1.0,0.9549359649323076,1.0,0.6375,0.5223872787351915,0.7421051046283819,0.6375,0.5223872787351915,0.7421051046283819,0.0,0.3625,0.0,1.0
owlv2,161865,36122,1,left person,1,20,5,0,0.0,10,10,1.0,0.6915028921812392,1.0,0.9,0.5549838829718046,0.9974714214555382,0.9,0.5549838829718046,0.9974714214555382,0.0,0.0999999999999999,0.0,80,1.0,0.9549359649323076,1.0,0.6375,0.5223872787351915,0.7421051046283819,0.6375,0.5223872787351915,0.7421051046283819,0.0,0.3625,0.0,0.9
owlv2,161865,36122,1,left person,1,20,5,0,0.0,20,20,1.0,0.8315665290169146,1.0,0.85,0.6210731734546859,0.9679290628145364,0.85,0.6210731734546859,0.9679290628145364,0.0,0.15,0.0,80,1.0,0.9549359649323076,1.0,0.6375,0.5223872787351915,0.7421051046283819,0.6375,0.5223872787351915,0.7421051046283819,0.0,0.3625,0.0,0.85
owlv2,161865,36122,1,left person,1,20,5,0,0.0,40,40,0.975,0.8684141415172343,0.9993672550679504,0.8461538461538461,0.6947200755632874,0.9413757371392106,0.825,0.6722098666384142,0.9266172706479148,0.025,0.15,2.775557561562892e-17,80,1.0,0.9549359649323076,1.0,0.6375,0.5223872787351915,0.7421051046283819,0.6375,0.5223872787351915,0.7421051046283819,0.0,0.3625,0.0,0.825
owlv2,506030,6611,1,old guy,1,8,5,1,0.972803361924644,5,5,1.0,0.4781762498950185,1.0,1.0,0.4781762498950185,1.0,1.0,0.4781762498950185,1.0,0.0,0.0,0.0,80,0.9,0.8124348925365684,0.955829059846371,1.0,0.9500559162941452,1.0,0.9,0.8124348925365684,0.955829059846371,0.0999999999999999,0.0,0.0,1.0
owlv2,506030,6611,1,old guy,1,8,5,1,0.972803361924644,10,10,1.0,0.6915028921812392,1.0,1.0,0.6915028921812392,1.0,1.0,0.6915028921812392,1.0,0.0,0.0,0.0,80,0.9,0.8124348925365684,0.955829059846371,1.0,0.9500559162941452,1.0,0.9,0.8124348925365684,0.955829059846371,0.0999999999999999,0.0,0.0,1.0
owlv2,506030,6611,1,old guy,1,8,5,1,0.972803361924644,20,20,1.0,0.8315665290169146,1.0,1.0,0.8315665290169146,1.0,1.0,0.8315665290169146,1.0,0.0,0.0,0.0,80,0.9,0.8124348925365684,0.955829059846371,1.0,0.9500559162941452,1.0,0.9,0.8124348925365684,0.955829059846371,0.0999999999999999,0.0,0.0,1.0
owlv2,506030,6611,1,old guy,1,8,5,1,0.972803361924644,40,40,0.95,0.8308031360405824,0.9938863534006492,1.0,0.9074872385841216,1.0,0.95,0.8308031360405824,0.9938863534006492,0.05,0.0,0.0,80,0.9,0.8124348925365684,0.955829059846371,1.0,0.9500559162941452,1.0,0.9,0.8124348925365684,0.955829059846371,0.0999999999999999,0.0,0.0,0.95
owlv2,292498,25206,6,bus at center of photo,1,20,5,1,0.9321749477591448,5,5,1.0,0.4781762498950185,1.0,0.2,0.005050763379468,0.7164179361180893,0.2,0.005050763379468,0.7164179361180893,0.0,0.8,0.0,80,1.0,0.9549359649323076,1.0,0.3375,0.2355261379836508,0.4519056143741682,0.3375,0.2355261379836508,0.4519056143741682,0.0,0.6625,0.0,0.2
owlv2,292498,25206,6,bus at center of photo,1,20,5,1,0.9321749477591448,10,10,1.0,0.6915028921812392,1.0,0.2,0.0252107263268333,0.5560954623076415,0.2,0.0252107263268333,0.5560954623076415,0.0,0.8,0.0,80,1.0,0.9549359649323076,1.0,0.3375,0.2355261379836508,0.4519056143741682,0.3375,0.2355261379836508,0.4519056143741682,0.0,0.6625,0.0,0.2
owlv2,292498,25206,6,bus at center of photo,1,20,5,1,0.9321749477591448,20,20,1.0,0.8315665290169146,1.0,0.25,0.0865714691014346,0.4910458717079575,0.25,0.0865714691014346,0.4910458717079575,0.0,0.75,0.0,80,1.0,0.9549359649323076,1.0,0.3375,0.2355261379836508,0.4519056143741682,0.3375,0.2355261379836508,0.4519056143741682,0.0,0.6625,0.0,0.25
owlv2,292498,25206,6,bus at center of photo,1,20,5,1,0.9321749477591448,40,40,1.0,0.9119026971211976,1.0,0.35,0.2062824908707669,0.5168444536489906,0.35,0.2062824908707669,0.5168444536489906,0.0,0.65,0.0,80,1.0,0.9549359649323076,1.0,0.3375,0.2355261379836508,0.4519056143741682,0.3375,0.2355261379836508,0.4519056143741682,0.0,0.6625,0.0,0.35
owlv2,206628,32456,1,woman left,1,5,4,0,0.0,5,5,0.0,0.0,0.5218237501049814,,,,0.0,0.0,0.5218237501049814,1.0,0.0,0.0,80,0.3625,0.2578948953716181,0.4776127212648084,0.9655172413793104,0.822355704511277,0.99912735311642,0.35,0.2466719364725351,0.4647968854793358,0.6375,0.0124999999999999,8.153200337090992e-17,0.0
owlv2,206628,32456,1,woman left,1,5,4,0,0.0,10,10,0.2,0.0252107263268333,0.5560954623076415,1.0,0.158113883008419,1.0,0.2,0.0252107263268333,0.5560954623076415,0.8,0.0,0.0,80,0.3625,0.2578948953716181,0.4776127212648084,0.9655172413793104,0.822355704511277,0.99912735311642,0.35,0.2466719364725351,0.4647968854793358,0.6375,0.0124999999999999,8.153200337090992e-17,0.2
owlv2,206628,32456,1,woman left,1,5,4,0,0.0,20,20,0.35,0.1539092047845411,0.5921885345328282,1.0,0.5903836027749967,1.0,0.35,0.1539092047845411,0.5921885345328282,0.65,0.0,0.0,80,0.3625,0.2578948953716181,0.4776127212648084,0.9655172413793104,0.822355704511277,0.99912735311642,0.35,0.2466719364725351,0.4647968854793358,0.6375,0.0124999999999999,8.153200337090992e-17,0.35
owlv2,206628,32456,1,woman left,1,5,4,0,0.0,40,40,0.275,0.1460089919638656,0.4388829071790481,1.0,0.7150858470818456,1.0,0.275,0.1460089919638656,0.4388829071790481,0.725,0.0,0.0,80,0.3625,0.2578948953716181,0.4776127212648084,0.9655172413793104,0.822355704511277,0.99912735311642,0.35,0.2466719364725351,0.4647968854793358,0.6375,0.0124999999999999,8.153200337090992e-17,0.275
owlv2,177917,34869,88,bear feet,1,20,5,0,0.358698023881274,5,5,0.8,0.2835820638819106,0.994949236620532,0.25,0.0063094632097098,0.8058795503167565,0.2,0.005050763379468,0.7164179361180893,0.1999999999999999,0.6000000000000001,0.0,80,0.85,0.7526358884071023,0.9200184386902862,0.7647058823529411,0.6462130069200047,0.8591222637471065,0.65,0.5352031145206642,0.7533280635274648,0.15,0.2,8.326672684688674e-17,0.2
owlv2,177917,34869,88,bear feet,1,20,5,0,0.358698023881274,10,10,0.8,0.4439045376923585,0.9747892736731666,0.5,0.1570127704870579,0.842987229512942,0.4,0.1215522581198272,0.7376219233930549,0.1999999999999999,0.4,0.0,80,0.85,0.7526358884071023,0.9200184386902862,0.7647058823529411,0.6462130069200047,0.8591222637471065,0.65,0.5352031145206642,0.7533280635274648,0.15,0.2,8.326672684688674e-17,0.4
owlv2,177917,34869,88,bear feet,1,20,5,0,0.358698023881274,20,20,0.8,0.5633859970033317,0.9426660029499672,0.6875,0.4133793635486414,0.8898300452828823,0.55,0.3152781330405486,0.7694221032240758,0.1999999999999999,0.25,0.0,80,0.85,0.7526358884071023,0.9200184386902862,0.7647058823529411,0.6462130069200047,0.8591222637471065,0.65,0.5352031145206642,0.7533280635274648,0.15,0.2,8.326672684688674e-17,0.55
owlv2,177917,34869,88,bear feet,1,20,5,0,0.358698023881274,40,40,0.85,0.7016473331604236,0.942897741845474,0.6470588235294118,0.4648863708910421,0.8025413520876575,0.55,0.3849067945340133,0.7074116499601201,0.15,0.3,5.551115123125783e-17,80,0.85,0.7526358884071023,0.9200184386902862,0.7647058823529411,0.6462130069200047,0.8591222637471065,0.65,0.5352031145206642,0.7533280635274648,0.15,0.2,8.326672684688674e-17,0.55
owlv2,420620,14062,4,left bike behind the man on left,1,20,5,0,0.0497919164053087,5,5,1.0,0.4781762498950185,1.0,1.0,0.4781762498950185,1.0,1.0,0.4781762498950185,1.0,0.0,0.0,0.0,80,1.0,0.9549359649323076,1.0,0.95,0.876901263556847,0.9862106060235382,0.95,0.876901263556847,0.9862106060235382,0.0,0.05,0.0,1.0
owlv2,420620,14062,4,left bike behind the man on left,1,20,5,0,0.0497919164053087,10,10,1.0,0.6915028921812392,1.0,1.0,0.6915028921812392,1.0,1.0,0.6915028921812392,1.0,0.0,0.0,0.0,80,1.0,0.9549359649323076,1.0,0.95,0.876901263556847,0.9862106060235382,0.95,0.876901263556847,0.9862106060235382,0.0,0.05,0.0,1.0
owlv2,420620,14062,4,left bike behind the man on left,1,20,5,0,0.0497919164053087,20,20,1.0,0.8315665290169146,1.0,1.0,0.8315665290169146,1.0,1.0,0.8315665290169146,1.0,0.0,0.0,0.0,80,1.0,0.9549359649323076,1.0,0.95,0.876901263556847,0.9862106060235382,0.95,0.876901263556847,0.9862106060235382,0.0,0.05,0.0,1.0
owlv2,420620,14062,4,left bike behind the man on left,1,20,5,0,0.0497919164053087,40,40,1.0,0.9119026971211976,1.0,0.975,0.8684141415172343,0.9993672550679504,0.975,0.8684141415172343,0.9993672550679504,0.0,0.025,0.0,80,1.0,0.9549359649323076,1.0,0.95,0.876901263556847,0.9862106060235382,0.95,0.876901263556847,0.9862106060235382,0.0,0.05,0.0,0.975
owlv2,75881,43371,24,adult zebra,1,3,2,1,0.9615541310932564,5,5,1.0,0.4781762498950185,1.0,0.6,0.1466327996346731,0.9472550494736832,0.6,0.1466327996346731,0.9472550494736832,0.0,0.4,0.0,80,1.0,0.9549359649323076,1.0,0.7875,0.6817141914403442,0.8710635049024182,0.7875,0.6817141914403442,0.8710635049024182,0.0,0.2125,0.0,0.6
owlv2,75881,43371,24,adult zebra,1,3,2,1,0.9615541310932564,10,10,1.0,0.6915028921812392,1.0,0.6,0.2623780766069451,0.8784477418801728,0.6,0.2623780766069451,0.8784477418801728,0.0,0.4,0.0,80,1.0,0.9549359649323076,1.0,0.7875,0.6817141914403442,0.8710635049024182,0.7875,0.6817141914403442,0.8710635049024182,0.0,0.2125,0.0,0.6
owlv2,75881,43371,24,adult zebra,1,3,2,1,0.9615541310932564,20,20,1.0,0.8315665290169146,1.0,0.75,0.5089541282920425,0.9134285308985652,0.75,0.5089541282920425,0.9134285308985652,0.0,0.25,0.0,80,1.0,0.9549359649323076,1.0,0.7875,0.6817141914403442,0.8710635049024182,0.7875,0.6817141914403442,0.8710635049024182,0.0,0.2125,0.0,0.75
owlv2,75881,43371,24,adult zebra,1,3,2,1,0.9615541310932564,40,40,1.0,0.9119026971211976,1.0,0.825,0.6722098666384142,0.9266172706479148,0.825,0.6722098666384142,0.9266172706479148,0.0,0.175,0.0,80,1.0,0.9549359649323076,1.0,0.7875,0.6817141914403442,0.8710635049024182,0.7875,0.6817141914403442,0.8710635049024182,0.0,0.2125,0.0,0.825
owlv2,555022,2369,63,pink couch with pink pillow on it but click the couch not the pillow,1,20,5,0,0.0990884080548594,5,5,1.0,0.4781762498950185,1.0,1.0,0.4781762498950185,1.0,1.0,0.4781762498950185,1.0,0.0,0.0,0.0,80,1.0,0.9549359649323076,1.0,0.8875,0.7971534080830098,0.9472484868543124,0.8875,0.7971534080830098,0.9472484868543124,0.0,0.1125,0.0,1.0
owlv2,555022,2369,63,pink couch with pink pillow on it but click the couch not the pillow,1,20,5,0,0.0990884080548594,10,10,1.0,0.6915028921812392,1.0,0.9,0.5549838829718046,0.9974714214555382,0.9,0.5549838829718046,0.9974714214555382,0.0,0.0999999999999999,0.0,80,1.0,0.9549359649323076,1.0,0.8875,0.7971534080830098,0.9472484868543124,0.8875,0.7971534080830098,0.9472484868543124,0.0,0.1125,0.0,0.9
owlv2,555022,2369,63,pink couch with pink pillow on it but click the couch not the pillow,1,20,5,0,0.0990884080548594,20,20,1.0,0.8315665290169146,1.0,0.9,0.6830172859809176,0.9876514728297052,0.9,0.6830172859809176,0.9876514728297052,0.0,0.0999999999999999,0.0,80,1.0,0.9549359649323076,1.0,0.8875,0.7971534080830098,0.9472484868543124,0.8875,0.7971534080830098,0.9472484868543124,0.0,0.1125,0.0,0.9
owlv2,555022,2369,63,pink couch with pink pillow on it but click the couch not the pillow,1,20,5,0,0.0990884080548594,40,40,1.0,0.9119026971211976,1.0,0.775,0.6154883226965773,0.891603361015928,0.775,0.6154883226965773,0.891603361015928,0.0,0.2249999999999999,0.0,80,1.0,0.9549359649323076,1.0,0.8875,0.7971534080830098,0.9472484868543124,0.8875,0.7971534080830098,0.9472484868543124,0.0,0.1125,0.0,0.775
owlv2,22928,48064,18,right dog,1,6,5,0,0.0909991612674306,5,5,1.0,0.4781762498950185,1.0,0.8,0.2835820638819106,0.994949236620532,0.8,0.2835820638819106,0.994949236620532,0.0,0.1999999999999999,0.0,80,1.0,0.9549359649323076,1.0,0.8125,0.7096721043523089,0.8910863118524706,0.8125,0.7096721043523089,0.8910863118524706,0.0,0.1875,0.0,0.8
owlv2,22928,48064,18,right dog,1,6,5,0,0.0909991612674306,10,10,1.0,0.6915028921812392,1.0,0.8,0.4439045376923585,0.9747892736731666,0.8,0.4439045376923585,0.9747892736731666,0.0,0.1999999999999999,0.0,80,1.0,0.9549359649323076,1.0,0.8125,0.7096721043523089,0.8910863118524706,0.8125,0.7096721043523089,0.8910863118524706,0.0,0.1875,0.0,0.8
owlv2,22928,48064,18,right dog,1,6,5,0,0.0909991612674306,20,20,0.95,0.7512672372279723,0.9987349105020502,0.7894736842105263,0.5443469181084944,0.9394754622907102,0.75,0.5089541282920425,0.9134285308985652,0.05,0.1999999999999999,2.775557561562892e-17,80,1.0,0.9549359649323076,1.0,0.8125,0.7096721043523089,0.8910863118524706,0.8125,0.7096721043523089,0.8910863118524706,0.0,0.1875,0.0,0.75
owlv2,22928,48064,18,right dog,1,6,5,0,0.0909991612674306,40,40,0.95,0.8308031360405824,0.9938863534006492,0.7894736842105263,0.6268117163983606,0.9044588845441258,0.75,0.5880380198485702,0.873085201067155,0.05,0.1999999999999999,2.775557561562892e-17,80,1.0,0.9549359649323076,1.0,0.8125,0.7096721043523089,0.8910863118524706,0.8125,0.7096721043523089,0.8910863118524706,0.0,0.1875,0.0,0.75
owlv2,349144,19982,2,middle bike tire,1,20,5,1,0.5289017217806699,5,5,1.0,0.4781762498950185,1.0,1.0,0.4781762498950185,1.0,1.0,0.4781762498950185,1.0,0.0,0.0,0.0,80,0.775,0.6679136799387491,0.8608627895010682,1.0,0.942237365570709,1.0,0.775,0.6679136799387491,0.8608627895010682,0.2249999999999999,0.0,0.0,1.0
owlv2,349144,19982,2,middle bike tire,1,20,5,1,0.5289017217806699,10,10,0.9,0.5549838829718046,0.9974714214555382,1.0,0.6637328831200572,1.0,0.9,0.5549838829718046,0.9974714214555382,0.0999999999999999,0.0,0.0,80,0.775,0.6679136799387491,0.8608627895010682,1.0,0.942237365570709,1.0,0.775,0.6679136799387491,0.8608627895010682,0.2249999999999999,0.0,0.0,0.9
owlv2,349144,19982,2,middle bike tire,1,20,5,1,0.5289017217806699,20,20,0.9,0.6830172859809176,0.9876514728297052,1.0,0.8146980318621478,1.0,0.9,0.6830172859809176,0.9876514728297052,0.0999999999999999,0.0,0.0,80,0.775,0.6679136799387491,0.8608627895010682,1.0,0.942237365570709,1.0,0.775,0.6679136799387491,0.8608627895010682,0.2249999999999999,0.0,0.0,0.9
owlv2,349144,19982,2,middle bike tire,1,20,5,1,0.5289017217806699,40,40,0.875,0.7319670826382796,0.9581403738613832,1.0,0.8999675644278949,1.0,0.875,0.7319670826382796,0.9581403738613832,0.125,0.0,0.0,80,0.775,0.6679136799387491,0.8608627895010682,1.0,0.942237365570709,1.0,0.775,0.6679136799387491,0.8608627895010682,0.2249999999999999,0.0,0.0,0.875
owlv2,233153,30199,1,hot dude,1,3,3,1,0.9652846825034628,5,5,1.0,0.4781762498950185,1.0,1.0,0.4781762498950185,1.0,1.0,0.4781762498950185,1.0,0.0,0.0,0.0,80,1.0,0.9549359649323076,1.0,1.0,0.9549359649323076,1.0,1.0,0.9549359649323076,1.0,0.0,0.0,0.0,1.0
owlv2,233153,30199,1,hot dude,1,3,3,1,0.9652846825034628,10,10,1.0,0.6915028921812392,1.0,1.0,0.6915028921812392,1.0,1.0,0.6915028921812392,1.0,0.0,0.0,0.0,80,1.0,0.9549359649323076,1.0,1.0,0.9549359649323076,1.0,1.0,0.9549359649323076,1.0,0.0,0.0,0.0,1.0
owlv2,233153,30199,1,hot dude,1,3,3,1,0.9652846825034628,20,20,1.0,0.8315665290169146,1.0,1.0,0.8315665290169146,1.0,1.0,0.8315665290169146,1.0,0.0,0.0,0.0,80,1.0,0.9549359649323076,1.0,1.0,0.9549359649323076,1.0,1.0,0.9549359649323076,1.0,0.0,0.0,0.0,1.0
owlv2,233153,30199,1,hot dude,1,3,3,1,0.9652846825034628,40,40,1.0,0.9119026971211976,1.0,1.0,0.9119026971211976,1.0,1.0,0.9119026971211976,1.0,0.0,0.0,0.0,80,1.0,0.9549359649323076,1.0,1.0,0.9549359649323076,1.0,1.0,0.9549359649323076,1.0,0.0,0.0,0.0,1.0
owlv2,128599,38888,1,guy in middle,1,9,5,1,0.9816390067185718,5,5,0.6,0.1466327996346731,0.9472550494736832,1.0,0.2924017738212867,1.0,0.6,0.1466327996346731,0.9472550494736832,0.4,0.0,0.0,80,0.875,0.7821108659305637,0.9383979034415656,1.0,0.9486662028489764,1.0,0.875,0.7821108659305637,0.9383979034415656,0.125,0.0,0.0,0.6
owlv2,128599,38888,1,guy in middle,1,9,5,1,0.9816390067185718,10,10,0.8,0.4439045376923585,0.9747892736731666,1.0,0.6305833524471808,1.0,0.8,0.4439045376923585,0.9747892736731666,0.1999999999999999,0.0,0.0,80,0.875,0.7821108659305637,0.9383979034415656,1.0,0.9486662028489764,1.0,0.875,0.7821108659305637,0.9383979034415656,0.125,0.0,0.0,0.8
owlv2,128599,38888,1,guy in middle,1,9,5,1,0.9816390067185718,20,20,0.8,0.5633859970033317,0.9426660029499672,1.0,0.7940927857921773,1.0,0.8,0.5633859970033317,0.9426660029499672,0.1999999999999999,0.0,0.0,80,0.875,0.7821108659305637,0.9383979034415656,1.0,0.9486662028489764,1.0,0.875,0.7821108659305637,0.9383979034415656,0.125,0.0,0.0,0.8
owlv2,128599,38888,1,guy in middle,1,9,5,1,0.9816390067185718,40,40,0.85,0.7016473331604236,0.942897741845474,1.0,0.8971820757409874,1.0,0.85,0.7016473331604236,0.942897741845474,0.15,0.0,0.0,80,0.875,0.7821108659305637,0.9383979034415656,1.0,0.9486662028489764,1.0,0.875,0.7821108659305637,0.9383979034415656,0.125,0.0,0.0,0.85
owlv2,521800,5217,60,left choc donut on bottom,1,20,5,0,0.0340433903464531,5,5,1.0,0.4781762498950185,1.0,1.0,0.4781762498950185,1.0,1.0,0.4781762498950185,1.0,0.0,0.0,0.0,80,1.0,0.9549359649323076,1.0,1.0,0.9549359649323076,1.0,1.0,0.9549359649323076,1.0,0.0,0.0,0.0,1.0
owlv2,521800,5217,60,left choc donut on bottom,1,20,5,0,0.0340433903464531,10,10,1.0,0.6915028921812392,1.0,1.0,0.6915028921812392,1.0,1.0,0.6915028921812392,1.0,0.0,0.0,0.0,80,1.0,0.9549359649323076,1.0,1.0,0.9549359649323076,1.0,1.0,0.9549359649323076,1.0,0.0,0.0,0.0,1.0
owlv2,521800,5217,60,left choc donut on bottom,1,20,5,0,0.0340433903464531,20,20,1.0,0.8315665290169146,1.0,1.0,0.8315665290169146,1.0,1.0,0.8315665290169146,1.0,0.0,0.0,0.0,80,1.0,0.9549359649323076,1.0,1.0,0.9549359649323076,1.0,1.0,0.9549359649323076,1.0,0.0,0.0,0.0,1.0
owlv2,521800,5217,60,left choc donut on bottom,1,20,5,0,0.0340433903464531,40,40,1.0,0.9119026971211976,1.0,1.0,0.9119026971211976,1.0,1.0,0.9119026971211976,1.0,0.0,0.0,0.0,80,1.0,0.9549359649323076,1.0,1.0,0.9549359649323076,1.0,1.0,0.9549359649323076,1.0,0.0,0.0,0.0,1.0
owlv2,177658,34885,1,woman,1,8,5,1,0.932836165441119,5,5,0.6,0.1466327996346731,0.9472550494736832,1.0,0.2924017738212867,1.0,0.6,0.1466327996346731,0.9472550494736832,0.4,0.0,0.0,80,0.3375,0.2355261379836508,0.4519056143741682,1.0,0.8722971323845676,1.0,0.3375,0.2355261379836508,0.4519056143741682,0.6625,0.0,0.0,0.6
owlv2,177658,34885,1,woman,1,8,5,1,0.932836165441119,10,10,0.4,0.1215522581198272,0.7376219233930549,1.0,0.3976353643835254,1.0,0.4,0.1215522581198272,0.7376219233930549,0.6,0.0,0.0,80,0.3375,0.2355261379836508,0.4519056143741682,1.0,0.8722971323845676,1.0,0.3375,0.2355261379836508,0.4519056143741682,0.6625,0.0,0.0,0.4
owlv2,177658,34885,1,woman,1,8,5,1,0.932836165441119,20,20,0.45,0.2305778967759242,0.6847218669594515,1.0,0.6637328831200572,1.0,0.45,0.2305778967759242,0.6847218669594515,0.55,0.0,0.0,80,0.3375,0.2355261379836508,0.4519056143741682,1.0,0.8722971323845676,1.0,0.3375,0.2355261379836508,0.4519056143741682,0.6625,0.0,0.0,0.45
owlv2,177658,34885,1,woman,1,8,5,1,0.932836165441119,40,40,0.45,0.2925883500398799,0.6150932054659867,1.0,0.8146980318621478,1.0,0.45,0.2925883500398799,0.6150932054659867,0.55,0.0,0.0,80,0.3375,0.2355261379836508,0.4519056143741682,1.0,0.8722971323845676,1.0,0.3375,0.2355261379836508,0.4519056143741682,0.6625,0.0,0.0,0.45
owlv2,139763,37936,62,first chair on right,1,20,5,0,0.0,5,5,1.0,0.4781762498950185,1.0,0.8,0.2835820638819106,0.994949236620532,0.8,0.2835820638819106,0.994949236620532,0.0,0.1999999999999999,0.0,80,1.0,0.9549359649323076,1.0,0.9125,0.8279916615801152,0.9640936410104411,0.9125,0.8279916615801152,0.9640936410104411,0.0,0.0875,0.0,0.8
owlv2,139763,37936,62,first chair on right,1,20,5,0,0.0,10,10,1.0,0.6915028921812392,1.0,0.8,0.4439045376923585,0.9747892736731666,0.8,0.4439045376923585,0.9747892736731666,0.0,0.1999999999999999,0.0,80,1.0,0.9549359649323076,1.0,0.9125,0.8279916615801152,0.9640936410104411,0.9125,0.8279916615801152,0.9640936410104411,0.0,0.0875,0.0,0.8
owlv2,139763,37936,62,first chair on right,1,20,5,0,0.0,20,20,1.0,0.8315665290169146,1.0,0.9,0.6830172859809176,0.9876514728297052,0.9,0.6830172859809176,0.9876514728297052,0.0,0.0999999999999999,0.0,80,1.0,0.9549359649323076,1.0,0.9125,0.8279916615801152,0.9640936410104411,0.9125,0.8279916615801152,0.9640936410104411,0.0,0.0875,0.0,0.9
owlv2,139763,37936,62,first chair on right,1,20,5,0,0.0,40,40,1.0,0.9119026971211976,1.0,0.875,0.7319670826382796,0.9581403738613832,0.875,0.7319670826382796,0.9581403738613832,0.0,0.125,0.0,80,1.0,0.9549359649323076,1.0,0.9125,0.8279916615801152,0.9640936410104411,0.9125,0.8279916615801152,0.9640936410104411,0.0,0.0875,0.0,0.875
owlv2,74183,43524,1,front row second from left,1,20,5,0,0.1622576491888705,5,5,1.0,0.4781762498950185,1.0,1.0,0.4781762498950185,1.0,1.0,0.4781762498950185,1.0,0.0,0.0,0.0,80,1.0,0.9549359649323076,1.0,1.0,0.9549359649323076,1.0,1.0,0.9549359649323076,1.0,0.0,0.0,0.0,1.0
owlv2,74183,43524,1,front row second from left,1,20,5,0,0.1622576491888705,10,10,1.0,0.6915028921812392,1.0,1.0,0.6915028921812392,1.0,1.0,0.6915028921812392,1.0,0.0,0.0,0.0,80,1.0,0.9549359649323076,1.0,1.0,0.9549359649323076,1.0,1.0,0.9549359649323076,1.0,0.0,0.0,0.0,1.0
owlv2,74183,43524,1,front row second from left,1,20,5,0,0.1622576491888705,20,20,1.0,0.8315665290169146,1.0,1.0,0.8315665290169146,1.0,1.0,0.8315665290169146,1.0,0.0,0.0,0.0,80,1.0,0.9549359649323076,1.0,1.0,0.9549359649323076,1.0,1.0,0.9549359649323076,1.0,0.0,0.0,0.0,1.0
owlv2,74183,43524,1,front row second from left,1,20,5,0,0.1622576491888705,40,40,1.0,0.9119026971211976,1.0,1.0,0.9119026971211976,1.0,1.0,0.9119026971211976,1.0,0.0,0.0,0.0,80,1.0,0.9549359649323076,1.0,1.0,0.9549359649323076,1.0,1.0,0.9549359649323076,1.0,0.0,0.0,0.0,1.0
owlv2,275707,26641,1,guy left,1,20,5,0,0.0,5,5,0.6,0.1466327996346731,0.9472550494736832,0.6666666666666666,0.0942993240502461,0.9915962413403874,0.4,0.0527449505263169,0.8533672003653268,0.4,0.2,5.551115123125783e-17,80,0.8125,0.7096721043523089,0.8910863118524706,0.9076923076923076,0.809834160783301,0.9653663477859,0.7375,0.6271491697875681,0.8295907488995917,0.1875,0.075,5.551115123125783e-17,0.4
owlv2,275707,26641,1,guy left,1,20,5,0,0.0,10,10,0.6,0.2623780766069451,0.8784477418801728,0.8333333333333334,0.3587654210023252,0.9957892554855106,0.5,0.1870860284473985,0.8129139715526015,0.4,0.0999999999999999,0.0,80,0.8125,0.7096721043523089,0.8910863118524706,0.9076923076923076,0.809834160783301,0.9653663477859,0.7375,0.6271491697875681,0.8295907488995917,0.1875,0.075,5.551115123125783e-17,0.5
owlv2,275707,26641,1,guy left,1,20,5,0,0.0,20,20,0.65,0.4078114654671719,0.8460907952154588,0.9230769230769232,0.6397025647321226,0.9980543715026532,0.6,0.3605425873074897,0.8088099392746928,0.35,0.0499999999999999,7.63278329429795e-17,80,0.8125,0.7096721043523089,0.8910863118524706,0.9076923076923076,0.809834160783301,0.9653663477859,0.7375,0.6271491697875681,0.8295907488995917,0.1875,0.075,5.551115123125783e-17,0.6
owlv2,275707,26641,1,guy left,1,20,5,0,0.0,40,40,0.65,0.4831555463510094,0.793717509129233,0.9230769230769232,0.7486970833046261,0.9905446089962872,0.6,0.4332670521932967,0.7513500134122563,0.35,0.0499999999999999,7.63278329429795e-17,80,0.8125,0.7096721043523089,0.8910863118524706,0.9076923076923076,0.809834160783301,0.9653663477859,0.7375,0.6271491697875681,0.8295907488995917,0.1875,0.075,5.551115123125783e-17,0.6
owlv2,163828,35981,1,hitta,1,8,5,0,0.3933291841939556,5,5,1.0,0.4781762498950185,1.0,0.6,0.1466327996346731,0.9472550494736832,0.6,0.1466327996346731,0.9472550494736832,0.0,0.4,0.0,80,1.0,0.9549359649323076,1.0,0.75,0.64063652409315,0.8401203554931442,0.75,0.64063652409315,0.8401203554931442,0.0,0.25,0.0,0.6
owlv2,163828,35981,1,hitta,1,8,5,0,0.3933291841939556,10,10,1.0,0.6915028921812392,1.0,0.6,0.2623780766069451,0.8784477418801728,0.6,0.2623780766069451,0.8784477418801728,0.0,0.4,0.0,80,1.0,0.9549359649323076,1.0,0.75,0.64063652409315,0.8401203554931442,0.75,0.64063652409315,0.8401203554931442,0.0,0.25,0.0,0.6
owlv2,163828,35981,1,hitta,1,8,5,0,0.3933291841939556,20,20,1.0,0.8315665290169146,1.0,0.6,0.3605425873074897,0.8088099392746928,0.6,0.3605425873074897,0.8088099392746928,0.0,0.4,0.0,80,1.0,0.9549359649323076,1.0,0.75,0.64063652409315,0.8401203554931442,0.75,0.64063652409315,0.8401203554931442,0.0,0.25,0.0,0.6
owlv2,163828,35981,1,hitta,1,8,5,0,0.3933291841939556,40,40,1.0,0.9119026971211976,1.0,0.6,0.4332670521932967,0.7513500134122563,0.6,0.4332670521932967,0.7513500134122563,0.0,0.4,0.0,80,1.0,0.9549359649323076,1.0,0.75,0.64063652409315,0.8401203554931442,0.75,0.64063652409315,0.8401203554931442,0.0,0.25,0.0,0.6
owlv2,71989,43765,1,person on right,1,11,5,1,0.886883387846554,5,5,0.8,0.2835820638819106,0.994949236620532,1.0,0.3976353643835254,1.0,0.8,0.2835820638819106,0.994949236620532,0.1999999999999999,0.0,0.0,80,0.8625,0.7672791291752744,0.9293121672961212,0.9565217391304348,0.8781528506343763,0.990942392641185,0.825,0.7238459604789864,0.9008894901605712,0.1374999999999999,0.0374999999999999,1.1102230246251563e-16,0.8
owlv2,71989,43765,1,person on right,1,11,5,1,0.886883387846554,10,10,0.8,0.4439045376923585,0.9747892736731666,0.875,0.4734903291247935,0.996840276468748,0.7,0.3475471499400027,0.9332604888222656,0.1999999999999999,0.1,8.326672684688674e-17,80,0.8625,0.7672791291752744,0.9293121672961212,0.9565217391304348,0.8781528506343763,0.990942392641185,0.825,0.7238459604789864,0.9008894901605712,0.1374999999999999,0.0374999999999999,1.1102230246251563e-16,0.7
owlv2,71989,43765,1,person on right,1,11,5,1,0.886883387846554,20,20,0.8,0.5633859970033317,0.9426660029499672,0.9375,0.6976792615654681,0.998418888277234,0.75,0.5089541282920425,0.9134285308985652,0.1999999999999999,0.05,4.163336342344337e-17,80,0.8625,0.7672791291752744,0.9293121672961212,0.9565217391304348,0.8781528506343763,0.990942392641185,0.825,0.7238459604789864,0.9008894901605712,0.1374999999999999,0.0374999999999999,1.1102230246251563e-16,0.75
owlv2,71989,43765,1,person on right,1,11,5,1,0.886883387846554,40,40,0.875,0.7319670826382796,0.9581403738613832,0.9714285714285714,0.8508279203435684,0.999276895623662,0.85,0.7016473331604236,0.942897741845474,0.125,0.025,1.3877787807814457e-17,80,0.8625,0.7672791291752744,0.9293121672961212,0.9565217391304348,0.8781528506343763,0.990942392641185,0.825,0.7238459604789864,0.9008894901605712,0.1374999999999999,0.0374999999999999,1.1102230246251563e-16,0.85
owlv2,77174,43277,54,left sandwich half,1,20,5,0,0.2348030505091768,5,5,1.0,0.4781762498950185,1.0,0.4,0.0527449505263169,0.8533672003653268,0.4,0.0527449505263169,0.8533672003653268,0.0,0.6,0.0,80,1.0,0.9549359649323076,1.0,0.4625,0.3502764265383983,0.5775824719951649,0.4625,0.3502764265383983,0.5775824719951649,0.0,0.5375,0.0,0.4
owlv2,77174,43277,54,left sandwich half,1,20,5,0,0.2348030505091768,10,10,1.0,0.6915028921812392,1.0,0.4,0.1215522581198272,0.7376219233930549,0.4,0.1215522581198272,0.7376219233930549,0.0,0.6,0.0,80,1.0,0.9549359649323076,1.0,0.4625,0.3502764265383983,0.5775824719951649,0.4625,0.3502764265383983,0.5775824719951649,0.0,0.5375,0.0,0.4
owlv2,77174,43277,54,left sandwich half,1,20,5,0,0.2348030505091768,20,20,1.0,0.8315665290169146,1.0,0.55,0.3152781330405486,0.7694221032240758,0.55,0.3152781330405486,0.7694221032240758,0.0,0.4499999999999999,0.0,80,1.0,0.9549359649323076,1.0,0.4625,0.3502764265383983,0.5775824719951649,0.4625,0.3502764265383983,0.5775824719951649,0.0,0.5375,0.0,0.55
owlv2,77174,43277,54,left sandwich half,1,20,5,0,0.2348030505091768,40,40,1.0,0.9119026971211976,1.0,0.55,0.3849067945340133,0.7074116499601201,0.55,0.3849067945340133,0.7074116499601201,0.0,0.4499999999999999,0.0,80,1.0,0.9549359649323076,1.0,0.4625,0.3502764265383983,0.5775824719951649,0.4625,0.3502764265383983,0.5775824719951649,0.0,0.5375,0.0,0.55
owlv2,289782,25388,8,red truck on right,1,20,5,1,0.9409040945209838,5,5,1.0,0.4781762498950185,1.0,1.0,0.4781762498950185,1.0,1.0,0.4781762498950185,1.0,0.0,0.0,0.0,80,1.0,0.9549359649323076,1.0,1.0,0.9549359649323076,1.0,1.0,0.9549359649323076,1.0,0.0,0.0,0.0,1.0
owlv2,289782,25388,8,red truck on right,1,20,5,1,0.9409040945209838,10,10,1.0,0.6915028921812392,1.0,1.0,0.6915028921812392,1.0,1.0,0.6915028921812392,1.0,0.0,0.0,0.0,80,1.0,0.9549359649323076,1.0,1.0,0.9549359649323076,1.0,1.0,0.9549359649323076,1.0,0.0,0.0,0.0,1.0
owlv2,289782,25388,8,red truck on right,1,20,5,1,0.9409040945209838,20,20,1.0,0.8315665290169146,1.0,1.0,0.8315665290169146,1.0,1.0,0.8315665290169146,1.0,0.0,0.0,0.0,80,1.0,0.9549359649323076,1.0,1.0,0.9549359649323076,1.0,1.0,0.9549359649323076,1.0,0.0,0.0,0.0,1.0
owlv2,289782,25388,8,red truck on right,1,20,5,1,0.9409040945209838,40,40,1.0,0.9119026971211976,1.0,1.0,0.9119026971211976,1.0,1.0,0.9119026971211976,1.0,0.0,0.0,0.0,80,1.0,0.9549359649323076,1.0,1.0,0.9549359649323076,1.0,1.0,0.9549359649323076,1.0,0.0,0.0,0.0,1.0
owlv2,61877,44578,1,right girl,1,20,5,0,0.0,5,5,1.0,0.4781762498950185,1.0,0.2,0.005050763379468,0.7164179361180893,0.2,0.005050763379468,0.7164179361180893,0.0,0.8,0.0,80,1.0,0.9549359649323076,1.0,0.1625,0.0894616417225292,0.2618368938251128,0.1625,0.0894616417225292,0.2618368938251128,0.0,0.8375,0.0,0.2
owlv2,61877,44578,1,right girl,1,20,5,0,0.0,10,10,1.0,0.6915028921812392,1.0,0.3,0.0667395111777345,0.6524528500599973,0.3,0.0667395111777345,0.6524528500599973,0.0,0.7,0.0,80,1.0,0.9549359649323076,1.0,0.1625,0.0894616417225292,0.2618368938251128,0.1625,0.0894616417225292,0.2618368938251128,0.0,0.8375,0.0,0.3
owlv2,61877,44578,1,right girl,1,20,5,0,0.0,20,20,1.0,0.8315665290169146,1.0,0.25,0.0865714691014346,0.4910458717079575,0.25,0.0865714691014346,0.4910458717079575,0.0,0.75,0.0,80,1.0,0.9549359649323076,1.0,0.1625,0.0894616417225292,0.2618368938251128,0.1625,0.0894616417225292,0.2618368938251128,0.0,0.8375,0.0,0.25
owlv2,61877,44578,1,right girl,1,20,5,0,0.0,40,40,1.0,0.9119026971211976,1.0,0.275,0.1460089919638656,0.4388829071790481,0.275,0.1460089919638656,0.4388829071790481,0.0,0.725,0.0,80,1.0,0.9549359649323076,1.0,0.1625,0.0894616417225292,0.2618368938251128,0.1625,0.0894616417225292,0.2618368938251128,0.0,0.8375,0.0,0.275
owlv2,158051,36394,1,woman,1,2,2,1,0.8159927244087465,5,5,0.6,0.1466327996346731,0.9472550494736832,1.0,0.2924017738212867,1.0,0.6,0.1466327996346731,0.9472550494736832,0.4,0.0,0.0,80,0.6875,0.5741109261435505,0.7865253688912328,1.0,0.9351292391745754,1.0,0.6875,0.5741109261435505,0.7865253688912328,0.3125,0.0,0.0,0.6
owlv2,158051,36394,1,woman,1,2,2,1,0.8159927244087465,10,10,0.4,0.1215522581198272,0.7376219233930549,1.0,0.3976353643835254,1.0,0.4,0.1215522581198272,0.7376219233930549,0.6,0.0,0.0,80,0.6875,0.5741109261435505,0.7865253688912328,1.0,0.9351292391745754,1.0,0.6875,0.5741109261435505,0.7865253688912328,0.3125,0.0,0.0,0.4
owlv2,158051,36394,1,woman,1,2,2,1,0.8159927244087465,20,20,0.55,0.3152781330405486,0.7694221032240758,1.0,0.7150858470818456,1.0,0.55,0.3152781330405486,0.7694221032240758,0.4499999999999999,0.0,0.0,80,0.6875,0.5741109261435505,0.7865253688912328,1.0,0.9351292391745754,1.0,0.6875,0.5741109261435505,0.7865253688912328,0.3125,0.0,0.0,0.55
owlv2,158051,36394,1,woman,1,2,2,1,0.8159927244087465,40,40,0.675,0.5087051245215516,0.8142710332366501,1.0,0.8722971323845676,1.0,0.675,0.5087051245215516,0.8142710332366501,0.3249999999999999,0.0,0.0,80,0.6875,0.5741109261435505,0.7865253688912328,1.0,0.9351292391745754,1.0,0.6875,0.5741109261435505,0.7865253688912328,0.3125,0.0,0.0,0.675
owlv2,553586,2501,54,right bread,1,20,5,1,0.7430859346937521,5,5,1.0,0.4781762498950185,1.0,1.0,0.4781762498950185,1.0,1.0,0.4781762498950185,1.0,0.0,0.0,0.0,80,1.0,0.9549359649323076,1.0,1.0,0.9549359649323076,1.0,1.0,0.9549359649323076,1.0,0.0,0.0,0.0,1.0
owlv2,553586,2501,54,right bread,1,20,5,1,0.7430859346937521,10,10,1.0,0.6915028921812392,1.0,1.0,0.6915028921812392,1.0,1.0,0.6915028921812392,1.0,0.0,0.0,0.0,80,1.0,0.9549359649323076,1.0,1.0,0.9549359649323076,1.0,1.0,0.9549359649323076,1.0,0.0,0.0,0.0,1.0
owlv2,553586,2501,54,right bread,1,20,5,1,0.7430859346937521,20,20,1.0,0.8315665290169146,1.0,1.0,0.8315665290169146,1.0,1.0,0.8315665290169146,1.0,0.0,0.0,0.0,80,1.0,0.9549359649323076,1.0,1.0,0.9549359649323076,1.0,1.0,0.9549359649323076,1.0,0.0,0.0,0.0,1.0
owlv2,553586,2501,54,right bread,1,20,5,1,0.7430859346937521,40,40,1.0,0.9119026971211976,1.0,1.0,0.9119026971211976,1.0,1.0,0.9119026971211976,1.0,0.0,0.0,0.0,80,1.0,0.9549359649323076,1.0,1.0,0.9549359649323076,1.0,1.0,0.9549359649323076,1.0,0.0,0.0,0.0,1.0
owlv2,135348,38331,1,guy with orange back far left no head,1,20,5,0,0.0080402520164289,5,5,0.6,0.1466327996346731,0.9472550494736832,1.0,0.2924017738212867,1.0,0.6,0.1466327996346731,0.9472550494736832,0.4,0.0,0.0,80,0.725,0.6137565791555908,0.8189623614429612,0.6551724137931034,0.5188026848764367,0.7750990656336632,0.475,0.3621335816771526,0.5897721586232294,0.275,0.25,0.0,0.6
owlv2,135348,38331,1,guy with orange back far left no head,1,20,5,0,0.0080402520164289,10,10,0.6,0.2623780766069451,0.8784477418801728,0.6666666666666666,0.2227780955035121,0.9567281317072583,0.4,0.1215522581198272,0.7376219233930549,0.4,0.2,5.551115123125783e-17,80,0.725,0.6137565791555908,0.8189623614429612,0.6551724137931034,0.5188026848764367,0.7750990656336632,0.475,0.3621335816771526,0.5897721586232294,0.275,0.25,0.0,0.4
owlv2,135348,38331,1,guy with orange back far left no head,1,20,5,0,0.0080402520164289,20,20,0.65,0.4078114654671719,0.8460907952154588,0.7692307692307693,0.461868460765959,0.9496189265088484,0.5,0.2719578495607918,0.7280421504392082,0.35,0.1499999999999999,5.551115123125783e-17,80,0.725,0.6137565791555908,0.8189623614429612,0.6551724137931034,0.5188026848764367,0.7750990656336632,0.475,0.3621335816771526,0.5897721586232294,0.275,0.25,0.0,0.5
owlv2,135348,38331,1,guy with orange back far left no head,1,20,5,0,0.0080402520164289,40,40,0.675,0.5087051245215516,0.8142710332366501,0.7407407407407407,0.5371512577238284,0.8888554371545576,0.5,0.3380178137372345,0.6619821862627655,0.3249999999999999,0.175,0.0,80,0.725,0.6137565791555908,0.8189623614429612,0.6551724137931034,0.5188026848764367,0.7750990656336632,0.475,0.3621335816771526,0.5897721586232294,0.275,0.25,0.0,0.5
owlv2,474123,9388,1,tats chick,1,8,5,0,0.0089524437506413,5,5,1.0,0.4781762498950185,1.0,1.0,0.4781762498950185,1.0,1.0,0.4781762498950185,1.0,0.0,0.0,0.0,80,0.85,0.7526358884071023,0.9200184386902862,1.0,0.9471969572063602,1.0,0.85,0.7526358884071023,0.9200184386902862,0.15,0.0,0.0,1.0
owlv2,474123,9388,1,tats chick,1,8,5,0,0.0089524437506413,10,10,0.9,0.5549838829718046,0.9974714214555382,1.0,0.6637328831200572,1.0,0.9,0.5549838829718046,0.9974714214555382,0.0999999999999999,0.0,0.0,80,0.85,0.7526358884071023,0.9200184386902862,1.0,0.9471969572063602,1.0,0.85,0.7526358884071023,0.9200184386902862,0.15,0.0,0.0,0.9
owlv2,474123,9388,1,tats chick,1,8,5,0,0.0089524437506413,20,20,0.9,0.6830172859809176,0.9876514728297052,1.0,0.8146980318621478,1.0,0.9,0.6830172859809176,0.9876514728297052,0.0999999999999999,0.0,0.0,80,0.85,0.7526358884071023,0.9200184386902862,1.0,0.9471969572063602,1.0,0.85,0.7526358884071023,0.9200184386902862,0.15,0.0,0.0,0.9
owlv2,474123,9388,1,tats chick,1,8,5,0,0.0089524437506413,40,40,0.925,0.796135251267101,0.9842578201489584,1.0,0.90510941258501,1.0,0.925,0.796135251267101,0.9842578201489584,0.0749999999999999,0.0,0.0,80,0.85,0.7526358884071023,0.9200184386902862,1.0,0.9471969572063602,1.0,0.85,0.7526358884071023,0.9200184386902862,0.15,0.0,0.0,0.925
owlv2,538398,3810,63,striped thing,1,20,5,0,0.1514154102900355,5,5,1.0,0.4781762498950185,1.0,1.0,0.4781762498950185,1.0,1.0,0.4781762498950185,1.0,0.0,0.0,0.0,80,0.8125,0.7096721043523089,0.8910863118524706,0.9076923076923076,0.809834160783301,0.9653663477859,0.7375,0.6271491697875681,0.8295907488995917,0.1875,0.075,5.551115123125783e-17,1.0
owlv2,538398,3810,63,striped thing,1,20,5,0,0.1514154102900355,10,10,0.9,0.5549838829718046,0.9974714214555382,0.8888888888888888,0.517503485082663,0.9971908632534008,0.8,0.4439045376923585,0.9747892736731666,0.0999999999999999,0.1,6.938893903907227e-17,80,0.8125,0.7096721043523089,0.8910863118524706,0.9076923076923076,0.809834160783301,0.9653663477859,0.7375,0.6271491697875681,0.8295907488995917,0.1875,0.075,5.551115123125783e-17,0.8
owlv2,538398,3810,63,striped thing,1,20,5,0,0.1514154102900355,20,20,0.9,0.6830172859809176,0.9876514728297052,0.7777777777777778,0.52362723426352,0.9359079522823336,0.7,0.4572108177237109,0.8810684095942722,0.0999999999999999,0.1999999999999999,8.326672684688674e-17,80,0.8125,0.7096721043523089,0.8910863118524706,0.9076923076923076,0.809834160783301,0.9653663477859,0.7375,0.6271491697875681,0.8295907488995917,0.1875,0.075,5.551115123125783e-17,0.7
owlv2,538398,3810,63,striped thing,1,20,5,0,0.1514154102900355,40,40,0.9,0.7633626001239001,0.9720745847057808,0.75,0.5779704154218559,0.8787967058761648,0.675,0.5087051245215516,0.8142710332366501,0.0999999999999999,0.225,2.775557561562892e-17,80,0.8125,0.7096721043523089,0.8910863118524706,0.9076923076923076,0.809834160783301,0.9653663477859,0.7375,0.6271491697875681,0.8295907488995917,0.1875,0.075,5.551115123125783e-17,0.675
owlv2,116882,39938,1,woman,1,6,5,1,0.9744789097667312,5,5,0.8,0.2835820638819106,0.994949236620532,1.0,0.3976353643835254,1.0,0.8,0.2835820638819106,0.994949236620532,0.1999999999999999,0.0,0.0,80,0.8625,0.7672791291752744,0.9293121672961212,0.8840579710144928,0.784267477451807,0.9485934402224252,0.7625,0.6542230288597322,0.8505462481433591,0.1374999999999999,0.0999999999999999,1.249000902703301e-16,0.8
owlv2,116882,39938,1,woman,1,6,5,1,0.9744789097667312,10,10,0.9,0.5549838829718046,0.9974714214555382,0.8888888888888888,0.517503485082663,0.9971908632534008,0.8,0.4439045376923585,0.9747892736731666,0.0999999999999999,0.1,6.938893903907227e-17,80,0.8625,0.7672791291752744,0.9293121672961212,0.8840579710144928,0.784267477451807,0.9485934402224252,0.7625,0.6542230288597322,0.8505462481433591,0.1374999999999999,0.0999999999999999,1.249000902703301e-16,0.8
owlv2,116882,39938,1,woman,1,6,5,1,0.9744789097667312,20,20,0.9,0.6830172859809176,0.9876514728297052,0.9444444444444444,0.7270564003266315,0.9985944438326306,0.85,0.6210731734546859,0.9679290628145364,0.0999999999999999,0.05,2.0816681711721685e-17,80,0.8625,0.7672791291752744,0.9293121672961212,0.8840579710144928,0.784267477451807,0.9485934402224252,0.7625,0.6542230288597322,0.8505462481433591,0.1374999999999999,0.0999999999999999,1.249000902703301e-16,0.85
owlv2,116882,39938,1,woman,1,6,5,1,0.9744789097667312,40,40,0.9,0.7633626001239001,0.9720745847057808,0.9722222222222222,0.8547107352531468,0.9992969747940952,0.875,0.7319670826382796,0.9581403738613832,0.0999999999999999,0.025,1.0408340855860844e-17,80,0.8625,0.7672791291752744,0.9293121672961212,0.8840579710144928,0.784267477451807,0.9485934402224252,0.7625,0.6542230288597322,0.8505462481433591,0.1374999999999999,0.0999999999999999,1.249000902703301e-16,0.875
owlv2,176945,34939,54,top half of sandwich,1,20,5,1,0.938049212028305,5,5,1.0,0.4781762498950185,1.0,0.8,0.2835820638819106,0.994949236620532,0.8,0.2835820638819106,0.994949236620532,0.0,0.1999999999999999,0.0,80,0.9875,0.9323122155360776,0.9996835774723672,0.9113924050632912,0.8259193140116772,0.9636294540867606,0.9,0.8124348925365684,0.955829059846371,0.0124999999999999,0.0875,1.3877787807814457e-17,0.8
owlv2,176945,34939,54,top half of sandwich,1,20,5,1,0.938049212028305,10,10,1.0,0.6915028921812392,1.0,0.8,0.4439045376923585,0.9747892736731666,0.8,0.4439045376923585,0.9747892736731666,0.0,0.1999999999999999,0.0,80,0.9875,0.9323122155360776,0.9996835774723672,0.9113924050632912,0.8259193140116772,0.9636294540867606,0.9,0.8124348925365684,0.955829059846371,0.0124999999999999,0.0875,1.3877787807814457e-17,0.8
owlv2,176945,34939,54,top half of sandwich,1,20,5,1,0.938049212028305,20,20,1.0,0.8315665290169146,1.0,0.8,0.5633859970033317,0.9426660029499672,0.8,0.5633859970033317,0.9426660029499672,0.0,0.1999999999999999,0.0,80,0.9875,0.9323122155360776,0.9996835774723672,0.9113924050632912,0.8259193140116772,0.9636294540867606,0.9,0.8124348925365684,0.955829059846371,0.0124999999999999,0.0875,1.3877787807814457e-17,0.8
owlv2,176945,34939,54,top half of sandwich,1,20,5,1,0.938049212028305,40,40,1.0,0.9119026971211976,1.0,0.875,0.7319670826382796,0.9581403738613832,0.875,0.7319670826382796,0.9581403738613832,0.0,0.125,0.0,80,0.9875,0.9323122155360776,0.9996835774723672,0.9113924050632912,0.8259193140116772,0.9636294540867606,0.9,0.8124348925365684,0.955829059846371,0.0124999999999999,0.0875,1.3877787807814457e-17,0.875
owlv2,394992,16234,1,middle front row,1,20,5,0,0.0878542981588134,5,5,0.8,0.2835820638819106,0.994949236620532,1.0,0.3976353643835254,1.0,0.8,0.2835820638819106,0.994949236620532,0.1999999999999999,0.0,0.0,80,0.9125,0.8279916615801152,0.9640936410104411,0.9863013698630136,0.926023676821656,0.9996532408474008,0.9,0.8124348925365684,0.955829059846371,0.0875,0.0125,9.367506770274757e-17,0.8
owlv2,394992,16234,1,middle front row,1,20,5,0,0.0878542981588134,10,10,0.8,0.4439045376923585,0.9747892736731666,1.0,0.6305833524471808,1.0,0.8,0.4439045376923585,0.9747892736731666,0.1999999999999999,0.0,0.0,80,0.9125,0.8279916615801152,0.9640936410104411,0.9863013698630136,0.926023676821656,0.9996532408474008,0.9,0.8124348925365684,0.955829059846371,0.0875,0.0125,9.367506770274757e-17,0.8
owlv2,394992,16234,1,middle front row,1,20,5,0,0.0878542981588134,20,20,0.85,0.6210731734546859,0.9679290628145364,1.0,0.8049356770309068,1.0,0.85,0.6210731734546859,0.9679290628145364,0.15,0.0,0.0,80,0.9125,0.8279916615801152,0.9640936410104411,0.9863013698630136,0.926023676821656,0.9996532408474008,0.9,0.8124348925365684,0.955829059846371,0.0875,0.0125,9.367506770274757e-17,0.85
owlv2,394992,16234,1,middle front row,1,20,5,0,0.0878542981588134,40,40,0.85,0.7016473331604236,0.942897741845474,0.9705882352941176,0.8467323304396823,0.9992556357653096,0.825,0.6722098666384142,0.9266172706479148,0.15,0.025,1.7347234759768068e-17,80,0.9125,0.8279916615801152,0.9640936410104411,0.9863013698630136,0.926023676821656,0.9996532408474008,0.9,0.8124348925365684,0.955829059846371,0.0875,0.0125,9.367506770274757e-17,0.825
owlv2,132617,38525,62,the chair on the far left that is empty,1,20,5,0,0.0705835458992054,5,5,1.0,0.4781762498950185,1.0,0.2,0.005050763379468,0.7164179361180893,0.2,0.005050763379468,0.7164179361180893,0.0,0.8,0.0,80,0.9875,0.9323122155360776,0.9996835774723672,0.6329113924050633,0.5169249286802158,0.7386122252845456,0.625,0.5096452355928875,0.7308068300531951,0.0124999999999999,0.3625,5.551115123125783e-17,0.2
owlv2,132617,38525,62,the chair on the far left that is empty,1,20,5,0,0.0705835458992054,10,10,1.0,0.6915028921812392,1.0,0.5,0.1870860284473985,0.8129139715526015,0.5,0.1870860284473985,0.8129139715526015,0.0,0.5,0.0,80,0.9875,0.9323122155360776,0.9996835774723672,0.6329113924050633,0.5169249286802158,0.7386122252845456,0.625,0.5096452355928875,0.7308068300531951,0.0124999999999999,0.3625,5.551115123125783e-17,0.5
owlv2,132617,38525,62,the chair on the far left that is empty,1,20,5,0,0.0705835458992054,20,20,1.0,0.8315665290169146,1.0,0.6,0.3605425873074897,0.8088099392746928,0.6,0.3605425873074897,0.8088099392746928,0.0,0.4,0.0,80,0.9875,0.9323122155360776,0.9996835774723672,0.6329113924050633,0.5169249286802158,0.7386122252845456,0.625,0.5096452355928875,0.7308068300531951,0.0124999999999999,0.3625,5.551115123125783e-17,0.6
owlv2,132617,38525,62,the chair on the far left that is empty,1,20,5,0,0.0705835458992054,40,40,1.0,0.9119026971211976,1.0,0.6,0.4332670521932967,0.7513500134122563,0.6,0.4332670521932967,0.7513500134122563,0.0,0.4,0.0,80,0.9875,0.9323122155360776,0.9996835774723672,0.6329113924050633,0.5169249286802158,0.7386122252845456,0.625,0.5096452355928875,0.7308068300531951,0.0124999999999999,0.3625,5.551115123125783e-17,0.6
owlv2,547348,3059,1,blue suite left bottom corner,0,1,0,0,0.0,5,0,0.0,,,,,,0.0,,,,,,0,0.0,,,,,,0.0,,,,,,0.0
owlv2,547348,3059,1,blue suite left bottom corner,0,1,0,0,0.0,10,0,0.0,,,,,,0.0,,,,,,0,0.0,,,,,,0.0,,,,,,0.0
owlv2,547348,3059,1,blue suite left bottom corner,0,1,0,0,0.0,20,0,0.0,,,,,,0.0,,,,,,0,0.0,,,,,,0.0,,,,,,0.0
owlv2,547348,3059,1,blue suite left bottom corner,0,1,0,0,0.0,40,0,0.0,,,,,,0.0,,,,,,0,0.0,,,,,,0.0,,,,,,0.0
owlv2,74925,43450,1,the person with their back to us,1,20,5,0,0.0,5,5,1.0,0.4781762498950185,1.0,1.0,0.4781762498950185,1.0,1.0,0.4781762498950185,1.0,0.0,0.0,0.0,80,1.0,0.9549359649323076,1.0,1.0,0.9549359649323076,1.0,1.0,0.9549359649323076,1.0,0.0,0.0,0.0,1.0
owlv2,74925,43450,1,the person with their back to us,1,20,5,0,0.0,10,10,1.0,0.6915028921812392,1.0,1.0,0.6915028921812392,1.0,1.0,0.6915028921812392,1.0,0.0,0.0,0.0,80,1.0,0.9549359649323076,1.0,1.0,0.9549359649323076,1.0,1.0,0.9549359649323076,1.0,0.0,0.0,0.0,1.0
owlv2,74925,43450,1,the person with their back to us,1,20,5,0,0.0,20,20,1.0,0.8315665290169146,1.0,1.0,0.8315665290169146,1.0,1.0,0.8315665290169146,1.0,0.0,0.0,0.0,80,1.0,0.9549359649323076,1.0,1.0,0.9549359649323076,1.0,1.0,0.9549359649323076,1.0,0.0,0.0,0.0,1.0
owlv2,74925,43450,1,the person with their back to us,1,20,5,0,0.0,40,40,1.0,0.9119026971211976,1.0,1.0,0.9119026971211976,1.0,1.0,0.9119026971211976,1.0,0.0,0.0,0.0,80,1.0,0.9549359649323076,1.0,1.0,0.9549359649323076,1.0,1.0,0.9549359649323076,1.0,0.0,0.0,0.0,1.0
owlv2,233871,30147,1,girl with chin in hand,1,20,5,0,0.0,5,5,0.4,0.0527449505263169,0.8533672003653268,1.0,0.158113883008419,1.0,0.4,0.0527449505263169,0.8533672003653268,0.6,0.0,0.0,80,0.3,0.2025739291466727,0.412759323081376,0.9166666666666666,0.7300271984423964,0.9897436587187498,0.275,0.1810376385570388,0.3862434208444092,0.7,0.025,1.0408340855860844e-17,0.4
owlv2,233871,30147,1,girl with chin in hand,1,20,5,0,0.0,10,10,0.3,0.0667395111777345,0.6524528500599973,0.6666666666666666,0.0942993240502461,0.9915962413403874,0.2,0.0252107263268333,0.5560954623076415,0.7,0.1,8.326672684688674e-17,80,0.3,0.2025739291466727,0.412759323081376,0.9166666666666666,0.7300271984423964,0.9897436587187498,0.275,0.1810376385570388,0.3862434208444092,0.7,0.025,1.0408340855860844e-17,0.2
owlv2,233871,30147,1,girl with chin in hand,1,20,5,0,0.0,20,20,0.25,0.0865714691014346,0.4910458717079575,0.8,0.2835820638819106,0.994949236620532,0.2,0.0573339970500327,0.4366140029966682,0.75,0.0499999999999999,5.551115123125783e-17,80,0.3,0.2025739291466727,0.412759323081376,0.9166666666666666,0.7300271984423964,0.9897436587187498,0.275,0.1810376385570388,0.3862434208444092,0.7,0.025,1.0408340855860844e-17,0.2
owlv2,233871,30147,1,girl with chin in hand,1,20,5,0,0.0,40,40,0.325,0.1857289667633498,0.4912948754784484,0.8461538461538461,0.5455289443234423,0.9807933280174717,0.275,0.1460089919638656,0.4388829071790481,0.675,0.05,6.938893903907227e-17,80,0.3,0.2025739291466727,0.412759323081376,0.9166666666666666,0.7300271984423964,0.9897436587187498,0.275,0.1810376385570388,0.3862434208444092,0.7,0.025,1.0408340855860844e-17,0.275
owlv2,476934,9180,1,hands right,1,10,5,0,0.3882483674773492,5,5,0.8,0.2835820638819106,0.994949236620532,1.0,0.3976353643835254,1.0,0.8,0.2835820638819106,0.994949236620532,0.1999999999999999,0.0,0.0,80,0.725,0.6137565791555908,0.8189623614429612,0.9827586206896552,0.9076389478576248,0.9995635813275812,0.7125,0.6004548866879794,0.8082395280280349,0.275,0.0125,6.938893903907227e-17,0.8
owlv2,476934,9180,1,hands right,1,10,5,0,0.3882483674773492,10,10,0.8,0.4439045376923585,0.9747892736731666,1.0,0.6305833524471808,1.0,0.8,0.4439045376923585,0.9747892736731666,0.1999999999999999,0.0,0.0,80,0.725,0.6137565791555908,0.8189623614429612,0.9827586206896552,0.9076389478576248,0.9995635813275812,0.7125,0.6004548866879794,0.8082395280280349,0.275,0.0125,6.938893903907227e-17,0.8
owlv2,476934,9180,1,hands right,1,10,5,0,0.3882483674773492,20,20,0.7,0.4572108177237109,0.8810684095942722,1.0,0.7683642383498835,1.0,0.7,0.4572108177237109,0.8810684095942722,0.3,0.0,0.0,80,0.725,0.6137565791555908,0.8189623614429612,0.9827586206896552,0.9076389478576248,0.9995635813275812,0.7125,0.6004548866879794,0.8082395280280349,0.275,0.0125,6.938893903907227e-17,0.7
owlv2,476934,9180,1,hands right,1,10,5,0,0.3882483674773492,40,40,0.725,0.5611170928209519,0.8539910080361344,1.0,0.8805551309304973,1.0,0.725,0.5611170928209519,0.8539910080361344,0.275,0.0,0.0,80,0.725,0.6137565791555908,0.8189623614429612,0.9827586206896552,0.9076389478576248,0.9995635813275812,0.7125,0.6004548866879794,0.8082395280280349,0.275,0.0125,6.938893903907227e-17,0.725
owlv2,550129,2813,25,giraffe front,1,20,5,1,0.5557870069108523,5,5,0.4,0.0527449505263169,0.8533672003653268,0.5,0.012579117093425,0.9874208829065748,0.2,0.005050763379468,0.7164179361180893,0.6,0.2,5.551115123125783e-17,80,0.525,0.4102278413767706,0.6378664183228473,0.5714285714285714,0.40961127076287,0.7227932522003722,0.3,0.2025739291466727,0.412759323081376,0.475,0.225,5.551115123125783e-17,0.2
owlv2,550129,2813,25,giraffe front,1,20,5,1,0.5557870069108523,10,10,0.4,0.1215522581198272,0.7376219233930549,0.75,0.1941204496832434,0.9936905367902902,0.3,0.0667395111777345,0.6524528500599973,0.6,0.1,2.775557561562892e-17,80,0.525,0.4102278413767706,0.6378664183228473,0.5714285714285714,0.40961127076287,0.7227932522003722,0.3,0.2025739291466727,0.412759323081376,0.475,0.225,5.551115123125783e-17,0.3
owlv2,550129,2813,25,giraffe front,1,20,5,1,0.5557870069108523,20,20,0.4,0.1911900607253072,0.6394574126925103,0.875,0.4734903291247935,0.996840276468748,0.35,0.1539092047845411,0.5921885345328282,0.6,0.05,4.163336342344337e-17,80,0.525,0.4102278413767706,0.6378664183228473,0.5714285714285714,0.40961127076287,0.7227932522003722,0.3,0.2025739291466727,0.412759323081376,0.475,0.225,5.551115123125783e-17,0.35
owlv2,550129,2813,25,giraffe front,1,20,5,1,0.5557870069108523,40,40,0.5,0.3380178137372345,0.6619821862627655,0.75,0.5089541282920425,0.9134285308985652,0.375,0.2272627224818259,0.5419852477673891,0.5,0.125,0.0,80,0.525,0.4102278413767706,0.6378664183228473,0.5714285714285714,0.40961127076287,0.7227932522003722,0.3,0.2025739291466727,0.412759323081376,0.475,0.225,5.551115123125783e-17,0.375
owlv2,276460,26582,1,man middle yellow shirt,1,10,5,1,0.6747579132408638,5,5,1.0,0.4781762498950185,1.0,1.0,0.4781762498950185,1.0,1.0,0.4781762498950185,1.0,0.0,0.0,0.0,80,0.9625,0.8942980149834914,0.9921988127342832,1.0,0.953221931839596,1.0,0.9625,0.8942980149834914,0.9921988127342832,0.0374999999999999,0.0,0.0,1.0
owlv2,276460,26582,1,man middle yellow shirt,1,10,5,1,0.6747579132408638,10,10,1.0,0.6915028921812392,1.0,1.0,0.6915028921812392,1.0,1.0,0.6915028921812392,1.0,0.0,0.0,0.0,80,0.9625,0.8942980149834914,0.9921988127342832,1.0,0.953221931839596,1.0,0.9625,0.8942980149834914,0.9921988127342832,0.0374999999999999,0.0,0.0,1.0
owlv2,276460,26582,1,man middle yellow shirt,1,10,5,1,0.6747579132408638,20,20,0.9,0.6830172859809176,0.9876514728297052,1.0,0.8146980318621478,1.0,0.9,0.6830172859809176,0.9876514728297052,0.0999999999999999,0.0,0.0,80,0.9625,0.8942980149834914,0.9921988127342832,1.0,0.953221931839596,1.0,0.9625,0.8942980149834914,0.9921988127342832,0.0374999999999999,0.0,0.0,0.9
owlv2,276460,26582,1,man middle yellow shirt,1,10,5,1,0.6747579132408638,40,40,0.925,0.796135251267101,0.9842578201489584,1.0,0.90510941258501,1.0,0.925,0.796135251267101,0.9842578201489584,0.0749999999999999,0.0,0.0,80,0.9625,0.8942980149834914,0.9921988127342832,1.0,0.953221931839596,1.0,0.9625,0.8942980149834914,0.9921988127342832,0.0374999999999999,0.0,0.0,0.925
owlv2,450162,11481,1,suit and tie,1,12,5,0,0.0610096315388153,5,5,0.8,0.2835820638819106,0.994949236620532,1.0,0.3976353643835254,1.0,0.8,0.2835820638819106,0.994949236620532,0.1999999999999999,0.0,0.0,80,0.7625,0.6542230288597322,0.8505462481433591,1.0,0.9413187760677074,1.0,0.7625,0.6542230288597322,0.8505462481433591,0.2375,0.0,0.0,0.8
owlv2,450162,11481,1,suit and tie,1,12,5,0,0.0610096315388153,10,10,0.8,0.4439045376923585,0.9747892736731666,1.0,0.6305833524471808,1.0,0.8,0.4439045376923585,0.9747892736731666,0.1999999999999999,0.0,0.0,80,0.7625,0.6542230288597322,0.8505462481433591,1.0,0.9413187760677074,1.0,0.7625,0.6542230288597322,0.8505462481433591,0.2375,0.0,0.0,0.8
owlv2,450162,11481,1,suit and tie,1,12,5,0,0.0610096315388153,20,20,0.75,0.5089541282920425,0.9134285308985652,1.0,0.781980639089466,1.0,0.75,0.5089541282920425,0.9134285308985652,0.25,0.0,0.0,80,0.7625,0.6542230288597322,0.8505462481433591,1.0,0.9413187760677074,1.0,0.7625,0.6542230288597322,0.8505462481433591,0.2375,0.0,0.0,0.75
owlv2,450162,11481,1,suit and tie,1,12,5,0,0.0610096315388153,40,40,0.75,0.5880380198485702,0.873085201067155,1.0,0.8842966917779722,1.0,0.75,0.5880380198485702,0.873085201067155,0.25,0.0,0.0,80,0.7625,0.6542230288597322,0.8505462481433591,1.0,0.9413187760677074,1.0,0.7625,0.6542230288597322,0.8505462481433591,0.2375,0.0,0.0,0.75
owlv2,85939,42549,86,top right of frame dark circles,0,0,0,0,0.0,5,0,0.0,,,,,,0.0,,,,,,0,0.0,,,,,,0.0,,,,,,0.0
owlv2,85939,42549,86,top right of frame dark circles,0,0,0,0,0.0,10,0,0.0,,,,,,0.0,,,,,,0,0.0,,,,,,0.0,,,,,,0.0
owlv2,85939,42549,86,top right of frame dark circles,0,0,0,0,0.0,20,0,0.0,,,,,,0.0,,,,,,0,0.0,,,,,,0.0,,,,,,0.0
owlv2,85939,42549,86,top right of frame dark circles,0,0,0,0,0.0,40,0,0.0,,,,,,0.0,,,,,,0,0.0,,,,,,0.0,,,,,,0.0
owlv2,360302,19049,22,figurine closest,1,20,5,0,0.0,5,5,1.0,0.4781762498950185,1.0,0.8,0.2835820638819106,0.994949236620532,0.8,0.2835820638819106,0.994949236620532,0.0,0.1999999999999999,0.0,80,0.8625,0.7672791291752744,0.9293121672961212,0.6811594202898551,0.5579456085523886,0.788252141100311,0.5875,0.4718483404252045,0.6964754070624058,0.1374999999999999,0.2749999999999999,5.551115123125783e-17,0.8
owlv2,360302,19049,22,figurine closest,1,20,5,0,0.0,10,10,1.0,0.6915028921812392,1.0,0.8,0.4439045376923585,0.9747892736731666,0.8,0.4439045376923585,0.9747892736731666,0.0,0.1999999999999999,0.0,80,0.8625,0.7672791291752744,0.9293121672961212,0.6811594202898551,0.5579456085523886,0.788252141100311,0.5875,0.4718483404252045,0.6964754070624058,0.1374999999999999,0.2749999999999999,5.551115123125783e-17,0.8
owlv2,360302,19049,22,figurine closest,1,20,5,0,0.0,20,20,0.95,0.7512672372279723,0.9987349105020502,0.631578947368421,0.3835779233144053,0.8371141278449004,0.6,0.3605425873074897,0.8088099392746928,0.05,0.35,5.551115123125783e-17,80,0.8625,0.7672791291752744,0.9293121672961212,0.6811594202898551,0.5579456085523886,0.788252141100311,0.5875,0.4718483404252045,0.6964754070624058,0.1374999999999999,0.2749999999999999,5.551115123125783e-17,0.6
owlv2,360302,19049,22,figurine closest,1,20,5,0,0.0,40,40,0.825,0.6722098666384142,0.9266172706479148,0.696969696969697,0.5128893024616068,0.8440833976030141,0.575,0.4089005804269633,0.7295709687311371,0.175,0.2499999999999999,5.551115123125783e-17,80,0.8625,0.7672791291752744,0.9293121672961212,0.6811594202898551,0.5579456085523886,0.788252141100311,0.5875,0.4718483404252045,0.6964754070624058,0.1374999999999999,0.2749999999999999,5.551115123125783e-17,0.575
owlv2,270460,26990,28,nearest biggest umbrella,1,20,5,1,0.9504313236360435,5,5,1.0,0.4781762498950185,1.0,0.6,0.1466327996346731,0.9472550494736832,0.6,0.1466327996346731,0.9472550494736832,0.0,0.4,0.0,80,1.0,0.9549359649323076,1.0,0.6375,0.5223872787351915,0.7421051046283819,0.6375,0.5223872787351915,0.7421051046283819,0.0,0.3625,0.0,0.6
owlv2,270460,26990,28,nearest biggest umbrella,1,20,5,1,0.9504313236360435,10,10,1.0,0.6915028921812392,1.0,0.8,0.4439045376923585,0.9747892736731666,0.8,0.4439045376923585,0.9747892736731666,0.0,0.1999999999999999,0.0,80,1.0,0.9549359649323076,1.0,0.6375,0.5223872787351915,0.7421051046283819,0.6375,0.5223872787351915,0.7421051046283819,0.0,0.3625,0.0,0.8
owlv2,270460,26990,28,nearest biggest umbrella,1,20,5,1,0.9504313236360435,20,20,1.0,0.8315665290169146,1.0,0.7,0.4572108177237109,0.8810684095942722,0.7,0.4572108177237109,0.8810684095942722,0.0,0.3,0.0,80,1.0,0.9549359649323076,1.0,0.6375,0.5223872787351915,0.7421051046283819,0.6375,0.5223872787351915,0.7421051046283819,0.0,0.3625,0.0,0.7
owlv2,270460,26990,28,nearest biggest umbrella,1,20,5,1,0.9504313236360435,40,40,0.975,0.8684141415172343,0.9993672550679504,0.6666666666666666,0.4978277353010903,0.8091190209536538,0.65,0.4831555463510094,0.793717509129233,0.025,0.325,5.551115123125783e-17,80,1.0,0.9549359649323076,1.0,0.6375,0.5223872787351915,0.7421051046283819,0.6375,0.5223872787351915,0.7421051046283819,0.0,0.3625,0.0,0.65
owlv2,464744,10169,63,bottom left corner black leather,1,20,5,0,0.0720506317669623,5,5,0.6,0.1466327996346731,0.9472550494736832,1.0,0.2924017738212867,1.0,0.6,0.1466327996346731,0.9472550494736832,0.4,0.0,0.0,80,0.5125,0.3981046687031854,0.625942518555561,0.8780487804878049,0.7379553244516903,0.9591932737525728,0.45,0.3384863844898155,0.565326020905847,0.4875,0.0624999999999999,6.938893903907228e-18,0.6
owlv2,464744,10169,63,bottom left corner black leather,1,20,5,0,0.0720506317669623,10,10,0.5,0.1870860284473985,0.8129139715526015,1.0,0.4781762498950185,1.0,0.5,0.1870860284473985,0.8129139715526015,0.5,0.0,0.0,80,0.5125,0.3981046687031854,0.625942518555561,0.8780487804878049,0.7379553244516903,0.9591932737525728,0.45,0.3384863844898155,0.565326020905847,0.4875,0.0624999999999999,6.938893903907228e-18,0.5
owlv2,464744,10169,63,bottom left corner black leather,1,20,5,0,0.0720506317669623,20,20,0.5,0.2719578495607918,0.7280421504392082,1.0,0.6915028921812392,1.0,0.5,0.2719578495607918,0.7280421504392082,0.5,0.0,0.0,80,0.5125,0.3981046687031854,0.625942518555561,0.8780487804878049,0.7379553244516903,0.9591932737525728,0.45,0.3384863844898155,0.565326020905847,0.4875,0.0624999999999999,6.938893903907228e-18,0.5
owlv2,464744,10169,63,bottom left corner black leather,1,20,5,0,0.0720506317669623,40,40,0.5,0.3380178137372345,0.6619821862627655,0.95,0.7512672372279723,0.9987349105020502,0.475,0.3151197066349862,0.6387198647359378,0.5,0.025,0.0,80,0.5125,0.3981046687031854,0.625942518555561,0.8780487804878049,0.7379553244516903,0.9591932737525728,0.45,0.3384863844898155,0.565326020905847,0.4875,0.0624999999999999,6.938893903907228e-18,0.475
owlv2,221794,31152,1,red on right,1,16,5,0,0.0545240486167965,5,5,0.2,0.005050763379468,0.7164179361180893,0.0,0.0,0.975,0.0,0.0,0.5218237501049814,0.8,0.2,5.551115123125783e-17,80,0.2875,0.1917604719719651,0.3995451133120206,0.391304347826087,0.1970764239690144,0.6145810426111503,0.1125,0.0527515131456875,0.2028465919169901,0.7125,0.175,5.551115123125783e-17,0.0
owlv2,221794,31152,1,red on right,1,16,5,0,0.0545240486167965,10,10,0.1,0.0025285785444617,0.4450161170281954,0.0,0.0,0.975,0.0,0.0,0.3084971078187608,0.9,0.1,2.775557561562892e-17,80,0.2875,0.1917604719719651,0.3995451133120206,0.391304347826087,0.1970764239690144,0.6145810426111503,0.1125,0.0527515131456875,0.2028465919169901,0.7125,0.175,5.551115123125783e-17,0.0
owlv2,221794,31152,1,red on right,1,16,5,0,0.0545240486167965,20,20,0.2,0.0573339970500327,0.4366140029966682,0.25,0.0063094632097098,0.8058795503167565,0.05,0.0012650894979498,0.2487327627720276,0.8,0.15,1.1102230246251563e-16,80,0.2875,0.1917604719719651,0.3995451133120206,0.391304347826087,0.1970764239690144,0.6145810426111503,0.1125,0.0527515131456875,0.2028465919169901,0.7125,0.175,5.551115123125783e-17,0.05
owlv2,221794,31152,1,red on right,1,16,5,0,0.0545240486167965,40,40,0.225,0.108396638984072,0.3845116773034227,0.3333333333333333,0.0748546314196918,0.7007049437914596,0.075,0.0157421798510415,0.2038647487328989,0.775,0.15,0.0,80,0.2875,0.1917604719719651,0.3995451133120206,0.391304347826087,0.1970764239690144,0.6145810426111503,0.1125,0.0527515131456875,0.2028465919169901,0.7125,0.175,5.551115123125783e-17,0.075
owlv2,280018,26223,51,top left white stuff,1,20,5,1,0.5711329584238644,5,5,1.0,0.4781762498950185,1.0,1.0,0.4781762498950185,1.0,1.0,0.4781762498950185,1.0,0.0,0.0,0.0,80,1.0,0.9549359649323076,1.0,1.0,0.9549359649323076,1.0,1.0,0.9549359649323076,1.0,0.0,0.0,0.0,1.0
owlv2,280018,26223,51,top left white stuff,1,20,5,1,0.5711329584238644,10,10,1.0,0.6915028921812392,1.0,1.0,0.6915028921812392,1.0,1.0,0.6915028921812392,1.0,0.0,0.0,0.0,80,1.0,0.9549359649323076,1.0,1.0,0.9549359649323076,1.0,1.0,0.9549359649323076,1.0,0.0,0.0,0.0,1.0
owlv2,280018,26223,51,top left white stuff,1,20,5,1,0.5711329584238644,20,20,1.0,0.8315665290169146,1.0,1.0,0.8315665290169146,1.0,1.0,0.8315665290169146,1.0,0.0,0.0,0.0,80,1.0,0.9549359649323076,1.0,1.0,0.9549359649323076,1.0,1.0,0.9549359649323076,1.0,0.0,0.0,0.0,1.0
owlv2,280018,26223,51,top left white stuff,1,20,5,1,0.5711329584238644,40,40,1.0,0.9119026971211976,1.0,1.0,0.9119026971211976,1.0,1.0,0.9119026971211976,1.0,0.0,0.0,0.0,80,1.0,0.9549359649323076,1.0,1.0,0.9549359649323076,1.0,1.0,0.9549359649323076,1.0,0.0,0.0,0.0,1.0
owlv2,197068,33280,77,the closed phone,1,17,5,0,0.0290521117430059,5,5,1.0,0.4781762498950185,1.0,1.0,0.4781762498950185,1.0,1.0,0.4781762498950185,1.0,0.0,0.0,0.0,80,1.0,0.9549359649323076,1.0,1.0,0.9549359649323076,1.0,1.0,0.9549359649323076,1.0,0.0,0.0,0.0,1.0
owlv2,197068,33280,77,the closed phone,1,17,5,0,0.0290521117430059,10,10,1.0,0.6915028921812392,1.0,1.0,0.6915028921812392,1.0,1.0,0.6915028921812392,1.0,0.0,0.0,0.0,80,1.0,0.9549359649323076,1.0,1.0,0.9549359649323076,1.0,1.0,0.9549359649323076,1.0,0.0,0.0,0.0,1.0
owlv2,197068,33280,77,the closed phone,1,17,5,0,0.0290521117430059,20,20,1.0,0.8315665290169146,1.0,1.0,0.8315665290169146,1.0,1.0,0.8315665290169146,1.0,0.0,0.0,0.0,80,1.0,0.9549359649323076,1.0,1.0,0.9549359649323076,1.0,1.0,0.9549359649323076,1.0,0.0,0.0,0.0,1.0
owlv2,197068,33280,77,the closed phone,1,17,5,0,0.0290521117430059,40,40,1.0,0.9119026971211976,1.0,1.0,0.9119026971211976,1.0,1.0,0.9119026971211976,1.0,0.0,0.0,0.0,80,1.0,0.9549359649323076,1.0,1.0,0.9549359649323076,1.0,1.0,0.9549359649323076,1.0,0.0,0.0,0.0,1.0
owlv2,5638,49560,1,driver,1,20,5,0,0.0,5,5,1.0,0.4781762498950185,1.0,0.4,0.0527449505263169,0.8533672003653268,0.4,0.0527449505263169,0.8533672003653268,0.0,0.6,0.0,80,0.95,0.876901263556847,0.9862106060235382,0.6842105263157895,0.567452098193474,0.7861054077454193,0.65,0.5352031145206642,0.7533280635274648,0.05,0.3,5.551115123125783e-17,0.4
owlv2,5638,49560,1,driver,1,20,5,0,0.0,10,10,1.0,0.6915028921812392,1.0,0.6,0.2623780766069451,0.8784477418801728,0.6,0.2623780766069451,0.8784477418801728,0.0,0.4,0.0,80,0.95,0.876901263556847,0.9862106060235382,0.6842105263157895,0.567452098193474,0.7861054077454193,0.65,0.5352031145206642,0.7533280635274648,0.05,0.3,5.551115123125783e-17,0.6
owlv2,5638,49560,1,driver,1,20,5,0,0.0,20,20,1.0,0.8315665290169146,1.0,0.55,0.3152781330405486,0.7694221032240758,0.55,0.3152781330405486,0.7694221032240758,0.0,0.4499999999999999,0.0,80,0.95,0.876901263556847,0.9862106060235382,0.6842105263157895,0.567452098193474,0.7861054077454193,0.65,0.5352031145206642,0.7533280635274648,0.05,0.3,5.551115123125783e-17,0.55
owlv2,5638,49560,1,driver,1,20,5,0,0.0,40,40,0.975,0.8684141415172343,0.9993672550679504,0.5384615384615384,0.3718107472065188,0.6990521969924921,0.525,0.3612801352640621,0.6848802933650138,0.025,0.45,5.551115123125783e-17,80,0.95,0.876901263556847,0.9862106060235382,0.6842105263157895,0.567452098193474,0.7861054077454193,0.65,0.5352031145206642,0.7533280635274648,0.05,0.3,5.551115123125783e-17,0.525
owlv2,108375,40612,1,lady on leftpurple shirt,1,20,5,0,0.0,5,5,0.8,0.2835820638819106,0.994949236620532,0.5,0.0675859864885429,0.932414013511457,0.4,0.0527449505263169,0.8533672003653268,0.1999999999999999,0.4,0.0,80,0.8875,0.7971534080830098,0.9472484868543124,0.5352112676056338,0.412872154356912,0.6545208230009258,0.475,0.3621335816771526,0.5897721586232294,0.1125,0.4125,5.551115123125783e-17,0.4
owlv2,108375,40612,1,lady on leftpurple shirt,1,20,5,0,0.0,10,10,0.8,0.4439045376923585,0.9747892736731666,0.375,0.0852334141372535,0.7551367836334484,0.3,0.0667395111777345,0.6524528500599973,0.1999999999999999,0.5,0.0,80,0.8875,0.7971534080830098,0.9472484868543124,0.5352112676056338,0.412872154356912,0.6545208230009258,0.475,0.3621335816771526,0.5897721586232294,0.1125,0.4125,5.551115123125783e-17,0.3
owlv2,108375,40612,1,lady on leftpurple shirt,1,20,5,0,0.0,20,20,0.85,0.6210731734546859,0.9679290628145364,0.5294117647058824,0.2781183003311065,0.7701673127340096,0.45,0.2305778967759242,0.6847218669594515,0.15,0.3999999999999999,5.551115123125783e-17,80,0.8875,0.7971534080830098,0.9472484868543124,0.5352112676056338,0.412872154356912,0.6545208230009258,0.475,0.3621335816771526,0.5897721586232294,0.1125,0.4125,5.551115123125783e-17,0.45
owlv2,108375,40612,1,lady on leftpurple shirt,1,20,5,0,0.0,40,40,0.875,0.7319670826382796,0.9581403738613832,0.5428571428571428,0.3664580171214521,0.711728556209243,0.475,0.3151197066349862,0.6387198647359378,0.125,0.4,0.0,80,0.8875,0.7971534080830098,0.9472484868543124,0.5352112676056338,0.412872154356912,0.6545208230009258,0.475,0.3621335816771526,0.5897721586232294,0.1125,0.4125,5.551115123125783e-17,0.475
owlv2,102290,41091,1,dancer,1,5,4,1,0.9256468434515992,5,5,0.8,0.2835820638819106,0.994949236620532,1.0,0.3976353643835254,1.0,0.8,0.2835820638819106,0.994949236620532,0.1999999999999999,0.0,0.0,80,0.4875,0.3740574814444389,0.6018953312968145,0.9487179487179488,0.8267552186263942,0.9937280279043096,0.4625,0.3502764265383983,0.5775824719951649,0.5125,0.025,3.469446951953614e-18,0.8
owlv2,102290,41091,1,dancer,1,5,4,1,0.9256468434515992,10,10,0.7,0.3475471499400027,0.9332604888222656,1.0,0.5903836027749967,1.0,0.7,0.3475471499400027,0.9332604888222656,0.3,0.0,0.0,80,0.4875,0.3740574814444389,0.6018953312968145,0.9487179487179488,0.8267552186263942,0.9937280279043096,0.4625,0.3502764265383983,0.5775824719951649,0.5125,0.025,3.469446951953614e-18,0.7
owlv2,102290,41091,1,dancer,1,5,4,1,0.9256468434515992,20,20,0.6,0.3605425873074897,0.8088099392746928,1.0,0.7353515306029488,1.0,0.6,0.3605425873074897,0.8088099392746928,0.4,0.0,0.0,80,0.4875,0.3740574814444389,0.6018953312968145,0.9487179487179488,0.8267552186263942,0.9937280279043096,0.4625,0.3502764265383983,0.5775824719951649,0.5125,0.025,3.469446951953614e-18,0.6
owlv2,102290,41091,1,dancer,1,5,4,1,0.9256468434515992,40,40,0.525,0.3612801352640621,0.6848802933650138,1.0,0.8389023847809204,1.0,0.525,0.3612801352640621,0.6848802933650138,0.475,0.0,0.0,80,0.4875,0.3740574814444389,0.6018953312968145,0.9487179487179488,0.8267552186263942,0.9937280279043096,0.4625,0.3502764265383983,0.5775824719951649,0.5125,0.025,3.469446951953614e-18,0.525
owlv2,26052,47798,47,cup with lemon on the,1,20,5,0,0.0,5,5,1.0,0.4781762498950185,1.0,0.8,0.2835820638819106,0.994949236620532,0.8,0.2835820638819106,0.994949236620532,0.0,0.1999999999999999,0.0,80,0.9875,0.9323122155360776,0.9996835774723672,0.8734177215189873,0.7795057785187525,0.9375956777792424,0.8625,0.7672791291752744,0.9293121672961212,0.0124999999999999,0.125,2.775557561562892e-17,0.8
owlv2,26052,47798,47,cup with lemon on the,1,20,5,0,0.0,10,10,1.0,0.6915028921812392,1.0,0.9,0.5549838829718046,0.9974714214555382,0.9,0.5549838829718046,0.9974714214555382,0.0,0.0999999999999999,0.0,80,0.9875,0.9323122155360776,0.9996835774723672,0.8734177215189873,0.7795057785187525,0.9375956777792424,0.8625,0.7672791291752744,0.9293121672961212,0.0124999999999999,0.125,2.775557561562892e-17,0.9
owlv2,26052,47798,47,cup with lemon on the,1,20,5,0,0.0,20,20,0.9,0.6830172859809176,0.9876514728297052,0.9444444444444444,0.7270564003266315,0.9985944438326306,0.85,0.6210731734546859,0.9679290628145364,0.0999999999999999,0.05,2.0816681711721685e-17,80,0.9875,0.9323122155360776,0.9996835774723672,0.8734177215189873,0.7795057785187525,0.9375956777792424,0.8625,0.7672791291752744,0.9293121672961212,0.0124999999999999,0.125,2.775557561562892e-17,0.85
owlv2,26052,47798,47,cup with lemon on the,1,20,5,0,0.0,40,40,0.95,0.8308031360405824,0.9938863534006492,0.9210526315789472,0.7862267088193818,0.9834135241354705,0.875,0.7319670826382796,0.9581403738613832,0.05,0.075,6.938893903907227e-17,80,0.9875,0.9323122155360776,0.9996835774723672,0.8734177215189873,0.7795057785187525,0.9375956777792424,0.8625,0.7672791291752744,0.9293121672961212,0.0124999999999999,0.125,2.775557561562892e-17,0.875
owlv2,539647,3700,1,left guy,1,17,5,0,0.0831999333705294,5,5,0.8,0.2835820638819106,0.994949236620532,0.25,0.0063094632097098,0.8058795503167565,0.2,0.005050763379468,0.7164179361180893,0.1999999999999999,0.6000000000000001,0.0,80,0.9375,0.8601429247023609,0.9793969276979898,0.3333333333333333,0.2286320617150305,0.4516514163393038,0.3125,0.2134746311087672,0.4258890738564495,0.0625,0.6250000000000001,1.1102230246251563e-16,0.2
owlv2,539647,3700,1,left guy,1,17,5,0,0.0831999333705294,10,10,0.9,0.5549838829718046,0.9974714214555382,0.2222222222222222,0.0281449734778982,0.600093573716312,0.2,0.0252107263268333,0.5560954623076415,0.0999999999999999,0.7000000000000001,0.0,80,0.9375,0.8601429247023609,0.9793969276979898,0.3333333333333333,0.2286320617150305,0.4516514163393038,0.3125,0.2134746311087672,0.4258890738564495,0.0625,0.6250000000000001,1.1102230246251563e-16,0.2
owlv2,539647,3700,1,left guy,1,17,5,0,0.0831999333705294,20,20,0.9,0.6830172859809176,0.9876514728297052,0.2777777777777778,0.0969492125255593,0.534801965583056,0.25,0.0865714691014346,0.4910458717079575,0.0999999999999999,0.65,0.0,80,0.9375,0.8601429247023609,0.9793969276979898,0.3333333333333333,0.2286320617150305,0.4516514163393038,0.3125,0.2134746311087672,0.4258890738564495,0.0625,0.6250000000000001,1.1102230246251563e-16,0.25
owlv2,539647,3700,1,left guy,1,17,5,0,0.0831999333705294,40,40,0.875,0.7319670826382796,0.9581403738613832,0.2857142857142857,0.1463547452790593,0.46304464455442,0.25,0.126914798932845,0.4119619801514298,0.125,0.625,0.0,80,0.9375,0.8601429247023609,0.9793969276979898,0.3333333333333333,0.2286320617150305,0.4516514163393038,0.3125,0.2134746311087672,0.4258890738564495,0.0625,0.6250000000000001,1.1102230246251563e-16,0.25
owlv2,421208,14012,24,zebra on left,1,17,5,1,0.8910008341225115,5,5,1.0,0.4781762498950185,1.0,1.0,0.4781762498950185,1.0,1.0,0.4781762498950185,1.0,0.0,0.0,0.0,80,1.0,0.9549359649323076,1.0,0.8,0.6956311329945355,0.8811409135950147,0.8,0.6956311329945355,0.8811409135950147,0.0,0.1999999999999999,0.0,1.0
owlv2,421208,14012,24,zebra on left,1,17,5,1,0.8910008341225115,10,10,1.0,0.6915028921812392,1.0,0.9,0.5549838829718046,0.9974714214555382,0.9,0.5549838829718046,0.9974714214555382,0.0,0.0999999999999999,0.0,80,1.0,0.9549359649323076,1.0,0.8,0.6956311329945355,0.8811409135950147,0.8,0.6956311329945355,0.8811409135950147,0.0,0.1999999999999999,0.0,0.9
owlv2,421208,14012,24,zebra on left,1,17,5,1,0.8910008341225115,20,20,1.0,0.8315665290169146,1.0,0.85,0.6210731734546859,0.9679290628145364,0.85,0.6210731734546859,0.9679290628145364,0.0,0.15,0.0,80,1.0,0.9549359649323076,1.0,0.8,0.6956311329945355,0.8811409135950147,0.8,0.6956311329945355,0.8811409135950147,0.0,0.1999999999999999,0.0,0.85
owlv2,421208,14012,24,zebra on left,1,17,5,1,0.8910008341225115,40,40,1.0,0.9119026971211976,1.0,0.875,0.7319670826382796,0.9581403738613832,0.875,0.7319670826382796,0.9581403738613832,0.0,0.125,0.0,80,1.0,0.9549359649323076,1.0,0.8,0.6956311329945355,0.8811409135950147,0.8,0.6956311329945355,0.8811409135950147,0.0,0.1999999999999999,0.0,0.875
owlv2,387105,16916,16,top center bird,1,20,5,0,0.0580852949784757,5,5,1.0,0.4781762498950185,1.0,0.6,0.1466327996346731,0.9472550494736832,0.6,0.1466327996346731,0.9472550494736832,0.0,0.4,0.0,80,0.9,0.8124348925365684,0.955829059846371,0.7777777777777778,0.6643633721453073,0.8673176152121594,0.7,0.587240676918624,0.7974260708533272,0.0999999999999999,0.1999999999999999,8.326672684688674e-17,0.6
owlv2,387105,16916,16,top center bird,1,20,5,0,0.0580852949784757,10,10,0.8,0.4439045376923585,0.9747892736731666,0.75,0.3491442055871758,0.9681459737500556,0.6,0.2623780766069451,0.8784477418801728,0.1999999999999999,0.2,5.551115123125783e-17,80,0.9,0.8124348925365684,0.955829059846371,0.7777777777777778,0.6643633721453073,0.8673176152121594,0.7,0.587240676918624,0.7974260708533272,0.0999999999999999,0.1999999999999999,8.326672684688674e-17,0.6
owlv2,387105,16916,16,top center bird,1,20,5,0,0.0580852949784757,20,20,0.85,0.6210731734546859,0.9679290628145364,0.7058823529411765,0.4404172812456629,0.8968644856296799,0.6,0.3605425873074897,0.8088099392746928,0.15,0.2499999999999999,5.551115123125783e-17,80,0.9,0.8124348925365684,0.955829059846371,0.7777777777777778,0.6643633721453073,0.8673176152121594,0.7,0.587240676918624,0.7974260708533272,0.0999999999999999,0.1999999999999999,8.326672684688674e-17,0.6
owlv2,387105,16916,16,top center bird,1,20,5,0,0.0580852949784757,40,40,0.825,0.6722098666384142,0.9266172706479148,0.7575757575757576,0.5774106822882981,0.8890767004411605,0.625,0.4580147522326109,0.772737277518174,0.175,0.1999999999999999,2.775557561562892e-17,80,0.9,0.8124348925365684,0.955829059846371,0.7777777777777778,0.6643633721453073,0.8673176152121594,0.7,0.587240676918624,0.7974260708533272,0.0999999999999999,0.1999999999999999,8.326672684688674e-17,0.625
owlv2,531873,4392,57,carrot on the left,1,20,5,1,0.938251177369848,5,5,1.0,0.4781762498950185,1.0,1.0,0.4781762498950185,1.0,1.0,0.4781762498950185,1.0,0.0,0.0,0.0,80,1.0,0.9549359649323076,1.0,1.0,0.9549359649323076,1.0,1.0,0.9549359649323076,1.0,0.0,0.0,0.0,1.0
owlv2,531873,4392,57,carrot on the left,1,20,5,1,0.938251177369848,10,10,1.0,0.6915028921812392,1.0,1.0,0.6915028921812392,1.0,1.0,0.6915028921812392,1.0,0.0,0.0,0.0,80,1.0,0.9549359649323076,1.0,1.0,0.9549359649323076,1.0,1.0,0.9549359649323076,1.0,0.0,0.0,0.0,1.0
owlv2,531873,4392,57,carrot on the left,1,20,5,1,0.938251177369848,20,20,1.0,0.8315665290169146,1.0,1.0,0.8315665290169146,1.0,1.0,0.8315665290169146,1.0,0.0,0.0,0.0,80,1.0,0.9549359649323076,1.0,1.0,0.9549359649323076,1.0,1.0,0.9549359649323076,1.0,0.0,0.0,0.0,1.0
owlv2,531873,4392,57,carrot on the left,1,20,5,1,0.938251177369848,40,40,1.0,0.9119026971211976,1.0,1.0,0.9119026971211976,1.0,1.0,0.9119026971211976,1.0,0.0,0.0,0.0,80,1.0,0.9549359649323076,1.0,1.0,0.9549359649323076,1.0,1.0,0.9549359649323076,1.0,0.0,0.0,0.0,1.0
owlv2,232957,30218,1,woman left,1,16,5,1,0.9152434765442032,5,5,1.0,0.4781762498950185,1.0,1.0,0.4781762498950185,1.0,1.0,0.4781762498950185,1.0,0.0,0.0,0.0,80,0.85,0.7526358884071023,0.9200184386902862,1.0,0.9471969572063602,1.0,0.85,0.7526358884071023,0.9200184386902862,0.15,0.0,0.0,1.0
owlv2,232957,30218,1,woman left,1,16,5,1,0.9152434765442032,10,10,0.9,0.5549838829718046,0.9974714214555382,1.0,0.6637328831200572,1.0,0.9,0.5549838829718046,0.9974714214555382,0.0999999999999999,0.0,0.0,80,0.85,0.7526358884071023,0.9200184386902862,1.0,0.9471969572063602,1.0,0.85,0.7526358884071023,0.9200184386902862,0.15,0.0,0.0,0.9
owlv2,232957,30218,1,woman left,1,16,5,1,0.9152434765442032,20,20,0.9,0.6830172859809176,0.9876514728297052,1.0,0.8146980318621478,1.0,0.9,0.6830172859809176,0.9876514728297052,0.0999999999999999,0.0,0.0,80,0.85,0.7526358884071023,0.9200184386902862,1.0,0.9471969572063602,1.0,0.85,0.7526358884071023,0.9200184386902862,0.15,0.0,0.0,0.9
owlv2,232957,30218,1,woman left,1,16,5,1,0.9152434765442032,40,40,0.95,0.8308031360405824,0.9938863534006492,1.0,0.9074872385841216,1.0,0.95,0.8308031360405824,0.9938863534006492,0.05,0.0,0.0,80,0.85,0.7526358884071023,0.9200184386902862,1.0,0.9471969572063602,1.0,0.85,0.7526358884071023,0.9200184386902862,0.15,0.0,0.0,0.95
owlv2,132991,38500,1,man far right second step,1,20,5,0,0.0,5,5,0.2,0.005050763379468,0.7164179361180893,0.0,0.0,0.975,0.0,0.0,0.5218237501049814,0.8,0.2,5.551115123125783e-17,80,0.575,0.4593888114309382,0.6848902345476577,0.4347826086956521,0.2893432812162869,0.5889286352265896,0.25,0.1598796445068558,0.35936347590685,0.425,0.325,5.551115123125783e-17,0.0
owlv2,132991,38500,1,man far right second step,1,20,5,0,0.0,10,10,0.2,0.0252107263268333,0.5560954623076415,0.0,0.0,0.841886116991581,0.0,0.0,0.3084971078187608,0.8,0.2,5.551115123125783e-17,80,0.575,0.4593888114309382,0.6848902345476577,0.4347826086956521,0.2893432812162869,0.5889286352265896,0.25,0.1598796445068558,0.35936347590685,0.425,0.325,5.551115123125783e-17,0.0
owlv2,132991,38500,1,man far right second step,1,20,5,0,0.0,20,20,0.45,0.2305778967759242,0.6847218669594515,0.3333333333333333,0.0748546314196918,0.7007049437914596,0.15,0.0320709371854637,0.378926826545314,0.55,0.3,1.1102230246251563e-16,80,0.575,0.4593888114309382,0.6848902345476577,0.4347826086956521,0.2893432812162869,0.5889286352265896,0.25,0.1598796445068558,0.35936347590685,0.425,0.325,5.551115123125783e-17,0.15
owlv2,132991,38500,1,man far right second step,1,20,5,0,0.0,40,40,0.55,0.3849067945340133,0.7074116499601201,0.2727272727272727,0.1072892483703969,0.5022212012663488,0.15,0.0571022581545258,0.2983526668395764,0.4499999999999999,0.4,0.0,80,0.575,0.4593888114309382,0.6848902345476577,0.4347826086956521,0.2893432812162869,0.5889286352265896,0.25,0.1598796445068558,0.35936347590685,0.425,0.325,5.551115123125783e-17,0.15
owlv2,458827,10669,1,right guy,1,3,3,0,0.0,5,5,0.8,0.2835820638819106,0.994949236620532,0.25,0.0063094632097098,0.8058795503167565,0.2,0.005050763379468,0.7164179361180893,0.1999999999999999,0.6000000000000001,0.0,80,0.9,0.8124348925365684,0.955829059846371,0.3333333333333333,0.2265634244881849,0.4542961110255667,0.3,0.2025739291466727,0.412759323081376,0.0999999999999999,0.6000000000000001,1.1102230246251563e-16,0.2
owlv2,458827,10669,1,right guy,1,3,3,0,0.0,10,10,0.8,0.4439045376923585,0.9747892736731666,0.25,0.0318540262499442,0.6508557944128242,0.2,0.0252107263268333,0.5560954623076415,0.1999999999999999,0.6000000000000001,0.0,80,0.9,0.8124348925365684,0.955829059846371,0.3333333333333333,0.2265634244881849,0.4542961110255667,0.3,0.2025739291466727,0.412759323081376,0.0999999999999999,0.6000000000000001,1.1102230246251563e-16,0.2
owlv2,458827,10669,1,right guy,1,3,3,0,0.0,20,20,0.8,0.5633859970033317,0.9426660029499672,0.25,0.0726620382528822,0.5237708198961273,0.2,0.0573339970500327,0.4366140029966682,0.1999999999999999,0.6000000000000001,0.0,80,0.9,0.8124348925365684,0.955829059846371,0.3333333333333333,0.2265634244881849,0.4542961110255667,0.3,0.2025739291466727,0.412759323081376,0.0999999999999999,0.6000000000000001,1.1102230246251563e-16,0.2
owlv2,458827,10669,1,right guy,1,3,3,0,0.0,40,40,0.825,0.6722098666384142,0.9266172706479148,0.3636363636363636,0.20400307445512,0.5487546447826517,0.3,0.1656272043932356,0.4653162852541233,0.175,0.5249999999999999,0.0,80,0.9,0.8124348925365684,0.955829059846371,0.3333333333333333,0.2265634244881849,0.4542961110255667,0.3,0.2025739291466727,0.412759323081376,0.0999999999999999,0.6000000000000001,1.1102230246251563e-16,0.3
owlv2,43892,46280,53,fruit at top above lemon,1,20,5,0,0.0,5,5,1.0,0.4781762498950185,1.0,0.8,0.2835820638819106,0.994949236620532,0.8,0.2835820638819106,0.994949236620532,0.0,0.1999999999999999,0.0,80,1.0,0.9549359649323076,1.0,0.925,0.8438720682639279,0.9719794538231588,0.925,0.8438720682639279,0.9719794538231588,0.0,0.0749999999999999,0.0,0.8
owlv2,43892,46280,53,fruit at top above lemon,1,20,5,0,0.0,10,10,1.0,0.6915028921812392,1.0,0.9,0.5549838829718046,0.9974714214555382,0.9,0.5549838829718046,0.9974714214555382,0.0,0.0999999999999999,0.0,80,1.0,0.9549359649323076,1.0,0.925,0.8438720682639279,0.9719794538231588,0.925,0.8438720682639279,0.9719794538231588,0.0,0.0749999999999999,0.0,0.9
owlv2,43892,46280,53,fruit at top above lemon,1,20,5,0,0.0,20,20,1.0,0.8315665290169146,1.0,0.9,0.6830172859809176,0.9876514728297052,0.9,0.6830172859809176,0.9876514728297052,0.0,0.0999999999999999,0.0,80,1.0,0.9549359649323076,1.0,0.925,0.8438720682639279,0.9719794538231588,0.925,0.8438720682639279,0.9719794538231588,0.0,0.0749999999999999,0.0,0.9
owlv2,43892,46280,53,fruit at top above lemon,1,20,5,0,0.0,40,40,1.0,0.9119026971211976,1.0,0.9,0.7633626001239001,0.9720745847057808,0.9,0.7633626001239001,0.9720745847057808,0.0,0.0999999999999999,0.0,80,1.0,0.9549359649323076,1.0,0.925,0.8438720682639279,0.9719794538231588,0.925,0.8438720682639279,0.9719794538231588,0.0,0.0749999999999999,0.0,0.9
owlv2,335865,21147,72,tv on the left,1,9,5,1,0.6236696665033538,5,5,0.8,0.2835820638819106,0.994949236620532,1.0,0.3976353643835254,1.0,0.8,0.2835820638819106,0.994949236620532,0.1999999999999999,0.0,0.0,80,0.95,0.876901263556847,0.9862106060235382,1.0,0.9526212461330692,1.0,0.95,0.876901263556847,0.9862106060235382,0.05,0.0,0.0,0.8
owlv2,335865,21147,72,tv on the left,1,9,5,1,0.6236696665033538,10,10,0.9,0.5549838829718046,0.9974714214555382,1.0,0.6637328831200572,1.0,0.9,0.5549838829718046,0.9974714214555382,0.0999999999999999,0.0,0.0,80,0.95,0.876901263556847,0.9862106060235382,1.0,0.9526212461330692,1.0,0.95,0.876901263556847,0.9862106060235382,0.05,0.0,0.0,0.9
owlv2,335865,21147,72,tv on the left,1,9,5,1,0.6236696665033538,20,20,0.95,0.7512672372279723,0.9987349105020502,1.0,0.8235330881930346,1.0,0.95,0.7512672372279723,0.9987349105020502,0.05,0.0,0.0,80,0.95,0.876901263556847,0.9862106060235382,1.0,0.9526212461330692,1.0,0.95,0.876901263556847,0.9862106060235382,0.05,0.0,0.0,0.95
owlv2,335865,21147,72,tv on the left,1,9,5,1,0.6236696665033538,40,40,0.925,0.796135251267101,0.9842578201489584,1.0,0.90510941258501,1.0,0.925,0.796135251267101,0.9842578201489584,0.0749999999999999,0.0,0.0,80,0.95,0.876901263556847,0.9862106060235382,1.0,0.9526212461330692,1.0,0.95,0.876901263556847,0.9862106060235382,0.05,0.0,0.0,0.925
owlv2,86750,42466,1,woman biting nails,1,19,5,0,0.0009726786981739,5,5,1.0,0.4781762498950185,1.0,0.8,0.2835820638819106,0.994949236620532,0.8,0.2835820638819106,0.994949236620532,0.0,0.1999999999999999,0.0,80,0.75,0.64063652409315,0.8401203554931442,0.95,0.8607567532789272,0.9895676703556516,0.7125,0.6004548866879794,0.8082395280280349,0.25,0.0375,5.551115123125783e-17,0.8
owlv2,86750,42466,1,woman biting nails,1,19,5,0,0.0009726786981739,10,10,0.8,0.4439045376923585,0.9747892736731666,0.875,0.4734903291247935,0.996840276468748,0.7,0.3475471499400027,0.9332604888222656,0.1999999999999999,0.1,8.326672684688674e-17,80,0.75,0.64063652409315,0.8401203554931442,0.95,0.8607567532789272,0.9895676703556516,0.7125,0.6004548866879794,0.8082395280280349,0.25,0.0375,5.551115123125783e-17,0.7
owlv2,86750,42466,1,woman biting nails,1,19,5,0,0.0009726786981739,20,20,0.8,0.5633859970033317,0.9426660029499672,0.9375,0.6976792615654681,0.998418888277234,0.75,0.5089541282920425,0.9134285308985652,0.1999999999999999,0.05,4.163336342344337e-17,80,0.75,0.64063652409315,0.8401203554931442,0.95,0.8607567532789272,0.9895676703556516,0.7125,0.6004548866879794,0.8082395280280349,0.25,0.0375,5.551115123125783e-17,0.75
owlv2,86750,42466,1,woman biting nails,1,19,5,0,0.0009726786981739,40,40,0.7,0.5346837147458767,0.8343727956067644,0.9285714285714286,0.7649652268254092,0.9912295032964727,0.65,0.4831555463510094,0.793717509129233,0.3,0.0499999999999999,4.163336342344337e-17,80,0.75,0.64063652409315,0.8401203554931442,0.95,0.8607567532789272,0.9895676703556516,0.7125,0.6004548866879794,0.8082395280280349,0.25,0.0375,5.551115123125783e-17,0.65
owlv2,351654,19757,51,bottom left mixin bowl,1,20,5,0,0.0,5,5,1.0,0.4781762498950185,1.0,0.6,0.1466327996346731,0.9472550494736832,0.6,0.1466327996346731,0.9472550494736832,0.0,0.4,0.0,80,0.9,0.8124348925365684,0.955829059846371,0.4166666666666667,0.3015211682310393,0.5388867416042284,0.375,0.2691931699468049,0.4903547644071125,0.0999999999999999,0.5249999999999999,1.1102230246251563e-16,0.6
owlv2,351654,19757,51,bottom left mixin bowl,1,20,5,0,0.0,10,10,1.0,0.6915028921812392,1.0,0.5,0.1870860284473985,0.8129139715526015,0.5,0.1870860284473985,0.8129139715526015,0.0,0.5,0.0,80,0.9,0.8124348925365684,0.955829059846371,0.4166666666666667,0.3015211682310393,0.5388867416042284,0.375,0.2691931699468049,0.4903547644071125,0.0999999999999999,0.5249999999999999,1.1102230246251563e-16,0.5
owlv2,351654,19757,51,bottom left mixin bowl,1,20,5,0,0.0,20,20,0.95,0.7512672372279723,0.9987349105020502,0.5263157894736842,0.2886432479169988,0.7555253105338039,0.5,0.2719578495607918,0.7280421504392082,0.05,0.45,5.551115123125783e-17,80,0.9,0.8124348925365684,0.955829059846371,0.4166666666666667,0.3015211682310393,0.5388867416042284,0.375,0.2691931699468049,0.4903547644071125,0.0999999999999999,0.5249999999999999,1.1102230246251563e-16,0.5
owlv2,351654,19757,51,bottom left mixin bowl,1,20,5,0,0.0,40,40,0.95,0.8308031360405824,0.9938863534006492,0.4473684210526316,0.2862414990005961,0.6170092488357104,0.425,0.2704290312688629,0.5910994195730366,0.05,0.5249999999999999,0.0,80,0.9,0.8124348925365684,0.955829059846371,0.4166666666666667,0.3015211682310393,0.5388867416042284,0.375,0.2691931699468049,0.4903547644071125,0.0999999999999999,0.5249999999999999,1.1102230246251563e-16,0.425
owlv2,461996,10421,1,lady on left,1,20,5,0,0.0,5,5,1.0,0.4781762498950185,1.0,0.8,0.2835820638819106,0.994949236620532,0.8,0.2835820638819106,0.994949236620532,0.0,0.1999999999999999,0.0,80,0.9875,0.9323122155360776,0.9996835774723672,0.8860759493670886,0.7947221518723621,0.9465631276984408,0.875,0.7821108659305637,0.9383979034415656,0.0124999999999999,0.1125,1.3877787807814457e-17,0.8
owlv2,461996,10421,1,lady on left,1,20,5,0,0.0,10,10,1.0,0.6915028921812392,1.0,0.8,0.4439045376923585,0.9747892736731666,0.8,0.4439045376923585,0.9747892736731666,0.0,0.1999999999999999,0.0,80,0.9875,0.9323122155360776,0.9996835774723672,0.8860759493670886,0.7947221518723621,0.9465631276984408,0.875,0.7821108659305637,0.9383979034415656,0.0124999999999999,0.1125,1.3877787807814457e-17,0.8
owlv2,461996,10421,1,lady on left,1,20,5,0,0.0,20,20,0.95,0.7512672372279723,0.9987349105020502,0.7368421052631579,0.4879706546541273,0.9085342150923336,0.7,0.4572108177237109,0.8810684095942722,0.05,0.25,0.0,80,0.9875,0.9323122155360776,0.9996835774723672,0.8860759493670886,0.7947221518723621,0.9465631276984408,0.875,0.7821108659305637,0.9383979034415656,0.0124999999999999,0.1125,1.3877787807814457e-17,0.7
owlv2,461996,10421,1,lady on left,1,20,5,0,0.0,40,40,0.95,0.8308031360405824,0.9938863534006492,0.7368421052631579,0.5689917562977604,0.8659662769750264,0.7,0.5346837147458767,0.8343727956067644,0.05,0.25,0.0,80,0.9875,0.9323122155360776,0.9996835774723672,0.8860759493670886,0.7947221518723621,0.9465631276984408,0.875,0.7821108659305637,0.9383979034415656,0.0124999999999999,0.1125,1.3877787807814457e-17,0.7
owlv2,106832,40711,54,bottom of sanwich,1,20,5,0,0.4519266277575243,5,5,1.0,0.4781762498950185,1.0,0.8,0.2835820638819106,0.994949236620532,0.8,0.2835820638819106,0.994949236620532,0.0,0.1999999999999999,0.0,80,1.0,0.9549359649323076,1.0,0.925,0.8438720682639279,0.9719794538231588,0.925,0.8438720682639279,0.9719794538231588,0.0,0.0749999999999999,0.0,0.8
owlv2,106832,40711,54,bottom of sanwich,1,20,5,0,0.4519266277575243,10,10,1.0,0.6915028921812392,1.0,0.7,0.3475471499400027,0.9332604888222656,0.7,0.3475471499400027,0.9332604888222656,0.0,0.3,0.0,80,1.0,0.9549359649323076,1.0,0.925,0.8438720682639279,0.9719794538231588,0.925,0.8438720682639279,0.9719794538231588,0.0,0.0749999999999999,0.0,0.7
owlv2,106832,40711,54,bottom of sanwich,1,20,5,0,0.4519266277575243,20,20,1.0,0.8315665290169146,1.0,0.8,0.5633859970033317,0.9426660029499672,0.8,0.5633859970033317,0.9426660029499672,0.0,0.1999999999999999,0.0,80,1.0,0.9549359649323076,1.0,0.925,0.8438720682639279,0.9719794538231588,0.925,0.8438720682639279,0.9719794538231588,0.0,0.0749999999999999,0.0,0.8
owlv2,106832,40711,54,bottom of sanwich,1,20,5,0,0.4519266277575243,40,40,1.0,0.9119026971211976,1.0,0.775,0.6154883226965773,0.891603361015928,0.775,0.6154883226965773,0.891603361015928,0.0,0.2249999999999999,0.0,80,1.0,0.9549359649323076,1.0,0.925,0.8438720682639279,0.9719794538231588,0.925,0.8438720682639279,0.9719794538231588,0.0,0.0749999999999999,0.0,0.775
owlv2,456545,10882,1,person skate black,1,20,5,1,0.6375028001734094,5,5,0.6,0.1466327996346731,0.9472550494736832,1.0,0.2924017738212867,1.0,0.6,0.1466327996346731,0.9472550494736832,0.4,0.0,0.0,80,0.775,0.6679136799387491,0.8608627895010682,1.0,0.942237365570709,1.0,0.775,0.6679136799387491,0.8608627895010682,0.2249999999999999,0.0,0.0,0.6
owlv2,456545,10882,1,person skate black,1,20,5,1,0.6375028001734094,10,10,0.8,0.4439045376923585,0.9747892736731666,1.0,0.6305833524471808,1.0,0.8,0.4439045376923585,0.9747892736731666,0.1999999999999999,0.0,0.0,80,0.775,0.6679136799387491,0.8608627895010682,1.0,0.942237365570709,1.0,0.775,0.6679136799387491,0.8608627895010682,0.2249999999999999,0.0,0.0,0.8
owlv2,456545,10882,1,person skate black,1,20,5,1,0.6375028001734094,20,20,0.85,0.6210731734546859,0.9679290628145364,1.0,0.8049356770309068,1.0,0.85,0.6210731734546859,0.9679290628145364,0.15,0.0,0.0,80,0.775,0.6679136799387491,0.8608627895010682,1.0,0.942237365570709,1.0,0.775,0.6679136799387491,0.8608627895010682,0.2249999999999999,0.0,0.0,0.85
owlv2,456545,10882,1,person skate black,1,20,5,1,0.6375028001734094,40,40,0.875,0.7319670826382796,0.9581403738613832,0.9714285714285714,0.8508279203435684,0.999276895623662,0.85,0.7016473331604236,0.942897741845474,0.125,0.025,1.3877787807814457e-17,80,0.775,0.6679136799387491,0.8608627895010682,1.0,0.942237365570709,1.0,0.775,0.6679136799387491,0.8608627895010682,0.2249999999999999,0.0,0.0,0.85
owlv2,180559,34644,1,guy in gray shirt,1,6,5,0,0.1948021466472577,5,5,0.6,0.1466327996346731,0.9472550494736832,1.0,0.2924017738212867,1.0,0.6,0.1466327996346731,0.9472550494736832,0.4,0.0,0.0,80,0.55,0.4346739790941529,0.6615136155101845,1.0,0.919580060236424,1.0,0.55,0.4346739790941529,0.6615136155101845,0.4499999999999999,0.0,0.0,0.6
owlv2,180559,34644,1,guy in gray shirt,1,6,5,0,0.1948021466472577,10,10,0.5,0.1870860284473985,0.8129139715526015,1.0,0.4781762498950185,1.0,0.5,0.1870860284473985,0.8129139715526015,0.5,0.0,0.0,80,0.55,0.4346739790941529,0.6615136155101845,1.0,0.919580060236424,1.0,0.55,0.4346739790941529,0.6615136155101845,0.4499999999999999,0.0,0.0,0.5
owlv2,180559,34644,1,guy in gray shirt,1,6,5,0,0.1948021466472577,20,20,0.45,0.2305778967759242,0.6847218669594515,1.0,0.6637328831200572,1.0,0.45,0.2305778967759242,0.6847218669594515,0.55,0.0,0.0,80,0.55,0.4346739790941529,0.6615136155101845,1.0,0.919580060236424,1.0,0.55,0.4346739790941529,0.6615136155101845,0.4499999999999999,0.0,0.0,0.45
owlv2,180559,34644,1,guy in gray shirt,1,6,5,0,0.1948021466472577,40,40,0.525,0.3612801352640621,0.6848802933650138,1.0,0.8389023847809204,1.0,0.525,0.3612801352640621,0.6848802933650138,0.475,0.0,0.0,80,0.55,0.4346739790941529,0.6615136155101845,1.0,0.919580060236424,1.0,0.55,0.4346739790941529,0.6615136155101845,0.4499999999999999,0.0,0.0,0.525
owlv2,359339,19128,1,man,1,4,4,1,0.8439930525381424,5,5,1.0,0.4781762498950185,1.0,1.0,0.4781762498950185,1.0,1.0,0.4781762498950185,1.0,0.0,0.0,0.0,80,0.9875,0.9323122155360776,0.9996835774723672,0.9873417721518988,0.931480090513228,0.9996795727656956,0.975,0.9125928440694078,0.9969579138351904,0.0124999999999999,0.0124999999999999,1.0928757898653883e-16,1.0
owlv2,359339,19128,1,man,1,4,4,1,0.8439930525381424,10,10,1.0,0.6915028921812392,1.0,1.0,0.6915028921812392,1.0,1.0,0.6915028921812392,1.0,0.0,0.0,0.0,80,0.9875,0.9323122155360776,0.9996835774723672,0.9873417721518988,0.931480090513228,0.9996795727656956,0.975,0.9125928440694078,0.9969579138351904,0.0124999999999999,0.0124999999999999,1.0928757898653883e-16,1.0
owlv2,359339,19128,1,man,1,4,4,1,0.8439930525381424,20,20,1.0,0.8315665290169146,1.0,1.0,0.8315665290169146,1.0,1.0,0.8315665290169146,1.0,0.0,0.0,0.0,80,0.9875,0.9323122155360776,0.9996835774723672,0.9873417721518988,0.931480090513228,0.9996795727656956,0.975,0.9125928440694078,0.9969579138351904,0.0124999999999999,0.0124999999999999,1.0928757898653883e-16,1.0
owlv2,359339,19128,1,man,1,4,4,1,0.8439930525381424,40,40,1.0,0.9119026971211976,1.0,1.0,0.9119026971211976,1.0,1.0,0.9119026971211976,1.0,0.0,0.0,0.0,80,0.9875,0.9323122155360776,0.9996835774723672,0.9873417721518988,0.931480090513228,0.9996795727656956,0.975,0.9125928440694078,0.9969579138351904,0.0124999999999999,0.0124999999999999,1.0928757898653883e-16,1.0
owlv2,283479,25971,84,robert book,1,20,5,1,0.9823995067763038,5,5,1.0,0.4781762498950185,1.0,0.8,0.2835820638819106,0.994949236620532,0.8,0.2835820638819106,0.994949236620532,0.0,0.1999999999999999,0.0,80,1.0,0.9549359649323076,1.0,0.9,0.8124348925365684,0.955829059846371,0.9,0.8124348925365684,0.955829059846371,0.0,0.0999999999999999,0.0,0.8
owlv2,283479,25971,84,robert book,1,20,5,1,0.9823995067763038,10,10,1.0,0.6915028921812392,1.0,0.9,0.5549838829718046,0.9974714214555382,0.9,0.5549838829718046,0.9974714214555382,0.0,0.0999999999999999,0.0,80,1.0,0.9549359649323076,1.0,0.9,0.8124348925365684,0.955829059846371,0.9,0.8124348925365684,0.955829059846371,0.0,0.0999999999999999,0.0,0.9
owlv2,283479,25971,84,robert book,1,20,5,1,0.9823995067763038,20,20,1.0,0.8315665290169146,1.0,0.9,0.6830172859809176,0.9876514728297052,0.9,0.6830172859809176,0.9876514728297052,0.0,0.0999999999999999,0.0,80,1.0,0.9549359649323076,1.0,0.9,0.8124348925365684,0.955829059846371,0.9,0.8124348925365684,0.955829059846371,0.0,0.0999999999999999,0.0,0.9
owlv2,283479,25971,84,robert book,1,20,5,1,0.9823995067763038,40,40,1.0,0.9119026971211976,1.0,0.9,0.7633626001239001,0.9720745847057808,0.9,0.7633626001239001,0.9720745847057808,0.0,0.0999999999999999,0.0,80,1.0,0.9549359649323076,1.0,0.9,0.8124348925365684,0.955829059846371,0.9,0.8124348925365684,0.955829059846371,0.0,0.0999999999999999,0.0,0.9
owlv2,298306,24697,1,left man,1,5,4,0,0.0,5,5,1.0,0.4781762498950185,1.0,1.0,0.4781762498950185,1.0,1.0,0.4781762498950185,1.0,0.0,0.0,0.0,80,1.0,0.9549359649323076,1.0,0.9,0.8124348925365684,0.955829059846371,0.9,0.8124348925365684,0.955829059846371,0.0,0.0999999999999999,0.0,1.0
owlv2,298306,24697,1,left man,1,5,4,0,0.0,10,10,1.0,0.6915028921812392,1.0,1.0,0.6915028921812392,1.0,1.0,0.6915028921812392,1.0,0.0,0.0,0.0,80,1.0,0.9549359649323076,1.0,0.9,0.8124348925365684,0.955829059846371,0.9,0.8124348925365684,0.955829059846371,0.0,0.0999999999999999,0.0,1.0
owlv2,298306,24697,1,left man,1,5,4,0,0.0,20,20,1.0,0.8315665290169146,1.0,1.0,0.8315665290169146,1.0,1.0,0.8315665290169146,1.0,0.0,0.0,0.0,80,1.0,0.9549359649323076,1.0,0.9,0.8124348925365684,0.955829059846371,0.9,0.8124348925365684,0.955829059846371,0.0,0.0999999999999999,0.0,1.0
owlv2,298306,24697,1,left man,1,5,4,0,0.0,40,40,1.0,0.9119026971211976,1.0,1.0,0.9119026971211976,1.0,1.0,0.9119026971211976,1.0,0.0,0.0,0.0,80,1.0,0.9549359649323076,1.0,0.9,0.8124348925365684,0.955829059846371,0.9,0.8124348925365684,0.955829059846371,0.0,0.0999999999999999,0.0,1.0
owlv2,375133,17922,1,right guy in black,1,13,5,1,0.939966856636325,5,5,1.0,0.4781762498950185,1.0,1.0,0.4781762498950185,1.0,1.0,0.4781762498950185,1.0,0.0,0.0,0.0,80,1.0,0.9549359649323076,1.0,0.9875,0.9323122155360776,0.9996835774723672,0.9875,0.9323122155360776,0.9996835774723672,0.0,0.0124999999999999,0.0,1.0
owlv2,375133,17922,1,right guy in black,1,13,5,1,0.939966856636325,10,10,1.0,0.6915028921812392,1.0,1.0,0.6915028921812392,1.0,1.0,0.6915028921812392,1.0,0.0,0.0,0.0,80,1.0,0.9549359649323076,1.0,0.9875,0.9323122155360776,0.9996835774723672,0.9875,0.9323122155360776,0.9996835774723672,0.0,0.0124999999999999,0.0,1.0
owlv2,375133,17922,1,right guy in black,1,13,5,1,0.939966856636325,20,20,1.0,0.8315665290169146,1.0,1.0,0.8315665290169146,1.0,1.0,0.8315665290169146,1.0,0.0,0.0,0.0,80,1.0,0.9549359649323076,1.0,0.9875,0.9323122155360776,0.9996835774723672,0.9875,0.9323122155360776,0.9996835774723672,0.0,0.0124999999999999,0.0,1.0
owlv2,375133,17922,1,right guy in black,1,13,5,1,0.939966856636325,40,40,1.0,0.9119026971211976,1.0,1.0,0.9119026971211976,1.0,1.0,0.9119026971211976,1.0,0.0,0.0,0.0,80,1.0,0.9549359649323076,1.0,0.9875,0.9323122155360776,0.9996835774723672,0.9875,0.9323122155360776,0.9996835774723672,0.0,0.0124999999999999,0.0,1.0
owlv2,252277,28579,84,bottom book right,1,20,5,1,0.9268339162687284,5,5,1.0,0.4781762498950185,1.0,1.0,0.4781762498950185,1.0,1.0,0.4781762498950185,1.0,0.0,0.0,0.0,80,1.0,0.9549359649323076,1.0,0.9875,0.9323122155360776,0.9996835774723672,0.9875,0.9323122155360776,0.9996835774723672,0.0,0.0124999999999999,0.0,1.0
owlv2,252277,28579,84,bottom book right,1,20,5,1,0.9268339162687284,10,10,1.0,0.6915028921812392,1.0,1.0,0.6915028921812392,1.0,1.0,0.6915028921812392,1.0,0.0,0.0,0.0,80,1.0,0.9549359649323076,1.0,0.9875,0.9323122155360776,0.9996835774723672,0.9875,0.9323122155360776,0.9996835774723672,0.0,0.0124999999999999,0.0,1.0
owlv2,252277,28579,84,bottom book right,1,20,5,1,0.9268339162687284,20,20,1.0,0.8315665290169146,1.0,1.0,0.8315665290169146,1.0,1.0,0.8315665290169146,1.0,0.0,0.0,0.0,80,1.0,0.9549359649323076,1.0,0.9875,0.9323122155360776,0.9996835774723672,0.9875,0.9323122155360776,0.9996835774723672,0.0,0.0124999999999999,0.0,1.0
owlv2,252277,28579,84,bottom book right,1,20,5,1,0.9268339162687284,40,40,1.0,0.9119026971211976,1.0,1.0,0.9119026971211976,1.0,1.0,0.9119026971211976,1.0,0.0,0.0,0.0,80,1.0,0.9549359649323076,1.0,0.9875,0.9323122155360776,0.9996835774723672,0.9875,0.9323122155360776,0.9996835774723672,0.0,0.0124999999999999,0.0,1.0
owlv2,215421,31720,86,beige vase,1,6,5,1,0.9486861966225232,5,5,1.0,0.4781762498950185,1.0,1.0,0.4781762498950185,1.0,1.0,0.4781762498950185,1.0,0.0,0.0,0.0,80,1.0,0.9549359649323076,1.0,1.0,0.9549359649323076,1.0,1.0,0.9549359649323076,1.0,0.0,0.0,0.0,1.0
owlv2,215421,31720,86,beige vase,1,6,5,1,0.9486861966225232,10,10,1.0,0.6915028921812392,1.0,1.0,0.6915028921812392,1.0,1.0,0.6915028921812392,1.0,0.0,0.0,0.0,80,1.0,0.9549359649323076,1.0,1.0,0.9549359649323076,1.0,1.0,0.9549359649323076,1.0,0.0,0.0,0.0,1.0
owlv2,215421,31720,86,beige vase,1,6,5,1,0.9486861966225232,20,20,1.0,0.8315665290169146,1.0,1.0,0.8315665290169146,1.0,1.0,0.8315665290169146,1.0,0.0,0.0,0.0,80,1.0,0.9549359649323076,1.0,1.0,0.9549359649323076,1.0,1.0,0.9549359649323076,1.0,0.0,0.0,0.0,1.0
owlv2,215421,31720,86,beige vase,1,6,5,1,0.9486861966225232,40,40,1.0,0.9119026971211976,1.0,1.0,0.9119026971211976,1.0,1.0,0.9119026971211976,1.0,0.0,0.0,0.0,80,1.0,0.9549359649323076,1.0,1.0,0.9549359649323076,1.0,1.0,0.9549359649323076,1.0,0.0,0.0,0.0,1.0
owlv2,219169,31407,22,elephant in front on the right,1,20,5,0,0.0,5,5,1.0,0.4781762498950185,1.0,0.6,0.1466327996346731,0.9472550494736832,0.6,0.1466327996346731,0.9472550494736832,0.0,0.4,0.0,80,1.0,0.9549359649323076,1.0,0.625,0.5096452355928875,0.7308068300531951,0.625,0.5096452355928875,0.7308068300531951,0.0,0.375,0.0,0.6
owlv2,219169,31407,22,elephant in front on the right,1,20,5,0,0.0,10,10,1.0,0.6915028921812392,1.0,0.7,0.3475471499400027,0.9332604888222656,0.7,0.3475471499400027,0.9332604888222656,0.0,0.3,0.0,80,1.0,0.9549359649323076,1.0,0.625,0.5096452355928875,0.7308068300531951,0.625,0.5096452355928875,0.7308068300531951,0.0,0.375,0.0,0.7
owlv2,219169,31407,22,elephant in front on the right,1,20,5,0,0.0,20,20,1.0,0.8315665290169146,1.0,0.65,0.4078114654671719,0.8460907952154588,0.65,0.4078114654671719,0.8460907952154588,0.0,0.35,0.0,80,1.0,0.9549359649323076,1.0,0.625,0.5096452355928875,0.7308068300531951,0.625,0.5096452355928875,0.7308068300531951,0.0,0.375,0.0,0.65
owlv2,219169,31407,22,elephant in front on the right,1,20,5,0,0.0,40,40,1.0,0.9119026971211976,1.0,0.725,0.5611170928209519,0.8539910080361344,0.725,0.5611170928209519,0.8539910080361344,0.0,0.275,0.0,80,1.0,0.9549359649323076,1.0,0.625,0.5096452355928875,0.7308068300531951,0.625,0.5096452355928875,0.7308068300531951,0.0,0.375,0.0,0.725
owlv2,55232,45238,28,left umbrella,1,20,5,0,0.2282499511386614,5,5,1.0,0.4781762498950185,1.0,0.8,0.2835820638819106,0.994949236620532,0.8,0.2835820638819106,0.994949236620532,0.0,0.1999999999999999,0.0,80,1.0,0.9549359649323076,1.0,0.9625,0.8942980149834914,0.9921988127342832,0.9625,0.8942980149834914,0.9921988127342832,0.0,0.0374999999999999,0.0,0.8
owlv2,55232,45238,28,left umbrella,1,20,5,0,0.2282499511386614,10,10,1.0,0.6915028921812392,1.0,0.9,0.5549838829718046,0.9974714214555382,0.9,0.5549838829718046,0.9974714214555382,0.0,0.0999999999999999,0.0,80,1.0,0.9549359649323076,1.0,0.9625,0.8942980149834914,0.9921988127342832,0.9625,0.8942980149834914,0.9921988127342832,0.0,0.0374999999999999,0.0,0.9
owlv2,55232,45238,28,left umbrella,1,20,5,0,0.2282499511386614,20,20,1.0,0.8315665290169146,1.0,0.95,0.7512672372279723,0.9987349105020502,0.95,0.7512672372279723,0.9987349105020502,0.0,0.05,0.0,80,1.0,0.9549359649323076,1.0,0.9625,0.8942980149834914,0.9921988127342832,0.9625,0.8942980149834914,0.9921988127342832,0.0,0.0374999999999999,0.0,0.95
owlv2,55232,45238,28,left umbrella,1,20,5,0,0.2282499511386614,40,40,1.0,0.9119026971211976,1.0,0.95,0.8308031360405824,0.9938863534006492,0.95,0.8308031360405824,0.9938863534006492,0.0,0.05,0.0,80,1.0,0.9549359649323076,1.0,0.9625,0.8942980149834914,0.9921988127342832,0.9625,0.8942980149834914,0.9921988127342832,0.0,0.0374999999999999,0.0,0.95
owlv2,11292,49090,1,man right,1,20,5,1,0.5024766838846871,5,5,0.8,0.2835820638819106,0.994949236620532,0.5,0.0675859864885429,0.932414013511457,0.4,0.0527449505263169,0.8533672003653268,0.1999999999999999,0.4,0.0,80,0.95,0.876901263556847,0.9862106060235382,0.881578947368421,0.7870667555059112,0.9443957918485748,0.8375,0.7381631061748872,0.9105383582774708,0.05,0.1125,9.714451465470121e-17,0.4
owlv2,11292,49090,1,man right,1,20,5,1,0.5024766838846871,10,10,0.9,0.5549838829718046,0.9974714214555382,0.6666666666666666,0.2992950562085404,0.9251453685803082,0.6,0.2623780766069451,0.8784477418801728,0.0999999999999999,0.3,0.0,80,0.95,0.876901263556847,0.9862106060235382,0.881578947368421,0.7870667555059112,0.9443957918485748,0.8375,0.7381631061748872,0.9105383582774708,0.05,0.1125,9.714451465470121e-17,0.6
owlv2,11292,49090,1,man right,1,20,5,1,0.5024766838846871,20,20,0.95,0.7512672372279723,0.9987349105020502,0.7894736842105263,0.5443469181084944,0.9394754622907102,0.75,0.5089541282920425,0.9134285308985652,0.05,0.1999999999999999,2.775557561562892e-17,80,0.95,0.876901263556847,0.9862106060235382,0.881578947368421,0.7870667555059112,0.9443957918485748,0.8375,0.7381631061748872,0.9105383582774708,0.05,0.1125,9.714451465470121e-17,0.75
owlv2,11292,49090,1,man right,1,20,5,1,0.5024766838846871,40,40,0.975,0.8684141415172343,0.9993672550679504,0.7435897435897436,0.5787261156214302,0.8696232007644127,0.725,0.5611170928209519,0.8539910080361344,0.025,0.2499999999999999,2.775557561562892e-17,80,0.95,0.876901263556847,0.9862106060235382,0.881578947368421,0.7870667555059112,0.9443957918485748,0.8375,0.7381631061748872,0.9105383582774708,0.05,0.1125,9.714451465470121e-17,0.725
owlv2,79722,43046,84,white book at right,1,20,5,1,0.9199593741440648,5,5,1.0,0.4781762498950185,1.0,1.0,0.4781762498950185,1.0,1.0,0.4781762498950185,1.0,0.0,0.0,0.0,80,1.0,0.9549359649323076,1.0,0.8375,0.7381631061748872,0.9105383582774708,0.8375,0.7381631061748872,0.9105383582774708,0.0,0.1624999999999999,0.0,1.0
owlv2,79722,43046,84,white book at right,1,20,5,1,0.9199593741440648,10,10,1.0,0.6915028921812392,1.0,1.0,0.6915028921812392,1.0,1.0,0.6915028921812392,1.0,0.0,0.0,0.0,80,1.0,0.9549359649323076,1.0,0.8375,0.7381631061748872,0.9105383582774708,0.8375,0.7381631061748872,0.9105383582774708,0.0,0.1624999999999999,0.0,1.0
owlv2,79722,43046,84,white book at right,1,20,5,1,0.9199593741440648,20,20,1.0,0.8315665290169146,1.0,0.85,0.6210731734546859,0.9679290628145364,0.85,0.6210731734546859,0.9679290628145364,0.0,0.15,0.0,80,1.0,0.9549359649323076,1.0,0.8375,0.7381631061748872,0.9105383582774708,0.8375,0.7381631061748872,0.9105383582774708,0.0,0.1624999999999999,0.0,0.85
owlv2,79722,43046,84,white book at right,1,20,5,1,0.9199593741440648,40,40,1.0,0.9119026971211976,1.0,0.85,0.7016473331604236,0.942897741845474,0.85,0.7016473331604236,0.942897741845474,0.0,0.15,0.0,80,1.0,0.9549359649323076,1.0,0.8375,0.7381631061748872,0.9105383582774708,0.8375,0.7381631061748872,0.9105383582774708,0.0,0.1624999999999999,0.0,0.85
owlv2,258705,28035,1,orange,0,1,0,0,0.0082767252093429,5,0,0.0,,,,,,0.0,,,,,,0,0.0,,,,,,0.0,,,,,,0.0
owlv2,258705,28035,1,orange,0,1,0,0,0.0082767252093429,10,0,0.0,,,,,,0.0,,,,,,0,0.0,,,,,,0.0,,,,,,0.0
owlv2,258705,28035,1,orange,0,1,0,0,0.0082767252093429,20,0,0.0,,,,,,0.0,,,,,,0,0.0,,,,,,0.0,,,,,,0.0
owlv2,258705,28035,1,orange,0,1,0,0,0.0082767252093429,40,0,0.0,,,,,,0.0,,,,,,0,0.0,,,,,,0.0,,,,,,0.0
owlv2,128974,38853,1,person on first motorcycle right guy closest to us,1,20,5,0,0.0,5,5,1.0,0.4781762498950185,1.0,0.8,0.2835820638819106,0.994949236620532,0.8,0.2835820638819106,0.994949236620532,0.0,0.1999999999999999,0.0,80,1.0,0.9549359649323076,1.0,0.6875,0.5741109261435505,0.7865253688912328,0.6875,0.5741109261435505,0.7865253688912328,0.0,0.3125,0.0,0.8
owlv2,128974,38853,1,person on first motorcycle right guy closest to us,1,20,5,0,0.0,10,10,1.0,0.6915028921812392,1.0,0.7,0.3475471499400027,0.9332604888222656,0.7,0.3475471499400027,0.9332604888222656,0.0,0.3,0.0,80,1.0,0.9549359649323076,1.0,0.6875,0.5741109261435505,0.7865253688912328,0.6875,0.5741109261435505,0.7865253688912328,0.0,0.3125,0.0,0.7
owlv2,128974,38853,1,person on first motorcycle right guy closest to us,1,20,5,0,0.0,20,20,1.0,0.8315665290169146,1.0,0.7,0.4572108177237109,0.8810684095942722,0.7,0.4572108177237109,0.8810684095942722,0.0,0.3,0.0,80,1.0,0.9549359649323076,1.0,0.6875,0.5741109261435505,0.7865253688912328,0.6875,0.5741109261435505,0.7865253688912328,0.0,0.3125,0.0,0.7
owlv2,128974,38853,1,person on first motorcycle right guy closest to us,1,20,5,0,0.0,40,40,1.0,0.9119026971211976,1.0,0.625,0.4580147522326109,0.772737277518174,0.625,0.4580147522326109,0.772737277518174,0.0,0.375,0.0,80,1.0,0.9549359649323076,1.0,0.6875,0.5741109261435505,0.7865253688912328,0.6875,0.5741109261435505,0.7865253688912328,0.0,0.3125,0.0,0.625
owlv2,242807,29419,1,uniform behind the dark skin child,1,16,5,0,0.2516024094170743,5,5,1.0,0.4781762498950185,1.0,0.8,0.2835820638819106,0.994949236620532,0.8,0.2835820638819106,0.994949236620532,0.0,0.1999999999999999,0.0,80,0.9875,0.9323122155360776,0.9996835774723672,0.4556962025316455,0.3431411239400158,0.5716724867136279,0.45,0.3384863844898155,0.565326020905847,0.0124999999999999,0.5375000000000001,0.0,0.8
owlv2,242807,29419,1,uniform behind the dark skin child,1,16,5,0,0.2516024094170743,10,10,1.0,0.6915028921812392,1.0,0.6,0.2623780766069451,0.8784477418801728,0.6,0.2623780766069451,0.8784477418801728,0.0,0.4,0.0,80,0.9875,0.9323122155360776,0.9996835774723672,0.4556962025316455,0.3431411239400158,0.5716724867136279,0.45,0.3384863844898155,0.565326020905847,0.0124999999999999,0.5375000000000001,0.0,0.6
owlv2,242807,29419,1,uniform behind the dark skin child,1,16,5,0,0.2516024094170743,20,20,1.0,0.8315665290169146,1.0,0.5,0.2719578495607918,0.7280421504392082,0.5,0.2719578495607918,0.7280421504392082,0.0,0.5,0.0,80,0.9875,0.9323122155360776,0.9996835774723672,0.4556962025316455,0.3431411239400158,0.5716724867136279,0.45,0.3384863844898155,0.565326020905847,0.0124999999999999,0.5375000000000001,0.0,0.5
owlv2,242807,29419,1,uniform behind the dark skin child,1,16,5,0,0.2516024094170743,40,40,1.0,0.9119026971211976,1.0,0.55,0.3849067945340133,0.7074116499601201,0.55,0.3849067945340133,0.7074116499601201,0.0,0.4499999999999999,0.0,80,0.9875,0.9323122155360776,0.9996835774723672,0.4556962025316455,0.3431411239400158,0.5716724867136279,0.45,0.3384863844898155,0.565326020905847,0.0124999999999999,0.5375000000000001,0.0,0.55
owlv2,76781,43308,22,front elephant,1,19,5,1,0.9800735860968418,5,5,0.6,0.1466327996346731,0.9472550494736832,1.0,0.2924017738212867,1.0,0.6,0.1466327996346731,0.9472550494736832,0.4,0.0,0.0,80,0.7,0.587240676918624,0.7974260708533272,1.0,0.9362499033376378,1.0,0.7,0.587240676918624,0.7974260708533272,0.3,0.0,0.0,0.6
owlv2,76781,43308,22,front elephant,1,19,5,1,0.9800735860968418,10,10,0.6,0.2623780766069451,0.8784477418801728,1.0,0.5407418735600996,1.0,0.6,0.2623780766069451,0.8784477418801728,0.4,0.0,0.0,80,0.7,0.587240676918624,0.7974260708533272,1.0,0.9362499033376378,1.0,0.7,0.587240676918624,0.7974260708533272,0.3,0.0,0.0,0.6
owlv2,76781,43308,22,front elephant,1,19,5,1,0.9800735860968418,20,20,0.65,0.4078114654671719,0.8460907952154588,1.0,0.752947361999529,1.0,0.65,0.4078114654671719,0.8460907952154588,0.35,0.0,0.0,80,0.7,0.587240676918624,0.7974260708533272,1.0,0.9362499033376378,1.0,0.7,0.587240676918624,0.7974260708533272,0.3,0.0,0.0,0.65
owlv2,76781,43308,22,front elephant,1,19,5,1,0.9800735860968418,40,40,0.7,0.5346837147458767,0.8343727956067644,1.0,0.8765638814997362,1.0,0.7,0.5346837147458767,0.8343727956067644,0.3,0.0,0.0,80,0.7,0.587240676918624,0.7974260708533272,1.0,0.9362499033376378,1.0,0.7,0.587240676918624,0.7974260708533272,0.3,0.0,0.0,0.7
owlv2,250978,28705,88,bear the child is hugging,1,20,5,1,0.9066086196007198,5,5,1.0,0.4781762498950185,1.0,1.0,0.4781762498950185,1.0,1.0,0.4781762498950185,1.0,0.0,0.0,0.0,80,0.9375,0.8601429247023609,0.9793969276979898,1.0,0.9520049359448576,1.0,0.9375,0.8601429247023609,0.9793969276979898,0.0625,0.0,0.0,1.0
owlv2,250978,28705,88,bear the child is hugging,1,20,5,1,0.9066086196007198,10,10,1.0,0.6915028921812392,1.0,1.0,0.6915028921812392,1.0,1.0,0.6915028921812392,1.0,0.0,0.0,0.0,80,0.9375,0.8601429247023609,0.9793969276979898,1.0,0.9520049359448576,1.0,0.9375,0.8601429247023609,0.9793969276979898,0.0625,0.0,0.0,1.0
owlv2,250978,28705,88,bear the child is hugging,1,20,5,1,0.9066086196007198,20,20,0.95,0.7512672372279723,0.9987349105020502,1.0,0.8235330881930346,1.0,0.95,0.7512672372279723,0.9987349105020502,0.05,0.0,0.0,80,0.9375,0.8601429247023609,0.9793969276979898,1.0,0.9520049359448576,1.0,0.9375,0.8601429247023609,0.9793969276979898,0.0625,0.0,0.0,0.95
owlv2,250978,28705,88,bear the child is hugging,1,20,5,1,0.9066086196007198,40,40,0.925,0.796135251267101,0.9842578201489584,1.0,0.90510941258501,1.0,0.925,0.796135251267101,0.9842578201489584,0.0749999999999999,0.0,0.0,80,0.9375,0.8601429247023609,0.9793969276979898,1.0,0.9520049359448576,1.0,0.9375,0.8601429247023609,0.9793969276979898,0.0625,0.0,0.0,0.925
owlv2,534772,4136,1,top left,1,4,4,0,0.0,5,5,0.6,0.1466327996346731,0.9472550494736832,1.0,0.2924017738212867,1.0,0.6,0.1466327996346731,0.9472550494736832,0.4,0.0,0.0,80,0.5875,0.4718483404252045,0.6964754070624058,0.8936170212765957,0.7689523732490167,0.9645436991927844,0.525,0.4102278413767706,0.6378664183228473,0.4125,0.0625,2.775557561562892e-17,0.6
owlv2,534772,4136,1,top left,1,4,4,0,0.0,10,10,0.6,0.2623780766069451,0.8784477418801728,1.0,0.5407418735600996,1.0,0.6,0.2623780766069451,0.8784477418801728,0.4,0.0,0.0,80,0.5875,0.4718483404252045,0.6964754070624058,0.8936170212765957,0.7689523732490167,0.9645436991927844,0.525,0.4102278413767706,0.6378664183228473,0.4125,0.0625,2.775557561562892e-17,0.6
owlv2,534772,4136,1,top left,1,4,4,0,0.0,20,20,0.65,0.4078114654671719,0.8460907952154588,1.0,0.752947361999529,1.0,0.65,0.4078114654671719,0.8460907952154588,0.35,0.0,0.0,80,0.5875,0.4718483404252045,0.6964754070624058,0.8936170212765957,0.7689523732490167,0.9645436991927844,0.525,0.4102278413767706,0.6378664183228473,0.4125,0.0625,2.775557561562892e-17,0.65
owlv2,534772,4136,1,top left,1,4,4,0,0.0,40,40,0.625,0.4580147522326109,0.772737277518174,0.96,0.796483086077586,0.9989878003006892,0.6,0.4332670521932967,0.7513500134122563,0.375,0.025,0.0,80,0.5875,0.4718483404252045,0.6964754070624058,0.8936170212765957,0.7689523732490167,0.9645436991927844,0.525,0.4102278413767706,0.6378664183228473,0.4125,0.0625,2.775557561562892e-17,0.6
owlv2,62038,44565,46,closest glass,1,20,5,0,0.0,5,5,1.0,0.4781762498950185,1.0,0.6,0.1466327996346731,0.9472550494736832,0.6,0.1466327996346731,0.9472550494736832,0.0,0.4,0.0,80,0.7875,0.6817141914403442,0.8710635049024182,0.5079365079365079,0.3788617627401195,0.6362406400008651,0.4,0.2920093562553104,0.5156230595045106,0.2125,0.3875,5.551115123125783e-17,0.6
owlv2,62038,44565,46,closest glass,1,20,5,0,0.0,10,10,0.9,0.5549838829718046,0.9974714214555382,0.5555555555555556,0.212008506778868,0.8630043377348335,0.5,0.1870860284473985,0.8129139715526015,0.0999999999999999,0.3999999999999999,5.551115123125783e-17,80,0.7875,0.6817141914403442,0.8710635049024182,0.5079365079365079,0.3788617627401195,0.6362406400008651,0.4,0.2920093562553104,0.5156230595045106,0.2125,0.3875,5.551115123125783e-17,0.5
owlv2,62038,44565,46,closest glass,1,20,5,0,0.0,20,20,0.9,0.6830172859809176,0.9876514728297052,0.5,0.2601905828950971,0.7398094171049029,0.45,0.2305778967759242,0.6847218669594515,0.0999999999999999,0.45,5.551115123125783e-17,80,0.7875,0.6817141914403442,0.8710635049024182,0.5079365079365079,0.3788617627401195,0.6362406400008651,0.4,0.2920093562553104,0.5156230595045106,0.2125,0.3875,5.551115123125783e-17,0.45
owlv2,62038,44565,46,closest glass,1,20,5,0,0.0,40,40,0.85,0.7016473331604236,0.942897741845474,0.5,0.3242692700213209,0.6757307299786791,0.425,0.2704290312688629,0.5910994195730366,0.15,0.425,5.551115123125783e-17,80,0.7875,0.6817141914403442,0.8710635049024182,0.5079365079365079,0.3788617627401195,0.6362406400008651,0.4,0.2920093562553104,0.5156230595045106,0.2125,0.3875,5.551115123125783e-17,0.425
owlv2,454002,11146,67,table,1,6,5,1,0.9339922455914604,5,5,0.8,0.2835820638819106,0.994949236620532,1.0,0.3976353643835254,1.0,0.8,0.2835820638819106,0.994949236620532,0.1999999999999999,0.0,0.0,80,0.35,0.2466719364725351,0.4647968854793358,1.0,0.8765638814997362,1.0,0.35,0.2466719364725351,0.4647968854793358,0.65,0.0,0.0,0.8
owlv2,454002,11146,67,table,1,6,5,1,0.9339922455914604,10,10,0.7,0.3475471499400027,0.9332604888222656,1.0,0.5903836027749967,1.0,0.7,0.3475471499400027,0.9332604888222656,0.3,0.0,0.0,80,0.35,0.2466719364725351,0.4647968854793358,1.0,0.8765638814997362,1.0,0.35,0.2466719364725351,0.4647968854793358,0.65,0.0,0.0,0.7
owlv2,454002,11146,67,table,1,6,5,1,0.9339922455914604,20,20,0.6,0.3605425873074897,0.8088099392746928,1.0,0.7353515306029488,1.0,0.6,0.3605425873074897,0.8088099392746928,0.4,0.0,0.0,80,0.35,0.2466719364725351,0.4647968854793358,1.0,0.8765638814997362,1.0,0.35,0.2466719364725351,0.4647968854793358,0.65,0.0,0.0,0.6
owlv2,454002,11146,67,table,1,6,5,1,0.9339922455914604,40,40,0.525,0.3612801352640621,0.6848802933650138,1.0,0.8389023847809204,1.0,0.525,0.3612801352640621,0.6848802933650138,0.475,0.0,0.0,80,0.35,0.2466719364725351,0.4647968854793358,1.0,0.8765638814997362,1.0,0.35,0.2466719364725351,0.4647968854793358,0.65,0.0,0.0,0.525
owlv2,183923,34338,1,khaki pants to the far left,1,20,5,0,0.0768849946461792,5,5,0.8,0.2835820638819106,0.994949236620532,0.5,0.0675859864885429,0.932414013511457,0.4,0.0527449505263169,0.8533672003653268,0.1999999999999999,0.4,0.0,80,0.925,0.8438720682639279,0.9719794538231588,0.5,0.3814250061613941,0.6185749938386059,0.4625,0.3502764265383983,0.5775824719951649,0.0749999999999999,0.4625,0.0,0.4
owlv2,183923,34338,1,khaki pants to the far left,1,20,5,0,0.0768849946461792,10,10,0.8,0.4439045376923585,0.9747892736731666,0.625,0.2448632163665516,0.9147665858627464,0.5,0.1870860284473985,0.8129139715526015,0.1999999999999999,0.3,0.0,80,0.925,0.8438720682639279,0.9719794538231588,0.5,0.3814250061613941,0.6185749938386059,0.4625,0.3502764265383983,0.5775824719951649,0.0749999999999999,0.4625,0.0,0.5
owlv2,183923,34338,1,khaki pants to the far left,1,20,5,0,0.0768849946461792,20,20,0.85,0.6210731734546859,0.9679290628145364,0.5882352941176471,0.3292471539467574,0.8155630382160532,0.5,0.2719578495607918,0.7280421504392082,0.15,0.35,0.0,80,0.925,0.8438720682639279,0.9719794538231588,0.5,0.3814250061613941,0.6185749938386059,0.4625,0.3502764265383983,0.5775824719951649,0.0749999999999999,0.4625,0.0,0.5
owlv2,183923,34338,1,khaki pants to the far left,1,20,5,0,0.0768849946461792,40,40,0.85,0.7016473331604236,0.942897741845474,0.5,0.3242692700213209,0.6757307299786791,0.425,0.2704290312688629,0.5910994195730366,0.15,0.425,5.551115123125783e-17,80,0.925,0.8438720682639279,0.9719794538231588,0.5,0.3814250061613941,0.6185749938386059,0.4625,0.3502764265383983,0.5775824719951649,0.0749999999999999,0.4625,0.0,0.425
owlv2,175745,35052,1,girl wearing pink shorts,1,20,5,0,0.1133785016212925,5,5,1.0,0.4781762498950185,1.0,1.0,0.4781762498950185,1.0,1.0,0.4781762498950185,1.0,0.0,0.0,0.0,80,1.0,0.9549359649323076,1.0,1.0,0.9549359649323076,1.0,1.0,0.9549359649323076,1.0,0.0,0.0,0.0,1.0
owlv2,175745,35052,1,girl wearing pink shorts,1,20,5,0,0.1133785016212925,10,10,1.0,0.6915028921812392,1.0,1.0,0.6915028921812392,1.0,1.0,0.6915028921812392,1.0,0.0,0.0,0.0,80,1.0,0.9549359649323076,1.0,1.0,0.9549359649323076,1.0,1.0,0.9549359649323076,1.0,0.0,0.0,0.0,1.0
owlv2,175745,35052,1,girl wearing pink shorts,1,20,5,0,0.1133785016212925,20,20,1.0,0.8315665290169146,1.0,1.0,0.8315665290169146,1.0,1.0,0.8315665290169146,1.0,0.0,0.0,0.0,80,1.0,0.9549359649323076,1.0,1.0,0.9549359649323076,1.0,1.0,0.9549359649323076,1.0,0.0,0.0,0.0,1.0
owlv2,175745,35052,1,girl wearing pink shorts,1,20,5,0,0.1133785016212925,40,40,1.0,0.9119026971211976,1.0,1.0,0.9119026971211976,1.0,1.0,0.9119026971211976,1.0,0.0,0.0,0.0,80,1.0,0.9549359649323076,1.0,1.0,0.9549359649323076,1.0,1.0,0.9549359649323076,1.0,0.0,0.0,0.0,1.0
owlv2,177214,34908,22,small elephant left,1,20,5,0,0.0909166798786672,5,5,1.0,0.4781762498950185,1.0,1.0,0.4781762498950185,1.0,1.0,0.4781762498950185,1.0,0.0,0.0,0.0,80,0.925,0.8438720682639279,0.9719794538231588,0.9864864864864864,0.9269926114903352,0.9996579259803352,0.9125,0.8279916615801152,0.9640936410104411,0.0749999999999999,0.0124999999999999,9.020562075079396e-17,1.0
owlv2,177214,34908,22,small elephant left,1,20,5,0,0.0909166798786672,10,10,0.9,0.5549838829718046,0.9974714214555382,1.0,0.6637328831200572,1.0,0.9,0.5549838829718046,0.9974714214555382,0.0999999999999999,0.0,0.0,80,0.925,0.8438720682639279,0.9719794538231588,0.9864864864864864,0.9269926114903352,0.9996579259803352,0.9125,0.8279916615801152,0.9640936410104411,0.0749999999999999,0.0124999999999999,9.020562075079396e-17,0.9
owlv2,177214,34908,22,small elephant left,1,20,5,0,0.0909166798786672,20,20,0.95,0.7512672372279723,0.9987349105020502,1.0,0.8235330881930346,1.0,0.95,0.7512672372279723,0.9987349105020502,0.05,0.0,0.0,80,0.925,0.8438720682639279,0.9719794538231588,0.9864864864864864,0.9269926114903352,0.9996579259803352,0.9125,0.8279916615801152,0.9640936410104411,0.0749999999999999,0.0124999999999999,9.020562075079396e-17,0.95
owlv2,177214,34908,22,small elephant left,1,20,5,0,0.0909166798786672,40,40,0.95,0.8308031360405824,0.9938863534006492,1.0,0.9074872385841216,1.0,0.95,0.8308031360405824,0.9938863534006492,0.05,0.0,0.0,80,0.925,0.8438720682639279,0.9719794538231588,0.9864864864864864,0.9269926114903352,0.9996579259803352,0.9125,0.8279916615801152,0.9640936410104411,0.0749999999999999,0.0124999999999999,9.020562075079396e-17,0.95
owlv2,1958,49846,63,chair in blue bottom right corner,1,20,5,0,0.0,5,5,1.0,0.4781762498950185,1.0,0.6,0.1466327996346731,0.9472550494736832,0.6,0.1466327996346731,0.9472550494736832,0.0,0.4,0.0,80,0.9875,0.9323122155360776,0.9996835774723672,0.7974683544303798,0.6920428666661058,0.8795729139992208,0.7875,0.6817141914403442,0.8710635049024182,0.0124999999999999,0.1999999999999999,8.326672684688674e-17,0.6
owlv2,1958,49846,63,chair in blue bottom right corner,1,20,5,0,0.0,10,10,1.0,0.6915028921812392,1.0,0.6,0.2623780766069451,0.8784477418801728,0.6,0.2623780766069451,0.8784477418801728,0.0,0.4,0.0,80,0.9875,0.9323122155360776,0.9996835774723672,0.7974683544303798,0.6920428666661058,0.8795729139992208,0.7875,0.6817141914403442,0.8710635049024182,0.0124999999999999,0.1999999999999999,8.326672684688674e-17,0.6
owlv2,1958,49846,63,chair in blue bottom right corner,1,20,5,0,0.0,20,20,1.0,0.8315665290169146,1.0,0.65,0.4078114654671719,0.8460907952154588,0.65,0.4078114654671719,0.8460907952154588,0.0,0.35,0.0,80,0.9875,0.9323122155360776,0.9996835774723672,0.7974683544303798,0.6920428666661058,0.8795729139992208,0.7875,0.6817141914403442,0.8710635049024182,0.0124999999999999,0.1999999999999999,8.326672684688674e-17,0.65
owlv2,1958,49846,63,chair in blue bottom right corner,1,20,5,0,0.0,40,40,1.0,0.9119026971211976,1.0,0.65,0.4831555463510094,0.793717509129233,0.65,0.4831555463510094,0.793717509129233,0.0,0.35,0.0,80,0.9875,0.9323122155360776,0.9996835774723672,0.7974683544303798,0.6920428666661058,0.8795729139992208,0.7875,0.6817141914403442,0.8710635049024182,0.0124999999999999,0.1999999999999999,8.326672684688674e-17,0.65
owlv2,73610,43595,1,actual man,1,5,5,1,0.9747032662752084,5,5,0.0,0.0,0.5218237501049814,,,,0.0,0.0,0.5218237501049814,1.0,0.0,0.0,80,0.0375,0.0078011872657166,0.1057019850165085,1.0,0.2924017738212867,1.0,0.0375,0.0078011872657166,0.1057019850165085,0.9625,0.0,0.0,0.0
owlv2,73610,43595,1,actual man,1,5,5,1,0.9747032662752084,10,10,0.0,0.0,0.3084971078187608,,,,0.0,0.0,0.3084971078187608,1.0,0.0,0.0,80,0.0375,0.0078011872657166,0.1057019850165085,1.0,0.2924017738212867,1.0,0.0375,0.0078011872657166,0.1057019850165085,0.9625,0.0,0.0,0.0
owlv2,73610,43595,1,actual man,1,5,5,1,0.9747032662752084,20,20,0.0,0.0,0.1684334709830853,,,,0.0,0.0,0.1684334709830853,1.0,0.0,0.0,80,0.0375,0.0078011872657166,0.1057019850165085,1.0,0.2924017738212867,1.0,0.0375,0.0078011872657166,0.1057019850165085,0.9625,0.0,0.0,0.0
owlv2,73610,43595,1,actual man,1,5,5,1,0.9747032662752084,40,40,0.025,0.0006327449320494,0.1315858584827657,1.0,0.025,1.0,0.025,0.0006327449320494,0.1315858584827657,0.975,0.0,0.0,80,0.0375,0.0078011872657166,0.1057019850165085,1.0,0.2924017738212867,1.0,0.0375,0.0078011872657166,0.1057019850165085,0.9625,0.0,0.0,0.025
owlv2,511036,6193,51,blue dish with bread or whatever in it bottom right,1,20,5,1,0.9227658316255454,5,5,1.0,0.4781762498950185,1.0,1.0,0.4781762498950185,1.0,1.0,0.4781762498950185,1.0,0.0,0.0,0.0,80,1.0,0.9549359649323076,1.0,1.0,0.9549359649323076,1.0,1.0,0.9549359649323076,1.0,0.0,0.0,0.0,1.0
owlv2,511036,6193,51,blue dish with bread or whatever in it bottom right,1,20,5,1,0.9227658316255454,10,10,1.0,0.6915028921812392,1.0,1.0,0.6915028921812392,1.0,1.0,0.6915028921812392,1.0,0.0,0.0,0.0,80,1.0,0.9549359649323076,1.0,1.0,0.9549359649323076,1.0,1.0,0.9549359649323076,1.0,0.0,0.0,0.0,1.0
owlv2,511036,6193,51,blue dish with bread or whatever in it bottom right,1,20,5,1,0.9227658316255454,20,20,1.0,0.8315665290169146,1.0,1.0,0.8315665290169146,1.0,1.0,0.8315665290169146,1.0,0.0,0.0,0.0,80,1.0,0.9549359649323076,1.0,1.0,0.9549359649323076,1.0,1.0,0.9549359649323076,1.0,0.0,0.0,0.0,1.0
owlv2,511036,6193,51,blue dish with bread or whatever in it bottom right,1,20,5,1,0.9227658316255454,40,40,1.0,0.9119026971211976,1.0,1.0,0.9119026971211976,1.0,1.0,0.9119026971211976,1.0,0.0,0.0,0.0,80,1.0,0.9549359649323076,1.0,1.0,0.9549359649323076,1.0,1.0,0.9549359649323076,1.0,0.0,0.0,0.0,1.0
owlv2,264741,27481,63,bottom right corner couch cushion,1,20,5,0,0.0,5,5,0.6,0.1466327996346731,0.9472550494736832,0.6666666666666666,0.0942993240502461,0.9915962413403874,0.4,0.0527449505263169,0.8533672003653268,0.4,0.2,5.551115123125783e-17,80,0.6875,0.5741109261435505,0.7865253688912328,0.9272727272727272,0.8241324647160316,0.97982946664677,0.6375,0.5223872787351915,0.7421051046283819,0.3125,0.05,2.775557561562892e-17,0.4
owlv2,264741,27481,63,bottom right corner couch cushion,1,20,5,0,0.0,10,10,0.6,0.2623780766069451,0.8784477418801728,0.8333333333333334,0.3587654210023252,0.9957892554855106,0.5,0.1870860284473985,0.8129139715526015,0.4,0.0999999999999999,0.0,80,0.6875,0.5741109261435505,0.7865253688912328,0.9272727272727272,0.8241324647160316,0.97982946664677,0.6375,0.5223872787351915,0.7421051046283819,0.3125,0.05,2.775557561562892e-17,0.5
owlv2,264741,27481,63,bottom right corner couch cushion,1,20,5,0,0.0,20,20,0.6,0.3605425873074897,0.8088099392746928,0.9166666666666666,0.6152038348490559,0.9978924067681396,0.55,0.3152781330405486,0.7694221032240758,0.4,0.05,9.020562075079396e-17,80,0.6875,0.5741109261435505,0.7865253688912328,0.9272727272727272,0.8241324647160316,0.97982946664677,0.6375,0.5223872787351915,0.7421051046283819,0.3125,0.05,2.775557561562892e-17,0.55
owlv2,264741,27481,63,bottom right corner couch cushion,1,20,5,0,0.0,40,40,0.725,0.5611170928209519,0.8539910080361344,0.9310344827586208,0.7723381100555139,0.9915360377469982,0.675,0.5087051245215516,0.8142710332366501,0.275,0.05,8.326672684688674e-17,80,0.6875,0.5741109261435505,0.7865253688912328,0.9272727272727272,0.8241324647160316,0.97982946664677,0.6375,0.5223872787351915,0.7421051046283819,0.3125,0.05,2.775557561562892e-17,0.675
owlv2,247126,29015,1,blue shirt,1,9,5,0,0.3069846512980545,5,5,1.0,0.4781762498950185,1.0,1.0,0.4781762498950185,1.0,1.0,0.4781762498950185,1.0,0.0,0.0,0.0,80,1.0,0.9549359649323076,1.0,1.0,0.9549359649323076,1.0,1.0,0.9549359649323076,1.0,0.0,0.0,0.0,1.0
owlv2,247126,29015,1,blue shirt,1,9,5,0,0.3069846512980545,10,10,1.0,0.6915028921812392,1.0,1.0,0.6915028921812392,1.0,1.0,0.6915028921812392,1.0,0.0,0.0,0.0,80,1.0,0.9549359649323076,1.0,1.0,0.9549359649323076,1.0,1.0,0.9549359649323076,1.0,0.0,0.0,0.0,1.0
owlv2,247126,29015,1,blue shirt,1,9,5,0,0.3069846512980545,20,20,1.0,0.8315665290169146,1.0,1.0,0.8315665290169146,1.0,1.0,0.8315665290169146,1.0,0.0,0.0,0.0,80,1.0,0.9549359649323076,1.0,1.0,0.9549359649323076,1.0,1.0,0.9549359649323076,1.0,0.0,0.0,0.0,1.0
owlv2,247126,29015,1,blue shirt,1,9,5,0,0.3069846512980545,40,40,1.0,0.9119026971211976,1.0,1.0,0.9119026971211976,1.0,1.0,0.9119026971211976,1.0,0.0,0.0,0.0,80,1.0,0.9549359649323076,1.0,1.0,0.9549359649323076,1.0,1.0,0.9549359649323076,1.0,0.0,0.0,0.0,1.0
owlv2,554699,2394,51,hot dogs far left,1,20,5,0,0.0,5,5,1.0,0.4781762498950185,1.0,1.0,0.4781762498950185,1.0,1.0,0.4781762498950185,1.0,0.0,0.0,0.0,80,1.0,0.9549359649323076,1.0,1.0,0.9549359649323076,1.0,1.0,0.9549359649323076,1.0,0.0,0.0,0.0,1.0
owlv2,554699,2394,51,hot dogs far left,1,20,5,0,0.0,10,10,1.0,0.6915028921812392,1.0,1.0,0.6915028921812392,1.0,1.0,0.6915028921812392,1.0,0.0,0.0,0.0,80,1.0,0.9549359649323076,1.0,1.0,0.9549359649323076,1.0,1.0,0.9549359649323076,1.0,0.0,0.0,0.0,1.0
owlv2,554699,2394,51,hot dogs far left,1,20,5,0,0.0,20,20,1.0,0.8315665290169146,1.0,1.0,0.8315665290169146,1.0,1.0,0.8315665290169146,1.0,0.0,0.0,0.0,80,1.0,0.9549359649323076,1.0,1.0,0.9549359649323076,1.0,1.0,0.9549359649323076,1.0,0.0,0.0,0.0,1.0
owlv2,554699,2394,51,hot dogs far left,1,20,5,0,0.0,40,40,1.0,0.9119026971211976,1.0,1.0,0.9119026971211976,1.0,1.0,0.9119026971211976,1.0,0.0,0.0,0.0,80,1.0,0.9549359649323076,1.0,1.0,0.9549359649323076,1.0,1.0,0.9549359649323076,1.0,0.0,0.0,0.0,1.0
owlv2,194056,33509,1,yellow coat,1,5,5,0,0.4862404148802622,5,5,0.4,0.0527449505263169,0.8533672003653268,1.0,0.158113883008419,1.0,0.4,0.0527449505263169,0.8533672003653268,0.6,0.0,0.0,80,0.5,0.3860478833649092,0.6139521166350907,1.0,0.9119026971211976,1.0,0.5,0.3860478833649092,0.6139521166350907,0.5,0.0,0.0,0.4
owlv2,194056,33509,1,yellow coat,1,5,5,0,0.4862404148802622,10,10,0.7,0.3475471499400027,0.9332604888222656,1.0,0.5903836027749967,1.0,0.7,0.3475471499400027,0.9332604888222656,0.3,0.0,0.0,80,0.5,0.3860478833649092,0.6139521166350907,1.0,0.9119026971211976,1.0,0.5,0.3860478833649092,0.6139521166350907,0.5,0.0,0.0,0.7
owlv2,194056,33509,1,yellow coat,1,5,5,0,0.4862404148802622,20,20,0.65,0.4078114654671719,0.8460907952154588,1.0,0.752947361999529,1.0,0.65,0.4078114654671719,0.8460907952154588,0.35,0.0,0.0,80,0.5,0.3860478833649092,0.6139521166350907,1.0,0.9119026971211976,1.0,0.5,0.3860478833649092,0.6139521166350907,0.5,0.0,0.0,0.65
owlv2,194056,33509,1,yellow coat,1,5,5,0,0.4862404148802622,40,40,0.6,0.4332670521932967,0.7513500134122563,1.0,0.8575264022774743,1.0,0.6,0.4332670521932967,0.7513500134122563,0.4,0.0,0.0,80,0.5,0.3860478833649092,0.6139521166350907,1.0,0.9119026971211976,1.0,0.5,0.3860478833649092,0.6139521166350907,0.5,0.0,0.0,0.6
owlv2,193168,33579,59,right slice,1,20,5,0,0.2867574263886411,5,5,1.0,0.4781762498950185,1.0,0.8,0.2835820638819106,0.994949236620532,0.8,0.2835820638819106,0.994949236620532,0.0,0.1999999999999999,0.0,80,1.0,0.9549359649323076,1.0,0.725,0.6137565791555908,0.8189623614429612,0.725,0.6137565791555908,0.8189623614429612,0.0,0.275,0.0,0.8
owlv2,193168,33579,59,right slice,1,20,5,0,0.2867574263886411,10,10,1.0,0.6915028921812392,1.0,0.8,0.4439045376923585,0.9747892736731666,0.8,0.4439045376923585,0.9747892736731666,0.0,0.1999999999999999,0.0,80,1.0,0.9549359649323076,1.0,0.725,0.6137565791555908,0.8189623614429612,0.725,0.6137565791555908,0.8189623614429612,0.0,0.275,0.0,0.8
owlv2,193168,33579,59,right slice,1,20,5,0,0.2867574263886411,20,20,1.0,0.8315665290169146,1.0,0.65,0.4078114654671719,0.8460907952154588,0.65,0.4078114654671719,0.8460907952154588,0.0,0.35,0.0,80,1.0,0.9549359649323076,1.0,0.725,0.6137565791555908,0.8189623614429612,0.725,0.6137565791555908,0.8189623614429612,0.0,0.275,0.0,0.65
owlv2,193168,33579,59,right slice,1,20,5,0,0.2867574263886411,40,40,1.0,0.9119026971211976,1.0,0.675,0.5087051245215516,0.8142710332366501,0.675,0.5087051245215516,0.8142710332366501,0.0,0.3249999999999999,0.0,80,1.0,0.9549359649323076,1.0,0.725,0.6137565791555908,0.8189623614429612,0.725,0.6137565791555908,0.8189623614429612,0.0,0.275,0.0,0.675
owlv2,6051,49530,62,the white chair right above the dog,1,20,5,0,0.1737765389278734,5,5,1.0,0.4781762498950185,1.0,1.0,0.4781762498950185,1.0,1.0,0.4781762498950185,1.0,0.0,0.0,0.0,80,1.0,0.9549359649323076,1.0,1.0,0.9549359649323076,1.0,1.0,0.9549359649323076,1.0,0.0,0.0,0.0,1.0
owlv2,6051,49530,62,the white chair right above the dog,1,20,5,0,0.1737765389278734,10,10,1.0,0.6915028921812392,1.0,1.0,0.6915028921812392,1.0,1.0,0.6915028921812392,1.0,0.0,0.0,0.0,80,1.0,0.9549359649323076,1.0,1.0,0.9549359649323076,1.0,1.0,0.9549359649323076,1.0,0.0,0.0,0.0,1.0
owlv2,6051,49530,62,the white chair right above the dog,1,20,5,0,0.1737765389278734,20,20,1.0,0.8315665290169146,1.0,1.0,0.8315665290169146,1.0,1.0,0.8315665290169146,1.0,0.0,0.0,0.0,80,1.0,0.9549359649323076,1.0,1.0,0.9549359649323076,1.0,1.0,0.9549359649323076,1.0,0.0,0.0,0.0,1.0
owlv2,6051,49530,62,the white chair right above the dog,1,20,5,0,0.1737765389278734,40,40,1.0,0.9119026971211976,1.0,1.0,0.9119026971211976,1.0,1.0,0.9119026971211976,1.0,0.0,0.0,0.0,80,1.0,0.9549359649323076,1.0,1.0,0.9549359649323076,1.0,1.0,0.9549359649323076,1.0,0.0,0.0,0.0,1.0
owlv2,469825,9745,1,person in shorts,1,10,5,0,0.0797570313096042,5,5,1.0,0.4781762498950185,1.0,0.6,0.1466327996346731,0.9472550494736832,0.6,0.1466327996346731,0.9472550494736832,0.0,0.4,0.0,80,1.0,0.9549359649323076,1.0,0.8375,0.7381631061748872,0.9105383582774708,0.8375,0.7381631061748872,0.9105383582774708,0.0,0.1624999999999999,0.0,0.6
owlv2,469825,9745,1,person in shorts,1,10,5,0,0.0797570313096042,10,10,1.0,0.6915028921812392,1.0,0.7,0.3475471499400027,0.9332604888222656,0.7,0.3475471499400027,0.9332604888222656,0.0,0.3,0.0,80,1.0,0.9549359649323076,1.0,0.8375,0.7381631061748872,0.9105383582774708,0.8375,0.7381631061748872,0.9105383582774708,0.0,0.1624999999999999,0.0,0.7
owlv2,469825,9745,1,person in shorts,1,10,5,0,0.0797570313096042,20,20,1.0,0.8315665290169146,1.0,0.7,0.4572108177237109,0.8810684095942722,0.7,0.4572108177237109,0.8810684095942722,0.0,0.3,0.0,80,1.0,0.9549359649323076,1.0,0.8375,0.7381631061748872,0.9105383582774708,0.8375,0.7381631061748872,0.9105383582774708,0.0,0.1624999999999999,0.0,0.7
owlv2,469825,9745,1,person in shorts,1,10,5,0,0.0797570313096042,40,40,1.0,0.9119026971211976,1.0,0.725,0.5611170928209519,0.8539910080361344,0.725,0.5611170928209519,0.8539910080361344,0.0,0.275,0.0,80,1.0,0.9549359649323076,1.0,0.8375,0.7381631061748872,0.9105383582774708,0.8375,0.7381631061748872,0.9105383582774708,0.0,0.1624999999999999,0.0,0.725
owlv2,130869,38678,1,boy on right,1,2,2,0,0.0297906510478217,5,5,1.0,0.4781762498950185,1.0,0.8,0.2835820638819106,0.994949236620532,0.8,0.2835820638819106,0.994949236620532,0.0,0.1999999999999999,0.0,80,1.0,0.9549359649323076,1.0,0.875,0.7821108659305637,0.9383979034415656,0.875,0.7821108659305637,0.9383979034415656,0.0,0.125,0.0,0.8
owlv2,130869,38678,1,boy on right,1,2,2,0,0.0297906510478217,10,10,1.0,0.6915028921812392,1.0,0.9,0.5549838829718046,0.9974714214555382,0.9,0.5549838829718046,0.9974714214555382,0.0,0.0999999999999999,0.0,80,1.0,0.9549359649323076,1.0,0.875,0.7821108659305637,0.9383979034415656,0.875,0.7821108659305637,0.9383979034415656,0.0,0.125,0.0,0.9
owlv2,130869,38678,1,boy on right,1,2,2,0,0.0297906510478217,20,20,1.0,0.8315665290169146,1.0,0.9,0.6830172859809176,0.9876514728297052,0.9,0.6830172859809176,0.9876514728297052,0.0,0.0999999999999999,0.0,80,1.0,0.9549359649323076,1.0,0.875,0.7821108659305637,0.9383979034415656,0.875,0.7821108659305637,0.9383979034415656,0.0,0.125,0.0,0.9
owlv2,130869,38678,1,boy on right,1,2,2,0,0.0297906510478217,40,40,1.0,0.9119026971211976,1.0,0.925,0.796135251267101,0.9842578201489584,0.925,0.796135251267101,0.9842578201489584,0.0,0.0749999999999999,0.0,80,1.0,0.9549359649323076,1.0,0.875,0.7821108659305637,0.9383979034415656,0.875,0.7821108659305637,0.9383979034415656,0.0,0.125,0.0,0.925
owlv2,8436,49328,1,person third from the right,1,20,5,1,0.95404995354107,5,5,1.0,0.4781762498950185,1.0,0.6,0.1466327996346731,0.9472550494736832,0.6,0.1466327996346731,0.9472550494736832,0.0,0.4,0.0,80,0.975,0.9125928440694078,0.9969579138351904,0.782051282051282,0.6741381209298921,0.8676088928981341,0.7625,0.6542230288597322,0.8505462481433591,0.025,0.2125,2.775557561562892e-17,0.6
owlv2,8436,49328,1,person third from the right,1,20,5,1,0.95404995354107,10,10,1.0,0.6915028921812392,1.0,0.7,0.3475471499400027,0.9332604888222656,0.7,0.3475471499400027,0.9332604888222656,0.0,0.3,0.0,80,0.975,0.9125928440694078,0.9969579138351904,0.782051282051282,0.6741381209298921,0.8676088928981341,0.7625,0.6542230288597322,0.8505462481433591,0.025,0.2125,2.775557561562892e-17,0.7
owlv2,8436,49328,1,person third from the right,1,20,5,1,0.95404995354107,20,20,1.0,0.8315665290169146,1.0,0.8,0.5633859970033317,0.9426660029499672,0.8,0.5633859970033317,0.9426660029499672,0.0,0.1999999999999999,0.0,80,0.975,0.9125928440694078,0.9969579138351904,0.782051282051282,0.6741381209298921,0.8676088928981341,0.7625,0.6542230288597322,0.8505462481433591,0.025,0.2125,2.775557561562892e-17,0.8
owlv2,8436,49328,1,person third from the right,1,20,5,1,0.95404995354107,40,40,1.0,0.9119026971211976,1.0,0.875,0.7319670826382796,0.9581403738613832,0.875,0.7319670826382796,0.9581403738613832,0.0,0.125,0.0,80,0.975,0.9125928440694078,0.9969579138351904,0.782051282051282,0.6741381209298921,0.8676088928981341,0.7625,0.6542230288597322,0.8505462481433591,0.025,0.2125,2.775557561562892e-17,0.875
owlv2,194550,33474,1,right guy,1,20,5,0,0.0,5,5,1.0,0.4781762498950185,1.0,1.0,0.4781762498950185,1.0,1.0,0.4781762498950185,1.0,0.0,0.0,0.0,80,1.0,0.9549359649323076,1.0,1.0,0.9549359649323076,1.0,1.0,0.9549359649323076,1.0,0.0,0.0,0.0,1.0
owlv2,194550,33474,1,right guy,1,20,5,0,0.0,10,10,1.0,0.6915028921812392,1.0,1.0,0.6915028921812392,1.0,1.0,0.6915028921812392,1.0,0.0,0.0,0.0,80,1.0,0.9549359649323076,1.0,1.0,0.9549359649323076,1.0,1.0,0.9549359649323076,1.0,0.0,0.0,0.0,1.0
owlv2,194550,33474,1,right guy,1,20,5,0,0.0,20,20,1.0,0.8315665290169146,1.0,1.0,0.8315665290169146,1.0,1.0,0.8315665290169146,1.0,0.0,0.0,0.0,80,1.0,0.9549359649323076,1.0,1.0,0.9549359649323076,1.0,1.0,0.9549359649323076,1.0,0.0,0.0,0.0,1.0
owlv2,194550,33474,1,right guy,1,20,5,0,0.0,40,40,1.0,0.9119026971211976,1.0,1.0,0.9119026971211976,1.0,1.0,0.9119026971211976,1.0,0.0,0.0,0.0,80,1.0,0.9549359649323076,1.0,1.0,0.9549359649323076,1.0,1.0,0.9549359649323076,1.0,0.0,0.0,0.0,1.0
owlv2,253049,28511,60,left most donut,1,20,5,0,0.0,5,5,1.0,0.4781762498950185,1.0,1.0,0.4781762498950185,1.0,1.0,0.4781762498950185,1.0,0.0,0.0,0.0,80,0.9125,0.8279916615801152,0.9640936410104411,0.9452054794520548,0.8656061656452405,0.9848704761619632,0.8625,0.7672791291752744,0.9293121672961212,0.0875,0.0499999999999999,6.245004513516506e-17,1.0
owlv2,253049,28511,60,left most donut,1,20,5,0,0.0,10,10,1.0,0.6915028921812392,1.0,1.0,0.6915028921812392,1.0,1.0,0.6915028921812392,1.0,0.0,0.0,0.0,80,0.9125,0.8279916615801152,0.9640936410104411,0.9452054794520548,0.8656061656452405,0.9848704761619632,0.8625,0.7672791291752744,0.9293121672961212,0.0875,0.0499999999999999,6.245004513516506e-17,1.0
owlv2,253049,28511,60,left most donut,1,20,5,0,0.0,20,20,0.95,0.7512672372279723,0.9987349105020502,1.0,0.8235330881930346,1.0,0.95,0.7512672372279723,0.9987349105020502,0.05,0.0,0.0,80,0.9125,0.8279916615801152,0.9640936410104411,0.9452054794520548,0.8656061656452405,0.9848704761619632,0.8625,0.7672791291752744,0.9293121672961212,0.0875,0.0499999999999999,6.245004513516506e-17,0.95
owlv2,253049,28511,60,left most donut,1,20,5,0,0.0,40,40,0.925,0.796135251267101,0.9842578201489584,1.0,0.90510941258501,1.0,0.925,0.796135251267101,0.9842578201489584,0.0749999999999999,0.0,0.0,80,0.9125,0.8279916615801152,0.9640936410104411,0.9452054794520548,0.8656061656452405,0.9848704761619632,0.8625,0.7672791291752744,0.9293121672961212,0.0875,0.0499999999999999,6.245004513516506e-17,0.925
owlv2,278931,26336,1,person in a checked shirt,1,20,5,1,0.825021994965553,5,5,1.0,0.4781762498950185,1.0,1.0,0.4781762498950185,1.0,1.0,0.4781762498950185,1.0,0.0,0.0,0.0,80,1.0,0.9549359649323076,1.0,1.0,0.9549359649323076,1.0,1.0,0.9549359649323076,1.0,0.0,0.0,0.0,1.0
owlv2,278931,26336,1,person in a checked shirt,1,20,5,1,0.825021994965553,10,10,1.0,0.6915028921812392,1.0,1.0,0.6915028921812392,1.0,1.0,0.6915028921812392,1.0,0.0,0.0,0.0,80,1.0,0.9549359649323076,1.0,1.0,0.9549359649323076,1.0,1.0,0.9549359649323076,1.0,0.0,0.0,0.0,1.0
owlv2,278931,26336,1,person in a checked shirt,1,20,5,1,0.825021994965553,20,20,1.0,0.8315665290169146,1.0,1.0,0.8315665290169146,1.0,1.0,0.8315665290169146,1.0,0.0,0.0,0.0,80,1.0,0.9549359649323076,1.0,1.0,0.9549359649323076,1.0,1.0,0.9549359649323076,1.0,0.0,0.0,0.0,1.0
owlv2,278931,26336,1,person in a checked shirt,1,20,5,1,0.825021994965553,40,40,1.0,0.9119026971211976,1.0,1.0,0.9119026971211976,1.0,1.0,0.9119026971211976,1.0,0.0,0.0,0.0,80,1.0,0.9549359649323076,1.0,1.0,0.9549359649323076,1.0,1.0,0.9549359649323076,1.0,0.0,0.0,0.0,1.0
owlv2,20513,48271,46,top center glass,1,20,5,1,0.9049323370968492,5,5,1.0,0.4781762498950185,1.0,0.8,0.2835820638819106,0.994949236620532,0.8,0.2835820638819106,0.994949236620532,0.0,0.1999999999999999,0.0,80,1.0,0.9549359649323076,1.0,0.55,0.4346739790941529,0.6615136155101845,0.55,0.4346739790941529,0.6615136155101845,0.0,0.4499999999999999,0.0,0.8
owlv2,20513,48271,46,top center glass,1,20,5,1,0.9049323370968492,10,10,1.0,0.6915028921812392,1.0,0.7,0.3475471499400027,0.9332604888222656,0.7,0.3475471499400027,0.9332604888222656,0.0,0.3,0.0,80,1.0,0.9549359649323076,1.0,0.55,0.4346739790941529,0.6615136155101845,0.55,0.4346739790941529,0.6615136155101845,0.0,0.4499999999999999,0.0,0.7
owlv2,20513,48271,46,top center glass,1,20,5,1,0.9049323370968492,20,20,1.0,0.8315665290169146,1.0,0.6,0.3605425873074897,0.8088099392746928,0.6,0.3605425873074897,0.8088099392746928,0.0,0.4,0.0,80,1.0,0.9549359649323076,1.0,0.55,0.4346739790941529,0.6615136155101845,0.55,0.4346739790941529,0.6615136155101845,0.0,0.4499999999999999,0.0,0.6
owlv2,20513,48271,46,top center glass,1,20,5,1,0.9049323370968492,40,40,1.0,0.9119026971211976,1.0,0.6,0.4332670521932967,0.7513500134122563,0.6,0.4332670521932967,0.7513500134122563,0.0,0.4,0.0,80,1.0,0.9549359649323076,1.0,0.55,0.4346739790941529,0.6615136155101845,0.55,0.4346739790941529,0.6615136155101845,0.0,0.4499999999999999,0.0,0.6
owlv2,402041,15613,22,left elephant,1,20,5,0,0.1622821375017676,5,5,1.0,0.4781762498950185,1.0,1.0,0.4781762498950185,1.0,1.0,0.4781762498950185,1.0,0.0,0.0,0.0,80,1.0,0.9549359649323076,1.0,1.0,0.9549359649323076,1.0,1.0,0.9549359649323076,1.0,0.0,0.0,0.0,1.0
owlv2,402041,15613,22,left elephant,1,20,5,0,0.1622821375017676,10,10,1.0,0.6915028921812392,1.0,0.9,0.5549838829718046,0.9974714214555382,0.9,0.5549838829718046,0.9974714214555382,0.0,0.0999999999999999,0.0,80,1.0,0.9549359649323076,1.0,1.0,0.9549359649323076,1.0,1.0,0.9549359649323076,1.0,0.0,0.0,0.0,0.9
owlv2,402041,15613,22,left elephant,1,20,5,0,0.1622821375017676,20,20,1.0,0.8315665290169146,1.0,0.9,0.6830172859809176,0.9876514728297052,0.9,0.6830172859809176,0.9876514728297052,0.0,0.0999999999999999,0.0,80,1.0,0.9549359649323076,1.0,1.0,0.9549359649323076,1.0,1.0,0.9549359649323076,1.0,0.0,0.0,0.0,0.9
owlv2,402041,15613,22,left elephant,1,20,5,0,0.1622821375017676,40,40,1.0,0.9119026971211976,1.0,0.9,0.7633626001239001,0.9720745847057808,0.9,0.7633626001239001,0.9720745847057808,0.0,0.0999999999999999,0.0,80,1.0,0.9549359649323076,1.0,1.0,0.9549359649323076,1.0,1.0,0.9549359649323076,1.0,0.0,0.0,0.0,0.9
owlv2,66637,44150,1,person with green shirt on right,1,20,5,0,0.0,5,5,0.6,0.1466327996346731,0.9472550494736832,0.6666666666666666,0.0942993240502461,0.9915962413403874,0.4,0.0527449505263169,0.8533672003653268,0.4,0.2,5.551115123125783e-17,80,0.65,0.5352031145206642,0.7533280635274648,0.9615384615384616,0.8678715927231975,0.9953077109907292,0.625,0.5096452355928875,0.7308068300531951,0.35,0.0249999999999999,3.816391647148976e-17,0.4
owlv2,66637,44150,1,person with green shirt on right,1,20,5,0,0.0,10,10,0.7,0.3475471499400027,0.9332604888222656,0.7142857142857143,0.2904208637373427,0.9633074338239144,0.5,0.1870860284473985,0.8129139715526015,0.3,0.1999999999999999,2.775557561562892e-17,80,0.65,0.5352031145206642,0.7533280635274648,0.9615384615384616,0.8678715927231975,0.9953077109907292,0.625,0.5096452355928875,0.7308068300531951,0.35,0.0249999999999999,3.816391647148976e-17,0.5
owlv2,66637,44150,1,person with green shirt on right,1,20,5,0,0.0,20,20,0.7,0.4572108177237109,0.8810684095942722,0.7857142857142857,0.4920243229515282,0.9534207121101328,0.55,0.3152781330405486,0.7694221032240758,0.3,0.15,8.326672684688674e-17,80,0.65,0.5352031145206642,0.7533280635274648,0.9615384615384616,0.8678715927231975,0.9953077109907292,0.625,0.5096452355928875,0.7308068300531951,0.35,0.0249999999999999,3.816391647148976e-17,0.55
owlv2,66637,44150,1,person with green shirt on right,1,20,5,0,0.0,40,40,0.7,0.5346837147458767,0.8343727956067644,0.8571428571428571,0.6733473306842048,0.9596643692029088,0.6,0.4332670521932967,0.7513500134122563,0.3,0.1,5.551115123125783e-17,80,0.65,0.5352031145206642,0.7533280635274648,0.9615384615384616,0.8678715927231975,0.9953077109907292,0.625,0.5096452355928875,0.7308068300531951,0.35,0.0249999999999999,3.816391647148976e-17,0.6
owlv2,438045,12543,1,standing white shirt headless person,1,12,5,1,0.8064751216472658,5,5,1.0,0.4781762498950185,1.0,1.0,0.4781762498950185,1.0,1.0,0.4781762498950185,1.0,0.0,0.0,0.0,80,0.7125,0.6004548866879794,0.8082395280280349,1.0,0.9373325190855152,1.0,0.7125,0.6004548866879794,0.8082395280280349,0.2875,0.0,0.0,1.0
owlv2,438045,12543,1,standing white shirt headless person,1,12,5,1,0.8064751216472658,10,10,0.8,0.4439045376923585,0.9747892736731666,1.0,0.6305833524471808,1.0,0.8,0.4439045376923585,0.9747892736731666,0.1999999999999999,0.0,0.0,80,0.7125,0.6004548866879794,0.8082395280280349,1.0,0.9373325190855152,1.0,0.7125,0.6004548866879794,0.8082395280280349,0.2875,0.0,0.0,0.8
owlv2,438045,12543,1,standing white shirt headless person,1,12,5,1,0.8064751216472658,20,20,0.7,0.4572108177237109,0.8810684095942722,1.0,0.7683642383498835,1.0,0.7,0.4572108177237109,0.8810684095942722,0.3,0.0,0.0,80,0.7125,0.6004548866879794,0.8082395280280349,1.0,0.9373325190855152,1.0,0.7125,0.6004548866879794,0.8082395280280349,0.2875,0.0,0.0,0.7
owlv2,438045,12543,1,standing white shirt headless person,1,12,5,1,0.8064751216472658,40,40,0.725,0.5611170928209519,0.8539910080361344,1.0,0.8805551309304973,1.0,0.725,0.5611170928209519,0.8539910080361344,0.275,0.0,0.0,80,0.7125,0.6004548866879794,0.8082395280280349,1.0,0.9373325190855152,1.0,0.7125,0.6004548866879794,0.8082395280280349,0.2875,0.0,0.0,0.725
owlv2,409653,14975,5,left plane,1,20,5,1,0.7290481943446648,5,5,1.0,0.4781762498950185,1.0,0.6,0.1466327996346731,0.9472550494736832,0.6,0.1466327996346731,0.9472550494736832,0.0,0.4,0.0,80,0.95,0.876901263556847,0.9862106060235382,0.6578947368421053,0.5401239738046439,0.7629432031837841,0.625,0.5096452355928875,0.7308068300531951,0.05,0.3249999999999999,0.0,0.6
owlv2,409653,14975,5,left plane,1,20,5,1,0.7290481943446648,10,10,0.9,0.5549838829718046,0.9974714214555382,0.5555555555555556,0.212008506778868,0.8630043377348335,0.5,0.1870860284473985,0.8129139715526015,0.0999999999999999,0.3999999999999999,5.551115123125783e-17,80,0.95,0.876901263556847,0.9862106060235382,0.6578947368421053,0.5401239738046439,0.7629432031837841,0.625,0.5096452355928875,0.7308068300531951,0.05,0.3249999999999999,0.0,0.5
owlv2,409653,14975,5,left plane,1,20,5,1,0.7290481943446648,20,20,0.95,0.7512672372279723,0.9987349105020502,0.5789473684210527,0.3349978440117354,0.7974785610228372,0.55,0.3152781330405486,0.7694221032240758,0.05,0.3999999999999999,5.551115123125783e-17,80,0.95,0.876901263556847,0.9862106060235382,0.6578947368421053,0.5401239738046439,0.7629432031837841,0.625,0.5096452355928875,0.7308068300531951,0.05,0.3249999999999999,0.0,0.55
owlv2,409653,14975,5,left plane,1,20,5,1,0.7290481943446648,40,40,0.95,0.8308031360405824,0.9938863534006492,0.6842105263157895,0.5134729455939784,0.8249746610988732,0.65,0.4831555463510094,0.793717509129233,0.05,0.3,5.551115123125783e-17,80,0.95,0.876901263556847,0.9862106060235382,0.6578947368421053,0.5401239738046439,0.7629432031837841,0.625,0.5096452355928875,0.7308068300531951,0.05,0.3249999999999999,0.0,0.65
owlv2,222893,31057,21,cow right,1,20,5,0,0.0,5,5,1.0,0.4781762498950185,1.0,1.0,0.4781762498950185,1.0,1.0,0.4781762498950185,1.0,0.0,0.0,0.0,80,1.0,0.9549359649323076,1.0,1.0,0.9549359649323076,1.0,1.0,0.9549359649323076,1.0,0.0,0.0,0.0,1.0
owlv2,222893,31057,21,cow right,1,20,5,0,0.0,10,10,1.0,0.6915028921812392,1.0,1.0,0.6915028921812392,1.0,1.0,0.6915028921812392,1.0,0.0,0.0,0.0,80,1.0,0.9549359649323076,1.0,1.0,0.9549359649323076,1.0,1.0,0.9549359649323076,1.0,0.0,0.0,0.0,1.0
owlv2,222893,31057,21,cow right,1,20,5,0,0.0,20,20,1.0,0.8315665290169146,1.0,1.0,0.8315665290169146,1.0,1.0,0.8315665290169146,1.0,0.0,0.0,0.0,80,1.0,0.9549359649323076,1.0,1.0,0.9549359649323076,1.0,1.0,0.9549359649323076,1.0,0.0,0.0,0.0,1.0
owlv2,222893,31057,21,cow right,1,20,5,0,0.0,40,40,1.0,0.9119026971211976,1.0,0.975,0.8684141415172343,0.9993672550679504,0.975,0.8684141415172343,0.9993672550679504,0.0,0.025,0.0,80,1.0,0.9549359649323076,1.0,1.0,0.9549359649323076,1.0,1.0,0.9549359649323076,1.0,0.0,0.0,0.0,0.975
owlv2,449780,11512,1,woman facing away on left in back,1,12,5,1,0.9261154367258776,5,5,1.0,0.4781762498950185,1.0,1.0,0.4781762498950185,1.0,1.0,0.4781762498950185,1.0,0.0,0.0,0.0,80,0.925,0.8438720682639279,0.9719794538231588,1.0,0.9513723837620104,1.0,0.925,0.8438720682639279,0.9719794538231588,0.0749999999999999,0.0,0.0,1.0
owlv2,449780,11512,1,woman facing away on left in back,1,12,5,1,0.9261154367258776,10,10,1.0,0.6915028921812392,1.0,1.0,0.6915028921812392,1.0,1.0,0.6915028921812392,1.0,0.0,0.0,0.0,80,0.925,0.8438720682639279,0.9719794538231588,1.0,0.9513723837620104,1.0,0.925,0.8438720682639279,0.9719794538231588,0.0749999999999999,0.0,0.0,1.0
owlv2,449780,11512,1,woman facing away on left in back,1,12,5,1,0.9261154367258776,20,20,1.0,0.8315665290169146,1.0,1.0,0.8315665290169146,1.0,1.0,0.8315665290169146,1.0,0.0,0.0,0.0,80,0.925,0.8438720682639279,0.9719794538231588,1.0,0.9513723837620104,1.0,0.925,0.8438720682639279,0.9719794538231588,0.0749999999999999,0.0,0.0,1.0
owlv2,449780,11512,1,woman facing away on left in back,1,12,5,1,0.9261154367258776,40,40,0.975,0.8684141415172343,0.9993672550679504,1.0,0.9097488990396656,1.0,0.975,0.8684141415172343,0.9993672550679504,0.025,0.0,0.0,80,0.925,0.8438720682639279,0.9719794538231588,1.0,0.9513723837620104,1.0,0.925,0.8438720682639279,0.9719794538231588,0.0749999999999999,0.0,0.0,0.975
owlv2,116088,40006,1,guy bending over,1,20,5,0,0.2562115468891666,5,5,1.0,0.4781762498950185,1.0,1.0,0.4781762498950185,1.0,1.0,0.4781762498950185,1.0,0.0,0.0,0.0,80,0.9125,0.8279916615801152,0.9640936410104411,0.9452054794520548,0.8656061656452405,0.9848704761619632,0.8625,0.7672791291752744,0.9293121672961212,0.0875,0.0499999999999999,6.245004513516506e-17,1.0
owlv2,116088,40006,1,guy bending over,1,20,5,0,0.2562115468891666,10,10,1.0,0.6915028921812392,1.0,1.0,0.6915028921812392,1.0,1.0,0.6915028921812392,1.0,0.0,0.0,0.0,80,0.9125,0.8279916615801152,0.9640936410104411,0.9452054794520548,0.8656061656452405,0.9848704761619632,0.8625,0.7672791291752744,0.9293121672961212,0.0875,0.0499999999999999,6.245004513516506e-17,1.0
owlv2,116088,40006,1,guy bending over,1,20,5,0,0.2562115468891666,20,20,0.95,0.7512672372279723,0.9987349105020502,1.0,0.8235330881930346,1.0,0.95,0.7512672372279723,0.9987349105020502,0.05,0.0,0.0,80,0.9125,0.8279916615801152,0.9640936410104411,0.9452054794520548,0.8656061656452405,0.9848704761619632,0.8625,0.7672791291752744,0.9293121672961212,0.0875,0.0499999999999999,6.245004513516506e-17,0.95
owlv2,116088,40006,1,guy bending over,1,20,5,0,0.2562115468891666,40,40,0.975,0.8684141415172343,0.9993672550679504,0.9487179487179488,0.8267552186263942,0.9937280279043096,0.925,0.796135251267101,0.9842578201489584,0.025,0.05,1.0408340855860844e-16,80,0.9125,0.8279916615801152,0.9640936410104411,0.9452054794520548,0.8656061656452405,0.9848704761619632,0.8625,0.7672791291752744,0.9293121672961212,0.0875,0.0499999999999999,6.245004513516506e-17,0.925
owlv2,377609,17714,18,dog in center of photo,1,7,5,0,0.0036965157196981,5,5,1.0,0.4781762498950185,1.0,0.4,0.0527449505263169,0.8533672003653268,0.4,0.0527449505263169,0.8533672003653268,0.0,0.6,0.0,80,0.9625,0.8942980149834914,0.9921988127342832,0.5194805194805194,0.4025948002145209,0.6348226206760976,0.5,0.3860478833649092,0.6139521166350907,0.0374999999999999,0.4625000000000001,5.551115123125783e-17,0.4
owlv2,377609,17714,18,dog in center of photo,1,7,5,0,0.0036965157196981,10,10,1.0,0.6915028921812392,1.0,0.5,0.1870860284473985,0.8129139715526015,0.5,0.1870860284473985,0.8129139715526015,0.0,0.5,0.0,80,0.9625,0.8942980149834914,0.9921988127342832,0.5194805194805194,0.4025948002145209,0.6348226206760976,0.5,0.3860478833649092,0.6139521166350907,0.0374999999999999,0.4625000000000001,5.551115123125783e-17,0.5
owlv2,377609,17714,18,dog in center of photo,1,7,5,0,0.0036965157196981,20,20,1.0,0.8315665290169146,1.0,0.5,0.2719578495607918,0.7280421504392082,0.5,0.2719578495607918,0.7280421504392082,0.0,0.5,0.0,80,0.9625,0.8942980149834914,0.9921988127342832,0.5194805194805194,0.4025948002145209,0.6348226206760976,0.5,0.3860478833649092,0.6139521166350907,0.0374999999999999,0.4625000000000001,5.551115123125783e-17,0.5
owlv2,377609,17714,18,dog in center of photo,1,7,5,0,0.0036965157196981,40,40,1.0,0.9119026971211976,1.0,0.55,0.3849067945340133,0.7074116499601201,0.55,0.3849067945340133,0.7074116499601201,0.0,0.4499999999999999,0.0,80,0.9625,0.8942980149834914,0.9921988127342832,0.5194805194805194,0.4025948002145209,0.6348226206760976,0.5,0.3860478833649092,0.6139521166350907,0.0374999999999999,0.4625000000000001,5.551115123125783e-17,0.55
owlv2,57689,44962,24,zebra in front,1,20,5,1,0.9463912242051516,5,5,1.0,0.4781762498950185,1.0,0.6,0.1466327996346731,0.9472550494736832,0.6,0.1466327996346731,0.9472550494736832,0.0,0.4,0.0,80,1.0,0.9549359649323076,1.0,0.775,0.6679136799387491,0.8608627895010682,0.775,0.6679136799387491,0.8608627895010682,0.0,0.2249999999999999,0.0,0.6
owlv2,57689,44962,24,zebra in front,1,20,5,1,0.9463912242051516,10,10,1.0,0.6915028921812392,1.0,0.7,0.3475471499400027,0.9332604888222656,0.7,0.3475471499400027,0.9332604888222656,0.0,0.3,0.0,80,1.0,0.9549359649323076,1.0,0.775,0.6679136799387491,0.8608627895010682,0.775,0.6679136799387491,0.8608627895010682,0.0,0.2249999999999999,0.0,0.7
owlv2,57689,44962,24,zebra in front,1,20,5,1,0.9463912242051516,20,20,1.0,0.8315665290169146,1.0,0.75,0.5089541282920425,0.9134285308985652,0.75,0.5089541282920425,0.9134285308985652,0.0,0.25,0.0,80,1.0,0.9549359649323076,1.0,0.775,0.6679136799387491,0.8608627895010682,0.775,0.6679136799387491,0.8608627895010682,0.0,0.2249999999999999,0.0,0.75
owlv2,57689,44962,24,zebra in front,1,20,5,1,0.9463912242051516,40,40,1.0,0.9119026971211976,1.0,0.75,0.5880380198485702,0.873085201067155,0.75,0.5880380198485702,0.873085201067155,0.0,0.25,0.0,80,1.0,0.9549359649323076,1.0,0.775,0.6679136799387491,0.8608627895010682,0.775,0.6679136799387491,0.8608627895010682,0.0,0.2249999999999999,0.0,0.75
owlv2,567199,1305,1,red,1,14,5,0,0.0,5,5,0.6,0.1466327996346731,0.9472550494736832,0.3333333333333333,0.0084037586596126,0.905700675949754,0.2,0.005050763379468,0.7164179361180893,0.4,0.4,0.0,80,0.775,0.6679136799387491,0.8608627895010682,0.5967741935483871,0.4644966101422718,0.7194889187329874,0.4625,0.3502764265383983,0.5775824719951649,0.2249999999999999,0.3125,0.0,0.2
owlv2,567199,1305,1,red,1,14,5,0,0.0,10,10,0.7,0.3475471499400027,0.9332604888222656,0.4285714285714285,0.0989882784425078,0.815948432359917,0.3,0.0667395111777345,0.6524528500599973,0.3,0.3999999999999999,5.551115123125783e-17,80,0.775,0.6679136799387491,0.8608627895010682,0.5967741935483871,0.4644966101422718,0.7194889187329874,0.4625,0.3502764265383983,0.5775824719951649,0.2249999999999999,0.3125,0.0,0.3
owlv2,567199,1305,1,red,1,14,5,0,0.0,20,20,0.7,0.4572108177237109,0.8810684095942722,0.5,0.2303605414480623,0.7696394585519376,0.35,0.1539092047845411,0.5921885345328282,0.3,0.35,0.0,80,0.775,0.6679136799387491,0.8608627895010682,0.5967741935483871,0.4644966101422718,0.7194889187329874,0.4625,0.3502764265383983,0.5775824719951649,0.2249999999999999,0.3125,0.0,0.35
owlv2,567199,1305,1,red,1,14,5,0,0.0,40,40,0.75,0.5880380198485702,0.873085201067155,0.6666666666666666,0.4718799552101194,0.8271257784739607,0.5,0.3380178137372345,0.6619821862627655,0.25,0.25,0.0,80,0.775,0.6679136799387491,0.8608627895010682,0.5967741935483871,0.4644966101422718,0.7194889187329874,0.4625,0.3502764265383983,0.5775824719951649,0.2249999999999999,0.3125,0.0,0.5
owlv2,207467,32374,1,white t shirt in back,1,18,5,0,0.4884162609020228,5,5,0.8,0.2835820638819106,0.994949236620532,0.5,0.0675859864885429,0.932414013511457,0.4,0.0527449505263169,0.8533672003653268,0.1999999999999999,0.4,0.0,80,0.6125,0.4969755425018991,0.7194348668752178,0.6530612244897959,0.5036128022805357,0.783275621892519,0.4,0.2920093562553104,0.5156230595045106,0.3874999999999999,0.2125,2.775557561562892e-17,0.4
owlv2,207467,32374,1,white t shirt in back,1,18,5,0,0.4884162609020228,10,10,0.7,0.3475471499400027,0.9332604888222656,0.2857142857142857,0.0366925661760855,0.7095791362626572,0.2,0.0252107263268333,0.5560954623076415,0.3,0.5,0.0,80,0.6125,0.4969755425018991,0.7194348668752178,0.6530612244897959,0.5036128022805357,0.783275621892519,0.4,0.2920093562553104,0.5156230595045106,0.3874999999999999,0.2125,2.775557561562892e-17,0.2
owlv2,207467,32374,1,white t shirt in back,1,18,5,0,0.4884162609020228,20,20,0.65,0.4078114654671719,0.8460907952154588,0.4615384615384615,0.192232441801288,0.7486545177296964,0.3,0.1189315904057277,0.5427891822762891,0.35,0.35,0.0,80,0.6125,0.4969755425018991,0.7194348668752178,0.6530612244897959,0.5036128022805357,0.783275621892519,0.4,0.2920093562553104,0.5156230595045106,0.3874999999999999,0.2125,2.775557561562892e-17,0.3
owlv2,207467,32374,1,white t shirt in back,1,18,5,0,0.4884162609020228,40,40,0.575,0.4089005804269633,0.7295709687311371,0.391304347826087,0.1970764239690144,0.6145810426111503,0.225,0.108396638984072,0.3845116773034227,0.425,0.35,0.0,80,0.6125,0.4969755425018991,0.7194348668752178,0.6530612244897959,0.5036128022805357,0.783275621892519,0.4,0.2920093562553104,0.5156230595045106,0.3874999999999999,0.2125,2.775557561562892e-17,0.225
owlv2,185229,34215,1,second blue black dude,1,20,5,0,0.1760738922204569,5,5,1.0,0.4781762498950185,1.0,0.6,0.1466327996346731,0.9472550494736832,0.6,0.1466327996346731,0.9472550494736832,0.0,0.4,0.0,80,0.975,0.9125928440694078,0.9969579138351904,0.6666666666666666,0.5508333112040218,0.769414760370696,0.65,0.5352031145206642,0.7533280635274648,0.025,0.325,5.551115123125783e-17,0.6
owlv2,185229,34215,1,second blue black dude,1,20,5,0,0.1760738922204569,10,10,1.0,0.6915028921812392,1.0,0.6,0.2623780766069451,0.8784477418801728,0.6,0.2623780766069451,0.8784477418801728,0.0,0.4,0.0,80,0.975,0.9125928440694078,0.9969579138351904,0.6666666666666666,0.5508333112040218,0.769414760370696,0.65,0.5352031145206642,0.7533280635274648,0.025,0.325,5.551115123125783e-17,0.6
owlv2,185229,34215,1,second blue black dude,1,20,5,0,0.1760738922204569,20,20,1.0,0.8315665290169146,1.0,0.55,0.3152781330405486,0.7694221032240758,0.55,0.3152781330405486,0.7694221032240758,0.0,0.4499999999999999,0.0,80,0.975,0.9125928440694078,0.9969579138351904,0.6666666666666666,0.5508333112040218,0.769414760370696,0.65,0.5352031145206642,0.7533280635274648,0.025,0.325,5.551115123125783e-17,0.55
owlv2,185229,34215,1,second blue black dude,1,20,5,0,0.1760738922204569,40,40,1.0,0.9119026971211976,1.0,0.525,0.3612801352640621,0.6848802933650138,0.525,0.3612801352640621,0.6848802933650138,0.0,0.475,0.0,80,0.975,0.9125928440694078,0.9969579138351904,0.6666666666666666,0.5508333112040218,0.769414760370696,0.65,0.5352031145206642,0.7533280635274648,0.025,0.325,5.551115123125783e-17,0.525
owlv2,24086,47956,1,lady to the left,1,20,5,1,0.9555212650173333,5,5,0.8,0.2835820638819106,0.994949236620532,1.0,0.3976353643835254,1.0,0.8,0.2835820638819106,0.994949236620532,0.1999999999999999,0.0,0.0,80,0.8875,0.7971534080830098,0.9472484868543124,1.0,0.9493705920455964,1.0,0.8875,0.7971534080830098,0.9472484868543124,0.1125,0.0,0.0,0.8
owlv2,24086,47956,1,lady to the left,1,20,5,1,0.9555212650173333,10,10,0.9,0.5549838829718046,0.9974714214555382,1.0,0.6637328831200572,1.0,0.9,0.5549838829718046,0.9974714214555382,0.0999999999999999,0.0,0.0,80,0.8875,0.7971534080830098,0.9472484868543124,1.0,0.9493705920455964,1.0,0.8875,0.7971534080830098,0.9472484868543124,0.1125,0.0,0.0,0.9
owlv2,24086,47956,1,lady to the left,1,20,5,1,0.9555212650173333,20,20,0.9,0.6830172859809176,0.9876514728297052,1.0,0.8146980318621478,1.0,0.9,0.6830172859809176,0.9876514728297052,0.0999999999999999,0.0,0.0,80,0.8875,0.7971534080830098,0.9472484868543124,1.0,0.9493705920455964,1.0,0.8875,0.7971534080830098,0.9472484868543124,0.1125,0.0,0.0,0.9
owlv2,24086,47956,1,lady to the left,1,20,5,1,0.9555212650173333,40,40,0.85,0.7016473331604236,0.942897741845474,1.0,0.8971820757409874,1.0,0.85,0.7016473331604236,0.942897741845474,0.15,0.0,0.0,80,0.8875,0.7971534080830098,0.9472484868543124,1.0,0.9493705920455964,1.0,0.8875,0.7971534080830098,0.9472484868543124,0.1125,0.0,0.0,0.85
owlv2,184578,34279,22,elephant facing away on right,1,20,5,1,0.9431722711821424,5,5,1.0,0.4781762498950185,1.0,0.2,0.005050763379468,0.7164179361180893,0.2,0.005050763379468,0.7164179361180893,0.0,0.8,0.0,80,0.9375,0.8601429247023609,0.9793969276979898,0.2266666666666666,0.1379355676321701,0.3379216137040766,0.2125,0.1289364950975817,0.3182858085596558,0.0625,0.725,0.0,0.2
owlv2,184578,34279,22,elephant facing away on right,1,20,5,1,0.9431722711821424,10,10,1.0,0.6915028921812392,1.0,0.2,0.0252107263268333,0.5560954623076415,0.2,0.0252107263268333,0.5560954623076415,0.0,0.8,0.0,80,0.9375,0.8601429247023609,0.9793969276979898,0.2266666666666666,0.1379355676321701,0.3379216137040766,0.2125,0.1289364950975817,0.3182858085596558,0.0625,0.725,0.0,0.2
owlv2,184578,34279,22,elephant facing away on right,1,20,5,1,0.9431722711821424,20,20,1.0,0.8315665290169146,1.0,0.25,0.0865714691014346,0.4910458717079575,0.25,0.0865714691014346,0.4910458717079575,0.0,0.75,0.0,80,0.9375,0.8601429247023609,0.9793969276979898,0.2266666666666666,0.1379355676321701,0.3379216137040766,0.2125,0.1289364950975817,0.3182858085596558,0.0625,0.725,0.0,0.25
owlv2,184578,34279,22,elephant facing away on right,1,20,5,1,0.9431722711821424,40,40,1.0,0.9119026971211976,1.0,0.25,0.126914798932845,0.4119619801514298,0.25,0.126914798932845,0.4119619801514298,0.0,0.75,0.0,80,0.9375,0.8601429247023609,0.9793969276979898,0.2266666666666666,0.1379355676321701,0.3379216137040766,0.2125,0.1289364950975817,0.3182858085596558,0.0625,0.725,0.0,0.25
owlv2,147753,37276,1,middle man,1,12,5,1,0.974705235471925,5,5,0.8,0.2835820638819106,0.994949236620532,0.75,0.1941204496832434,0.9936905367902902,0.6,0.1466327996346731,0.9472550494736832,0.1999999999999999,0.2,5.551115123125783e-17,80,0.9,0.8124348925365684,0.955829059846371,0.6111111111111112,0.4889369362276892,0.7238453141525445,0.55,0.4346739790941529,0.6615136155101845,0.0999999999999999,0.35,0.0,0.6
owlv2,147753,37276,1,middle man,1,12,5,1,0.974705235471925,10,10,0.9,0.5549838829718046,0.9974714214555382,0.7777777777777778,0.3999064262836879,0.9718550265221018,0.7,0.3475471499400027,0.9332604888222656,0.0999999999999999,0.1999999999999999,8.326672684688674e-17,80,0.9,0.8124348925365684,0.955829059846371,0.6111111111111112,0.4889369362276892,0.7238453141525445,0.55,0.4346739790941529,0.6615136155101845,0.0999999999999999,0.35,0.0,0.7
owlv2,147753,37276,1,middle man,1,12,5,1,0.974705235471925,20,20,0.85,0.6210731734546859,0.9679290628145364,0.6470588235294118,0.3832836634434029,0.857902516889779,0.55,0.3152781330405486,0.7694221032240758,0.15,0.3,5.551115123125783e-17,80,0.9,0.8124348925365684,0.955829059846371,0.6111111111111112,0.4889369362276892,0.7238453141525445,0.55,0.4346739790941529,0.6615136155101845,0.0999999999999999,0.35,0.0,0.55
owlv2,147753,37276,1,middle man,1,12,5,1,0.974705235471925,40,40,0.875,0.7319670826382796,0.9581403738613832,0.6571428571428571,0.4778900166064788,0.8086758978117341,0.575,0.4089005804269633,0.7295709687311371,0.125,0.3,5.551115123125783e-17,80,0.9,0.8124348925365684,0.955829059846371,0.6111111111111112,0.4889369362276892,0.7238453141525445,0.55,0.4346739790941529,0.6615136155101845,0.0999999999999999,0.35,0.0,0.575
owlv2,64092,44384,19,horse right,1,20,5,0,0.1559134744047462,5,5,1.0,0.4781762498950185,1.0,1.0,0.4781762498950185,1.0,1.0,0.4781762498950185,1.0,0.0,0.0,0.0,80,1.0,0.9549359649323076,1.0,1.0,0.9549359649323076,1.0,1.0,0.9549359649323076,1.0,0.0,0.0,0.0,1.0
owlv2,64092,44384,19,horse right,1,20,5,0,0.1559134744047462,10,10,1.0,0.6915028921812392,1.0,1.0,0.6915028921812392,1.0,1.0,0.6915028921812392,1.0,0.0,0.0,0.0,80,1.0,0.9549359649323076,1.0,1.0,0.9549359649323076,1.0,1.0,0.9549359649323076,1.0,0.0,0.0,0.0,1.0
owlv2,64092,44384,19,horse right,1,20,5,0,0.1559134744047462,20,20,1.0,0.8315665290169146,1.0,1.0,0.8315665290169146,1.0,1.0,0.8315665290169146,1.0,0.0,0.0,0.0,80,1.0,0.9549359649323076,1.0,1.0,0.9549359649323076,1.0,1.0,0.9549359649323076,1.0,0.0,0.0,0.0,1.0
owlv2,64092,44384,19,horse right,1,20,5,0,0.1559134744047462,40,40,1.0,0.9119026971211976,1.0,1.0,0.9119026971211976,1.0,1.0,0.9119026971211976,1.0,0.0,0.0,0.0,80,1.0,0.9549359649323076,1.0,1.0,0.9549359649323076,1.0,1.0,0.9549359649323076,1.0,0.0,0.0,0.0,1.0
owlv2,224056,30946,76,white keyboard,1,20,5,1,0.945593190955744,5,5,0.8,0.2835820638819106,0.994949236620532,1.0,0.3976353643835254,1.0,0.8,0.2835820638819106,0.994949236620532,0.1999999999999999,0.0,0.0,80,0.9,0.8124348925365684,0.955829059846371,1.0,0.9500559162941452,1.0,0.9,0.8124348925365684,0.955829059846371,0.0999999999999999,0.0,0.0,0.8
owlv2,224056,30946,76,white keyboard,1,20,5,1,0.945593190955744,10,10,0.8,0.4439045376923585,0.9747892736731666,1.0,0.6305833524471808,1.0,0.8,0.4439045376923585,0.9747892736731666,0.1999999999999999,0.0,0.0,80,0.9,0.8124348925365684,0.955829059846371,1.0,0.9500559162941452,1.0,0.9,0.8124348925365684,0.955829059846371,0.0999999999999999,0.0,0.0,0.8
owlv2,224056,30946,76,white keyboard,1,20,5,1,0.945593190955744,20,20,0.8,0.5633859970033317,0.9426660029499672,1.0,0.7940927857921773,1.0,0.8,0.5633859970033317,0.9426660029499672,0.1999999999999999,0.0,0.0,80,0.9,0.8124348925365684,0.955829059846371,1.0,0.9500559162941452,1.0,0.9,0.8124348925365684,0.955829059846371,0.0999999999999999,0.0,0.0,0.8
owlv2,224056,30946,76,white keyboard,1,20,5,1,0.945593190955744,40,40,0.825,0.6722098666384142,0.9266172706479148,1.0,0.8942371899254207,1.0,0.825,0.6722098666384142,0.9266172706479148,0.175,0.0,0.0,80,0.9,0.8124348925365684,0.955829059846371,1.0,0.9500559162941452,1.0,0.9,0.8124348925365684,0.955829059846371,0.0999999999999999,0.0,0.0,0.825
owlv2,578808,277,1,man on right in shorts elephant wants to charge,1,20,5,0,0.0656997201178681,5,5,0.8,0.2835820638819106,0.994949236620532,1.0,0.3976353643835254,1.0,0.8,0.2835820638819106,0.994949236620532,0.1999999999999999,0.0,0.0,80,0.7625,0.6542230288597322,0.8505462481433591,0.918032786885246,0.8189880888902016,0.972848639604444,0.7,0.587240676918624,0.7974260708533272,0.2375,0.0624999999999999,2.0816681711721685e-17,0.8
owlv2,578808,277,1,man on right in shorts elephant wants to charge,1,20,5,0,0.0656997201178681,10,10,0.9,0.5549838829718046,0.9974714214555382,0.8888888888888888,0.517503485082663,0.9971908632534008,0.8,0.4439045376923585,0.9747892736731666,0.0999999999999999,0.1,6.938893903907227e-17,80,0.7625,0.6542230288597322,0.8505462481433591,0.918032786885246,0.8189880888902016,0.972848639604444,0.7,0.587240676918624,0.7974260708533272,0.2375,0.0624999999999999,2.0816681711721685e-17,0.8
owlv2,578808,277,1,man on right in shorts elephant wants to charge,1,20,5,0,0.0656997201178681,20,20,0.75,0.5089541282920425,0.9134285308985652,0.9333333333333332,0.6805154334216966,0.9983135697586472,0.7,0.4572108177237109,0.8810684095942722,0.25,0.0499999999999999,5.551115123125783e-17,80,0.7625,0.6542230288597322,0.8505462481433591,0.918032786885246,0.8189880888902016,0.972848639604444,0.7,0.587240676918624,0.7974260708533272,0.2375,0.0624999999999999,2.0816681711721685e-17,0.7
owlv2,578808,277,1,man on right in shorts elephant wants to charge,1,20,5,0,0.0656997201178681,40,40,0.825,0.6722098666384142,0.9266172706479148,0.9393939393939394,0.797735687473645,0.9925741622577402,0.775,0.6154883226965773,0.891603361015928,0.175,0.0499999999999999,2.0816681711721685e-17,80,0.7625,0.6542230288597322,0.8505462481433591,0.918032786885246,0.8189880888902016,0.972848639604444,0.7,0.587240676918624,0.7974260708533272,0.2375,0.0624999999999999,2.0816681711721685e-17,0.775
owlv2,420183,14096,56,bottom right piece of broccoli,1,20,5,1,0.8581547055552039,5,5,0.8,0.2835820638819106,0.994949236620532,1.0,0.3976353643835254,1.0,0.8,0.2835820638819106,0.994949236620532,0.1999999999999999,0.0,0.0,80,1.0,0.9549359649323076,1.0,0.9875,0.9323122155360776,0.9996835774723672,0.9875,0.9323122155360776,0.9996835774723672,0.0,0.0124999999999999,0.0,0.8
owlv2,420183,14096,56,bottom right piece of broccoli,1,20,5,1,0.8581547055552039,10,10,0.9,0.5549838829718046,0.9974714214555382,1.0,0.6637328831200572,1.0,0.9,0.5549838829718046,0.9974714214555382,0.0999999999999999,0.0,0.0,80,1.0,0.9549359649323076,1.0,0.9875,0.9323122155360776,0.9996835774723672,0.9875,0.9323122155360776,0.9996835774723672,0.0,0.0124999999999999,0.0,0.9
owlv2,420183,14096,56,bottom right piece of broccoli,1,20,5,1,0.8581547055552039,20,20,0.95,0.7512672372279723,0.9987349105020502,1.0,0.8235330881930346,1.0,0.95,0.7512672372279723,0.9987349105020502,0.05,0.0,0.0,80,1.0,0.9549359649323076,1.0,0.9875,0.9323122155360776,0.9996835774723672,0.9875,0.9323122155360776,0.9996835774723672,0.0,0.0124999999999999,0.0,0.95
owlv2,420183,14096,56,bottom right piece of broccoli,1,20,5,1,0.8581547055552039,40,40,0.975,0.8684141415172343,0.9993672550679504,0.9743589743589745,0.8652360784405021,0.999351036104518,0.95,0.8308031360405824,0.9938863534006492,0.025,0.025,3.469446951953614e-18,80,1.0,0.9549359649323076,1.0,0.9875,0.9323122155360776,0.9996835774723672,0.9875,0.9323122155360776,0.9996835774723672,0.0,0.0124999999999999,0.0,0.95
owlv2,272194,26864,1,child on back,1,20,5,0,0.0,5,5,1.0,0.4781762498950185,1.0,1.0,0.4781762498950185,1.0,1.0,0.4781762498950185,1.0,0.0,0.0,0.0,80,0.9875,0.9323122155360776,0.9996835774723672,0.759493670886076,0.6501743008997021,0.8485626060549639,0.75,0.64063652409315,0.8401203554931442,0.0124999999999999,0.2374999999999999,8.326672684688674e-17,1.0
owlv2,272194,26864,1,child on back,1,20,5,0,0.0,10,10,1.0,0.6915028921812392,1.0,0.9,0.5549838829718046,0.9974714214555382,0.9,0.5549838829718046,0.9974714214555382,0.0,0.0999999999999999,0.0,80,0.9875,0.9323122155360776,0.9996835774723672,0.759493670886076,0.6501743008997021,0.8485626060549639,0.75,0.64063652409315,0.8401203554931442,0.0124999999999999,0.2374999999999999,8.326672684688674e-17,0.9
owlv2,272194,26864,1,child on back,1,20,5,0,0.0,20,20,0.95,0.7512672372279723,0.9987349105020502,0.8421052631578947,0.6042154487333258,0.9661737509982352,0.8,0.5633859970033317,0.9426660029499672,0.05,0.15,1.3877787807814454e-16,80,0.9875,0.9323122155360776,0.9996835774723672,0.759493670886076,0.6501743008997021,0.8485626060549639,0.75,0.64063652409315,0.8401203554931442,0.0124999999999999,0.2374999999999999,8.326672684688674e-17,0.8
owlv2,272194,26864,1,child on back,1,20,5,0,0.0,40,40,0.975,0.8684141415172343,0.9993672550679504,0.8974358974358975,0.7577902730493822,0.9713398948739036,0.875,0.7319670826382796,0.9581403738613832,0.025,0.0999999999999999,1.3877787807814457e-17,80,0.9875,0.9323122155360776,0.9996835774723672,0.759493670886076,0.6501743008997021,0.8485626060549639,0.75,0.64063652409315,0.8401203554931442,0.0124999999999999,0.2374999999999999,8.326672684688674e-17,0.875
owlv2,238589,29758,1,man in the black shirt sitting next to the woman,1,20,5,0,0.180981609911837,5,5,0.8,0.2835820638819106,0.994949236620532,0.5,0.0675859864885429,0.932414013511457,0.4,0.0527449505263169,0.8533672003653268,0.1999999999999999,0.4,0.0,80,0.9125,0.8279916615801152,0.9640936410104411,0.5753424657534246,0.4540544221064541,0.6903242321015742,0.525,0.4102278413767706,0.6378664183228473,0.0875,0.3875,5.551115123125783e-17,0.4
owlv2,238589,29758,1,man in the black shirt sitting next to the woman,1,20,5,0,0.180981609911837,10,10,0.9,0.5549838829718046,0.9974714214555382,0.3333333333333333,0.0748546314196918,0.7007049437914596,0.3,0.0667395111777345,0.6524528500599973,0.0999999999999999,0.6000000000000001,1.1102230246251563e-16,80,0.9125,0.8279916615801152,0.9640936410104411,0.5753424657534246,0.4540544221064541,0.6903242321015742,0.525,0.4102278413767706,0.6378664183228473,0.0875,0.3875,5.551115123125783e-17,0.3
owlv2,238589,29758,1,man in the black shirt sitting next to the woman,1,20,5,0,0.180981609911837,20,20,0.9,0.6830172859809176,0.9876514728297052,0.4444444444444444,0.2153015073872998,0.6924283410012437,0.4,0.1911900607253072,0.6394574126925103,0.0999999999999999,0.5,0.0,80,0.9125,0.8279916615801152,0.9640936410104411,0.5753424657534246,0.4540544221064541,0.6903242321015742,0.525,0.4102278413767706,0.6378664183228473,0.0875,0.3875,5.551115123125783e-17,0.4
owlv2,238589,29758,1,man in the black shirt sitting next to the woman,1,20,5,0,0.180981609911837,40,40,0.925,0.796135251267101,0.9842578201489584,0.4864864864864865,0.3192141064815403,0.6560031843342338,0.45,0.2925883500398799,0.6150932054659867,0.0749999999999999,0.475,1.1102230246251563e-16,80,0.9125,0.8279916615801152,0.9640936410104411,0.5753424657534246,0.4540544221064541,0.6903242321015742,0.525,0.4102278413767706,0.6378664183228473,0.0875,0.3875,5.551115123125783e-17,0.45
owlv2,197662,33210,1,woman on the left,1,20,5,0,0.0770209963204088,5,5,1.0,0.4781762498950185,1.0,0.8,0.2835820638819106,0.994949236620532,0.8,0.2835820638819106,0.994949236620532,0.0,0.1999999999999999,0.0,80,0.9875,0.9323122155360776,0.9996835774723672,0.8227848101265823,0.7205753670359138,0.8995874363769847,0.8125,0.7096721043523089,0.8910863118524706,0.0124999999999999,0.1749999999999999,8.326672684688674e-17,0.8
owlv2,197662,33210,1,woman on the left,1,20,5,0,0.0770209963204088,10,10,1.0,0.6915028921812392,1.0,0.8,0.4439045376923585,0.9747892736731666,0.8,0.4439045376923585,0.9747892736731666,0.0,0.1999999999999999,0.0,80,0.9875,0.9323122155360776,0.9996835774723672,0.8227848101265823,0.7205753670359138,0.8995874363769847,0.8125,0.7096721043523089,0.8910863118524706,0.0124999999999999,0.1749999999999999,8.326672684688674e-17,0.8
owlv2,197662,33210,1,woman on the left,1,20,5,0,0.0770209963204088,20,20,1.0,0.8315665290169146,1.0,0.8,0.5633859970033317,0.9426660029499672,0.8,0.5633859970033317,0.9426660029499672,0.0,0.1999999999999999,0.0,80,0.9875,0.9323122155360776,0.9996835774723672,0.8227848101265823,0.7205753670359138,0.8995874363769847,0.8125,0.7096721043523089,0.8910863118524706,0.0124999999999999,0.1749999999999999,8.326672684688674e-17,0.8
owlv2,197662,33210,1,woman on the left,1,20,5,0,0.0770209963204088,40,40,0.975,0.8684141415172343,0.9993672550679504,0.8461538461538461,0.6947200755632874,0.9413757371392106,0.825,0.6722098666384142,0.9266172706479148,0.025,0.15,2.775557561562892e-17,80,0.9875,0.9323122155360776,0.9996835774723672,0.8227848101265823,0.7205753670359138,0.8995874363769847,0.8125,0.7096721043523089,0.8910863118524706,0.0124999999999999,0.1749999999999999,8.326672684688674e-17,0.825
owlv2,143258,37655,46,glass in back,1,20,5,1,0.9383167939625722,5,5,1.0,0.4781762498950185,1.0,1.0,0.4781762498950185,1.0,1.0,0.4781762498950185,1.0,0.0,0.0,0.0,80,0.9875,0.9323122155360776,0.9996835774723672,1.0,0.9543787472413888,1.0,0.9875,0.9323122155360776,0.9996835774723672,0.0124999999999999,0.0,0.0,1.0
owlv2,143258,37655,46,glass in back,1,20,5,1,0.9383167939625722,10,10,1.0,0.6915028921812392,1.0,1.0,0.6915028921812392,1.0,1.0,0.6915028921812392,1.0,0.0,0.0,0.0,80,0.9875,0.9323122155360776,0.9996835774723672,1.0,0.9543787472413888,1.0,0.9875,0.9323122155360776,0.9996835774723672,0.0124999999999999,0.0,0.0,1.0
owlv2,143258,37655,46,glass in back,1,20,5,1,0.9383167939625722,20,20,1.0,0.8315665290169146,1.0,1.0,0.8315665290169146,1.0,1.0,0.8315665290169146,1.0,0.0,0.0,0.0,80,0.9875,0.9323122155360776,0.9996835774723672,1.0,0.9543787472413888,1.0,0.9875,0.9323122155360776,0.9996835774723672,0.0124999999999999,0.0,0.0,1.0
owlv2,143258,37655,46,glass in back,1,20,5,1,0.9383167939625722,40,40,1.0,0.9119026971211976,1.0,1.0,0.9119026971211976,1.0,1.0,0.9119026971211976,1.0,0.0,0.0,0.0,80,0.9875,0.9323122155360776,0.9996835774723672,1.0,0.9543787472413888,1.0,0.9875,0.9323122155360776,0.9996835774723672,0.0124999999999999,0.0,0.0,1.0
owlv2,101552,41166,1,right person facing back,1,20,5,0,0.0,5,5,1.0,0.4781762498950185,1.0,0.4,0.0527449505263169,0.8533672003653268,0.4,0.0527449505263169,0.8533672003653268,0.0,0.6,0.0,80,1.0,0.9549359649323076,1.0,0.925,0.8438720682639279,0.9719794538231588,0.925,0.8438720682639279,0.9719794538231588,0.0,0.0749999999999999,0.0,0.4
owlv2,101552,41166,1,right person facing back,1,20,5,0,0.0,10,10,1.0,0.6915028921812392,1.0,0.7,0.3475471499400027,0.9332604888222656,0.7,0.3475471499400027,0.9332604888222656,0.0,0.3,0.0,80,1.0,0.9549359649323076,1.0,0.925,0.8438720682639279,0.9719794538231588,0.925,0.8438720682639279,0.9719794538231588,0.0,0.0749999999999999,0.0,0.7
owlv2,101552,41166,1,right person facing back,1,20,5,0,0.0,20,20,1.0,0.8315665290169146,1.0,0.8,0.5633859970033317,0.9426660029499672,0.8,0.5633859970033317,0.9426660029499672,0.0,0.1999999999999999,0.0,80,1.0,0.9549359649323076,1.0,0.925,0.8438720682639279,0.9719794538231588,0.925,0.8438720682639279,0.9719794538231588,0.0,0.0749999999999999,0.0,0.8
owlv2,101552,41166,1,right person facing back,1,20,5,0,0.0,40,40,1.0,0.9119026971211976,1.0,0.85,0.7016473331604236,0.942897741845474,0.85,0.7016473331604236,0.942897741845474,0.0,0.15,0.0,80,1.0,0.9549359649323076,1.0,0.925,0.8438720682639279,0.9719794538231588,0.925,0.8438720682639279,0.9719794538231588,0.0,0.0749999999999999,0.0,0.85
owlv2,38122,46767,1,girl holding a green plate wearing white,1,20,5,0,0.0579320963962344,5,5,1.0,0.4781762498950185,1.0,0.8,0.2835820638819106,0.994949236620532,0.8,0.2835820638819106,0.994949236620532,0.0,0.1999999999999999,0.0,80,0.9875,0.9323122155360776,0.9996835774723672,0.810126582278481,0.7062415403812736,0.8896524755629918,0.8,0.6956311329945355,0.8811409135950147,0.0124999999999999,0.1875,2.775557561562892e-17,0.8
owlv2,38122,46767,1,girl holding a green plate wearing white,1,20,5,0,0.0579320963962344,10,10,1.0,0.6915028921812392,1.0,0.6,0.2623780766069451,0.8784477418801728,0.6,0.2623780766069451,0.8784477418801728,0.0,0.4,0.0,80,0.9875,0.9323122155360776,0.9996835774723672,0.810126582278481,0.7062415403812736,0.8896524755629918,0.8,0.6956311329945355,0.8811409135950147,0.0124999999999999,0.1875,2.775557561562892e-17,0.6
owlv2,38122,46767,1,girl holding a green plate wearing white,1,20,5,0,0.0579320963962344,20,20,1.0,0.8315665290169146,1.0,0.75,0.5089541282920425,0.9134285308985652,0.75,0.5089541282920425,0.9134285308985652,0.0,0.25,0.0,80,0.9875,0.9323122155360776,0.9996835774723672,0.810126582278481,0.7062415403812736,0.8896524755629918,0.8,0.6956311329945355,0.8811409135950147,0.0124999999999999,0.1875,2.775557561562892e-17,0.75
owlv2,38122,46767,1,girl holding a green plate wearing white,1,20,5,0,0.0579320963962344,40,40,1.0,0.9119026971211976,1.0,0.8,0.6435219813207653,0.9094775906000092,0.8,0.6435219813207653,0.9094775906000092,0.0,0.1999999999999999,0.0,80,0.9875,0.9323122155360776,0.9996835774723672,0.810126582278481,0.7062415403812736,0.8896524755629918,0.8,0.6956311329945355,0.8811409135950147,0.0124999999999999,0.1875,2.775557561562892e-17,0.8
owlv2,376806,17825,51,tuna upper left,1,20,5,0,0.1601395773261481,5,5,1.0,0.4781762498950185,1.0,1.0,0.4781762498950185,1.0,1.0,0.4781762498950185,1.0,0.0,0.0,0.0,80,1.0,0.9549359649323076,1.0,1.0,0.9549359649323076,1.0,1.0,0.9549359649323076,1.0,0.0,0.0,0.0,1.0
owlv2,376806,17825,51,tuna upper left,1,20,5,0,0.1601395773261481,10,10,1.0,0.6915028921812392,1.0,1.0,0.6915028921812392,1.0,1.0,0.6915028921812392,1.0,0.0,0.0,0.0,80,1.0,0.9549359649323076,1.0,1.0,0.9549359649323076,1.0,1.0,0.9549359649323076,1.0,0.0,0.0,0.0,1.0
owlv2,376806,17825,51,tuna upper left,1,20,5,0,0.1601395773261481,20,20,1.0,0.8315665290169146,1.0,1.0,0.8315665290169146,1.0,1.0,0.8315665290169146,1.0,0.0,0.0,0.0,80,1.0,0.9549359649323076,1.0,1.0,0.9549359649323076,1.0,1.0,0.9549359649323076,1.0,0.0,0.0,0.0,1.0
owlv2,376806,17825,51,tuna upper left,1,20,5,0,0.1601395773261481,40,40,1.0,0.9119026971211976,1.0,1.0,0.9119026971211976,1.0,1.0,0.9119026971211976,1.0,0.0,0.0,0.0,80,1.0,0.9549359649323076,1.0,1.0,0.9549359649323076,1.0,1.0,0.9549359649323076,1.0,0.0,0.0,0.0,1.0
owlv2,30274,47406,1,skateboard,1,18,5,0,0.2071135954927629,5,5,0.8,0.2835820638819106,0.994949236620532,1.0,0.3976353643835254,1.0,0.8,0.2835820638819106,0.994949236620532,0.1999999999999999,0.0,0.0,80,0.725,0.6137565791555908,0.8189623614429612,1.0,0.93837899109608,1.0,0.725,0.6137565791555908,0.8189623614429612,0.275,0.0,0.0,0.8
owlv2,30274,47406,1,skateboard,1,18,5,0,0.2071135954927629,10,10,0.7,0.3475471499400027,0.9332604888222656,1.0,0.5903836027749967,1.0,0.7,0.3475471499400027,0.9332604888222656,0.3,0.0,0.0,80,0.725,0.6137565791555908,0.8189623614429612,1.0,0.93837899109608,1.0,0.725,0.6137565791555908,0.8189623614429612,0.275,0.0,0.0,0.7
owlv2,30274,47406,1,skateboard,1,18,5,0,0.2071135954927629,20,20,0.7,0.4572108177237109,0.8810684095942722,1.0,0.7683642383498835,1.0,0.7,0.4572108177237109,0.8810684095942722,0.3,0.0,0.0,80,0.725,0.6137565791555908,0.8189623614429612,1.0,0.93837899109608,1.0,0.725,0.6137565791555908,0.8189623614429612,0.275,0.0,0.0,0.7
owlv2,30274,47406,1,skateboard,1,18,5,0,0.2071135954927629,40,40,0.675,0.5087051245215516,0.8142710332366501,1.0,0.8722971323845676,1.0,0.675,0.5087051245215516,0.8142710332366501,0.3249999999999999,0.0,0.0,80,0.725,0.6137565791555908,0.8189623614429612,1.0,0.93837899109608,1.0,0.725,0.6137565791555908,0.8189623614429612,0.275,0.0,0.0,0.675
owlv2,290072,25364,42,blue board standing up,1,6,5,1,0.9506837853126646,5,5,0.8,0.2835820638819106,0.994949236620532,1.0,0.3976353643835254,1.0,0.8,0.2835820638819106,0.994949236620532,0.1999999999999999,0.0,0.0,80,0.8,0.6956311329945355,0.8811409135950147,1.0,0.9439909106133636,1.0,0.8,0.6956311329945355,0.8811409135950147,0.1999999999999999,0.0,0.0,0.8
owlv2,290072,25364,42,blue board standing up,1,6,5,1,0.9506837853126646,10,10,0.7,0.3475471499400027,0.9332604888222656,1.0,0.5903836027749967,1.0,0.7,0.3475471499400027,0.9332604888222656,0.3,0.0,0.0,80,0.8,0.6956311329945355,0.8811409135950147,1.0,0.9439909106133636,1.0,0.8,0.6956311329945355,0.8811409135950147,0.1999999999999999,0.0,0.0,0.7
owlv2,290072,25364,42,blue board standing up,1,6,5,1,0.9506837853126646,20,20,0.75,0.5089541282920425,0.9134285308985652,1.0,0.781980639089466,1.0,0.75,0.5089541282920425,0.9134285308985652,0.25,0.0,0.0,80,0.8,0.6956311329945355,0.8811409135950147,1.0,0.9439909106133636,1.0,0.8,0.6956311329945355,0.8811409135950147,0.1999999999999999,0.0,0.0,0.75
owlv2,290072,25364,42,blue board standing up,1,6,5,1,0.9506837853126646,40,40,0.825,0.6722098666384142,0.9266172706479148,1.0,0.8942371899254207,1.0,0.825,0.6722098666384142,0.9266172706479148,0.175,0.0,0.0,80,0.8,0.6956311329945355,0.8811409135950147,1.0,0.9439909106133636,1.0,0.8,0.6956311329945355,0.8811409135950147,0.1999999999999999,0.0,0.0,0.825
owlv2,51001,45608,58,right hotdog,1,20,5,1,0.8925759609766025,5,5,1.0,0.4781762498950185,1.0,1.0,0.4781762498950185,1.0,1.0,0.4781762498950185,1.0,0.0,0.0,0.0,80,1.0,0.9549359649323076,1.0,1.0,0.9549359649323076,1.0,1.0,0.9549359649323076,1.0,0.0,0.0,0.0,1.0
owlv2,51001,45608,58,right hotdog,1,20,5,1,0.8925759609766025,10,10,1.0,0.6915028921812392,1.0,1.0,0.6915028921812392,1.0,1.0,0.6915028921812392,1.0,0.0,0.0,0.0,80,1.0,0.9549359649323076,1.0,1.0,0.9549359649323076,1.0,1.0,0.9549359649323076,1.0,0.0,0.0,0.0,1.0
owlv2,51001,45608,58,right hotdog,1,20,5,1,0.8925759609766025,20,20,1.0,0.8315665290169146,1.0,1.0,0.8315665290169146,1.0,1.0,0.8315665290169146,1.0,0.0,0.0,0.0,80,1.0,0.9549359649323076,1.0,1.0,0.9549359649323076,1.0,1.0,0.9549359649323076,1.0,0.0,0.0,0.0,1.0
owlv2,51001,45608,58,right hotdog,1,20,5,1,0.8925759609766025,40,40,1.0,0.9119026971211976,1.0,1.0,0.9119026971211976,1.0,1.0,0.9119026971211976,1.0,0.0,0.0,0.0,80,1.0,0.9549359649323076,1.0,1.0,0.9549359649323076,1.0,1.0,0.9549359649323076,1.0,0.0,0.0,0.0,1.0
owlv2,565769,1435,22,elephant in backleft,1,20,5,0,0.0,5,5,1.0,0.4781762498950185,1.0,1.0,0.4781762498950185,1.0,1.0,0.4781762498950185,1.0,0.0,0.0,0.0,80,1.0,0.9549359649323076,1.0,0.9625,0.8942980149834914,0.9921988127342832,0.9625,0.8942980149834914,0.9921988127342832,0.0,0.0374999999999999,0.0,1.0
owlv2,565769,1435,22,elephant in backleft,1,20,5,0,0.0,10,10,1.0,0.6915028921812392,1.0,1.0,0.6915028921812392,1.0,1.0,0.6915028921812392,1.0,0.0,0.0,0.0,80,1.0,0.9549359649323076,1.0,0.9625,0.8942980149834914,0.9921988127342832,0.9625,0.8942980149834914,0.9921988127342832,0.0,0.0374999999999999,0.0,1.0
owlv2,565769,1435,22,elephant in backleft,1,20,5,0,0.0,20,20,1.0,0.8315665290169146,1.0,1.0,0.8315665290169146,1.0,1.0,0.8315665290169146,1.0,0.0,0.0,0.0,80,1.0,0.9549359649323076,1.0,0.9625,0.8942980149834914,0.9921988127342832,0.9625,0.8942980149834914,0.9921988127342832,0.0,0.0374999999999999,0.0,1.0
owlv2,565769,1435,22,elephant in backleft,1,20,5,0,0.0,40,40,1.0,0.9119026971211976,1.0,1.0,0.9119026971211976,1.0,1.0,0.9119026971211976,1.0,0.0,0.0,0.0,80,1.0,0.9549359649323076,1.0,0.9625,0.8942980149834914,0.9921988127342832,0.9625,0.8942980149834914,0.9921988127342832,0.0,0.0374999999999999,0.0,1.0
owlv2,158201,36383,67,blue item front of picture,1,12,5,0,0.0,5,5,1.0,0.4781762498950185,1.0,1.0,0.4781762498950185,1.0,1.0,0.4781762498950185,1.0,0.0,0.0,0.0,80,0.825,0.7238459604789864,0.9008894901605712,1.0,0.945641152829878,1.0,0.825,0.7238459604789864,0.9008894901605712,0.175,0.0,0.0,1.0
owlv2,158201,36383,67,blue item front of picture,1,12,5,0,0.0,10,10,1.0,0.6915028921812392,1.0,1.0,0.6915028921812392,1.0,1.0,0.6915028921812392,1.0,0.0,0.0,0.0,80,0.825,0.7238459604789864,0.9008894901605712,1.0,0.945641152829878,1.0,0.825,0.7238459604789864,0.9008894901605712,0.175,0.0,0.0,1.0
owlv2,158201,36383,67,blue item front of picture,1,12,5,0,0.0,20,20,0.9,0.6830172859809176,0.9876514728297052,1.0,0.8146980318621478,1.0,0.9,0.6830172859809176,0.9876514728297052,0.0999999999999999,0.0,0.0,80,0.825,0.7238459604789864,0.9008894901605712,1.0,0.945641152829878,1.0,0.825,0.7238459604789864,0.9008894901605712,0.175,0.0,0.0,0.9
owlv2,158201,36383,67,blue item front of picture,1,12,5,0,0.0,40,40,0.875,0.7319670826382796,0.9581403738613832,1.0,0.8999675644278949,1.0,0.875,0.7319670826382796,0.9581403738613832,0.125,0.0,0.0,80,0.825,0.7238459604789864,0.9008894901605712,1.0,0.945641152829878,1.0,0.825,0.7238459604789864,0.9008894901605712,0.175,0.0,0.0,0.875
owlv2,486936,8272,62,middle chair,1,20,5,0,0.0,5,5,1.0,0.4781762498950185,1.0,0.6,0.1466327996346731,0.9472550494736832,0.6,0.1466327996346731,0.9472550494736832,0.0,0.4,0.0,80,1.0,0.9549359649323076,1.0,0.6875,0.5741109261435505,0.7865253688912328,0.6875,0.5741109261435505,0.7865253688912328,0.0,0.3125,0.0,0.6
owlv2,486936,8272,62,middle chair,1,20,5,0,0.0,10,10,1.0,0.6915028921812392,1.0,0.7,0.3475471499400027,0.9332604888222656,0.7,0.3475471499400027,0.9332604888222656,0.0,0.3,0.0,80,1.0,0.9549359649323076,1.0,0.6875,0.5741109261435505,0.7865253688912328,0.6875,0.5741109261435505,0.7865253688912328,0.0,0.3125,0.0,0.7
owlv2,486936,8272,62,middle chair,1,20,5,0,0.0,20,20,1.0,0.8315665290169146,1.0,0.7,0.4572108177237109,0.8810684095942722,0.7,0.4572108177237109,0.8810684095942722,0.0,0.3,0.0,80,1.0,0.9549359649323076,1.0,0.6875,0.5741109261435505,0.7865253688912328,0.6875,0.5741109261435505,0.7865253688912328,0.0,0.3125,0.0,0.7
owlv2,486936,8272,62,middle chair,1,20,5,0,0.0,40,40,1.0,0.9119026971211976,1.0,0.675,0.5087051245215516,0.8142710332366501,0.675,0.5087051245215516,0.8142710332366501,0.0,0.3249999999999999,0.0,80,1.0,0.9549359649323076,1.0,0.6875,0.5741109261435505,0.7865253688912328,0.6875,0.5741109261435505,0.7865253688912328,0.0,0.3125,0.0,0.675
owlv2,253251,28488,64,kush plant blue pot,1,7,5,0,0.0913795516499512,5,5,1.0,0.4781762498950185,1.0,1.0,0.4781762498950185,1.0,1.0,0.4781762498950185,1.0,0.0,0.0,0.0,80,0.95,0.876901263556847,0.9862106060235382,0.986842105263158,0.9288563087482808,0.999666926428897,0.9375,0.8601429247023609,0.9793969276979898,0.05,0.0125,8.326672684688674e-17,1.0
owlv2,253251,28488,64,kush plant blue pot,1,7,5,0,0.0913795516499512,10,10,1.0,0.6915028921812392,1.0,1.0,0.6915028921812392,1.0,1.0,0.6915028921812392,1.0,0.0,0.0,0.0,80,0.95,0.876901263556847,0.9862106060235382,0.986842105263158,0.9288563087482808,0.999666926428897,0.9375,0.8601429247023609,0.9793969276979898,0.05,0.0125,8.326672684688674e-17,1.0
owlv2,253251,28488,64,kush plant blue pot,1,7,5,0,0.0913795516499512,20,20,1.0,0.8315665290169146,1.0,1.0,0.8315665290169146,1.0,1.0,0.8315665290169146,1.0,0.0,0.0,0.0,80,0.95,0.876901263556847,0.9862106060235382,0.986842105263158,0.9288563087482808,0.999666926428897,0.9375,0.8601429247023609,0.9793969276979898,0.05,0.0125,8.326672684688674e-17,1.0
owlv2,253251,28488,64,kush plant blue pot,1,7,5,0,0.0913795516499512,40,40,1.0,0.9119026971211976,1.0,1.0,0.9119026971211976,1.0,1.0,0.9119026971211976,1.0,0.0,0.0,0.0,80,0.95,0.876901263556847,0.9862106060235382,0.986842105263158,0.9288563087482808,0.999666926428897,0.9375,0.8601429247023609,0.9793969276979898,0.05,0.0125,8.326672684688674e-17,1.0
owlv2,83178,42764,1,guy on bottom left blue suit,1,20,5,1,0.7774601948347963,5,5,0.8,0.2835820638819106,0.994949236620532,1.0,0.3976353643835254,1.0,0.8,0.2835820638819106,0.994949236620532,0.1999999999999999,0.0,0.0,80,0.7,0.587240676918624,0.7974260708533272,1.0,0.9362499033376378,1.0,0.7,0.587240676918624,0.7974260708533272,0.3,0.0,0.0,0.8
owlv2,83178,42764,1,guy on bottom left blue suit,1,20,5,1,0.7774601948347963,10,10,0.7,0.3475471499400027,0.9332604888222656,1.0,0.5903836027749967,1.0,0.7,0.3475471499400027,0.9332604888222656,0.3,0.0,0.0,80,0.7,0.587240676918624,0.7974260708533272,1.0,0.9362499033376378,1.0,0.7,0.587240676918624,0.7974260708533272,0.3,0.0,0.0,0.7
owlv2,83178,42764,1,guy on bottom left blue suit,1,20,5,1,0.7774601948347963,20,20,0.7,0.4572108177237109,0.8810684095942722,1.0,0.7683642383498835,1.0,0.7,0.4572108177237109,0.8810684095942722,0.3,0.0,0.0,80,0.7,0.587240676918624,0.7974260708533272,1.0,0.9362499033376378,1.0,0.7,0.587240676918624,0.7974260708533272,0.3,0.0,0.0,0.7
owlv2,83178,42764,1,guy on bottom left blue suit,1,20,5,1,0.7774601948347963,40,40,0.675,0.5087051245215516,0.8142710332366501,1.0,0.8722971323845676,1.0,0.675,0.5087051245215516,0.8142710332366501,0.3249999999999999,0.0,0.0,80,0.7,0.587240676918624,0.7974260708533272,1.0,0.9362499033376378,1.0,0.7,0.587240676918624,0.7974260708533272,0.3,0.0,0.0,0.675
owlv2,399922,15789,1,ladie jacket walking bike,1,20,5,0,0.3559396487628731,5,5,1.0,0.4781762498950185,1.0,0.4,0.0527449505263169,0.8533672003653268,0.4,0.0527449505263169,0.8533672003653268,0.0,0.6,0.0,80,0.9875,0.9323122155360776,0.9996835774723672,0.7341772151898734,0.6228032959783596,0.8273198850419873,0.725,0.6137565791555908,0.8189623614429612,0.0124999999999999,0.2625,5.551115123125783e-17,0.4
owlv2,399922,15789,1,ladie jacket walking bike,1,20,5,0,0.3559396487628731,10,10,1.0,0.6915028921812392,1.0,0.6,0.2623780766069451,0.8784477418801728,0.6,0.2623780766069451,0.8784477418801728,0.0,0.4,0.0,80,0.9875,0.9323122155360776,0.9996835774723672,0.7341772151898734,0.6228032959783596,0.8273198850419873,0.725,0.6137565791555908,0.8189623614429612,0.0124999999999999,0.2625,5.551115123125783e-17,0.6
owlv2,399922,15789,1,ladie jacket walking bike,1,20,5,0,0.3559396487628731,20,20,1.0,0.8315665290169146,1.0,0.65,0.4078114654671719,0.8460907952154588,0.65,0.4078114654671719,0.8460907952154588,0.0,0.35,0.0,80,0.9875,0.9323122155360776,0.9996835774723672,0.7341772151898734,0.6228032959783596,0.8273198850419873,0.725,0.6137565791555908,0.8189623614429612,0.0124999999999999,0.2625,5.551115123125783e-17,0.65
owlv2,399922,15789,1,ladie jacket walking bike,1,20,5,0,0.3559396487628731,40,40,1.0,0.9119026971211976,1.0,0.7,0.5346837147458767,0.8343727956067644,0.7,0.5346837147458767,0.8343727956067644,0.0,0.3,0.0,80,0.9875,0.9323122155360776,0.9996835774723672,0.7341772151898734,0.6228032959783596,0.8273198850419873,0.725,0.6137565791555908,0.8189623614429612,0.0124999999999999,0.2625,5.551115123125783e-17,0.7
owlv2,270369,26993,1,woman blue,1,12,5,0,0.3825308627723417,5,5,1.0,0.4781762498950185,1.0,0.6,0.1466327996346731,0.9472550494736832,0.6,0.1466327996346731,0.9472550494736832,0.0,0.4,0.0,80,0.975,0.9125928440694078,0.9969579138351904,0.9230769230769232,0.8400536354993884,0.9712474749984644,0.9,0.8124348925365684,0.955829059846371,0.025,0.0749999999999999,1.3877787807814457e-17,0.6
owlv2,270369,26993,1,woman blue,1,12,5,0,0.3825308627723417,10,10,1.0,0.6915028921812392,1.0,0.7,0.3475471499400027,0.9332604888222656,0.7,0.3475471499400027,0.9332604888222656,0.0,0.3,0.0,80,0.975,0.9125928440694078,0.9969579138351904,0.9230769230769232,0.8400536354993884,0.9712474749984644,0.9,0.8124348925365684,0.955829059846371,0.025,0.0749999999999999,1.3877787807814457e-17,0.7
owlv2,270369,26993,1,woman blue,1,12,5,0,0.3825308627723417,20,20,0.95,0.7512672372279723,0.9987349105020502,0.7894736842105263,0.5443469181084944,0.9394754622907102,0.75,0.5089541282920425,0.9134285308985652,0.05,0.1999999999999999,2.775557561562892e-17,80,0.975,0.9125928440694078,0.9969579138351904,0.9230769230769232,0.8400536354993884,0.9712474749984644,0.9,0.8124348925365684,0.955829059846371,0.025,0.0749999999999999,1.3877787807814457e-17,0.75
owlv2,270369,26993,1,woman blue,1,12,5,0,0.3825308627723417,40,40,0.95,0.8308031360405824,0.9938863534006492,0.8947368421052632,0.7519506207829781,0.9705654825542124,0.85,0.7016473331604236,0.942897741845474,0.05,0.0999999999999999,1.3877787807814457e-17,80,0.975,0.9125928440694078,0.9969579138351904,0.9230769230769232,0.8400536354993884,0.9712474749984644,0.9,0.8124348925365684,0.955829059846371,0.025,0.0749999999999999,1.3877787807814457e-17,0.85
owlv2,417220,14332,33,case top of pink one,1,20,5,0,0.2054503754556925,5,5,1.0,0.4781762498950185,1.0,1.0,0.4781762498950185,1.0,1.0,0.4781762498950185,1.0,0.0,0.0,0.0,80,1.0,0.9549359649323076,1.0,1.0,0.9549359649323076,1.0,1.0,0.9549359649323076,1.0,0.0,0.0,0.0,1.0
owlv2,417220,14332,33,case top of pink one,1,20,5,0,0.2054503754556925,10,10,1.0,0.6915028921812392,1.0,1.0,0.6915028921812392,1.0,1.0,0.6915028921812392,1.0,0.0,0.0,0.0,80,1.0,0.9549359649323076,1.0,1.0,0.9549359649323076,1.0,1.0,0.9549359649323076,1.0,0.0,0.0,0.0,1.0
owlv2,417220,14332,33,case top of pink one,1,20,5,0,0.2054503754556925,20,20,1.0,0.8315665290169146,1.0,1.0,0.8315665290169146,1.0,1.0,0.8315665290169146,1.0,0.0,0.0,0.0,80,1.0,0.9549359649323076,1.0,1.0,0.9549359649323076,1.0,1.0,0.9549359649323076,1.0,0.0,0.0,0.0,1.0
owlv2,417220,14332,33,case top of pink one,1,20,5,0,0.2054503754556925,40,40,1.0,0.9119026971211976,1.0,1.0,0.9119026971211976,1.0,1.0,0.9119026971211976,1.0,0.0,0.0,0.0,80,1.0,0.9549359649323076,1.0,1.0,0.9549359649323076,1.0,1.0,0.9549359649323076,1.0,0.0,0.0,0.0,1.0
owlv2,251368,28680,1,khaki pants in back behind dog,1,20,5,0,0.4532210736507195,5,5,1.0,0.4781762498950185,1.0,0.8,0.2835820638819106,0.994949236620532,0.8,0.2835820638819106,0.994949236620532,0.0,0.1999999999999999,0.0,80,0.9875,0.9323122155360776,0.9996835774723672,0.8227848101265823,0.7205753670359138,0.8995874363769847,0.8125,0.7096721043523089,0.8910863118524706,0.0124999999999999,0.1749999999999999,8.326672684688674e-17,0.8
owlv2,251368,28680,1,khaki pants in back behind dog,1,20,5,0,0.4532210736507195,10,10,1.0,0.6915028921812392,1.0,0.8,0.4439045376923585,0.9747892736731666,0.8,0.4439045376923585,0.9747892736731666,0.0,0.1999999999999999,0.0,80,0.9875,0.9323122155360776,0.9996835774723672,0.8227848101265823,0.7205753670359138,0.8995874363769847,0.8125,0.7096721043523089,0.8910863118524706,0.0124999999999999,0.1749999999999999,8.326672684688674e-17,0.8
owlv2,251368,28680,1,khaki pants in back behind dog,1,20,5,0,0.4532210736507195,20,20,1.0,0.8315665290169146,1.0,0.85,0.6210731734546859,0.9679290628145364,0.85,0.6210731734546859,0.9679290628145364,0.0,0.15,0.0,80,0.9875,0.9323122155360776,0.9996835774723672,0.8227848101265823,0.7205753670359138,0.8995874363769847,0.8125,0.7096721043523089,0.8910863118524706,0.0124999999999999,0.1749999999999999,8.326672684688674e-17,0.85
owlv2,251368,28680,1,khaki pants in back behind dog,1,20,5,0,0.4532210736507195,40,40,1.0,0.9119026971211976,1.0,0.825,0.6722098666384142,0.9266172706479148,0.825,0.6722098666384142,0.9266172706479148,0.0,0.175,0.0,80,0.9875,0.9323122155360776,0.9996835774723672,0.8227848101265823,0.7205753670359138,0.8995874363769847,0.8125,0.7096721043523089,0.8910863118524706,0.0124999999999999,0.1749999999999999,8.326672684688674e-17,0.825
owlv2,478712,9015,1,man on the left,1,7,4,1,0.9635594155553728,5,5,1.0,0.4781762498950185,1.0,1.0,0.4781762498950185,1.0,1.0,0.4781762498950185,1.0,0.0,0.0,0.0,80,0.8875,0.7971534080830098,0.9472484868543124,0.9859154929577464,0.9240065838788966,0.9996434747253966,0.875,0.7821108659305637,0.9383979034415656,0.1125,0.0124999999999999,2.775557561562892e-17,1.0
owlv2,478712,9015,1,man on the left,1,7,4,1,0.9635594155553728,10,10,1.0,0.6915028921812392,1.0,1.0,0.6915028921812392,1.0,1.0,0.6915028921812392,1.0,0.0,0.0,0.0,80,0.8875,0.7971534080830098,0.9472484868543124,0.9859154929577464,0.9240065838788966,0.9996434747253966,0.875,0.7821108659305637,0.9383979034415656,0.1125,0.0124999999999999,2.775557561562892e-17,1.0
owlv2,478712,9015,1,man on the left,1,7,4,1,0.9635594155553728,20,20,0.95,0.7512672372279723,0.9987349105020502,1.0,0.8235330881930346,1.0,0.95,0.7512672372279723,0.9987349105020502,0.05,0.0,0.0,80,0.8875,0.7971534080830098,0.9472484868543124,0.9859154929577464,0.9240065838788966,0.9996434747253966,0.875,0.7821108659305637,0.9383979034415656,0.1125,0.0124999999999999,2.775557561562892e-17,0.95
owlv2,478712,9015,1,man on the left,1,7,4,1,0.9635594155553728,40,40,0.85,0.7016473331604236,0.942897741845474,0.9705882352941176,0.8467323304396823,0.9992556357653096,0.825,0.6722098666384142,0.9266172706479148,0.15,0.025,1.7347234759768068e-17,80,0.8875,0.7971534080830098,0.9472484868543124,0.9859154929577464,0.9240065838788966,0.9996434747253966,0.875,0.7821108659305637,0.9383979034415656,0.1125,0.0124999999999999,2.775557561562892e-17,0.825
owlv2,279415,26295,1,guy in the middle,1,20,5,1,0.8240497723520086,5,5,1.0,0.4781762498950185,1.0,0.8,0.2835820638819106,0.994949236620532,0.8,0.2835820638819106,0.994949236620532,0.0,0.1999999999999999,0.0,80,0.925,0.8438720682639279,0.9719794538231588,0.6621621621621622,0.5428240463578772,0.7680728194568114,0.6125,0.4969755425018991,0.7194348668752178,0.0749999999999999,0.3125,0.0,0.8
owlv2,279415,26295,1,guy in the middle,1,20,5,1,0.8240497723520086,10,10,1.0,0.6915028921812392,1.0,0.6,0.2623780766069451,0.8784477418801728,0.6,0.2623780766069451,0.8784477418801728,0.0,0.4,0.0,80,0.925,0.8438720682639279,0.9719794538231588,0.6621621621621622,0.5428240463578772,0.7680728194568114,0.6125,0.4969755425018991,0.7194348668752178,0.0749999999999999,0.3125,0.0,0.6
owlv2,279415,26295,1,guy in the middle,1,20,5,1,0.8240497723520086,20,20,0.9,0.6830172859809176,0.9876514728297052,0.5555555555555556,0.3075716589987562,0.7846984926127001,0.5,0.2719578495607918,0.7280421504392082,0.0999999999999999,0.3999999999999999,5.551115123125783e-17,80,0.925,0.8438720682639279,0.9719794538231588,0.6621621621621622,0.5428240463578772,0.7680728194568114,0.6125,0.4969755425018991,0.7194348668752178,0.0749999999999999,0.3125,0.0,0.5
owlv2,279415,26295,1,guy in the middle,1,20,5,1,0.8240497723520086,40,40,0.95,0.8308031360405824,0.9938863534006492,0.6052631578947368,0.4338615386095295,0.7596121063559645,0.575,0.4089005804269633,0.7295709687311371,0.05,0.375,0.0,80,0.925,0.8438720682639279,0.9719794538231588,0.6621621621621622,0.5428240463578772,0.7680728194568114,0.6125,0.4969755425018991,0.7194348668752178,0.0749999999999999,0.3125,0.0,0.575
owlv2,438196,12529,1,right side black shirt no backpack,1,20,5,0,0.0,5,5,1.0,0.4781762498950185,1.0,1.0,0.4781762498950185,1.0,1.0,0.4781762498950185,1.0,0.0,0.0,0.0,80,0.9875,0.9323122155360776,0.9996835774723672,1.0,0.9543787472413888,1.0,0.9875,0.9323122155360776,0.9996835774723672,0.0124999999999999,0.0,0.0,1.0
owlv2,438196,12529,1,right side black shirt no backpack,1,20,5,0,0.0,10,10,1.0,0.6915028921812392,1.0,1.0,0.6915028921812392,1.0,1.0,0.6915028921812392,1.0,0.0,0.0,0.0,80,0.9875,0.9323122155360776,0.9996835774723672,1.0,0.9543787472413888,1.0,0.9875,0.9323122155360776,0.9996835774723672,0.0124999999999999,0.0,0.0,1.0
owlv2,438196,12529,1,right side black shirt no backpack,1,20,5,0,0.0,20,20,1.0,0.8315665290169146,1.0,1.0,0.8315665290169146,1.0,1.0,0.8315665290169146,1.0,0.0,0.0,0.0,80,0.9875,0.9323122155360776,0.9996835774723672,1.0,0.9543787472413888,1.0,0.9875,0.9323122155360776,0.9996835774723672,0.0124999999999999,0.0,0.0,1.0
owlv2,438196,12529,1,right side black shirt no backpack,1,20,5,0,0.0,40,40,1.0,0.9119026971211976,1.0,1.0,0.9119026971211976,1.0,1.0,0.9119026971211976,1.0,0.0,0.0,0.0,80,0.9875,0.9323122155360776,0.9996835774723672,1.0,0.9543787472413888,1.0,0.9875,0.9323122155360776,0.9996835774723672,0.0124999999999999,0.0,0.0,1.0
owlv2,199888,33052,22,front elephant,1,20,5,0,0.0302463650004498,5,5,1.0,0.4781762498950185,1.0,1.0,0.4781762498950185,1.0,1.0,0.4781762498950185,1.0,0.0,0.0,0.0,80,1.0,0.9549359649323076,1.0,1.0,0.9549359649323076,1.0,1.0,0.9549359649323076,1.0,0.0,0.0,0.0,1.0
owlv2,199888,33052,22,front elephant,1,20,5,0,0.0302463650004498,10,10,1.0,0.6915028921812392,1.0,1.0,0.6915028921812392,1.0,1.0,0.6915028921812392,1.0,0.0,0.0,0.0,80,1.0,0.9549359649323076,1.0,1.0,0.9549359649323076,1.0,1.0,0.9549359649323076,1.0,0.0,0.0,0.0,1.0
owlv2,199888,33052,22,front elephant,1,20,5,0,0.0302463650004498,20,20,1.0,0.8315665290169146,1.0,1.0,0.8315665290169146,1.0,1.0,0.8315665290169146,1.0,0.0,0.0,0.0,80,1.0,0.9549359649323076,1.0,1.0,0.9549359649323076,1.0,1.0,0.9549359649323076,1.0,0.0,0.0,0.0,1.0
owlv2,199888,33052,22,front elephant,1,20,5,0,0.0302463650004498,40,40,1.0,0.9119026971211976,1.0,1.0,0.9119026971211976,1.0,1.0,0.9119026971211976,1.0,0.0,0.0,0.0,80,1.0,0.9549359649323076,1.0,1.0,0.9549359649323076,1.0,1.0,0.9549359649323076,1.0,0.0,0.0,0.0,1.0
owlv2,369019,18441,1,white jersey,1,9,5,0,0.3363330471840532,5,5,0.2,0.005050763379468,0.7164179361180893,1.0,0.025,1.0,0.2,0.005050763379468,0.7164179361180893,0.8,0.0,0.0,80,0.55,0.4346739790941529,0.6615136155101845,0.9772727272727272,0.8797584177936526,0.9994247607866368,0.5375,0.4224175280048351,0.6497235734616016,0.4499999999999999,0.0124999999999999,7.63278329429795e-17,0.2
owlv2,369019,18441,1,white jersey,1,9,5,0,0.3363330471840532,10,10,0.4,0.1215522581198272,0.7376219233930549,0.75,0.1941204496832434,0.9936905367902902,0.3,0.0667395111777345,0.6524528500599973,0.6,0.1,2.775557561562892e-17,80,0.55,0.4346739790941529,0.6615136155101845,0.9772727272727272,0.8797584177936526,0.9994247607866368,0.5375,0.4224175280048351,0.6497235734616016,0.4499999999999999,0.0124999999999999,7.63278329429795e-17,0.3
owlv2,369019,18441,1,white jersey,1,9,5,0,0.3363330471840532,20,20,0.45,0.2305778967759242,0.6847218669594515,0.8888888888888888,0.517503485082663,0.9971908632534008,0.4,0.1911900607253072,0.6394574126925103,0.55,0.05,9.020562075079396e-17,80,0.55,0.4346739790941529,0.6615136155101845,0.9772727272727272,0.8797584177936526,0.9994247607866368,0.5375,0.4224175280048351,0.6497235734616016,0.4499999999999999,0.0124999999999999,7.63278329429795e-17,0.4
owlv2,369019,18441,1,white jersey,1,9,5,0,0.3363330471840532,40,40,0.425,0.2704290312688629,0.5910994195730366,0.9411764705882352,0.7131106033327794,0.9985118256087334,0.4,0.2486499865877437,0.5667329478067034,0.575,0.025,1.7347234759768068e-17,80,0.55,0.4346739790941529,0.6615136155101845,0.9772727272727272,0.8797584177936526,0.9994247607866368,0.5375,0.4224175280048351,0.6497235734616016,0.4499999999999999,0.0124999999999999,7.63278329429795e-17,0.4
owlv2,180179,34674,24,upper right large zebra head,1,20,5,1,0.8819325217286281,5,5,1.0,0.4781762498950185,1.0,1.0,0.4781762498950185,1.0,1.0,0.4781762498950185,1.0,0.0,0.0,0.0,80,0.975,0.9125928440694078,0.9969579138351904,0.9743589743589745,0.9104266728536724,0.996879527517066,0.95,0.876901263556847,0.9862106060235382,0.025,0.025,3.469446951953614e-18,1.0
owlv2,180179,34674,24,upper right large zebra head,1,20,5,1,0.8819325217286281,10,10,1.0,0.6915028921812392,1.0,1.0,0.6915028921812392,1.0,1.0,0.6915028921812392,1.0,0.0,0.0,0.0,80,0.975,0.9125928440694078,0.9969579138351904,0.9743589743589745,0.9104266728536724,0.996879527517066,0.95,0.876901263556847,0.9862106060235382,0.025,0.025,3.469446951953614e-18,1.0
owlv2,180179,34674,24,upper right large zebra head,1,20,5,1,0.8819325217286281,20,20,0.95,0.7512672372279723,0.9987349105020502,0.9473684210526316,0.7397193458047859,0.9986683711958204,0.9,0.6830172859809176,0.9876514728297052,0.05,0.05,1.1102230246251563e-16,80,0.975,0.9125928440694078,0.9969579138351904,0.9743589743589745,0.9104266728536724,0.996879527517066,0.95,0.876901263556847,0.9862106060235382,0.025,0.025,3.469446951953614e-18,0.9
owlv2,180179,34674,24,upper right large zebra head,1,20,5,1,0.8819325217286281,40,40,0.95,0.8308031360405824,0.9938863534006492,0.9473684210526316,0.8225094096523593,0.993561283284908,0.9,0.7633626001239001,0.9720745847057808,0.05,0.05,1.1102230246251563e-16,80,0.975,0.9125928440694078,0.9969579138351904,0.9743589743589745,0.9104266728536724,0.996879527517066,0.95,0.876901263556847,0.9862106060235382,0.025,0.025,3.469446951953614e-18,0.9
owlv2,233878,30137,51,mac and cheese,1,20,5,1,0.7879648977748372,5,5,0.8,0.2835820638819106,0.994949236620532,1.0,0.3976353643835254,1.0,0.8,0.2835820638819106,0.994949236620532,0.1999999999999999,0.0,0.0,80,1.0,0.9549359649323076,1.0,1.0,0.9549359649323076,1.0,1.0,0.9549359649323076,1.0,0.0,0.0,0.0,0.8
owlv2,233878,30137,51,mac and cheese,1,20,5,1,0.7879648977748372,10,10,0.9,0.5549838829718046,0.9974714214555382,1.0,0.6637328831200572,1.0,0.9,0.5549838829718046,0.9974714214555382,0.0999999999999999,0.0,0.0,80,1.0,0.9549359649323076,1.0,1.0,0.9549359649323076,1.0,1.0,0.9549359649323076,1.0,0.0,0.0,0.0,0.9
owlv2,233878,30137,51,mac and cheese,1,20,5,1,0.7879648977748372,20,20,0.95,0.7512672372279723,0.9987349105020502,1.0,0.8235330881930346,1.0,0.95,0.7512672372279723,0.9987349105020502,0.05,0.0,0.0,80,1.0,0.9549359649323076,1.0,1.0,0.9549359649323076,1.0,1.0,0.9549359649323076,1.0,0.0,0.0,0.0,0.95
owlv2,233878,30137,51,mac and cheese,1,20,5,1,0.7879648977748372,40,40,0.975,0.8684141415172343,0.9993672550679504,1.0,0.9097488990396656,1.0,0.975,0.8684141415172343,0.9993672550679504,0.025,0.0,0.0,80,1.0,0.9549359649323076,1.0,1.0,0.9549359649323076,1.0,1.0,0.9549359649323076,1.0,0.0,0.0,0.0,0.975
owlv2,383512,17235,6,section of the bus on the far right,1,20,5,0,0.1857286295907684,5,5,1.0,0.4781762498950185,1.0,1.0,0.4781762498950185,1.0,1.0,0.4781762498950185,1.0,0.0,0.0,0.0,80,0.975,0.9125928440694078,0.9969579138351904,1.0,0.9538075796719512,1.0,0.975,0.9125928440694078,0.9969579138351904,0.025,0.0,0.0,1.0
owlv2,383512,17235,6,section of the bus on the far right,1,20,5,0,0.1857286295907684,10,10,1.0,0.6915028921812392,1.0,1.0,0.6915028921812392,1.0,1.0,0.6915028921812392,1.0,0.0,0.0,0.0,80,0.975,0.9125928440694078,0.9969579138351904,1.0,0.9538075796719512,1.0,0.975,0.9125928440694078,0.9969579138351904,0.025,0.0,0.0,1.0
owlv2,383512,17235,6,section of the bus on the far right,1,20,5,0,0.1857286295907684,20,20,1.0,0.8315665290169146,1.0,1.0,0.8315665290169146,1.0,1.0,0.8315665290169146,1.0,0.0,0.0,0.0,80,0.975,0.9125928440694078,0.9969579138351904,1.0,0.9538075796719512,1.0,0.975,0.9125928440694078,0.9969579138351904,0.025,0.0,0.0,1.0
owlv2,383512,17235,6,section of the bus on the far right,1,20,5,0,0.1857286295907684,40,40,1.0,0.9119026971211976,1.0,1.0,0.9119026971211976,1.0,1.0,0.9119026971211976,1.0,0.0,0.0,0.0,80,0.975,0.9125928440694078,0.9969579138351904,1.0,0.9538075796719512,1.0,0.975,0.9125928440694078,0.9969579138351904,0.025,0.0,0.0,1.0
owlv2,224891,30859,25,smaller giraffe,1,18,5,1,0.964653746047676,5,5,1.0,0.4781762498950185,1.0,1.0,0.4781762498950185,1.0,1.0,0.4781762498950185,1.0,0.0,0.0,0.0,80,1.0,0.9549359649323076,1.0,0.9875,0.9323122155360776,0.9996835774723672,0.9875,0.9323122155360776,0.9996835774723672,0.0,0.0124999999999999,0.0,1.0
owlv2,224891,30859,25,smaller giraffe,1,18,5,1,0.964653746047676,10,10,1.0,0.6915028921812392,1.0,1.0,0.6915028921812392,1.0,1.0,0.6915028921812392,1.0,0.0,0.0,0.0,80,1.0,0.9549359649323076,1.0,0.9875,0.9323122155360776,0.9996835774723672,0.9875,0.9323122155360776,0.9996835774723672,0.0,0.0124999999999999,0.0,1.0
owlv2,224891,30859,25,smaller giraffe,1,18,5,1,0.964653746047676,20,20,1.0,0.8315665290169146,1.0,1.0,0.8315665290169146,1.0,1.0,0.8315665290169146,1.0,0.0,0.0,0.0,80,1.0,0.9549359649323076,1.0,0.9875,0.9323122155360776,0.9996835774723672,0.9875,0.9323122155360776,0.9996835774723672,0.0,0.0124999999999999,0.0,1.0
owlv2,224891,30859,25,smaller giraffe,1,18,5,1,0.964653746047676,40,40,1.0,0.9119026971211976,1.0,1.0,0.9119026971211976,1.0,1.0,0.9119026971211976,1.0,0.0,0.0,0.0,80,1.0,0.9549359649323076,1.0,0.9875,0.9323122155360776,0.9996835774723672,0.9875,0.9323122155360776,0.9996835774723672,0.0,0.0124999999999999,0.0,1.0
owlv2,540436,3652,67,table behind plate,1,20,5,0,0.0574555988196018,5,5,1.0,0.4781762498950185,1.0,1.0,0.4781762498950185,1.0,1.0,0.4781762498950185,1.0,0.0,0.0,0.0,80,1.0,0.9549359649323076,1.0,0.9875,0.9323122155360776,0.9996835774723672,0.9875,0.9323122155360776,0.9996835774723672,0.0,0.0124999999999999,0.0,1.0
owlv2,540436,3652,67,table behind plate,1,20,5,0,0.0574555988196018,10,10,1.0,0.6915028921812392,1.0,1.0,0.6915028921812392,1.0,1.0,0.6915028921812392,1.0,0.0,0.0,0.0,80,1.0,0.9549359649323076,1.0,0.9875,0.9323122155360776,0.9996835774723672,0.9875,0.9323122155360776,0.9996835774723672,0.0,0.0124999999999999,0.0,1.0
owlv2,540436,3652,67,table behind plate,1,20,5,0,0.0574555988196018,20,20,1.0,0.8315665290169146,1.0,0.95,0.7512672372279723,0.9987349105020502,0.95,0.7512672372279723,0.9987349105020502,0.0,0.05,0.0,80,1.0,0.9549359649323076,1.0,0.9875,0.9323122155360776,0.9996835774723672,0.9875,0.9323122155360776,0.9996835774723672,0.0,0.0124999999999999,0.0,0.95
owlv2,540436,3652,67,table behind plate,1,20,5,0,0.0574555988196018,40,40,1.0,0.9119026971211976,1.0,0.975,0.8684141415172343,0.9993672550679504,0.975,0.8684141415172343,0.9993672550679504,0.0,0.025,0.0,80,1.0,0.9549359649323076,1.0,0.9875,0.9323122155360776,0.9996835774723672,0.9875,0.9323122155360776,0.9996835774723672,0.0,0.0124999999999999,0.0,0.975
owlv2,535561,4053,1,suit,1,6,5,1,0.8603589586479916,5,5,0.6,0.1466327996346731,0.9472550494736832,0.6666666666666666,0.0942993240502461,0.9915962413403874,0.4,0.0527449505263169,0.8533672003653268,0.4,0.2,5.551115123125783e-17,80,0.4875,0.3740574814444389,0.6018953312968145,0.3333333333333333,0.1908809790463461,0.5021722646989096,0.1625,0.0894616417225292,0.2618368938251128,0.5125,0.325,5.551115123125783e-17,0.4
owlv2,535561,4053,1,suit,1,6,5,1,0.8603589586479916,10,10,0.5,0.1870860284473985,0.8129139715526015,0.8,0.2835820638819106,0.994949236620532,0.4,0.1215522581198272,0.7376219233930549,0.5,0.0999999999999999,0.0,80,0.4875,0.3740574814444389,0.6018953312968145,0.3333333333333333,0.1908809790463461,0.5021722646989096,0.1625,0.0894616417225292,0.2618368938251128,0.5125,0.325,5.551115123125783e-17,0.4
owlv2,535561,4053,1,suit,1,6,5,1,0.8603589586479916,20,20,0.5,0.2719578495607918,0.7280421504392082,0.6,0.2623780766069451,0.8784477418801728,0.3,0.1189315904057277,0.5427891822762891,0.5,0.2,5.551115123125783e-17,80,0.4875,0.3740574814444389,0.6018953312968145,0.3333333333333333,0.1908809790463461,0.5021722646989096,0.1625,0.0894616417225292,0.2618368938251128,0.5125,0.325,5.551115123125783e-17,0.3
owlv2,535561,4053,1,suit,1,6,5,1,0.8603589586479916,40,40,0.5,0.3380178137372345,0.6619821862627655,0.4,0.1911900607253072,0.6394574126925103,0.2,0.0905224093999906,0.3564780186792347,0.5,0.3,5.551115123125783e-17,80,0.4875,0.3740574814444389,0.6018953312968145,0.3333333333333333,0.1908809790463461,0.5021722646989096,0.1625,0.0894616417225292,0.2618368938251128,0.5125,0.325,5.551115123125783e-17,0.2
owlv2,254821,28366,73,red laptop,1,9,5,1,0.969755753851544,5,5,1.0,0.4781762498950185,1.0,1.0,0.4781762498950185,1.0,1.0,0.4781762498950185,1.0,0.0,0.0,0.0,80,1.0,0.9549359649323076,1.0,1.0,0.9549359649323076,1.0,1.0,0.9549359649323076,1.0,0.0,0.0,0.0,1.0
owlv2,254821,28366,73,red laptop,1,9,5,1,0.969755753851544,10,10,1.0,0.6915028921812392,1.0,1.0,0.6915028921812392,1.0,1.0,0.6915028921812392,1.0,0.0,0.0,0.0,80,1.0,0.9549359649323076,1.0,1.0,0.9549359649323076,1.0,1.0,0.9549359649323076,1.0,0.0,0.0,0.0,1.0
owlv2,254821,28366,73,red laptop,1,9,5,1,0.969755753851544,20,20,1.0,0.8315665290169146,1.0,1.0,0.8315665290169146,1.0,1.0,0.8315665290169146,1.0,0.0,0.0,0.0,80,1.0,0.9549359649323076,1.0,1.0,0.9549359649323076,1.0,1.0,0.9549359649323076,1.0,0.0,0.0,0.0,1.0
owlv2,254821,28366,73,red laptop,1,9,5,1,0.969755753851544,40,40,1.0,0.9119026971211976,1.0,1.0,0.9119026971211976,1.0,1.0,0.9119026971211976,1.0,0.0,0.0,0.0,80,1.0,0.9549359649323076,1.0,1.0,0.9549359649323076,1.0,1.0,0.9549359649323076,1.0,0.0,0.0,0.0,1.0
owlv2,3518,49728,52,bottom banana,1,17,5,1,0.965283096108744,5,5,1.0,0.4781762498950185,1.0,1.0,0.4781762498950185,1.0,1.0,0.4781762498950185,1.0,0.0,0.0,0.0,80,0.8625,0.7672791291752744,0.9293121672961212,0.9420289855072465,0.8581710922077147,0.9839808414669068,0.8125,0.7096721043523089,0.8910863118524706,0.1374999999999999,0.05,1.3877787807814457e-17,1.0
owlv2,3518,49728,52,bottom banana,1,17,5,1,0.965283096108744,10,10,0.9,0.5549838829718046,0.9974714214555382,1.0,0.6637328831200572,1.0,0.9,0.5549838829718046,0.9974714214555382,0.0999999999999999,0.0,0.0,80,0.8625,0.7672791291752744,0.9293121672961212,0.9420289855072465,0.8581710922077147,0.9839808414669068,0.8125,0.7096721043523089,0.8910863118524706,0.1374999999999999,0.05,1.3877787807814457e-17,0.9
owlv2,3518,49728,52,bottom banana,1,17,5,1,0.965283096108744,20,20,0.9,0.6830172859809176,0.9876514728297052,0.9444444444444444,0.7270564003266315,0.9985944438326306,0.85,0.6210731734546859,0.9679290628145364,0.0999999999999999,0.05,2.0816681711721685e-17,80,0.8625,0.7672791291752744,0.9293121672961212,0.9420289855072465,0.8581710922077147,0.9839808414669068,0.8125,0.7096721043523089,0.8910863118524706,0.1374999999999999,0.05,1.3877787807814457e-17,0.85
owlv2,3518,49728,52,bottom banana,1,17,5,1,0.965283096108744,40,40,0.9,0.7633626001239001,0.9720745847057808,0.9444444444444444,0.813363293542446,0.9931996993459772,0.85,0.7016473331604236,0.942897741845474,0.0999999999999999,0.05,2.0816681711721685e-17,80,0.8625,0.7672791291752744,0.9293121672961212,0.9420289855072465,0.8581710922077147,0.9839808414669068,0.8125,0.7096721043523089,0.8910863118524706,0.1374999999999999,0.05,1.3877787807814457e-17,0.85
owlv2,227825,30602,1,black guy,1,20,5,1,0.9165877037759464,5,5,1.0,0.4781762498950185,1.0,1.0,0.4781762498950185,1.0,1.0,0.4781762498950185,1.0,0.0,0.0,0.0,80,0.975,0.9125928440694078,0.9969579138351904,0.7692307692307693,0.6600273392245479,0.8571271872420138,0.75,0.64063652409315,0.8401203554931442,0.025,0.2249999999999999,2.775557561562892e-17,1.0
owlv2,227825,30602,1,black guy,1,20,5,1,0.9165877037759464,10,10,1.0,0.6915028921812392,1.0,0.9,0.5549838829718046,0.9974714214555382,0.9,0.5549838829718046,0.9974714214555382,0.0,0.0999999999999999,0.0,80,0.975,0.9125928440694078,0.9969579138351904,0.7692307692307693,0.6600273392245479,0.8571271872420138,0.75,0.64063652409315,0.8401203554931442,0.025,0.2249999999999999,2.775557561562892e-17,0.9
owlv2,227825,30602,1,black guy,1,20,5,1,0.9165877037759464,20,20,1.0,0.8315665290169146,1.0,0.75,0.5089541282920425,0.9134285308985652,0.75,0.5089541282920425,0.9134285308985652,0.0,0.25,0.0,80,0.975,0.9125928440694078,0.9969579138351904,0.7692307692307693,0.6600273392245479,0.8571271872420138,0.75,0.64063652409315,0.8401203554931442,0.025,0.2249999999999999,2.775557561562892e-17,0.75
owlv2,227825,30602,1,black guy,1,20,5,1,0.9165877037759464,40,40,0.975,0.8684141415172343,0.9993672550679504,0.8461538461538461,0.6947200755632874,0.9413757371392106,0.825,0.6722098666384142,0.9266172706479148,0.025,0.15,2.775557561562892e-17,80,0.975,0.9125928440694078,0.9969579138351904,0.7692307692307693,0.6600273392245479,0.8571271872420138,0.75,0.64063652409315,0.8401203554931442,0.025,0.2249999999999999,2.775557561562892e-17,0.825
owlv2,264781,27477,1,right person,1,4,4,1,0.9192041827540576,5,5,0.6,0.1466327996346731,0.9472550494736832,1.0,0.2924017738212867,1.0,0.6,0.1466327996346731,0.9472550494736832,0.4,0.0,0.0,80,0.45,0.3384863844898155,0.565326020905847,1.0,0.902606244085508,1.0,0.45,0.3384863844898155,0.565326020905847,0.55,0.0,0.0,0.6
owlv2,264781,27477,1,right person,1,4,4,1,0.9192041827540576,10,10,0.6,0.2623780766069451,0.8784477418801728,1.0,0.5407418735600996,1.0,0.6,0.2623780766069451,0.8784477418801728,0.4,0.0,0.0,80,0.45,0.3384863844898155,0.565326020905847,1.0,0.902606244085508,1.0,0.45,0.3384863844898155,0.565326020905847,0.55,0.0,0.0,0.6
owlv2,264781,27477,1,right person,1,4,4,1,0.9192041827540576,20,20,0.55,0.3152781330405486,0.7694221032240758,1.0,0.7150858470818456,1.0,0.55,0.3152781330405486,0.7694221032240758,0.4499999999999999,0.0,0.0,80,0.45,0.3384863844898155,0.565326020905847,1.0,0.902606244085508,1.0,0.45,0.3384863844898155,0.565326020905847,0.55,0.0,0.0,0.55
owlv2,264781,27477,1,right person,1,4,4,1,0.9192041827540576,40,40,0.575,0.4089005804269633,0.7295709687311371,1.0,0.8518148710847756,1.0,0.575,0.4089005804269633,0.7295709687311371,0.425,0.0,0.0,80,0.45,0.3384863844898155,0.565326020905847,1.0,0.902606244085508,1.0,0.45,0.3384863844898155,0.565326020905847,0.55,0.0,0.0,0.575
owlv2,103419,41004,73,right screen,1,9,5,1,0.6537746731492691,5,5,1.0,0.4781762498950185,1.0,1.0,0.4781762498950185,1.0,1.0,0.4781762498950185,1.0,0.0,0.0,0.0,80,1.0,0.9549359649323076,1.0,1.0,0.9549359649323076,1.0,1.0,0.9549359649323076,1.0,0.0,0.0,0.0,1.0
owlv2,103419,41004,73,right screen,1,9,5,1,0.6537746731492691,10,10,1.0,0.6915028921812392,1.0,1.0,0.6915028921812392,1.0,1.0,0.6915028921812392,1.0,0.0,0.0,0.0,80,1.0,0.9549359649323076,1.0,1.0,0.9549359649323076,1.0,1.0,0.9549359649323076,1.0,0.0,0.0,0.0,1.0
owlv2,103419,41004,73,right screen,1,9,5,1,0.6537746731492691,20,20,1.0,0.8315665290169146,1.0,1.0,0.8315665290169146,1.0,1.0,0.8315665290169146,1.0,0.0,0.0,0.0,80,1.0,0.9549359649323076,1.0,1.0,0.9549359649323076,1.0,1.0,0.9549359649323076,1.0,0.0,0.0,0.0,1.0
owlv2,103419,41004,73,right screen,1,9,5,1,0.6537746731492691,40,40,1.0,0.9119026971211976,1.0,1.0,0.9119026971211976,1.0,1.0,0.9119026971211976,1.0,0.0,0.0,0.0,80,1.0,0.9549359649323076,1.0,1.0,0.9549359649323076,1.0,1.0,0.9549359649323076,1.0,0.0,0.0,0.0,1.0
owlv2,77650,43240,1,gal in blue,1,20,5,0,0.0,5,5,1.0,0.4781762498950185,1.0,1.0,0.4781762498950185,1.0,1.0,0.4781762498950185,1.0,0.0,0.0,0.0,80,0.9875,0.9323122155360776,0.9996835774723672,0.7721518987341772,0.6640164119816654,0.8590197926751688,0.7625,0.6542230288597322,0.8505462481433591,0.0124999999999999,0.225,8.326672684688674e-17,1.0
owlv2,77650,43240,1,gal in blue,1,20,5,0,0.0,10,10,1.0,0.6915028921812392,1.0,0.9,0.5549838829718046,0.9974714214555382,0.9,0.5549838829718046,0.9974714214555382,0.0,0.0999999999999999,0.0,80,0.9875,0.9323122155360776,0.9996835774723672,0.7721518987341772,0.6640164119816654,0.8590197926751688,0.7625,0.6542230288597322,0.8505462481433591,0.0124999999999999,0.225,8.326672684688674e-17,0.9
owlv2,77650,43240,1,gal in blue,1,20,5,0,0.0,20,20,1.0,0.8315665290169146,1.0,0.9,0.6830172859809176,0.9876514728297052,0.9,0.6830172859809176,0.9876514728297052,0.0,0.0999999999999999,0.0,80,0.9875,0.9323122155360776,0.9996835774723672,0.7721518987341772,0.6640164119816654,0.8590197926751688,0.7625,0.6542230288597322,0.8505462481433591,0.0124999999999999,0.225,8.326672684688674e-17,0.9
owlv2,77650,43240,1,gal in blue,1,20,5,0,0.0,40,40,1.0,0.9119026971211976,1.0,0.775,0.6154883226965773,0.891603361015928,0.775,0.6154883226965773,0.891603361015928,0.0,0.2249999999999999,0.0,80,0.9875,0.9323122155360776,0.9996835774723672,0.7721518987341772,0.6640164119816654,0.8590197926751688,0.7625,0.6542230288597322,0.8505462481433591,0.0124999999999999,0.225,8.326672684688674e-17,0.775
owlv2,574251,682,33,second bag from left,1,20,5,0,0.2193172626099273,5,5,1.0,0.4781762498950185,1.0,1.0,0.4781762498950185,1.0,1.0,0.4781762498950185,1.0,0.0,0.0,0.0,80,1.0,0.9549359649323076,1.0,1.0,0.9549359649323076,1.0,1.0,0.9549359649323076,1.0,0.0,0.0,0.0,1.0
owlv2,574251,682,33,second bag from left,1,20,5,0,0.2193172626099273,10,10,1.0,0.6915028921812392,1.0,1.0,0.6915028921812392,1.0,1.0,0.6915028921812392,1.0,0.0,0.0,0.0,80,1.0,0.9549359649323076,1.0,1.0,0.9549359649323076,1.0,1.0,0.9549359649323076,1.0,0.0,0.0,0.0,1.0
owlv2,574251,682,33,second bag from left,1,20,5,0,0.2193172626099273,20,20,1.0,0.8315665290169146,1.0,1.0,0.8315665290169146,1.0,1.0,0.8315665290169146,1.0,0.0,0.0,0.0,80,1.0,0.9549359649323076,1.0,1.0,0.9549359649323076,1.0,1.0,0.9549359649323076,1.0,0.0,0.0,0.0,1.0
owlv2,574251,682,33,second bag from left,1,20,5,0,0.2193172626099273,40,40,1.0,0.9119026971211976,1.0,1.0,0.9119026971211976,1.0,1.0,0.9119026971211976,1.0,0.0,0.0,0.0,80,1.0,0.9549359649323076,1.0,1.0,0.9549359649323076,1.0,1.0,0.9549359649323076,1.0,0.0,0.0,0.0,1.0
owlv2,270391,26991,1,front person,1,20,5,0,0.0,5,5,1.0,0.4781762498950185,1.0,1.0,0.4781762498950185,1.0,1.0,0.4781762498950185,1.0,0.0,0.0,0.0,80,1.0,0.9549359649323076,1.0,1.0,0.9549359649323076,1.0,1.0,0.9549359649323076,1.0,0.0,0.0,0.0,1.0
owlv2,270391,26991,1,front person,1,20,5,0,0.0,10,10,1.0,0.6915028921812392,1.0,0.9,0.5549838829718046,0.9974714214555382,0.9,0.5549838829718046,0.9974714214555382,0.0,0.0999999999999999,0.0,80,1.0,0.9549359649323076,1.0,1.0,0.9549359649323076,1.0,1.0,0.9549359649323076,1.0,0.0,0.0,0.0,0.9
owlv2,270391,26991,1,front person,1,20,5,0,0.0,20,20,1.0,0.8315665290169146,1.0,0.95,0.7512672372279723,0.9987349105020502,0.95,0.7512672372279723,0.9987349105020502,0.0,0.05,0.0,80,1.0,0.9549359649323076,1.0,1.0,0.9549359649323076,1.0,1.0,0.9549359649323076,1.0,0.0,0.0,0.0,0.95
owlv2,270391,26991,1,front person,1,20,5,0,0.0,40,40,1.0,0.9119026971211976,1.0,0.975,0.8684141415172343,0.9993672550679504,0.975,0.8684141415172343,0.9993672550679504,0.0,0.025,0.0,80,1.0,0.9549359649323076,1.0,1.0,0.9549359649323076,1.0,1.0,0.9549359649323076,1.0,0.0,0.0,0.0,0.975
owlv2,10710,49125,1,catcher,1,15,5,1,0.9370568493291836,5,5,1.0,0.4781762498950185,1.0,0.6,0.1466327996346731,0.9472550494736832,0.6,0.1466327996346731,0.9472550494736832,0.0,0.4,0.0,80,1.0,0.9549359649323076,1.0,0.7375,0.6271491697875681,0.8295907488995917,0.7375,0.6271491697875681,0.8295907488995917,0.0,0.2624999999999999,0.0,0.6
owlv2,10710,49125,1,catcher,1,15,5,1,0.9370568493291836,10,10,1.0,0.6915028921812392,1.0,0.5,0.1870860284473985,0.8129139715526015,0.5,0.1870860284473985,0.8129139715526015,0.0,0.5,0.0,80,1.0,0.9549359649323076,1.0,0.7375,0.6271491697875681,0.8295907488995917,0.7375,0.6271491697875681,0.8295907488995917,0.0,0.2624999999999999,0.0,0.5
owlv2,10710,49125,1,catcher,1,15,5,1,0.9370568493291836,20,20,1.0,0.8315665290169146,1.0,0.75,0.5089541282920425,0.9134285308985652,0.75,0.5089541282920425,0.9134285308985652,0.0,0.25,0.0,80,1.0,0.9549359649323076,1.0,0.7375,0.6271491697875681,0.8295907488995917,0.7375,0.6271491697875681,0.8295907488995917,0.0,0.2624999999999999,0.0,0.75
owlv2,10710,49125,1,catcher,1,15,5,1,0.9370568493291836,40,40,0.975,0.8684141415172343,0.9993672550679504,0.7435897435897436,0.5787261156214302,0.8696232007644127,0.725,0.5611170928209519,0.8539910080361344,0.025,0.2499999999999999,2.775557561562892e-17,80,1.0,0.9549359649323076,1.0,0.7375,0.6271491697875681,0.8295907488995917,0.7375,0.6271491697875681,0.8295907488995917,0.0,0.2624999999999999,0.0,0.725
owlv2,222209,31110,59,food at the top of the plate on the bottom,1,20,5,0,0.0274230818561155,5,5,1.0,0.4781762498950185,1.0,1.0,0.4781762498950185,1.0,1.0,0.4781762498950185,1.0,0.0,0.0,0.0,80,1.0,0.9549359649323076,1.0,1.0,0.9549359649323076,1.0,1.0,0.9549359649323076,1.0,0.0,0.0,0.0,1.0
owlv2,222209,31110,59,food at the top of the plate on the bottom,1,20,5,0,0.0274230818561155,10,10,1.0,0.6915028921812392,1.0,1.0,0.6915028921812392,1.0,1.0,0.6915028921812392,1.0,0.0,0.0,0.0,80,1.0,0.9549359649323076,1.0,1.0,0.9549359649323076,1.0,1.0,0.9549359649323076,1.0,0.0,0.0,0.0,1.0
owlv2,222209,31110,59,food at the top of the plate on the bottom,1,20,5,0,0.0274230818561155,20,20,1.0,0.8315665290169146,1.0,1.0,0.8315665290169146,1.0,1.0,0.8315665290169146,1.0,0.0,0.0,0.0,80,1.0,0.9549359649323076,1.0,1.0,0.9549359649323076,1.0,1.0,0.9549359649323076,1.0,0.0,0.0,0.0,1.0
owlv2,222209,31110,59,food at the top of the plate on the bottom,1,20,5,0,0.0274230818561155,40,40,1.0,0.9119026971211976,1.0,1.0,0.9119026971211976,1.0,1.0,0.9119026971211976,1.0,0.0,0.0,0.0,80,1.0,0.9549359649323076,1.0,1.0,0.9549359649323076,1.0,1.0,0.9549359649323076,1.0,0.0,0.0,0.0,1.0
owlv2,573632,746,51,top right bowl,1,13,5,1,0.8811059058084403,5,5,0.8,0.2835820638819106,0.994949236620532,0.0,0.0,0.6023646356164746,0.0,0.0,0.5218237501049814,0.1999999999999999,0.8,0.0,80,0.8375,0.7381631061748872,0.9105383582774708,0.3582089552238806,0.2446949018097139,0.484696510831247,0.3,0.2025739291466727,0.412759323081376,0.1624999999999999,0.5375000000000001,1.1102230246251563e-16,0.0
owlv2,573632,746,51,top right bowl,1,13,5,1,0.8811059058084403,10,10,0.9,0.5549838829718046,0.9974714214555382,0.2222222222222222,0.0281449734778982,0.600093573716312,0.2,0.0252107263268333,0.5560954623076415,0.0999999999999999,0.7000000000000001,0.0,80,0.8375,0.7381631061748872,0.9105383582774708,0.3582089552238806,0.2446949018097139,0.484696510831247,0.3,0.2025739291466727,0.412759323081376,0.1624999999999999,0.5375000000000001,1.1102230246251563e-16,0.2
owlv2,573632,746,51,top right bowl,1,13,5,1,0.8811059058084403,20,20,0.85,0.6210731734546859,0.9679290628145364,0.2352941176470588,0.0681077404373566,0.4989932732045799,0.2,0.0573339970500327,0.4366140029966682,0.15,0.6499999999999999,1.1102230246251563e-16,80,0.8375,0.7381631061748872,0.9105383582774708,0.3582089552238806,0.2446949018097139,0.484696510831247,0.3,0.2025739291466727,0.412759323081376,0.1624999999999999,0.5375000000000001,1.1102230246251563e-16,0.2
owlv2,573632,746,51,top right bowl,1,13,5,1,0.8811059058084403,40,40,0.825,0.6722098666384142,0.9266172706479148,0.303030303030303,0.1559166023969858,0.4871106975383932,0.25,0.126914798932845,0.4119619801514298,0.175,0.575,0.0,80,0.8375,0.7381631061748872,0.9105383582774708,0.3582089552238806,0.2446949018097139,0.484696510831247,0.3,0.2025739291466727,0.412759323081376,0.1624999999999999,0.5375000000000001,1.1102230246251563e-16,0.25
owlv2,242506,29438,7,leftmost in this image,1,9,5,0,0.2469913960418636,5,5,0.4,0.0527449505263169,0.8533672003653268,1.0,0.158113883008419,1.0,0.4,0.0527449505263169,0.8533672003653268,0.6,0.0,0.0,80,0.5375,0.4224175280048351,0.6497235734616016,1.0,0.9177888788458616,1.0,0.5375,0.4224175280048351,0.6497235734616016,0.4625,0.0,0.0,0.4
owlv2,242506,29438,7,leftmost in this image,1,9,5,0,0.2469913960418636,10,10,0.4,0.1215522581198272,0.7376219233930549,1.0,0.3976353643835254,1.0,0.4,0.1215522581198272,0.7376219233930549,0.6,0.0,0.0,80,0.5375,0.4224175280048351,0.6497235734616016,1.0,0.9177888788458616,1.0,0.5375,0.4224175280048351,0.6497235734616016,0.4625,0.0,0.0,0.4
owlv2,242506,29438,7,leftmost in this image,1,9,5,0,0.2469913960418636,20,20,0.5,0.2719578495607918,0.7280421504392082,1.0,0.6915028921812392,1.0,0.5,0.2719578495607918,0.7280421504392082,0.5,0.0,0.0,80,0.5375,0.4224175280048351,0.6497235734616016,1.0,0.9177888788458616,1.0,0.5375,0.4224175280048351,0.6497235734616016,0.4625,0.0,0.0,0.5
owlv2,242506,29438,7,leftmost in this image,1,9,5,0,0.2469913960418636,40,40,0.45,0.2925883500398799,0.6150932054659867,0.9444444444444444,0.7270564003266315,0.9985944438326306,0.425,0.2704290312688629,0.5910994195730366,0.55,0.025,1.006139616066548e-16,80,0.5375,0.4224175280048351,0.6497235734616016,1.0,0.9177888788458616,1.0,0.5375,0.4224175280048351,0.6497235734616016,0.4625,0.0,0.0,0.425
owlv2,31112,47333,1,man in a black trouser,1,3,3,0,0.0306141151688831,5,5,0.8,0.2835820638819106,0.994949236620532,1.0,0.3976353643835254,1.0,0.8,0.2835820638819106,0.994949236620532,0.1999999999999999,0.0,0.0,80,0.725,0.6137565791555908,0.8189623614429612,0.9827586206896552,0.9076389478576248,0.9995635813275812,0.7125,0.6004548866879794,0.8082395280280349,0.275,0.0125,6.938893903907227e-17,0.8
owlv2,31112,47333,1,man in a black trouser,1,3,3,0,0.0306141151688831,10,10,0.8,0.4439045376923585,0.9747892736731666,1.0,0.6305833524471808,1.0,0.8,0.4439045376923585,0.9747892736731666,0.1999999999999999,0.0,0.0,80,0.725,0.6137565791555908,0.8189623614429612,0.9827586206896552,0.9076389478576248,0.9995635813275812,0.7125,0.6004548866879794,0.8082395280280349,0.275,0.0125,6.938893903907227e-17,0.8
owlv2,31112,47333,1,man in a black trouser,1,3,3,0,0.0306141151688831,20,20,0.65,0.4078114654671719,0.8460907952154588,1.0,0.752947361999529,1.0,0.65,0.4078114654671719,0.8460907952154588,0.35,0.0,0.0,80,0.725,0.6137565791555908,0.8189623614429612,0.9827586206896552,0.9076389478576248,0.9995635813275812,0.7125,0.6004548866879794,0.8082395280280349,0.275,0.0125,6.938893903907227e-17,0.65
owlv2,31112,47333,1,man in a black trouser,1,3,3,0,0.0306141151688831,40,40,0.725,0.5611170928209519,0.8539910080361344,1.0,0.8805551309304973,1.0,0.725,0.5611170928209519,0.8539910080361344,0.275,0.0,0.0,80,0.725,0.6137565791555908,0.8189623614429612,0.9827586206896552,0.9076389478576248,0.9995635813275812,0.7125,0.6004548866879794,0.8082395280280349,0.275,0.0125,6.938893903907227e-17,0.725
owlv2,323213,22457,1,sitting woman,1,3,3,1,0.9562538354882864,5,5,1.0,0.4781762498950185,1.0,1.0,0.4781762498950185,1.0,1.0,0.4781762498950185,1.0,0.0,0.0,0.0,80,1.0,0.9549359649323076,1.0,1.0,0.9549359649323076,1.0,1.0,0.9549359649323076,1.0,0.0,0.0,0.0,1.0
owlv2,323213,22457,1,sitting woman,1,3,3,1,0.9562538354882864,10,10,1.0,0.6915028921812392,1.0,1.0,0.6915028921812392,1.0,1.0,0.6915028921812392,1.0,0.0,0.0,0.0,80,1.0,0.9549359649323076,1.0,1.0,0.9549359649323076,1.0,1.0,0.9549359649323076,1.0,0.0,0.0,0.0,1.0
owlv2,323213,22457,1,sitting woman,1,3,3,1,0.9562538354882864,20,20,1.0,0.8315665290169146,1.0,1.0,0.8315665290169146,1.0,1.0,0.8315665290169146,1.0,0.0,0.0,0.0,80,1.0,0.9549359649323076,1.0,1.0,0.9549359649323076,1.0,1.0,0.9549359649323076,1.0,0.0,0.0,0.0,1.0
owlv2,323213,22457,1,sitting woman,1,3,3,1,0.9562538354882864,40,40,1.0,0.9119026971211976,1.0,1.0,0.9119026971211976,1.0,1.0,0.9119026971211976,1.0,0.0,0.0,0.0,80,1.0,0.9549359649323076,1.0,1.0,0.9549359649323076,1.0,1.0,0.9549359649323076,1.0,0.0,0.0,0.0,1.0
owlv2,264296,27543,1,man cloestest to us,1,12,5,1,0.9478438924470638,5,5,1.0,0.4781762498950185,1.0,1.0,0.4781762498950185,1.0,1.0,0.4781762498950185,1.0,0.0,0.0,0.0,80,1.0,0.9549359649323076,1.0,1.0,0.9549359649323076,1.0,1.0,0.9549359649323076,1.0,0.0,0.0,0.0,1.0
owlv2,264296,27543,1,man cloestest to us,1,12,5,1,0.9478438924470638,10,10,1.0,0.6915028921812392,1.0,1.0,0.6915028921812392,1.0,1.0,0.6915028921812392,1.0,0.0,0.0,0.0,80,1.0,0.9549359649323076,1.0,1.0,0.9549359649323076,1.0,1.0,0.9549359649323076,1.0,0.0,0.0,0.0,1.0
owlv2,264296,27543,1,man cloestest to us,1,12,5,1,0.9478438924470638,20,20,1.0,0.8315665290169146,1.0,0.9,0.6830172859809176,0.9876514728297052,0.9,0.6830172859809176,0.9876514728297052,0.0,0.0999999999999999,0.0,80,1.0,0.9549359649323076,1.0,1.0,0.9549359649323076,1.0,1.0,0.9549359649323076,1.0,0.0,0.0,0.0,0.9
owlv2,264296,27543,1,man cloestest to us,1,12,5,1,0.9478438924470638,40,40,1.0,0.9119026971211976,1.0,0.95,0.8308031360405824,0.9938863534006492,0.95,0.8308031360405824,0.9938863534006492,0.0,0.05,0.0,80,1.0,0.9549359649323076,1.0,1.0,0.9549359649323076,1.0,1.0,0.9549359649323076,1.0,0.0,0.0,0.0,0.95
owlv2,483611,8607,51,plate of rice,1,20,5,1,0.9289671368387592,5,5,1.0,0.4781762498950185,1.0,1.0,0.4781762498950185,1.0,1.0,0.4781762498950185,1.0,0.0,0.0,0.0,80,1.0,0.9549359649323076,1.0,1.0,0.9549359649323076,1.0,1.0,0.9549359649323076,1.0,0.0,0.0,0.0,1.0
owlv2,483611,8607,51,plate of rice,1,20,5,1,0.9289671368387592,10,10,1.0,0.6915028921812392,1.0,1.0,0.6915028921812392,1.0,1.0,0.6915028921812392,1.0,0.0,0.0,0.0,80,1.0,0.9549359649323076,1.0,1.0,0.9549359649323076,1.0,1.0,0.9549359649323076,1.0,0.0,0.0,0.0,1.0
owlv2,483611,8607,51,plate of rice,1,20,5,1,0.9289671368387592,20,20,1.0,0.8315665290169146,1.0,1.0,0.8315665290169146,1.0,1.0,0.8315665290169146,1.0,0.0,0.0,0.0,80,1.0,0.9549359649323076,1.0,1.0,0.9549359649323076,1.0,1.0,0.9549359649323076,1.0,0.0,0.0,0.0,1.0
owlv2,483611,8607,51,plate of rice,1,20,5,1,0.9289671368387592,40,40,1.0,0.9119026971211976,1.0,1.0,0.9119026971211976,1.0,1.0,0.9119026971211976,1.0,0.0,0.0,0.0,80,1.0,0.9549359649323076,1.0,1.0,0.9549359649323076,1.0,1.0,0.9549359649323076,1.0,0.0,0.0,0.0,1.0
owlv2,118848,39790,1,catcher,1,20,5,0,0.0500308570715406,5,5,0.8,0.2835820638819106,0.994949236620532,1.0,0.3976353643835254,1.0,0.8,0.2835820638819106,0.994949236620532,0.1999999999999999,0.0,0.0,80,0.95,0.876901263556847,0.9862106060235382,1.0,0.9526212461330692,1.0,0.95,0.876901263556847,0.9862106060235382,0.05,0.0,0.0,0.8
owlv2,118848,39790,1,catcher,1,20,5,0,0.0500308570715406,10,10,0.9,0.5549838829718046,0.9974714214555382,1.0,0.6637328831200572,1.0,0.9,0.5549838829718046,0.9974714214555382,0.0999999999999999,0.0,0.0,80,0.95,0.876901263556847,0.9862106060235382,1.0,0.9526212461330692,1.0,0.95,0.876901263556847,0.9862106060235382,0.05,0.0,0.0,0.9
owlv2,118848,39790,1,catcher,1,20,5,0,0.0500308570715406,20,20,0.95,0.7512672372279723,0.9987349105020502,1.0,0.8235330881930346,1.0,0.95,0.7512672372279723,0.9987349105020502,0.05,0.0,0.0,80,0.95,0.876901263556847,0.9862106060235382,1.0,0.9526212461330692,1.0,0.95,0.876901263556847,0.9862106060235382,0.05,0.0,0.0,0.95
owlv2,118848,39790,1,catcher,1,20,5,0,0.0500308570715406,40,40,0.95,0.8308031360405824,0.9938863534006492,1.0,0.9074872385841216,1.0,0.95,0.8308031360405824,0.9938863534006492,0.05,0.0,0.0,80,0.95,0.876901263556847,0.9862106060235382,1.0,0.9526212461330692,1.0,0.95,0.876901263556847,0.9862106060235382,0.05,0.0,0.0,0.95
owlv2,105685,40801,1,woman holding child,1,20,5,0,0.0926616926337981,5,5,1.0,0.4781762498950185,1.0,1.0,0.4781762498950185,1.0,1.0,0.4781762498950185,1.0,0.0,0.0,0.0,80,1.0,0.9549359649323076,1.0,0.9875,0.9323122155360776,0.9996835774723672,0.9875,0.9323122155360776,0.9996835774723672,0.0,0.0124999999999999,0.0,1.0
owlv2,105685,40801,1,woman holding child,1,20,5,0,0.0926616926337981,10,10,1.0,0.6915028921812392,1.0,1.0,0.6915028921812392,1.0,1.0,0.6915028921812392,1.0,0.0,0.0,0.0,80,1.0,0.9549359649323076,1.0,0.9875,0.9323122155360776,0.9996835774723672,0.9875,0.9323122155360776,0.9996835774723672,0.0,0.0124999999999999,0.0,1.0
owlv2,105685,40801,1,woman holding child,1,20,5,0,0.0926616926337981,20,20,1.0,0.8315665290169146,1.0,1.0,0.8315665290169146,1.0,1.0,0.8315665290169146,1.0,0.0,0.0,0.0,80,1.0,0.9549359649323076,1.0,0.9875,0.9323122155360776,0.9996835774723672,0.9875,0.9323122155360776,0.9996835774723672,0.0,0.0124999999999999,0.0,1.0
owlv2,105685,40801,1,woman holding child,1,20,5,0,0.0926616926337981,40,40,1.0,0.9119026971211976,1.0,1.0,0.9119026971211976,1.0,1.0,0.9119026971211976,1.0,0.0,0.0,0.0,80,1.0,0.9549359649323076,1.0,0.9875,0.9323122155360776,0.9996835774723672,0.9875,0.9323122155360776,0.9996835774723672,0.0,0.0124999999999999,0.0,1.0
owlv2,364683,18721,22,elephant on right,1,10,5,1,0.7984048600981798,5,5,1.0,0.4781762498950185,1.0,0.6,0.1466327996346731,0.9472550494736832,0.6,0.1466327996346731,0.9472550494736832,0.0,0.4,0.0,80,1.0,0.9549359649323076,1.0,0.55,0.4346739790941529,0.6615136155101845,0.55,0.4346739790941529,0.6615136155101845,0.0,0.4499999999999999,0.0,0.6
owlv2,364683,18721,22,elephant on right,1,10,5,1,0.7984048600981798,10,10,1.0,0.6915028921812392,1.0,0.6,0.2623780766069451,0.8784477418801728,0.6,0.2623780766069451,0.8784477418801728,0.0,0.4,0.0,80,1.0,0.9549359649323076,1.0,0.55,0.4346739790941529,0.6615136155101845,0.55,0.4346739790941529,0.6615136155101845,0.0,0.4499999999999999,0.0,0.6
owlv2,364683,18721,22,elephant on right,1,10,5,1,0.7984048600981798,20,20,1.0,0.8315665290169146,1.0,0.55,0.3152781330405486,0.7694221032240758,0.55,0.3152781330405486,0.7694221032240758,0.0,0.4499999999999999,0.0,80,1.0,0.9549359649323076,1.0,0.55,0.4346739790941529,0.6615136155101845,0.55,0.4346739790941529,0.6615136155101845,0.0,0.4499999999999999,0.0,0.55
owlv2,364683,18721,22,elephant on right,1,10,5,1,0.7984048600981798,40,40,1.0,0.9119026971211976,1.0,0.55,0.3849067945340133,0.7074116499601201,0.55,0.3849067945340133,0.7074116499601201,0.0,0.4499999999999999,0.0,80,1.0,0.9549359649323076,1.0,0.55,0.4346739790941529,0.6615136155101845,0.55,0.4346739790941529,0.6615136155101845,0.0,0.4499999999999999,0.0,0.55
owlv2,258237,28066,1,person holding girl,1,9,5,0,0.2783980171767345,5,5,1.0,0.4781762498950185,1.0,0.4,0.0527449505263169,0.8533672003653268,0.4,0.0527449505263169,0.8533672003653268,0.0,0.6,0.0,80,0.8625,0.7672791291752744,0.9293121672961212,0.9130434782608696,0.8202792666994535,0.967417085140714,0.7875,0.6817141914403442,0.8710635049024182,0.1374999999999999,0.075,1.3877787807814457e-17,0.4
owlv2,258237,28066,1,person holding girl,1,9,5,0,0.2783980171767345,10,10,1.0,0.6915028921812392,1.0,0.6,0.2623780766069451,0.8784477418801728,0.6,0.2623780766069451,0.8784477418801728,0.0,0.4,0.0,80,0.8625,0.7672791291752744,0.9293121672961212,0.9130434782608696,0.8202792666994535,0.967417085140714,0.7875,0.6817141914403442,0.8710635049024182,0.1374999999999999,0.075,1.3877787807814457e-17,0.6
owlv2,258237,28066,1,person holding girl,1,9,5,0,0.2783980171767345,20,20,0.95,0.7512672372279723,0.9987349105020502,0.7368421052631579,0.4879706546541273,0.9085342150923336,0.7,0.4572108177237109,0.8810684095942722,0.05,0.25,0.0,80,0.8625,0.7672791291752744,0.9293121672961212,0.9130434782608696,0.8202792666994535,0.967417085140714,0.7875,0.6817141914403442,0.8710635049024182,0.1374999999999999,0.075,1.3877787807814457e-17,0.7
owlv2,258237,28066,1,person holding girl,1,9,5,0,0.2783980171767345,40,40,0.875,0.7319670826382796,0.9581403738613832,0.8571428571428571,0.6974286483090486,0.9519392215963612,0.75,0.5880380198485702,0.873085201067155,0.125,0.125,5.551115123125783e-17,80,0.8625,0.7672791291752744,0.9293121672961212,0.9130434782608696,0.8202792666994535,0.967417085140714,0.7875,0.6817141914403442,0.8710635049024182,0.1374999999999999,0.075,1.3877787807814457e-17,0.75
owlv2,493504,7703,76,keyboard at the bottom,1,18,5,1,0.9820389497386522,5,5,1.0,0.4781762498950185,1.0,0.2,0.005050763379468,0.7164179361180893,0.2,0.005050763379468,0.7164179361180893,0.0,0.8,0.0,80,0.975,0.9125928440694078,0.9969579138351904,0.4102564102564102,0.3000806643263823,0.5274580880920026,0.4,0.2920093562553104,0.5156230595045106,0.025,0.575,0.0,0.2
owlv2,493504,7703,76,keyboard at the bottom,1,18,5,1,0.9820389497386522,10,10,0.9,0.5549838829718046,0.9974714214555382,0.2222222222222222,0.0281449734778982,0.600093573716312,0.2,0.0252107263268333,0.5560954623076415,0.0999999999999999,0.7000000000000001,0.0,80,0.975,0.9125928440694078,0.9969579138351904,0.4102564102564102,0.3000806643263823,0.5274580880920026,0.4,0.2920093562553104,0.5156230595045106,0.025,0.575,0.0,0.2
owlv2,493504,7703,76,keyboard at the bottom,1,18,5,1,0.9820389497386522,20,20,0.95,0.7512672372279723,0.9987349105020502,0.4210526315789473,0.2025214389771628,0.6650021559882646,0.4,0.1911900607253072,0.6394574126925103,0.05,0.55,1.1102230246251563e-16,80,0.975,0.9125928440694078,0.9969579138351904,0.4102564102564102,0.3000806643263823,0.5274580880920026,0.4,0.2920093562553104,0.5156230595045106,0.025,0.575,0.0,0.4
owlv2,493504,7703,76,keyboard at the bottom,1,18,5,1,0.9820389497386522,40,40,0.95,0.8308031360405824,0.9938863534006492,0.3947368421052631,0.2403878936440354,0.5661384613904705,0.375,0.2272627224818259,0.5419852477673891,0.05,0.575,0.0,80,0.975,0.9125928440694078,0.9969579138351904,0.4102564102564102,0.3000806643263823,0.5274580880920026,0.4,0.2920093562553104,0.5156230595045106,0.025,0.575,0.0,0.375
owlv2,289212,25436,3,car in the middle,1,20,5,1,0.9256158263356052,5,5,1.0,0.4781762498950185,1.0,1.0,0.4781762498950185,1.0,1.0,0.4781762498950185,1.0,0.0,0.0,0.0,80,1.0,0.9549359649323076,1.0,1.0,0.9549359649323076,1.0,1.0,0.9549359649323076,1.0,0.0,0.0,0.0,1.0
owlv2,289212,25436,3,car in the middle,1,20,5,1,0.9256158263356052,10,10,1.0,0.6915028921812392,1.0,1.0,0.6915028921812392,1.0,1.0,0.6915028921812392,1.0,0.0,0.0,0.0,80,1.0,0.9549359649323076,1.0,1.0,0.9549359649323076,1.0,1.0,0.9549359649323076,1.0,0.0,0.0,0.0,1.0
owlv2,289212,25436,3,car in the middle,1,20,5,1,0.9256158263356052,20,20,1.0,0.8315665290169146,1.0,1.0,0.8315665290169146,1.0,1.0,0.8315665290169146,1.0,0.0,0.0,0.0,80,1.0,0.9549359649323076,1.0,1.0,0.9549359649323076,1.0,1.0,0.9549359649323076,1.0,0.0,0.0,0.0,1.0
owlv2,289212,25436,3,car in the middle,1,20,5,1,0.9256158263356052,40,40,1.0,0.9119026971211976,1.0,1.0,0.9119026971211976,1.0,1.0,0.9119026971211976,1.0,0.0,0.0,0.0,80,1.0,0.9549359649323076,1.0,1.0,0.9549359649323076,1.0,1.0,0.9549359649323076,1.0,0.0,0.0,0.0,1.0
owlv2,113152,40242,1,blue shirt,1,6,5,0,0.4808961476883322,5,5,0.4,0.0527449505263169,0.8533672003653268,1.0,0.158113883008419,1.0,0.4,0.0527449505263169,0.8533672003653268,0.6,0.0,0.0,80,0.4875,0.3740574814444389,0.6018953312968145,0.9743589743589745,0.8652360784405021,0.999351036104518,0.475,0.3621335816771526,0.5897721586232294,0.5125,0.0125,5.724587470723462e-17,0.4
owlv2,113152,40242,1,blue shirt,1,6,5,0,0.4808961476883322,10,10,0.5,0.1870860284473985,0.8129139715526015,1.0,0.4781762498950185,1.0,0.5,0.1870860284473985,0.8129139715526015,0.5,0.0,0.0,80,0.4875,0.3740574814444389,0.6018953312968145,0.9743589743589745,0.8652360784405021,0.999351036104518,0.475,0.3621335816771526,0.5897721586232294,0.5125,0.0125,5.724587470723462e-17,0.5
owlv2,113152,40242,1,blue shirt,1,6,5,0,0.4808961476883322,20,20,0.55,0.3152781330405486,0.7694221032240758,1.0,0.7150858470818456,1.0,0.55,0.3152781330405486,0.7694221032240758,0.4499999999999999,0.0,0.0,80,0.4875,0.3740574814444389,0.6018953312968145,0.9743589743589745,0.8652360784405021,0.999351036104518,0.475,0.3621335816771526,0.5897721586232294,0.5125,0.0125,5.724587470723462e-17,0.55
owlv2,113152,40242,1,blue shirt,1,6,5,0,0.4808961476883322,40,40,0.55,0.3849067945340133,0.7074116499601201,1.0,0.8456274871844255,1.0,0.55,0.3849067945340133,0.7074116499601201,0.4499999999999999,0.0,0.0,80,0.4875,0.3740574814444389,0.6018953312968145,0.9743589743589745,0.8652360784405021,0.999351036104518,0.475,0.3621335816771526,0.5897721586232294,0.5125,0.0125,5.724587470723462e-17,0.55
owlv2,419001,14207,22,elephant with all its feet on the ground,1,20,5,0,0.030138208919515,5,5,0.8,0.2835820638819106,0.994949236620532,1.0,0.3976353643835254,1.0,0.8,0.2835820638819106,0.994949236620532,0.1999999999999999,0.0,0.0,80,0.9125,0.8279916615801152,0.9640936410104411,0.8904109589041096,0.7954356791513939,0.95148357627889,0.8125,0.7096721043523089,0.8910863118524706,0.0875,0.0999999999999999,1.3877787807814457e-17,0.8
owlv2,419001,14207,22,elephant with all its feet on the ground,1,20,5,0,0.030138208919515,10,10,0.9,0.5549838829718046,0.9974714214555382,1.0,0.6637328831200572,1.0,0.9,0.5549838829718046,0.9974714214555382,0.0999999999999999,0.0,0.0,80,0.9125,0.8279916615801152,0.9640936410104411,0.8904109589041096,0.7954356791513939,0.95148357627889,0.8125,0.7096721043523089,0.8910863118524706,0.0875,0.0999999999999999,1.3877787807814457e-17,0.9
owlv2,419001,14207,22,elephant with all its feet on the ground,1,20,5,0,0.030138208919515,20,20,0.85,0.6210731734546859,0.9679290628145364,1.0,0.8049356770309068,1.0,0.85,0.6210731734546859,0.9679290628145364,0.15,0.0,0.0,80,0.9125,0.8279916615801152,0.9640936410104411,0.8904109589041096,0.7954356791513939,0.95148357627889,0.8125,0.7096721043523089,0.8910863118524706,0.0875,0.0999999999999999,1.3877787807814457e-17,0.85
owlv2,419001,14207,22,elephant with all its feet on the ground,1,20,5,0,0.030138208919515,40,40,0.825,0.6722098666384142,0.9266172706479148,1.0,0.8942371899254207,1.0,0.825,0.6722098666384142,0.9266172706479148,0.175,0.0,0.0,80,0.9125,0.8279916615801152,0.9640936410104411,0.8904109589041096,0.7954356791513939,0.95148357627889,0.8125,0.7096721043523089,0.8910863118524706,0.0875,0.0999999999999999,1.3877787807814457e-17,0.825
owlv2,92646,41928,1,butt directly in middle,1,20,5,0,0.0560375798874929,5,5,1.0,0.4781762498950185,1.0,0.8,0.2835820638819106,0.994949236620532,0.8,0.2835820638819106,0.994949236620532,0.0,0.1999999999999999,0.0,80,0.9,0.8124348925365684,0.955829059846371,0.8888888888888888,0.7927531293332511,0.950791960729359,0.8,0.6956311329945355,0.8811409135950147,0.0999999999999999,0.1,6.938893903907227e-17,0.8
owlv2,92646,41928,1,butt directly in middle,1,20,5,0,0.0560375798874929,10,10,1.0,0.6915028921812392,1.0,0.9,0.5549838829718046,0.9974714214555382,0.9,0.5549838829718046,0.9974714214555382,0.0,0.0999999999999999,0.0,80,0.9,0.8124348925365684,0.955829059846371,0.8888888888888888,0.7927531293332511,0.950791960729359,0.8,0.6956311329945355,0.8811409135950147,0.0999999999999999,0.1,6.938893903907227e-17,0.9
owlv2,92646,41928,1,butt directly in middle,1,20,5,0,0.0560375798874929,20,20,0.9,0.6830172859809176,0.9876514728297052,0.8888888888888888,0.6528795613913279,0.9862487843356356,0.8,0.5633859970033317,0.9426660029499672,0.0999999999999999,0.1,6.938893903907227e-17,80,0.9,0.8124348925365684,0.955829059846371,0.8888888888888888,0.7927531293332511,0.950791960729359,0.8,0.6956311329945355,0.8811409135950147,0.0999999999999999,0.1,6.938893903907227e-17,0.8
owlv2,92646,41928,1,butt directly in middle,1,20,5,0,0.0560375798874929,40,40,0.875,0.7319670826382796,0.9581403738613832,0.9428571428571428,0.8084285936547608,0.9930032363716904,0.825,0.6722098666384142,0.9266172706479148,0.125,0.05,2.775557561562892e-17,80,0.9,0.8124348925365684,0.955829059846371,0.8888888888888888,0.7927531293332511,0.950791960729359,0.8,0.6956311329945355,0.8811409135950147,0.0999999999999999,0.1,6.938893903907227e-17,0.825
owlv2,266600,27332,1,red shirt,1,18,5,0,0.358878045021983,5,5,0.8,0.2835820638819106,0.994949236620532,1.0,0.3976353643835254,1.0,0.8,0.2835820638819106,0.994949236620532,0.1999999999999999,0.0,0.0,80,0.8375,0.7381631061748872,0.9105383582774708,0.9850746268656716,0.9196235493769824,0.9996221936556888,0.825,0.7238459604789864,0.9008894901605712,0.1624999999999999,0.0125,2.949029909160572e-17,0.8
owlv2,266600,27332,1,red shirt,1,18,5,0,0.358878045021983,10,10,0.8,0.4439045376923585,0.9747892736731666,1.0,0.6305833524471808,1.0,0.8,0.4439045376923585,0.9747892736731666,0.1999999999999999,0.0,0.0,80,0.8375,0.7381631061748872,0.9105383582774708,0.9850746268656716,0.9196235493769824,0.9996221936556888,0.825,0.7238459604789864,0.9008894901605712,0.1624999999999999,0.0125,2.949029909160572e-17,0.8
owlv2,266600,27332,1,red shirt,1,18,5,0,0.358878045021983,20,20,0.75,0.5089541282920425,0.9134285308985652,1.0,0.781980639089466,1.0,0.75,0.5089541282920425,0.9134285308985652,0.25,0.0,0.0,80,0.8375,0.7381631061748872,0.9105383582774708,0.9850746268656716,0.9196235493769824,0.9996221936556888,0.825,0.7238459604789864,0.9008894901605712,0.1624999999999999,0.0125,2.949029909160572e-17,0.75
owlv2,266600,27332,1,red shirt,1,18,5,0,0.358878045021983,40,40,0.825,0.6722098666384142,0.9266172706479148,1.0,0.8942371899254207,1.0,0.825,0.6722098666384142,0.9266172706479148,0.175,0.0,0.0,80,0.8375,0.7381631061748872,0.9105383582774708,0.9850746268656716,0.9196235493769824,0.9996221936556888,0.825,0.7238459604789864,0.9008894901605712,0.1624999999999999,0.0125,2.949029909160572e-17,0.825
owlv2,14686,48786,25,right giraffe,1,20,5,0,0.1995715929175891,5,5,1.0,0.4781762498950185,1.0,0.8,0.2835820638819106,0.994949236620532,0.8,0.2835820638819106,0.994949236620532,0.0,0.1999999999999999,0.0,80,1.0,0.9549359649323076,1.0,0.8625,0.7672791291752744,0.9293121672961212,0.8625,0.7672791291752744,0.9293121672961212,0.0,0.1374999999999999,0.0,0.8
owlv2,14686,48786,25,right giraffe,1,20,5,0,0.1995715929175891,10,10,1.0,0.6915028921812392,1.0,0.9,0.5549838829718046,0.9974714214555382,0.9,0.5549838829718046,0.9974714214555382,0.0,0.0999999999999999,0.0,80,1.0,0.9549359649323076,1.0,0.8625,0.7672791291752744,0.9293121672961212,0.8625,0.7672791291752744,0.9293121672961212,0.0,0.1374999999999999,0.0,0.9
owlv2,14686,48786,25,right giraffe,1,20,5,0,0.1995715929175891,20,20,1.0,0.8315665290169146,1.0,0.9,0.6830172859809176,0.9876514728297052,0.9,0.6830172859809176,0.9876514728297052,0.0,0.0999999999999999,0.0,80,1.0,0.9549359649323076,1.0,0.8625,0.7672791291752744,0.9293121672961212,0.8625,0.7672791291752744,0.9293121672961212,0.0,0.1374999999999999,0.0,0.9
owlv2,14686,48786,25,right giraffe,1,20,5,0,0.1995715929175891,40,40,1.0,0.9119026971211976,1.0,0.9,0.7633626001239001,0.9720745847057808,0.9,0.7633626001239001,0.9720745847057808,0.0,0.0999999999999999,0.0,80,1.0,0.9549359649323076,1.0,0.8625,0.7672791291752744,0.9293121672961212,0.8625,0.7672791291752744,0.9293121672961212,0.0,0.1374999999999999,0.0,0.9
owlv2,387717,16860,59,the bottom half of pizza,1,20,5,0,0.2621681595803095,5,5,1.0,0.4781762498950185,1.0,1.0,0.4781762498950185,1.0,1.0,0.4781762498950185,1.0,0.0,0.0,0.0,80,1.0,0.9549359649323076,1.0,1.0,0.9549359649323076,1.0,1.0,0.9549359649323076,1.0,0.0,0.0,0.0,1.0
owlv2,387717,16860,59,the bottom half of pizza,1,20,5,0,0.2621681595803095,10,10,1.0,0.6915028921812392,1.0,1.0,0.6915028921812392,1.0,1.0,0.6915028921812392,1.0,0.0,0.0,0.0,80,1.0,0.9549359649323076,1.0,1.0,0.9549359649323076,1.0,1.0,0.9549359649323076,1.0,0.0,0.0,0.0,1.0
owlv2,387717,16860,59,the bottom half of pizza,1,20,5,0,0.2621681595803095,20,20,1.0,0.8315665290169146,1.0,1.0,0.8315665290169146,1.0,1.0,0.8315665290169146,1.0,0.0,0.0,0.0,80,1.0,0.9549359649323076,1.0,1.0,0.9549359649323076,1.0,1.0,0.9549359649323076,1.0,0.0,0.0,0.0,1.0
owlv2,387717,16860,59,the bottom half of pizza,1,20,5,0,0.2621681595803095,40,40,1.0,0.9119026971211976,1.0,1.0,0.9119026971211976,1.0,1.0,0.9119026971211976,1.0,0.0,0.0,0.0,80,1.0,0.9549359649323076,1.0,1.0,0.9549359649323076,1.0,1.0,0.9549359649323076,1.0,0.0,0.0,0.0,1.0
owlv2,485800,8371,1,man standing on the left,1,6,5,1,0.971004943072853,5,5,1.0,0.4781762498950185,1.0,1.0,0.4781762498950185,1.0,1.0,0.4781762498950185,1.0,0.0,0.0,0.0,80,1.0,0.9549359649323076,1.0,1.0,0.9549359649323076,1.0,1.0,0.9549359649323076,1.0,0.0,0.0,0.0,1.0
owlv2,485800,8371,1,man standing on the left,1,6,5,1,0.971004943072853,10,10,1.0,0.6915028921812392,1.0,1.0,0.6915028921812392,1.0,1.0,0.6915028921812392,1.0,0.0,0.0,0.0,80,1.0,0.9549359649323076,1.0,1.0,0.9549359649323076,1.0,1.0,0.9549359649323076,1.0,0.0,0.0,0.0,1.0
owlv2,485800,8371,1,man standing on the left,1,6,5,1,0.971004943072853,20,20,1.0,0.8315665290169146,1.0,1.0,0.8315665290169146,1.0,1.0,0.8315665290169146,1.0,0.0,0.0,0.0,80,1.0,0.9549359649323076,1.0,1.0,0.9549359649323076,1.0,1.0,0.9549359649323076,1.0,0.0,0.0,0.0,1.0
owlv2,485800,8371,1,man standing on the left,1,6,5,1,0.971004943072853,40,40,1.0,0.9119026971211976,1.0,1.0,0.9119026971211976,1.0,1.0,0.9119026971211976,1.0,0.0,0.0,0.0,80,1.0,0.9549359649323076,1.0,1.0,0.9549359649323076,1.0,1.0,0.9549359649323076,1.0,0.0,0.0,0.0,1.0
owlv2,433240,12925,64,bottom left plant,1,20,5,1,0.8664960646457799,5,5,1.0,0.4781762498950185,1.0,1.0,0.4781762498950185,1.0,1.0,0.4781762498950185,1.0,0.0,0.0,0.0,80,1.0,0.9549359649323076,1.0,1.0,0.9549359649323076,1.0,1.0,0.9549359649323076,1.0,0.0,0.0,0.0,1.0
owlv2,433240,12925,64,bottom left plant,1,20,5,1,0.8664960646457799,10,10,1.0,0.6915028921812392,1.0,1.0,0.6915028921812392,1.0,1.0,0.6915028921812392,1.0,0.0,0.0,0.0,80,1.0,0.9549359649323076,1.0,1.0,0.9549359649323076,1.0,1.0,0.9549359649323076,1.0,0.0,0.0,0.0,1.0
owlv2,433240,12925,64,bottom left plant,1,20,5,1,0.8664960646457799,20,20,1.0,0.8315665290169146,1.0,1.0,0.8315665290169146,1.0,1.0,0.8315665290169146,1.0,0.0,0.0,0.0,80,1.0,0.9549359649323076,1.0,1.0,0.9549359649323076,1.0,1.0,0.9549359649323076,1.0,0.0,0.0,0.0,1.0
owlv2,433240,12925,64,bottom left plant,1,20,5,1,0.8664960646457799,40,40,1.0,0.9119026971211976,1.0,1.0,0.9119026971211976,1.0,1.0,0.9119026971211976,1.0,0.0,0.0,0.0,80,1.0,0.9549359649323076,1.0,1.0,0.9549359649323076,1.0,1.0,0.9549359649323076,1.0,0.0,0.0,0.0,1.0
owlv2,376988,17795,1,top right guy,1,20,5,0,0.0,5,5,1.0,0.4781762498950185,1.0,1.0,0.4781762498950185,1.0,1.0,0.4781762498950185,1.0,0.0,0.0,0.0,80,0.975,0.9125928440694078,0.9969579138351904,0.9871794871794872,0.930627259214395,0.9996754653909028,0.9625,0.8942980149834914,0.9921988127342832,0.025,0.0124999999999999,0.0,1.0
owlv2,376988,17795,1,top right guy,1,20,5,0,0.0,10,10,1.0,0.6915028921812392,1.0,1.0,0.6915028921812392,1.0,1.0,0.6915028921812392,1.0,0.0,0.0,0.0,80,0.975,0.9125928440694078,0.9969579138351904,0.9871794871794872,0.930627259214395,0.9996754653909028,0.9625,0.8942980149834914,0.9921988127342832,0.025,0.0124999999999999,0.0,1.0
owlv2,376988,17795,1,top right guy,1,20,5,0,0.0,20,20,1.0,0.8315665290169146,1.0,1.0,0.8315665290169146,1.0,1.0,0.8315665290169146,1.0,0.0,0.0,0.0,80,0.975,0.9125928440694078,0.9969579138351904,0.9871794871794872,0.930627259214395,0.9996754653909028,0.9625,0.8942980149834914,0.9921988127342832,0.025,0.0124999999999999,0.0,1.0
owlv2,376988,17795,1,top right guy,1,20,5,0,0.0,40,40,1.0,0.9119026971211976,1.0,0.975,0.8684141415172343,0.9993672550679504,0.975,0.8684141415172343,0.9993672550679504,0.0,0.025,0.0,80,0.975,0.9125928440694078,0.9969579138351904,0.9871794871794872,0.930627259214395,0.9996754653909028,0.9625,0.8942980149834914,0.9921988127342832,0.025,0.0124999999999999,0.0,0.975
owlv2,289482,25416,1,guy in the back with a beard,1,20,5,0,0.02782632266393,5,5,1.0,0.4781762498950185,1.0,0.4,0.0527449505263169,0.8533672003653268,0.4,0.0527449505263169,0.8533672003653268,0.0,0.6,0.0,80,0.9625,0.8942980149834914,0.9921988127342832,0.2857142857142857,0.1884894387353513,0.4000353724707616,0.275,0.1810376385570388,0.3862434208444092,0.0374999999999999,0.6875,0.0,0.4
owlv2,289482,25416,1,guy in the back with a beard,1,20,5,0,0.02782632266393,10,10,1.0,0.6915028921812392,1.0,0.2,0.0252107263268333,0.5560954623076415,0.2,0.0252107263268333,0.5560954623076415,0.0,0.8,0.0,80,0.9625,0.8942980149834914,0.9921988127342832,0.2857142857142857,0.1884894387353513,0.4000353724707616,0.275,0.1810376385570388,0.3862434208444092,0.0374999999999999,0.6875,0.0,0.2
owlv2,289482,25416,1,guy in the back with a beard,1,20,5,0,0.02782632266393,20,20,0.95,0.7512672372279723,0.9987349105020502,0.3157894736842105,0.1257606358729833,0.5655015688461509,0.3,0.1189315904057277,0.5427891822762891,0.05,0.65,1.1102230246251563e-16,80,0.9625,0.8942980149834914,0.9921988127342832,0.2857142857142857,0.1884894387353513,0.4000353724707616,0.275,0.1810376385570388,0.3862434208444092,0.0374999999999999,0.6875,0.0,0.3
owlv2,289482,25416,1,guy in the back with a beard,1,20,5,0,0.02782632266393,40,40,0.975,0.8684141415172343,0.9993672550679504,0.282051282051282,0.1500141304705207,0.448736323394921,0.275,0.1460089919638656,0.4388829071790481,0.025,0.7,0.0,80,0.9625,0.8942980149834914,0.9921988127342832,0.2857142857142857,0.1884894387353513,0.4000353724707616,0.275,0.1810376385570388,0.3862434208444092,0.0374999999999999,0.6875,0.0,0.275
owlv2,278371,26400,1,laying down,1,11,5,0,0.1663675393157067,5,5,1.0,0.4781762498950185,1.0,1.0,0.4781762498950185,1.0,1.0,0.4781762498950185,1.0,0.0,0.0,0.0,80,0.9625,0.8942980149834914,0.9921988127342832,1.0,0.953221931839596,1.0,0.9625,0.8942980149834914,0.9921988127342832,0.0374999999999999,0.0,0.0,1.0
owlv2,278371,26400,1,laying down,1,11,5,0,0.1663675393157067,10,10,1.0,0.6915028921812392,1.0,1.0,0.6915028921812392,1.0,1.0,0.6915028921812392,1.0,0.0,0.0,0.0,80,0.9625,0.8942980149834914,0.9921988127342832,1.0,0.953221931839596,1.0,0.9625,0.8942980149834914,0.9921988127342832,0.0374999999999999,0.0,0.0,1.0
owlv2,278371,26400,1,laying down,1,11,5,0,0.1663675393157067,20,20,0.9,0.6830172859809176,0.9876514728297052,1.0,0.8146980318621478,1.0,0.9,0.6830172859809176,0.9876514728297052,0.0999999999999999,0.0,0.0,80,0.9625,0.8942980149834914,0.9921988127342832,1.0,0.953221931839596,1.0,0.9625,0.8942980149834914,0.9921988127342832,0.0374999999999999,0.0,0.0,0.9
owlv2,278371,26400,1,laying down,1,11,5,0,0.1663675393157067,40,40,0.95,0.8308031360405824,0.9938863534006492,1.0,0.9074872385841216,1.0,0.95,0.8308031360405824,0.9938863534006492,0.05,0.0,0.0,80,0.9625,0.8942980149834914,0.9921988127342832,1.0,0.953221931839596,1.0,0.9625,0.8942980149834914,0.9921988127342832,0.0374999999999999,0.0,0.0,0.95
owlv2,105219,40844,1,guy on right,1,17,5,0,0.0,5,5,0.8,0.2835820638819106,0.994949236620532,0.75,0.1941204496832434,0.9936905367902902,0.6,0.1466327996346731,0.9472550494736832,0.1999999999999999,0.2,5.551115123125783e-17,80,1.0,0.9549359649323076,1.0,0.8375,0.7381631061748872,0.9105383582774708,0.8375,0.7381631061748872,0.9105383582774708,0.0,0.1624999999999999,0.0,0.6
owlv2,105219,40844,1,guy on right,1,17,5,0,0.0,10,10,0.9,0.5549838829718046,0.9974714214555382,0.8888888888888888,0.517503485082663,0.9971908632534008,0.8,0.4439045376923585,0.9747892736731666,0.0999999999999999,0.1,6.938893903907227e-17,80,1.0,0.9549359649323076,1.0,0.8375,0.7381631061748872,0.9105383582774708,0.8375,0.7381631061748872,0.9105383582774708,0.0,0.1624999999999999,0.0,0.8
owlv2,105219,40844,1,guy on right,1,17,5,0,0.0,20,20,0.95,0.7512672372279723,0.9987349105020502,0.7894736842105263,0.5443469181084944,0.9394754622907102,0.75,0.5089541282920425,0.9134285308985652,0.05,0.1999999999999999,2.775557561562892e-17,80,1.0,0.9549359649323076,1.0,0.8375,0.7381631061748872,0.9105383582774708,0.8375,0.7381631061748872,0.9105383582774708,0.0,0.1624999999999999,0.0,0.75
owlv2,105219,40844,1,guy on right,1,17,5,0,0.0,40,40,0.975,0.8684141415172343,0.9993672550679504,0.8461538461538461,0.6947200755632874,0.9413757371392106,0.825,0.6722098666384142,0.9266172706479148,0.025,0.15,2.775557561562892e-17,80,1.0,0.9549359649323076,1.0,0.8375,0.7381631061748872,0.9105383582774708,0.8375,0.7381631061748872,0.9105383582774708,0.0,0.1624999999999999,0.0,0.825
owlv2,121706,39549,1,man red jacket,1,20,5,0,0.34985311780695,5,5,1.0,0.4781762498950185,1.0,1.0,0.4781762498950185,1.0,1.0,0.4781762498950185,1.0,0.0,0.0,0.0,80,1.0,0.9549359649323076,1.0,1.0,0.9549359649323076,1.0,1.0,0.9549359649323076,1.0,0.0,0.0,0.0,1.0
owlv2,121706,39549,1,man red jacket,1,20,5,0,0.34985311780695,10,10,1.0,0.6915028921812392,1.0,1.0,0.6915028921812392,1.0,1.0,0.6915028921812392,1.0,0.0,0.0,0.0,80,1.0,0.9549359649323076,1.0,1.0,0.9549359649323076,1.0,1.0,0.9549359649323076,1.0,0.0,0.0,0.0,1.0
owlv2,121706,39549,1,man red jacket,1,20,5,0,0.34985311780695,20,20,1.0,0.8315665290169146,1.0,1.0,0.8315665290169146,1.0,1.0,0.8315665290169146,1.0,0.0,0.0,0.0,80,1.0,0.9549359649323076,1.0,1.0,0.9549359649323076,1.0,1.0,0.9549359649323076,1.0,0.0,0.0,0.0,1.0
owlv2,121706,39549,1,man red jacket,1,20,5,0,0.34985311780695,40,40,1.0,0.9119026971211976,1.0,0.975,0.8684141415172343,0.9993672550679504,0.975,0.8684141415172343,0.9993672550679504,0.0,0.025,0.0,80,1.0,0.9549359649323076,1.0,1.0,0.9549359649323076,1.0,1.0,0.9549359649323076,1.0,0.0,0.0,0.0,0.975
owlv2,578805,278,1,kid on left in blue,1,20,5,0,0.0,5,5,1.0,0.4781762498950185,1.0,0.2,0.005050763379468,0.7164179361180893,0.2,0.005050763379468,0.7164179361180893,0.0,0.8,0.0,80,1.0,0.9549359649323076,1.0,0.1375,0.0706878327038787,0.2327208708247256,0.1375,0.0706878327038787,0.2327208708247256,0.0,0.8625,0.0,0.2
owlv2,578805,278,1,kid on left in blue,1,20,5,0,0.0,10,10,1.0,0.6915028921812392,1.0,0.2,0.0252107263268333,0.5560954623076415,0.2,0.0252107263268333,0.5560954623076415,0.0,0.8,0.0,80,1.0,0.9549359649323076,1.0,0.1375,0.0706878327038787,0.2327208708247256,0.1375,0.0706878327038787,0.2327208708247256,0.0,0.8625,0.0,0.2
owlv2,578805,278,1,kid on left in blue,1,20,5,0,0.0,20,20,1.0,0.8315665290169146,1.0,0.1,0.0123485271702948,0.3169827140190823,0.1,0.0123485271702948,0.3169827140190823,0.0,0.9,0.0,80,1.0,0.9549359649323076,1.0,0.1375,0.0706878327038787,0.2327208708247256,0.1375,0.0706878327038787,0.2327208708247256,0.0,0.8625,0.0,0.1
owlv2,578805,278,1,kid on left in blue,1,20,5,0,0.0,40,40,1.0,0.9119026971211976,1.0,0.1,0.0279254152942193,0.2366373998760999,0.1,0.0279254152942193,0.2366373998760999,0.0,0.9,0.0,80,1.0,0.9549359649323076,1.0,0.1375,0.0706878327038787,0.2327208708247256,0.1375,0.0706878327038787,0.2327208708247256,0.0,0.8625,0.0,0.1
owlv2,325891,22186,1,man in striped shirt,1,20,5,0,0.3876717349048392,5,5,1.0,0.4781762498950185,1.0,1.0,0.4781762498950185,1.0,1.0,0.4781762498950185,1.0,0.0,0.0,0.0,80,0.9375,0.8601429247023609,0.9793969276979898,1.0,0.9520049359448576,1.0,0.9375,0.8601429247023609,0.9793969276979898,0.0625,0.0,0.0,1.0
owlv2,325891,22186,1,man in striped shirt,1,20,5,0,0.3876717349048392,10,10,0.9,0.5549838829718046,0.9974714214555382,1.0,0.6637328831200572,1.0,0.9,0.5549838829718046,0.9974714214555382,0.0999999999999999,0.0,0.0,80,0.9375,0.8601429247023609,0.9793969276979898,1.0,0.9520049359448576,1.0,0.9375,0.8601429247023609,0.9793969276979898,0.0625,0.0,0.0,0.9
owlv2,325891,22186,1,man in striped shirt,1,20,5,0,0.3876717349048392,20,20,0.9,0.6830172859809176,0.9876514728297052,1.0,0.8146980318621478,1.0,0.9,0.6830172859809176,0.9876514728297052,0.0999999999999999,0.0,0.0,80,0.9375,0.8601429247023609,0.9793969276979898,1.0,0.9520049359448576,1.0,0.9375,0.8601429247023609,0.9793969276979898,0.0625,0.0,0.0,0.9
owlv2,325891,22186,1,man in striped shirt,1,20,5,0,0.3876717349048392,40,40,0.875,0.7319670826382796,0.9581403738613832,1.0,0.8999675644278949,1.0,0.875,0.7319670826382796,0.9581403738613832,0.125,0.0,0.0,80,0.9375,0.8601429247023609,0.9793969276979898,1.0,0.9520049359448576,1.0,0.9375,0.8601429247023609,0.9793969276979898,0.0625,0.0,0.0,0.875
owlv2,226961,30687,25,giraffe in middle,1,17,5,0,0.2638608054299569,5,5,1.0,0.4781762498950185,1.0,0.2,0.005050763379468,0.7164179361180893,0.2,0.005050763379468,0.7164179361180893,0.0,0.8,0.0,80,0.9875,0.9323122155360776,0.9996835774723672,0.5949367088607594,0.4785248494062218,0.7040105359015922,0.5875,0.4718483404252045,0.6964754070624058,0.0124999999999999,0.4000000000000001,5.551115123125783e-17,0.2
owlv2,226961,30687,25,giraffe in middle,1,17,5,0,0.2638608054299569,10,10,1.0,0.6915028921812392,1.0,0.4,0.1215522581198272,0.7376219233930549,0.4,0.1215522581198272,0.7376219233930549,0.0,0.6,0.0,80,0.9875,0.9323122155360776,0.9996835774723672,0.5949367088607594,0.4785248494062218,0.7040105359015922,0.5875,0.4718483404252045,0.6964754070624058,0.0124999999999999,0.4000000000000001,5.551115123125783e-17,0.4
owlv2,226961,30687,25,giraffe in middle,1,17,5,0,0.2638608054299569,20,20,1.0,0.8315665290169146,1.0,0.5,0.2719578495607918,0.7280421504392082,0.5,0.2719578495607918,0.7280421504392082,0.0,0.5,0.0,80,0.9875,0.9323122155360776,0.9996835774723672,0.5949367088607594,0.4785248494062218,0.7040105359015922,0.5875,0.4718483404252045,0.6964754070624058,0.0124999999999999,0.4000000000000001,5.551115123125783e-17,0.5
owlv2,226961,30687,25,giraffe in middle,1,17,5,0,0.2638608054299569,40,40,1.0,0.9119026971211976,1.0,0.475,0.3151197066349862,0.6387198647359378,0.475,0.3151197066349862,0.6387198647359378,0.0,0.525,0.0,80,0.9875,0.9323122155360776,0.9996835774723672,0.5949367088607594,0.4785248494062218,0.7040105359015922,0.5875,0.4718483404252045,0.6964754070624058,0.0124999999999999,0.4000000000000001,5.551115123125783e-17,0.475
owlv2,447457,11688,1,lady in black shirt,1,20,5,0,0.3207594585877169,5,5,1.0,0.4781762498950185,1.0,1.0,0.4781762498950185,1.0,1.0,0.4781762498950185,1.0,0.0,0.0,0.0,80,1.0,0.9549359649323076,1.0,1.0,0.9549359649323076,1.0,1.0,0.9549359649323076,1.0,0.0,0.0,0.0,1.0
owlv2,447457,11688,1,lady in black shirt,1,20,5,0,0.3207594585877169,10,10,1.0,0.6915028921812392,1.0,1.0,0.6915028921812392,1.0,1.0,0.6915028921812392,1.0,0.0,0.0,0.0,80,1.0,0.9549359649323076,1.0,1.0,0.9549359649323076,1.0,1.0,0.9549359649323076,1.0,0.0,0.0,0.0,1.0
owlv2,447457,11688,1,lady in black shirt,1,20,5,0,0.3207594585877169,20,20,1.0,0.8315665290169146,1.0,1.0,0.8315665290169146,1.0,1.0,0.8315665290169146,1.0,0.0,0.0,0.0,80,1.0,0.9549359649323076,1.0,1.0,0.9549359649323076,1.0,1.0,0.9549359649323076,1.0,0.0,0.0,0.0,1.0
owlv2,447457,11688,1,lady in black shirt,1,20,5,0,0.3207594585877169,40,40,1.0,0.9119026971211976,1.0,1.0,0.9119026971211976,1.0,1.0,0.9119026971211976,1.0,0.0,0.0,0.0,80,1.0,0.9549359649323076,1.0,1.0,0.9549359649323076,1.0,1.0,0.9549359649323076,1.0,0.0,0.0,0.0,1.0
owlv2,539167,3745,1,boy in a red shirt,1,4,4,0,0.1757749194340669,5,5,0.8,0.2835820638819106,0.994949236620532,1.0,0.3976353643835254,1.0,0.8,0.2835820638819106,0.994949236620532,0.1999999999999999,0.0,0.0,80,0.9125,0.8279916615801152,0.9640936410104411,1.0,0.9507229391041409,1.0,0.9125,0.8279916615801152,0.9640936410104411,0.0875,0.0,0.0,0.8
owlv2,539167,3745,1,boy in a red shirt,1,4,4,0,0.1757749194340669,10,10,0.9,0.5549838829718046,0.9974714214555382,1.0,0.6637328831200572,1.0,0.9,0.5549838829718046,0.9974714214555382,0.0999999999999999,0.0,0.0,80,0.9125,0.8279916615801152,0.9640936410104411,1.0,0.9507229391041409,1.0,0.9125,0.8279916615801152,0.9640936410104411,0.0875,0.0,0.0,0.9
owlv2,539167,3745,1,boy in a red shirt,1,4,4,0,0.1757749194340669,20,20,0.9,0.6830172859809176,0.9876514728297052,1.0,0.8146980318621478,1.0,0.9,0.6830172859809176,0.9876514728297052,0.0999999999999999,0.0,0.0,80,0.9125,0.8279916615801152,0.9640936410104411,1.0,0.9507229391041409,1.0,0.9125,0.8279916615801152,0.9640936410104411,0.0875,0.0,0.0,0.9
owlv2,539167,3745,1,boy in a red shirt,1,4,4,0,0.1757749194340669,40,40,0.85,0.7016473331604236,0.942897741845474,1.0,0.8971820757409874,1.0,0.85,0.7016473331604236,0.942897741845474,0.15,0.0,0.0,80,0.9125,0.8279916615801152,0.9640936410104411,1.0,0.9507229391041409,1.0,0.9125,0.8279916615801152,0.9640936410104411,0.0875,0.0,0.0,0.85
owlv2,68812,43992,1,man in very front,1,20,5,0,0.0,5,5,1.0,0.4781762498950185,1.0,1.0,0.4781762498950185,1.0,1.0,0.4781762498950185,1.0,0.0,0.0,0.0,80,0.9875,0.9323122155360776,0.9996835774723672,1.0,0.9543787472413888,1.0,0.9875,0.9323122155360776,0.9996835774723672,0.0124999999999999,0.0,0.0,1.0
owlv2,68812,43992,1,man in very front,1,20,5,0,0.0,10,10,1.0,0.6915028921812392,1.0,1.0,0.6915028921812392,1.0,1.0,0.6915028921812392,1.0,0.0,0.0,0.0,80,0.9875,0.9323122155360776,0.9996835774723672,1.0,0.9543787472413888,1.0,0.9875,0.9323122155360776,0.9996835774723672,0.0124999999999999,0.0,0.0,1.0
owlv2,68812,43992,1,man in very front,1,20,5,0,0.0,20,20,1.0,0.8315665290169146,1.0,1.0,0.8315665290169146,1.0,1.0,0.8315665290169146,1.0,0.0,0.0,0.0,80,0.9875,0.9323122155360776,0.9996835774723672,1.0,0.9543787472413888,1.0,0.9875,0.9323122155360776,0.9996835774723672,0.0124999999999999,0.0,0.0,1.0
owlv2,68812,43992,1,man in very front,1,20,5,0,0.0,40,40,1.0,0.9119026971211976,1.0,1.0,0.9119026971211976,1.0,1.0,0.9119026971211976,1.0,0.0,0.0,0.0,80,0.9875,0.9323122155360776,0.9996835774723672,1.0,0.9543787472413888,1.0,0.9875,0.9323122155360776,0.9996835774723672,0.0124999999999999,0.0,0.0,1.0
owlv2,281790,26091,1,left person,1,14,5,1,0.9157921138438712,5,5,1.0,0.4781762498950185,1.0,0.4,0.0527449505263169,0.8533672003653268,0.4,0.0527449505263169,0.8533672003653268,0.0,0.6,0.0,80,1.0,0.9549359649323076,1.0,0.475,0.3621335816771526,0.5897721586232294,0.475,0.3621335816771526,0.5897721586232294,0.0,0.525,0.0,0.4
owlv2,281790,26091,1,left person,1,14,5,1,0.9157921138438712,10,10,1.0,0.6915028921812392,1.0,0.5,0.1870860284473985,0.8129139715526015,0.5,0.1870860284473985,0.8129139715526015,0.0,0.5,0.0,80,1.0,0.9549359649323076,1.0,0.475,0.3621335816771526,0.5897721586232294,0.475,0.3621335816771526,0.5897721586232294,0.0,0.525,0.0,0.5
owlv2,281790,26091,1,left person,1,14,5,1,0.9157921138438712,20,20,1.0,0.8315665290169146,1.0,0.45,0.2305778967759242,0.6847218669594515,0.45,0.2305778967759242,0.6847218669594515,0.0,0.55,0.0,80,1.0,0.9549359649323076,1.0,0.475,0.3621335816771526,0.5897721586232294,0.475,0.3621335816771526,0.5897721586232294,0.0,0.525,0.0,0.45
owlv2,281790,26091,1,left person,1,14,5,1,0.9157921138438712,40,40,1.0,0.9119026971211976,1.0,0.55,0.3849067945340133,0.7074116499601201,0.55,0.3849067945340133,0.7074116499601201,0.0,0.4499999999999999,0.0,80,1.0,0.9549359649323076,1.0,0.475,0.3621335816771526,0.5897721586232294,0.475,0.3621335816771526,0.5897721586232294,0.0,0.525,0.0,0.55
owlv2,168482,35610,10,top traffic light,1,20,5,0,0.0004755666847065,5,5,1.0,0.4781762498950185,1.0,1.0,0.4781762498950185,1.0,1.0,0.4781762498950185,1.0,0.0,0.0,0.0,80,0.9375,0.8601429247023609,0.9793969276979898,0.9066666666666666,0.8171064734437357,0.9616460934582725,0.85,0.7526358884071023,0.9200184386902862,0.0625,0.0875,2.775557561562892e-17,1.0
owlv2,168482,35610,10,top traffic light,1,20,5,0,0.0004755666847065,10,10,1.0,0.6915028921812392,1.0,0.9,0.5549838829718046,0.9974714214555382,0.9,0.5549838829718046,0.9974714214555382,0.0,0.0999999999999999,0.0,80,0.9375,0.8601429247023609,0.9793969276979898,0.9066666666666666,0.8171064734437357,0.9616460934582725,0.85,0.7526358884071023,0.9200184386902862,0.0625,0.0875,2.775557561562892e-17,0.9
owlv2,168482,35610,10,top traffic light,1,20,5,0,0.0004755666847065,20,20,0.95,0.7512672372279723,0.9987349105020502,0.8947368421052632,0.6686233355432342,0.9869878356282226,0.85,0.6210731734546859,0.9679290628145364,0.05,0.0999999999999999,1.3877787807814457e-17,80,0.9375,0.8601429247023609,0.9793969276979898,0.9066666666666666,0.8171064734437357,0.9616460934582725,0.85,0.7526358884071023,0.9200184386902862,0.0625,0.0875,2.775557561562892e-17,0.85
owlv2,168482,35610,10,top traffic light,1,20,5,0,0.0004755666847065,40,40,0.925,0.796135251267101,0.9842578201489584,0.918918918918919,0.7809037937619998,0.9829564693041812,0.85,0.7016473331604236,0.942897741845474,0.0749999999999999,0.0749999999999999,1.1102230246251563e-16,80,0.9375,0.8601429247023609,0.9793969276979898,0.9066666666666666,0.8171064734437357,0.9616460934582725,0.85,0.7526358884071023,0.9200184386902862,0.0625,0.0875,2.775557561562892e-17,0.85
owlv2,78836,43128,1,lady,1,13,5,1,0.9739040831773814,5,5,0.6,0.1466327996346731,0.9472550494736832,1.0,0.2924017738212867,1.0,0.6,0.1466327996346731,0.9472550494736832,0.4,0.0,0.0,80,0.6875,0.5741109261435505,0.7865253688912328,1.0,0.9351292391745754,1.0,0.6875,0.5741109261435505,0.7865253688912328,0.3125,0.0,0.0,0.6
owlv2,78836,43128,1,lady,1,13,5,1,0.9739040831773814,10,10,0.7,0.3475471499400027,0.9332604888222656,1.0,0.5903836027749967,1.0,0.7,0.3475471499400027,0.9332604888222656,0.3,0.0,0.0,80,0.6875,0.5741109261435505,0.7865253688912328,1.0,0.9351292391745754,1.0,0.6875,0.5741109261435505,0.7865253688912328,0.3125,0.0,0.0,0.7
owlv2,78836,43128,1,lady,1,13,5,1,0.9739040831773814,20,20,0.75,0.5089541282920425,0.9134285308985652,1.0,0.781980639089466,1.0,0.75,0.5089541282920425,0.9134285308985652,0.25,0.0,0.0,80,0.6875,0.5741109261435505,0.7865253688912328,1.0,0.9351292391745754,1.0,0.6875,0.5741109261435505,0.7865253688912328,0.3125,0.0,0.0,0.75
owlv2,78836,43128,1,lady,1,13,5,1,0.9739040831773814,40,40,0.675,0.5087051245215516,0.8142710332366501,1.0,0.8722971323845676,1.0,0.675,0.5087051245215516,0.8142710332366501,0.3249999999999999,0.0,0.0,80,0.6875,0.5741109261435505,0.7865253688912328,1.0,0.9351292391745754,1.0,0.6875,0.5741109261435505,0.7865253688912328,0.3125,0.0,0.0,0.675
owlv2,273197,26806,19,left horse,1,15,5,1,0.9454971057341924,5,5,0.8,0.2835820638819106,0.994949236620532,0.25,0.0063094632097098,0.8058795503167565,0.2,0.005050763379468,0.7164179361180893,0.1999999999999999,0.6000000000000001,0.0,80,0.95,0.876901263556847,0.9862106060235382,0.7368421052631579,0.6232399474108141,0.8312605531782771,0.7,0.587240676918624,0.7974260708533272,0.05,0.25,0.0,0.2
owlv2,273197,26806,19,left horse,1,15,5,1,0.9454971057341924,10,10,0.9,0.5549838829718046,0.9974714214555382,0.5555555555555556,0.212008506778868,0.8630043377348335,0.5,0.1870860284473985,0.8129139715526015,0.0999999999999999,0.3999999999999999,5.551115123125783e-17,80,0.95,0.876901263556847,0.9862106060235382,0.7368421052631579,0.6232399474108141,0.8312605531782771,0.7,0.587240676918624,0.7974260708533272,0.05,0.25,0.0,0.5
owlv2,273197,26806,19,left horse,1,15,5,1,0.9454971057341924,20,20,0.85,0.6210731734546859,0.9679290628145364,0.7647058823529411,0.5010067267954201,0.9318922595626432,0.65,0.4078114654671719,0.8460907952154588,0.15,0.2,8.326672684688674e-17,80,0.95,0.876901263556847,0.9862106060235382,0.7368421052631579,0.6232399474108141,0.8312605531782771,0.7,0.587240676918624,0.7974260708533272,0.05,0.25,0.0,0.65
owlv2,273197,26806,19,left horse,1,15,5,1,0.9454971057341924,40,40,0.875,0.7319670826382796,0.9581403738613832,0.6857142857142857,0.5071199996848252,0.8314828492529975,0.6,0.4332670521932967,0.7513500134122563,0.125,0.275,0.0,80,0.95,0.876901263556847,0.9862106060235382,0.7368421052631579,0.6232399474108141,0.8312605531782771,0.7,0.587240676918624,0.7974260708533272,0.05,0.25,0.0,0.6
owlv2,269890,27039,1,motorcycle driver,1,20,5,1,0.9773243526927464,5,5,1.0,0.4781762498950185,1.0,1.0,0.4781762498950185,1.0,1.0,0.4781762498950185,1.0,0.0,0.0,0.0,80,0.9375,0.8601429247023609,0.9793969276979898,0.9866666666666668,0.9279365027568324,0.9996624861974788,0.925,0.8438720682639279,0.9719794538231588,0.0625,0.0124999999999999,2.0816681711721685e-17,1.0
owlv2,269890,27039,1,motorcycle driver,1,20,5,1,0.9773243526927464,10,10,1.0,0.6915028921812392,1.0,1.0,0.6915028921812392,1.0,1.0,0.6915028921812392,1.0,0.0,0.0,0.0,80,0.9375,0.8601429247023609,0.9793969276979898,0.9866666666666668,0.9279365027568324,0.9996624861974788,0.925,0.8438720682639279,0.9719794538231588,0.0625,0.0124999999999999,2.0816681711721685e-17,1.0
owlv2,269890,27039,1,motorcycle driver,1,20,5,1,0.9773243526927464,20,20,1.0,0.8315665290169146,1.0,1.0,0.8315665290169146,1.0,1.0,0.8315665290169146,1.0,0.0,0.0,0.0,80,0.9375,0.8601429247023609,0.9793969276979898,0.9866666666666668,0.9279365027568324,0.9996624861974788,0.925,0.8438720682639279,0.9719794538231588,0.0625,0.0124999999999999,2.0816681711721685e-17,1.0
owlv2,269890,27039,1,motorcycle driver,1,20,5,1,0.9773243526927464,40,40,1.0,0.9119026971211976,1.0,0.95,0.8308031360405824,0.9938863534006492,0.95,0.8308031360405824,0.9938863534006492,0.0,0.05,0.0,80,0.9375,0.8601429247023609,0.9793969276979898,0.9866666666666668,0.9279365027568324,0.9996624861974788,0.925,0.8438720682639279,0.9719794538231588,0.0625,0.0124999999999999,2.0816681711721685e-17,0.95
owlv2,431400,13069,4,black motocicle,1,20,5,1,0.9133361294135058,5,5,1.0,0.4781762498950185,1.0,0.4,0.0527449505263169,0.8533672003653268,0.4,0.0527449505263169,0.8533672003653268,0.0,0.6,0.0,80,1.0,0.9549359649323076,1.0,0.55,0.4346739790941529,0.6615136155101845,0.55,0.4346739790941529,0.6615136155101845,0.0,0.4499999999999999,0.0,0.4
owlv2,431400,13069,4,black motocicle,1,20,5,1,0.9133361294135058,10,10,1.0,0.6915028921812392,1.0,0.5,0.1870860284473985,0.8129139715526015,0.5,0.1870860284473985,0.8129139715526015,0.0,0.5,0.0,80,1.0,0.9549359649323076,1.0,0.55,0.4346739790941529,0.6615136155101845,0.55,0.4346739790941529,0.6615136155101845,0.0,0.4499999999999999,0.0,0.5
owlv2,431400,13069,4,black motocicle,1,20,5,1,0.9133361294135058,20,20,1.0,0.8315665290169146,1.0,0.65,0.4078114654671719,0.8460907952154588,0.65,0.4078114654671719,0.8460907952154588,0.0,0.35,0.0,80,1.0,0.9549359649323076,1.0,0.55,0.4346739790941529,0.6615136155101845,0.55,0.4346739790941529,0.6615136155101845,0.0,0.4499999999999999,0.0,0.65
owlv2,431400,13069,4,black motocicle,1,20,5,1,0.9133361294135058,40,40,1.0,0.9119026971211976,1.0,0.675,0.5087051245215516,0.8142710332366501,0.675,0.5087051245215516,0.8142710332366501,0.0,0.3249999999999999,0.0,80,1.0,0.9549359649323076,1.0,0.55,0.4346739790941529,0.6615136155101845,0.55,0.4346739790941529,0.6615136155101845,0.0,0.4499999999999999,0.0,0.675
owlv2,215407,31723,1,lol dude on far right,1,9,5,0,0.227853174631739,5,5,0.6,0.1466327996346731,0.9472550494736832,0.3333333333333333,0.0084037586596126,0.905700675949754,0.2,0.005050763379468,0.7164179361180893,0.4,0.4,0.0,80,0.675,0.5610629543955516,0.7755404148225468,0.5740740740740741,0.4320826498952447,0.7076527337629305,0.3875,0.2805651331247821,0.5030244574981009,0.3249999999999999,0.2875,5.551115123125783e-17,0.2
owlv2,215407,31723,1,lol dude on far right,1,9,5,0,0.227853174631739,10,10,0.8,0.4439045376923585,0.9747892736731666,0.375,0.0852334141372535,0.7551367836334484,0.3,0.0667395111777345,0.6524528500599973,0.1999999999999999,0.5,0.0,80,0.675,0.5610629543955516,0.7755404148225468,0.5740740740740741,0.4320826498952447,0.7076527337629305,0.3875,0.2805651331247821,0.5030244574981009,0.3249999999999999,0.2875,5.551115123125783e-17,0.3
owlv2,215407,31723,1,lol dude on far right,1,9,5,0,0.227853174631739,20,20,0.8,0.5633859970033317,0.9426660029499672,0.5,0.2465101114905753,0.7534898885094247,0.4,0.1911900607253072,0.6394574126925103,0.1999999999999999,0.4,0.0,80,0.675,0.5610629543955516,0.7755404148225468,0.5740740740740741,0.4320826498952447,0.7076527337629305,0.3875,0.2805651331247821,0.5030244574981009,0.3249999999999999,0.2875,5.551115123125783e-17,0.4
owlv2,215407,31723,1,lol dude on far right,1,9,5,0,0.227853174631739,40,40,0.725,0.5611170928209519,0.8539910080361344,0.5517241379310345,0.3569387108039152,0.735544696293295,0.4,0.2486499865877437,0.5667329478067034,0.275,0.325,5.551115123125783e-17,80,0.675,0.5610629543955516,0.7755404148225468,0.5740740740740741,0.4320826498952447,0.7076527337629305,0.3875,0.2805651331247821,0.5030244574981009,0.3249999999999999,0.2875,5.551115123125783e-17,0.4
owlv2,388421,16784,1,middle,0,1,0,0,0.0,5,0,0.0,,,,,,0.0,,,,,,0,0.0,,,,,,0.0,,,,,,0.0
owlv2,388421,16784,1,middle,0,1,0,0,0.0,10,0,0.0,,,,,,0.0,,,,,,0,0.0,,,,,,0.0,,,,,,0.0
owlv2,388421,16784,1,middle,0,1,0,0,0.0,20,0,0.0,,,,,,0.0,,,,,,0,0.0,,,,,,0.0,,,,,,0.0
owlv2,388421,16784,1,middle,0,1,0,0,0.0,40,0,0.0,,,,,,0.0,,,,,,0,0.0,,,,,,0.0,,,,,,0.0
owlv2,580785,102,1,child sitting on womans lap,1,20,5,0,0.0,5,5,0.8,0.2835820638819106,0.994949236620532,1.0,0.3976353643835254,1.0,0.8,0.2835820638819106,0.994949236620532,0.1999999999999999,0.0,0.0,80,0.8875,0.7971534080830098,0.9472484868543124,0.9577464788732394,0.8814449055470013,0.9912000804384358,0.85,0.7526358884071023,0.9200184386902862,0.1125,0.0375,6.938893903907227e-17,0.8
owlv2,580785,102,1,child sitting on womans lap,1,20,5,0,0.0,10,10,0.8,0.4439045376923585,0.9747892736731666,1.0,0.6305833524471808,1.0,0.8,0.4439045376923585,0.9747892736731666,0.1999999999999999,0.0,0.0,80,0.8875,0.7971534080830098,0.9472484868543124,0.9577464788732394,0.8814449055470013,0.9912000804384358,0.85,0.7526358884071023,0.9200184386902862,0.1125,0.0375,6.938893903907227e-17,0.8
owlv2,580785,102,1,child sitting on womans lap,1,20,5,0,0.0,20,20,0.9,0.6830172859809176,0.9876514728297052,0.8888888888888888,0.6528795613913279,0.9862487843356356,0.8,0.5633859970033317,0.9426660029499672,0.0999999999999999,0.1,6.938893903907227e-17,80,0.8875,0.7971534080830098,0.9472484868543124,0.9577464788732394,0.8814449055470013,0.9912000804384358,0.85,0.7526358884071023,0.9200184386902862,0.1125,0.0375,6.938893903907227e-17,0.8
owlv2,580785,102,1,child sitting on womans lap,1,20,5,0,0.0,40,40,0.925,0.796135251267101,0.9842578201489584,0.8918918918918919,0.7458240639225211,0.9697480349312504,0.825,0.6722098666384142,0.9266172706479148,0.0749999999999999,0.1,8.326672684688674e-17,80,0.8875,0.7971534080830098,0.9472484868543124,0.9577464788732394,0.8814449055470013,0.9912000804384358,0.85,0.7526358884071023,0.9200184386902862,0.1125,0.0375,6.938893903907227e-17,0.825
owlv2,103510,40983,51,veggies,1,20,5,0,0.1560487829548073,5,5,1.0,0.4781762498950185,1.0,1.0,0.4781762498950185,1.0,1.0,0.4781762498950185,1.0,0.0,0.0,0.0,80,0.95,0.876901263556847,0.9862106060235382,0.8157894736842105,0.7102843980441289,0.8954672395843666,0.775,0.6679136799387491,0.8608627895010682,0.05,0.175,8.326672684688674e-17,1.0
owlv2,103510,40983,51,veggies,1,20,5,0,0.1560487829548073,10,10,1.0,0.6915028921812392,1.0,0.9,0.5549838829718046,0.9974714214555382,0.9,0.5549838829718046,0.9974714214555382,0.0,0.0999999999999999,0.0,80,0.95,0.876901263556847,0.9862106060235382,0.8157894736842105,0.7102843980441289,0.8954672395843666,0.775,0.6679136799387491,0.8608627895010682,0.05,0.175,8.326672684688674e-17,0.9
owlv2,103510,40983,51,veggies,1,20,5,0,0.1560487829548073,20,20,1.0,0.8315665290169146,1.0,0.9,0.6830172859809176,0.9876514728297052,0.9,0.6830172859809176,0.9876514728297052,0.0,0.0999999999999999,0.0,80,0.95,0.876901263556847,0.9862106060235382,0.8157894736842105,0.7102843980441289,0.8954672395843666,0.775,0.6679136799387491,0.8608627895010682,0.05,0.175,8.326672684688674e-17,0.9
owlv2,103510,40983,51,veggies,1,20,5,0,0.1560487829548073,40,40,1.0,0.9119026971211976,1.0,0.875,0.7319670826382796,0.9581403738613832,0.875,0.7319670826382796,0.9581403738613832,0.0,0.125,0.0,80,0.95,0.876901263556847,0.9862106060235382,0.8157894736842105,0.7102843980441289,0.8954672395843666,0.775,0.6679136799387491,0.8608627895010682,0.05,0.175,8.326672684688674e-17,0.875
owlv2,488160,8156,21,left brown one,1,13,5,0,0.1982276859002834,5,5,0.6,0.1466327996346731,0.9472550494736832,1.0,0.2924017738212867,1.0,0.6,0.1466327996346731,0.9472550494736832,0.4,0.0,0.0,80,0.5,0.3860478833649092,0.6139521166350907,1.0,0.9119026971211976,1.0,0.5,0.3860478833649092,0.6139521166350907,0.5,0.0,0.0,0.6
owlv2,488160,8156,21,left brown one,1,13,5,0,0.1982276859002834,10,10,0.6,0.2623780766069451,0.8784477418801728,1.0,0.5407418735600996,1.0,0.6,0.2623780766069451,0.8784477418801728,0.4,0.0,0.0,80,0.5,0.3860478833649092,0.6139521166350907,1.0,0.9119026971211976,1.0,0.5,0.3860478833649092,0.6139521166350907,0.5,0.0,0.0,0.6
owlv2,488160,8156,21,left brown one,1,13,5,0,0.1982276859002834,20,20,0.6,0.3605425873074897,0.8088099392746928,1.0,0.7353515306029488,1.0,0.6,0.3605425873074897,0.8088099392746928,0.4,0.0,0.0,80,0.5,0.3860478833649092,0.6139521166350907,1.0,0.9119026971211976,1.0,0.5,0.3860478833649092,0.6139521166350907,0.5,0.0,0.0,0.6
owlv2,488160,8156,21,left brown one,1,13,5,0,0.1982276859002834,40,40,0.525,0.3612801352640621,0.6848802933650138,1.0,0.8389023847809204,1.0,0.525,0.3612801352640621,0.6848802933650138,0.475,0.0,0.0,80,0.5,0.3860478833649092,0.6139521166350907,1.0,0.9119026971211976,1.0,0.5,0.3860478833649092,0.6139521166350907,0.5,0.0,0.0,0.525
owlv2,425721,13596,67,stand back right,1,20,5,0,0.0,5,5,0.8,0.2835820638819106,0.994949236620532,1.0,0.3976353643835254,1.0,0.8,0.2835820638819106,0.994949236620532,0.1999999999999999,0.0,0.0,80,0.9,0.8124348925365684,0.955829059846371,0.9722222222222222,0.9032327108865849,0.9966180996738268,0.875,0.7821108659305637,0.9383979034415656,0.0999999999999999,0.025,1.0408340855860844e-17,0.8
owlv2,425721,13596,67,stand back right,1,20,5,0,0.0,10,10,0.8,0.4439045376923585,0.9747892736731666,1.0,0.6305833524471808,1.0,0.8,0.4439045376923585,0.9747892736731666,0.1999999999999999,0.0,0.0,80,0.9,0.8124348925365684,0.955829059846371,0.9722222222222222,0.9032327108865849,0.9966180996738268,0.875,0.7821108659305637,0.9383979034415656,0.0999999999999999,0.025,1.0408340855860844e-17,0.8
owlv2,425721,13596,67,stand back right,1,20,5,0,0.0,20,20,0.85,0.6210731734546859,0.9679290628145364,0.8823529411764706,0.6355908378987498,0.9854206831596976,0.75,0.5089541282920425,0.9134285308985652,0.15,0.1,4.163336342344337e-17,80,0.9,0.8124348925365684,0.955829059846371,0.9722222222222222,0.9032327108865849,0.9966180996738268,0.875,0.7821108659305637,0.9383979034415656,0.0999999999999999,0.025,1.0408340855860844e-17,0.75
owlv2,425721,13596,67,stand back right,1,20,5,0,0.0,40,40,0.85,0.7016473331604236,0.942897741845474,0.9411764705882352,0.8032267906644245,0.9927950825609504,0.8,0.6435219813207653,0.9094775906000092,0.15,0.05,7.63278329429795e-17,80,0.9,0.8124348925365684,0.955829059846371,0.9722222222222222,0.9032327108865849,0.9966180996738268,0.875,0.7821108659305637,0.9383979034415656,0.0999999999999999,0.025,1.0408340855860844e-17,0.8
owlv2,432683,12971,1,blue shirt,1,7,5,0,0.3945682281344801,5,5,0.6,0.1466327996346731,0.9472550494736832,1.0,0.2924017738212867,1.0,0.6,0.1466327996346731,0.9472550494736832,0.4,0.0,0.0,80,0.5125,0.3981046687031854,0.625942518555561,1.0,0.9139561637059715,1.0,0.5125,0.3981046687031854,0.625942518555561,0.4875,0.0,0.0,0.6
owlv2,432683,12971,1,blue shirt,1,7,5,0,0.3945682281344801,10,10,0.5,0.1870860284473985,0.8129139715526015,1.0,0.4781762498950185,1.0,0.5,0.1870860284473985,0.8129139715526015,0.5,0.0,0.0,80,0.5125,0.3981046687031854,0.625942518555561,1.0,0.9139561637059715,1.0,0.5125,0.3981046687031854,0.625942518555561,0.4875,0.0,0.0,0.5
owlv2,432683,12971,1,blue shirt,1,7,5,0,0.3945682281344801,20,20,0.45,0.2305778967759242,0.6847218669594515,1.0,0.6637328831200572,1.0,0.45,0.2305778967759242,0.6847218669594515,0.55,0.0,0.0,80,0.5125,0.3981046687031854,0.625942518555561,1.0,0.9139561637059715,1.0,0.5125,0.3981046687031854,0.625942518555561,0.4875,0.0,0.0,0.45
owlv2,432683,12971,1,blue shirt,1,7,5,0,0.3945682281344801,40,40,0.5,0.3380178137372345,0.6619821862627655,1.0,0.8315665290169146,1.0,0.5,0.3380178137372345,0.6619821862627655,0.5,0.0,0.0,80,0.5125,0.3981046687031854,0.625942518555561,1.0,0.9139561637059715,1.0,0.5125,0.3981046687031854,0.625942518555561,0.4875,0.0,0.0,0.5
owlv2,455079,11048,1,boy,1,7,5,1,0.9489785978689306,5,5,1.0,0.4781762498950185,1.0,1.0,0.4781762498950185,1.0,1.0,0.4781762498950185,1.0,0.0,0.0,0.0,80,1.0,0.9549359649323076,1.0,1.0,0.9549359649323076,1.0,1.0,0.9549359649323076,1.0,0.0,0.0,0.0,1.0
owlv2,455079,11048,1,boy,1,7,5,1,0.9489785978689306,10,10,1.0,0.6915028921812392,1.0,1.0,0.6915028921812392,1.0,1.0,0.6915028921812392,1.0,0.0,0.0,0.0,80,1.0,0.9549359649323076,1.0,1.0,0.9549359649323076,1.0,1.0,0.9549359649323076,1.0,0.0,0.0,0.0,1.0
owlv2,455079,11048,1,boy,1,7,5,1,0.9489785978689306,20,20,1.0,0.8315665290169146,1.0,1.0,0.8315665290169146,1.0,1.0,0.8315665290169146,1.0,0.0,0.0,0.0,80,1.0,0.9549359649323076,1.0,1.0,0.9549359649323076,1.0,1.0,0.9549359649323076,1.0,0.0,0.0,0.0,1.0
owlv2,455079,11048,1,boy,1,7,5,1,0.9489785978689306,40,40,1.0,0.9119026971211976,1.0,1.0,0.9119026971211976,1.0,1.0,0.9119026971211976,1.0,0.0,0.0,0.0,80,1.0,0.9549359649323076,1.0,1.0,0.9549359649323076,1.0,1.0,0.9549359649323076,1.0,0.0,0.0,0.0,1.0
owlv2,297171,24828,72,tv bottom right corner,1,20,5,0,0.0,5,5,1.0,0.4781762498950185,1.0,0.4,0.0527449505263169,0.8533672003653268,0.4,0.0527449505263169,0.8533672003653268,0.0,0.6,0.0,80,0.85,0.7526358884071023,0.9200184386902862,0.7352941176470589,0.6142895970610122,0.8349615280649069,0.625,0.5096452355928875,0.7308068300531951,0.15,0.2249999999999999,2.775557561562892e-17,0.4
owlv2,297171,24828,72,tv bottom right corner,1,20,5,0,0.0,10,10,1.0,0.6915028921812392,1.0,0.6,0.2623780766069451,0.8784477418801728,0.6,0.2623780766069451,0.8784477418801728,0.0,0.4,0.0,80,0.85,0.7526358884071023,0.9200184386902862,0.7352941176470589,0.6142895970610122,0.8349615280649069,0.625,0.5096452355928875,0.7308068300531951,0.15,0.2249999999999999,2.775557561562892e-17,0.6
owlv2,297171,24828,72,tv bottom right corner,1,20,5,0,0.0,20,20,0.95,0.7512672372279723,0.9987349105020502,0.5263157894736842,0.2886432479169988,0.7555253105338039,0.5,0.2719578495607918,0.7280421504392082,0.05,0.45,5.551115123125783e-17,80,0.85,0.7526358884071023,0.9200184386902862,0.7352941176470589,0.6142895970610122,0.8349615280649069,0.625,0.5096452355928875,0.7308068300531951,0.15,0.2249999999999999,2.775557561562892e-17,0.5
owlv2,297171,24828,72,tv bottom right corner,1,20,5,0,0.0,40,40,0.9,0.7633626001239001,0.9720745847057808,0.5833333333333334,0.4075652408917765,0.7448589516735322,0.525,0.3612801352640621,0.6848802933650138,0.0999999999999999,0.375,0.0,80,0.85,0.7526358884071023,0.9200184386902862,0.7352941176470589,0.6142895970610122,0.8349615280649069,0.625,0.5096452355928875,0.7308068300531951,0.15,0.2249999999999999,2.775557561562892e-17,0.525
owlv2,561593,1860,1,batter,1,12,5,1,0.9763337714864686,5,5,0.2,0.005050763379468,0.7164179361180893,1.0,0.025,1.0,0.2,0.005050763379468,0.7164179361180893,0.8,0.0,0.0,80,0.4,0.2920093562553104,0.5156230595045106,1.0,0.8911188393206472,1.0,0.4,0.2920093562553104,0.5156230595045106,0.6,0.0,0.0,0.2
owlv2,561593,1860,1,batter,1,12,5,1,0.9763337714864686,10,10,0.2,0.0252107263268333,0.5560954623076415,1.0,0.158113883008419,1.0,0.2,0.0252107263268333,0.5560954623076415,0.8,0.0,0.0,80,0.4,0.2920093562553104,0.5156230595045106,1.0,0.8911188393206472,1.0,0.4,0.2920093562553104,0.5156230595045106,0.6,0.0,0.0,0.2
owlv2,561593,1860,1,batter,1,12,5,1,0.9763337714864686,20,20,0.4,0.1911900607253072,0.6394574126925103,1.0,0.6305833524471808,1.0,0.4,0.1911900607253072,0.6394574126925103,0.6,0.0,0.0,80,0.4,0.2920093562553104,0.5156230595045106,1.0,0.8911188393206472,1.0,0.4,0.2920093562553104,0.5156230595045106,0.6,0.0,0.0,0.4
owlv2,561593,1860,1,batter,1,12,5,1,0.9763337714864686,40,40,0.425,0.2704290312688629,0.5910994195730366,1.0,0.8049356770309068,1.0,0.425,0.2704290312688629,0.5910994195730366,0.575,0.0,0.0,80,0.4,0.2920093562553104,0.5156230595045106,1.0,0.8911188393206472,1.0,0.4,0.2920093562553104,0.5156230595045106,0.6,0.0,0.0,0.425
owlv2,96475,41571,61,food on plate,1,20,5,0,0.0,5,5,1.0,0.4781762498950185,1.0,1.0,0.4781762498950185,1.0,1.0,0.4781762498950185,1.0,0.0,0.0,0.0,80,0.85,0.7526358884071023,0.9200184386902862,0.9411764705882352,0.8561821745079986,0.9837418390106528,0.8,0.6956311329945355,0.8811409135950147,0.15,0.05,7.63278329429795e-17,1.0
owlv2,96475,41571,61,food on plate,1,20,5,0,0.0,10,10,1.0,0.6915028921812392,1.0,1.0,0.6915028921812392,1.0,1.0,0.6915028921812392,1.0,0.0,0.0,0.0,80,0.85,0.7526358884071023,0.9200184386902862,0.9411764705882352,0.8561821745079986,0.9837418390106528,0.8,0.6956311329945355,0.8811409135950147,0.15,0.05,7.63278329429795e-17,1.0
owlv2,96475,41571,61,food on plate,1,20,5,0,0.0,20,20,0.95,0.7512672372279723,0.9987349105020502,1.0,0.8235330881930346,1.0,0.95,0.7512672372279723,0.9987349105020502,0.05,0.0,0.0,80,0.85,0.7526358884071023,0.9200184386902862,0.9411764705882352,0.8561821745079986,0.9837418390106528,0.8,0.6956311329945355,0.8811409135950147,0.15,0.05,7.63278329429795e-17,0.95
owlv2,96475,41571,61,food on plate,1,20,5,0,0.0,40,40,0.925,0.796135251267101,0.9842578201489584,0.945945945945946,0.8180508816222507,0.9933854295884712,0.875,0.7319670826382796,0.9581403738613832,0.0749999999999999,0.05,4.163336342344337e-17,80,0.85,0.7526358884071023,0.9200184386902862,0.9411764705882352,0.8561821745079986,0.9837418390106528,0.8,0.6956311329945355,0.8811409135950147,0.15,0.05,7.63278329429795e-17,0.875
owlv2,508504,6383,1,person on right,1,20,5,0,0.0,5,5,1.0,0.4781762498950185,1.0,0.6,0.1466327996346731,0.9472550494736832,0.6,0.1466327996346731,0.9472550494736832,0.0,0.4,0.0,80,0.9125,0.8279916615801152,0.9640936410104411,0.5205479452054794,0.4003818667844604,0.6389953523643481,0.475,0.3621335816771526,0.5897721586232294,0.0875,0.4375,0.0,0.6
owlv2,508504,6383,1,person on right,1,20,5,0,0.0,10,10,1.0,0.6915028921812392,1.0,0.6,0.2623780766069451,0.8784477418801728,0.6,0.2623780766069451,0.8784477418801728,0.0,0.4,0.0,80,0.9125,0.8279916615801152,0.9640936410104411,0.5205479452054794,0.4003818667844604,0.6389953523643481,0.475,0.3621335816771526,0.5897721586232294,0.0875,0.4375,0.0,0.6
owlv2,508504,6383,1,person on right,1,20,5,0,0.0,20,20,0.95,0.7512672372279723,0.9987349105020502,0.4736842105263157,0.2444746894661961,0.7113567520830011,0.45,0.2305778967759242,0.6847218669594515,0.05,0.5,0.0,80,0.9125,0.8279916615801152,0.9640936410104411,0.5205479452054794,0.4003818667844604,0.6389953523643481,0.475,0.3621335816771526,0.5897721586232294,0.0875,0.4375,0.0,0.45
owlv2,508504,6383,1,person on right,1,20,5,0,0.0,40,40,0.95,0.8308031360405824,0.9938863534006492,0.3947368421052631,0.2403878936440354,0.5661384613904705,0.375,0.2272627224818259,0.5419852477673891,0.05,0.575,0.0,80,0.9125,0.8279916615801152,0.9640936410104411,0.5205479452054794,0.4003818667844604,0.6389953523643481,0.475,0.3621335816771526,0.5897721586232294,0.0875,0.4375,0.0,0.375
owlv2,55237,45232,1,guy in center with black shirt,1,19,5,0,0.2522448113916001,5,5,1.0,0.4781762498950185,1.0,0.0,0.0,0.5218237501049814,0.0,0.0,0.5218237501049814,0.0,1.0,0.0,80,1.0,0.9549359649323076,1.0,0.0,0.0,0.0450640350676922,0.0,0.0,0.0450640350676922,0.0,1.0,0.0,0.0
owlv2,55237,45232,1,guy in center with black shirt,1,19,5,0,0.2522448113916001,10,10,1.0,0.6915028921812392,1.0,0.1,0.0025285785444617,0.4450161170281954,0.1,0.0025285785444617,0.4450161170281954,0.0,0.9,0.0,80,1.0,0.9549359649323076,1.0,0.0,0.0,0.0450640350676922,0.0,0.0,0.0450640350676922,0.0,1.0,0.0,0.1
owlv2,55237,45232,1,guy in center with black shirt,1,19,5,0,0.2522448113916001,20,20,1.0,0.8315665290169146,1.0,0.05,0.0012650894979498,0.2487327627720276,0.05,0.0012650894979498,0.2487327627720276,0.0,0.95,0.0,80,1.0,0.9549359649323076,1.0,0.0,0.0,0.0450640350676922,0.0,0.0,0.0450640350676922,0.0,1.0,0.0,0.05
owlv2,55237,45232,1,guy in center with black shirt,1,19,5,0,0.2522448113916001,40,40,1.0,0.9119026971211976,1.0,0.025,0.0006327449320494,0.1315858584827657,0.025,0.0006327449320494,0.1315858584827657,0.0,0.975,0.0,80,1.0,0.9549359649323076,1.0,0.0,0.0,0.0450640350676922,0.0,0.0,0.0450640350676922,0.0,1.0,0.0,0.025
owlv2,324705,22285,1,guy sitting at bottom right,1,20,5,1,0.9714522314559086,5,5,1.0,0.4781762498950185,1.0,1.0,0.4781762498950185,1.0,1.0,0.4781762498950185,1.0,0.0,0.0,0.0,80,1.0,0.9549359649323076,1.0,1.0,0.9549359649323076,1.0,1.0,0.9549359649323076,1.0,0.0,0.0,0.0,1.0
owlv2,324705,22285,1,guy sitting at bottom right,1,20,5,1,0.9714522314559086,10,10,1.0,0.6915028921812392,1.0,1.0,0.6915028921812392,1.0,1.0,0.6915028921812392,1.0,0.0,0.0,0.0,80,1.0,0.9549359649323076,1.0,1.0,0.9549359649323076,1.0,1.0,0.9549359649323076,1.0,0.0,0.0,0.0,1.0
owlv2,324705,22285,1,guy sitting at bottom right,1,20,5,1,0.9714522314559086,20,20,1.0,0.8315665290169146,1.0,1.0,0.8315665290169146,1.0,1.0,0.8315665290169146,1.0,0.0,0.0,0.0,80,1.0,0.9549359649323076,1.0,1.0,0.9549359649323076,1.0,1.0,0.9549359649323076,1.0,0.0,0.0,0.0,1.0
owlv2,324705,22285,1,guy sitting at bottom right,1,20,5,1,0.9714522314559086,40,40,1.0,0.9119026971211976,1.0,1.0,0.9119026971211976,1.0,1.0,0.9119026971211976,1.0,0.0,0.0,0.0,80,1.0,0.9549359649323076,1.0,1.0,0.9549359649323076,1.0,1.0,0.9549359649323076,1.0,0.0,0.0,0.0,1.0
owlv2,136230,38269,72,black space above right monitors,1,20,5,0,0.0,5,5,1.0,0.4781762498950185,1.0,1.0,0.4781762498950185,1.0,1.0,0.4781762498950185,1.0,0.0,0.0,0.0,80,0.9,0.8124348925365684,0.955829059846371,0.875,0.7759280642567468,0.9412166829434396,0.7875,0.6817141914403442,0.8710635049024182,0.0999999999999999,0.1125,4.163336342344337e-17,1.0
owlv2,136230,38269,72,black space above right monitors,1,20,5,0,0.0,10,10,0.8,0.4439045376923585,0.9747892736731666,1.0,0.6305833524471808,1.0,0.8,0.4439045376923585,0.9747892736731666,0.1999999999999999,0.0,0.0,80,0.9,0.8124348925365684,0.955829059846371,0.875,0.7759280642567468,0.9412166829434396,0.7875,0.6817141914403442,0.8710635049024182,0.0999999999999999,0.1125,4.163336342344337e-17,0.8
owlv2,136230,38269,72,black space above right monitors,1,20,5,0,0.0,20,20,0.85,0.6210731734546859,0.9679290628145364,0.8823529411764706,0.6355908378987498,0.9854206831596976,0.75,0.5089541282920425,0.9134285308985652,0.15,0.1,4.163336342344337e-17,80,0.9,0.8124348925365684,0.955829059846371,0.875,0.7759280642567468,0.9412166829434396,0.7875,0.6817141914403442,0.8710635049024182,0.0999999999999999,0.1125,4.163336342344337e-17,0.75
owlv2,136230,38269,72,black space above right monitors,1,20,5,0,0.0,40,40,0.875,0.7319670826382796,0.9581403738613832,0.8857142857142857,0.7326219562807549,0.967968830970902,0.775,0.6154883226965773,0.891603361015928,0.125,0.1,5.551115123125783e-17,80,0.9,0.8124348925365684,0.955829059846371,0.875,0.7759280642567468,0.9412166829434396,0.7875,0.6817141914403442,0.8710635049024182,0.0999999999999999,0.1125,4.163336342344337e-17,0.775
owlv2,402448,15572,62,chair to left of kat,1,20,5,0,0.0,5,5,1.0,0.4781762498950185,1.0,0.4,0.0527449505263169,0.8533672003653268,0.4,0.0527449505263169,0.8533672003653268,0.0,0.6,0.0,80,1.0,0.9549359649323076,1.0,0.5125,0.3981046687031854,0.625942518555561,0.5125,0.3981046687031854,0.625942518555561,0.0,0.4875,0.0,0.4
owlv2,402448,15572,62,chair to left of kat,1,20,5,0,0.0,10,10,1.0,0.6915028921812392,1.0,0.5,0.1870860284473985,0.8129139715526015,0.5,0.1870860284473985,0.8129139715526015,0.0,0.5,0.0,80,1.0,0.9549359649323076,1.0,0.5125,0.3981046687031854,0.625942518555561,0.5125,0.3981046687031854,0.625942518555561,0.0,0.4875,0.0,0.5
owlv2,402448,15572,62,chair to left of kat,1,20,5,0,0.0,20,20,1.0,0.8315665290169146,1.0,0.6,0.3605425873074897,0.8088099392746928,0.6,0.3605425873074897,0.8088099392746928,0.0,0.4,0.0,80,1.0,0.9549359649323076,1.0,0.5125,0.3981046687031854,0.625942518555561,0.5125,0.3981046687031854,0.625942518555561,0.0,0.4875,0.0,0.6
owlv2,402448,15572,62,chair to left of kat,1,20,5,0,0.0,40,40,1.0,0.9119026971211976,1.0,0.575,0.4089005804269633,0.7295709687311371,0.575,0.4089005804269633,0.7295709687311371,0.0,0.425,0.0,80,1.0,0.9549359649323076,1.0,0.5125,0.3981046687031854,0.625942518555561,0.5125,0.3981046687031854,0.625942518555561,0.0,0.4875,0.0,0.575
owlv2,137724,38109,1,purple guy,1,7,5,0,0.0,5,5,0.8,0.2835820638819106,0.994949236620532,0.25,0.0063094632097098,0.8058795503167565,0.2,0.005050763379468,0.7164179361180893,0.1999999999999999,0.6000000000000001,0.0,80,0.9625,0.8942980149834914,0.9921988127342832,0.3116883116883117,0.2109468422559081,0.4274275266933832,0.3,0.2025739291466727,0.412759323081376,0.0374999999999999,0.6625,0.0,0.2
owlv2,137724,38109,1,purple guy,1,7,5,0,0.0,10,10,0.9,0.5549838829718046,0.9974714214555382,0.2222222222222222,0.0281449734778982,0.600093573716312,0.2,0.0252107263268333,0.5560954623076415,0.0999999999999999,0.7000000000000001,0.0,80,0.9625,0.8942980149834914,0.9921988127342832,0.3116883116883117,0.2109468422559081,0.4274275266933832,0.3,0.2025739291466727,0.412759323081376,0.0374999999999999,0.6625,0.0,0.2
owlv2,137724,38109,1,purple guy,1,7,5,0,0.0,20,20,0.95,0.7512672372279723,0.9987349105020502,0.2631578947368421,0.0914657849076665,0.5120293453458726,0.25,0.0865714691014346,0.4910458717079575,0.05,0.7000000000000001,1.1102230246251563e-16,80,0.9625,0.8942980149834914,0.9921988127342832,0.3116883116883117,0.2109468422559081,0.4274275266933832,0.3,0.2025739291466727,0.412759323081376,0.0374999999999999,0.6625,0.0,0.25
owlv2,137724,38109,1,purple guy,1,7,5,0,0.0,40,40,0.95,0.8308031360405824,0.9938863534006492,0.2894736842105263,0.1542462867879098,0.4590320669242925,0.275,0.1460089919638656,0.4388829071790481,0.05,0.6749999999999999,0.0,80,0.9625,0.8942980149834914,0.9921988127342832,0.3116883116883117,0.2109468422559081,0.4274275266933832,0.3,0.2025739291466727,0.412759323081376,0.0374999999999999,0.6625,0.0,0.275
owlv2,254176,28419,4,front of motocycle with two people on it,1,20,5,0,0.427623848383084,5,5,0.8,0.2835820638819106,0.994949236620532,1.0,0.3976353643835254,1.0,0.8,0.2835820638819106,0.994949236620532,0.1999999999999999,0.0,0.0,80,0.9,0.8124348925365684,0.955829059846371,0.9861111111111112,0.9250286891460808,0.9996484255947664,0.8875,0.7971534080830098,0.9472484868543124,0.0999999999999999,0.0124999999999999,1.1102230246251563e-16,0.8
owlv2,254176,28419,4,front of motocycle with two people on it,1,20,5,0,0.427623848383084,10,10,0.9,0.5549838829718046,0.9974714214555382,1.0,0.6637328831200572,1.0,0.9,0.5549838829718046,0.9974714214555382,0.0999999999999999,0.0,0.0,80,0.9,0.8124348925365684,0.955829059846371,0.9861111111111112,0.9250286891460808,0.9996484255947664,0.8875,0.7971534080830098,0.9472484868543124,0.0999999999999999,0.0124999999999999,1.1102230246251563e-16,0.9
owlv2,254176,28419,4,front of motocycle with two people on it,1,20,5,0,0.427623848383084,20,20,0.95,0.7512672372279723,0.9987349105020502,1.0,0.8235330881930346,1.0,0.95,0.7512672372279723,0.9987349105020502,0.05,0.0,0.0,80,0.9,0.8124348925365684,0.955829059846371,0.9861111111111112,0.9250286891460808,0.9996484255947664,0.8875,0.7971534080830098,0.9472484868543124,0.0999999999999999,0.0124999999999999,1.1102230246251563e-16,0.95
owlv2,254176,28419,4,front of motocycle with two people on it,1,20,5,0,0.427623848383084,40,40,0.925,0.796135251267101,0.9842578201489584,1.0,0.90510941258501,1.0,0.925,0.796135251267101,0.9842578201489584,0.0749999999999999,0.0,0.0,80,0.9,0.8124348925365684,0.955829059846371,0.9861111111111112,0.9250286891460808,0.9996484255947664,0.8875,0.7971534080830098,0.9472484868543124,0.0999999999999999,0.0124999999999999,1.1102230246251563e-16,0.925
owlv2,432170,13012,1,highest person in white,1,20,5,0,0.0,5,5,1.0,0.4781762498950185,1.0,0.6,0.1466327996346731,0.9472550494736832,0.6,0.1466327996346731,0.9472550494736832,0.0,0.4,0.0,80,1.0,0.9549359649323076,1.0,0.875,0.7821108659305637,0.9383979034415656,0.875,0.7821108659305637,0.9383979034415656,0.0,0.125,0.0,0.6
owlv2,432170,13012,1,highest person in white,1,20,5,0,0.0,10,10,1.0,0.6915028921812392,1.0,0.8,0.4439045376923585,0.9747892736731666,0.8,0.4439045376923585,0.9747892736731666,0.0,0.1999999999999999,0.0,80,1.0,0.9549359649323076,1.0,0.875,0.7821108659305637,0.9383979034415656,0.875,0.7821108659305637,0.9383979034415656,0.0,0.125,0.0,0.8
owlv2,432170,13012,1,highest person in white,1,20,5,0,0.0,20,20,1.0,0.8315665290169146,1.0,0.8,0.5633859970033317,0.9426660029499672,0.8,0.5633859970033317,0.9426660029499672,0.0,0.1999999999999999,0.0,80,1.0,0.9549359649323076,1.0,0.875,0.7821108659305637,0.9383979034415656,0.875,0.7821108659305637,0.9383979034415656,0.0,0.125,0.0,0.8
owlv2,432170,13012,1,highest person in white,1,20,5,0,0.0,40,40,1.0,0.9119026971211976,1.0,0.8,0.6435219813207653,0.9094775906000092,0.8,0.6435219813207653,0.9094775906000092,0.0,0.1999999999999999,0.0,80,1.0,0.9549359649323076,1.0,0.875,0.7821108659305637,0.9383979034415656,0.875,0.7821108659305637,0.9383979034415656,0.0,0.125,0.0,0.8
owlv2,224168,30928,62,top of chair on left,1,20,5,0,0.0300660873923558,5,5,1.0,0.4781762498950185,1.0,0.8,0.2835820638819106,0.994949236620532,0.8,0.2835820638819106,0.994949236620532,0.0,0.1999999999999999,0.0,80,1.0,0.9549359649323076,1.0,0.725,0.6137565791555908,0.8189623614429612,0.725,0.6137565791555908,0.8189623614429612,0.0,0.275,0.0,0.8
owlv2,224168,30928,62,top of chair on left,1,20,5,0,0.0300660873923558,10,10,1.0,0.6915028921812392,1.0,0.7,0.3475471499400027,0.9332604888222656,0.7,0.3475471499400027,0.9332604888222656,0.0,0.3,0.0,80,1.0,0.9549359649323076,1.0,0.725,0.6137565791555908,0.8189623614429612,0.725,0.6137565791555908,0.8189623614429612,0.0,0.275,0.0,0.7
owlv2,224168,30928,62,top of chair on left,1,20,5,0,0.0300660873923558,20,20,1.0,0.8315665290169146,1.0,0.75,0.5089541282920425,0.9134285308985652,0.75,0.5089541282920425,0.9134285308985652,0.0,0.25,0.0,80,1.0,0.9549359649323076,1.0,0.725,0.6137565791555908,0.8189623614429612,0.725,0.6137565791555908,0.8189623614429612,0.0,0.275,0.0,0.75
owlv2,224168,30928,62,top of chair on left,1,20,5,0,0.0300660873923558,40,40,1.0,0.9119026971211976,1.0,0.75,0.5880380198485702,0.873085201067155,0.75,0.5880380198485702,0.873085201067155,0.0,0.25,0.0,80,1.0,0.9549359649323076,1.0,0.725,0.6137565791555908,0.8189623614429612,0.725,0.6137565791555908,0.8189623614429612,0.0,0.275,0.0,0.75
owlv2,22890,48065,65,bed by window,1,20,5,0,0.1582293557294032,5,5,0.8,0.2835820638819106,0.994949236620532,0.5,0.0675859864885429,0.932414013511457,0.4,0.0527449505263169,0.8533672003653268,0.1999999999999999,0.4,0.0,80,0.875,0.7821108659305637,0.9383979034415656,0.6142857142857143,0.4902994257045006,0.7282799549301577,0.5375,0.4224175280048351,0.6497235734616016,0.125,0.3374999999999999,5.551115123125783e-17,0.4
owlv2,22890,48065,65,bed by window,1,20,5,0,0.1582293557294032,10,10,0.9,0.5549838829718046,0.9974714214555382,0.5555555555555556,0.212008506778868,0.8630043377348335,0.5,0.1870860284473985,0.8129139715526015,0.0999999999999999,0.3999999999999999,5.551115123125783e-17,80,0.875,0.7821108659305637,0.9383979034415656,0.6142857142857143,0.4902994257045006,0.7282799549301577,0.5375,0.4224175280048351,0.6497235734616016,0.125,0.3374999999999999,5.551115123125783e-17,0.5
owlv2,22890,48065,65,bed by window,1,20,5,0,0.1582293557294032,20,20,0.9,0.6830172859809176,0.9876514728297052,0.5555555555555556,0.3075716589987562,0.7846984926127001,0.5,0.2719578495607918,0.7280421504392082,0.0999999999999999,0.3999999999999999,5.551115123125783e-17,80,0.875,0.7821108659305637,0.9383979034415656,0.6142857142857143,0.4902994257045006,0.7282799549301577,0.5375,0.4224175280048351,0.6497235734616016,0.125,0.3374999999999999,5.551115123125783e-17,0.5
owlv2,22890,48065,65,bed by window,1,20,5,0,0.1582293557294032,40,40,0.9,0.7633626001239001,0.9720745847057808,0.5555555555555556,0.3809767940893837,0.7206458080331524,0.5,0.3380178137372345,0.6619821862627655,0.0999999999999999,0.3999999999999999,5.551115123125783e-17,80,0.875,0.7821108659305637,0.9383979034415656,0.6142857142857143,0.4902994257045006,0.7282799549301577,0.5375,0.4224175280048351,0.6497235734616016,0.125,0.3374999999999999,5.551115123125783e-17,0.5
owlv2,243839,29331,1,legs,1,20,5,0,0.3357830111142923,5,5,1.0,0.4781762498950185,1.0,1.0,0.4781762498950185,1.0,1.0,0.4781762498950185,1.0,0.0,0.0,0.0,80,0.7875,0.6817141914403442,0.8710635049024182,1.0,0.9431276476679836,1.0,0.7875,0.6817141914403442,0.8710635049024182,0.2125,0.0,0.0,1.0
owlv2,243839,29331,1,legs,1,20,5,0,0.3357830111142923,10,10,1.0,0.6915028921812392,1.0,1.0,0.6915028921812392,1.0,1.0,0.6915028921812392,1.0,0.0,0.0,0.0,80,0.7875,0.6817141914403442,0.8710635049024182,1.0,0.9431276476679836,1.0,0.7875,0.6817141914403442,0.8710635049024182,0.2125,0.0,0.0,1.0
owlv2,243839,29331,1,legs,1,20,5,0,0.3357830111142923,20,20,0.85,0.6210731734546859,0.9679290628145364,1.0,0.8049356770309068,1.0,0.85,0.6210731734546859,0.9679290628145364,0.15,0.0,0.0,80,0.7875,0.6817141914403442,0.8710635049024182,1.0,0.9431276476679836,1.0,0.7875,0.6817141914403442,0.8710635049024182,0.2125,0.0,0.0,0.85
owlv2,243839,29331,1,legs,1,20,5,0,0.3357830111142923,40,40,0.875,0.7319670826382796,0.9581403738613832,1.0,0.8999675644278949,1.0,0.875,0.7319670826382796,0.9581403738613832,0.125,0.0,0.0,80,0.7875,0.6817141914403442,0.8710635049024182,1.0,0.9431276476679836,1.0,0.7875,0.6817141914403442,0.8710635049024182,0.2125,0.0,0.0,0.875
owlv2,430731,13112,73,left computer,1,20,5,0,0.0,5,5,1.0,0.4781762498950185,1.0,0.8,0.2835820638819106,0.994949236620532,0.8,0.2835820638819106,0.994949236620532,0.0,0.1999999999999999,0.0,80,1.0,0.9549359649323076,1.0,0.9125,0.8279916615801152,0.9640936410104411,0.9125,0.8279916615801152,0.9640936410104411,0.0,0.0875,0.0,0.8
owlv2,430731,13112,73,left computer,1,20,5,0,0.0,10,10,1.0,0.6915028921812392,1.0,0.9,0.5549838829718046,0.9974714214555382,0.9,0.5549838829718046,0.9974714214555382,0.0,0.0999999999999999,0.0,80,1.0,0.9549359649323076,1.0,0.9125,0.8279916615801152,0.9640936410104411,0.9125,0.8279916615801152,0.9640936410104411,0.0,0.0875,0.0,0.9
owlv2,430731,13112,73,left computer,1,20,5,0,0.0,20,20,1.0,0.8315665290169146,1.0,0.9,0.6830172859809176,0.9876514728297052,0.9,0.6830172859809176,0.9876514728297052,0.0,0.0999999999999999,0.0,80,1.0,0.9549359649323076,1.0,0.9125,0.8279916615801152,0.9640936410104411,0.9125,0.8279916615801152,0.9640936410104411,0.0,0.0875,0.0,0.9
owlv2,430731,13112,73,left computer,1,20,5,0,0.0,40,40,0.975,0.8684141415172343,0.9993672550679504,0.9487179487179488,0.8267552186263942,0.9937280279043096,0.925,0.796135251267101,0.9842578201489584,0.025,0.05,1.0408340855860844e-16,80,1.0,0.9549359649323076,1.0,0.9125,0.8279916615801152,0.9640936410104411,0.9125,0.8279916615801152,0.9640936410104411,0.0,0.0875,0.0,0.925
owlv2,507642,6469,25,top giraffe,1,20,5,1,0.5994050799951158,5,5,1.0,0.4781762498950185,1.0,1.0,0.4781762498950185,1.0,1.0,0.4781762498950185,1.0,0.0,0.0,0.0,80,0.9875,0.9323122155360776,0.9996835774723672,0.8354430379746836,0.7350548769543931,0.9093655580547604,0.825,0.7238459604789864,0.9008894901605712,0.0124999999999999,0.1625,8.326672684688674e-17,1.0
owlv2,507642,6469,25,top giraffe,1,20,5,1,0.5994050799951158,10,10,1.0,0.6915028921812392,1.0,0.8,0.4439045376923585,0.9747892736731666,0.8,0.4439045376923585,0.9747892736731666,0.0,0.1999999999999999,0.0,80,0.9875,0.9323122155360776,0.9996835774723672,0.8354430379746836,0.7350548769543931,0.9093655580547604,0.825,0.7238459604789864,0.9008894901605712,0.0124999999999999,0.1625,8.326672684688674e-17,0.8
owlv2,507642,6469,25,top giraffe,1,20,5,1,0.5994050799951158,20,20,1.0,0.8315665290169146,1.0,0.85,0.6210731734546859,0.9679290628145364,0.85,0.6210731734546859,0.9679290628145364,0.0,0.15,0.0,80,0.9875,0.9323122155360776,0.9996835774723672,0.8354430379746836,0.7350548769543931,0.9093655580547604,0.825,0.7238459604789864,0.9008894901605712,0.0124999999999999,0.1625,8.326672684688674e-17,0.85
owlv2,507642,6469,25,top giraffe,1,20,5,1,0.5994050799951158,40,40,0.95,0.8308031360405824,0.9938863534006492,0.7894736842105263,0.6268117163983606,0.9044588845441258,0.75,0.5880380198485702,0.873085201067155,0.05,0.1999999999999999,2.775557561562892e-17,80,0.9875,0.9323122155360776,0.9996835774723672,0.8354430379746836,0.7350548769543931,0.9093655580547604,0.825,0.7238459604789864,0.9008894901605712,0.0124999999999999,0.1625,8.326672684688674e-17,0.75
owlv2,127388,39005,1,woman,1,3,2,1,0.980031909423632,5,5,1.0,0.4781762498950185,1.0,1.0,0.4781762498950185,1.0,1.0,0.4781762498950185,1.0,0.0,0.0,0.0,80,1.0,0.9549359649323076,1.0,1.0,0.9549359649323076,1.0,1.0,0.9549359649323076,1.0,0.0,0.0,0.0,1.0
owlv2,127388,39005,1,woman,1,3,2,1,0.980031909423632,10,10,1.0,0.6915028921812392,1.0,1.0,0.6915028921812392,1.0,1.0,0.6915028921812392,1.0,0.0,0.0,0.0,80,1.0,0.9549359649323076,1.0,1.0,0.9549359649323076,1.0,1.0,0.9549359649323076,1.0,0.0,0.0,0.0,1.0
owlv2,127388,39005,1,woman,1,3,2,1,0.980031909423632,20,20,1.0,0.8315665290169146,1.0,1.0,0.8315665290169146,1.0,1.0,0.8315665290169146,1.0,0.0,0.0,0.0,80,1.0,0.9549359649323076,1.0,1.0,0.9549359649323076,1.0,1.0,0.9549359649323076,1.0,0.0,0.0,0.0,1.0
owlv2,127388,39005,1,woman,1,3,2,1,0.980031909423632,40,40,1.0,0.9119026971211976,1.0,1.0,0.9119026971211976,1.0,1.0,0.9119026971211976,1.0,0.0,0.0,0.0,80,1.0,0.9549359649323076,1.0,1.0,0.9549359649323076,1.0,1.0,0.9549359649323076,1.0,0.0,0.0,0.0,1.0
owlv2,54805,45259,88,teddy bear on right with pink hat,1,20,5,0,0.1666299562322995,5,5,1.0,0.4781762498950185,1.0,1.0,0.4781762498950185,1.0,1.0,0.4781762498950185,1.0,0.0,0.0,0.0,80,1.0,0.9549359649323076,1.0,1.0,0.9549359649323076,1.0,1.0,0.9549359649323076,1.0,0.0,0.0,0.0,1.0
owlv2,54805,45259,88,teddy bear on right with pink hat,1,20,5,0,0.1666299562322995,10,10,1.0,0.6915028921812392,1.0,1.0,0.6915028921812392,1.0,1.0,0.6915028921812392,1.0,0.0,0.0,0.0,80,1.0,0.9549359649323076,1.0,1.0,0.9549359649323076,1.0,1.0,0.9549359649323076,1.0,0.0,0.0,0.0,1.0
owlv2,54805,45259,88,teddy bear on right with pink hat,1,20,5,0,0.1666299562322995,20,20,1.0,0.8315665290169146,1.0,1.0,0.8315665290169146,1.0,1.0,0.8315665290169146,1.0,0.0,0.0,0.0,80,1.0,0.9549359649323076,1.0,1.0,0.9549359649323076,1.0,1.0,0.9549359649323076,1.0,0.0,0.0,0.0,1.0
owlv2,54805,45259,88,teddy bear on right with pink hat,1,20,5,0,0.1666299562322995,40,40,1.0,0.9119026971211976,1.0,1.0,0.9119026971211976,1.0,1.0,0.9119026971211976,1.0,0.0,0.0,0.0,80,1.0,0.9549359649323076,1.0,1.0,0.9549359649323076,1.0,1.0,0.9549359649323076,1.0,0.0,0.0,0.0,1.0
owlv2,325806,22198,62,blue chair,1,14,5,1,0.9806326957495752,5,5,0.8,0.2835820638819106,0.994949236620532,1.0,0.3976353643835254,1.0,0.8,0.2835820638819106,0.994949236620532,0.1999999999999999,0.0,0.0,80,0.925,0.8438720682639279,0.9719794538231588,1.0,0.9513723837620104,1.0,0.925,0.8438720682639279,0.9719794538231588,0.0749999999999999,0.0,0.0,0.8
owlv2,325806,22198,62,blue chair,1,14,5,1,0.9806326957495752,10,10,0.9,0.5549838829718046,0.9974714214555382,1.0,0.6637328831200572,1.0,0.9,0.5549838829718046,0.9974714214555382,0.0999999999999999,0.0,0.0,80,0.925,0.8438720682639279,0.9719794538231588,1.0,0.9513723837620104,1.0,0.925,0.8438720682639279,0.9719794538231588,0.0749999999999999,0.0,0.0,0.9
owlv2,325806,22198,62,blue chair,1,14,5,1,0.9806326957495752,20,20,0.9,0.6830172859809176,0.9876514728297052,1.0,0.8146980318621478,1.0,0.9,0.6830172859809176,0.9876514728297052,0.0999999999999999,0.0,0.0,80,0.925,0.8438720682639279,0.9719794538231588,1.0,0.9513723837620104,1.0,0.925,0.8438720682639279,0.9719794538231588,0.0749999999999999,0.0,0.0,0.9
owlv2,325806,22198,62,blue chair,1,14,5,1,0.9806326957495752,40,40,0.9,0.7633626001239001,0.9720745847057808,1.0,0.902606244085508,1.0,0.9,0.7633626001239001,0.9720745847057808,0.0999999999999999,0.0,0.0,80,0.925,0.8438720682639279,0.9719794538231588,1.0,0.9513723837620104,1.0,0.925,0.8438720682639279,0.9719794538231588,0.0749999999999999,0.0,0.0,0.9
owlv2,457976,10768,21,upper right cow,1,20,5,1,0.9567974034137348,5,5,1.0,0.4781762498950185,1.0,0.4,0.0527449505263169,0.8533672003653268,0.4,0.0527449505263169,0.8533672003653268,0.0,0.6,0.0,80,0.9125,0.8279916615801152,0.9640936410104411,0.5753424657534246,0.4540544221064541,0.6903242321015742,0.525,0.4102278413767706,0.6378664183228473,0.0875,0.3875,5.551115123125783e-17,0.4
owlv2,457976,10768,21,upper right cow,1,20,5,1,0.9567974034137348,10,10,0.9,0.5549838829718046,0.9974714214555382,0.3333333333333333,0.0748546314196918,0.7007049437914596,0.3,0.0667395111777345,0.6524528500599973,0.0999999999999999,0.6000000000000001,1.1102230246251563e-16,80,0.9125,0.8279916615801152,0.9640936410104411,0.5753424657534246,0.4540544221064541,0.6903242321015742,0.525,0.4102278413767706,0.6378664183228473,0.0875,0.3875,5.551115123125783e-17,0.3
owlv2,457976,10768,21,upper right cow,1,20,5,1,0.9567974034137348,20,20,0.85,0.6210731734546859,0.9679290628145364,0.4117647058823529,0.1844369617839467,0.6707528460532426,0.35,0.1539092047845411,0.5921885345328282,0.15,0.5,0.0,80,0.9125,0.8279916615801152,0.9640936410104411,0.5753424657534246,0.4540544221064541,0.6903242321015742,0.525,0.4102278413767706,0.6378664183228473,0.0875,0.3875,5.551115123125783e-17,0.35
owlv2,457976,10768,21,upper right cow,1,20,5,1,0.9567974034137348,40,40,0.9,0.7633626001239001,0.9720745847057808,0.4166666666666667,0.2551410483264678,0.5924347591082235,0.375,0.2272627224818259,0.5419852477673891,0.0999999999999999,0.5249999999999999,1.1102230246251563e-16,80,0.9125,0.8279916615801152,0.9640936410104411,0.5753424657534246,0.4540544221064541,0.6903242321015742,0.525,0.4102278413767706,0.6378664183228473,0.0875,0.3875,5.551115123125783e-17,0.375
owlv2,250588,28730,1,right guy,1,8,5,0,0.0044502670463075,5,5,1.0,0.4781762498950185,1.0,1.0,0.4781762498950185,1.0,1.0,0.4781762498950185,1.0,0.0,0.0,0.0,80,0.7625,0.6542230288597322,0.8505462481433591,1.0,0.9413187760677074,1.0,0.7625,0.6542230288597322,0.8505462481433591,0.2375,0.0,0.0,1.0
owlv2,250588,28730,1,right guy,1,8,5,0,0.0044502670463075,10,10,1.0,0.6915028921812392,1.0,1.0,0.6915028921812392,1.0,1.0,0.6915028921812392,1.0,0.0,0.0,0.0,80,0.7625,0.6542230288597322,0.8505462481433591,1.0,0.9413187760677074,1.0,0.7625,0.6542230288597322,0.8505462481433591,0.2375,0.0,0.0,1.0
owlv2,250588,28730,1,right guy,1,8,5,0,0.0044502670463075,20,20,0.9,0.6830172859809176,0.9876514728297052,1.0,0.8146980318621478,1.0,0.9,0.6830172859809176,0.9876514728297052,0.0999999999999999,0.0,0.0,80,0.7625,0.6542230288597322,0.8505462481433591,1.0,0.9413187760677074,1.0,0.7625,0.6542230288597322,0.8505462481433591,0.2375,0.0,0.0,0.9
owlv2,250588,28730,1,right guy,1,8,5,0,0.0044502670463075,40,40,0.825,0.6722098666384142,0.9266172706479148,1.0,0.8942371899254207,1.0,0.825,0.6722098666384142,0.9266172706479148,0.175,0.0,0.0,80,0.7625,0.6542230288597322,0.8505462481433591,1.0,0.9413187760677074,1.0,0.7625,0.6542230288597322,0.8505462481433591,0.2375,0.0,0.0,0.825
owlv2,495902,7495,57,carrot in the middle looks like one on top,1,20,5,0,0.253128257560525,5,5,1.0,0.4781762498950185,1.0,1.0,0.4781762498950185,1.0,1.0,0.4781762498950185,1.0,0.0,0.0,0.0,80,1.0,0.9549359649323076,1.0,1.0,0.9549359649323076,1.0,1.0,0.9549359649323076,1.0,0.0,0.0,0.0,1.0
owlv2,495902,7495,57,carrot in the middle looks like one on top,1,20,5,0,0.253128257560525,10,10,1.0,0.6915028921812392,1.0,1.0,0.6915028921812392,1.0,1.0,0.6915028921812392,1.0,0.0,0.0,0.0,80,1.0,0.9549359649323076,1.0,1.0,0.9549359649323076,1.0,1.0,0.9549359649323076,1.0,0.0,0.0,0.0,1.0
owlv2,495902,7495,57,carrot in the middle looks like one on top,1,20,5,0,0.253128257560525,20,20,1.0,0.8315665290169146,1.0,1.0,0.8315665290169146,1.0,1.0,0.8315665290169146,1.0,0.0,0.0,0.0,80,1.0,0.9549359649323076,1.0,1.0,0.9549359649323076,1.0,1.0,0.9549359649323076,1.0,0.0,0.0,0.0,1.0
owlv2,495902,7495,57,carrot in the middle looks like one on top,1,20,5,0,0.253128257560525,40,40,1.0,0.9119026971211976,1.0,1.0,0.9119026971211976,1.0,1.0,0.9119026971211976,1.0,0.0,0.0,0.0,80,1.0,0.9549359649323076,1.0,1.0,0.9549359649323076,1.0,1.0,0.9549359649323076,1.0,0.0,0.0,0.0,1.0
owlv2,411446,14787,18,black white dog,1,14,5,1,0.9035645025313966,5,5,1.0,0.4781762498950185,1.0,1.0,0.4781762498950185,1.0,1.0,0.4781762498950185,1.0,0.0,0.0,0.0,80,1.0,0.9549359649323076,1.0,1.0,0.9549359649323076,1.0,1.0,0.9549359649323076,1.0,0.0,0.0,0.0,1.0
owlv2,411446,14787,18,black white dog,1,14,5,1,0.9035645025313966,10,10,1.0,0.6915028921812392,1.0,1.0,0.6915028921812392,1.0,1.0,0.6915028921812392,1.0,0.0,0.0,0.0,80,1.0,0.9549359649323076,1.0,1.0,0.9549359649323076,1.0,1.0,0.9549359649323076,1.0,0.0,0.0,0.0,1.0
owlv2,411446,14787,18,black white dog,1,14,5,1,0.9035645025313966,20,20,1.0,0.8315665290169146,1.0,1.0,0.8315665290169146,1.0,1.0,0.8315665290169146,1.0,0.0,0.0,0.0,80,1.0,0.9549359649323076,1.0,1.0,0.9549359649323076,1.0,1.0,0.9549359649323076,1.0,0.0,0.0,0.0,1.0
owlv2,411446,14787,18,black white dog,1,14,5,1,0.9035645025313966,40,40,1.0,0.9119026971211976,1.0,1.0,0.9119026971211976,1.0,1.0,0.9119026971211976,1.0,0.0,0.0,0.0,80,1.0,0.9549359649323076,1.0,1.0,0.9549359649323076,1.0,1.0,0.9549359649323076,1.0,0.0,0.0,0.0,1.0
owlv2,231320,30341,85,far left clock in top row,1,20,5,0,0.0,5,5,0.6,0.1466327996346731,0.9472550494736832,1.0,0.2924017738212867,1.0,0.6,0.1466327996346731,0.9472550494736832,0.4,0.0,0.0,80,0.625,0.5096452355928875,0.7308068300531951,0.68,0.5330061598852693,0.8047958053371607,0.425,0.3151097654523422,0.5406111885690619,0.375,0.1999999999999999,0.0,0.6
owlv2,231320,30341,85,far left clock in top row,1,20,5,0,0.0,10,10,0.6,0.2623780766069451,0.8784477418801728,0.8333333333333334,0.3587654210023252,0.9957892554855106,0.5,0.1870860284473985,0.8129139715526015,0.4,0.0999999999999999,0.0,80,0.625,0.5096452355928875,0.7308068300531951,0.68,0.5330061598852693,0.8047958053371607,0.425,0.3151097654523422,0.5406111885690619,0.375,0.1999999999999999,0.0,0.5
owlv2,231320,30341,85,far left clock in top row,1,20,5,0,0.0,20,20,0.6,0.3605425873074897,0.8088099392746928,0.75,0.4281415381218109,0.9451393554720072,0.45,0.2305778967759242,0.6847218669594515,0.4,0.15,2.775557561562892e-17,80,0.625,0.5096452355928875,0.7308068300531951,0.68,0.5330061598852693,0.8047958053371607,0.425,0.3151097654523422,0.5406111885690619,0.375,0.1999999999999999,0.0,0.45
owlv2,231320,30341,85,far left clock in top row,1,20,5,0,0.0,40,40,0.6,0.4332670521932967,0.7513500134122563,0.75,0.5328871975773306,0.902269590525467,0.45,0.2925883500398799,0.6150932054659867,0.4,0.15,2.775557561562892e-17,80,0.625,0.5096452355928875,0.7308068300531951,0.68,0.5330061598852693,0.8047958053371607,0.425,0.3151097654523422,0.5406111885690619,0.375,0.1999999999999999,0.0,0.45
owlv2,347167,20163,1,left pair legs,1,17,5,0,0.1275642589360945,5,5,0.8,0.2835820638819106,0.994949236620532,1.0,0.3976353643835254,1.0,0.8,0.2835820638819106,0.994949236620532,0.1999999999999999,0.0,0.0,80,0.4,0.2920093562553104,0.5156230595045106,0.875,0.7100515798092444,0.9648693468966886,0.35,0.2466719364725351,0.4647968854793358,0.6,0.05,4.163336342344337e-17,0.8
owlv2,347167,20163,1,left pair legs,1,17,5,0,0.1275642589360945,10,10,0.5,0.1870860284473985,0.8129139715526015,0.8,0.2835820638819106,0.994949236620532,0.4,0.1215522581198272,0.7376219233930549,0.5,0.0999999999999999,0.0,80,0.4,0.2920093562553104,0.5156230595045106,0.875,0.7100515798092444,0.9648693468966886,0.35,0.2466719364725351,0.4647968854793358,0.6,0.05,4.163336342344337e-17,0.4
owlv2,347167,20163,1,left pair legs,1,17,5,0,0.1275642589360945,20,20,0.4,0.1911900607253072,0.6394574126925103,0.875,0.4734903291247935,0.996840276468748,0.35,0.1539092047845411,0.5921885345328282,0.6,0.05,4.163336342344337e-17,80,0.4,0.2920093562553104,0.5156230595045106,0.875,0.7100515798092444,0.9648693468966886,0.35,0.2466719364725351,0.4647968854793358,0.6,0.05,4.163336342344337e-17,0.35
owlv2,347167,20163,1,left pair legs,1,17,5,0,0.1275642589360945,40,40,0.4,0.2486499865877437,0.5667329478067034,0.9375,0.6976792615654681,0.998418888277234,0.375,0.2272627224818259,0.5419852477673891,0.6,0.025,2.0816681711721685e-17,80,0.4,0.2920093562553104,0.5156230595045106,0.875,0.7100515798092444,0.9648693468966886,0.35,0.2466719364725351,0.4647968854793358,0.6,0.05,4.163336342344337e-17,0.375
owlv2,238070,29804,6,left bus window,1,20,5,0,0.0,5,5,1.0,0.4781762498950185,1.0,0.2,0.005050763379468,0.7164179361180893,0.2,0.005050763379468,0.7164179361180893,0.0,0.8,0.0,80,0.8875,0.7971534080830098,0.9472484868543124,0.5492957746478874,0.4266186646281391,0.6677308176763261,0.4875,0.3740574814444389,0.6018953312968145,0.1125,0.3999999999999999,5.551115123125783e-17,0.2
owlv2,238070,29804,6,left bus window,1,20,5,0,0.0,10,10,0.9,0.5549838829718046,0.9974714214555382,0.2222222222222222,0.0281449734778982,0.600093573716312,0.2,0.0252107263268333,0.5560954623076415,0.0999999999999999,0.7000000000000001,0.0,80,0.8875,0.7971534080830098,0.9472484868543124,0.5492957746478874,0.4266186646281391,0.6677308176763261,0.4875,0.3740574814444389,0.6018953312968145,0.1125,0.3999999999999999,5.551115123125783e-17,0.2
owlv2,238070,29804,6,left bus window,1,20,5,0,0.0,20,20,0.8,0.5633859970033317,0.9426660029499672,0.1875,0.0404737339059458,0.4564565462316117,0.15,0.0320709371854637,0.378926826545314,0.1999999999999999,0.65,0.0,80,0.8875,0.7971534080830098,0.9472484868543124,0.5492957746478874,0.4266186646281391,0.6677308176763261,0.4875,0.3740574814444389,0.6018953312968145,0.1125,0.3999999999999999,5.551115123125783e-17,0.15
owlv2,238070,29804,6,left bus window,1,20,5,0,0.0,40,40,0.85,0.7016473331604236,0.942897741845474,0.3529411764705882,0.1974586479123424,0.5351136291089579,0.3,0.1656272043932356,0.4653162852541233,0.15,0.5499999999999999,0.0,80,0.8875,0.7971534080830098,0.9472484868543124,0.5492957746478874,0.4266186646281391,0.6677308176763261,0.4875,0.3740574814444389,0.6018953312968145,0.1125,0.3999999999999999,5.551115123125783e-17,0.3
owlv2,110761,40423,1,center guy of the 5,1,20,5,0,0.0166846352563377,5,5,1.0,0.4781762498950185,1.0,1.0,0.4781762498950185,1.0,1.0,0.4781762498950185,1.0,0.0,0.0,0.0,80,0.9875,0.9323122155360776,0.9996835774723672,0.9620253164556962,0.8930090802260363,0.9920991811253632,0.95,0.876901263556847,0.9862106060235382,0.0124999999999999,0.0374999999999999,1.0408340855860844e-16,1.0
owlv2,110761,40423,1,center guy of the 5,1,20,5,0,0.0166846352563377,10,10,1.0,0.6915028921812392,1.0,1.0,0.6915028921812392,1.0,1.0,0.6915028921812392,1.0,0.0,0.0,0.0,80,0.9875,0.9323122155360776,0.9996835774723672,0.9620253164556962,0.8930090802260363,0.9920991811253632,0.95,0.876901263556847,0.9862106060235382,0.0124999999999999,0.0374999999999999,1.0408340855860844e-16,1.0
owlv2,110761,40423,1,center guy of the 5,1,20,5,0,0.0166846352563377,20,20,1.0,0.8315665290169146,1.0,0.95,0.7512672372279723,0.9987349105020502,0.95,0.7512672372279723,0.9987349105020502,0.0,0.05,0.0,80,0.9875,0.9323122155360776,0.9996835774723672,0.9620253164556962,0.8930090802260363,0.9920991811253632,0.95,0.876901263556847,0.9862106060235382,0.0124999999999999,0.0374999999999999,1.0408340855860844e-16,0.95
owlv2,110761,40423,1,center guy of the 5,1,20,5,0,0.0166846352563377,40,40,1.0,0.9119026971211976,1.0,0.95,0.8308031360405824,0.9938863534006492,0.95,0.8308031360405824,0.9938863534006492,0.0,0.05,0.0,80,0.9875,0.9323122155360776,0.9996835774723672,0.9620253164556962,0.8930090802260363,0.9920991811253632,0.95,0.876901263556847,0.9862106060235382,0.0124999999999999,0.0374999999999999,1.0408340855860844e-16,0.95
owlv2,5424,49588,1,man,1,11,5,1,0.9269930254474688,5,5,1.0,0.4781762498950185,1.0,1.0,0.4781762498950185,1.0,1.0,0.4781762498950185,1.0,0.0,0.0,0.0,80,0.8,0.6956311329945355,0.8811409135950147,0.984375,0.9159896735656464,0.9996044874859492,0.7875,0.6817141914403442,0.8710635049024182,0.1999999999999999,0.0125,6.591949208711867e-17,1.0
owlv2,5424,49588,1,man,1,11,5,1,0.9269930254474688,10,10,0.8,0.4439045376923585,0.9747892736731666,1.0,0.6305833524471808,1.0,0.8,0.4439045376923585,0.9747892736731666,0.1999999999999999,0.0,0.0,80,0.8,0.6956311329945355,0.8811409135950147,0.984375,0.9159896735656464,0.9996044874859492,0.7875,0.6817141914403442,0.8710635049024182,0.1999999999999999,0.0125,6.591949208711867e-17,0.8
owlv2,5424,49588,1,man,1,11,5,1,0.9269930254474688,20,20,0.75,0.5089541282920425,0.9134285308985652,1.0,0.781980639089466,1.0,0.75,0.5089541282920425,0.9134285308985652,0.25,0.0,0.0,80,0.8,0.6956311329945355,0.8811409135950147,0.984375,0.9159896735656464,0.9996044874859492,0.7875,0.6817141914403442,0.8710635049024182,0.1999999999999999,0.0125,6.591949208711867e-17,0.75
owlv2,5424,49588,1,man,1,11,5,1,0.9269930254474688,40,40,0.8,0.6435219813207653,0.9094775906000092,0.96875,0.8378290058184885,0.9992091314020476,0.775,0.6154883226965773,0.891603361015928,0.1999999999999999,0.025,2.0816681711721685e-17,80,0.8,0.6956311329945355,0.8811409135950147,0.984375,0.9159896735656464,0.9996044874859492,0.7875,0.6817141914403442,0.8710635049024182,0.1999999999999999,0.0125,6.591949208711867e-17,0.775
owlv2,218863,31431,88,top right bear,1,20,5,0,0.0,5,5,1.0,0.4781762498950185,1.0,0.6,0.1466327996346731,0.9472550494736832,0.6,0.1466327996346731,0.9472550494736832,0.0,0.4,0.0,80,0.9125,0.8279916615801152,0.9640936410104411,0.4794520547945205,0.3610046476356519,0.5996181332155396,0.4375,0.3267639534337789,0.5530024286118197,0.0875,0.4750000000000001,1.1102230246251563e-16,0.6
owlv2,218863,31431,88,top right bear,1,20,5,0,0.0,10,10,1.0,0.6915028921812392,1.0,0.7,0.3475471499400027,0.9332604888222656,0.7,0.3475471499400027,0.9332604888222656,0.0,0.3,0.0,80,0.9125,0.8279916615801152,0.9640936410104411,0.4794520547945205,0.3610046476356519,0.5996181332155396,0.4375,0.3267639534337789,0.5530024286118197,0.0875,0.4750000000000001,1.1102230246251563e-16,0.7
owlv2,218863,31431,88,top right bear,1,20,5,0,0.0,20,20,0.9,0.6830172859809176,0.9876514728297052,0.5555555555555556,0.3075716589987562,0.7846984926127001,0.5,0.2719578495607918,0.7280421504392082,0.0999999999999999,0.3999999999999999,5.551115123125783e-17,80,0.9125,0.8279916615801152,0.9640936410104411,0.4794520547945205,0.3610046476356519,0.5996181332155396,0.4375,0.3267639534337789,0.5530024286118197,0.0875,0.4750000000000001,1.1102230246251563e-16,0.5
owlv2,218863,31431,88,top right bear,1,20,5,0,0.0,40,40,0.9,0.7633626001239001,0.9720745847057808,0.4722222222222222,0.3040505887162663,0.64513620146269,0.425,0.2704290312688629,0.5910994195730366,0.0999999999999999,0.475,5.551115123125783e-17,80,0.9125,0.8279916615801152,0.9640936410104411,0.4794520547945205,0.3610046476356519,0.5996181332155396,0.4375,0.3267639534337789,0.5530024286118197,0.0875,0.4750000000000001,1.1102230246251563e-16,0.425
owlv2,80590,42969,44,purple bottle,1,20,5,1,0.9187198455967436,5,5,1.0,0.4781762498950185,1.0,1.0,0.4781762498950185,1.0,1.0,0.4781762498950185,1.0,0.0,0.0,0.0,80,1.0,0.9549359649323076,1.0,1.0,0.9549359649323076,1.0,1.0,0.9549359649323076,1.0,0.0,0.0,0.0,1.0
owlv2,80590,42969,44,purple bottle,1,20,5,1,0.9187198455967436,10,10,1.0,0.6915028921812392,1.0,1.0,0.6915028921812392,1.0,1.0,0.6915028921812392,1.0,0.0,0.0,0.0,80,1.0,0.9549359649323076,1.0,1.0,0.9549359649323076,1.0,1.0,0.9549359649323076,1.0,0.0,0.0,0.0,1.0
owlv2,80590,42969,44,purple bottle,1,20,5,1,0.9187198455967436,20,20,1.0,0.8315665290169146,1.0,1.0,0.8315665290169146,1.0,1.0,0.8315665290169146,1.0,0.0,0.0,0.0,80,1.0,0.9549359649323076,1.0,1.0,0.9549359649323076,1.0,1.0,0.9549359649323076,1.0,0.0,0.0,0.0,1.0
owlv2,80590,42969,44,purple bottle,1,20,5,1,0.9187198455967436,40,40,1.0,0.9119026971211976,1.0,1.0,0.9119026971211976,1.0,1.0,0.9119026971211976,1.0,0.0,0.0,0.0,80,1.0,0.9549359649323076,1.0,1.0,0.9549359649323076,1.0,1.0,0.9549359649323076,1.0,0.0,0.0,0.0,1.0
owlv2,80471,42996,1,third from right guy,1,20,5,0,0.3987543243825298,5,5,1.0,0.4781762498950185,1.0,1.0,0.4781762498950185,1.0,1.0,0.4781762498950185,1.0,0.0,0.0,0.0,80,0.9,0.8124348925365684,0.955829059846371,1.0,0.9500559162941452,1.0,0.9,0.8124348925365684,0.955829059846371,0.0999999999999999,0.0,0.0,1.0
owlv2,80471,42996,1,third from right guy,1,20,5,0,0.3987543243825298,10,10,0.9,0.5549838829718046,0.9974714214555382,1.0,0.6637328831200572,1.0,0.9,0.5549838829718046,0.9974714214555382,0.0999999999999999,0.0,0.0,80,0.9,0.8124348925365684,0.955829059846371,1.0,0.9500559162941452,1.0,0.9,0.8124348925365684,0.955829059846371,0.0999999999999999,0.0,0.0,0.9
owlv2,80471,42996,1,third from right guy,1,20,5,0,0.3987543243825298,20,20,0.95,0.7512672372279723,0.9987349105020502,1.0,0.8235330881930346,1.0,0.95,0.7512672372279723,0.9987349105020502,0.05,0.0,0.0,80,0.9,0.8124348925365684,0.955829059846371,1.0,0.9500559162941452,1.0,0.9,0.8124348925365684,0.955829059846371,0.0999999999999999,0.0,0.0,0.95
owlv2,80471,42996,1,third from right guy,1,20,5,0,0.3987543243825298,40,40,0.925,0.796135251267101,0.9842578201489584,1.0,0.90510941258501,1.0,0.925,0.796135251267101,0.9842578201489584,0.0749999999999999,0.0,0.0,80,0.9,0.8124348925365684,0.955829059846371,1.0,0.9500559162941452,1.0,0.9,0.8124348925365684,0.955829059846371,0.0999999999999999,0.0,0.0,0.925
owlv2,30203,47409,1,girl,1,4,4,1,0.9750871468011476,5,5,0.4,0.0527449505263169,0.8533672003653268,1.0,0.158113883008419,1.0,0.4,0.0527449505263169,0.8533672003653268,0.6,0.0,0.0,80,0.4,0.2920093562553104,0.5156230595045106,1.0,0.8911188393206472,1.0,0.4,0.2920093562553104,0.5156230595045106,0.6,0.0,0.0,0.4
owlv2,30203,47409,1,girl,1,4,4,1,0.9750871468011476,10,10,0.5,0.1870860284473985,0.8129139715526015,1.0,0.4781762498950185,1.0,0.5,0.1870860284473985,0.8129139715526015,0.5,0.0,0.0,80,0.4,0.2920093562553104,0.5156230595045106,1.0,0.8911188393206472,1.0,0.4,0.2920093562553104,0.5156230595045106,0.6,0.0,0.0,0.5
owlv2,30203,47409,1,girl,1,4,4,1,0.9750871468011476,20,20,0.5,0.2719578495607918,0.7280421504392082,1.0,0.6915028921812392,1.0,0.5,0.2719578495607918,0.7280421504392082,0.5,0.0,0.0,80,0.4,0.2920093562553104,0.5156230595045106,1.0,0.8911188393206472,1.0,0.4,0.2920093562553104,0.5156230595045106,0.6,0.0,0.0,0.5
owlv2,30203,47409,1,girl,1,4,4,1,0.9750871468011476,40,40,0.45,0.2925883500398799,0.6150932054659867,1.0,0.8146980318621478,1.0,0.45,0.2925883500398799,0.6150932054659867,0.55,0.0,0.0,80,0.4,0.2920093562553104,0.5156230595045106,1.0,0.8911188393206472,1.0,0.4,0.2920093562553104,0.5156230595045106,0.6,0.0,0.0,0.45
owlv2,86459,42500,18,koo koo dog,1,11,5,0,0.0,5,5,0.8,0.2835820638819106,0.994949236620532,1.0,0.3976353643835254,1.0,0.8,0.2835820638819106,0.994949236620532,0.1999999999999999,0.0,0.0,80,0.9625,0.8942980149834914,0.9921988127342832,1.0,0.953221931839596,1.0,0.9625,0.8942980149834914,0.9921988127342832,0.0374999999999999,0.0,0.0,0.8
owlv2,86459,42500,18,koo koo dog,1,11,5,0,0.0,10,10,0.9,0.5549838829718046,0.9974714214555382,1.0,0.6637328831200572,1.0,0.9,0.5549838829718046,0.9974714214555382,0.0999999999999999,0.0,0.0,80,0.9625,0.8942980149834914,0.9921988127342832,1.0,0.953221931839596,1.0,0.9625,0.8942980149834914,0.9921988127342832,0.0374999999999999,0.0,0.0,0.9
owlv2,86459,42500,18,koo koo dog,1,11,5,0,0.0,20,20,0.95,0.7512672372279723,0.9987349105020502,1.0,0.8235330881930346,1.0,0.95,0.7512672372279723,0.9987349105020502,0.05,0.0,0.0,80,0.9625,0.8942980149834914,0.9921988127342832,1.0,0.953221931839596,1.0,0.9625,0.8942980149834914,0.9921988127342832,0.0374999999999999,0.0,0.0,0.95
owlv2,86459,42500,18,koo koo dog,1,11,5,0,0.0,40,40,0.975,0.8684141415172343,0.9993672550679504,1.0,0.9097488990396656,1.0,0.975,0.8684141415172343,0.9993672550679504,0.025,0.0,0.0,80,0.9625,0.8942980149834914,0.9921988127342832,1.0,0.953221931839596,1.0,0.9625,0.8942980149834914,0.9921988127342832,0.0374999999999999,0.0,0.0,0.975
owlv2,433336,12907,1,person on right,1,20,5,0,0.096918021679096,5,5,0.8,0.2835820638819106,0.994949236620532,0.75,0.1941204496832434,0.9936905367902902,0.6,0.1466327996346731,0.9472550494736832,0.1999999999999999,0.2,5.551115123125783e-17,80,0.9125,0.8279916615801152,0.9640936410104411,0.8082191780821918,0.6992113575122558,0.8909938244628274,0.7375,0.6271491697875681,0.8295907488995917,0.0875,0.175,5.551115123125783e-17,0.6
owlv2,433336,12907,1,person on right,1,20,5,0,0.096918021679096,10,10,0.9,0.5549838829718046,0.9974714214555382,0.7777777777777778,0.3999064262836879,0.9718550265221018,0.7,0.3475471499400027,0.9332604888222656,0.0999999999999999,0.1999999999999999,8.326672684688674e-17,80,0.9125,0.8279916615801152,0.9640936410104411,0.8082191780821918,0.6992113575122558,0.8909938244628274,0.7375,0.6271491697875681,0.8295907488995917,0.0875,0.175,5.551115123125783e-17,0.7
owlv2,433336,12907,1,person on right,1,20,5,0,0.096918021679096,20,20,0.95,0.7512672372279723,0.9987349105020502,0.7894736842105263,0.5443469181084944,0.9394754622907102,0.75,0.5089541282920425,0.9134285308985652,0.05,0.1999999999999999,2.775557561562892e-17,80,0.9125,0.8279916615801152,0.9640936410104411,0.8082191780821918,0.6992113575122558,0.8909938244628274,0.7375,0.6271491697875681,0.8295907488995917,0.0875,0.175,5.551115123125783e-17,0.75
owlv2,433336,12907,1,person on right,1,20,5,0,0.096918021679096,40,40,0.95,0.8308031360405824,0.9938863534006492,0.8157894736842105,0.6567380056890788,0.9225731481611512,0.775,0.6154883226965773,0.891603361015928,0.05,0.175,8.326672684688674e-17,80,0.9125,0.8279916615801152,0.9640936410104411,0.8082191780821918,0.6992113575122558,0.8909938244628274,0.7375,0.6271491697875681,0.8295907488995917,0.0875,0.175,5.551115123125783e-17,0.775
owlv2,403197,15505,25,giraffe,1,20,5,1,0.9613671444478772,5,5,1.0,0.4781762498950185,1.0,1.0,0.4781762498950185,1.0,1.0,0.4781762498950185,1.0,0.0,0.0,0.0,80,0.9875,0.9323122155360776,0.9996835774723672,1.0,0.9543787472413888,1.0,0.9875,0.9323122155360776,0.9996835774723672,0.0124999999999999,0.0,0.0,1.0
owlv2,403197,15505,25,giraffe,1,20,5,1,0.9613671444478772,10,10,1.0,0.6915028921812392,1.0,1.0,0.6915028921812392,1.0,1.0,0.6915028921812392,1.0,0.0,0.0,0.0,80,0.9875,0.9323122155360776,0.9996835774723672,1.0,0.9543787472413888,1.0,0.9875,0.9323122155360776,0.9996835774723672,0.0124999999999999,0.0,0.0,1.0
owlv2,403197,15505,25,giraffe,1,20,5,1,0.9613671444478772,20,20,1.0,0.8315665290169146,1.0,1.0,0.8315665290169146,1.0,1.0,0.8315665290169146,1.0,0.0,0.0,0.0,80,0.9875,0.9323122155360776,0.9996835774723672,1.0,0.9543787472413888,1.0,0.9875,0.9323122155360776,0.9996835774723672,0.0124999999999999,0.0,0.0,1.0
owlv2,403197,15505,25,giraffe,1,20,5,1,0.9613671444478772,40,40,1.0,0.9119026971211976,1.0,1.0,0.9119026971211976,1.0,1.0,0.9119026971211976,1.0,0.0,0.0,0.0,80,0.9875,0.9323122155360776,0.9996835774723672,1.0,0.9543787472413888,1.0,0.9875,0.9323122155360776,0.9996835774723672,0.0124999999999999,0.0,0.0,1.0
owlv2,242539,29433,1,man sitting on edge by bats,1,20,5,0,0.2160919422952495,5,5,0.6,0.1466327996346731,0.9472550494736832,1.0,0.2924017738212867,1.0,0.6,0.1466327996346731,0.9472550494736832,0.4,0.0,0.0,80,0.6375,0.5223872787351915,0.7421051046283819,0.9803921568627452,0.8955251036044829,0.9995036955922624,0.625,0.5096452355928875,0.7308068300531951,0.3625,0.0125,6.938893903907227e-17,0.6
owlv2,242539,29433,1,man sitting on edge by bats,1,20,5,0,0.2160919422952495,10,10,0.6,0.2623780766069451,0.8784477418801728,1.0,0.5407418735600996,1.0,0.6,0.2623780766069451,0.8784477418801728,0.4,0.0,0.0,80,0.6375,0.5223872787351915,0.7421051046283819,0.9803921568627452,0.8955251036044829,0.9995036955922624,0.625,0.5096452355928875,0.7308068300531951,0.3625,0.0125,6.938893903907227e-17,0.6
owlv2,242539,29433,1,man sitting on edge by bats,1,20,5,0,0.2160919422952495,20,20,0.55,0.3152781330405486,0.7694221032240758,1.0,0.7150858470818456,1.0,0.55,0.3152781330405486,0.7694221032240758,0.4499999999999999,0.0,0.0,80,0.6375,0.5223872787351915,0.7421051046283819,0.9803921568627452,0.8955251036044829,0.9995036955922624,0.625,0.5096452355928875,0.7308068300531951,0.3625,0.0125,6.938893903907227e-17,0.55
owlv2,242539,29433,1,man sitting on edge by bats,1,20,5,0,0.2160919422952495,40,40,0.55,0.3849067945340133,0.7074116499601201,0.9545454545454546,0.7715556023323666,0.9988498524734264,0.525,0.3612801352640621,0.6848802933650138,0.4499999999999999,0.0249999999999999,4.163336342344337e-17,80,0.6375,0.5223872787351915,0.7421051046283819,0.9803921568627452,0.8955251036044829,0.9995036955922624,0.625,0.5096452355928875,0.7308068300531951,0.3625,0.0125,6.938893903907227e-17,0.525
owlv2,392180,16471,6,left front bus,1,20,5,1,0.9407026506971968,5,5,1.0,0.4781762498950185,1.0,1.0,0.4781762498950185,1.0,1.0,0.4781762498950185,1.0,0.0,0.0,0.0,80,0.975,0.9125928440694078,0.9969579138351904,0.8333333333333334,0.7318723276232693,0.9081615586639038,0.8125,0.7096721043523089,0.8910863118524706,0.025,0.1624999999999999,2.775557561562892e-17,1.0
owlv2,392180,16471,6,left front bus,1,20,5,1,0.9407026506971968,10,10,1.0,0.6915028921812392,1.0,0.9,0.5549838829718046,0.9974714214555382,0.9,0.5549838829718046,0.9974714214555382,0.0,0.0999999999999999,0.0,80,0.975,0.9125928440694078,0.9969579138351904,0.8333333333333334,0.7318723276232693,0.9081615586639038,0.8125,0.7096721043523089,0.8910863118524706,0.025,0.1624999999999999,2.775557561562892e-17,0.9
owlv2,392180,16471,6,left front bus,1,20,5,1,0.9407026506971968,20,20,1.0,0.8315665290169146,1.0,0.9,0.6830172859809176,0.9876514728297052,0.9,0.6830172859809176,0.9876514728297052,0.0,0.0999999999999999,0.0,80,0.975,0.9125928440694078,0.9969579138351904,0.8333333333333334,0.7318723276232693,0.9081615586639038,0.8125,0.7096721043523089,0.8910863118524706,0.025,0.1624999999999999,2.775557561562892e-17,0.9
owlv2,392180,16471,6,left front bus,1,20,5,1,0.9407026506971968,40,40,1.0,0.9119026971211976,1.0,0.85,0.7016473331604236,0.942897741845474,0.85,0.7016473331604236,0.942897741845474,0.0,0.15,0.0,80,0.975,0.9125928440694078,0.9969579138351904,0.8333333333333334,0.7318723276232693,0.9081615586639038,0.8125,0.7096721043523089,0.8910863118524706,0.025,0.1624999999999999,2.775557561562892e-17,0.85
owlv2,510680,6222,52,left center banna,1,15,5,0,0.0,5,5,0.6,0.1466327996346731,0.9472550494736832,0.0,0.0,0.7075982261787133,0.0,0.0,0.5218237501049814,0.4,0.6,0.0,80,0.975,0.9125928440694078,0.9969579138351904,0.4102564102564102,0.3000806643263823,0.5274580880920026,0.4,0.2920093562553104,0.5156230595045106,0.025,0.575,0.0,0.0
owlv2,510680,6222,52,left center banna,1,15,5,0,0.0,10,10,0.8,0.4439045376923585,0.9747892736731666,0.125,0.0031597235312519,0.5265096708752065,0.1,0.0025285785444617,0.4450161170281954,0.1999999999999999,0.7000000000000001,0.0,80,0.975,0.9125928440694078,0.9969579138351904,0.4102564102564102,0.3000806643263823,0.5274580880920026,0.4,0.2920093562553104,0.5156230595045106,0.025,0.575,0.0,0.1
owlv2,510680,6222,52,left center banna,1,15,5,0,0.0,20,20,0.85,0.6210731734546859,0.9679290628145364,0.2352941176470588,0.0681077404373566,0.4989932732045799,0.2,0.0573339970500327,0.4366140029966682,0.15,0.6499999999999999,1.1102230246251563e-16,80,0.975,0.9125928440694078,0.9969579138351904,0.4102564102564102,0.3000806643263823,0.5274580880920026,0.4,0.2920093562553104,0.5156230595045106,0.025,0.575,0.0,0.2
owlv2,510680,6222,52,left center banna,1,15,5,0,0.0,40,40,0.9,0.7633626001239001,0.9720745847057808,0.2777777777777778,0.142002447263402,0.4518611450678392,0.25,0.126914798932845,0.4119619801514298,0.0999999999999999,0.65,0.0,80,0.975,0.9125928440694078,0.9969579138351904,0.4102564102564102,0.3000806643263823,0.5274580880920026,0.4,0.2920093562553104,0.5156230595045106,0.025,0.575,0.0,0.25
owlv2,355779,19410,1,girl holding a cat,1,12,5,0,0.2717160970950705,5,5,0.4,0.0527449505263169,0.8533672003653268,1.0,0.158113883008419,1.0,0.4,0.0527449505263169,0.8533672003653268,0.6,0.0,0.0,80,0.5875,0.4718483404252045,0.6964754070624058,1.0,0.9245142663089414,1.0,0.5875,0.4718483404252045,0.6964754070624058,0.4125,0.0,0.0,0.4
owlv2,355779,19410,1,girl holding a cat,1,12,5,0,0.2717160970950705,10,10,0.5,0.1870860284473985,0.8129139715526015,1.0,0.4781762498950185,1.0,0.5,0.1870860284473985,0.8129139715526015,0.5,0.0,0.0,80,0.5875,0.4718483404252045,0.6964754070624058,1.0,0.9245142663089414,1.0,0.5875,0.4718483404252045,0.6964754070624058,0.4125,0.0,0.0,0.5
owlv2,355779,19410,1,girl holding a cat,1,12,5,0,0.2717160970950705,20,20,0.6,0.3605425873074897,0.8088099392746928,1.0,0.7353515306029488,1.0,0.6,0.3605425873074897,0.8088099392746928,0.4,0.0,0.0,80,0.5875,0.4718483404252045,0.6964754070624058,1.0,0.9245142663089414,1.0,0.5875,0.4718483404252045,0.6964754070624058,0.4125,0.0,0.0,0.6
owlv2,355779,19410,1,girl holding a cat,1,12,5,0,0.2717160970950705,40,40,0.625,0.4580147522326109,0.772737277518174,1.0,0.8628148284692875,1.0,0.625,0.4580147522326109,0.772737277518174,0.375,0.0,0.0,80,0.5875,0.4718483404252045,0.6964754070624058,1.0,0.9245142663089414,1.0,0.5875,0.4718483404252045,0.6964754070624058,0.4125,0.0,0.0,0.625
owlv2,2823,49786,4,red bike on the far left,1,20,5,1,0.8534824249959253,5,5,1.0,0.4781762498950185,1.0,1.0,0.4781762498950185,1.0,1.0,0.4781762498950185,1.0,0.0,0.0,0.0,80,1.0,0.9549359649323076,1.0,1.0,0.9549359649323076,1.0,1.0,0.9549359649323076,1.0,0.0,0.0,0.0,1.0
owlv2,2823,49786,4,red bike on the far left,1,20,5,1,0.8534824249959253,10,10,1.0,0.6915028921812392,1.0,1.0,0.6915028921812392,1.0,1.0,0.6915028921812392,1.0,0.0,0.0,0.0,80,1.0,0.9549359649323076,1.0,1.0,0.9549359649323076,1.0,1.0,0.9549359649323076,1.0,0.0,0.0,0.0,1.0
owlv2,2823,49786,4,red bike on the far left,1,20,5,1,0.8534824249959253,20,20,1.0,0.8315665290169146,1.0,0.95,0.7512672372279723,0.9987349105020502,0.95,0.7512672372279723,0.9987349105020502,0.0,0.05,0.0,80,1.0,0.9549359649323076,1.0,1.0,0.9549359649323076,1.0,1.0,0.9549359649323076,1.0,0.0,0.0,0.0,0.95
owlv2,2823,49786,4,red bike on the far left,1,20,5,1,0.8534824249959253,40,40,1.0,0.9119026971211976,1.0,0.975,0.8684141415172343,0.9993672550679504,0.975,0.8684141415172343,0.9993672550679504,0.0,0.025,0.0,80,1.0,0.9549359649323076,1.0,1.0,0.9549359649323076,1.0,1.0,0.9549359649323076,1.0,0.0,0.0,0.0,0.975
owlv2,162283,36086,1,red shirt,1,12,5,0,0.1907954711428595,5,5,0.8,0.2835820638819106,0.994949236620532,1.0,0.3976353643835254,1.0,0.8,0.2835820638819106,0.994949236620532,0.1999999999999999,0.0,0.0,80,0.875,0.7821108659305637,0.9383979034415656,1.0,0.9486662028489764,1.0,0.875,0.7821108659305637,0.9383979034415656,0.125,0.0,0.0,0.8
owlv2,162283,36086,1,red shirt,1,12,5,0,0.1907954711428595,10,10,0.7,0.3475471499400027,0.9332604888222656,1.0,0.5903836027749967,1.0,0.7,0.3475471499400027,0.9332604888222656,0.3,0.0,0.0,80,0.875,0.7821108659305637,0.9383979034415656,1.0,0.9486662028489764,1.0,0.875,0.7821108659305637,0.9383979034415656,0.125,0.0,0.0,0.7
owlv2,162283,36086,1,red shirt,1,12,5,0,0.1907954711428595,20,20,0.75,0.5089541282920425,0.9134285308985652,1.0,0.781980639089466,1.0,0.75,0.5089541282920425,0.9134285308985652,0.25,0.0,0.0,80,0.875,0.7821108659305637,0.9383979034415656,1.0,0.9486662028489764,1.0,0.875,0.7821108659305637,0.9383979034415656,0.125,0.0,0.0,0.75
owlv2,162283,36086,1,red shirt,1,12,5,0,0.1907954711428595,40,40,0.8,0.6435219813207653,0.9094775906000092,1.0,0.8911188393206472,1.0,0.8,0.6435219813207653,0.9094775906000092,0.1999999999999999,0.0,0.0,80,0.875,0.7821108659305637,0.9383979034415656,1.0,0.9486662028489764,1.0,0.875,0.7821108659305637,0.9383979034415656,0.125,0.0,0.0,0.8
owlv2,100209,41256,1,kid,1,4,4,1,0.9277445167664456,5,5,0.4,0.0527449505263169,0.8533672003653268,1.0,0.158113883008419,1.0,0.4,0.0527449505263169,0.8533672003653268,0.6,0.0,0.0,80,0.3625,0.2578948953716181,0.4776127212648084,1.0,0.8805551309304973,1.0,0.3625,0.2578948953716181,0.4776127212648084,0.6375,0.0,0.0,0.4
owlv2,100209,41256,1,kid,1,4,4,1,0.9277445167664456,10,10,0.5,0.1870860284473985,0.8129139715526015,1.0,0.4781762498950185,1.0,0.5,0.1870860284473985,0.8129139715526015,0.5,0.0,0.0,80,0.3625,0.2578948953716181,0.4776127212648084,1.0,0.8805551309304973,1.0,0.3625,0.2578948953716181,0.4776127212648084,0.6375,0.0,0.0,0.5
owlv2,100209,41256,1,kid,1,4,4,1,0.9277445167664456,20,20,0.5,0.2719578495607918,0.7280421504392082,1.0,0.6915028921812392,1.0,0.5,0.2719578495607918,0.7280421504392082,0.5,0.0,0.0,80,0.3625,0.2578948953716181,0.4776127212648084,1.0,0.8805551309304973,1.0,0.3625,0.2578948953716181,0.4776127212648084,0.6375,0.0,0.0,0.5
owlv2,100209,41256,1,kid,1,4,4,1,0.9277445167664456,40,40,0.45,0.2925883500398799,0.6150932054659867,1.0,0.8146980318621478,1.0,0.45,0.2925883500398799,0.6150932054659867,0.55,0.0,0.0,80,0.3625,0.2578948953716181,0.4776127212648084,1.0,0.8805551309304973,1.0,0.3625,0.2578948953716181,0.4776127212648084,0.6375,0.0,0.0,0.45
owlv2,498770,7244,56,brocolli on right front corner,1,20,5,1,0.9597692815966616,5,5,1.0,0.4781762498950185,1.0,1.0,0.4781762498950185,1.0,1.0,0.4781762498950185,1.0,0.0,0.0,0.0,80,1.0,0.9549359649323076,1.0,1.0,0.9549359649323076,1.0,1.0,0.9549359649323076,1.0,0.0,0.0,0.0,1.0
owlv2,498770,7244,56,brocolli on right front corner,1,20,5,1,0.9597692815966616,10,10,1.0,0.6915028921812392,1.0,1.0,0.6915028921812392,1.0,1.0,0.6915028921812392,1.0,0.0,0.0,0.0,80,1.0,0.9549359649323076,1.0,1.0,0.9549359649323076,1.0,1.0,0.9549359649323076,1.0,0.0,0.0,0.0,1.0
owlv2,498770,7244,56,brocolli on right front corner,1,20,5,1,0.9597692815966616,20,20,1.0,0.8315665290169146,1.0,1.0,0.8315665290169146,1.0,1.0,0.8315665290169146,1.0,0.0,0.0,0.0,80,1.0,0.9549359649323076,1.0,1.0,0.9549359649323076,1.0,1.0,0.9549359649323076,1.0,0.0,0.0,0.0,1.0
owlv2,498770,7244,56,brocolli on right front corner,1,20,5,1,0.9597692815966616,40,40,1.0,0.9119026971211976,1.0,1.0,0.9119026971211976,1.0,1.0,0.9119026971211976,1.0,0.0,0.0,0.0,80,1.0,0.9549359649323076,1.0,1.0,0.9549359649323076,1.0,1.0,0.9549359649323076,1.0,0.0,0.0,0.0,1.0
owlv2,232371,30262,25,taller girraff,1,15,5,0,0.4978557791345303,5,5,1.0,0.4781762498950185,1.0,1.0,0.4781762498950185,1.0,1.0,0.4781762498950185,1.0,0.0,0.0,0.0,80,0.95,0.876901263556847,0.9862106060235382,0.9078947368421052,0.8193921085893935,0.962161948082036,0.8625,0.7672791291752744,0.9293121672961212,0.05,0.0874999999999999,4.163336342344337e-17,1.0
owlv2,232371,30262,25,taller girraff,1,15,5,0,0.4978557791345303,10,10,1.0,0.6915028921812392,1.0,1.0,0.6915028921812392,1.0,1.0,0.6915028921812392,1.0,0.0,0.0,0.0,80,0.95,0.876901263556847,0.9862106060235382,0.9078947368421052,0.8193921085893935,0.962161948082036,0.8625,0.7672791291752744,0.9293121672961212,0.05,0.0874999999999999,4.163336342344337e-17,1.0
owlv2,232371,30262,25,taller girraff,1,15,5,0,0.4978557791345303,20,20,1.0,0.8315665290169146,1.0,1.0,0.8315665290169146,1.0,1.0,0.8315665290169146,1.0,0.0,0.0,0.0,80,0.95,0.876901263556847,0.9862106060235382,0.9078947368421052,0.8193921085893935,0.962161948082036,0.8625,0.7672791291752744,0.9293121672961212,0.05,0.0874999999999999,4.163336342344337e-17,1.0
owlv2,232371,30262,25,taller girraff,1,15,5,0,0.4978557791345303,40,40,1.0,0.9119026971211976,1.0,1.0,0.9119026971211976,1.0,1.0,0.9119026971211976,1.0,0.0,0.0,0.0,80,0.95,0.876901263556847,0.9862106060235382,0.9078947368421052,0.8193921085893935,0.962161948082036,0.8625,0.7672791291752744,0.9293121672961212,0.05,0.0874999999999999,4.163336342344337e-17,1.0
owlv2,203034,32811,82,the fridge,1,20,5,0,0.002680405121079,5,5,1.0,0.4781762498950185,1.0,0.8,0.2835820638819106,0.994949236620532,0.8,0.2835820638819106,0.994949236620532,0.0,0.1999999999999999,0.0,80,0.925,0.8438720682639279,0.9719794538231588,0.8243243243243243,0.7183432989223599,0.903007230548411,0.7625,0.6542230288597322,0.8505462481433591,0.0749999999999999,0.1624999999999999,1.1102230246251563e-16,0.8
owlv2,203034,32811,82,the fridge,1,20,5,0,0.002680405121079,10,10,1.0,0.6915028921812392,1.0,0.9,0.5549838829718046,0.9974714214555382,0.9,0.5549838829718046,0.9974714214555382,0.0,0.0999999999999999,0.0,80,0.925,0.8438720682639279,0.9719794538231588,0.8243243243243243,0.7183432989223599,0.903007230548411,0.7625,0.6542230288597322,0.8505462481433591,0.0749999999999999,0.1624999999999999,1.1102230246251563e-16,0.9
owlv2,203034,32811,82,the fridge,1,20,5,0,0.002680405121079,20,20,1.0,0.8315665290169146,1.0,0.85,0.6210731734546859,0.9679290628145364,0.85,0.6210731734546859,0.9679290628145364,0.0,0.15,0.0,80,0.925,0.8438720682639279,0.9719794538231588,0.8243243243243243,0.7183432989223599,0.903007230548411,0.7625,0.6542230288597322,0.8505462481433591,0.0749999999999999,0.1624999999999999,1.1102230246251563e-16,0.85
owlv2,203034,32811,82,the fridge,1,20,5,0,0.002680405121079,40,40,0.975,0.8684141415172343,0.9993672550679504,0.8461538461538461,0.6947200755632874,0.9413757371392106,0.825,0.6722098666384142,0.9266172706479148,0.025,0.15,2.775557561562892e-17,80,0.925,0.8438720682639279,0.9719794538231588,0.8243243243243243,0.7183432989223599,0.903007230548411,0.7625,0.6542230288597322,0.8505462481433591,0.0749999999999999,0.1624999999999999,1.1102230246251563e-16,0.825
owlv2,226840,30694,24,zebra on right,1,17,5,0,0.0327010624057357,5,5,1.0,0.4781762498950185,1.0,1.0,0.4781762498950185,1.0,1.0,0.4781762498950185,1.0,0.0,0.0,0.0,80,0.9875,0.9323122155360776,0.9996835774723672,1.0,0.9543787472413888,1.0,0.9875,0.9323122155360776,0.9996835774723672,0.0124999999999999,0.0,0.0,1.0
owlv2,226840,30694,24,zebra on right,1,17,5,0,0.0327010624057357,10,10,1.0,0.6915028921812392,1.0,0.9,0.5549838829718046,0.9974714214555382,0.9,0.5549838829718046,0.9974714214555382,0.0,0.0999999999999999,0.0,80,0.9875,0.9323122155360776,0.9996835774723672,1.0,0.9543787472413888,1.0,0.9875,0.9323122155360776,0.9996835774723672,0.0124999999999999,0.0,0.0,0.9
owlv2,226840,30694,24,zebra on right,1,17,5,0,0.0327010624057357,20,20,1.0,0.8315665290169146,1.0,0.95,0.7512672372279723,0.9987349105020502,0.95,0.7512672372279723,0.9987349105020502,0.0,0.05,0.0,80,0.9875,0.9323122155360776,0.9996835774723672,1.0,0.9543787472413888,1.0,0.9875,0.9323122155360776,0.9996835774723672,0.0124999999999999,0.0,0.0,0.95
owlv2,226840,30694,24,zebra on right,1,17,5,0,0.0327010624057357,40,40,1.0,0.9119026971211976,1.0,0.975,0.8684141415172343,0.9993672550679504,0.975,0.8684141415172343,0.9993672550679504,0.0,0.025,0.0,80,0.9875,0.9323122155360776,0.9996835774723672,1.0,0.9543787472413888,1.0,0.9875,0.9323122155360776,0.9996835774723672,0.0124999999999999,0.0,0.0,0.975
owlv2,24939,47859,1,wii bowler,1,20,5,0,0.0053959236682367,5,5,0.6,0.1466327996346731,0.9472550494736832,0.3333333333333333,0.0084037586596126,0.905700675949754,0.2,0.005050763379468,0.7164179361180893,0.4,0.4,0.0,80,0.5125,0.3981046687031854,0.625942518555561,0.4878048780487805,0.3287790357712738,0.6486576061825842,0.25,0.1598796445068558,0.35936347590685,0.4875,0.2624999999999999,0.0,0.2
owlv2,24939,47859,1,wii bowler,1,20,5,0,0.0053959236682367,10,10,0.6,0.2623780766069451,0.8784477418801728,0.5,0.1181172487570252,0.8818827512429748,0.3,0.0667395111777345,0.6524528500599973,0.4,0.3,5.551115123125783e-17,80,0.5125,0.3981046687031854,0.625942518555561,0.4878048780487805,0.3287790357712738,0.6486576061825842,0.25,0.1598796445068558,0.35936347590685,0.4875,0.2624999999999999,0.0,0.3
owlv2,24939,47859,1,wii bowler,1,20,5,0,0.0053959236682367,20,20,0.6,0.3605425873074897,0.8088099392746928,0.25,0.0548606445279927,0.5718584618781891,0.15,0.0320709371854637,0.378926826545314,0.4,0.4499999999999999,0.0,80,0.5125,0.3981046687031854,0.625942518555561,0.4878048780487805,0.3287790357712738,0.6486576061825842,0.25,0.1598796445068558,0.35936347590685,0.4875,0.2624999999999999,0.0,0.15
owlv2,24939,47859,1,wii bowler,1,20,5,0,0.0053959236682367,40,40,0.575,0.4089005804269633,0.7295709687311371,0.391304347826087,0.1970764239690144,0.6145810426111503,0.225,0.108396638984072,0.3845116773034227,0.425,0.35,0.0,80,0.5125,0.3981046687031854,0.625942518555561,0.4878048780487805,0.3287790357712738,0.6486576061825842,0.25,0.1598796445068558,0.35936347590685,0.4875,0.2624999999999999,0.0,0.225
owlv2,532595,4313,46,wine glass on the left,1,20,5,0,0.0,5,5,0.8,0.2835820638819106,0.994949236620532,1.0,0.3976353643835254,1.0,0.8,0.2835820638819106,0.994949236620532,0.1999999999999999,0.0,0.0,80,0.875,0.7821108659305637,0.9383979034415656,0.7285714285714285,0.6090202122941877,0.8280088362003183,0.6375,0.5223872787351915,0.7421051046283819,0.125,0.2375,0.0,0.8
owlv2,532595,4313,46,wine glass on the left,1,20,5,0,0.0,10,10,0.9,0.5549838829718046,0.9974714214555382,0.7777777777777778,0.3999064262836879,0.9718550265221018,0.7,0.3475471499400027,0.9332604888222656,0.0999999999999999,0.1999999999999999,8.326672684688674e-17,80,0.875,0.7821108659305637,0.9383979034415656,0.7285714285714285,0.6090202122941877,0.8280088362003183,0.6375,0.5223872787351915,0.7421051046283819,0.125,0.2375,0.0,0.7
owlv2,532595,4313,46,wine glass on the left,1,20,5,0,0.0,20,20,0.9,0.6830172859809176,0.9876514728297052,0.7222222222222222,0.4651980344169439,0.9030507874744408,0.65,0.4078114654671719,0.8460907952154588,0.0999999999999999,0.25,0.0,80,0.875,0.7821108659305637,0.9383979034415656,0.7285714285714285,0.6090202122941877,0.8280088362003183,0.6375,0.5223872787351915,0.7421051046283819,0.125,0.2375,0.0,0.65
owlv2,532595,4313,46,wine glass on the left,1,20,5,0,0.0,40,40,0.9,0.7633626001239001,0.9720745847057808,0.8333333333333334,0.671884067957082,0.9362798663916144,0.75,0.5880380198485702,0.873085201067155,0.0999999999999999,0.1499999999999999,5.551115123125783e-17,80,0.875,0.7821108659305637,0.9383979034415656,0.7285714285714285,0.6090202122941877,0.8280088362003183,0.6375,0.5223872787351915,0.7421051046283819,0.125,0.2375,0.0,0.75
owlv2,90444,42135,1,guy sitting,1,20,5,1,0.9549995853648976,5,5,1.0,0.4781762498950185,1.0,1.0,0.4781762498950185,1.0,1.0,0.4781762498950185,1.0,0.0,0.0,0.0,80,1.0,0.9549359649323076,1.0,1.0,0.9549359649323076,1.0,1.0,0.9549359649323076,1.0,0.0,0.0,0.0,1.0
owlv2,90444,42135,1,guy sitting,1,20,5,1,0.9549995853648976,10,10,1.0,0.6915028921812392,1.0,1.0,0.6915028921812392,1.0,1.0,0.6915028921812392,1.0,0.0,0.0,0.0,80,1.0,0.9549359649323076,1.0,1.0,0.9549359649323076,1.0,1.0,0.9549359649323076,1.0,0.0,0.0,0.0,1.0
owlv2,90444,42135,1,guy sitting,1,20,5,1,0.9549995853648976,20,20,1.0,0.8315665290169146,1.0,1.0,0.8315665290169146,1.0,1.0,0.8315665290169146,1.0,0.0,0.0,0.0,80,1.0,0.9549359649323076,1.0,1.0,0.9549359649323076,1.0,1.0,0.9549359649323076,1.0,0.0,0.0,0.0,1.0
owlv2,90444,42135,1,guy sitting,1,20,5,1,0.9549995853648976,40,40,1.0,0.9119026971211976,1.0,1.0,0.9119026971211976,1.0,1.0,0.9119026971211976,1.0,0.0,0.0,0.0,80,1.0,0.9549359649323076,1.0,1.0,0.9549359649323076,1.0,1.0,0.9549359649323076,1.0,0.0,0.0,0.0,1.0
owlv2,321318,22624,1,right person,1,20,5,0,0.0,5,5,1.0,0.4781762498950185,1.0,0.8,0.2835820638819106,0.994949236620532,0.8,0.2835820638819106,0.994949236620532,0.0,0.1999999999999999,0.0,80,1.0,0.9549359649323076,1.0,0.8,0.6956311329945355,0.8811409135950147,0.8,0.6956311329945355,0.8811409135950147,0.0,0.1999999999999999,0.0,0.8
owlv2,321318,22624,1,right person,1,20,5,0,0.0,10,10,1.0,0.6915028921812392,1.0,0.7,0.3475471499400027,0.9332604888222656,0.7,0.3475471499400027,0.9332604888222656,0.0,0.3,0.0,80,1.0,0.9549359649323076,1.0,0.8,0.6956311329945355,0.8811409135950147,0.8,0.6956311329945355,0.8811409135950147,0.0,0.1999999999999999,0.0,0.7
owlv2,321318,22624,1,right person,1,20,5,0,0.0,20,20,1.0,0.8315665290169146,1.0,0.7,0.4572108177237109,0.8810684095942722,0.7,0.4572108177237109,0.8810684095942722,0.0,0.3,0.0,80,1.0,0.9549359649323076,1.0,0.8,0.6956311329945355,0.8811409135950147,0.8,0.6956311329945355,0.8811409135950147,0.0,0.1999999999999999,0.0,0.7
owlv2,321318,22624,1,right person,1,20,5,0,0.0,40,40,1.0,0.9119026971211976,1.0,0.75,0.5880380198485702,0.873085201067155,0.75,0.5880380198485702,0.873085201067155,0.0,0.25,0.0,80,1.0,0.9549359649323076,1.0,0.8,0.6956311329945355,0.8811409135950147,0.8,0.6956311329945355,0.8811409135950147,0.0,0.1999999999999999,0.0,0.75
owlv2,320137,22746,1,man in white,1,4,4,1,0.8754867394685611,5,5,0.4,0.0527449505263169,0.8533672003653268,1.0,0.158113883008419,1.0,0.4,0.0527449505263169,0.8533672003653268,0.6,0.0,0.0,80,0.4625,0.3502764265383983,0.5775824719951649,1.0,0.90510941258501,1.0,0.4625,0.3502764265383983,0.5775824719951649,0.5375,0.0,0.0,0.4
owlv2,320137,22746,1,man in white,1,4,4,1,0.8754867394685611,10,10,0.5,0.1870860284473985,0.8129139715526015,1.0,0.4781762498950185,1.0,0.5,0.1870860284473985,0.8129139715526015,0.5,0.0,0.0,80,0.4625,0.3502764265383983,0.5775824719951649,1.0,0.90510941258501,1.0,0.4625,0.3502764265383983,0.5775824719951649,0.5375,0.0,0.0,0.5
owlv2,320137,22746,1,man in white,1,4,4,1,0.8754867394685611,20,20,0.5,0.2719578495607918,0.7280421504392082,1.0,0.6915028921812392,1.0,0.5,0.2719578495607918,0.7280421504392082,0.5,0.0,0.0,80,0.4625,0.3502764265383983,0.5775824719951649,1.0,0.90510941258501,1.0,0.4625,0.3502764265383983,0.5775824719951649,0.5375,0.0,0.0,0.5
owlv2,320137,22746,1,man in white,1,4,4,1,0.8754867394685611,40,40,0.5,0.3380178137372345,0.6619821862627655,1.0,0.8315665290169146,1.0,0.5,0.3380178137372345,0.6619821862627655,0.5,0.0,0.0,80,0.4625,0.3502764265383983,0.5775824719951649,1.0,0.90510941258501,1.0,0.4625,0.3502764265383983,0.5775824719951649,0.5375,0.0,0.0,0.5
owlv2,420831,14049,84,the complete short stories book,1,20,5,0,0.0,5,5,1.0,0.4781762498950185,1.0,0.8,0.2835820638819106,0.994949236620532,0.8,0.2835820638819106,0.994949236620532,0.0,0.1999999999999999,0.0,80,0.975,0.9125928440694078,0.9969579138351904,0.9615384615384616,0.8916883497107275,0.9919969715825026,0.9375,0.8601429247023609,0.9793969276979898,0.025,0.0374999999999999,6.938893903907228e-18,0.8
owlv2,420831,14049,84,the complete short stories book,1,20,5,0,0.0,10,10,0.9,0.5549838829718046,0.9974714214555382,0.7777777777777778,0.3999064262836879,0.9718550265221018,0.7,0.3475471499400027,0.9332604888222656,0.0999999999999999,0.1999999999999999,8.326672684688674e-17,80,0.975,0.9125928440694078,0.9969579138351904,0.9615384615384616,0.8916883497107275,0.9919969715825026,0.9375,0.8601429247023609,0.9793969276979898,0.025,0.0374999999999999,6.938893903907228e-18,0.7
owlv2,420831,14049,84,the complete short stories book,1,20,5,0,0.0,20,20,0.9,0.6830172859809176,0.9876514728297052,0.8333333333333334,0.585822508605226,0.9642149168784252,0.75,0.5089541282920425,0.9134285308985652,0.0999999999999999,0.1499999999999999,5.551115123125783e-17,80,0.975,0.9125928440694078,0.9969579138351904,0.9615384615384616,0.8916883497107275,0.9919969715825026,0.9375,0.8601429247023609,0.9793969276979898,0.025,0.0374999999999999,6.938893903907228e-18,0.75
owlv2,420831,14049,84,the complete short stories book,1,20,5,0,0.0,40,40,0.95,0.8308031360405824,0.9938863534006492,0.868421052631579,0.7191361541162468,0.9558625599420856,0.825,0.6722098666384142,0.9266172706479148,0.05,0.1249999999999999,4.163336342344337e-17,80,0.975,0.9125928440694078,0.9969579138351904,0.9615384615384616,0.8916883497107275,0.9919969715825026,0.9375,0.8601429247023609,0.9793969276979898,0.025,0.0374999999999999,6.938893903907228e-18,0.825
owlv2,78578,43154,1,far person left in the dark,1,20,5,1,0.8978995945977427,5,5,0.8,0.2835820638819106,0.994949236620532,0.5,0.0675859864885429,0.932414013511457,0.4,0.0527449505263169,0.8533672003653268,0.1999999999999999,0.4,0.0,80,0.9375,0.8601429247023609,0.9793969276979898,0.32,0.2169263485813335,0.4377905168489412,0.3,0.2025739291466727,0.412759323081376,0.0625,0.6375,0.0,0.4
owlv2,78578,43154,1,far person left in the dark,1,20,5,1,0.8978995945977427,10,10,0.9,0.5549838829718046,0.9974714214555382,0.4444444444444444,0.1369956622651665,0.7879914932211319,0.4,0.1215522581198272,0.7376219233930549,0.0999999999999999,0.5,0.0,80,0.9375,0.8601429247023609,0.9793969276979898,0.32,0.2169263485813335,0.4377905168489412,0.3,0.2025739291466727,0.412759323081376,0.0625,0.6375,0.0,0.4
owlv2,78578,43154,1,far person left in the dark,1,20,5,1,0.8978995945977427,20,20,0.95,0.7512672372279723,0.9987349105020502,0.3157894736842105,0.1257606358729833,0.5655015688461509,0.3,0.1189315904057277,0.5427891822762891,0.05,0.65,1.1102230246251563e-16,80,0.9375,0.8601429247023609,0.9793969276979898,0.32,0.2169263485813335,0.4377905168489412,0.3,0.2025739291466727,0.412759323081376,0.0625,0.6375,0.0,0.3
owlv2,78578,43154,1,far person left in the dark,1,20,5,1,0.8978995945977427,40,40,0.925,0.796135251267101,0.9842578201489584,0.2972972972972973,0.1587254363796285,0.4697995349940668,0.275,0.1460089919638656,0.4388829071790481,0.0749999999999999,0.6499999999999999,1.1102230246251563e-16,80,0.9375,0.8601429247023609,0.9793969276979898,0.32,0.2169263485813335,0.4377905168489412,0.3,0.2025739291466727,0.412759323081376,0.0625,0.6375,0.0,0.275
owlv2,298983,24617,19,right hrse,1,5,5,0,0.0,5,5,0.0,0.0,0.5218237501049814,,,,0.0,0.0,0.5218237501049814,1.0,0.0,0.0,80,0.2125,0.1289364950975817,0.3182858085596558,0.8823529411764706,0.6355908378987498,0.9854206831596976,0.1875,0.1089136881475294,0.2903278956476912,0.7875,0.025,1.7347234759768068e-17,0.0
owlv2,298983,24617,19,right hrse,1,5,5,0,0.0,10,10,0.1,0.0025285785444617,0.4450161170281954,1.0,0.025,1.0,0.1,0.0025285785444617,0.4450161170281954,0.9,0.0,0.0,80,0.2125,0.1289364950975817,0.3182858085596558,0.8823529411764706,0.6355908378987498,0.9854206831596976,0.1875,0.1089136881475294,0.2903278956476912,0.7875,0.025,1.7347234759768068e-17,0.1
owlv2,298983,24617,19,right hrse,1,5,5,0,0.0,20,20,0.25,0.0865714691014346,0.4910458717079575,1.0,0.4781762498950185,1.0,0.25,0.0865714691014346,0.4910458717079575,0.75,0.0,0.0,80,0.2125,0.1289364950975817,0.3182858085596558,0.8823529411764706,0.6355908378987498,0.9854206831596976,0.1875,0.1089136881475294,0.2903278956476912,0.7875,0.025,1.7347234759768068e-17,0.25
owlv2,298983,24617,19,right hrse,1,5,5,0,0.0,40,40,0.25,0.126914798932845,0.4119619801514298,1.0,0.6915028921812392,1.0,0.25,0.126914798932845,0.4119619801514298,0.75,0.0,0.0,80,0.2125,0.1289364950975817,0.3182858085596558,0.8823529411764706,0.6355908378987498,0.9854206831596976,0.1875,0.1089136881475294,0.2903278956476912,0.7875,0.025,1.7347234759768068e-17,0.25
owlv2,1298,49892,1,fatty in center frame,1,17,5,0,0.035714851180325,5,5,0.6,0.1466327996346731,0.9472550494736832,0.6666666666666666,0.0942993240502461,0.9915962413403874,0.4,0.0527449505263169,0.8533672003653268,0.4,0.2,5.551115123125783e-17,80,0.6,0.4843769404954894,0.7079906437446896,0.5,0.3522516305533438,0.6477483694466561,0.3,0.2025739291466727,0.412759323081376,0.4,0.3,5.551115123125783e-17,0.4
owlv2,1298,49892,1,fatty in center frame,1,17,5,0,0.035714851180325,10,10,0.6,0.2623780766069451,0.8784477418801728,0.5,0.1181172487570252,0.8818827512429748,0.3,0.0667395111777345,0.6524528500599973,0.4,0.3,5.551115123125783e-17,80,0.6,0.4843769404954894,0.7079906437446896,0.5,0.3522516305533438,0.6477483694466561,0.3,0.2025739291466727,0.412759323081376,0.4,0.3,5.551115123125783e-17,0.3
owlv2,1298,49892,1,fatty in center frame,1,17,5,0,0.035714851180325,20,20,0.65,0.4078114654671719,0.8460907952154588,0.5384615384615384,0.2513454822703036,0.8077675581987119,0.35,0.1539092047845411,0.5921885345328282,0.35,0.3,0.0,80,0.6,0.4843769404954894,0.7079906437446896,0.5,0.3522516305533438,0.6477483694466561,0.3,0.2025739291466727,0.412759323081376,0.4,0.3,5.551115123125783e-17,0.35
owlv2,1298,49892,1,fatty in center frame,1,17,5,0,0.035714851180325,40,40,0.625,0.4580147522326109,0.772737277518174,0.56,0.3492816339913357,0.7559763348527919,0.35,0.2062824908707669,0.5168444536489906,0.375,0.2749999999999999,5.551115123125783e-17,80,0.6,0.4843769404954894,0.7079906437446896,0.5,0.3522516305533438,0.6477483694466561,0.3,0.2025739291466727,0.412759323081376,0.4,0.3,5.551115123125783e-17,0.35
owlv2,154911,36685,1,guy by the red wall with arms crossed,1,20,5,0,0.0,5,5,1.0,0.4781762498950185,1.0,0.6,0.1466327996346731,0.9472550494736832,0.6,0.1466327996346731,0.9472550494736832,0.0,0.4,0.0,80,0.9125,0.8279916615801152,0.9640936410104411,0.4931506849315068,0.3740471361613668,0.6128270954856123,0.45,0.3384863844898155,0.565326020905847,0.0875,0.4625,0.0,0.6
owlv2,154911,36685,1,guy by the red wall with arms crossed,1,20,5,0,0.0,10,10,1.0,0.6915028921812392,1.0,0.5,0.1870860284473985,0.8129139715526015,0.5,0.1870860284473985,0.8129139715526015,0.0,0.5,0.0,80,0.9125,0.8279916615801152,0.9640936410104411,0.4931506849315068,0.3740471361613668,0.6128270954856123,0.45,0.3384863844898155,0.565326020905847,0.0875,0.4625,0.0,0.5
owlv2,154911,36685,1,guy by the red wall with arms crossed,1,20,5,0,0.0,20,20,0.9,0.6830172859809176,0.9876514728297052,0.5,0.2601905828950971,0.7398094171049029,0.45,0.2305778967759242,0.6847218669594515,0.0999999999999999,0.45,5.551115123125783e-17,80,0.9125,0.8279916615801152,0.9640936410104411,0.4931506849315068,0.3740471361613668,0.6128270954856123,0.45,0.3384863844898155,0.565326020905847,0.0875,0.4625,0.0,0.45
owlv2,154911,36685,1,guy by the red wall with arms crossed,1,20,5,0,0.0,40,40,0.9,0.7633626001239001,0.9720745847057808,0.5277777777777778,0.35486379853731,0.6959494112837337,0.475,0.3151197066349862,0.6387198647359378,0.0999999999999999,0.425,5.551115123125783e-17,80,0.9125,0.8279916615801152,0.9640936410104411,0.4931506849315068,0.3740471361613668,0.6128270954856123,0.45,0.3384863844898155,0.565326020905847,0.0875,0.4625,0.0,0.475
owlv2,416450,14412,1,guy on left,1,5,4,1,0.932730322586878,5,5,1.0,0.4781762498950185,1.0,0.8,0.2835820638819106,0.994949236620532,0.8,0.2835820638819106,0.994949236620532,0.0,0.1999999999999999,0.0,80,0.95,0.876901263556847,0.9862106060235382,0.9078947368421052,0.8193921085893935,0.962161948082036,0.8625,0.7672791291752744,0.9293121672961212,0.05,0.0874999999999999,4.163336342344337e-17,0.8
owlv2,416450,14412,1,guy on left,1,5,4,1,0.932730322586878,10,10,1.0,0.6915028921812392,1.0,0.8,0.4439045376923585,0.9747892736731666,0.8,0.4439045376923585,0.9747892736731666,0.0,0.1999999999999999,0.0,80,0.95,0.876901263556847,0.9862106060235382,0.9078947368421052,0.8193921085893935,0.962161948082036,0.8625,0.7672791291752744,0.9293121672961212,0.05,0.0874999999999999,4.163336342344337e-17,0.8
owlv2,416450,14412,1,guy on left,1,5,4,1,0.932730322586878,20,20,1.0,0.8315665290169146,1.0,0.85,0.6210731734546859,0.9679290628145364,0.85,0.6210731734546859,0.9679290628145364,0.0,0.15,0.0,80,0.95,0.876901263556847,0.9862106060235382,0.9078947368421052,0.8193921085893935,0.962161948082036,0.8625,0.7672791291752744,0.9293121672961212,0.05,0.0874999999999999,4.163336342344337e-17,0.85
owlv2,416450,14412,1,guy on left,1,5,4,1,0.932730322586878,40,40,0.975,0.8684141415172343,0.9993672550679504,0.8717948717948718,0.7257005895552842,0.9570316569982108,0.85,0.7016473331604236,0.942897741845474,0.025,0.1249999999999999,1.3877787807814457e-17,80,0.95,0.876901263556847,0.9862106060235382,0.9078947368421052,0.8193921085893935,0.962161948082036,0.8625,0.7672791291752744,0.9293121672961212,0.05,0.0874999999999999,4.163336342344337e-17,0.85
owlv2,35817,46961,1,girl in middle with necklace,1,20,5,0,0.0,5,5,0.8,0.2835820638819106,0.994949236620532,0.75,0.1941204496832434,0.9936905367902902,0.6,0.1466327996346731,0.9472550494736832,0.1999999999999999,0.2,5.551115123125783e-17,80,0.7875,0.6817141914403442,0.8710635049024182,0.6507936507936508,0.5202661770886654,0.7666294186329925,0.5125,0.3981046687031854,0.625942518555561,0.2125,0.2749999999999999,5.551115123125783e-17,0.6
owlv2,35817,46961,1,girl in middle with necklace,1,20,5,0,0.0,10,10,0.8,0.4439045376923585,0.9747892736731666,0.625,0.2448632163665516,0.9147665858627464,0.5,0.1870860284473985,0.8129139715526015,0.1999999999999999,0.3,0.0,80,0.7875,0.6817141914403442,0.8710635049024182,0.6507936507936508,0.5202661770886654,0.7666294186329925,0.5125,0.3981046687031854,0.625942518555561,0.2125,0.2749999999999999,5.551115123125783e-17,0.5
owlv2,35817,46961,1,girl in middle with necklace,1,20,5,0,0.0,20,20,0.85,0.6210731734546859,0.9679290628145364,0.7647058823529411,0.5010067267954201,0.9318922595626432,0.65,0.4078114654671719,0.8460907952154588,0.15,0.2,8.326672684688674e-17,80,0.7875,0.6817141914403442,0.8710635049024182,0.6507936507936508,0.5202661770886654,0.7666294186329925,0.5125,0.3981046687031854,0.625942518555561,0.2125,0.2749999999999999,5.551115123125783e-17,0.65
owlv2,35817,46961,1,girl in middle with necklace,1,20,5,0,0.0,40,40,0.8,0.6435219813207653,0.9094775906000092,0.6875,0.4999224183678303,0.8388152759117995,0.55,0.3849067945340133,0.7074116499601201,0.1999999999999999,0.25,0.0,80,0.7875,0.6817141914403442,0.8710635049024182,0.6507936507936508,0.5202661770886654,0.7666294186329925,0.5125,0.3981046687031854,0.625942518555561,0.2125,0.2749999999999999,5.551115123125783e-17,0.55
owlv2,439303,12431,88,top of photo partial bear,1,20,5,0,0.0,5,5,1.0,0.4781762498950185,1.0,0.4,0.0527449505263169,0.8533672003653268,0.4,0.0527449505263169,0.8533672003653268,0.0,0.6,0.0,80,0.8875,0.7971534080830098,0.9472484868543124,0.5633802816901409,0.4404552332796324,0.6808500584737431,0.5,0.3860478833649092,0.6139521166350907,0.1125,0.3874999999999999,0.0,0.4
owlv2,439303,12431,88,top of photo partial bear,1,20,5,0,0.0,10,10,1.0,0.6915028921812392,1.0,0.5,0.1870860284473985,0.8129139715526015,0.5,0.1870860284473985,0.8129139715526015,0.0,0.5,0.0,80,0.8875,0.7971534080830098,0.9472484868543124,0.5633802816901409,0.4404552332796324,0.6808500584737431,0.5,0.3860478833649092,0.6139521166350907,0.1125,0.3874999999999999,0.0,0.5
owlv2,439303,12431,88,top of photo partial bear,1,20,5,0,0.0,20,20,0.95,0.7512672372279723,0.9987349105020502,0.5789473684210527,0.3349978440117354,0.7974785610228372,0.55,0.3152781330405486,0.7694221032240758,0.05,0.3999999999999999,5.551115123125783e-17,80,0.8875,0.7971534080830098,0.9472484868543124,0.5633802816901409,0.4404552332796324,0.6808500584737431,0.5,0.3860478833649092,0.6139521166350907,0.1125,0.3874999999999999,0.0,0.55
owlv2,439303,12431,88,top of photo partial bear,1,20,5,0,0.0,40,40,0.9,0.7633626001239001,0.9720745847057808,0.6111111111111112,0.4346380474484255,0.7685755983378573,0.55,0.3849067945340133,0.7074116499601201,0.0999999999999999,0.35,0.0,80,0.8875,0.7971534080830098,0.9472484868543124,0.5633802816901409,0.4404552332796324,0.6808500584737431,0.5,0.3860478833649092,0.6139521166350907,0.1125,0.3874999999999999,0.0,0.55
owlv2,38890,46712,24,zebra on right,1,18,5,0,0.1821234640877883,5,5,1.0,0.4781762498950185,1.0,1.0,0.4781762498950185,1.0,1.0,0.4781762498950185,1.0,0.0,0.0,0.0,80,1.0,0.9549359649323076,1.0,0.9625,0.8942980149834914,0.9921988127342832,0.9625,0.8942980149834914,0.9921988127342832,0.0,0.0374999999999999,0.0,1.0
owlv2,38890,46712,24,zebra on right,1,18,5,0,0.1821234640877883,10,10,1.0,0.6915028921812392,1.0,0.9,0.5549838829718046,0.9974714214555382,0.9,0.5549838829718046,0.9974714214555382,0.0,0.0999999999999999,0.0,80,1.0,0.9549359649323076,1.0,0.9625,0.8942980149834914,0.9921988127342832,0.9625,0.8942980149834914,0.9921988127342832,0.0,0.0374999999999999,0.0,0.9
owlv2,38890,46712,24,zebra on right,1,18,5,0,0.1821234640877883,20,20,1.0,0.8315665290169146,1.0,0.95,0.7512672372279723,0.9987349105020502,0.95,0.7512672372279723,0.9987349105020502,0.0,0.05,0.0,80,1.0,0.9549359649323076,1.0,0.9625,0.8942980149834914,0.9921988127342832,0.9625,0.8942980149834914,0.9921988127342832,0.0,0.0374999999999999,0.0,0.95
owlv2,38890,46712,24,zebra on right,1,18,5,0,0.1821234640877883,40,40,1.0,0.9119026971211976,1.0,0.975,0.8684141415172343,0.9993672550679504,0.975,0.8684141415172343,0.9993672550679504,0.0,0.025,0.0,80,1.0,0.9549359649323076,1.0,0.9625,0.8942980149834914,0.9921988127342832,0.9625,0.8942980149834914,0.9921988127342832,0.0,0.0374999999999999,0.0,0.975
owlv2,576581,492,24,the fully visible zebra,1,20,5,0,0.028456296975143,5,5,1.0,0.4781762498950185,1.0,0.4,0.0527449505263169,0.8533672003653268,0.4,0.0527449505263169,0.8533672003653268,0.0,0.6,0.0,80,0.875,0.7821108659305637,0.9383979034415656,0.4,0.2846711015718731,0.5240680747109692,0.35,0.2466719364725351,0.4647968854793358,0.125,0.525,0.0,0.4
owlv2,576581,492,24,the fully visible zebra,1,20,5,0,0.028456296975143,10,10,0.9,0.5549838829718046,0.9974714214555382,0.2222222222222222,0.0281449734778982,0.600093573716312,0.2,0.0252107263268333,0.5560954623076415,0.0999999999999999,0.7000000000000001,0.0,80,0.875,0.7821108659305637,0.9383979034415656,0.4,0.2846711015718731,0.5240680747109692,0.35,0.2466719364725351,0.4647968854793358,0.125,0.525,0.0,0.2
owlv2,576581,492,24,the fully visible zebra,1,20,5,0,0.028456296975143,20,20,0.9,0.6830172859809176,0.9876514728297052,0.2777777777777778,0.0969492125255593,0.534801965583056,0.25,0.0865714691014346,0.4910458717079575,0.0999999999999999,0.65,0.0,80,0.875,0.7821108659305637,0.9383979034415656,0.4,0.2846711015718731,0.5240680747109692,0.35,0.2466719364725351,0.4647968854793358,0.125,0.525,0.0,0.25
owlv2,576581,492,24,the fully visible zebra,1,20,5,0,0.028456296975143,40,40,0.9,0.7633626001239001,0.9720745847057808,0.3055555555555556,0.1634739846284935,0.48107063000008,0.275,0.1460089919638656,0.4388829071790481,0.0999999999999999,0.625,0.0,80,0.875,0.7821108659305637,0.9383979034415656,0.4,0.2846711015718731,0.5240680747109692,0.35,0.2466719364725351,0.4647968854793358,0.125,0.525,0.0,0.275
owlv2,475037,9317,1,girl,1,3,3,1,0.9115750160900064,5,5,0.6,0.1466327996346731,0.9472550494736832,1.0,0.2924017738212867,1.0,0.6,0.1466327996346731,0.9472550494736832,0.4,0.0,0.0,80,0.6,0.4843769404954894,0.7079906437446896,1.0,0.9260272146527198,1.0,0.6,0.4843769404954894,0.7079906437446896,0.4,0.0,0.0,0.6
owlv2,475037,9317,1,girl,1,3,3,1,0.9115750160900064,10,10,0.6,0.2623780766069451,0.8784477418801728,1.0,0.5407418735600996,1.0,0.6,0.2623780766069451,0.8784477418801728,0.4,0.0,0.0,80,0.6,0.4843769404954894,0.7079906437446896,1.0,0.9260272146527198,1.0,0.6,0.4843769404954894,0.7079906437446896,0.4,0.0,0.0,0.6
owlv2,475037,9317,1,girl,1,3,3,1,0.9115750160900064,20,20,0.6,0.3605425873074897,0.8088099392746928,1.0,0.7353515306029488,1.0,0.6,0.3605425873074897,0.8088099392746928,0.4,0.0,0.0,80,0.6,0.4843769404954894,0.7079906437446896,1.0,0.9260272146527198,1.0,0.6,0.4843769404954894,0.7079906437446896,0.4,0.0,0.0,0.6
owlv2,475037,9317,1,girl,1,3,3,1,0.9115750160900064,40,40,0.6,0.4332670521932967,0.7513500134122563,1.0,0.8575264022774743,1.0,0.6,0.4332670521932967,0.7513500134122563,0.4,0.0,0.0,80,0.6,0.4843769404954894,0.7079906437446896,1.0,0.9260272146527198,1.0,0.6,0.4843769404954894,0.7079906437446896,0.4,0.0,0.0,0.6
owlv2,56677,45043,1,girl in front,1,10,5,1,0.944455093380118,5,5,1.0,0.4781762498950185,1.0,0.8,0.2835820638819106,0.994949236620532,0.8,0.2835820638819106,0.994949236620532,0.0,0.1999999999999999,0.0,80,1.0,0.9549359649323076,1.0,0.7875,0.6817141914403442,0.8710635049024182,0.7875,0.6817141914403442,0.8710635049024182,0.0,0.2125,0.0,0.8
owlv2,56677,45043,1,girl in front,1,10,5,1,0.944455093380118,10,10,1.0,0.6915028921812392,1.0,0.8,0.4439045376923585,0.9747892736731666,0.8,0.4439045376923585,0.9747892736731666,0.0,0.1999999999999999,0.0,80,1.0,0.9549359649323076,1.0,0.7875,0.6817141914403442,0.8710635049024182,0.7875,0.6817141914403442,0.8710635049024182,0.0,0.2125,0.0,0.8
owlv2,56677,45043,1,girl in front,1,10,5,1,0.944455093380118,20,20,0.95,0.7512672372279723,0.9987349105020502,0.7368421052631579,0.4879706546541273,0.9085342150923336,0.7,0.4572108177237109,0.8810684095942722,0.05,0.25,0.0,80,1.0,0.9549359649323076,1.0,0.7875,0.6817141914403442,0.8710635049024182,0.7875,0.6817141914403442,0.8710635049024182,0.0,0.2125,0.0,0.7
owlv2,56677,45043,1,girl in front,1,10,5,1,0.944455093380118,40,40,0.95,0.8308031360405824,0.9938863534006492,0.7631578947368421,0.5975876394285091,0.8855582951774693,0.725,0.5611170928209519,0.8539910080361344,0.05,0.2249999999999999,2.775557561562892e-17,80,1.0,0.9549359649323076,1.0,0.7875,0.6817141914403442,0.8710635049024182,0.7875,0.6817141914403442,0.8710635049024182,0.0,0.2125,0.0,0.725
owlv2,352892,19645,1,bride,1,20,5,1,0.8406820904342303,5,5,1.0,0.4781762498950185,1.0,1.0,0.4781762498950185,1.0,1.0,0.4781762498950185,1.0,0.0,0.0,0.0,80,1.0,0.9549359649323076,1.0,0.9625,0.8942980149834914,0.9921988127342832,0.9625,0.8942980149834914,0.9921988127342832,0.0,0.0374999999999999,0.0,1.0
owlv2,352892,19645,1,bride,1,20,5,1,0.8406820904342303,10,10,1.0,0.6915028921812392,1.0,1.0,0.6915028921812392,1.0,1.0,0.6915028921812392,1.0,0.0,0.0,0.0,80,1.0,0.9549359649323076,1.0,0.9625,0.8942980149834914,0.9921988127342832,0.9625,0.8942980149834914,0.9921988127342832,0.0,0.0374999999999999,0.0,1.0
owlv2,352892,19645,1,bride,1,20,5,1,0.8406820904342303,20,20,1.0,0.8315665290169146,1.0,0.95,0.7512672372279723,0.9987349105020502,0.95,0.7512672372279723,0.9987349105020502,0.0,0.05,0.0,80,1.0,0.9549359649323076,1.0,0.9625,0.8942980149834914,0.9921988127342832,0.9625,0.8942980149834914,0.9921988127342832,0.0,0.0374999999999999,0.0,0.95
owlv2,352892,19645,1,bride,1,20,5,1,0.8406820904342303,40,40,1.0,0.9119026971211976,1.0,0.975,0.8684141415172343,0.9993672550679504,0.975,0.8684141415172343,0.9993672550679504,0.0,0.025,0.0,80,1.0,0.9549359649323076,1.0,0.9625,0.8942980149834914,0.9921988127342832,0.9625,0.8942980149834914,0.9921988127342832,0.0,0.0374999999999999,0.0,0.975
owlv2,358789,19159,1,spectator far left,1,20,5,1,0.5748884895753172,5,5,1.0,0.4781762498950185,1.0,1.0,0.4781762498950185,1.0,1.0,0.4781762498950185,1.0,0.0,0.0,0.0,80,1.0,0.9549359649323076,1.0,0.9875,0.9323122155360776,0.9996835774723672,0.9875,0.9323122155360776,0.9996835774723672,0.0,0.0124999999999999,0.0,1.0
owlv2,358789,19159,1,spectator far left,1,20,5,1,0.5748884895753172,10,10,1.0,0.6915028921812392,1.0,1.0,0.6915028921812392,1.0,1.0,0.6915028921812392,1.0,0.0,0.0,0.0,80,1.0,0.9549359649323076,1.0,0.9875,0.9323122155360776,0.9996835774723672,0.9875,0.9323122155360776,0.9996835774723672,0.0,0.0124999999999999,0.0,1.0
owlv2,358789,19159,1,spectator far left,1,20,5,1,0.5748884895753172,20,20,1.0,0.8315665290169146,1.0,1.0,0.8315665290169146,1.0,1.0,0.8315665290169146,1.0,0.0,0.0,0.0,80,1.0,0.9549359649323076,1.0,0.9875,0.9323122155360776,0.9996835774723672,0.9875,0.9323122155360776,0.9996835774723672,0.0,0.0124999999999999,0.0,1.0
owlv2,358789,19159,1,spectator far left,1,20,5,1,0.5748884895753172,40,40,0.975,0.8684141415172343,0.9993672550679504,1.0,0.9097488990396656,1.0,0.975,0.8684141415172343,0.9993672550679504,0.025,0.0,0.0,80,1.0,0.9549359649323076,1.0,0.9875,0.9323122155360776,0.9996835774723672,0.9875,0.9323122155360776,0.9996835774723672,0.0,0.0124999999999999,0.0,0.975
owlv2,523907,5033,1,polka dot person on left,1,20,5,1,0.5557723651238793,5,5,1.0,0.4781762498950185,1.0,1.0,0.4781762498950185,1.0,1.0,0.4781762498950185,1.0,0.0,0.0,0.0,80,0.9875,0.9323122155360776,0.9996835774723672,0.8354430379746836,0.7350548769543931,0.9093655580547604,0.825,0.7238459604789864,0.9008894901605712,0.0124999999999999,0.1625,8.326672684688674e-17,1.0
owlv2,523907,5033,1,polka dot person on left,1,20,5,1,0.5557723651238793,10,10,1.0,0.6915028921812392,1.0,0.9,0.5549838829718046,0.9974714214555382,0.9,0.5549838829718046,0.9974714214555382,0.0,0.0999999999999999,0.0,80,0.9875,0.9323122155360776,0.9996835774723672,0.8354430379746836,0.7350548769543931,0.9093655580547604,0.825,0.7238459604789864,0.9008894901605712,0.0124999999999999,0.1625,8.326672684688674e-17,0.9
owlv2,523907,5033,1,polka dot person on left,1,20,5,1,0.5557723651238793,20,20,1.0,0.8315665290169146,1.0,0.9,0.6830172859809176,0.9876514728297052,0.9,0.6830172859809176,0.9876514728297052,0.0,0.0999999999999999,0.0,80,0.9875,0.9323122155360776,0.9996835774723672,0.8354430379746836,0.7350548769543931,0.9093655580547604,0.825,0.7238459604789864,0.9008894901605712,0.0124999999999999,0.1625,8.326672684688674e-17,0.9
owlv2,523907,5033,1,polka dot person on left,1,20,5,1,0.5557723651238793,40,40,1.0,0.9119026971211976,1.0,0.875,0.7319670826382796,0.9581403738613832,0.875,0.7319670826382796,0.9581403738613832,0.0,0.125,0.0,80,0.9875,0.9323122155360776,0.9996835774723672,0.8354430379746836,0.7350548769543931,0.9093655580547604,0.825,0.7238459604789864,0.9008894901605712,0.0124999999999999,0.1625,8.326672684688674e-17,0.875
owlv2,274770,26706,55,left orange,1,8,5,1,0.9232299335940138,5,5,0.4,0.0527449505263169,0.8533672003653268,0.0,0.0,0.841886116991581,0.0,0.0,0.5218237501049814,0.6,0.4,0.0,80,0.3625,0.2578948953716181,0.4776127212648084,0.4137931034482758,0.2352402097528984,0.6106372086030938,0.15,0.0799815613097138,0.2473641115928976,0.6375,0.2125,0.0,0.0
owlv2,274770,26706,55,left orange,1,8,5,1,0.9232299335940138,10,10,0.3,0.0667395111777345,0.6524528500599973,0.0,0.0,0.7075982261787133,0.0,0.0,0.3084971078187608,0.7,0.3,5.551115123125783e-17,80,0.3625,0.2578948953716181,0.4776127212648084,0.4137931034482758,0.2352402097528984,0.6106372086030938,0.15,0.0799815613097138,0.2473641115928976,0.6375,0.2125,0.0,0.0
owlv2,274770,26706,55,left orange,1,8,5,1,0.9232299335940138,20,20,0.3,0.1189315904057277,0.5427891822762891,0.3333333333333333,0.0432718682927416,0.7772219044964879,0.1,0.0123485271702948,0.3169827140190823,0.7,0.2,5.551115123125783e-17,80,0.3625,0.2578948953716181,0.4776127212648084,0.4137931034482758,0.2352402097528984,0.6106372086030938,0.15,0.0799815613097138,0.2473641115928976,0.6375,0.2125,0.0,0.1
owlv2,274770,26706,55,left orange,1,8,5,1,0.9232299335940138,40,40,0.35,0.2062824908707669,0.5168444536489906,0.5,0.2303605414480623,0.7696394585519376,0.175,0.0733827293520852,0.3277901333615858,0.65,0.175,5.551115123125783e-17,80,0.3625,0.2578948953716181,0.4776127212648084,0.4137931034482758,0.2352402097528984,0.6106372086030938,0.15,0.0799815613097138,0.2473641115928976,0.6375,0.2125,0.0,0.175
owlv2,284964,25842,1,girl on the right giving high five,1,20,5,0,0.0044188633068015,5,5,0.8,0.2835820638819106,0.994949236620532,1.0,0.3976353643835254,1.0,0.8,0.2835820638819106,0.994949236620532,0.1999999999999999,0.0,0.0,80,0.725,0.6137565791555908,0.8189623614429612,0.9655172413793104,0.8809226891196078,0.9957963527601325,0.7,0.587240676918624,0.7974260708533272,0.275,0.0249999999999999,5.2041704279304207e-17,0.8
owlv2,284964,25842,1,girl on the right giving high five,1,20,5,0,0.0044188633068015,10,10,0.8,0.4439045376923585,0.9747892736731666,1.0,0.6305833524471808,1.0,0.8,0.4439045376923585,0.9747892736731666,0.1999999999999999,0.0,0.0,80,0.725,0.6137565791555908,0.8189623614429612,0.9655172413793104,0.8809226891196078,0.9957963527601325,0.7,0.587240676918624,0.7974260708533272,0.275,0.0249999999999999,5.2041704279304207e-17,0.8
owlv2,284964,25842,1,girl on the right giving high five,1,20,5,0,0.0044188633068015,20,20,0.8,0.5633859970033317,0.9426660029499672,1.0,0.7940927857921773,1.0,0.8,0.5633859970033317,0.9426660029499672,0.1999999999999999,0.0,0.0,80,0.725,0.6137565791555908,0.8189623614429612,0.9655172413793104,0.8809226891196078,0.9957963527601325,0.7,0.587240676918624,0.7974260708533272,0.275,0.0249999999999999,5.2041704279304207e-17,0.8
owlv2,284964,25842,1,girl on the right giving high five,1,20,5,0,0.0044188633068015,40,40,0.75,0.5880380198485702,0.873085201067155,1.0,0.8842966917779722,1.0,0.75,0.5880380198485702,0.873085201067155,0.25,0.0,0.0,80,0.725,0.6137565791555908,0.8189623614429612,0.9655172413793104,0.8809226891196078,0.9957963527601325,0.7,0.587240676918624,0.7974260708533272,0.275,0.0249999999999999,5.2041704279304207e-17,0.75
owlv2,324677,22291,1,man in red,1,7,5,1,0.704402483720786,5,5,0.4,0.0527449505263169,0.8533672003653268,1.0,0.158113883008419,1.0,0.4,0.0527449505263169,0.8533672003653268,0.6,0.0,0.0,80,0.325,0.2244595851774532,0.4389370456044483,1.0,0.8677253955022459,1.0,0.325,0.2244595851774532,0.4389370456044483,0.675,0.0,0.0,0.4
owlv2,324677,22291,1,man in red,1,7,5,1,0.704402483720786,10,10,0.3,0.0667395111777345,0.6524528500599973,1.0,0.2924017738212867,1.0,0.3,0.0667395111777345,0.6524528500599973,0.7,0.0,0.0,80,0.325,0.2244595851774532,0.4389370456044483,1.0,0.8677253955022459,1.0,0.325,0.2244595851774532,0.4389370456044483,0.675,0.0,0.0,0.3
owlv2,324677,22291,1,man in red,1,7,5,1,0.704402483720786,20,20,0.35,0.1539092047845411,0.5921885345328282,1.0,0.5903836027749967,1.0,0.35,0.1539092047845411,0.5921885345328282,0.65,0.0,0.0,80,0.325,0.2244595851774532,0.4389370456044483,1.0,0.8677253955022459,1.0,0.325,0.2244595851774532,0.4389370456044483,0.675,0.0,0.0,0.35
owlv2,324677,22291,1,man in red,1,7,5,1,0.704402483720786,40,40,0.375,0.2272627224818259,0.5419852477673891,1.0,0.781980639089466,1.0,0.375,0.2272627224818259,0.5419852477673891,0.625,0.0,0.0,80,0.325,0.2244595851774532,0.4389370456044483,1.0,0.8677253955022459,1.0,0.325,0.2244595851774532,0.4389370456044483,0.675,0.0,0.0,0.375
owlv2,91604,42041,1,the umpire in white wearing black mask,1,20,5,0,0.1404193643243167,5,5,1.0,0.4781762498950185,1.0,0.4,0.0527449505263169,0.8533672003653268,0.4,0.0527449505263169,0.8533672003653268,0.0,0.6,0.0,80,0.9375,0.8601429247023609,0.9793969276979898,0.36,0.2523223889068125,0.4791015871472314,0.3375,0.2355261379836508,0.4519056143741682,0.0625,0.6,0.0,0.4
owlv2,91604,42041,1,the umpire in white wearing black mask,1,20,5,0,0.1404193643243167,10,10,1.0,0.6915028921812392,1.0,0.4,0.1215522581198272,0.7376219233930549,0.4,0.1215522581198272,0.7376219233930549,0.0,0.6,0.0,80,0.9375,0.8601429247023609,0.9793969276979898,0.36,0.2523223889068125,0.4791015871472314,0.3375,0.2355261379836508,0.4519056143741682,0.0625,0.6,0.0,0.4
owlv2,91604,42041,1,the umpire in white wearing black mask,1,20,5,0,0.1404193643243167,20,20,1.0,0.8315665290169146,1.0,0.35,0.1539092047845411,0.5921885345328282,0.35,0.1539092047845411,0.5921885345328282,0.0,0.65,0.0,80,0.9375,0.8601429247023609,0.9793969276979898,0.36,0.2523223889068125,0.4791015871472314,0.3375,0.2355261379836508,0.4519056143741682,0.0625,0.6,0.0,0.35
owlv2,91604,42041,1,the umpire in white wearing black mask,1,20,5,0,0.1404193643243167,40,40,0.975,0.8684141415172343,0.9993672550679504,0.3333333333333333,0.1908809790463461,0.5021722646989096,0.325,0.1857289667633498,0.4912948754784484,0.025,0.65,0.0,80,0.9375,0.8601429247023609,0.9793969276979898,0.36,0.2523223889068125,0.4791015871472314,0.3375,0.2355261379836508,0.4519056143741682,0.0625,0.6,0.0,0.325
owlv2,87248,42422,1,purple girl left,1,20,5,1,0.8114784623950302,5,5,0.8,0.2835820638819106,0.994949236620532,0.75,0.1941204496832434,0.9936905367902902,0.6,0.1466327996346731,0.9472550494736832,0.1999999999999999,0.2,5.551115123125783e-17,80,0.5875,0.4718483404252045,0.6964754070624058,0.8723404255319149,0.7425858232107554,0.9516777845383786,0.5125,0.3981046687031854,0.625942518555561,0.4125,0.0749999999999999,8.326672684688674e-17,0.6
owlv2,87248,42422,1,purple girl left,1,20,5,1,0.8114784623950302,10,10,0.7,0.3475471499400027,0.9332604888222656,0.7142857142857143,0.2904208637373427,0.9633074338239144,0.5,0.1870860284473985,0.8129139715526015,0.3,0.1999999999999999,2.775557561562892e-17,80,0.5875,0.4718483404252045,0.6964754070624058,0.8723404255319149,0.7425858232107554,0.9516777845383786,0.5125,0.3981046687031854,0.625942518555561,0.4125,0.0749999999999999,8.326672684688674e-17,0.5
owlv2,87248,42422,1,purple girl left,1,20,5,1,0.8114784623950302,20,20,0.6,0.3605425873074897,0.8088099392746928,0.75,0.4281415381218109,0.9451393554720072,0.45,0.2305778967759242,0.6847218669594515,0.4,0.15,2.775557561562892e-17,80,0.5875,0.4718483404252045,0.6964754070624058,0.8723404255319149,0.7425858232107554,0.9516777845383786,0.5125,0.3981046687031854,0.625942518555561,0.4125,0.0749999999999999,8.326672684688674e-17,0.45
owlv2,87248,42422,1,purple girl left,1,20,5,1,0.8114784623950302,40,40,0.6,0.4332670521932967,0.7513500134122563,0.75,0.5328871975773306,0.902269590525467,0.45,0.2925883500398799,0.6150932054659867,0.4,0.15,2.775557561562892e-17,80,0.5875,0.4718483404252045,0.6964754070624058,0.8723404255319149,0.7425858232107554,0.9516777845383786,0.5125,0.3981046687031854,0.625942518555561,0.4125,0.0749999999999999,8.326672684688674e-17,0.45
owlv2,267871,27216,62,empty chair beside gib guy closest to us,1,20,5,0,0.1732355053391206,5,5,1.0,0.4781762498950185,1.0,1.0,0.4781762498950185,1.0,1.0,0.4781762498950185,1.0,0.0,0.0,0.0,80,0.95,0.876901263556847,0.9862106060235382,1.0,0.9526212461330692,1.0,0.95,0.876901263556847,0.9862106060235382,0.05,0.0,0.0,1.0
owlv2,267871,27216,62,empty chair beside gib guy closest to us,1,20,5,0,0.1732355053391206,10,10,1.0,0.6915028921812392,1.0,1.0,0.6915028921812392,1.0,1.0,0.6915028921812392,1.0,0.0,0.0,0.0,80,0.95,0.876901263556847,0.9862106060235382,1.0,0.9526212461330692,1.0,0.95,0.876901263556847,0.9862106060235382,0.05,0.0,0.0,1.0
owlv2,267871,27216,62,empty chair beside gib guy closest to us,1,20,5,0,0.1732355053391206,20,20,1.0,0.8315665290169146,1.0,1.0,0.8315665290169146,1.0,1.0,0.8315665290169146,1.0,0.0,0.0,0.0,80,0.95,0.876901263556847,0.9862106060235382,1.0,0.9526212461330692,1.0,0.95,0.876901263556847,0.9862106060235382,0.05,0.0,0.0,1.0
owlv2,267871,27216,62,empty chair beside gib guy closest to us,1,20,5,0,0.1732355053391206,40,40,0.975,0.8684141415172343,0.9993672550679504,1.0,0.9097488990396656,1.0,0.975,0.8684141415172343,0.9993672550679504,0.025,0.0,0.0,80,0.95,0.876901263556847,0.9862106060235382,1.0,0.9526212461330692,1.0,0.95,0.876901263556847,0.9862106060235382,0.05,0.0,0.0,0.975
owlv2,428109,13356,52,top third from left banana,1,20,5,0,0.0491981179328027,5,5,1.0,0.4781762498950185,1.0,1.0,0.4781762498950185,1.0,1.0,0.4781762498950185,1.0,0.0,0.0,0.0,80,1.0,0.9549359649323076,1.0,0.8125,0.7096721043523089,0.8910863118524706,0.8125,0.7096721043523089,0.8910863118524706,0.0,0.1875,0.0,1.0
owlv2,428109,13356,52,top third from left banana,1,20,5,0,0.0491981179328027,10,10,1.0,0.6915028921812392,1.0,0.9,0.5549838829718046,0.9974714214555382,0.9,0.5549838829718046,0.9974714214555382,0.0,0.0999999999999999,0.0,80,1.0,0.9549359649323076,1.0,0.8125,0.7096721043523089,0.8910863118524706,0.8125,0.7096721043523089,0.8910863118524706,0.0,0.1875,0.0,0.9
owlv2,428109,13356,52,top third from left banana,1,20,5,0,0.0491981179328027,20,20,1.0,0.8315665290169146,1.0,0.85,0.6210731734546859,0.9679290628145364,0.85,0.6210731734546859,0.9679290628145364,0.0,0.15,0.0,80,1.0,0.9549359649323076,1.0,0.8125,0.7096721043523089,0.8910863118524706,0.8125,0.7096721043523089,0.8910863118524706,0.0,0.1875,0.0,0.85
owlv2,428109,13356,52,top third from left banana,1,20,5,0,0.0491981179328027,40,40,1.0,0.9119026971211976,1.0,0.85,0.7016473331604236,0.942897741845474,0.85,0.7016473331604236,0.942897741845474,0.0,0.15,0.0,80,1.0,0.9549359649323076,1.0,0.8125,0.7096721043523089,0.8910863118524706,0.8125,0.7096721043523089,0.8910863118524706,0.0,0.1875,0.0,0.85
owlv2,568272,1233,24,bigger zebra,1,15,5,0,0.1395470090697648,5,5,1.0,0.4781762498950185,1.0,1.0,0.4781762498950185,1.0,1.0,0.4781762498950185,1.0,0.0,0.0,0.0,80,0.975,0.9125928440694078,0.9969579138351904,1.0,0.9538075796719512,1.0,0.975,0.9125928440694078,0.9969579138351904,0.025,0.0,0.0,1.0
owlv2,568272,1233,24,bigger zebra,1,15,5,0,0.1395470090697648,10,10,1.0,0.6915028921812392,1.0,1.0,0.6915028921812392,1.0,1.0,0.6915028921812392,1.0,0.0,0.0,0.0,80,0.975,0.9125928440694078,0.9969579138351904,1.0,0.9538075796719512,1.0,0.975,0.9125928440694078,0.9969579138351904,0.025,0.0,0.0,1.0
owlv2,568272,1233,24,bigger zebra,1,15,5,0,0.1395470090697648,20,20,0.95,0.7512672372279723,0.9987349105020502,1.0,0.8235330881930346,1.0,0.95,0.7512672372279723,0.9987349105020502,0.05,0.0,0.0,80,0.975,0.9125928440694078,0.9969579138351904,1.0,0.9538075796719512,1.0,0.975,0.9125928440694078,0.9969579138351904,0.025,0.0,0.0,0.95
owlv2,568272,1233,24,bigger zebra,1,15,5,0,0.1395470090697648,40,40,0.975,0.8684141415172343,0.9993672550679504,1.0,0.9097488990396656,1.0,0.975,0.8684141415172343,0.9993672550679504,0.025,0.0,0.0,80,0.975,0.9125928440694078,0.9969579138351904,1.0,0.9538075796719512,1.0,0.975,0.9125928440694078,0.9969579138351904,0.025,0.0,0.0,0.975
owlv2,326092,22161,1,hands,1,20,5,0,0.1562569391754164,5,5,0.8,0.2835820638819106,0.994949236620532,1.0,0.3976353643835254,1.0,0.8,0.2835820638819106,0.994949236620532,0.1999999999999999,0.0,0.0,80,0.95,0.876901263556847,0.9862106060235382,1.0,0.9526212461330692,1.0,0.95,0.876901263556847,0.9862106060235382,0.05,0.0,0.0,0.8
owlv2,326092,22161,1,hands,1,20,5,0,0.1562569391754164,10,10,0.8,0.4439045376923585,0.9747892736731666,1.0,0.6305833524471808,1.0,0.8,0.4439045376923585,0.9747892736731666,0.1999999999999999,0.0,0.0,80,0.95,0.876901263556847,0.9862106060235382,1.0,0.9526212461330692,1.0,0.95,0.876901263556847,0.9862106060235382,0.05,0.0,0.0,0.8
owlv2,326092,22161,1,hands,1,20,5,0,0.1562569391754164,20,20,0.9,0.6830172859809176,0.9876514728297052,1.0,0.8146980318621478,1.0,0.9,0.6830172859809176,0.9876514728297052,0.0999999999999999,0.0,0.0,80,0.95,0.876901263556847,0.9862106060235382,1.0,0.9526212461330692,1.0,0.95,0.876901263556847,0.9862106060235382,0.05,0.0,0.0,0.9
owlv2,326092,22161,1,hands,1,20,5,0,0.1562569391754164,40,40,0.95,0.8308031360405824,0.9938863534006492,1.0,0.9074872385841216,1.0,0.95,0.8308031360405824,0.9938863534006492,0.05,0.0,0.0,80,0.95,0.876901263556847,0.9862106060235382,1.0,0.9526212461330692,1.0,0.95,0.876901263556847,0.9862106060235382,0.05,0.0,0.0,0.95
owlv2,198704,33127,3,car closest to us,1,17,5,1,0.9194100123975508,5,5,1.0,0.4781762498950185,1.0,0.8,0.2835820638819106,0.994949236620532,0.8,0.2835820638819106,0.994949236620532,0.0,0.1999999999999999,0.0,80,0.925,0.8438720682639279,0.9719794538231588,0.8108108108108109,0.7029946617356349,0.8925269786489215,0.75,0.64063652409315,0.8401203554931442,0.0749999999999999,0.1749999999999999,8.326672684688674e-17,0.8
owlv2,198704,33127,3,car closest to us,1,17,5,1,0.9194100123975508,10,10,1.0,0.6915028921812392,1.0,0.8,0.4439045376923585,0.9747892736731666,0.8,0.4439045376923585,0.9747892736731666,0.0,0.1999999999999999,0.0,80,0.925,0.8438720682639279,0.9719794538231588,0.8108108108108109,0.7029946617356349,0.8925269786489215,0.75,0.64063652409315,0.8401203554931442,0.0749999999999999,0.1749999999999999,8.326672684688674e-17,0.8
owlv2,198704,33127,3,car closest to us,1,17,5,1,0.9194100123975508,20,20,1.0,0.8315665290169146,1.0,0.75,0.5089541282920425,0.9134285308985652,0.75,0.5089541282920425,0.9134285308985652,0.0,0.25,0.0,80,0.925,0.8438720682639279,0.9719794538231588,0.8108108108108109,0.7029946617356349,0.8925269786489215,0.75,0.64063652409315,0.8401203554931442,0.0749999999999999,0.1749999999999999,8.326672684688674e-17,0.75
owlv2,198704,33127,3,car closest to us,1,17,5,1,0.9194100123975508,40,40,1.0,0.9119026971211976,1.0,0.7,0.5346837147458767,0.8343727956067644,0.7,0.5346837147458767,0.8343727956067644,0.0,0.3,0.0,80,0.925,0.8438720682639279,0.9719794538231588,0.8108108108108109,0.7029946617356349,0.8925269786489215,0.75,0.64063652409315,0.8401203554931442,0.0749999999999999,0.1749999999999999,8.326672684688674e-17,0.7
owlv2,44437,46237,1,orioles player,1,20,5,1,0.9445173019741592,5,5,1.0,0.4781762498950185,1.0,1.0,0.4781762498950185,1.0,1.0,0.4781762498950185,1.0,0.0,0.0,0.0,80,1.0,0.9549359649323076,1.0,1.0,0.9549359649323076,1.0,1.0,0.9549359649323076,1.0,0.0,0.0,0.0,1.0
owlv2,44437,46237,1,orioles player,1,20,5,1,0.9445173019741592,10,10,1.0,0.6915028921812392,1.0,1.0,0.6915028921812392,1.0,1.0,0.6915028921812392,1.0,0.0,0.0,0.0,80,1.0,0.9549359649323076,1.0,1.0,0.9549359649323076,1.0,1.0,0.9549359649323076,1.0,0.0,0.0,0.0,1.0
owlv2,44437,46237,1,orioles player,1,20,5,1,0.9445173019741592,20,20,1.0,0.8315665290169146,1.0,1.0,0.8315665290169146,1.0,1.0,0.8315665290169146,1.0,0.0,0.0,0.0,80,1.0,0.9549359649323076,1.0,1.0,0.9549359649323076,1.0,1.0,0.9549359649323076,1.0,0.0,0.0,0.0,1.0
owlv2,44437,46237,1,orioles player,1,20,5,1,0.9445173019741592,40,40,1.0,0.9119026971211976,1.0,1.0,0.9119026971211976,1.0,1.0,0.9119026971211976,1.0,0.0,0.0,0.0,80,1.0,0.9549359649323076,1.0,1.0,0.9549359649323076,1.0,1.0,0.9549359649323076,1.0,0.0,0.0,0.0,1.0
owlv2,344259,20397,55,orange in front of banana,1,20,5,0,0.0,5,5,1.0,0.4781762498950185,1.0,0.6,0.1466327996346731,0.9472550494736832,0.6,0.1466327996346731,0.9472550494736832,0.0,0.4,0.0,80,1.0,0.9549359649323076,1.0,0.85,0.7526358884071023,0.9200184386902862,0.85,0.7526358884071023,0.9200184386902862,0.0,0.15,0.0,0.6
owlv2,344259,20397,55,orange in front of banana,1,20,5,0,0.0,10,10,1.0,0.6915028921812392,1.0,0.8,0.4439045376923585,0.9747892736731666,0.8,0.4439045376923585,0.9747892736731666,0.0,0.1999999999999999,0.0,80,1.0,0.9549359649323076,1.0,0.85,0.7526358884071023,0.9200184386902862,0.85,0.7526358884071023,0.9200184386902862,0.0,0.15,0.0,0.8
owlv2,344259,20397,55,orange in front of banana,1,20,5,0,0.0,20,20,1.0,0.8315665290169146,1.0,0.85,0.6210731734546859,0.9679290628145364,0.85,0.6210731734546859,0.9679290628145364,0.0,0.15,0.0,80,1.0,0.9549359649323076,1.0,0.85,0.7526358884071023,0.9200184386902862,0.85,0.7526358884071023,0.9200184386902862,0.0,0.15,0.0,0.85
owlv2,344259,20397,55,orange in front of banana,1,20,5,0,0.0,40,40,1.0,0.9119026971211976,1.0,0.85,0.7016473331604236,0.942897741845474,0.85,0.7016473331604236,0.942897741845474,0.0,0.15,0.0,80,1.0,0.9549359649323076,1.0,0.85,0.7526358884071023,0.9200184386902862,0.85,0.7526358884071023,0.9200184386902862,0.0,0.15,0.0,0.85
owlv2,184761,34263,21,light cow on left no baby,1,20,5,0,0.3193705161990139,5,5,1.0,0.4781762498950185,1.0,1.0,0.4781762498950185,1.0,1.0,0.4781762498950185,1.0,0.0,0.0,0.0,80,1.0,0.9549359649323076,1.0,1.0,0.9549359649323076,1.0,1.0,0.9549359649323076,1.0,0.0,0.0,0.0,1.0
owlv2,184761,34263,21,light cow on left no baby,1,20,5,0,0.3193705161990139,10,10,1.0,0.6915028921812392,1.0,1.0,0.6915028921812392,1.0,1.0,0.6915028921812392,1.0,0.0,0.0,0.0,80,1.0,0.9549359649323076,1.0,1.0,0.9549359649323076,1.0,1.0,0.9549359649323076,1.0,0.0,0.0,0.0,1.0
owlv2,184761,34263,21,light cow on left no baby,1,20,5,0,0.3193705161990139,20,20,1.0,0.8315665290169146,1.0,1.0,0.8315665290169146,1.0,1.0,0.8315665290169146,1.0,0.0,0.0,0.0,80,1.0,0.9549359649323076,1.0,1.0,0.9549359649323076,1.0,1.0,0.9549359649323076,1.0,0.0,0.0,0.0,1.0
owlv2,184761,34263,21,light cow on left no baby,1,20,5,0,0.3193705161990139,40,40,1.0,0.9119026971211976,1.0,1.0,0.9119026971211976,1.0,1.0,0.9119026971211976,1.0,0.0,0.0,0.0,80,1.0,0.9549359649323076,1.0,1.0,0.9549359649323076,1.0,1.0,0.9549359649323076,1.0,0.0,0.0,0.0,1.0
owlv2,121938,39529,1,woman on left in front ooking at camera or phone with black shirt on,1,14,5,0,0.0,5,5,1.0,0.47817624989501856,1.0,1.0,0.47817624989501856,1.0,1.0,0.47817624989501856,1.0,0.0,0.0,0.0,80,0.9875,0.9323122155360776,0.9996835774723672,0.9240506329113924,0.8419858776952927,0.9716181843745733,0.9125,0.8279916615801152,0.9640936410104413,0.012499999999999956,0.07499999999999997,9.71445146547012e-17,1.0
owlv2,121938,39529,1,woman on left in front ooking at camera or phone with black shirt on,1,14,5,0,0.0,10,10,1.0,0.6915028921812392,1.0,1.0,0.6915028921812392,1.0,1.0,0.6915028921812392,1.0,0.0,0.0,0.0,80,0.9875,0.9323122155360776,0.9996835774723672,0.9240506329113924,0.8419858776952927,0.9716181843745733,0.9125,0.8279916615801152,0.9640936410104413,0.012499999999999956,0.07499999999999997,9.71445146547012e-17,1.0
owlv2,121938,39529,1,woman on left in front ooking at camera or phone with black shirt on,1,14,5,0,0.0,20,20,1.0,0.8315665290169146,1.0,0.9,0.6830172859809176,0.9876514728297052,0.9,0.6830172859809176,0.9876514728297052,0.0,0.09999999999999998,0.0,80,0.9875,0.9323122155360776,0.9996835774723672,0.9240506329113924,0.8419858776952927,0.9716181843745733,0.9125,0.8279916615801152,0.9640936410104413,0.012499999999999956,0.07499999999999997,9.71445146547012e-17,0.9
owlv2,121938,39529,1,woman on left in front ooking at camera or phone with black shirt on,1,14,5,0,0.0,40,40,0.975,0.8684141415172343,0.9993672550679505,0.9487179487179487,0.8267552186263942,0.9937280279043096,0.925,0.796135251267101,0.9842578201489585,0.025000000000000022,0.05000000000000004,1.0408340855860843e-16,80,0.9875,0.9323122155360776,0.9996835774723672,0.9240506329113924,0.8419858776952927,0.9716181843745733,0.9125,0.8279916615801152,0.9640936410104413,0.012499999999999956,0.07499999999999997,9.71445146547012e-17,0.925
owlv2,278055,26436,1,right kid,1,20,5,0,0.01170727808281363,5,5,1.0,0.47817624989501856,1.0,1.0,0.47817624989501856,1.0,1.0,0.47817624989501856,1.0,0.0,0.0,0.0,80,1.0,0.9549359649323077,1.0,0.9,0.8124348925365684,0.955829059846371,0.9,0.8124348925365684,0.955829059846371,0.0,0.09999999999999998,0.0,1.0
owlv2,278055,26436,1,right kid,1,20,5,0,0.01170727808281363,10,10,1.0,0.6915028921812392,1.0,0.9,0.5549838829718046,0.9974714214555382,0.9,0.5549838829718046,0.9974714214555382,0.0,0.09999999999999998,0.0,80,1.0,0.9549359649323077,1.0,0.9,0.8124348925365684,0.955829059846371,0.9,0.8124348925365684,0.955829059846371,0.0,0.09999999999999998,0.0,0.9
owlv2,278055,26436,1,right kid,1,20,5,0,0.01170727808281363,20,20,1.0,0.8315665290169146,1.0,0.9,0.6830172859809176,0.9876514728297052,0.9,0.6830172859809176,0.9876514728297052,0.0,0.09999999999999998,0.0,80,1.0,0.9549359649323077,1.0,0.9,0.8124348925365684,0.955829059846371,0.9,0.8124348925365684,0.955829059846371,0.0,0.09999999999999998,0.0,0.9
owlv2,278055,26436,1,right kid,1,20,5,0,0.01170727808281363,40,40,1.0,0.9119026971211976,1.0,0.9,0.7633626001239001,0.9720745847057807,0.9,0.7633626001239001,0.9720745847057807,0.0,0.09999999999999998,0.0,80,1.0,0.9549359649323077,1.0,0.9,0.8124348925365684,0.955829059846371,0.9,0.8124348925365684,0.955829059846371,0.0,0.09999999999999998,0.0,0.9
owlv2,78322,43190,1,second player from right,1,20,5,1,0.5732507818299706,5,5,1.0,0.47817624989501856,1.0,0.4,0.05274495052631693,0.8533672003653268,0.4,0.05274495052631693,0.8533672003653268,0.0,0.6,0.0,80,0.8875,0.7971534080830098,0.9472484868543125,0.5774647887323944,0.45438261501558275,0.6938775781118007,0.5125,0.39810466870318545,0.625942518555561,0.11250000000000004,0.375,0.0,0.4
owlv2,78322,43190,1,second player from right,1,20,5,1,0.5732507818299706,10,10,0.9,0.5549838829718046,0.9974714214555382,0.4444444444444444,0.13699566226516652,0.7879914932211319,0.4,0.1215522581198272,0.7376219233930549,0.09999999999999998,0.5,0.0,80,0.8875,0.7971534080830098,0.9472484868543125,0.5774647887323944,0.45438261501558275,0.6938775781118007,0.5125,0.39810466870318545,0.625942518555561,0.11250000000000004,0.375,0.0,0.4
owlv2,78322,43190,1,second player from right,1,20,5,1,0.5732507818299706,20,20,0.75,0.5089541282920425,0.9134285308985653,0.4666666666666667,0.21266672951930793,0.7341386527226033,0.35,0.15390920478454118,0.5921885345328282,0.25,0.4,0.0,80,0.8875,0.7971534080830098,0.9472484868543125,0.5774647887323944,0.45438261501558275,0.6938775781118007,0.5125,0.39810466870318545,0.625942518555561,0.11250000000000004,0.375,0.0,0.35
owlv2,78322,43190,1,second player from right,1,20,5,1,0.5732507818299706,40,40,0.8,0.6435219813207653,0.9094775906000093,0.5,0.31887496423416406,0.6811250357658359,0.4,0.24864998658774376,0.5667329478067034,0.19999999999999996,0.4,0.0,80,0.8875,0.7971534080830098,0.9472484868543125,0.5774647887323944,0.45438261501558275,0.6938775781118007,0.5125,0.39810466870318545,0.625942518555561,0.11250000000000004,0.375,0.0,0.4
owlv2,218984,31421,86,vase with flowers second from right,1,20,5,0,0.1903450017612239,5,5,1.0,0.47817624989501856,1.0,1.0,0.47817624989501856,1.0,1.0,0.47817624989501856,1.0,0.0,0.0,0.0,80,1.0,0.9549359649323077,1.0,1.0,0.9549359649323077,1.0,1.0,0.9549359649323077,1.0,0.0,0.0,0.0,1.0
owlv2,218984,31421,86,vase with flowers second from right,1,20,5,0,0.1903450017612239,10,10,1.0,0.6915028921812392,1.0,1.0,0.6915028921812392,1.0,1.0,0.6915028921812392,1.0,0.0,0.0,0.0,80,1.0,0.9549359649323077,1.0,1.0,0.9549359649323077,1.0,1.0,0.9549359649323077,1.0,0.0,0.0,0.0,1.0
owlv2,218984,31421,86,vase with flowers second from right,1,20,5,0,0.1903450017612239,20,20,1.0,0.8315665290169146,1.0,1.0,0.8315665290169146,1.0,1.0,0.8315665290169146,1.0,0.0,0.0,0.0,80,1.0,0.9549359649323077,1.0,1.0,0.9549359649323077,1.0,1.0,0.9549359649323077,1.0,0.0,0.0,0.0,1.0
owlv2,218984,31421,86,vase with flowers second from right,1,20,5,0,0.1903450017612239,40,40,1.0,0.9119026971211976,1.0,1.0,0.9119026971211976,1.0,1.0,0.9119026971211976,1.0,0.0,0.0,0.0,80,1.0,0.9549359649323077,1.0,1.0,0.9549359649323077,1.0,1.0,0.9549359649323077,1.0,0.0,0.0,0.0,1.0
owlv2,276666,26566,25,left giraffe,1,11,5,0,0.0,5,5,0.6,0.14663279963467318,0.9472550494736831,1.0,0.29240177382128674,1.0,0.6,0.14663279963467318,0.9472550494736831,0.4,0.0,0.0,80,0.575,0.4593888114309382,0.6848902345476577,0.6739130434782609,0.5198279593624653,0.8046745633261057,0.3875,0.28056513312478215,0.5030244574981009,0.42500000000000004,0.1875,0.0,0.6
owlv2,276666,26566,25,left giraffe,1,11,5,0,0.0,10,10,0.8,0.4439045376923585,0.9747892736731666,0.875,0.4734903291247935,0.9968402764687481,0.7,0.34754714994000274,0.9332604888222655,0.19999999999999996,0.1,8.326672684688674e-17,80,0.575,0.4593888114309382,0.6848902345476577,0.6739130434782609,0.5198279593624653,0.8046745633261057,0.3875,0.28056513312478215,0.5030244574981009,0.42500000000000004,0.1875,0.0,0.7
owlv2,276666,26566,25,left giraffe,1,11,5,0,0.0,20,20,0.75,0.5089541282920425,0.9134285308985653,0.8666666666666667,0.595397303396628,0.9834240865599164,0.65,0.4078114654671719,0.8460907952154588,0.25,0.09999999999999998,0.0,80,0.575,0.4593888114309382,0.6848902345476577,0.6739130434782609,0.5198279593624653,0.8046745633261057,0.3875,0.28056513312478215,0.5030244574981009,0.42500000000000004,0.1875,0.0,0.65
owlv2,276666,26566,25,left giraffe,1,11,5,0,0.0,40,40,0.725,0.5611170928209519,0.8539910080361344,0.7586206896551724,0.5645996540114667,0.8970164492273827,0.55,0.38490679453401333,0.7074116499601201,0.275,0.17500000000000002,8.326672684688674e-17,80,0.575,0.4593888114309382,0.6848902345476577,0.6739130434782609,0.5198279593624653,0.8046745633261057,0.3875,0.28056513312478215,0.5030244574981009,0.42500000000000004,0.1875,0.0,0.55
owlv2,35045,47025,84,paper bottom right,1,20,5,0,0.0,5,5,0.6,0.14663279963467318,0.9472550494736831,0.6666666666666666,0.09429932405024612,0.9915962413403874,0.4,0.05274495052631693,0.8533672003653268,0.4,0.2,5.551115123125783e-17,80,0.6875,0.5741109261435505,0.7865253688912328,0.5636363636363636,0.4232166489552773,0.6969631247222952,0.3875,0.28056513312478215,0.5030244574981009,0.3125,0.30000000000000004,0.0,0.4
owlv2,35045,47025,84,paper bottom right,1,20,5,0,0.0,10,10,0.8,0.4439045376923585,0.9747892736731666,0.75,0.34914420558717585,0.9681459737500557,0.6,0.2623780766069451,0.8784477418801728,0.19999999999999996,0.2,5.551115123125783e-17,80,0.6875,0.5741109261435505,0.7865253688912328,0.5636363636363636,0.4232166489552773,0.6969631247222952,0.3875,0.28056513312478215,0.5030244574981009,0.3125,0.30000000000000004,0.0,0.6
owlv2,35045,47025,84,paper bottom right,1,20,5,0,0.0,20,20,0.7,0.4572108177237109,0.8810684095942722,0.7857142857142857,0.4920243229515282,0.9534207121101327,0.55,0.3152781330405486,0.7694221032240758,0.30000000000000004,0.15,8.326672684688674e-17,80,0.6875,0.5741109261435505,0.7865253688912328,0.5636363636363636,0.4232166489552773,0.6969631247222952,0.3875,0.28056513312478215,0.5030244574981009,0.3125,0.30000000000000004,0.0,0.55
owlv2,35045,47025,84,paper bottom right,1,20,5,0,0.0,40,40,0.65,0.48315554635100944,0.793717509129233,0.7692307692307693,0.5635249030586136,0.9102598891154249,0.5,0.33801781373723455,0.6619821862627655,0.35,0.14999999999999997,5.551115123125783e-17,80,0.6875,0.5741109261435505,0.7865253688912328,0.5636363636363636,0.4232166489552773,0.6969631247222952,0.3875,0.28056513312478215,0.5030244574981009,0.3125,0.30000000000000004,0.0,0.5
owlv2,339453,20824,8,truck in middle,1,11,5,1,0.9617488423398068,5,5,1.0,0.47817624989501856,1.0,1.0,0.47817624989501856,1.0,1.0,0.47817624989501856,1.0,0.0,0.0,0.0,80,0.9875,0.9323122155360776,0.9996835774723672,1.0,0.9543787472413889,1.0,0.9875,0.9323122155360776,0.9996835774723672,0.012499999999999956,0.0,0.0,1.0
owlv2,339453,20824,8,truck in middle,1,11,5,1,0.9617488423398068,10,10,1.0,0.6915028921812392,1.0,1.0,0.6915028921812392,1.0,1.0,0.6915028921812392,1.0,0.0,0.0,0.0,80,0.9875,0.9323122155360776,0.9996835774723672,1.0,0.9543787472413889,1.0,0.9875,0.9323122155360776,0.9996835774723672,0.012499999999999956,0.0,0.0,1.0
owlv2,339453,20824,8,truck in middle,1,11,5,1,0.9617488423398068,20,20,1.0,0.8315665290169146,1.0,1.0,0.8315665290169146,1.0,1.0,0.8315665290169146,1.0,0.0,0.0,0.0,80,0.9875,0.9323122155360776,0.9996835774723672,1.0,0.9543787472413889,1.0,0.9875,0.9323122155360776,0.9996835774723672,0.012499999999999956,0.0,0.0,1.0
owlv2,339453,20824,8,truck in middle,1,11,5,1,0.9617488423398068,40,40,1.0,0.9119026971211976,1.0,1.0,0.9119026971211976,1.0,1.0,0.9119026971211976,1.0,0.0,0.0,0.0,80,0.9875,0.9323122155360776,0.9996835774723672,1.0,0.9543787472413889,1.0,0.9875,0.9323122155360776,0.9996835774723672,0.012499999999999956,0.0,0.0,1.0
owlv2,13318,48934,1,lady left brown purse,1,20,5,0,0.4045589694786608,5,5,0.8,0.2835820638819106,0.9949492366205319,0.75,0.19412044968324346,0.9936905367902902,0.6,0.14663279963467318,0.9472550494736831,0.19999999999999996,0.2,5.551115123125783e-17,80,0.95,0.876901263556847,0.9862106060235382,0.881578947368421,0.7870667555059112,0.9443957918485749,0.8375,0.7381631061748872,0.9105383582774708,0.050000000000000044,0.11250000000000003,9.71445146547012e-17,0.6
owlv2,13318,48934,1,lady left brown purse,1,20,5,0,0.4045589694786608,10,10,0.8,0.4439045376923585,0.9747892736731666,0.875,0.4734903291247935,0.9968402764687481,0.7,0.34754714994000274,0.9332604888222655,0.19999999999999996,0.1,8.326672684688674e-17,80,0.95,0.876901263556847,0.9862106060235382,0.881578947368421,0.7870667555059112,0.9443957918485749,0.8375,0.7381631061748872,0.9105383582774708,0.050000000000000044,0.11250000000000003,9.71445146547012e-17,0.7
owlv2,13318,48934,1,lady left brown purse,1,20,5,0,0.4045589694786608,20,20,0.9,0.6830172859809176,0.9876514728297052,0.7777777777777778,0.52362723426352,0.9359079522823335,0.7,0.4572108177237109,0.8810684095942722,0.09999999999999998,0.19999999999999998,8.326672684688674e-17,80,0.95,0.876901263556847,0.9862106060235382,0.881578947368421,0.7870667555059112,0.9443957918485749,0.8375,0.7381631061748872,0.9105383582774708,0.050000000000000044,0.11250000000000003,9.71445146547012e-17,0.7
owlv2,13318,48934,1,lady left brown purse,1,20,5,0,0.4045589694786608,40,40,0.925,0.796135251267101,0.9842578201489585,0.8378378378378378,0.6798629241323288,0.9380742786666036,0.775,0.6154883226965773,0.891603361015928,0.07499999999999996,0.15000000000000002,0.0,80,0.95,0.876901263556847,0.9862106060235382,0.881578947368421,0.7870667555059112,0.9443957918485749,0.8375,0.7381631061748872,0.9105383582774708,0.050000000000000044,0.11250000000000003,9.71445146547012e-17,0.775
owlv2,50994,45612,24,left bottom,0,0,0,0,0.0,5,0,0.0,,,,,,0.0,,,,,,0,0.0,,,,,,0.0,,,,,,0.0
owlv2,50994,45612,24,left bottom,0,0,0,0,0.0,10,0,0.0,,,,,,0.0,,,,,,0,0.0,,,,,,0.0,,,,,,0.0
owlv2,50994,45612,24,left bottom,0,0,0,0,0.0,20,0,0.0,,,,,,0.0,,,,,,0,0.0,,,,,,0.0,,,,,,0.0
owlv2,50994,45612,24,left bottom,0,0,0,0,0.0,40,0,0.0,,,,,,0.0,,,,,,0,0.0,,,,,,0.0,,,,,,0.0
owlv2,542452,3480,1,blue shirt bottom left,1,20,5,0,0.0,5,5,0.8,0.2835820638819106,0.9949492366205319,1.0,0.3976353643835254,1.0,0.8,0.2835820638819106,0.9949492366205319,0.19999999999999996,0.0,0.0,80,0.85,0.7526358884071023,0.9200184386902862,1.0,0.9471969572063602,1.0,0.85,0.7526358884071023,0.9200184386902862,0.15000000000000002,0.0,0.0,0.8
owlv2,542452,3480,1,blue shirt bottom left,1,20,5,0,0.0,10,10,0.9,0.5549838829718046,0.9974714214555382,1.0,0.6637328831200572,1.0,0.9,0.5549838829718046,0.9974714214555382,0.09999999999999998,0.0,0.0,80,0.85,0.7526358884071023,0.9200184386902862,1.0,0.9471969572063602,1.0,0.85,0.7526358884071023,0.9200184386902862,0.15000000000000002,0.0,0.0,0.9
owlv2,542452,3480,1,blue shirt bottom left,1,20,5,0,0.0,20,20,0.9,0.6830172859809176,0.9876514728297052,1.0,0.8146980318621478,1.0,0.9,0.6830172859809176,0.9876514728297052,0.09999999999999998,0.0,0.0,80,0.85,0.7526358884071023,0.9200184386902862,1.0,0.9471969572063602,1.0,0.85,0.7526358884071023,0.9200184386902862,0.15000000000000002,0.0,0.0,0.9
owlv2,542452,3480,1,blue shirt bottom left,1,20,5,0,0.0,40,40,0.95,0.8308031360405824,0.9938863534006491,1.0,0.9074872385841217,1.0,0.95,0.8308031360405824,0.9938863534006491,0.050000000000000044,0.0,0.0,80,0.85,0.7526358884071023,0.9200184386902862,1.0,0.9471969572063602,1.0,0.85,0.7526358884071023,0.9200184386902862,0.15000000000000002,0.0,0.0,0.95
owlv2,274667,26715,4,bike in the background top left,1,16,5,0,0.07619509065997399,5,5,1.0,0.47817624989501856,1.0,1.0,0.47817624989501856,1.0,1.0,0.47817624989501856,1.0,0.0,0.0,0.0,80,0.9375,0.8601429247023609,0.9793969276979898,0.9733333333333334,0.9069684677792745,0.9967540690710339,0.9125,0.8279916615801152,0.9640936410104413,0.0625,0.024999999999999953,6.938893903907228e-17,1.0
owlv2,274667,26715,4,bike in the background top left,1,16,5,0,0.07619509065997399,10,10,1.0,0.6915028921812392,1.0,1.0,0.6915028921812392,1.0,1.0,0.6915028921812392,1.0,0.0,0.0,0.0,80,0.9375,0.8601429247023609,0.9793969276979898,0.9733333333333334,0.9069684677792745,0.9967540690710339,0.9125,0.8279916615801152,0.9640936410104413,0.0625,0.024999999999999953,6.938893903907228e-17,1.0
owlv2,274667,26715,4,bike in the background top left,1,16,5,0,0.07619509065997399,20,20,1.0,0.8315665290169146,1.0,1.0,0.8315665290169146,1.0,1.0,0.8315665290169146,1.0,0.0,0.0,0.0,80,0.9375,0.8601429247023609,0.9793969276979898,0.9733333333333334,0.9069684677792745,0.9967540690710339,0.9125,0.8279916615801152,0.9640936410104413,0.0625,0.024999999999999953,6.938893903907228e-17,1.0
owlv2,274667,26715,4,bike in the background top left,1,16,5,0,0.07619509065997399,40,40,0.975,0.8684141415172343,0.9993672550679505,1.0,0.9097488990396657,1.0,0.975,0.8684141415172343,0.9993672550679505,0.025000000000000022,0.0,0.0,80,0.9375,0.8601429247023609,0.9793969276979898,0.9733333333333334,0.9069684677792745,0.9967540690710339,0.9125,0.8279916615801152,0.9640936410104413,0.0625,0.024999999999999953,6.938893903907228e-17,0.975
owlv2,488127,8164,1,man in hat on the right next to guy in white shirt,1,20,5,0,0.04949580840717516,5,5,0.6,0.14663279963467318,0.9472550494736831,1.0,0.29240177382128674,1.0,0.6,0.14663279963467318,0.9472550494736831,0.4,0.0,0.0,80,0.6875,0.5741109261435505,0.7865253688912328,1.0,0.9351292391745754,1.0,0.6875,0.5741109261435505,0.7865253688912328,0.3125,0.0,0.0,0.6
owlv2,488127,8164,1,man in hat on the right next to guy in white shirt,1,20,5,0,0.04949580840717516,10,10,0.7,0.34754714994000274,0.9332604888222655,1.0,0.5903836027749967,1.0,0.7,0.34754714994000274,0.9332604888222655,0.30000000000000004,0.0,0.0,80,0.6875,0.5741109261435505,0.7865253688912328,1.0,0.9351292391745754,1.0,0.6875,0.5741109261435505,0.7865253688912328,0.3125,0.0,0.0,0.7
owlv2,488127,8164,1,man in hat on the right next to guy in white shirt,1,20,5,0,0.04949580840717516,20,20,0.8,0.5633859970033317,0.9426660029499673,1.0,0.7940927857921773,1.0,0.8,0.5633859970033317,0.9426660029499673,0.19999999999999996,0.0,0.0,80,0.6875,0.5741109261435505,0.7865253688912328,1.0,0.9351292391745754,1.0,0.6875,0.5741109261435505,0.7865253688912328,0.3125,0.0,0.0,0.8
owlv2,488127,8164,1,man in hat on the right next to guy in white shirt,1,20,5,0,0.04949580840717516,40,40,0.775,0.6154883226965773,0.891603361015928,1.0,0.8878112530776301,1.0,0.775,0.6154883226965773,0.891603361015928,0.22499999999999998,0.0,0.0,80,0.6875,0.5741109261435505,0.7865253688912328,1.0,0.9351292391745754,1.0,0.6875,0.5741109261435505,0.7865253688912328,0.3125,0.0,0.0,0.775
owlv2,53601,45386,1,right boy,1,9,5,0,0.145902213546659,5,5,1.0,0.47817624989501856,1.0,1.0,0.47817624989501856,1.0,1.0,0.47817624989501856,1.0,0.0,0.0,0.0,80,0.9,0.8124348925365684,0.955829059846371,0.8611111111111112,0.7593740674969757,0.9313357923031833,0.775,0.6679136799387491,0.8608627895010682,0.09999999999999998,0.12499999999999996,4.163336342344337e-17,1.0
owlv2,53601,45386,1,right boy,1,9,5,0,0.145902213546659,10,10,1.0,0.6915028921812392,1.0,1.0,0.6915028921812392,1.0,1.0,0.6915028921812392,1.0,0.0,0.0,0.0,80,0.9,0.8124348925365684,0.955829059846371,0.8611111111111112,0.7593740674969757,0.9313357923031833,0.775,0.6679136799387491,0.8608627895010682,0.09999999999999998,0.12499999999999996,4.163336342344337e-17,1.0
owlv2,53601,45386,1,right boy,1,9,5,0,0.145902213546659,20,20,1.0,0.8315665290169146,1.0,0.95,0.7512672372279723,0.9987349105020502,0.95,0.7512672372279723,0.9987349105020502,0.0,0.050000000000000044,0.0,80,0.9,0.8124348925365684,0.955829059846371,0.8611111111111112,0.7593740674969757,0.9313357923031833,0.775,0.6679136799387491,0.8608627895010682,0.09999999999999998,0.12499999999999996,4.163336342344337e-17,0.95
owlv2,53601,45386,1,right boy,1,9,5,0,0.145902213546659,40,40,1.0,0.9119026971211976,1.0,0.925,0.796135251267101,0.9842578201489585,0.925,0.796135251267101,0.9842578201489585,0.0,0.07499999999999996,0.0,80,0.9,0.8124348925365684,0.955829059846371,0.8611111111111112,0.7593740674969757,0.9313357923031833,0.775,0.6679136799387491,0.8608627895010682,0.09999999999999998,0.12499999999999996,4.163336342344337e-17,0.925
owlv2,540464,3642,52,right bannana on cluster,1,20,5,0,0.26114041030775137,5,5,1.0,0.47817624989501856,1.0,1.0,0.47817624989501856,1.0,1.0,0.47817624989501856,1.0,0.0,0.0,0.0,80,1.0,0.9549359649323077,1.0,1.0,0.9549359649323077,1.0,1.0,0.9549359649323077,1.0,0.0,0.0,0.0,1.0
owlv2,540464,3642,52,right bannana on cluster,1,20,5,0,0.26114041030775137,10,10,1.0,0.6915028921812392,1.0,1.0,0.6915028921812392,1.0,1.0,0.6915028921812392,1.0,0.0,0.0,0.0,80,1.0,0.9549359649323077,1.0,1.0,0.9549359649323077,1.0,1.0,0.9549359649323077,1.0,0.0,0.0,0.0,1.0
owlv2,540464,3642,52,right bannana on cluster,1,20,5,0,0.26114041030775137,20,20,1.0,0.8315665290169146,1.0,1.0,0.8315665290169146,1.0,1.0,0.8315665290169146,1.0,0.0,0.0,0.0,80,1.0,0.9549359649323077,1.0,1.0,0.9549359649323077,1.0,1.0,0.9549359649323077,1.0,0.0,0.0,0.0,1.0
owlv2,540464,3642,52,right bannana on cluster,1,20,5,0,0.26114041030775137,40,40,1.0,0.9119026971211976,1.0,1.0,0.9119026971211976,1.0,1.0,0.9119026971211976,1.0,0.0,0.0,0.0,80,1.0,0.9549359649323077,1.0,1.0,0.9549359649323077,1.0,1.0,0.9549359649323077,1.0,0.0,0.0,0.0,1.0
owlv2,406988,15206,25,left gir,0,0,0,0,0.0,5,0,0.0,,,,,,0.0,,,,,,0,0.0,,,,,,0.0,,,,,,0.0
owlv2,406988,15206,25,left gir,0,0,0,0,0.0,10,0,0.0,,,,,,0.0,,,,,,0,0.0,,,,,,0.0,,,,,,0.0
owlv2,406988,15206,25,left gir,0,0,0,0,0.0,20,0,0.0,,,,,,0.0,,,,,,0,0.0,,,,,,0.0,,,,,,0.0
owlv2,406988,15206,25,left gir,0,0,0,0,0.0,40,0,0.0,,,,,,0.0,,,,,,0,0.0,,,,,,0.0,,,,,,0.0
owlv2,376454,17844,67,table,1,20,5,1,0.9027400682926683,5,5,1.0,0.47817624989501856,1.0,1.0,0.47817624989501856,1.0,1.0,0.47817624989501856,1.0,0.0,0.0,0.0,80,1.0,0.9549359649323077,1.0,1.0,0.9549359649323077,1.0,1.0,0.9549359649323077,1.0,0.0,0.0,0.0,1.0
owlv2,376454,17844,67,table,1,20,5,1,0.9027400682926683,10,10,1.0,0.6915028921812392,1.0,1.0,0.6915028921812392,1.0,1.0,0.6915028921812392,1.0,0.0,0.0,0.0,80,1.0,0.9549359649323077,1.0,1.0,0.9549359649323077,1.0,1.0,0.9549359649323077,1.0,0.0,0.0,0.0,1.0
owlv2,376454,17844,67,table,1,20,5,1,0.9027400682926683,20,20,1.0,0.8315665290169146,1.0,1.0,0.8315665290169146,1.0,1.0,0.8315665290169146,1.0,0.0,0.0,0.0,80,1.0,0.9549359649323077,1.0,1.0,0.9549359649323077,1.0,1.0,0.9549359649323077,1.0,0.0,0.0,0.0,1.0
owlv2,376454,17844,67,table,1,20,5,1,0.9027400682926683,40,40,1.0,0.9119026971211976,1.0,1.0,0.9119026971211976,1.0,1.0,0.9119026971211976,1.0,0.0,0.0,0.0,80,1.0,0.9549359649323077,1.0,1.0,0.9549359649323077,1.0,1.0,0.9549359649323077,1.0,0.0,0.0,0.0,1.0
owlv2,128136,38935,22,the elephant to the right back by himself,1,20,5,0,0.0,5,5,1.0,0.47817624989501856,1.0,1.0,0.47817624989501856,1.0,1.0,0.47817624989501856,1.0,0.0,0.0,0.0,80,0.9875,0.9323122155360776,0.9996835774723672,0.9493670886075949,0.8754052019863836,0.9860338821107838,0.9375,0.8601429247023609,0.9793969276979898,0.012499999999999956,0.05000000000000005,6.938893903907228e-18,1.0
owlv2,128136,38935,22,the elephant to the right back by himself,1,20,5,0,0.0,10,10,1.0,0.6915028921812392,1.0,1.0,0.6915028921812392,1.0,1.0,0.6915028921812392,1.0,0.0,0.0,0.0,80,0.9875,0.9323122155360776,0.9996835774723672,0.9493670886075949,0.8754052019863836,0.9860338821107838,0.9375,0.8601429247023609,0.9793969276979898,0.012499999999999956,0.05000000000000005,6.938893903907228e-18,1.0
owlv2,128136,38935,22,the elephant to the right back by himself,1,20,5,0,0.0,20,20,1.0,0.8315665290169146,1.0,1.0,0.8315665290169146,1.0,1.0,0.8315665290169146,1.0,0.0,0.0,0.0,80,0.9875,0.9323122155360776,0.9996835774723672,0.9493670886075949,0.8754052019863836,0.9860338821107838,0.9375,0.8601429247023609,0.9793969276979898,0.012499999999999956,0.05000000000000005,6.938893903907228e-18,1.0
owlv2,128136,38935,22,the elephant to the right back by himself,1,20,5,0,0.0,40,40,1.0,0.9119026971211976,1.0,1.0,0.9119026971211976,1.0,1.0,0.9119026971211976,1.0,0.0,0.0,0.0,80,0.9875,0.9323122155360776,0.9996835774723672,0.9493670886075949,0.8754052019863836,0.9860338821107838,0.9375,0.8601429247023609,0.9793969276979898,0.012499999999999956,0.05000000000000005,6.938893903907228e-18,1.0
owlv2,191068,33728,67,candles bottom,1,20,5,0,0.0025045854429246103,5,5,0.8,0.2835820638819106,0.9949492366205319,0.5,0.06758598648854298,0.932414013511457,0.4,0.05274495052631693,0.8533672003653268,0.19999999999999996,0.4,0.0,80,0.825,0.7238459604789864,0.9008894901605713,0.5606060606060606,0.43296119670295974,0.6826341362307495,0.4625,0.35027642653839836,0.5775824719951649,0.17500000000000004,0.36250000000000004,1.1102230246251565e-16,0.4
owlv2,191068,33728,67,candles bottom,1,20,5,0,0.0025045854429246103,10,10,0.7,0.34754714994000274,0.9332604888222655,0.5714285714285714,0.18405156764008304,0.9010117215574921,0.4,0.1215522581198272,0.7376219233930549,0.30000000000000004,0.3,5.551115123125783e-17,80,0.825,0.7238459604789864,0.9008894901605713,0.5606060606060606,0.43296119670295974,0.6826341362307495,0.4625,0.35027642653839836,0.5775824719951649,0.17500000000000004,0.36250000000000004,1.1102230246251565e-16,0.4
owlv2,191068,33728,67,candles bottom,1,20,5,0,0.0025045854429246103,20,20,0.75,0.5089541282920425,0.9134285308985653,0.6666666666666666,0.3838037325411542,0.881758896633119,0.5,0.27195784956079183,0.7280421504392082,0.25,0.25,0.0,80,0.825,0.7238459604789864,0.9008894901605713,0.5606060606060606,0.43296119670295974,0.6826341362307495,0.4625,0.35027642653839836,0.5775824719951649,0.17500000000000004,0.36250000000000004,1.1102230246251565e-16,0.5
owlv2,191068,33728,67,candles bottom,1,20,5,0,0.0025045854429246103,40,40,0.8,0.6435219813207653,0.9094775906000093,0.65625,0.46806896371973133,0.8142809082834338,0.525,0.36128013526406216,0.6848802933650138,0.19999999999999996,0.275,0.0,80,0.825,0.7238459604789864,0.9008894901605713,0.5606060606060606,0.43296119670295974,0.6826341362307495,0.4625,0.35027642653839836,0.5775824719951649,0.17500000000000004,0.36250000000000004,1.1102230246251565e-16,0.525
owlv2,498295,7296,46,wine glass,1,20,5,1,0.8568105060798319,5,5,0.8,0.2835820638819106,0.9949492366205319,1.0,0.3976353643835254,1.0,0.8,0.2835820638819106,0.9949492366205319,0.19999999999999996,0.0,0.0,80,0.9625,0.8942980149834914,0.9921988127342833,1.0,0.9532219318395959,1.0,0.9625,0.8942980149834914,0.9921988127342833,0.03749999999999998,0.0,0.0,0.8
owlv2,498295,7296,46,wine glass,1,20,5,1,0.8568105060798319,10,10,0.9,0.5549838829718046,0.9974714214555382,1.0,0.6637328831200572,1.0,0.9,0.5549838829718046,0.9974714214555382,0.09999999999999998,0.0,0.0,80,0.9625,0.8942980149834914,0.9921988127342833,1.0,0.9532219318395959,1.0,0.9625,0.8942980149834914,0.9921988127342833,0.03749999999999998,0.0,0.0,0.9
owlv2,498295,7296,46,wine glass,1,20,5,1,0.8568105060798319,20,20,0.9,0.6830172859809176,0.9876514728297052,1.0,0.8146980318621478,1.0,0.9,0.6830172859809176,0.9876514728297052,0.09999999999999998,0.0,0.0,80,0.9625,0.8942980149834914,0.9921988127342833,1.0,0.9532219318395959,1.0,0.9625,0.8942980149834914,0.9921988127342833,0.03749999999999998,0.0,0.0,0.9
owlv2,498295,7296,46,wine glass,1,20,5,1,0.8568105060798319,40,40,0.95,0.8308031360405824,0.9938863534006491,1.0,0.9074872385841217,1.0,0.95,0.8308031360405824,0.9938863534006491,0.050000000000000044,0.0,0.0,80,0.9625,0.8942980149834914,0.9921988127342833,1.0,0.9532219318395959,1.0,0.9625,0.8942980149834914,0.9921988127342833,0.03749999999999998,0.0,0.0,0.95
owlv2,84712,42623,1,girl in the white shirt,1,5,5,0,0.12586699407167265,5,5,0.4,0.05274495052631693,0.8533672003653268,1.0,0.15811388300841903,1.0,0.4,0.05274495052631693,0.8533672003653268,0.6,0.0,0.0,80,0.3875,0.28056513312478215,0.5030244574981009,1.0,0.8878112530776301,1.0,0.3875,0.28056513312478215,0.5030244574981009,0.6125,0.0,0.0,0.4
owlv2,84712,42623,1,girl in the white shirt,1,5,5,0,0.12586699407167265,10,10,0.4,0.1215522581198272,0.7376219233930549,1.0,0.3976353643835254,1.0,0.4,0.1215522581198272,0.7376219233930549,0.6,0.0,0.0,80,0.3875,0.28056513312478215,0.5030244574981009,1.0,0.8878112530776301,1.0,0.3875,0.28056513312478215,0.5030244574981009,0.6125,0.0,0.0,0.4
owlv2,84712,42623,1,girl in the white shirt,1,5,5,0,0.12586699407167265,20,20,0.4,0.1911900607253072,0.6394574126925103,1.0,0.6305833524471808,1.0,0.4,0.1911900607253072,0.6394574126925103,0.6,0.0,0.0,80,0.3875,0.28056513312478215,0.5030244574981009,1.0,0.8878112530776301,1.0,0.3875,0.28056513312478215,0.5030244574981009,0.6125,0.0,0.0,0.4
owlv2,84712,42623,1,girl in the white shirt,1,5,5,0,0.12586699407167265,40,40,0.4,0.24864998658774376,0.5667329478067034,1.0,0.7940927857921773,1.0,0.4,0.24864998658774376,0.5667329478067034,0.6,0.0,0.0,80,0.3875,0.28056513312478215,0.5030244574981009,1.0,0.8878112530776301,1.0,0.3875,0.28056513312478215,0.5030244574981009,0.6125,0.0,0.0,0.4
owlv2,354791,19507,1,the bottom head,1,5,5,0,0.0,5,5,1.0,0.47817624989501856,1.0,0.4,0.05274495052631693,0.8533672003653268,0.4,0.05274495052631693,0.8533672003653268,0.0,0.6,0.0,80,0.8125,0.7096721043523089,0.8910863118524706,0.47692307692307695,0.3514596807608302,0.6045575385715867,0.3875,0.28056513312478215,0.5030244574981009,0.1875,0.42499999999999993,1.1102230246251565e-16,0.4
owlv2,354791,19507,1,the bottom head,1,5,5,0,0.0,10,10,0.9,0.5549838829718046,0.9974714214555382,0.3333333333333333,0.07485463141969183,0.7007049437914596,0.3,0.0667395111777345,0.6524528500599973,0.09999999999999998,0.6000000000000001,1.1102230246251565e-16,80,0.8125,0.7096721043523089,0.8910863118524706,0.47692307692307695,0.3514596807608302,0.6045575385715867,0.3875,0.28056513312478215,0.5030244574981009,0.1875,0.42499999999999993,1.1102230246251565e-16,0.3
owlv2,354791,19507,1,the bottom head,1,5,5,0,0.0,20,20,0.9,0.6830172859809176,0.9876514728297052,0.4444444444444444,0.21530150738729986,0.6924283410012437,0.4,0.1911900607253072,0.6394574126925103,0.09999999999999998,0.5,0.0,80,0.8125,0.7096721043523089,0.8910863118524706,0.47692307692307695,0.3514596807608302,0.6045575385715867,0.3875,0.28056513312478215,0.5030244574981009,0.1875,0.42499999999999993,1.1102230246251565e-16,0.4
owlv2,354791,19507,1,the bottom head,1,5,5,0,0.0,40,40,0.8,0.6435219813207653,0.9094775906000093,0.4375,0.2636381244109848,0.623374268409906,0.35,0.20628249087076694,0.5168444536489906,0.19999999999999996,0.45,5.551115123125783e-17,80,0.8125,0.7096721043523089,0.8910863118524706,0.47692307692307695,0.3514596807608302,0.6045575385715867,0.3875,0.28056513312478215,0.5030244574981009,0.1875,0.42499999999999993,1.1102230246251565e-16,0.35
owlv2,530750,4474,1,woman on left,1,14,5,1,0.9723985250444259,5,5,1.0,0.47817624989501856,1.0,1.0,0.47817624989501856,1.0,1.0,0.47817624989501856,1.0,0.0,0.0,0.0,80,0.9375,0.8601429247023609,0.9793969276979898,0.9333333333333333,0.8512395208422177,0.9780007475302044,0.875,0.7821108659305637,0.9383979034415657,0.0625,0.062499999999999986,1.3877787807814457e-17,1.0
owlv2,530750,4474,1,woman on left,1,14,5,1,0.9723985250444259,10,10,1.0,0.6915028921812392,1.0,1.0,0.6915028921812392,1.0,1.0,0.6915028921812392,1.0,0.0,0.0,0.0,80,0.9375,0.8601429247023609,0.9793969276979898,0.9333333333333333,0.8512395208422177,0.9780007475302044,0.875,0.7821108659305637,0.9383979034415657,0.0625,0.062499999999999986,1.3877787807814457e-17,1.0
owlv2,530750,4474,1,woman on left,1,14,5,1,0.9723985250444259,20,20,0.95,0.7512672372279723,0.9987349105020502,0.9473684210526315,0.7397193458047859,0.9986683711958205,0.9,0.6830172859809176,0.9876514728297052,0.050000000000000044,0.050000000000000044,1.1102230246251565e-16,80,0.9375,0.8601429247023609,0.9793969276979898,0.9333333333333333,0.8512395208422177,0.9780007475302044,0.875,0.7821108659305637,0.9383979034415657,0.0625,0.062499999999999986,1.3877787807814457e-17,0.9
owlv2,530750,4474,1,woman on left,1,14,5,1,0.9723985250444259,40,40,0.9,0.7633626001239001,0.9720745847057807,0.9444444444444444,0.813363293542446,0.9931996993459772,0.85,0.7016473331604236,0.9428977418454741,0.09999999999999998,0.050000000000000024,2.0816681711721685e-17,80,0.9375,0.8601429247023609,0.9793969276979898,0.9333333333333333,0.8512395208422177,0.9780007475302044,0.875,0.7821108659305637,0.9383979034415657,0.0625,0.062499999999999986,1.3877787807814457e-17,0.85
owlv2,259443,27982,1,right guy,1,7,4,1,0.8349585968606927,5,5,1.0,0.47817624989501856,1.0,1.0,0.47817624989501856,1.0,1.0,0.47817624989501856,1.0,0.0,0.0,0.0,80,0.7875,0.6817141914403442,0.8710635049024182,0.9047619047619048,0.804143979441893,0.9642409881346669,0.7125,0.6004548866879794,0.8082395280280349,0.21250000000000002,0.075,4.163336342344337e-17,1.0
owlv2,259443,27982,1,right guy,1,7,4,1,0.8349585968606927,10,10,0.9,0.5549838829718046,0.9974714214555382,0.8888888888888888,0.517503485082663,0.9971908632534008,0.8,0.4439045376923585,0.9747892736731666,0.09999999999999998,0.10000000000000005,6.938893903907228e-17,80,0.7875,0.6817141914403442,0.8710635049024182,0.9047619047619048,0.804143979441893,0.9642409881346669,0.7125,0.6004548866879794,0.8082395280280349,0.21250000000000002,0.075,4.163336342344337e-17,0.8
owlv2,259443,27982,1,right guy,1,7,4,1,0.8349585968606927,20,20,0.95,0.7512672372279723,0.9987349105020502,0.9473684210526315,0.7397193458047859,0.9986683711958205,0.9,0.6830172859809176,0.9876514728297052,0.050000000000000044,0.050000000000000044,1.1102230246251565e-16,80,0.7875,0.6817141914403442,0.8710635049024182,0.9047619047619048,0.804143979441893,0.9642409881346669,0.7125,0.6004548866879794,0.8082395280280349,0.21250000000000002,0.075,4.163336342344337e-17,0.9
owlv2,259443,27982,1,right guy,1,7,4,1,0.8349585968606927,40,40,0.9,0.7633626001239001,0.9720745847057807,0.8888888888888888,0.7393890794891709,0.9688838600549847,0.8,0.6435219813207653,0.9094775906000093,0.09999999999999998,0.10000000000000005,6.938893903907228e-17,80,0.7875,0.6817141914403442,0.8710635049024182,0.9047619047619048,0.804143979441893,0.9642409881346669,0.7125,0.6004548866879794,0.8082395280280349,0.21250000000000002,0.075,4.163336342344337e-17,0.8
owlv2,296614,24900,1,batter,1,9,5,0,0.0,5,5,1.0,0.47817624989501856,1.0,1.0,0.47817624989501856,1.0,1.0,0.47817624989501856,1.0,0.0,0.0,0.0,80,0.9875,0.9323122155360776,0.9996835774723672,0.8860759493670886,0.7947221518723621,0.9465631276984409,0.875,0.7821108659305637,0.9383979034415657,0.012499999999999956,0.11250000000000006,1.3877787807814457e-17,1.0
owlv2,296614,24900,1,batter,1,9,5,0,0.0,10,10,1.0,0.6915028921812392,1.0,1.0,0.6915028921812392,1.0,1.0,0.6915028921812392,1.0,0.0,0.0,0.0,80,0.9875,0.9323122155360776,0.9996835774723672,0.8860759493670886,0.7947221518723621,0.9465631276984409,0.875,0.7821108659305637,0.9383979034415657,0.012499999999999956,0.11250000000000006,1.3877787807814457e-17,1.0
owlv2,296614,24900,1,batter,1,9,5,0,0.0,20,20,1.0,0.8315665290169146,1.0,1.0,0.8315665290169146,1.0,1.0,0.8315665290169146,1.0,0.0,0.0,0.0,80,0.9875,0.9323122155360776,0.9996835774723672,0.8860759493670886,0.7947221518723621,0.9465631276984409,0.875,0.7821108659305637,0.9383979034415657,0.012499999999999956,0.11250000000000006,1.3877787807814457e-17,1.0
owlv2,296614,24900,1,batter,1,9,5,0,0.0,40,40,1.0,0.9119026971211976,1.0,0.925,0.796135251267101,0.9842578201489585,0.925,0.796135251267101,0.9842578201489585,0.0,0.07499999999999996,0.0,80,0.9875,0.9323122155360776,0.9996835774723672,0.8860759493670886,0.7947221518723621,0.9465631276984409,0.875,0.7821108659305637,0.9383979034415657,0.012499999999999956,0.11250000000000006,1.3877787807814457e-17,0.925
owlv2,53672,45374,1,red player on left,1,20,5,0,0.0,5,5,1.0,0.47817624989501856,1.0,1.0,0.47817624989501856,1.0,1.0,0.47817624989501856,1.0,0.0,0.0,0.0,80,1.0,0.9549359649323077,1.0,0.9875,0.9323122155360776,0.9996835774723672,0.9875,0.9323122155360776,0.9996835774723672,0.0,0.012499999999999956,0.0,1.0
owlv2,53672,45374,1,red player on left,1,20,5,0,0.0,10,10,1.0,0.6915028921812392,1.0,1.0,0.6915028921812392,1.0,1.0,0.6915028921812392,1.0,0.0,0.0,0.0,80,1.0,0.9549359649323077,1.0,0.9875,0.9323122155360776,0.9996835774723672,0.9875,0.9323122155360776,0.9996835774723672,0.0,0.012499999999999956,0.0,1.0
owlv2,53672,45374,1,red player on left,1,20,5,0,0.0,20,20,1.0,0.8315665290169146,1.0,0.95,0.7512672372279723,0.9987349105020502,0.95,0.7512672372279723,0.9987349105020502,0.0,0.050000000000000044,0.0,80,1.0,0.9549359649323077,1.0,0.9875,0.9323122155360776,0.9996835774723672,0.9875,0.9323122155360776,0.9996835774723672,0.0,0.012499999999999956,0.0,0.95
owlv2,53672,45374,1,red player on left,1,20,5,0,0.0,40,40,1.0,0.9119026971211976,1.0,0.975,0.8684141415172343,0.9993672550679505,0.975,0.8684141415172343,0.9993672550679505,0.0,0.025000000000000022,0.0,80,1.0,0.9549359649323077,1.0,0.9875,0.9323122155360776,0.9996835774723672,0.9875,0.9323122155360776,0.9996835774723672,0.0,0.012499999999999956,0.0,0.975
owlv2,544831,3281,84,book on left,1,14,5,1,0.970278212616852,5,5,1.0,0.47817624989501856,1.0,1.0,0.47817624989501856,1.0,1.0,0.47817624989501856,1.0,0.0,0.0,0.0,80,1.0,0.9549359649323077,1.0,1.0,0.9549359649323077,1.0,1.0,0.9549359649323077,1.0,0.0,0.0,0.0,1.0
owlv2,544831,3281,84,book on left,1,14,5,1,0.970278212616852,10,10,1.0,0.6915028921812392,1.0,1.0,0.6915028921812392,1.0,1.0,0.6915028921812392,1.0,0.0,0.0,0.0,80,1.0,0.9549359649323077,1.0,1.0,0.9549359649323077,1.0,1.0,0.9549359649323077,1.0,0.0,0.0,0.0,1.0
owlv2,544831,3281,84,book on left,1,14,5,1,0.970278212616852,20,20,1.0,0.8315665290169146,1.0,1.0,0.8315665290169146,1.0,1.0,0.8315665290169146,1.0,0.0,0.0,0.0,80,1.0,0.9549359649323077,1.0,1.0,0.9549359649323077,1.0,1.0,0.9549359649323077,1.0,0.0,0.0,0.0,1.0
owlv2,544831,3281,84,book on left,1,14,5,1,0.970278212616852,40,40,1.0,0.9119026971211976,1.0,1.0,0.9119026971211976,1.0,1.0,0.9119026971211976,1.0,0.0,0.0,0.0,80,1.0,0.9549359649323077,1.0,1.0,0.9549359649323077,1.0,1.0,0.9549359649323077,1.0,0.0,0.0,0.0,1.0
owlv2,80634,42957,59,left portion of pizza,1,20,5,0,0.35865060786729686,5,5,1.0,0.47817624989501856,1.0,1.0,0.47817624989501856,1.0,1.0,0.47817624989501856,1.0,0.0,0.0,0.0,80,1.0,0.9549359649323077,1.0,1.0,0.9549359649323077,1.0,1.0,0.9549359649323077,1.0,0.0,0.0,0.0,1.0
owlv2,80634,42957,59,left portion of pizza,1,20,5,0,0.35865060786729686,10,10,1.0,0.6915028921812392,1.0,1.0,0.6915028921812392,1.0,1.0,0.6915028921812392,1.0,0.0,0.0,0.0,80,1.0,0.9549359649323077,1.0,1.0,0.9549359649323077,1.0,1.0,0.9549359649323077,1.0,0.0,0.0,0.0,1.0
owlv2,80634,42957,59,left portion of pizza,1,20,5,0,0.35865060786729686,20,20,1.0,0.8315665290169146,1.0,1.0,0.8315665290169146,1.0,1.0,0.8315665290169146,1.0,0.0,0.0,0.0,80,1.0,0.9549359649323077,1.0,1.0,0.9549359649323077,1.0,1.0,0.9549359649323077,1.0,0.0,0.0,0.0,1.0
owlv2,80634,42957,59,left portion of pizza,1,20,5,0,0.35865060786729686,40,40,1.0,0.9119026971211976,1.0,1.0,0.9119026971211976,1.0,1.0,0.9119026971211976,1.0,0.0,0.0,0.0,80,1.0,0.9549359649323077,1.0,1.0,0.9549359649323077,1.0,1.0,0.9549359649323077,1.0,0.0,0.0,0.0,1.0
owlv2,335697,21173,22,elephant back left,1,20,5,0,0.0,5,5,1.0,0.47817624989501856,1.0,0.2,0.005050763379468061,0.7164179361180893,0.2,0.005050763379468061,0.7164179361180893,0.0,0.8,0.0,80,1.0,0.9549359649323077,1.0,0.3,0.20257392914667277,0.412759323081376,0.3,0.20257392914667277,0.412759323081376,0.0,0.7,0.0,0.2
owlv2,335697,21173,22,elephant back left,1,20,5,0,0.0,10,10,1.0,0.6915028921812392,1.0,0.3,0.0667395111777345,0.6524528500599973,0.3,0.0667395111777345,0.6524528500599973,0.0,0.7,0.0,80,1.0,0.9549359649323077,1.0,0.3,0.20257392914667277,0.412759323081376,0.3,0.20257392914667277,0.412759323081376,0.0,0.7,0.0,0.3
owlv2,335697,21173,22,elephant back left,1,20,5,0,0.0,20,20,1.0,0.8315665290169146,1.0,0.25,0.08657146910143462,0.49104587170795755,0.25,0.08657146910143462,0.49104587170795755,0.0,0.75,0.0,80,1.0,0.9549359649323077,1.0,0.3,0.20257392914667277,0.412759323081376,0.3,0.20257392914667277,0.412759323081376,0.0,0.7,0.0,0.25
owlv2,335697,21173,22,elephant back left,1,20,5,0,0.0,40,40,1.0,0.9119026971211976,1.0,0.15,0.057102258154525895,0.29835266683957645,0.15,0.057102258154525895,0.29835266683957645,0.0,0.85,0.0,80,1.0,0.9549359649323077,1.0,0.3,0.20257392914667277,0.412759323081376,0.3,0.20257392914667277,0.412759323081376,0.0,0.7,0.0,0.15
owlv2,181054,34594,1,dude in white,1,7,5,1,0.9736360728941182,5,5,1.0,0.47817624989501856,1.0,1.0,0.47817624989501856,1.0,1.0,0.47817624989501856,1.0,0.0,0.0,0.0,80,0.8875,0.7971534080830098,0.9472484868543125,1.0,0.9493705920455963,1.0,0.8875,0.7971534080830098,0.9472484868543125,0.11250000000000004,0.0,0.0,1.0
owlv2,181054,34594,1,dude in white,1,7,5,1,0.9736360728941182,10,10,1.0,0.6915028921812392,1.0,1.0,0.6915028921812392,1.0,1.0,0.6915028921812392,1.0,0.0,0.0,0.0,80,0.8875,0.7971534080830098,0.9472484868543125,1.0,0.9493705920455963,1.0,0.8875,0.7971534080830098,0.9472484868543125,0.11250000000000004,0.0,0.0,1.0
owlv2,181054,34594,1,dude in white,1,7,5,1,0.9736360728941182,20,20,0.85,0.6210731734546859,0.9679290628145363,1.0,0.8049356770309068,1.0,0.85,0.6210731734546859,0.9679290628145363,0.15000000000000002,0.0,0.0,80,0.8875,0.7971534080830098,0.9472484868543125,1.0,0.9493705920455963,1.0,0.8875,0.7971534080830098,0.9472484868543125,0.11250000000000004,0.0,0.0,0.85
owlv2,181054,34594,1,dude in white,1,7,5,1,0.9736360728941182,40,40,0.85,0.7016473331604236,0.9428977418454741,1.0,0.8971820757409874,1.0,0.85,0.7016473331604236,0.9428977418454741,0.15000000000000002,0.0,0.0,80,0.8875,0.7971534080830098,0.9472484868543125,1.0,0.9493705920455963,1.0,0.8875,0.7971534080830098,0.9472484868543125,0.11250000000000004,0.0,0.0,0.85
owlv2,318333,22911,1,catcher in gray,1,20,5,0,0.03779545997616851,5,5,0.8,0.2835820638819106,0.9949492366205319,1.0,0.3976353643835254,1.0,0.8,0.2835820638819106,0.9949492366205319,0.19999999999999996,0.0,0.0,80,0.8,0.6956311329945355,0.8811409135950147,0.96875,0.8916294777754828,0.9961928186181276,0.775,0.6679136799387491,0.8608627895010682,0.19999999999999996,0.025,2.0816681711721685e-17,0.8
owlv2,318333,22911,1,catcher in gray,1,20,5,0,0.03779545997616851,10,10,0.8,0.4439045376923585,0.9747892736731666,1.0,0.6305833524471808,1.0,0.8,0.4439045376923585,0.9747892736731666,0.19999999999999996,0.0,0.0,80,0.8,0.6956311329945355,0.8811409135950147,0.96875,0.8916294777754828,0.9961928186181276,0.775,0.6679136799387491,0.8608627895010682,0.19999999999999996,0.025,2.0816681711721685e-17,0.8
owlv2,318333,22911,1,catcher in gray,1,20,5,0,0.03779545997616851,20,20,0.7,0.4572108177237109,0.8810684095942722,1.0,0.7683642383498835,1.0,0.7,0.4572108177237109,0.8810684095942722,0.30000000000000004,0.0,0.0,80,0.8,0.6956311329945355,0.8811409135950147,0.96875,0.8916294777754828,0.9961928186181276,0.775,0.6679136799387491,0.8608627895010682,0.19999999999999996,0.025,2.0816681711721685e-17,0.7
owlv2,318333,22911,1,catcher in gray,1,20,5,0,0.03779545997616851,40,40,0.775,0.6154883226965773,0.891603361015928,1.0,0.8878112530776301,1.0,0.775,0.6154883226965773,0.891603361015928,0.22499999999999998,0.0,0.0,80,0.8,0.6956311329945355,0.8811409135950147,0.96875,0.8916294777754828,0.9961928186181276,0.775,0.6679136799387491,0.8608627895010682,0.19999999999999996,0.025,2.0816681711721685e-17,0.775
owlv2,47774,45878,64,plants at top left corner,1,20,5,0,0.0,5,5,0.8,0.2835820638819106,0.9949492366205319,0.75,0.19412044968324346,0.9936905367902902,0.6,0.14663279963467318,0.9472550494736831,0.19999999999999996,0.2,5.551115123125783e-17,80,0.95,0.876901263556847,0.9862106060235382,0.8552631578947368,0.7557660360921089,0.9254710615610873,0.8125,0.7096721043523089,0.8910863118524706,0.050000000000000044,0.1375,5.551115123125783e-17,0.6
owlv2,47774,45878,64,plants at top left corner,1,20,5,0,0.0,10,10,0.9,0.5549838829718046,0.9974714214555382,0.8888888888888888,0.517503485082663,0.9971908632534008,0.8,0.4439045376923585,0.9747892736731666,0.09999999999999998,0.10000000000000005,6.938893903907228e-17,80,0.95,0.876901263556847,0.9862106060235382,0.8552631578947368,0.7557660360921089,0.9254710615610873,0.8125,0.7096721043523089,0.8910863118524706,0.050000000000000044,0.1375,5.551115123125783e-17,0.8
owlv2,47774,45878,64,plants at top left corner,1,20,5,0,0.0,20,20,0.9,0.6830172859809176,0.9876514728297052,0.8888888888888888,0.6528795613913279,0.9862487843356355,0.8,0.5633859970033317,0.9426660029499673,0.09999999999999998,0.10000000000000005,6.938893903907228e-17,80,0.95,0.876901263556847,0.9862106060235382,0.8552631578947368,0.7557660360921089,0.9254710615610873,0.8125,0.7096721043523089,0.8910863118524706,0.050000000000000044,0.1375,5.551115123125783e-17,0.8
owlv2,47774,45878,64,plants at top left corner,1,20,5,0,0.0,40,40,0.9,0.7633626001239001,0.9720745847057807,0.8611111111111112,0.7050250518893684,0.9533223393969098,0.775,0.6154883226965773,0.891603361015928,0.09999999999999998,0.12499999999999996,4.163336342344337e-17,80,0.95,0.876901263556847,0.9862106060235382,0.8552631578947368,0.7557660360921089,0.9254710615610873,0.8125,0.7096721043523089,0.8910863118524706,0.050000000000000044,0.1375,5.551115123125783e-17,0.775
owlv2,214563,31792,73,laptop on left,1,20,5,1,0.963850043339514,5,5,1.0,0.47817624989501856,1.0,1.0,0.47817624989501856,1.0,1.0,0.47817624989501856,1.0,0.0,0.0,0.0,80,1.0,0.9549359649323077,1.0,0.9625,0.8942980149834914,0.9921988127342833,0.9625,0.8942980149834914,0.9921988127342833,0.0,0.03749999999999998,0.0,1.0
owlv2,214563,31792,73,laptop on left,1,20,5,1,0.963850043339514,10,10,1.0,0.6915028921812392,1.0,1.0,0.6915028921812392,1.0,1.0,0.6915028921812392,1.0,0.0,0.0,0.0,80,1.0,0.9549359649323077,1.0,0.9625,0.8942980149834914,0.9921988127342833,0.9625,0.8942980149834914,0.9921988127342833,0.0,0.03749999999999998,0.0,1.0
owlv2,214563,31792,73,laptop on left,1,20,5,1,0.963850043339514,20,20,1.0,0.8315665290169146,1.0,0.85,0.6210731734546859,0.9679290628145363,0.85,0.6210731734546859,0.9679290628145363,0.0,0.15000000000000002,0.0,80,1.0,0.9549359649323077,1.0,0.9625,0.8942980149834914,0.9921988127342833,0.9625,0.8942980149834914,0.9921988127342833,0.0,0.03749999999999998,0.0,0.85
owlv2,214563,31792,73,laptop on left,1,20,5,1,0.963850043339514,40,40,1.0,0.9119026971211976,1.0,0.925,0.796135251267101,0.9842578201489585,0.925,0.796135251267101,0.9842578201489585,0.0,0.07499999999999996,0.0,80,1.0,0.9549359649323077,1.0,0.9625,0.8942980149834914,0.9921988127342833,0.9625,0.8942980149834914,0.9921988127342833,0.0,0.03749999999999998,0.0,0.925
owlv2,381961,17371,22,baby elephant on right,1,20,5,0,0.18092312632262986,5,5,0.6,0.14663279963467318,0.9472550494736831,1.0,0.29240177382128674,1.0,0.6,0.14663279963467318,0.9472550494736831,0.4,0.0,0.0,80,0.5875,0.4718483404252045,0.6964754070624058,0.7659574468085106,0.6197427018764018,0.8769665367144984,0.45,0.3384863844898155,0.565326020905847,0.4125,0.1375,5.551115123125783e-17,0.6
owlv2,381961,17371,22,baby elephant on right,1,20,5,0,0.18092312632262986,10,10,0.7,0.34754714994000274,0.9332604888222655,1.0,0.5903836027749967,1.0,0.7,0.34754714994000274,0.9332604888222655,0.30000000000000004,0.0,0.0,80,0.5875,0.4718483404252045,0.6964754070624058,0.7659574468085106,0.6197427018764018,0.8769665367144984,0.45,0.3384863844898155,0.565326020905847,0.4125,0.1375,5.551115123125783e-17,0.7
owlv2,381961,17371,22,baby elephant on right,1,20,5,0,0.18092312632262986,20,20,0.65,0.4078114654671719,0.8460907952154588,1.0,0.752947361999529,1.0,0.65,0.4078114654671719,0.8460907952154588,0.35,0.0,0.0,80,0.5875,0.4718483404252045,0.6964754070624058,0.7659574468085106,0.6197427018764018,0.8769665367144984,0.45,0.3384863844898155,0.565326020905847,0.4125,0.1375,5.551115123125783e-17,0.65
owlv2,381961,17371,22,baby elephant on right,1,20,5,0,0.18092312632262986,40,40,0.6,0.4332670521932967,0.7513500134122563,0.9583333333333334,0.7887983165430269,0.9989456475545303,0.575,0.40890058042696337,0.7295709687311371,0.4,0.024999999999999977,4.5102810375396984e-17,80,0.5875,0.4718483404252045,0.6964754070624058,0.7659574468085106,0.6197427018764018,0.8769665367144984,0.45,0.3384863844898155,0.565326020905847,0.4125,0.1375,5.551115123125783e-17,0.575
owlv2,340345,20703,25,right giraffe,1,20,5,0,0.0,5,5,1.0,0.47817624989501856,1.0,1.0,0.47817624989501856,1.0,1.0,0.47817624989501856,1.0,0.0,0.0,0.0,80,1.0,0.9549359649323077,1.0,1.0,0.9549359649323077,1.0,1.0,0.9549359649323077,1.0,0.0,0.0,0.0,1.0
owlv2,340345,20703,25,right giraffe,1,20,5,0,0.0,10,10,1.0,0.6915028921812392,1.0,1.0,0.6915028921812392,1.0,1.0,0.6915028921812392,1.0,0.0,0.0,0.0,80,1.0,0.9549359649323077,1.0,1.0,0.9549359649323077,1.0,1.0,0.9549359649323077,1.0,0.0,0.0,0.0,1.0
owlv2,340345,20703,25,right giraffe,1,20,5,0,0.0,20,20,1.0,0.8315665290169146,1.0,1.0,0.8315665290169146,1.0,1.0,0.8315665290169146,1.0,0.0,0.0,0.0,80,1.0,0.9549359649323077,1.0,1.0,0.9549359649323077,1.0,1.0,0.9549359649323077,1.0,0.0,0.0,0.0,1.0
owlv2,340345,20703,25,right giraffe,1,20,5,0,0.0,40,40,1.0,0.9119026971211976,1.0,1.0,0.9119026971211976,1.0,1.0,0.9119026971211976,1.0,0.0,0.0,0.0,80,1.0,0.9549359649323077,1.0,1.0,0.9549359649323077,1.0,1.0,0.9549359649323077,1.0,0.0,0.0,0.0,1.0
owlv2,129722,38788,1,guy in red,1,11,5,1,0.9459284898548987,5,5,1.0,0.47817624989501856,1.0,0.8,0.2835820638819106,0.9949492366205319,0.8,0.2835820638819106,0.9949492366205319,0.0,0.19999999999999996,0.0,80,0.95,0.876901263556847,0.9862106060235382,0.5263157894736842,0.40843665107494664,0.6420817865081923,0.5,0.38604788336490925,0.6139521166350907,0.050000000000000044,0.45,5.551115123125783e-17,0.8
owlv2,129722,38788,1,guy in red,1,11,5,1,0.9459284898548987,10,10,1.0,0.6915028921812392,1.0,0.6,0.2623780766069451,0.8784477418801728,0.6,0.2623780766069451,0.8784477418801728,0.0,0.4,0.0,80,0.95,0.876901263556847,0.9862106060235382,0.5263157894736842,0.40843665107494664,0.6420817865081923,0.5,0.38604788336490925,0.6139521166350907,0.050000000000000044,0.45,5.551115123125783e-17,0.6
owlv2,129722,38788,1,guy in red,1,11,5,1,0.9459284898548987,20,20,1.0,0.8315665290169146,1.0,0.55,0.3152781330405486,0.7694221032240758,0.55,0.3152781330405486,0.7694221032240758,0.0,0.44999999999999996,0.0,80,0.95,0.876901263556847,0.9862106060235382,0.5263157894736842,0.40843665107494664,0.6420817865081923,0.5,0.38604788336490925,0.6139521166350907,0.050000000000000044,0.45,5.551115123125783e-17,0.55
owlv2,129722,38788,1,guy in red,1,11,5,1,0.9459284898548987,40,40,1.0,0.9119026971211976,1.0,0.5,0.33801781373723455,0.6619821862627655,0.5,0.33801781373723455,0.6619821862627655,0.0,0.5,0.0,80,0.95,0.876901263556847,0.9862106060235382,0.5263157894736842,0.40843665107494664,0.6420817865081923,0.5,0.38604788336490925,0.6139521166350907,0.050000000000000044,0.45,5.551115123125783e-17,0.5
owlv2,252567,28556,1,catcher,1,17,5,0,0.044628611577244424,5,5,0.6,0.14663279963467318,0.9472550494736831,1.0,0.29240177382128674,1.0,0.6,0.14663279963467318,0.9472550494736831,0.4,0.0,0.0,80,0.8625,0.7672791291752744,0.9293121672961213,1.0,0.9479419421369203,1.0,0.8625,0.7672791291752744,0.9293121672961213,0.13749999999999996,0.0,0.0,0.6
owlv2,252567,28556,1,catcher,1,17,5,0,0.044628611577244424,10,10,0.8,0.4439045376923585,0.9747892736731666,1.0,0.6305833524471808,1.0,0.8,0.4439045376923585,0.9747892736731666,0.19999999999999996,0.0,0.0,80,0.8625,0.7672791291752744,0.9293121672961213,1.0,0.9479419421369203,1.0,0.8625,0.7672791291752744,0.9293121672961213,0.13749999999999996,0.0,0.0,0.8
owlv2,252567,28556,1,catcher,1,17,5,0,0.044628611577244424,20,20,0.85,0.6210731734546859,0.9679290628145363,1.0,0.8049356770309068,1.0,0.85,0.6210731734546859,0.9679290628145363,0.15000000000000002,0.0,0.0,80,0.8625,0.7672791291752744,0.9293121672961213,1.0,0.9479419421369203,1.0,0.8625,0.7672791291752744,0.9293121672961213,0.13749999999999996,0.0,0.0,0.85
owlv2,252567,28556,1,catcher,1,17,5,0,0.044628611577244424,40,40,0.85,0.7016473331604236,0.9428977418454741,1.0,0.8971820757409874,1.0,0.85,0.7016473331604236,0.9428977418454741,0.15000000000000002,0.0,0.0,80,0.8625,0.7672791291752744,0.9293121672961213,1.0,0.9479419421369203,1.0,0.8625,0.7672791291752744,0.9293121672961213,0.13749999999999996,0.0,0.0,0.85
owlv2,119974,39681,5,plane on top,1,20,5,0,0.45739337644662476,5,5,1.0,0.47817624989501856,1.0,0.8,0.2835820638819106,0.9949492366205319,0.8,0.2835820638819106,0.9949492366205319,0.0,0.19999999999999996,0.0,80,0.9625,0.8942980149834914,0.9921988127342833,0.974025974025974,0.9093028448946593,0.9968387996999841,0.9375,0.8601429247023609,0.9793969276979898,0.03749999999999998,0.02500000000000001,1.3877787807814457e-17,0.8
owlv2,119974,39681,5,plane on top,1,20,5,0,0.45739337644662476,10,10,1.0,0.6915028921812392,1.0,0.9,0.5549838829718046,0.9974714214555382,0.9,0.5549838829718046,0.9974714214555382,0.0,0.09999999999999998,0.0,80,0.9625,0.8942980149834914,0.9921988127342833,0.974025974025974,0.9093028448946593,0.9968387996999841,0.9375,0.8601429247023609,0.9793969276979898,0.03749999999999998,0.02500000000000001,1.3877787807814457e-17,0.9
owlv2,119974,39681,5,plane on top,1,20,5,0,0.45739337644662476,20,20,1.0,0.8315665290169146,1.0,0.9,0.6830172859809176,0.9876514728297052,0.9,0.6830172859809176,0.9876514728297052,0.0,0.09999999999999998,0.0,80,0.9625,0.8942980149834914,0.9921988127342833,0.974025974025974,0.9093028448946593,0.9968387996999841,0.9375,0.8601429247023609,0.9793969276979898,0.03749999999999998,0.02500000000000001,1.3877787807814457e-17,0.9
owlv2,119974,39681,5,plane on top,1,20,5,0,0.45739337644662476,40,40,0.975,0.8684141415172343,0.9993672550679505,0.9487179487179487,0.8267552186263942,0.9937280279043096,0.925,0.796135251267101,0.9842578201489585,0.025000000000000022,0.05000000000000004,1.0408340855860843e-16,80,0.9625,0.8942980149834914,0.9921988127342833,0.974025974025974,0.9093028448946593,0.9968387996999841,0.9375,0.8601429247023609,0.9793969276979898,0.03749999999999998,0.02500000000000001,1.3877787807814457e-17,0.925
owlv2,75843,43376,63,couch by window,1,20,5,1,0.9644887390216889,5,5,1.0,0.47817624989501856,1.0,1.0,0.47817624989501856,1.0,1.0,0.47817624989501856,1.0,0.0,0.0,0.0,80,1.0,0.9549359649323077,1.0,0.9875,0.9323122155360776,0.9996835774723672,0.9875,0.9323122155360776,0.9996835774723672,0.0,0.012499999999999956,0.0,1.0
owlv2,75843,43376,63,couch by window,1,20,5,1,0.9644887390216889,10,10,1.0,0.6915028921812392,1.0,1.0,0.6915028921812392,1.0,1.0,0.6915028921812392,1.0,0.0,0.0,0.0,80,1.0,0.9549359649323077,1.0,0.9875,0.9323122155360776,0.9996835774723672,0.9875,0.9323122155360776,0.9996835774723672,0.0,0.012499999999999956,0.0,1.0
owlv2,75843,43376,63,couch by window,1,20,5,1,0.9644887390216889,20,20,1.0,0.8315665290169146,1.0,1.0,0.8315665290169146,1.0,1.0,0.8315665290169146,1.0,0.0,0.0,0.0,80,1.0,0.9549359649323077,1.0,0.9875,0.9323122155360776,0.9996835774723672,0.9875,0.9323122155360776,0.9996835774723672,0.0,0.012499999999999956,0.0,1.0
owlv2,75843,43376,63,couch by window,1,20,5,1,0.9644887390216889,40,40,0.975,0.8684141415172343,0.9993672550679505,1.0,0.9097488990396657,1.0,0.975,0.8684141415172343,0.9993672550679505,0.025000000000000022,0.0,0.0,80,1.0,0.9549359649323077,1.0,0.9875,0.9323122155360776,0.9996835774723672,0.9875,0.9323122155360776,0.9996835774723672,0.0,0.012499999999999956,0.0,0.975
owlv2,390963,16600,1,guy right,1,20,5,1,0.9716178857251341,5,5,1.0,0.47817624989501856,1.0,1.0,0.47817624989501856,1.0,1.0,0.47817624989501856,1.0,0.0,0.0,0.0,80,1.0,0.9549359649323077,1.0,1.0,0.9549359649323077,1.0,1.0,0.9549359649323077,1.0,0.0,0.0,0.0,1.0
owlv2,390963,16600,1,guy right,1,20,5,1,0.9716178857251341,10,10,1.0,0.6915028921812392,1.0,1.0,0.6915028921812392,1.0,1.0,0.6915028921812392,1.0,0.0,0.0,0.0,80,1.0,0.9549359649323077,1.0,1.0,0.9549359649323077,1.0,1.0,0.9549359649323077,1.0,0.0,0.0,0.0,1.0
owlv2,390963,16600,1,guy right,1,20,5,1,0.9716178857251341,20,20,0.95,0.7512672372279723,0.9987349105020502,1.0,0.8235330881930346,1.0,0.95,0.7512672372279723,0.9987349105020502,0.050000000000000044,0.0,0.0,80,1.0,0.9549359649323077,1.0,1.0,0.9549359649323077,1.0,1.0,0.9549359649323077,1.0,0.0,0.0,0.0,0.95
owlv2,390963,16600,1,guy right,1,20,5,1,0.9716178857251341,40,40,0.975,0.8684141415172343,0.9993672550679505,0.9743589743589743,0.8652360784405021,0.999351036104518,0.95,0.8308031360405824,0.9938863534006491,0.025000000000000022,0.02500000000000002,3.469446951953614e-18,80,1.0,0.9549359649323077,1.0,1.0,0.9549359649323077,1.0,1.0,0.9549359649323077,1.0,0.0,0.0,0.0,0.95
owlv2,169653,35514,1,umpire,1,12,5,1,0.8683478888914624,5,5,1.0,0.47817624989501856,1.0,1.0,0.47817624989501856,1.0,1.0,0.47817624989501856,1.0,0.0,0.0,0.0,80,1.0,0.9549359649323077,1.0,1.0,0.9549359649323077,1.0,1.0,0.9549359649323077,1.0,0.0,0.0,0.0,1.0
owlv2,169653,35514,1,umpire,1,12,5,1,0.8683478888914624,10,10,1.0,0.6915028921812392,1.0,1.0,0.6915028921812392,1.0,1.0,0.6915028921812392,1.0,0.0,0.0,0.0,80,1.0,0.9549359649323077,1.0,1.0,0.9549359649323077,1.0,1.0,0.9549359649323077,1.0,0.0,0.0,0.0,1.0
owlv2,169653,35514,1,umpire,1,12,5,1,0.8683478888914624,20,20,1.0,0.8315665290169146,1.0,1.0,0.8315665290169146,1.0,1.0,0.8315665290169146,1.0,0.0,0.0,0.0,80,1.0,0.9549359649323077,1.0,1.0,0.9549359649323077,1.0,1.0,0.9549359649323077,1.0,0.0,0.0,0.0,1.0
owlv2,169653,35514,1,umpire,1,12,5,1,0.8683478888914624,40,40,1.0,0.9119026971211976,1.0,1.0,0.9119026971211976,1.0,1.0,0.9119026971211976,1.0,0.0,0.0,0.0,80,1.0,0.9549359649323077,1.0,1.0,0.9549359649323077,1.0,1.0,0.9549359649323077,1.0,0.0,0.0,0.0,1.0
owlv2,372588,18151,65,bed farthest from the tv,1,20,5,0,0.0,5,5,1.0,0.47817624989501856,1.0,0.6,0.14663279963467318,0.9472550494736831,0.6,0.14663279963467318,0.9472550494736831,0.0,0.4,0.0,80,1.0,0.9549359649323077,1.0,0.9,0.8124348925365684,0.955829059846371,0.9,0.8124348925365684,0.955829059846371,0.0,0.09999999999999998,0.0,0.6
owlv2,372588,18151,65,bed farthest from the tv,1,20,5,0,0.0,10,10,1.0,0.6915028921812392,1.0,0.8,0.4439045376923585,0.9747892736731666,0.8,0.4439045376923585,0.9747892736731666,0.0,0.19999999999999996,0.0,80,1.0,0.9549359649323077,1.0,0.9,0.8124348925365684,0.955829059846371,0.9,0.8124348925365684,0.955829059846371,0.0,0.09999999999999998,0.0,0.8
owlv2,372588,18151,65,bed farthest from the tv,1,20,5,0,0.0,20,20,1.0,0.8315665290169146,1.0,0.85,0.6210731734546859,0.9679290628145363,0.85,0.6210731734546859,0.9679290628145363,0.0,0.15000000000000002,0.0,80,1.0,0.9549359649323077,1.0,0.9,0.8124348925365684,0.955829059846371,0.9,0.8124348925365684,0.955829059846371,0.0,0.09999999999999998,0.0,0.85
owlv2,372588,18151,65,bed farthest from the tv,1,20,5,0,0.0,40,40,1.0,0.9119026971211976,1.0,0.875,0.7319670826382796,0.9581403738613833,0.875,0.7319670826382796,0.9581403738613833,0.0,0.125,0.0,80,1.0,0.9549359649323077,1.0,0.9,0.8124348925365684,0.955829059846371,0.9,0.8124348925365684,0.955829059846371,0.0,0.09999999999999998,0.0,0.875
owlv2,112040,40309,6,farthest left truck,1,20,5,0,0.16929733133778532,5,5,1.0,0.47817624989501856,1.0,1.0,0.47817624989501856,1.0,1.0,0.47817624989501856,1.0,0.0,0.0,0.0,80,0.875,0.7821108659305637,0.9383979034415657,0.8428571428571429,0.7362002347836886,0.9188562364495523,0.7375,0.6271491697875681,0.8295907488995917,0.125,0.1375,5.551115123125783e-17,1.0
owlv2,112040,40309,6,farthest left truck,1,20,5,0,0.16929733133778532,10,10,1.0,0.6915028921812392,1.0,0.9,0.5549838829718046,0.9974714214555382,0.9,0.5549838829718046,0.9974714214555382,0.0,0.09999999999999998,0.0,80,0.875,0.7821108659305637,0.9383979034415657,0.8428571428571429,0.7362002347836886,0.9188562364495523,0.7375,0.6271491697875681,0.8295907488995917,0.125,0.1375,5.551115123125783e-17,0.9
owlv2,112040,40309,6,farthest left truck,1,20,5,0,0.16929733133778532,20,20,0.95,0.7512672372279723,0.9987349105020502,0.8421052631578947,0.6042154487333258,0.9661737509982353,0.8,0.5633859970033317,0.9426660029499673,0.050000000000000044,0.15000000000000005,1.3877787807814457e-16,80,0.875,0.7821108659305637,0.9383979034415657,0.8428571428571429,0.7362002347836886,0.9188562364495523,0.7375,0.6271491697875681,0.8295907488995917,0.125,0.1375,5.551115123125783e-17,0.8
owlv2,112040,40309,6,farthest left truck,1,20,5,0,0.16929733133778532,40,40,0.925,0.796135251267101,0.9842578201489585,0.7837837837837838,0.6178635082284506,0.9017343641645508,0.725,0.5611170928209519,0.8539910080361344,0.07499999999999996,0.2,5.551115123125783e-17,80,0.875,0.7821108659305637,0.9383979034415657,0.8428571428571429,0.7362002347836886,0.9188562364495523,0.7375,0.6271491697875681,0.8295907488995917,0.125,0.1375,5.551115123125783e-17,0.725
owlv2,425063,13648,60,front chocolate covered donut on right,1,20,5,0,0.0013944701099266302,5,5,1.0,0.47817624989501856,1.0,1.0,0.47817624989501856,1.0,1.0,0.47817624989501856,1.0,0.0,0.0,0.0,80,1.0,0.9549359649323077,1.0,0.6875,0.5741109261435505,0.7865253688912328,0.6875,0.5741109261435505,0.7865253688912328,0.0,0.3125,0.0,1.0
owlv2,425063,13648,60,front chocolate covered donut on right,1,20,5,0,0.0013944701099266302,10,10,1.0,0.6915028921812392,1.0,0.8,0.4439045376923585,0.9747892736731666,0.8,0.4439045376923585,0.9747892736731666,0.0,0.19999999999999996,0.0,80,1.0,0.9549359649323077,1.0,0.6875,0.5741109261435505,0.7865253688912328,0.6875,0.5741109261435505,0.7865253688912328,0.0,0.3125,0.0,0.8
owlv2,425063,13648,60,front chocolate covered donut on right,1,20,5,0,0.0013944701099266302,20,20,1.0,0.8315665290169146,1.0,0.8,0.5633859970033317,0.9426660029499673,0.8,0.5633859970033317,0.9426660029499673,0.0,0.19999999999999996,0.0,80,1.0,0.9549359649323077,1.0,0.6875,0.5741109261435505,0.7865253688912328,0.6875,0.5741109261435505,0.7865253688912328,0.0,0.3125,0.0,0.8
owlv2,425063,13648,60,front chocolate covered donut on right,1,20,5,0,0.0013944701099266302,40,40,1.0,0.9119026971211976,1.0,0.675,0.5087051245215516,0.8142710332366501,0.675,0.5087051245215516,0.8142710332366501,0.0,0.32499999999999996,0.0,80,1.0,0.9549359649323077,1.0,0.6875,0.5741109261435505,0.7865253688912328,0.6875,0.5741109261435505,0.7865253688912328,0.0,0.3125,0.0,0.675
owlv2,443084,12142,1,sitting person,1,20,5,0,0.0,5,5,1.0,0.47817624989501856,1.0,0.6,0.14663279963467318,0.9472550494736831,0.6,0.14663279963467318,0.9472550494736831,0.0,0.4,0.0,80,1.0,0.9549359649323077,1.0,0.3375,0.23552613798365088,0.4519056143741682,0.3375,0.23552613798365088,0.4519056143741682,0.0,0.6625,0.0,0.6
owlv2,443084,12142,1,sitting person,1,20,5,0,0.0,10,10,1.0,0.6915028921812392,1.0,0.5,0.18708602844739855,0.8129139715526015,0.5,0.18708602844739855,0.8129139715526015,0.0,0.5,0.0,80,1.0,0.9549359649323077,1.0,0.3375,0.23552613798365088,0.4519056143741682,0.3375,0.23552613798365088,0.4519056143741682,0.0,0.6625,0.0,0.5
owlv2,443084,12142,1,sitting person,1,20,5,0,0.0,20,20,1.0,0.8315665290169146,1.0,0.3,0.1189315904057277,0.5427891822762891,0.3,0.1189315904057277,0.5427891822762891,0.0,0.7,0.0,80,1.0,0.9549359649323077,1.0,0.3375,0.23552613798365088,0.4519056143741682,0.3375,0.23552613798365088,0.4519056143741682,0.0,0.6625,0.0,0.3
owlv2,443084,12142,1,sitting person,1,20,5,0,0.0,40,40,1.0,0.9119026971211976,1.0,0.35,0.20628249087076694,0.5168444536489906,0.35,0.20628249087076694,0.5168444536489906,0.0,0.65,0.0,80,1.0,0.9549359649323077,1.0,0.3375,0.23552613798365088,0.4519056143741682,0.3375,0.23552613798365088,0.4519056143741682,0.0,0.6625,0.0,0.35
owlv2,504878,6710,82,far bottomright fridge,1,20,5,0,0.0,5,5,0.8,0.2835820638819106,0.9949492366205319,1.0,0.3976353643835254,1.0,0.8,0.2835820638819106,0.9949492366205319,0.19999999999999996,0.0,0.0,80,0.7125,0.6004548866879794,0.8082395280280349,0.5087719298245614,0.37289785727955693,0.6437035128055746,0.3625,0.25789489537161814,0.47761272126480847,0.2875,0.35,0.0,0.8
owlv2,504878,6710,82,far bottomright fridge,1,20,5,0,0.0,10,10,0.8,0.4439045376923585,0.9747892736731666,0.875,0.4734903291247935,0.9968402764687481,0.7,0.34754714994000274,0.9332604888222655,0.19999999999999996,0.1,8.326672684688674e-17,80,0.7125,0.6004548866879794,0.8082395280280349,0.5087719298245614,0.37289785727955693,0.6437035128055746,0.3625,0.25789489537161814,0.47761272126480847,0.2875,0.35,0.0,0.7
owlv2,504878,6710,82,far bottomright fridge,1,20,5,0,0.0,20,20,0.75,0.5089541282920425,0.9134285308985653,0.7333333333333333,0.44899675896302954,0.9221284537089564,0.55,0.3152781330405486,0.7694221032240758,0.25,0.20000000000000004,8.326672684688674e-17,80,0.7125,0.6004548866879794,0.8082395280280349,0.5087719298245614,0.37289785727955693,0.6437035128055746,0.3625,0.25789489537161814,0.47761272126480847,0.2875,0.35,0.0,0.55
owlv2,504878,6710,82,far bottomright fridge,1,20,5,0,0.0,40,40,0.725,0.5611170928209519,0.8539910080361344,0.6551724137931034,0.4566942723320568,0.8206163507648881,0.475,0.31511970663498623,0.6387198647359378,0.275,0.25,0.0,80,0.7125,0.6004548866879794,0.8082395280280349,0.5087719298245614,0.37289785727955693,0.6437035128055746,0.3625,0.25789489537161814,0.47761272126480847,0.2875,0.35,0.0,0.475
owlv2,16814,48551,28,white umbrella,1,8,5,1,0.9726080751970091,5,5,0.6,0.14663279963467318,0.9472550494736831,1.0,0.29240177382128674,1.0,0.6,0.14663279963467318,0.9472550494736831,0.4,0.0,0.0,80,0.8375,0.7381631061748872,0.9105383582774708,1.0,0.9464303458729032,1.0,0.8375,0.7381631061748872,0.9105383582774708,0.16249999999999998,0.0,0.0,0.6
owlv2,16814,48551,28,white umbrella,1,8,5,1,0.9726080751970091,10,10,0.7,0.34754714994000274,0.9332604888222655,1.0,0.5903836027749967,1.0,0.7,0.34754714994000274,0.9332604888222655,0.30000000000000004,0.0,0.0,80,0.8375,0.7381631061748872,0.9105383582774708,1.0,0.9464303458729032,1.0,0.8375,0.7381631061748872,0.9105383582774708,0.16249999999999998,0.0,0.0,0.7
owlv2,16814,48551,28,white umbrella,1,8,5,1,0.9726080751970091,20,20,0.8,0.5633859970033317,0.9426660029499673,1.0,0.7940927857921773,1.0,0.8,0.5633859970033317,0.9426660029499673,0.19999999999999996,0.0,0.0,80,0.8375,0.7381631061748872,0.9105383582774708,1.0,0.9464303458729032,1.0,0.8375,0.7381631061748872,0.9105383582774708,0.16249999999999998,0.0,0.0,0.8
owlv2,16814,48551,28,white umbrella,1,8,5,1,0.9726080751970091,40,40,0.9,0.7633626001239001,0.9720745847057807,1.0,0.902606244085508,1.0,0.9,0.7633626001239001,0.9720745847057807,0.09999999999999998,0.0,0.0,80,0.8375,0.7381631061748872,0.9105383582774708,1.0,0.9464303458729032,1.0,0.8375,0.7381631061748872,0.9105383582774708,0.16249999999999998,0.0,0.0,0.9
owlv2,372112,18196,25,closest giraffe,1,13,5,0,0.3624742442877859,5,5,0.4,0.05274495052631693,0.8533672003653268,1.0,0.15811388300841903,1.0,0.4,0.05274495052631693,0.8533672003653268,0.6,0.0,0.0,80,0.725,0.6137565791555908,0.8189623614429612,0.9655172413793104,0.8809226891196078,0.9957963527601323,0.7,0.587240676918624,0.7974260708533272,0.275,0.02499999999999997,5.204170427930421e-17,0.4
owlv2,372112,18196,25,closest giraffe,1,13,5,0,0.3624742442877859,10,10,0.5,0.18708602844739855,0.8129139715526015,1.0,0.47817624989501856,1.0,0.5,0.18708602844739855,0.8129139715526015,0.5,0.0,0.0,80,0.725,0.6137565791555908,0.8189623614429612,0.9655172413793104,0.8809226891196078,0.9957963527601323,0.7,0.587240676918624,0.7974260708533272,0.275,0.02499999999999997,5.204170427930421e-17,0.5
owlv2,372112,18196,25,closest giraffe,1,13,5,0,0.3624742442877859,20,20,0.6,0.3605425873074897,0.8088099392746928,1.0,0.7353515306029488,1.0,0.6,0.3605425873074897,0.8088099392746928,0.4,0.0,0.0,80,0.725,0.6137565791555908,0.8189623614429612,0.9655172413793104,0.8809226891196078,0.9957963527601323,0.7,0.587240676918624,0.7974260708533272,0.275,0.02499999999999997,5.204170427930421e-17,0.6
owlv2,372112,18196,25,closest giraffe,1,13,5,0,0.3624742442877859,40,40,0.6,0.4332670521932967,0.7513500134122563,1.0,0.8575264022774743,1.0,0.6,0.4332670521932967,0.7513500134122563,0.4,0.0,0.0,80,0.725,0.6137565791555908,0.8189623614429612,0.9655172413793104,0.8809226891196078,0.9957963527601323,0.7,0.587240676918624,0.7974260708533272,0.275,0.02499999999999997,5.204170427930421e-17,0.6
owlv2,556399,2283,52,right top object,1,10,5,0,0.0,5,5,0.8,0.2835820638819106,0.9949492366205319,1.0,0.3976353643835254,1.0,0.8,0.2835820638819106,0.9949492366205319,0.19999999999999996,0.0,0.0,80,0.8125,0.7096721043523089,0.8910863118524706,0.9230769230769231,0.8295437095110751,0.974551532980957,0.75,0.64063652409315,0.8401203554931442,0.1875,0.06249999999999996,4.163336342344337e-17,0.8
owlv2,556399,2283,52,right top object,1,10,5,0,0.0,10,10,0.9,0.5549838829718046,0.9974714214555382,0.8888888888888888,0.517503485082663,0.9971908632534008,0.8,0.4439045376923585,0.9747892736731666,0.09999999999999998,0.10000000000000005,6.938893903907228e-17,80,0.8125,0.7096721043523089,0.8910863118524706,0.9230769230769231,0.8295437095110751,0.974551532980957,0.75,0.64063652409315,0.8401203554931442,0.1875,0.06249999999999996,4.163336342344337e-17,0.8
owlv2,556399,2283,52,right top object,1,10,5,0,0.0,20,20,0.9,0.6830172859809176,0.9876514728297052,0.9444444444444444,0.7270564003266315,0.9985944438326306,0.85,0.6210731734546859,0.9679290628145363,0.09999999999999998,0.050000000000000024,2.0816681711721685e-17,80,0.8125,0.7096721043523089,0.8910863118524706,0.9230769230769231,0.8295437095110751,0.974551532980957,0.75,0.64063652409315,0.8401203554931442,0.1875,0.06249999999999996,4.163336342344337e-17,0.85
owlv2,556399,2283,52,right top object,1,10,5,0,0.0,40,40,0.85,0.7016473331604236,0.9428977418454741,0.9411764705882353,0.8032267906644245,0.9927950825609503,0.8,0.6435219813207653,0.9094775906000093,0.15000000000000002,0.05000000000000001,7.632783294297951e-17,80,0.8125,0.7096721043523089,0.8910863118524706,0.9230769230769231,0.8295437095110751,0.974551532980957,0.75,0.64063652409315,0.8401203554931442,0.1875,0.06249999999999996,4.163336342344337e-17,0.8
owlv2,114249,40166,1,25,1,15,5,0,0.048413575434221534,5,5,0.8,0.2835820638819106,0.9949492366205319,1.0,0.3976353643835254,1.0,0.8,0.2835820638819106,0.9949492366205319,0.19999999999999996,0.0,0.0,80,0.8875,0.7971534080830098,0.9472484868543125,1.0,0.9493705920455963,1.0,0.8875,0.7971534080830098,0.9472484868543125,0.11250000000000004,0.0,0.0,0.8
owlv2,114249,40166,1,25,1,15,5,0,0.048413575434221534,10,10,0.8,0.4439045376923585,0.9747892736731666,1.0,0.6305833524471808,1.0,0.8,0.4439045376923585,0.9747892736731666,0.19999999999999996,0.0,0.0,80,0.8875,0.7971534080830098,0.9472484868543125,1.0,0.9493705920455963,1.0,0.8875,0.7971534080830098,0.9472484868543125,0.11250000000000004,0.0,0.0,0.8
owlv2,114249,40166,1,25,1,15,5,0,0.048413575434221534,20,20,0.9,0.6830172859809176,0.9876514728297052,1.0,0.8146980318621478,1.0,0.9,0.6830172859809176,0.9876514728297052,0.09999999999999998,0.0,0.0,80,0.8875,0.7971534080830098,0.9472484868543125,1.0,0.9493705920455963,1.0,0.8875,0.7971534080830098,0.9472484868543125,0.11250000000000004,0.0,0.0,0.9
owlv2,114249,40166,1,25,1,15,5,0,0.048413575434221534,40,40,0.875,0.7319670826382796,0.9581403738613833,1.0,0.8999675644278949,1.0,0.875,0.7319670826382796,0.9581403738613833,0.125,0.0,0.0,80,0.8875,0.7971534080830098,0.9472484868543125,1.0,0.9493705920455963,1.0,0.8875,0.7971534080830098,0.9472484868543125,0.11250000000000004,0.0,0.0,0.875
owlv2,38033,46779,54,the right half of the left sandwich,1,15,5,1,0.9087669547339234,5,5,1.0,0.47817624989501856,1.0,0.8,0.2835820638819106,0.9949492366205319,0.8,0.2835820638819106,0.9949492366205319,0.0,0.19999999999999996,0.0,80,1.0,0.9549359649323077,1.0,0.65,0.5352031145206642,0.7533280635274648,0.65,0.5352031145206642,0.7533280635274648,0.0,0.35,0.0,0.8
owlv2,38033,46779,54,the right half of the left sandwich,1,15,5,1,0.9087669547339234,10,10,1.0,0.6915028921812392,1.0,0.8,0.4439045376923585,0.9747892736731666,0.8,0.4439045376923585,0.9747892736731666,0.0,0.19999999999999996,0.0,80,1.0,0.9549359649323077,1.0,0.65,0.5352031145206642,0.7533280635274648,0.65,0.5352031145206642,0.7533280635274648,0.0,0.35,0.0,0.8
owlv2,38033,46779,54,the right half of the left sandwich,1,15,5,1,0.9087669547339234,20,20,1.0,0.8315665290169146,1.0,0.8,0.5633859970033317,0.9426660029499673,0.8,0.5633859970033317,0.9426660029499673,0.0,0.19999999999999996,0.0,80,1.0,0.9549359649323077,1.0,0.65,0.5352031145206642,0.7533280635274648,0.65,0.5352031145206642,0.7533280635274648,0.0,0.35,0.0,0.8
owlv2,38033,46779,54,the right half of the left sandwich,1,15,5,1,0.9087669547339234,40,40,1.0,0.9119026971211976,1.0,0.7,0.5346837147458767,0.8343727956067644,0.7,0.5346837147458767,0.8343727956067644,0.0,0.30000000000000004,0.0,80,1.0,0.9549359649323077,1.0,0.65,0.5352031145206642,0.7533280635274648,0.65,0.5352031145206642,0.7533280635274648,0.0,0.35,0.0,0.7
owlv2,29456,47472,6,rear bus next to old dude in brown,1,20,5,0,0.34161089745744866,5,5,1.0,0.47817624989501856,1.0,0.6,0.14663279963467318,0.9472550494736831,0.6,0.14663279963467318,0.9472550494736831,0.0,0.4,0.0,80,1.0,0.9549359649323077,1.0,0.6875,0.5741109261435505,0.7865253688912328,0.6875,0.5741109261435505,0.7865253688912328,0.0,0.3125,0.0,0.6
owlv2,29456,47472,6,rear bus next to old dude in brown,1,20,5,0,0.34161089745744866,10,10,1.0,0.6915028921812392,1.0,0.5,0.18708602844739855,0.8129139715526015,0.5,0.18708602844739855,0.8129139715526015,0.0,0.5,0.0,80,1.0,0.9549359649323077,1.0,0.6875,0.5741109261435505,0.7865253688912328,0.6875,0.5741109261435505,0.7865253688912328,0.0,0.3125,0.0,0.5
owlv2,29456,47472,6,rear bus next to old dude in brown,1,20,5,0,0.34161089745744866,20,20,1.0,0.8315665290169146,1.0,0.55,0.3152781330405486,0.7694221032240758,0.55,0.3152781330405486,0.7694221032240758,0.0,0.44999999999999996,0.0,80,1.0,0.9549359649323077,1.0,0.6875,0.5741109261435505,0.7865253688912328,0.6875,0.5741109261435505,0.7865253688912328,0.0,0.3125,0.0,0.55
owlv2,29456,47472,6,rear bus next to old dude in brown,1,20,5,0,0.34161089745744866,40,40,1.0,0.9119026971211976,1.0,0.6,0.4332670521932967,0.7513500134122563,0.6,0.4332670521932967,0.7513500134122563,0.0,0.4,0.0,80,1.0,0.9549359649323077,1.0,0.6875,0.5741109261435505,0.7865253688912328,0.6875,0.5741109261435505,0.7865253688912328,0.0,0.3125,0.0,0.6
owlv2,222086,31118,1,girl with brown hair closest to camera hair in a bun,1,20,5,0,0.0,5,5,1.0,0.47817624989501856,1.0,1.0,0.47817624989501856,1.0,1.0,0.47817624989501856,1.0,0.0,0.0,0.0,80,0.9125,0.8279916615801152,0.9640936410104413,0.958904109589041,0.8845639212331385,0.9914435104922139,0.875,0.7821108659305637,0.9383979034415657,0.08750000000000002,0.03750000000000005,6.938893903907228e-17,1.0
owlv2,222086,31118,1,girl with brown hair closest to camera hair in a bun,1,20,5,0,0.0,10,10,1.0,0.6915028921812392,1.0,0.9,0.5549838829718046,0.9974714214555382,0.9,0.5549838829718046,0.9974714214555382,0.0,0.09999999999999998,0.0,80,0.9125,0.8279916615801152,0.9640936410104413,0.958904109589041,0.8845639212331385,0.9914435104922139,0.875,0.7821108659305637,0.9383979034415657,0.08750000000000002,0.03750000000000005,6.938893903907228e-17,0.9
owlv2,222086,31118,1,girl with brown hair closest to camera hair in a bun,1,20,5,0,0.0,20,20,0.9,0.6830172859809176,0.9876514728297052,0.9444444444444444,0.7270564003266315,0.9985944438326306,0.85,0.6210731734546859,0.9679290628145363,0.09999999999999998,0.050000000000000024,2.0816681711721685e-17,80,0.9125,0.8279916615801152,0.9640936410104413,0.958904109589041,0.8845639212331385,0.9914435104922139,0.875,0.7821108659305637,0.9383979034415657,0.08750000000000002,0.03750000000000005,6.938893903907228e-17,0.85
owlv2,222086,31118,1,girl with brown hair closest to camera hair in a bun,1,20,5,0,0.0,40,40,0.875,0.7319670826382796,0.9581403738613833,0.9714285714285714,0.8508279203435684,0.999276895623662,0.85,0.7016473331604236,0.9428977418454741,0.125,0.02500000000000001,1.3877787807814457e-17,80,0.9125,0.8279916615801152,0.9640936410104413,0.958904109589041,0.8845639212331385,0.9914435104922139,0.875,0.7821108659305637,0.9383979034415657,0.08750000000000002,0.03750000000000005,6.938893903907228e-17,0.85
owlv2,52928,45438,1,guy in middle cutting cake,1,20,5,0,0.003553354261340122,5,5,1.0,0.47817624989501856,1.0,1.0,0.47817624989501856,1.0,1.0,0.47817624989501856,1.0,0.0,0.0,0.0,80,0.9625,0.8942980149834914,0.9921988127342833,1.0,0.9532219318395959,1.0,0.9625,0.8942980149834914,0.9921988127342833,0.03749999999999998,0.0,0.0,1.0
owlv2,52928,45438,1,guy in middle cutting cake,1,20,5,0,0.003553354261340122,10,10,1.0,0.6915028921812392,1.0,1.0,0.6915028921812392,1.0,1.0,0.6915028921812392,1.0,0.0,0.0,0.0,80,0.9625,0.8942980149834914,0.9921988127342833,1.0,0.9532219318395959,1.0,0.9625,0.8942980149834914,0.9921988127342833,0.03749999999999998,0.0,0.0,1.0
owlv2,52928,45438,1,guy in middle cutting cake,1,20,5,0,0.003553354261340122,20,20,0.95,0.7512672372279723,0.9987349105020502,1.0,0.8235330881930346,1.0,0.95,0.7512672372279723,0.9987349105020502,0.050000000000000044,0.0,0.0,80,0.9625,0.8942980149834914,0.9921988127342833,1.0,0.9532219318395959,1.0,0.9625,0.8942980149834914,0.9921988127342833,0.03749999999999998,0.0,0.0,0.95
owlv2,52928,45438,1,guy in middle cutting cake,1,20,5,0,0.003553354261340122,40,40,0.95,0.8308031360405824,0.9938863534006491,1.0,0.9074872385841217,1.0,0.95,0.8308031360405824,0.9938863534006491,0.050000000000000044,0.0,0.0,80,0.9625,0.8942980149834914,0.9921988127342833,1.0,0.9532219318395959,1.0,0.9625,0.8942980149834914,0.9921988127342833,0.03749999999999998,0.0,0.0,0.95
owlv2,269532,27072,20,front sheep,1,20,5,1,0.898156176942029,5,5,1.0,0.47817624989501856,1.0,0.8,0.2835820638819106,0.9949492366205319,0.8,0.2835820638819106,0.9949492366205319,0.0,0.19999999999999996,0.0,80,0.9375,0.8601429247023609,0.9793969276979898,0.5066666666666667,0.38863897859151936,0.624151836171299,0.475,0.36213358167715265,0.5897721586232294,0.0625,0.46249999999999997,5.551115123125783e-17,0.8
owlv2,269532,27072,20,front sheep,1,20,5,1,0.898156176942029,10,10,1.0,0.6915028921812392,1.0,0.7,0.34754714994000274,0.9332604888222655,0.7,0.34754714994000274,0.9332604888222655,0.0,0.30000000000000004,0.0,80,0.9375,0.8601429247023609,0.9793969276979898,0.5066666666666667,0.38863897859151936,0.624151836171299,0.475,0.36213358167715265,0.5897721586232294,0.0625,0.46249999999999997,5.551115123125783e-17,0.7
owlv2,269532,27072,20,front sheep,1,20,5,1,0.898156176942029,20,20,1.0,0.8315665290169146,1.0,0.65,0.4078114654671719,0.8460907952154588,0.65,0.4078114654671719,0.8460907952154588,0.0,0.35,0.0,80,0.9375,0.8601429247023609,0.9793969276979898,0.5066666666666667,0.38863897859151936,0.624151836171299,0.475,0.36213358167715265,0.5897721586232294,0.0625,0.46249999999999997,5.551115123125783e-17,0.65
owlv2,269532,27072,20,front sheep,1,20,5,1,0.898156176942029,40,40,1.0,0.9119026971211976,1.0,0.525,0.36128013526406216,0.6848802933650138,0.525,0.36128013526406216,0.6848802933650138,0.0,0.475,0.0,80,0.9375,0.8601429247023609,0.9793969276979898,0.5066666666666667,0.38863897859151936,0.624151836171299,0.475,0.36213358167715265,0.5897721586232294,0.0625,0.46249999999999997,5.551115123125783e-17,0.525
owlv2,238007,29805,51,mushrooms,1,20,5,0,0.40828591554982163,5,5,1.0,0.47817624989501856,1.0,0.8,0.2835820638819106,0.9949492366205319,0.8,0.2835820638819106,0.9949492366205319,0.0,0.19999999999999996,0.0,80,1.0,0.9549359649323077,1.0,0.9875,0.9323122155360776,0.9996835774723672,0.9875,0.9323122155360776,0.9996835774723672,0.0,0.012499999999999956,0.0,0.8
owlv2,238007,29805,51,mushrooms,1,20,5,0,0.40828591554982163,10,10,1.0,0.6915028921812392,1.0,0.9,0.5549838829718046,0.9974714214555382,0.9,0.5549838829718046,0.9974714214555382,0.0,0.09999999999999998,0.0,80,1.0,0.9549359649323077,1.0,0.9875,0.9323122155360776,0.9996835774723672,0.9875,0.9323122155360776,0.9996835774723672,0.0,0.012499999999999956,0.0,0.9
owlv2,238007,29805,51,mushrooms,1,20,5,0,0.40828591554982163,20,20,1.0,0.8315665290169146,1.0,0.95,0.7512672372279723,0.9987349105020502,0.95,0.7512672372279723,0.9987349105020502,0.0,0.050000000000000044,0.0,80,1.0,0.9549359649323077,1.0,0.9875,0.9323122155360776,0.9996835774723672,0.9875,0.9323122155360776,0.9996835774723672,0.0,0.012499999999999956,0.0,0.95
owlv2,238007,29805,51,mushrooms,1,20,5,0,0.40828591554982163,40,40,1.0,0.9119026971211976,1.0,0.975,0.8684141415172343,0.9993672550679505,0.975,0.8684141415172343,0.9993672550679505,0.0,0.025000000000000022,0.0,80,1.0,0.9549359649323077,1.0,0.9875,0.9323122155360776,0.9996835774723672,0.9875,0.9323122155360776,0.9996835774723672,0.0,0.012499999999999956,0.0,0.975
owlv2,515401,5817,33,suitcase right,1,17,5,0,0.0,5,5,1.0,0.47817624989501856,1.0,1.0,0.47817624989501856,1.0,1.0,0.47817624989501856,1.0,0.0,0.0,0.0,80,0.9875,0.9323122155360776,0.9996835774723672,1.0,0.9543787472413889,1.0,0.9875,0.9323122155360776,0.9996835774723672,0.012499999999999956,0.0,0.0,1.0
owlv2,515401,5817,33,suitcase right,1,17,5,0,0.0,10,10,1.0,0.6915028921812392,1.0,1.0,0.6915028921812392,1.0,1.0,0.6915028921812392,1.0,0.0,0.0,0.0,80,0.9875,0.9323122155360776,0.9996835774723672,1.0,0.9543787472413889,1.0,0.9875,0.9323122155360776,0.9996835774723672,0.012499999999999956,0.0,0.0,1.0
owlv2,515401,5817,33,suitcase right,1,17,5,0,0.0,20,20,1.0,0.8315665290169146,1.0,1.0,0.8315665290169146,1.0,1.0,0.8315665290169146,1.0,0.0,0.0,0.0,80,0.9875,0.9323122155360776,0.9996835774723672,1.0,0.9543787472413889,1.0,0.9875,0.9323122155360776,0.9996835774723672,0.012499999999999956,0.0,0.0,1.0
owlv2,515401,5817,33,suitcase right,1,17,5,0,0.0,40,40,1.0,0.9119026971211976,1.0,1.0,0.9119026971211976,1.0,1.0,0.9119026971211976,1.0,0.0,0.0,0.0,80,0.9875,0.9323122155360776,0.9996835774723672,1.0,0.9543787472413889,1.0,0.9875,0.9323122155360776,0.9996835774723672,0.012499999999999956,0.0,0.0,1.0
owlv2,80826,42925,1,blue shirt,1,7,5,1,0.6658053757991366,5,5,1.0,0.47817624989501856,1.0,1.0,0.47817624989501856,1.0,1.0,0.47817624989501856,1.0,0.0,0.0,0.0,80,1.0,0.9549359649323077,1.0,1.0,0.9549359649323077,1.0,1.0,0.9549359649323077,1.0,0.0,0.0,0.0,1.0
owlv2,80826,42925,1,blue shirt,1,7,5,1,0.6658053757991366,10,10,1.0,0.6915028921812392,1.0,1.0,0.6915028921812392,1.0,1.0,0.6915028921812392,1.0,0.0,0.0,0.0,80,1.0,0.9549359649323077,1.0,1.0,0.9549359649323077,1.0,1.0,0.9549359649323077,1.0,0.0,0.0,0.0,1.0
owlv2,80826,42925,1,blue shirt,1,7,5,1,0.6658053757991366,20,20,1.0,0.8315665290169146,1.0,1.0,0.8315665290169146,1.0,1.0,0.8315665290169146,1.0,0.0,0.0,0.0,80,1.0,0.9549359649323077,1.0,1.0,0.9549359649323077,1.0,1.0,0.9549359649323077,1.0,0.0,0.0,0.0,1.0
owlv2,80826,42925,1,blue shirt,1,7,5,1,0.6658053757991366,40,40,1.0,0.9119026971211976,1.0,1.0,0.9119026971211976,1.0,1.0,0.9119026971211976,1.0,0.0,0.0,0.0,80,1.0,0.9549359649323077,1.0,1.0,0.9549359649323077,1.0,1.0,0.9549359649323077,1.0,0.0,0.0,0.0,1.0
owlv2,249429,28820,62,lounge chair on back left side,1,20,5,0,0.056706448872447204,5,5,1.0,0.47817624989501856,1.0,1.0,0.47817624989501856,1.0,1.0,0.47817624989501856,1.0,0.0,0.0,0.0,80,1.0,0.9549359649323077,1.0,0.925,0.8438720682639279,0.9719794538231588,0.925,0.8438720682639279,0.9719794538231588,0.0,0.07499999999999996,0.0,1.0
owlv2,249429,28820,62,lounge chair on back left side,1,20,5,0,0.056706448872447204,10,10,1.0,0.6915028921812392,1.0,1.0,0.6915028921812392,1.0,1.0,0.6915028921812392,1.0,0.0,0.0,0.0,80,1.0,0.9549359649323077,1.0,0.925,0.8438720682639279,0.9719794538231588,0.925,0.8438720682639279,0.9719794538231588,0.0,0.07499999999999996,0.0,1.0
owlv2,249429,28820,62,lounge chair on back left side,1,20,5,0,0.056706448872447204,20,20,1.0,0.8315665290169146,1.0,0.95,0.7512672372279723,0.9987349105020502,0.95,0.7512672372279723,0.9987349105020502,0.0,0.050000000000000044,0.0,80,1.0,0.9549359649323077,1.0,0.925,0.8438720682639279,0.9719794538231588,0.925,0.8438720682639279,0.9719794538231588,0.0,0.07499999999999996,0.0,0.95
owlv2,249429,28820,62,lounge chair on back left side,1,20,5,0,0.056706448872447204,40,40,1.0,0.9119026971211976,1.0,0.95,0.8308031360405824,0.9938863534006491,0.95,0.8308031360405824,0.9938863534006491,0.0,0.050000000000000044,0.0,80,1.0,0.9549359649323077,1.0,0.925,0.8438720682639279,0.9719794538231588,0.925,0.8438720682639279,0.9719794538231588,0.0,0.07499999999999996,0.0,0.95
owlv2,544109,3343,1,woman sitting on floor with legs apart,1,20,5,0,0.4341740817228623,5,5,0.6,0.14663279963467318,0.9472550494736831,1.0,0.29240177382128674,1.0,0.6,0.14663279963467318,0.9472550494736831,0.4,0.0,0.0,80,0.75,0.64063652409315,0.8401203554931442,0.5666666666666667,0.4324096535546157,0.6941185731578272,0.425,0.3151097654523422,0.5406111885690619,0.25,0.325,5.551115123125783e-17,0.6
owlv2,544109,3343,1,woman sitting on floor with legs apart,1,20,5,0,0.4341740817228623,10,10,0.7,0.34754714994000274,0.9332604888222655,0.7142857142857143,0.29042086373734277,0.9633074338239145,0.5,0.18708602844739855,0.8129139715526015,0.30000000000000004,0.19999999999999998,2.7755575615628914e-17,80,0.75,0.64063652409315,0.8401203554931442,0.5666666666666667,0.4324096535546157,0.6941185731578272,0.425,0.3151097654523422,0.5406111885690619,0.25,0.325,5.551115123125783e-17,0.5
owlv2,544109,3343,1,woman sitting on floor with legs apart,1,20,5,0,0.4341740817228623,20,20,0.7,0.4572108177237109,0.8810684095942722,0.6428571428571429,0.3513801106159918,0.8724015701408403,0.45,0.2305778967759242,0.6847218669594515,0.30000000000000004,0.24999999999999994,5.551115123125783e-17,80,0.75,0.64063652409315,0.8401203554931442,0.5666666666666667,0.4324096535546157,0.6941185731578272,0.425,0.3151097654523422,0.5406111885690619,0.25,0.325,5.551115123125783e-17,0.45
owlv2,544109,3343,1,woman sitting on floor with legs apart,1,20,5,0,0.4341740817228623,40,40,0.75,0.5880380198485702,0.873085201067155,0.6333333333333333,0.43855984901195755,0.8007013749879656,0.475,0.31511970663498623,0.6387198647359378,0.25,0.275,0.0,80,0.75,0.64063652409315,0.8401203554931442,0.5666666666666667,0.4324096535546157,0.6941185731578272,0.425,0.3151097654523422,0.5406111885690619,0.25,0.325,5.551115123125783e-17,0.475
owlv2,348382,20051,25,right giraffe,1,18,5,0,0.056932877227935046,5,5,1.0,0.47817624989501856,1.0,1.0,0.47817624989501856,1.0,1.0,0.47817624989501856,1.0,0.0,0.0,0.0,80,0.975,0.9125928440694078,0.9969579138351904,0.8717948717948718,0.7768378532547537,0.9367722658785013,0.85,0.7526358884071023,0.9200184386902862,0.025000000000000022,0.12499999999999999,1.3877787807814457e-17,1.0
owlv2,348382,20051,25,right giraffe,1,18,5,0,0.056932877227935046,10,10,0.9,0.5549838829718046,0.9974714214555382,0.8888888888888888,0.517503485082663,0.9971908632534008,0.8,0.4439045376923585,0.9747892736731666,0.09999999999999998,0.10000000000000005,6.938893903907228e-17,80,0.975,0.9125928440694078,0.9969579138351904,0.8717948717948718,0.7768378532547537,0.9367722658785013,0.85,0.7526358884071023,0.9200184386902862,0.025000000000000022,0.12499999999999999,1.3877787807814457e-17,0.8
owlv2,348382,20051,25,right giraffe,1,18,5,0,0.056932877227935046,20,20,0.9,0.6830172859809176,0.9876514728297052,0.8888888888888888,0.6528795613913279,0.9862487843356355,0.8,0.5633859970033317,0.9426660029499673,0.09999999999999998,0.10000000000000005,6.938893903907228e-17,80,0.975,0.9125928440694078,0.9969579138351904,0.8717948717948718,0.7768378532547537,0.9367722658785013,0.85,0.7526358884071023,0.9200184386902862,0.025000000000000022,0.12499999999999999,1.3877787807814457e-17,0.8
owlv2,348382,20051,25,right giraffe,1,18,5,0,0.056932877227935046,40,40,0.925,0.796135251267101,0.9842578201489585,0.8648648648648649,0.7122522026894279,0.954628007658006,0.8,0.6435219813207653,0.9094775906000093,0.07499999999999996,0.12499999999999996,4.163336342344337e-17,80,0.975,0.9125928440694078,0.9969579138351904,0.8717948717948718,0.7768378532547537,0.9367722658785013,0.85,0.7526358884071023,0.9200184386902862,0.025000000000000022,0.12499999999999999,1.3877787807814457e-17,0.8
owlv2,28451,47579,55,left lemon,1,13,5,1,0.9749473882128723,5,5,1.0,0.47817624989501856,1.0,0.2,0.005050763379468061,0.7164179361180893,0.2,0.005050763379468061,0.7164179361180893,0.0,0.8,0.0,80,1.0,0.9549359649323077,1.0,0.3,0.20257392914667277,0.412759323081376,0.3,0.20257392914667277,0.412759323081376,0.0,0.7,0.0,0.2
owlv2,28451,47579,55,left lemon,1,13,5,1,0.9749473882128723,10,10,1.0,0.6915028921812392,1.0,0.4,0.1215522581198272,0.7376219233930549,0.4,0.1215522581198272,0.7376219233930549,0.0,0.6,0.0,80,1.0,0.9549359649323077,1.0,0.3,0.20257392914667277,0.412759323081376,0.3,0.20257392914667277,0.412759323081376,0.0,0.7,0.0,0.4
owlv2,28451,47579,55,left lemon,1,13,5,1,0.9749473882128723,20,20,1.0,0.8315665290169146,1.0,0.2,0.057333997050032774,0.43661400299666825,0.2,0.057333997050032774,0.43661400299666825,0.0,0.8,0.0,80,1.0,0.9549359649323077,1.0,0.3,0.20257392914667277,0.412759323081376,0.3,0.20257392914667277,0.412759323081376,0.0,0.7,0.0,0.2
owlv2,28451,47579,55,left lemon,1,13,5,1,0.9749473882128723,40,40,1.0,0.9119026971211976,1.0,0.225,0.10839663898407204,0.3845116773034227,0.225,0.10839663898407204,0.3845116773034227,0.0,0.775,0.0,80,1.0,0.9549359649323077,1.0,0.3,0.20257392914667277,0.412759323081376,0.3,0.20257392914667277,0.412759323081376,0.0,0.7,0.0,0.225
owlv2,209993,32154,20,left animal,1,9,5,0,0.0,5,5,1.0,0.47817624989501856,1.0,1.0,0.47817624989501856,1.0,1.0,0.47817624989501856,1.0,0.0,0.0,0.0,80,0.8375,0.7381631061748872,0.9105383582774708,0.8208955223880597,0.7080365718274182,0.903880600409147,0.6875,0.5741109261435505,0.7865253688912328,0.16249999999999998,0.14999999999999997,5.551115123125783e-17,1.0
owlv2,209993,32154,20,left animal,1,9,5,0,0.0,10,10,1.0,0.6915028921812392,1.0,0.8,0.4439045376923585,0.9747892736731666,0.8,0.4439045376923585,0.9747892736731666,0.0,0.19999999999999996,0.0,80,0.8375,0.7381631061748872,0.9105383582774708,0.8208955223880597,0.7080365718274182,0.903880600409147,0.6875,0.5741109261435505,0.7865253688912328,0.16249999999999998,0.14999999999999997,5.551115123125783e-17,0.8
owlv2,209993,32154,20,left animal,1,9,5,0,0.0,20,20,0.9,0.6830172859809176,0.9876514728297052,0.8888888888888888,0.6528795613913279,0.9862487843356355,0.8,0.5633859970033317,0.9426660029499673,0.09999999999999998,0.10000000000000005,6.938893903907228e-17,80,0.8375,0.7381631061748872,0.9105383582774708,0.8208955223880597,0.7080365718274182,0.903880600409147,0.6875,0.5741109261435505,0.7865253688912328,0.16249999999999998,0.14999999999999997,5.551115123125783e-17,0.8
owlv2,209993,32154,20,left animal,1,9,5,0,0.0,40,40,0.875,0.7319670826382796,0.9581403738613833,0.8571428571428571,0.6974286483090486,0.9519392215963611,0.75,0.5880380198485702,0.873085201067155,0.125,0.12500000000000006,5.551115123125783e-17,80,0.8375,0.7381631061748872,0.9105383582774708,0.8208955223880597,0.7080365718274182,0.903880600409147,0.6875,0.5741109261435505,0.7865253688912328,0.16249999999999998,0.14999999999999997,5.551115123125783e-17,0.75
owlv2,175162,35094,56,broccoli on right side of bowl,1,20,5,1,0.9449256007466921,5,5,1.0,0.47817624989501856,1.0,1.0,0.47817624989501856,1.0,1.0,0.47817624989501856,1.0,0.0,0.0,0.0,80,1.0,0.9549359649323077,1.0,0.9,0.8124348925365684,0.955829059846371,0.9,0.8124348925365684,0.955829059846371,0.0,0.09999999999999998,0.0,1.0
owlv2,175162,35094,56,broccoli on right side of bowl,1,20,5,1,0.9449256007466921,10,10,1.0,0.6915028921812392,1.0,0.9,0.5549838829718046,0.9974714214555382,0.9,0.5549838829718046,0.9974714214555382,0.0,0.09999999999999998,0.0,80,1.0,0.9549359649323077,1.0,0.9,0.8124348925365684,0.955829059846371,0.9,0.8124348925365684,0.955829059846371,0.0,0.09999999999999998,0.0,0.9
owlv2,175162,35094,56,broccoli on right side of bowl,1,20,5,1,0.9449256007466921,20,20,1.0,0.8315665290169146,1.0,0.9,0.6830172859809176,0.9876514728297052,0.9,0.6830172859809176,0.9876514728297052,0.0,0.09999999999999998,0.0,80,1.0,0.9549359649323077,1.0,0.9,0.8124348925365684,0.955829059846371,0.9,0.8124348925365684,0.955829059846371,0.0,0.09999999999999998,0.0,0.9
owlv2,175162,35094,56,broccoli on right side of bowl,1,20,5,1,0.9449256007466921,40,40,1.0,0.9119026971211976,1.0,0.825,0.6722098666384142,0.9266172706479148,0.825,0.6722098666384142,0.9266172706479148,0.0,0.17500000000000004,0.0,80,1.0,0.9549359649323077,1.0,0.9,0.8124348925365684,0.955829059846371,0.9,0.8124348925365684,0.955829059846371,0.0,0.09999999999999998,0.0,0.825
owlv2,558372,2134,1,arm of the man with backpack,1,20,5,0,0.20345289523750373,5,5,0.8,0.2835820638819106,0.9949492366205319,0.75,0.19412044968324346,0.9936905367902902,0.6,0.14663279963467318,0.9472550494736831,0.19999999999999996,0.2,5.551115123125783e-17,80,0.8875,0.7971534080830098,0.9472484868543125,0.9577464788732394,0.8814449055470013,0.9912000804384358,0.85,0.7526358884071023,0.9200184386902862,0.11250000000000004,0.03750000000000005,6.938893903907228e-17,0.6
owlv2,558372,2134,1,arm of the man with backpack,1,20,5,0,0.20345289523750373,10,10,0.8,0.4439045376923585,0.9747892736731666,0.875,0.4734903291247935,0.9968402764687481,0.7,0.34754714994000274,0.9332604888222655,0.19999999999999996,0.1,8.326672684688674e-17,80,0.8875,0.7971534080830098,0.9472484868543125,0.9577464788732394,0.8814449055470013,0.9912000804384358,0.85,0.7526358884071023,0.9200184386902862,0.11250000000000004,0.03750000000000005,6.938893903907228e-17,0.7
owlv2,558372,2134,1,arm of the man with backpack,1,20,5,0,0.20345289523750373,20,20,0.85,0.6210731734546859,0.9679290628145363,0.8823529411764706,0.6355908378987498,0.9854206831596976,0.75,0.5089541282920425,0.9134285308985653,0.15000000000000002,0.10000000000000002,4.163336342344337e-17,80,0.8875,0.7971534080830098,0.9472484868543125,0.9577464788732394,0.8814449055470013,0.9912000804384358,0.85,0.7526358884071023,0.9200184386902862,0.11250000000000004,0.03750000000000005,6.938893903907228e-17,0.75
owlv2,558372,2134,1,arm of the man with backpack,1,20,5,0,0.20345289523750373,40,40,0.8,0.6435219813207653,0.9094775906000093,0.90625,0.7497730493162054,0.9802328198267152,0.725,0.5611170928209519,0.8539910080361344,0.19999999999999996,0.07500000000000001,5.551115123125783e-17,80,0.8875,0.7971534080830098,0.9472484868543125,0.9577464788732394,0.8814449055470013,0.9912000804384358,0.85,0.7526358884071023,0.9200184386902862,0.11250000000000004,0.03750000000000005,6.938893903907228e-17,0.725
owlv2,387849,16848,7,train,1,20,5,1,0.9693169636328229,5,5,1.0,0.47817624989501856,1.0,1.0,0.47817624989501856,1.0,1.0,0.47817624989501856,1.0,0.0,0.0,0.0,80,1.0,0.9549359649323077,1.0,1.0,0.9549359649323077,1.0,1.0,0.9549359649323077,1.0,0.0,0.0,0.0,1.0
owlv2,387849,16848,7,train,1,20,5,1,0.9693169636328229,10,10,1.0,0.6915028921812392,1.0,1.0,0.6915028921812392,1.0,1.0,0.6915028921812392,1.0,0.0,0.0,0.0,80,1.0,0.9549359649323077,1.0,1.0,0.9549359649323077,1.0,1.0,0.9549359649323077,1.0,0.0,0.0,0.0,1.0
owlv2,387849,16848,7,train,1,20,5,1,0.9693169636328229,20,20,1.0,0.8315665290169146,1.0,1.0,0.8315665290169146,1.0,1.0,0.8315665290169146,1.0,0.0,0.0,0.0,80,1.0,0.9549359649323077,1.0,1.0,0.9549359649323077,1.0,1.0,0.9549359649323077,1.0,0.0,0.0,0.0,1.0
owlv2,387849,16848,7,train,1,20,5,1,0.9693169636328229,40,40,1.0,0.9119026971211976,1.0,1.0,0.9119026971211976,1.0,1.0,0.9119026971211976,1.0,0.0,0.0,0.0,80,1.0,0.9549359649323077,1.0,1.0,0.9549359649323077,1.0,1.0,0.9549359649323077,1.0,0.0,0.0,0.0,1.0
owlv2,396536,16060,8,blue truck being towed,1,8,5,1,0.923294680453559,5,5,0.6,0.14663279963467318,0.9472550494736831,1.0,0.29240177382128674,1.0,0.6,0.14663279963467318,0.9472550494736831,0.4,0.0,0.0,80,0.8125,0.7096721043523089,0.8910863118524706,0.9692307692307692,0.893229679425601,0.9962517377804871,0.7875,0.6817141914403442,0.8710635049024182,0.1875,0.025,2.0816681711721685e-17,0.6
owlv2,396536,16060,8,blue truck being towed,1,8,5,1,0.923294680453559,10,10,0.6,0.2623780766069451,0.8784477418801728,1.0,0.5407418735600996,1.0,0.6,0.2623780766069451,0.8784477418801728,0.4,0.0,0.0,80,0.8125,0.7096721043523089,0.8910863118524706,0.9692307692307692,0.893229679425601,0.9962517377804871,0.7875,0.6817141914403442,0.8710635049024182,0.1875,0.025,2.0816681711721685e-17,0.6
owlv2,396536,16060,8,blue truck being towed,1,8,5,1,0.923294680453559,20,20,0.65,0.4078114654671719,0.8460907952154588,1.0,0.752947361999529,1.0,0.65,0.4078114654671719,0.8460907952154588,0.35,0.0,0.0,80,0.8125,0.7096721043523089,0.8910863118524706,0.9692307692307692,0.893229679425601,0.9962517377804871,0.7875,0.6817141914403442,0.8710635049024182,0.1875,0.025,2.0816681711721685e-17,0.65
owlv2,396536,16060,8,blue truck being towed,1,8,5,1,0.923294680453559,40,40,0.7,0.5346837147458767,0.8343727956067644,1.0,0.8765638814997362,1.0,0.7,0.5346837147458767,0.8343727956067644,0.30000000000000004,0.0,0.0,80,0.8125,0.7096721043523089,0.8910863118524706,0.9692307692307692,0.893229679425601,0.9962517377804871,0.7875,0.6817141914403442,0.8710635049024182,0.1875,0.025,2.0816681711721685e-17,0.7
owlv2,86754,42465,1,green shorts,1,9,5,0,0.1670540289637526,5,5,1.0,0.47817624989501856,1.0,1.0,0.47817624989501856,1.0,1.0,0.47817624989501856,1.0,0.0,0.0,0.0,80,1.0,0.9549359649323077,1.0,1.0,0.9549359649323077,1.0,1.0,0.9549359649323077,1.0,0.0,0.0,0.0,1.0
owlv2,86754,42465,1,green shorts,1,9,5,0,0.1670540289637526,10,10,1.0,0.6915028921812392,1.0,1.0,0.6915028921812392,1.0,1.0,0.6915028921812392,1.0,0.0,0.0,0.0,80,1.0,0.9549359649323077,1.0,1.0,0.9549359649323077,1.0,1.0,0.9549359649323077,1.0,0.0,0.0,0.0,1.0
owlv2,86754,42465,1,green shorts,1,9,5,0,0.1670540289637526,20,20,1.0,0.8315665290169146,1.0,1.0,0.8315665290169146,1.0,1.0,0.8315665290169146,1.0,0.0,0.0,0.0,80,1.0,0.9549359649323077,1.0,1.0,0.9549359649323077,1.0,1.0,0.9549359649323077,1.0,0.0,0.0,0.0,1.0
owlv2,86754,42465,1,green shorts,1,9,5,0,0.1670540289637526,40,40,0.975,0.8684141415172343,0.9993672550679505,1.0,0.9097488990396657,1.0,0.975,0.8684141415172343,0.9993672550679505,0.025000000000000022,0.0,0.0,80,1.0,0.9549359649323077,1.0,1.0,0.9549359649323077,1.0,1.0,0.9549359649323077,1.0,0.0,0.0,0.0,0.975
owlv2,531752,4402,58,second hotdogt from right,1,20,5,1,0.6227794782239521,5,5,1.0,0.47817624989501856,1.0,0.4,0.05274495052631693,0.8533672003653268,0.4,0.05274495052631693,0.8533672003653268,0.0,0.6,0.0,80,0.9625,0.8942980149834914,0.9921988127342833,0.6753246753246753,0.5590129208016218,0.7776834867827014,0.65,0.5352031145206642,0.7533280635274648,0.03749999999999998,0.3125,0.0,0.4
owlv2,531752,4402,58,second hotdogt from right,1,20,5,1,0.6227794782239521,10,10,0.9,0.5549838829718046,0.9974714214555382,0.5555555555555556,0.21200850677886804,0.8630043377348335,0.5,0.18708602844739855,0.8129139715526015,0.09999999999999998,0.39999999999999997,5.551115123125783e-17,80,0.9625,0.8942980149834914,0.9921988127342833,0.6753246753246753,0.5590129208016218,0.7776834867827014,0.65,0.5352031145206642,0.7533280635274648,0.03749999999999998,0.3125,0.0,0.5
owlv2,531752,4402,58,second hotdogt from right,1,20,5,1,0.6227794782239521,20,20,0.95,0.7512672372279723,0.9987349105020502,0.6842105263157895,0.4344984311538491,0.8742393641270167,0.65,0.4078114654671719,0.8460907952154588,0.050000000000000044,0.3,5.551115123125783e-17,80,0.9625,0.8942980149834914,0.9921988127342833,0.6753246753246753,0.5590129208016218,0.7776834867827014,0.65,0.5352031145206642,0.7533280635274648,0.03749999999999998,0.3125,0.0,0.65
owlv2,531752,4402,58,second hotdogt from right,1,20,5,1,0.6227794782239521,40,40,0.95,0.8308031360405824,0.9938863534006491,0.7105263157894737,0.5409679330757076,0.8457537132120901,0.675,0.5087051245215516,0.8142710332366501,0.050000000000000044,0.275,1.1102230246251565e-16,80,0.9625,0.8942980149834914,0.9921988127342833,0.6753246753246753,0.5590129208016218,0.7776834867827014,0.65,0.5352031145206642,0.7533280635274648,0.03749999999999998,0.3125,0.0,0.675
owlv2,18780,48386,59,first pizza,1,9,5,0,0.03114351670487781,5,5,1.0,0.47817624989501856,1.0,1.0,0.47817624989501856,1.0,1.0,0.47817624989501856,1.0,0.0,0.0,0.0,80,0.975,0.9125928440694078,0.9969579138351904,1.0,0.9538075796719513,1.0,0.975,0.9125928440694078,0.9969579138351904,0.025000000000000022,0.0,0.0,1.0
owlv2,18780,48386,59,first pizza,1,9,5,0,0.03114351670487781,10,10,1.0,0.6915028921812392,1.0,1.0,0.6915028921812392,1.0,1.0,0.6915028921812392,1.0,0.0,0.0,0.0,80,0.975,0.9125928440694078,0.9969579138351904,1.0,0.9538075796719513,1.0,0.975,0.9125928440694078,0.9969579138351904,0.025000000000000022,0.0,0.0,1.0
owlv2,18780,48386,59,first pizza,1,9,5,0,0.03114351670487781,20,20,1.0,0.8315665290169146,1.0,1.0,0.8315665290169146,1.0,1.0,0.8315665290169146,1.0,0.0,0.0,0.0,80,0.975,0.9125928440694078,0.9969579138351904,1.0,0.9538075796719513,1.0,0.975,0.9125928440694078,0.9969579138351904,0.025000000000000022,0.0,0.0,1.0
owlv2,18780,48386,59,first pizza,1,9,5,0,0.03114351670487781,40,40,1.0,0.9119026971211976,1.0,1.0,0.9119026971211976,1.0,1.0,0.9119026971211976,1.0,0.0,0.0,0.0,80,0.975,0.9125928440694078,0.9969579138351904,1.0,0.9538075796719513,1.0,0.975,0.9125928440694078,0.9969579138351904,0.025000000000000022,0.0,0.0,1.0
owlv2,43998,46267,4,full bike on right at front,1,20,5,1,0.8378800117539557,5,5,1.0,0.47817624989501856,1.0,1.0,0.47817624989501856,1.0,1.0,0.47817624989501856,1.0,0.0,0.0,0.0,80,0.9125,0.8279916615801152,0.9640936410104413,1.0,0.9507229391041407,1.0,0.9125,0.8279916615801152,0.9640936410104413,0.08750000000000002,0.0,0.0,1.0
owlv2,43998,46267,4,full bike on right at front,1,20,5,1,0.8378800117539557,10,10,1.0,0.6915028921812392,1.0,1.0,0.6915028921812392,1.0,1.0,0.6915028921812392,1.0,0.0,0.0,0.0,80,0.9125,0.8279916615801152,0.9640936410104413,1.0,0.9507229391041407,1.0,0.9125,0.8279916615801152,0.9640936410104413,0.08750000000000002,0.0,0.0,1.0
owlv2,43998,46267,4,full bike on right at front,1,20,5,1,0.8378800117539557,20,20,1.0,0.8315665290169146,1.0,1.0,0.8315665290169146,1.0,1.0,0.8315665290169146,1.0,0.0,0.0,0.0,80,0.9125,0.8279916615801152,0.9640936410104413,1.0,0.9507229391041407,1.0,0.9125,0.8279916615801152,0.9640936410104413,0.08750000000000002,0.0,0.0,1.0
owlv2,43998,46267,4,full bike on right at front,1,20,5,1,0.8378800117539557,40,40,1.0,0.9119026971211976,1.0,1.0,0.9119026971211976,1.0,1.0,0.9119026971211976,1.0,0.0,0.0,0.0,80,0.9125,0.8279916615801152,0.9640936410104413,1.0,0.9507229391041407,1.0,0.9125,0.8279916615801152,0.9640936410104413,0.08750000000000002,0.0,0.0,1.0
owlv2,325494,22216,1,gray shirted man,1,4,3,1,0.8807576436465362,5,5,0.6,0.14663279963467318,0.9472550494736831,1.0,0.29240177382128674,1.0,0.6,0.14663279963467318,0.9472550494736831,0.4,0.0,0.0,80,0.7375,0.6271491697875681,0.8295907488995917,0.9830508474576272,0.9091440671133507,0.9995709766672765,0.725,0.6137565791555908,0.8189623614429612,0.26249999999999996,0.012499999999999968,9.8879238130678e-17,0.6
owlv2,325494,22216,1,gray shirted man,1,4,3,1,0.8807576436465362,10,10,0.8,0.4439045376923585,0.9747892736731666,1.0,0.6305833524471808,1.0,0.8,0.4439045376923585,0.9747892736731666,0.19999999999999996,0.0,0.0,80,0.7375,0.6271491697875681,0.8295907488995917,0.9830508474576272,0.9091440671133507,0.9995709766672765,0.725,0.6137565791555908,0.8189623614429612,0.26249999999999996,0.012499999999999968,9.8879238130678e-17,0.8
owlv2,325494,22216,1,gray shirted man,1,4,3,1,0.8807576436465362,20,20,0.75,0.5089541282920425,0.9134285308985653,1.0,0.781980639089466,1.0,0.75,0.5089541282920425,0.9134285308985653,0.25,0.0,0.0,80,0.7375,0.6271491697875681,0.8295907488995917,0.9830508474576272,0.9091440671133507,0.9995709766672765,0.725,0.6137565791555908,0.8189623614429612,0.26249999999999996,0.012499999999999968,9.8879238130678e-17,0.75
owlv2,325494,22216,1,gray shirted man,1,4,3,1,0.8807576436465362,40,40,0.75,0.5880380198485702,0.873085201067155,1.0,0.8842966917779722,1.0,0.75,0.5880380198485702,0.873085201067155,0.25,0.0,0.0,80,0.7375,0.6271491697875681,0.8295907488995917,0.9830508474576272,0.9091440671133507,0.9995709766672765,0.725,0.6137565791555908,0.8189623614429612,0.26249999999999996,0.012499999999999968,9.8879238130678e-17,0.75
owlv2,351397,19784,88,white teddt far left,1,20,5,0,0.0,5,5,1.0,0.47817624989501856,1.0,1.0,0.47817624989501856,1.0,1.0,0.47817624989501856,1.0,0.0,0.0,0.0,80,1.0,0.9549359649323077,1.0,0.975,0.9125928440694078,0.9969579138351904,0.975,0.9125928440694078,0.9969579138351904,0.0,0.025000000000000022,0.0,1.0
owlv2,351397,19784,88,white teddt far left,1,20,5,0,0.0,10,10,1.0,0.6915028921812392,1.0,1.0,0.6915028921812392,1.0,1.0,0.6915028921812392,1.0,0.0,0.0,0.0,80,1.0,0.9549359649323077,1.0,0.975,0.9125928440694078,0.9969579138351904,0.975,0.9125928440694078,0.9969579138351904,0.0,0.025000000000000022,0.0,1.0
owlv2,351397,19784,88,white teddt far left,1,20,5,0,0.0,20,20,1.0,0.8315665290169146,1.0,0.95,0.7512672372279723,0.9987349105020502,0.95,0.7512672372279723,0.9987349105020502,0.0,0.050000000000000044,0.0,80,1.0,0.9549359649323077,1.0,0.975,0.9125928440694078,0.9969579138351904,0.975,0.9125928440694078,0.9969579138351904,0.0,0.025000000000000022,0.0,0.95
owlv2,351397,19784,88,white teddt far left,1,20,5,0,0.0,40,40,1.0,0.9119026971211976,1.0,0.95,0.8308031360405824,0.9938863534006491,0.95,0.8308031360405824,0.9938863534006491,0.0,0.050000000000000044,0.0,80,1.0,0.9549359649323077,1.0,0.975,0.9125928440694078,0.9969579138351904,0.975,0.9125928440694078,0.9969579138351904,0.0,0.025000000000000022,0.0,0.95
owlv2,139324,37987,1,left kid,1,2,2,1,0.9641264167189226,5,5,1.0,0.47817624989501856,1.0,0.4,0.05274495052631693,0.8533672003653268,0.4,0.05274495052631693,0.8533672003653268,0.0,0.6,0.0,80,1.0,0.9549359649323077,1.0,0.4875,0.37405748144443896,0.6018953312968145,0.4875,0.37405748144443896,0.6018953312968145,0.0,0.5125,0.0,0.4
owlv2,139324,37987,1,left kid,1,2,2,1,0.9641264167189226,10,10,1.0,0.6915028921812392,1.0,0.4,0.1215522581198272,0.7376219233930549,0.4,0.1215522581198272,0.7376219233930549,0.0,0.6,0.0,80,1.0,0.9549359649323077,1.0,0.4875,0.37405748144443896,0.6018953312968145,0.4875,0.37405748144443896,0.6018953312968145,0.0,0.5125,0.0,0.4
owlv2,139324,37987,1,left kid,1,2,2,1,0.9641264167189226,20,20,1.0,0.8315665290169146,1.0,0.45,0.2305778967759242,0.6847218669594515,0.45,0.2305778967759242,0.6847218669594515,0.0,0.55,0.0,80,1.0,0.9549359649323077,1.0,0.4875,0.37405748144443896,0.6018953312968145,0.4875,0.37405748144443896,0.6018953312968145,0.0,0.5125,0.0,0.45
owlv2,139324,37987,1,left kid,1,2,2,1,0.9641264167189226,40,40,1.0,0.9119026971211976,1.0,0.5,0.33801781373723455,0.6619821862627655,0.5,0.33801781373723455,0.6619821862627655,0.0,0.5,0.0,80,1.0,0.9549359649323077,1.0,0.4875,0.37405748144443896,0.6018953312968145,0.4875,0.37405748144443896,0.6018953312968145,0.0,0.5125,0.0,0.5
owlv2,260129,27912,1,guy looking at phone,1,9,5,0,0.009763742108293928,5,5,0.4,0.05274495052631693,0.8533672003653268,1.0,0.15811388300841903,1.0,0.4,0.05274495052631693,0.8533672003653268,0.6,0.0,0.0,80,0.4125,0.30352459293759415,0.5281516595747955,1.0,0.8942371899254207,1.0,0.4125,0.30352459293759415,0.5281516595747955,0.5875,0.0,0.0,0.4
owlv2,260129,27912,1,guy looking at phone,1,9,5,0,0.009763742108293928,10,10,0.5,0.18708602844739855,0.8129139715526015,1.0,0.47817624989501856,1.0,0.5,0.18708602844739855,0.8129139715526015,0.5,0.0,0.0,80,0.4125,0.30352459293759415,0.5281516595747955,1.0,0.8942371899254207,1.0,0.4125,0.30352459293759415,0.5281516595747955,0.5875,0.0,0.0,0.5
owlv2,260129,27912,1,guy looking at phone,1,9,5,0,0.009763742108293928,20,20,0.5,0.27195784956079183,0.7280421504392082,1.0,0.6915028921812392,1.0,0.5,0.27195784956079183,0.7280421504392082,0.5,0.0,0.0,80,0.4125,0.30352459293759415,0.5281516595747955,1.0,0.8942371899254207,1.0,0.4125,0.30352459293759415,0.5281516595747955,0.5875,0.0,0.0,0.5
owlv2,260129,27912,1,guy looking at phone,1,9,5,0,0.009763742108293928,40,40,0.4,0.24864998658774376,0.5667329478067034,1.0,0.7940927857921773,1.0,0.4,0.24864998658774376,0.5667329478067034,0.6,0.0,0.0,80,0.4125,0.30352459293759415,0.5281516595747955,1.0,0.8942371899254207,1.0,0.4125,0.30352459293759415,0.5281516595747955,0.5875,0.0,0.0,0.4
owlv2,106383,40755,78,bottom box right,1,20,5,1,0.8537245792169114,5,5,1.0,0.47817624989501856,1.0,0.8,0.2835820638819106,0.9949492366205319,0.8,0.2835820638819106,0.9949492366205319,0.0,0.19999999999999996,0.0,80,0.9875,0.9323122155360776,0.9996835774723672,0.9620253164556962,0.8930090802260363,0.9920991811253633,0.95,0.876901263556847,0.9862106060235382,0.012499999999999956,0.037499999999999985,1.0408340855860843e-16,0.8
owlv2,106383,40755,78,bottom box right,1,20,5,1,0.8537245792169114,10,10,1.0,0.6915028921812392,1.0,0.9,0.5549838829718046,0.9974714214555382,0.9,0.5549838829718046,0.9974714214555382,0.0,0.09999999999999998,0.0,80,0.9875,0.9323122155360776,0.9996835774723672,0.9620253164556962,0.8930090802260363,0.9920991811253633,0.95,0.876901263556847,0.9862106060235382,0.012499999999999956,0.037499999999999985,1.0408340855860843e-16,0.9
owlv2,106383,40755,78,bottom box right,1,20,5,1,0.8537245792169114,20,20,1.0,0.8315665290169146,1.0,0.9,0.6830172859809176,0.9876514728297052,0.9,0.6830172859809176,0.9876514728297052,0.0,0.09999999999999998,0.0,80,0.9875,0.9323122155360776,0.9996835774723672,0.9620253164556962,0.8930090802260363,0.9920991811253633,0.95,0.876901263556847,0.9862106060235382,0.012499999999999956,0.037499999999999985,1.0408340855860843e-16,0.9
owlv2,106383,40755,78,bottom box right,1,20,5,1,0.8537245792169114,40,40,1.0,0.9119026971211976,1.0,0.925,0.796135251267101,0.9842578201489585,0.925,0.796135251267101,0.9842578201489585,0.0,0.07499999999999996,0.0,80,0.9875,0.9323122155360776,0.9996835774723672,0.9620253164556962,0.8930090802260363,0.9920991811253633,0.95,0.876901263556847,0.9862106060235382,0.012499999999999956,0.037499999999999985,1.0408340855860843e-16,0.925
owlv2,68287,44038,1,bottom man in blue,1,14,5,1,0.948180022563667,5,5,1.0,0.47817624989501856,1.0,1.0,0.47817624989501856,1.0,1.0,0.47817624989501856,1.0,0.0,0.0,0.0,80,1.0,0.9549359649323077,1.0,0.8,0.6956311329945355,0.8811409135950147,0.8,0.6956311329945355,0.8811409135950147,0.0,0.19999999999999996,0.0,1.0
owlv2,68287,44038,1,bottom man in blue,1,14,5,1,0.948180022563667,10,10,1.0,0.6915028921812392,1.0,0.9,0.5549838829718046,0.9974714214555382,0.9,0.5549838829718046,0.9974714214555382,0.0,0.09999999999999998,0.0,80,1.0,0.9549359649323077,1.0,0.8,0.6956311329945355,0.8811409135950147,0.8,0.6956311329945355,0.8811409135950147,0.0,0.19999999999999996,0.0,0.9
owlv2,68287,44038,1,bottom man in blue,1,14,5,1,0.948180022563667,20,20,1.0,0.8315665290169146,1.0,0.9,0.6830172859809176,0.9876514728297052,0.9,0.6830172859809176,0.9876514728297052,0.0,0.09999999999999998,0.0,80,1.0,0.9549359649323077,1.0,0.8,0.6956311329945355,0.8811409135950147,0.8,0.6956311329945355,0.8811409135950147,0.0,0.19999999999999996,0.0,0.9
owlv2,68287,44038,1,bottom man in blue,1,14,5,1,0.948180022563667,40,40,1.0,0.9119026971211976,1.0,0.875,0.7319670826382796,0.9581403738613833,0.875,0.7319670826382796,0.9581403738613833,0.0,0.125,0.0,80,1.0,0.9549359649323077,1.0,0.8,0.6956311329945355,0.8811409135950147,0.8,0.6956311329945355,0.8811409135950147,0.0,0.19999999999999996,0.0,0.875
owlv2,111992,40317,8,far left crate,1,20,5,0,0.0998340174216006,5,5,1.0,0.47817624989501856,1.0,0.0,0.0,0.5218237501049814,0.0,0.0,0.5218237501049814,0.0,1.0,0.0,80,0.725,0.6137565791555908,0.8189623614429612,0.22413793103448276,0.1250891891425691,0.35272389876874993,0.1625,0.08946164172252927,0.2618368938251128,0.275,0.5625,0.0,0.0
owlv2,111992,40317,8,far left crate,1,20,5,0,0.0998340174216006,10,10,0.7,0.34754714994000274,0.9332604888222655,0.14285714285714285,0.0036102968619005863,0.5787231970431952,0.1,0.0025285785444617865,0.4450161170281954,0.30000000000000004,0.6,0.0,80,0.725,0.6137565791555908,0.8189623614429612,0.22413793103448276,0.1250891891425691,0.35272389876874993,0.1625,0.08946164172252927,0.2618368938251128,0.275,0.5625,0.0,0.1
owlv2,111992,40317,8,far left crate,1,20,5,0,0.0998340174216006,20,20,0.7,0.4572108177237109,0.8810684095942722,0.35714285714285715,0.12759842985915965,0.6486198893840083,0.25,0.08657146910143462,0.49104587170795755,0.30000000000000004,0.4499999999999999,5.551115123125783e-17,80,0.725,0.6137565791555908,0.8189623614429612,0.22413793103448276,0.1250891891425691,0.35272389876874993,0.1625,0.08946164172252927,0.2618368938251128,0.275,0.5625,0.0,0.25
owlv2,111992,40317,8,far left crate,1,20,5,0,0.0998340174216006,40,40,0.725,0.5611170928209519,0.8539910080361344,0.2413793103448276,0.10298355077261735,0.4354003459885333,0.175,0.07338272935208522,0.3277901333615858,0.275,0.5499999999999999,0.0,80,0.725,0.6137565791555908,0.8189623614429612,0.22413793103448276,0.1250891891425691,0.35272389876874993,0.1625,0.08946164172252927,0.2618368938251128,0.275,0.5625,0.0,0.175
owlv2,92165,41976,60,pink donut,1,10,5,1,0.971106867051673,5,5,1.0,0.47817624989501856,1.0,1.0,0.47817624989501856,1.0,1.0,0.47817624989501856,1.0,0.0,0.0,0.0,80,1.0,0.9549359649323077,1.0,1.0,0.9549359649323077,1.0,1.0,0.9549359649323077,1.0,0.0,0.0,0.0,1.0
owlv2,92165,41976,60,pink donut,1,10,5,1,0.971106867051673,10,10,1.0,0.6915028921812392,1.0,1.0,0.6915028921812392,1.0,1.0,0.6915028921812392,1.0,0.0,0.0,0.0,80,1.0,0.9549359649323077,1.0,1.0,0.9549359649323077,1.0,1.0,0.9549359649323077,1.0,0.0,0.0,0.0,1.0
owlv2,92165,41976,60,pink donut,1,10,5,1,0.971106867051673,20,20,1.0,0.8315665290169146,1.0,1.0,0.8315665290169146,1.0,1.0,0.8315665290169146,1.0,0.0,0.0,0.0,80,1.0,0.9549359649323077,1.0,1.0,0.9549359649323077,1.0,1.0,0.9549359649323077,1.0,0.0,0.0,0.0,1.0
owlv2,92165,41976,60,pink donut,1,10,5,1,0.971106867051673,40,40,1.0,0.9119026971211976,1.0,1.0,0.9119026971211976,1.0,1.0,0.9119026971211976,1.0,0.0,0.0,0.0,80,1.0,0.9549359649323077,1.0,1.0,0.9549359649323077,1.0,1.0,0.9549359649323077,1.0,0.0,0.0,0.0,1.0
owlv2,67748,44074,65,wood floor at the bottom of photo,1,20,5,0,0.30107120606137705,5,5,0.8,0.2835820638819106,0.9949492366205319,0.75,0.19412044968324346,0.9936905367902902,0.6,0.14663279963467318,0.9472550494736831,0.19999999999999996,0.2,5.551115123125783e-17,80,0.925,0.8438720682639279,0.9719794538231588,0.7162162162162162,0.599479636691844,0.8149889250720511,0.6625,0.5480943856258318,0.7644738620163491,0.07499999999999996,0.2625,5.551115123125783e-17,0.6
owlv2,67748,44074,65,wood floor at the bottom of photo,1,20,5,0,0.30107120606137705,10,10,0.8,0.4439045376923585,0.9747892736731666,0.75,0.34914420558717585,0.9681459737500557,0.6,0.2623780766069451,0.8784477418801728,0.19999999999999996,0.2,5.551115123125783e-17,80,0.925,0.8438720682639279,0.9719794538231588,0.7162162162162162,0.599479636691844,0.8149889250720511,0.6625,0.5480943856258318,0.7644738620163491,0.07499999999999996,0.2625,5.551115123125783e-17,0.6
owlv2,67748,44074,65,wood floor at the bottom of photo,1,20,5,0,0.30107120606137705,20,20,0.9,0.6830172859809176,0.9876514728297052,0.7777777777777778,0.52362723426352,0.9359079522823335,0.7,0.4572108177237109,0.8810684095942722,0.09999999999999998,0.19999999999999998,8.326672684688674e-17,80,0.925,0.8438720682639279,0.9719794538231588,0.7162162162162162,0.599479636691844,0.8149889250720511,0.6625,0.5480943856258318,0.7644738620163491,0.07499999999999996,0.2625,5.551115123125783e-17,0.7
owlv2,67748,44074,65,wood floor at the bottom of photo,1,20,5,0,0.30107120606137705,40,40,0.95,0.8308031360405824,0.9938863534006491,0.7894736842105263,0.6268117163983606,0.9044588845441258,0.75,0.5880380198485702,0.873085201067155,0.050000000000000044,0.19999999999999998,2.7755575615628914e-17,80,0.925,0.8438720682639279,0.9719794538231588,0.7162162162162162,0.599479636691844,0.8149889250720511,0.6625,0.5480943856258318,0.7644738620163491,0.07499999999999996,0.2625,5.551115123125783e-17,0.75
owlv2,208612,32283,62,empty chair middle,1,16,5,1,0.9588125748115491,5,5,1.0,0.47817624989501856,1.0,0.8,0.2835820638819106,0.9949492366205319,0.8,0.2835820638819106,0.9949492366205319,0.0,0.19999999999999996,0.0,80,0.9875,0.9323122155360776,0.9996835774723672,0.8607594936708861,0.7645034478100272,0.9283895279409142,0.85,0.7526358884071023,0.9200184386902862,0.012499999999999956,0.13749999999999998,8.326672684688674e-17,0.8
owlv2,208612,32283,62,empty chair middle,1,16,5,1,0.9588125748115491,10,10,1.0,0.6915028921812392,1.0,0.9,0.5549838829718046,0.9974714214555382,0.9,0.5549838829718046,0.9974714214555382,0.0,0.09999999999999998,0.0,80,0.9875,0.9323122155360776,0.9996835774723672,0.8607594936708861,0.7645034478100272,0.9283895279409142,0.85,0.7526358884071023,0.9200184386902862,0.012499999999999956,0.13749999999999998,8.326672684688674e-17,0.9
owlv2,208612,32283,62,empty chair middle,1,16,5,1,0.9588125748115491,20,20,1.0,0.8315665290169146,1.0,0.9,0.6830172859809176,0.9876514728297052,0.9,0.6830172859809176,0.9876514728297052,0.0,0.09999999999999998,0.0,80,0.9875,0.9323122155360776,0.9996835774723672,0.8607594936708861,0.7645034478100272,0.9283895279409142,0.85,0.7526358884071023,0.9200184386902862,0.012499999999999956,0.13749999999999998,8.326672684688674e-17,0.9
owlv2,208612,32283,62,empty chair middle,1,16,5,1,0.9588125748115491,40,40,1.0,0.9119026971211976,1.0,0.875,0.7319670826382796,0.9581403738613833,0.875,0.7319670826382796,0.9581403738613833,0.0,0.125,0.0,80,0.9875,0.9323122155360776,0.9996835774723672,0.8607594936708861,0.7645034478100272,0.9283895279409142,0.85,0.7526358884071023,0.9200184386902862,0.012499999999999956,0.13749999999999998,8.326672684688674e-17,0.875
owlv2,502504,6934,1,boy in stripes apron,1,20,5,1,0.6299006812145135,5,5,1.0,0.47817624989501856,1.0,1.0,0.47817624989501856,1.0,1.0,0.47817624989501856,1.0,0.0,0.0,0.0,80,1.0,0.9549359649323077,1.0,0.9375,0.8601429247023609,0.9793969276979898,0.9375,0.8601429247023609,0.9793969276979898,0.0,0.0625,0.0,1.0
owlv2,502504,6934,1,boy in stripes apron,1,20,5,1,0.6299006812145135,10,10,1.0,0.6915028921812392,1.0,1.0,0.6915028921812392,1.0,1.0,0.6915028921812392,1.0,0.0,0.0,0.0,80,1.0,0.9549359649323077,1.0,0.9375,0.8601429247023609,0.9793969276979898,0.9375,0.8601429247023609,0.9793969276979898,0.0,0.0625,0.0,1.0
owlv2,502504,6934,1,boy in stripes apron,1,20,5,1,0.6299006812145135,20,20,1.0,0.8315665290169146,1.0,0.9,0.6830172859809176,0.9876514728297052,0.9,0.6830172859809176,0.9876514728297052,0.0,0.09999999999999998,0.0,80,1.0,0.9549359649323077,1.0,0.9375,0.8601429247023609,0.9793969276979898,0.9375,0.8601429247023609,0.9793969276979898,0.0,0.0625,0.0,0.9
owlv2,502504,6934,1,boy in stripes apron,1,20,5,1,0.6299006812145135,40,40,1.0,0.9119026971211976,1.0,0.925,0.796135251267101,0.9842578201489585,0.925,0.796135251267101,0.9842578201489585,0.0,0.07499999999999996,0.0,80,1.0,0.9549359649323077,1.0,0.9375,0.8601429247023609,0.9793969276979898,0.9375,0.8601429247023609,0.9793969276979898,0.0,0.0625,0.0,0.925
owlv2,508140,6421,3,second car from left blue,1,20,5,0,0.032686672885050526,5,5,1.0,0.47817624989501856,1.0,1.0,0.47817624989501856,1.0,1.0,0.47817624989501856,1.0,0.0,0.0,0.0,80,1.0,0.9549359649323077,1.0,1.0,0.9549359649323077,1.0,1.0,0.9549359649323077,1.0,0.0,0.0,0.0,1.0
owlv2,508140,6421,3,second car from left blue,1,20,5,0,0.032686672885050526,10,10,1.0,0.6915028921812392,1.0,1.0,0.6915028921812392,1.0,1.0,0.6915028921812392,1.0,0.0,0.0,0.0,80,1.0,0.9549359649323077,1.0,1.0,0.9549359649323077,1.0,1.0,0.9549359649323077,1.0,0.0,0.0,0.0,1.0
owlv2,508140,6421,3,second car from left blue,1,20,5,0,0.032686672885050526,20,20,1.0,0.8315665290169146,1.0,1.0,0.8315665290169146,1.0,1.0,0.8315665290169146,1.0,0.0,0.0,0.0,80,1.0,0.9549359649323077,1.0,1.0,0.9549359649323077,1.0,1.0,0.9549359649323077,1.0,0.0,0.0,0.0,1.0
owlv2,508140,6421,3,second car from left blue,1,20,5,0,0.032686672885050526,40,40,1.0,0.9119026971211976,1.0,1.0,0.9119026971211976,1.0,1.0,0.9119026971211976,1.0,0.0,0.0,0.0,80,1.0,0.9549359649323077,1.0,1.0,0.9549359649323077,1.0,1.0,0.9549359649323077,1.0,0.0,0.0,0.0,1.0
owlv2,237193,29904,1,person far right,1,16,5,1,0.9572142011329612,5,5,1.0,0.47817624989501856,1.0,1.0,0.47817624989501856,1.0,1.0,0.47817624989501856,1.0,0.0,0.0,0.0,80,0.7625,0.6542230288597322,0.8505462481433591,1.0,0.9413187760677074,1.0,0.7625,0.6542230288597322,0.8505462481433591,0.23750000000000004,0.0,0.0,1.0
owlv2,237193,29904,1,person far right,1,16,5,1,0.9572142011329612,10,10,0.7,0.34754714994000274,0.9332604888222655,1.0,0.5903836027749967,1.0,0.7,0.34754714994000274,0.9332604888222655,0.30000000000000004,0.0,0.0,80,0.7625,0.6542230288597322,0.8505462481433591,1.0,0.9413187760677074,1.0,0.7625,0.6542230288597322,0.8505462481433591,0.23750000000000004,0.0,0.0,0.7
owlv2,237193,29904,1,person far right,1,16,5,1,0.9572142011329612,20,20,0.75,0.5089541282920425,0.9134285308985653,1.0,0.781980639089466,1.0,0.75,0.5089541282920425,0.9134285308985653,0.25,0.0,0.0,80,0.7625,0.6542230288597322,0.8505462481433591,1.0,0.9413187760677074,1.0,0.7625,0.6542230288597322,0.8505462481433591,0.23750000000000004,0.0,0.0,0.75
owlv2,237193,29904,1,person far right,1,16,5,1,0.9572142011329612,40,40,0.65,0.48315554635100944,0.793717509129233,1.0,0.8677253955022459,1.0,0.65,0.48315554635100944,0.793717509129233,0.35,0.0,0.0,80,0.7625,0.6542230288597322,0.8505462481433591,1.0,0.9413187760677074,1.0,0.7625,0.6542230288597322,0.8505462481433591,0.23750000000000004,0.0,0.0,0.65
owlv2,323149,22467,2,bike thing in front,1,20,5,1,0.7773112250201403,5,5,1.0,0.47817624989501856,1.0,1.0,0.47817624989501856,1.0,1.0,0.47817624989501856,1.0,0.0,0.0,0.0,80,1.0,0.9549359649323077,1.0,1.0,0.9549359649323077,1.0,1.0,0.9549359649323077,1.0,0.0,0.0,0.0,1.0
owlv2,323149,22467,2,bike thing in front,1,20,5,1,0.7773112250201403,10,10,1.0,0.6915028921812392,1.0,1.0,0.6915028921812392,1.0,1.0,0.6915028921812392,1.0,0.0,0.0,0.0,80,1.0,0.9549359649323077,1.0,1.0,0.9549359649323077,1.0,1.0,0.9549359649323077,1.0,0.0,0.0,0.0,1.0
owlv2,323149,22467,2,bike thing in front,1,20,5,1,0.7773112250201403,20,20,1.0,0.8315665290169146,1.0,1.0,0.8315665290169146,1.0,1.0,0.8315665290169146,1.0,0.0,0.0,0.0,80,1.0,0.9549359649323077,1.0,1.0,0.9549359649323077,1.0,1.0,0.9549359649323077,1.0,0.0,0.0,0.0,1.0
owlv2,323149,22467,2,bike thing in front,1,20,5,1,0.7773112250201403,40,40,1.0,0.9119026971211976,1.0,1.0,0.9119026971211976,1.0,1.0,0.9119026971211976,1.0,0.0,0.0,0.0,80,1.0,0.9549359649323077,1.0,1.0,0.9549359649323077,1.0,1.0,0.9549359649323077,1.0,0.0,0.0,0.0,1.0
owlv2,244171,29305,1,person right in the middle,1,20,5,0,0.0,5,5,1.0,0.47817624989501856,1.0,1.0,0.47817624989501856,1.0,1.0,0.47817624989501856,1.0,0.0,0.0,0.0,80,0.9875,0.9323122155360776,0.9996835774723672,0.9367088607594937,0.8584484173827083,0.9791320538534382,0.925,0.8438720682639279,0.9719794538231588,0.012499999999999956,0.06250000000000001,1.3877787807814457e-17,1.0
owlv2,244171,29305,1,person right in the middle,1,20,5,0,0.0,10,10,1.0,0.6915028921812392,1.0,1.0,0.6915028921812392,1.0,1.0,0.6915028921812392,1.0,0.0,0.0,0.0,80,0.9875,0.9323122155360776,0.9996835774723672,0.9367088607594937,0.8584484173827083,0.9791320538534382,0.925,0.8438720682639279,0.9719794538231588,0.012499999999999956,0.06250000000000001,1.3877787807814457e-17,1.0
owlv2,244171,29305,1,person right in the middle,1,20,5,0,0.0,20,20,1.0,0.8315665290169146,1.0,1.0,0.8315665290169146,1.0,1.0,0.8315665290169146,1.0,0.0,0.0,0.0,80,0.9875,0.9323122155360776,0.9996835774723672,0.9367088607594937,0.8584484173827083,0.9791320538534382,0.925,0.8438720682639279,0.9719794538231588,0.012499999999999956,0.06250000000000001,1.3877787807814457e-17,1.0
owlv2,244171,29305,1,person right in the middle,1,20,5,0,0.0,40,40,1.0,0.9119026971211976,1.0,0.975,0.8684141415172343,0.9993672550679505,0.975,0.8684141415172343,0.9993672550679505,0.0,0.025000000000000022,0.0,80,0.9875,0.9323122155360776,0.9996835774723672,0.9367088607594937,0.8584484173827083,0.9791320538534382,0.925,0.8438720682639279,0.9719794538231588,0.012499999999999956,0.06250000000000001,1.3877787807814457e-17,0.975
owlv2,62348,44529,62,something bottom right with a white stripe,1,3,3,0,0.34211926780761803,5,5,0.6,0.14663279963467318,0.9472550494736831,1.0,0.29240177382128674,1.0,0.6,0.14663279963467318,0.9472550494736831,0.4,0.0,0.0,80,0.425,0.3151097654523422,0.5406111885690619,1.0,0.8971820757409874,1.0,0.425,0.3151097654523422,0.5406111885690619,0.575,0.0,0.0,0.6
owlv2,62348,44529,62,something bottom right with a white stripe,1,3,3,0,0.34211926780761803,10,10,0.5,0.18708602844739855,0.8129139715526015,1.0,0.47817624989501856,1.0,0.5,0.18708602844739855,0.8129139715526015,0.5,0.0,0.0,80,0.425,0.3151097654523422,0.5406111885690619,1.0,0.8971820757409874,1.0,0.425,0.3151097654523422,0.5406111885690619,0.575,0.0,0.0,0.5
owlv2,62348,44529,62,something bottom right with a white stripe,1,3,3,0,0.34211926780761803,20,20,0.5,0.27195784956079183,0.7280421504392082,1.0,0.6915028921812392,1.0,0.5,0.27195784956079183,0.7280421504392082,0.5,0.0,0.0,80,0.425,0.3151097654523422,0.5406111885690619,1.0,0.8971820757409874,1.0,0.425,0.3151097654523422,0.5406111885690619,0.575,0.0,0.0,0.5
owlv2,62348,44529,62,something bottom right with a white stripe,1,3,3,0,0.34211926780761803,40,40,0.45,0.29258835003987993,0.6150932054659867,1.0,0.8146980318621478,1.0,0.45,0.29258835003987993,0.6150932054659867,0.55,0.0,0.0,80,0.425,0.3151097654523422,0.5406111885690619,1.0,0.8971820757409874,1.0,0.425,0.3151097654523422,0.5406111885690619,0.575,0.0,0.0,0.45
owlv2,126381,39083,22,elephant in back,1,20,5,1,0.6128667484793957,5,5,1.0,0.47817624989501856,1.0,0.6,0.14663279963467318,0.9472550494736831,0.6,0.14663279963467318,0.9472550494736831,0.0,0.4,0.0,80,1.0,0.9549359649323077,1.0,0.775,0.6679136799387491,0.8608627895010682,0.775,0.6679136799387491,0.8608627895010682,0.0,0.22499999999999998,0.0,0.6
owlv2,126381,39083,22,elephant in back,1,20,5,1,0.6128667484793957,10,10,1.0,0.6915028921812392,1.0,0.6,0.2623780766069451,0.8784477418801728,0.6,0.2623780766069451,0.8784477418801728,0.0,0.4,0.0,80,1.0,0.9549359649323077,1.0,0.775,0.6679136799387491,0.8608627895010682,0.775,0.6679136799387491,0.8608627895010682,0.0,0.22499999999999998,0.0,0.6
owlv2,126381,39083,22,elephant in back,1,20,5,1,0.6128667484793957,20,20,1.0,0.8315665290169146,1.0,0.7,0.4572108177237109,0.8810684095942722,0.7,0.4572108177237109,0.8810684095942722,0.0,0.30000000000000004,0.0,80,1.0,0.9549359649323077,1.0,0.775,0.6679136799387491,0.8608627895010682,0.775,0.6679136799387491,0.8608627895010682,0.0,0.22499999999999998,0.0,0.7
owlv2,126381,39083,22,elephant in back,1,20,5,1,0.6128667484793957,40,40,1.0,0.9119026971211976,1.0,0.7,0.5346837147458767,0.8343727956067644,0.7,0.5346837147458767,0.8343727956067644,0.0,0.30000000000000004,0.0,80,1.0,0.9549359649323077,1.0,0.775,0.6679136799387491,0.8608627895010682,0.775,0.6679136799387491,0.8608627895010682,0.0,0.22499999999999998,0.0,0.7
owlv2,314051,23278,21,cow on left,1,20,5,1,0.9711412425241079,5,5,1.0,0.47817624989501856,1.0,0.8,0.2835820638819106,0.9949492366205319,0.8,0.2835820638819106,0.9949492366205319,0.0,0.19999999999999996,0.0,80,0.9375,0.8601429247023609,0.9793969276979898,0.7733333333333333,0.6620783862959234,0.8620644323678299,0.725,0.6137565791555908,0.8189623614429612,0.0625,0.21250000000000002,0.0,0.8
owlv2,314051,23278,21,cow on left,1,20,5,1,0.9711412425241079,10,10,1.0,0.6915028921812392,1.0,0.8,0.4439045376923585,0.9747892736731666,0.8,0.4439045376923585,0.9747892736731666,0.0,0.19999999999999996,0.0,80,0.9375,0.8601429247023609,0.9793969276979898,0.7733333333333333,0.6620783862959234,0.8620644323678299,0.725,0.6137565791555908,0.8189623614429612,0.0625,0.21250000000000002,0.0,0.8
owlv2,314051,23278,21,cow on left,1,20,5,1,0.9711412425241079,20,20,0.85,0.6210731734546859,0.9679290628145363,0.8235294117647058,0.565682127155716,0.962014931929374,0.7,0.4572108177237109,0.8810684095942722,0.15000000000000002,0.15000000000000002,0.0,80,0.9375,0.8601429247023609,0.9793969276979898,0.7733333333333333,0.6620783862959234,0.8620644323678299,0.725,0.6137565791555908,0.8189623614429612,0.0625,0.21250000000000002,0.0,0.7
owlv2,314051,23278,21,cow on left,1,20,5,1,0.9711412425241079,40,40,0.875,0.7319670826382796,0.9581403738613833,0.7714285714285715,0.5986367438926853,0.8957895680521848,0.675,0.5087051245215516,0.8142710332366501,0.125,0.19999999999999996,0.0,80,0.9375,0.8601429247023609,0.9793969276979898,0.7733333333333333,0.6620783862959234,0.8620644323678299,0.725,0.6137565791555908,0.8189623614429612,0.0625,0.21250000000000002,0.0,0.675
owlv2,439374,12430,24,right zebra,1,20,5,0,0.0,5,5,1.0,0.47817624989501856,1.0,1.0,0.47817624989501856,1.0,1.0,0.47817624989501856,1.0,0.0,0.0,0.0,80,0.875,0.7821108659305637,0.9383979034415657,0.9857142857142858,0.9229562376632335,0.9996383824281968,0.8625,0.7672791291752744,0.9293121672961213,0.125,0.012499999999999956,0.0,1.0
owlv2,439374,12430,24,right zebra,1,20,5,0,0.0,10,10,0.9,0.5549838829718046,0.9974714214555382,1.0,0.6637328831200572,1.0,0.9,0.5549838829718046,0.9974714214555382,0.09999999999999998,0.0,0.0,80,0.875,0.7821108659305637,0.9383979034415657,0.9857142857142858,0.9229562376632335,0.9996383824281968,0.8625,0.7672791291752744,0.9293121672961213,0.125,0.012499999999999956,0.0,0.9
owlv2,439374,12430,24,right zebra,1,20,5,0,0.0,20,20,0.95,0.7512672372279723,0.9987349105020502,1.0,0.8235330881930346,1.0,0.95,0.7512672372279723,0.9987349105020502,0.050000000000000044,0.0,0.0,80,0.875,0.7821108659305637,0.9383979034415657,0.9857142857142858,0.9229562376632335,0.9996383824281968,0.8625,0.7672791291752744,0.9293121672961213,0.125,0.012499999999999956,0.0,0.95
owlv2,439374,12430,24,right zebra,1,20,5,0,0.0,40,40,0.95,0.8308031360405824,0.9938863534006491,1.0,0.9074872385841217,1.0,0.95,0.8308031360405824,0.9938863534006491,0.050000000000000044,0.0,0.0,80,0.875,0.7821108659305637,0.9383979034415657,0.9857142857142858,0.9229562376632335,0.9996383824281968,0.8625,0.7672791291752744,0.9293121672961213,0.125,0.012499999999999956,0.0,0.95
owlv2,484208,8540,20,right sheep,1,20,5,0,0.2694945032127647,5,5,1.0,0.47817624989501856,1.0,1.0,0.47817624989501856,1.0,1.0,0.47817624989501856,1.0,0.0,0.0,0.0,80,1.0,0.9549359649323077,1.0,0.9625,0.8942980149834914,0.9921988127342833,0.9625,0.8942980149834914,0.9921988127342833,0.0,0.03749999999999998,0.0,1.0
owlv2,484208,8540,20,right sheep,1,20,5,0,0.2694945032127647,10,10,1.0,0.6915028921812392,1.0,1.0,0.6915028921812392,1.0,1.0,0.6915028921812392,1.0,0.0,0.0,0.0,80,1.0,0.9549359649323077,1.0,0.9625,0.8942980149834914,0.9921988127342833,0.9625,0.8942980149834914,0.9921988127342833,0.0,0.03749999999999998,0.0,1.0
owlv2,484208,8540,20,right sheep,1,20,5,0,0.2694945032127647,20,20,1.0,0.8315665290169146,1.0,0.9,0.6830172859809176,0.9876514728297052,0.9,0.6830172859809176,0.9876514728297052,0.0,0.09999999999999998,0.0,80,1.0,0.9549359649323077,1.0,0.9625,0.8942980149834914,0.9921988127342833,0.9625,0.8942980149834914,0.9921988127342833,0.0,0.03749999999999998,0.0,0.9
owlv2,484208,8540,20,right sheep,1,20,5,0,0.2694945032127647,40,40,1.0,0.9119026971211976,1.0,0.9,0.7633626001239001,0.9720745847057807,0.9,0.7633626001239001,0.9720745847057807,0.0,0.09999999999999998,0.0,80,1.0,0.9549359649323077,1.0,0.9625,0.8942980149834914,0.9921988127342833,0.9625,0.8942980149834914,0.9921988127342833,0.0,0.03749999999999998,0.0,0.9
owlv2,424821,13677,1,old man in crowd,1,20,5,1,0.7781888871593483,5,5,1.0,0.47817624989501856,1.0,1.0,0.47817624989501856,1.0,1.0,0.47817624989501856,1.0,0.0,0.0,0.0,80,1.0,0.9549359649323077,1.0,0.9,0.8124348925365684,0.955829059846371,0.9,0.8124348925365684,0.955829059846371,0.0,0.09999999999999998,0.0,1.0
owlv2,424821,13677,1,old man in crowd,1,20,5,1,0.7781888871593483,10,10,1.0,0.6915028921812392,1.0,0.9,0.5549838829718046,0.9974714214555382,0.9,0.5549838829718046,0.9974714214555382,0.0,0.09999999999999998,0.0,80,1.0,0.9549359649323077,1.0,0.9,0.8124348925365684,0.955829059846371,0.9,0.8124348925365684,0.955829059846371,0.0,0.09999999999999998,0.0,0.9
owlv2,424821,13677,1,old man in crowd,1,20,5,1,0.7781888871593483,20,20,1.0,0.8315665290169146,1.0,0.9,0.6830172859809176,0.9876514728297052,0.9,0.6830172859809176,0.9876514728297052,0.0,0.09999999999999998,0.0,80,1.0,0.9549359649323077,1.0,0.9,0.8124348925365684,0.955829059846371,0.9,0.8124348925365684,0.955829059846371,0.0,0.09999999999999998,0.0,0.9
owlv2,424821,13677,1,old man in crowd,1,20,5,1,0.7781888871593483,40,40,1.0,0.9119026971211976,1.0,0.9,0.7633626001239001,0.9720745847057807,0.9,0.7633626001239001,0.9720745847057807,0.0,0.09999999999999998,0.0,80,1.0,0.9549359649323077,1.0,0.9,0.8124348925365684,0.955829059846371,0.9,0.8124348925365684,0.955829059846371,0.0,0.09999999999999998,0.0,0.9
owlv2,149566,37113,67,white area behind bears head,1,5,5,0,0.1405404864905604,5,5,0.4,0.05274495052631693,0.8533672003653268,1.0,0.15811388300841903,1.0,0.4,0.05274495052631693,0.8533672003653268,0.6,0.0,0.0,80,0.3,0.20257392914667277,0.412759323081376,1.0,0.8575264022774743,1.0,0.3,0.20257392914667277,0.412759323081376,0.7,0.0,0.0,0.4
owlv2,149566,37113,67,white area behind bears head,1,5,5,0,0.1405404864905604,10,10,0.4,0.1215522581198272,0.7376219233930549,1.0,0.3976353643835254,1.0,0.4,0.1215522581198272,0.7376219233930549,0.6,0.0,0.0,80,0.3,0.20257392914667277,0.412759323081376,1.0,0.8575264022774743,1.0,0.3,0.20257392914667277,0.412759323081376,0.7,0.0,0.0,0.4
owlv2,149566,37113,67,white area behind bears head,1,5,5,0,0.1405404864905604,20,20,0.35,0.15390920478454118,0.5921885345328282,1.0,0.5903836027749967,1.0,0.35,0.15390920478454118,0.5921885345328282,0.65,0.0,0.0,80,0.3,0.20257392914667277,0.412759323081376,1.0,0.8575264022774743,1.0,0.3,0.20257392914667277,0.412759323081376,0.7,0.0,0.0,0.35
owlv2,149566,37113,67,white area behind bears head,1,5,5,0,0.1405404864905604,40,40,0.375,0.22726272248182594,0.5419852477673891,1.0,0.781980639089466,1.0,0.375,0.22726272248182594,0.5419852477673891,0.625,0.0,0.0,80,0.3,0.20257392914667277,0.412759323081376,1.0,0.8575264022774743,1.0,0.3,0.20257392914667277,0.412759323081376,0.7,0.0,0.0,0.375
owlv2,288559,25507,1,catcher in white,1,16,5,1,0.8877738392517651,5,5,1.0,0.47817624989501856,1.0,1.0,0.47817624989501856,1.0,1.0,0.47817624989501856,1.0,0.0,0.0,0.0,80,1.0,0.9549359649323077,1.0,0.95,0.876901263556847,0.9862106060235382,0.95,0.876901263556847,0.9862106060235382,0.0,0.050000000000000044,0.0,1.0
owlv2,288559,25507,1,catcher in white,1,16,5,1,0.8877738392517651,10,10,1.0,0.6915028921812392,1.0,1.0,0.6915028921812392,1.0,1.0,0.6915028921812392,1.0,0.0,0.0,0.0,80,1.0,0.9549359649323077,1.0,0.95,0.876901263556847,0.9862106060235382,0.95,0.876901263556847,0.9862106060235382,0.0,0.050000000000000044,0.0,1.0
owlv2,288559,25507,1,catcher in white,1,16,5,1,0.8877738392517651,20,20,1.0,0.8315665290169146,1.0,1.0,0.8315665290169146,1.0,1.0,0.8315665290169146,1.0,0.0,0.0,0.0,80,1.0,0.9549359649323077,1.0,0.95,0.876901263556847,0.9862106060235382,0.95,0.876901263556847,0.9862106060235382,0.0,0.050000000000000044,0.0,1.0
owlv2,288559,25507,1,catcher in white,1,16,5,1,0.8877738392517651,40,40,1.0,0.9119026971211976,1.0,0.925,0.796135251267101,0.9842578201489585,0.925,0.796135251267101,0.9842578201489585,0.0,0.07499999999999996,0.0,80,1.0,0.9549359649323077,1.0,0.95,0.876901263556847,0.9862106060235382,0.95,0.876901263556847,0.9862106060235382,0.0,0.050000000000000044,0.0,0.925
owlv2,430244,13171,1,stripes guy,1,20,5,1,0.5632901729433867,5,5,0.8,0.2835820638819106,0.9949492366205319,1.0,0.3976353643835254,1.0,0.8,0.2835820638819106,0.9949492366205319,0.19999999999999996,0.0,0.0,80,0.8625,0.7672791291752744,0.9293121672961213,1.0,0.9479419421369203,1.0,0.8625,0.7672791291752744,0.9293121672961213,0.13749999999999996,0.0,0.0,0.8
owlv2,430244,13171,1,stripes guy,1,20,5,1,0.5632901729433867,10,10,0.8,0.4439045376923585,0.9747892736731666,1.0,0.6305833524471808,1.0,0.8,0.4439045376923585,0.9747892736731666,0.19999999999999996,0.0,0.0,80,0.8625,0.7672791291752744,0.9293121672961213,1.0,0.9479419421369203,1.0,0.8625,0.7672791291752744,0.9293121672961213,0.13749999999999996,0.0,0.0,0.8
owlv2,430244,13171,1,stripes guy,1,20,5,1,0.5632901729433867,20,20,0.9,0.6830172859809176,0.9876514728297052,1.0,0.8146980318621478,1.0,0.9,0.6830172859809176,0.9876514728297052,0.09999999999999998,0.0,0.0,80,0.8625,0.7672791291752744,0.9293121672961213,1.0,0.9479419421369203,1.0,0.8625,0.7672791291752744,0.9293121672961213,0.13749999999999996,0.0,0.0,0.9
owlv2,430244,13171,1,stripes guy,1,20,5,1,0.5632901729433867,40,40,0.875,0.7319670826382796,0.9581403738613833,1.0,0.8999675644278949,1.0,0.875,0.7319670826382796,0.9581403738613833,0.125,0.0,0.0,80,0.8625,0.7672791291752744,0.9293121672961213,1.0,0.9479419421369203,1.0,0.8625,0.7672791291752744,0.9293121672961213,0.13749999999999996,0.0,0.0,0.875
owlv2,314462,23231,1,left girl,1,3,3,0,0.01773132832016944,5,5,0.6,0.14663279963467318,0.9472550494736831,1.0,0.29240177382128674,1.0,0.6,0.14663279963467318,0.9472550494736831,0.4,0.0,0.0,80,0.4625,0.35027642653839836,0.5775824719951649,0.972972972972973,0.858396904388842,0.9993159689753053,0.45,0.3384863844898155,0.565326020905847,0.5375,0.012499999999999976,9.020562075079397e-17,0.6
owlv2,314462,23231,1,left girl,1,3,3,0,0.01773132832016944,10,10,0.6,0.2623780766069451,0.8784477418801728,1.0,0.5407418735600996,1.0,0.6,0.2623780766069451,0.8784477418801728,0.4,0.0,0.0,80,0.4625,0.35027642653839836,0.5775824719951649,0.972972972972973,0.858396904388842,0.9993159689753053,0.45,0.3384863844898155,0.565326020905847,0.5375,0.012499999999999976,9.020562075079397e-17,0.6
owlv2,314462,23231,1,left girl,1,3,3,0,0.01773132832016944,20,20,0.5,0.27195784956079183,0.7280421504392082,1.0,0.6915028921812392,1.0,0.5,0.27195784956079183,0.7280421504392082,0.5,0.0,0.0,80,0.4625,0.35027642653839836,0.5775824719951649,0.972972972972973,0.858396904388842,0.9993159689753053,0.45,0.3384863844898155,0.565326020905847,0.5375,0.012499999999999976,9.020562075079397e-17,0.5
owlv2,314462,23231,1,left girl,1,3,3,0,0.01773132832016944,40,40,0.45,0.29258835003987993,0.6150932054659867,0.9444444444444444,0.7270564003266315,0.9985944438326306,0.425,0.2704290312688629,0.5910994195730366,0.55,0.025000000000000012,1.0061396160665481e-16,80,0.4625,0.35027642653839836,0.5775824719951649,0.972972972972973,0.858396904388842,0.9993159689753053,0.45,0.3384863844898155,0.565326020905847,0.5375,0.012499999999999976,9.020562075079397e-17,0.425
owlv2,545832,3199,3,white car on the left,1,20,5,1,0.9756959798777843,5,5,1.0,0.47817624989501856,1.0,1.0,0.47817624989501856,1.0,1.0,0.47817624989501856,1.0,0.0,0.0,0.0,80,1.0,0.9549359649323077,1.0,1.0,0.9549359649323077,1.0,1.0,0.9549359649323077,1.0,0.0,0.0,0.0,1.0
owlv2,545832,3199,3,white car on the left,1,20,5,1,0.9756959798777843,10,10,1.0,0.6915028921812392,1.0,1.0,0.6915028921812392,1.0,1.0,0.6915028921812392,1.0,0.0,0.0,0.0,80,1.0,0.9549359649323077,1.0,1.0,0.9549359649323077,1.0,1.0,0.9549359649323077,1.0,0.0,0.0,0.0,1.0
owlv2,545832,3199,3,white car on the left,1,20,5,1,0.9756959798777843,20,20,1.0,0.8315665290169146,1.0,1.0,0.8315665290169146,1.0,1.0,0.8315665290169146,1.0,0.0,0.0,0.0,80,1.0,0.9549359649323077,1.0,1.0,0.9549359649323077,1.0,1.0,0.9549359649323077,1.0,0.0,0.0,0.0,1.0
owlv2,545832,3199,3,white car on the left,1,20,5,1,0.9756959798777843,40,40,1.0,0.9119026971211976,1.0,1.0,0.9119026971211976,1.0,1.0,0.9119026971211976,1.0,0.0,0.0,0.0,80,1.0,0.9549359649323077,1.0,1.0,0.9549359649323077,1.0,1.0,0.9549359649323077,1.0,0.0,0.0,0.0,1.0
owlv2,497311,7352,67,far left center area,1,2,2,0,0.1399553838285878,5,5,0.6,0.14663279963467318,0.9472550494736831,0.6666666666666666,0.09429932405024612,0.9915962413403874,0.4,0.05274495052631693,0.8533672003653268,0.4,0.2,5.551115123125783e-17,80,0.7375,0.6271491697875681,0.8295907488995917,0.7457627118644068,0.6155759381946583,0.8501792208310603,0.55,0.43467397909415295,0.6615136155101845,0.26249999999999996,0.1875,0.0,0.4
owlv2,497311,7352,67,far left center area,1,2,2,0,0.1399553838285878,10,10,0.7,0.34754714994000274,0.9332604888222655,0.8571428571428571,0.4212768029568048,0.9963897031380994,0.6,0.2623780766069451,0.8784477418801728,0.30000000000000004,0.10000000000000003,5.551115123125783e-17,80,0.7375,0.6271491697875681,0.8295907488995917,0.7457627118644068,0.6155759381946583,0.8501792208310603,0.55,0.43467397909415295,0.6615136155101845,0.26249999999999996,0.1875,0.0,0.6
owlv2,497311,7352,67,far left center area,1,2,2,0,0.1399553838285878,20,20,0.75,0.5089541282920425,0.9134285308985653,0.9333333333333333,0.6805154334216966,0.9983135697586473,0.7,0.4572108177237109,0.8810684095942722,0.25,0.04999999999999999,5.551115123125783e-17,80,0.7375,0.6271491697875681,0.8295907488995917,0.7457627118644068,0.6155759381946583,0.8501792208310603,0.55,0.43467397909415295,0.6615136155101845,0.26249999999999996,0.1875,0.0,0.7
owlv2,497311,7352,67,far left center area,1,2,2,0,0.1399553838285878,40,40,0.75,0.5880380198485702,0.873085201067155,0.8666666666666667,0.6927816497238732,0.9624465036616366,0.65,0.48315554635100944,0.793717509129233,0.25,0.09999999999999998,0.0,80,0.7375,0.6271491697875681,0.8295907488995917,0.7457627118644068,0.6155759381946583,0.8501792208310603,0.55,0.43467397909415295,0.6615136155101845,0.26249999999999996,0.1875,0.0,0.65
owlv2,260932,27825,1,player,1,20,5,1,0.9396120149293139,5,5,1.0,0.47817624989501856,1.0,1.0,0.47817624989501856,1.0,1.0,0.47817624989501856,1.0,0.0,0.0,0.0,80,1.0,0.9549359649323077,1.0,1.0,0.9549359649323077,1.0,1.0,0.9549359649323077,1.0,0.0,0.0,0.0,1.0
owlv2,260932,27825,1,player,1,20,5,1,0.9396120149293139,10,10,1.0,0.6915028921812392,1.0,1.0,0.6915028921812392,1.0,1.0,0.6915028921812392,1.0,0.0,0.0,0.0,80,1.0,0.9549359649323077,1.0,1.0,0.9549359649323077,1.0,1.0,0.9549359649323077,1.0,0.0,0.0,0.0,1.0
owlv2,260932,27825,1,player,1,20,5,1,0.9396120149293139,20,20,1.0,0.8315665290169146,1.0,1.0,0.8315665290169146,1.0,1.0,0.8315665290169146,1.0,0.0,0.0,0.0,80,1.0,0.9549359649323077,1.0,1.0,0.9549359649323077,1.0,1.0,0.9549359649323077,1.0,0.0,0.0,0.0,1.0
owlv2,260932,27825,1,player,1,20,5,1,0.9396120149293139,40,40,1.0,0.9119026971211976,1.0,1.0,0.9119026971211976,1.0,1.0,0.9119026971211976,1.0,0.0,0.0,0.0,80,1.0,0.9549359649323077,1.0,1.0,0.9549359649323077,1.0,1.0,0.9549359649323077,1.0,0.0,0.0,0.0,1.0
owlv2,120155,39663,1,backgroun boy wjhite shirt,1,12,5,0,0.32619521924150624,5,5,1.0,0.47817624989501856,1.0,1.0,0.47817624989501856,1.0,1.0,0.47817624989501856,1.0,0.0,0.0,0.0,80,1.0,0.9549359649323077,1.0,1.0,0.9549359649323077,1.0,1.0,0.9549359649323077,1.0,0.0,0.0,0.0,1.0
owlv2,120155,39663,1,backgroun boy wjhite shirt,1,12,5,0,0.32619521924150624,10,10,1.0,0.6915028921812392,1.0,1.0,0.6915028921812392,1.0,1.0,0.6915028921812392,1.0,0.0,0.0,0.0,80,1.0,0.9549359649323077,1.0,1.0,0.9549359649323077,1.0,1.0,0.9549359649323077,1.0,0.0,0.0,0.0,1.0
owlv2,120155,39663,1,backgroun boy wjhite shirt,1,12,5,0,0.32619521924150624,20,20,1.0,0.8315665290169146,1.0,1.0,0.8315665290169146,1.0,1.0,0.8315665290169146,1.0,0.0,0.0,0.0,80,1.0,0.9549359649323077,1.0,1.0,0.9549359649323077,1.0,1.0,0.9549359649323077,1.0,0.0,0.0,0.0,1.0
owlv2,120155,39663,1,backgroun boy wjhite shirt,1,12,5,0,0.32619521924150624,40,40,1.0,0.9119026971211976,1.0,0.975,0.8684141415172343,0.9993672550679505,0.975,0.8684141415172343,0.9993672550679505,0.0,0.025000000000000022,0.0,80,1.0,0.9549359649323077,1.0,1.0,0.9549359649323077,1.0,1.0,0.9549359649323077,1.0,0.0,0.0,0.0,0.975
owlv2,385505,17085,1,purple hoodie,1,12,5,1,0.5944917003378999,5,5,0.8,0.2835820638819106,0.9949492366205319,1.0,0.3976353643835254,1.0,0.8,0.2835820638819106,0.9949492366205319,0.19999999999999996,0.0,0.0,80,0.7875,0.6817141914403442,0.8710635049024182,1.0,0.9431276476679837,1.0,0.7875,0.6817141914403442,0.8710635049024182,0.21250000000000002,0.0,0.0,0.8
owlv2,385505,17085,1,purple hoodie,1,12,5,1,0.5944917003378999,10,10,0.9,0.5549838829718046,0.9974714214555382,1.0,0.6637328831200572,1.0,0.9,0.5549838829718046,0.9974714214555382,0.09999999999999998,0.0,0.0,80,0.7875,0.6817141914403442,0.8710635049024182,1.0,0.9431276476679837,1.0,0.7875,0.6817141914403442,0.8710635049024182,0.21250000000000002,0.0,0.0,0.9
owlv2,385505,17085,1,purple hoodie,1,12,5,1,0.5944917003378999,20,20,0.9,0.6830172859809176,0.9876514728297052,1.0,0.8146980318621478,1.0,0.9,0.6830172859809176,0.9876514728297052,0.09999999999999998,0.0,0.0,80,0.7875,0.6817141914403442,0.8710635049024182,1.0,0.9431276476679837,1.0,0.7875,0.6817141914403442,0.8710635049024182,0.21250000000000002,0.0,0.0,0.9
owlv2,385505,17085,1,purple hoodie,1,12,5,1,0.5944917003378999,40,40,0.85,0.7016473331604236,0.9428977418454741,1.0,0.8971820757409874,1.0,0.85,0.7016473331604236,0.9428977418454741,0.15000000000000002,0.0,0.0,80,0.7875,0.6817141914403442,0.8710635049024182,1.0,0.9431276476679837,1.0,0.7875,0.6817141914403442,0.8710635049024182,0.21250000000000002,0.0,0.0,0.85
owlv2,52086,45521,1,girl eating,1,16,5,1,0.9461058611987548,5,5,0.8,0.2835820638819106,0.9949492366205319,1.0,0.3976353643835254,1.0,0.8,0.2835820638819106,0.9949492366205319,0.19999999999999996,0.0,0.0,80,0.9625,0.8942980149834914,0.9921988127342833,1.0,0.9532219318395959,1.0,0.9625,0.8942980149834914,0.9921988127342833,0.03749999999999998,0.0,0.0,0.8
owlv2,52086,45521,1,girl eating,1,16,5,1,0.9461058611987548,10,10,0.9,0.5549838829718046,0.9974714214555382,1.0,0.6637328831200572,1.0,0.9,0.5549838829718046,0.9974714214555382,0.09999999999999998,0.0,0.0,80,0.9625,0.8942980149834914,0.9921988127342833,1.0,0.9532219318395959,1.0,0.9625,0.8942980149834914,0.9921988127342833,0.03749999999999998,0.0,0.0,0.9
owlv2,52086,45521,1,girl eating,1,16,5,1,0.9461058611987548,20,20,0.95,0.7512672372279723,0.9987349105020502,1.0,0.8235330881930346,1.0,0.95,0.7512672372279723,0.9987349105020502,0.050000000000000044,0.0,0.0,80,0.9625,0.8942980149834914,0.9921988127342833,1.0,0.9532219318395959,1.0,0.9625,0.8942980149834914,0.9921988127342833,0.03749999999999998,0.0,0.0,0.95
owlv2,52086,45521,1,girl eating,1,16,5,1,0.9461058611987548,40,40,0.95,0.8308031360405824,0.9938863534006491,1.0,0.9074872385841217,1.0,0.95,0.8308031360405824,0.9938863534006491,0.050000000000000044,0.0,0.0,80,0.9625,0.8942980149834914,0.9921988127342833,1.0,0.9532219318395959,1.0,0.9625,0.8942980149834914,0.9921988127342833,0.03749999999999998,0.0,0.0,0.95
owlv2,300624,24484,1,blue shirt,1,7,5,0,0.2155895512262295,5,5,0.2,0.005050763379468061,0.7164179361180893,1.0,0.025000000000000022,1.0,0.2,0.005050763379468061,0.7164179361180893,0.8,0.0,0.0,80,0.4,0.29200935625531044,0.5156230595045106,1.0,0.8911188393206472,1.0,0.4,0.29200935625531044,0.5156230595045106,0.6,0.0,0.0,0.2
owlv2,300624,24484,1,blue shirt,1,7,5,0,0.2155895512262295,10,10,0.3,0.0667395111777345,0.6524528500599973,1.0,0.29240177382128674,1.0,0.3,0.0667395111777345,0.6524528500599973,0.7,0.0,0.0,80,0.4,0.29200935625531044,0.5156230595045106,1.0,0.8911188393206472,1.0,0.4,0.29200935625531044,0.5156230595045106,0.6,0.0,0.0,0.3
owlv2,300624,24484,1,blue shirt,1,7,5,0,0.2155895512262295,20,20,0.3,0.1189315904057277,0.5427891822762891,1.0,0.5407418735600996,1.0,0.3,0.1189315904057277,0.5427891822762891,0.7,0.0,0.0,80,0.4,0.29200935625531044,0.5156230595045106,1.0,0.8911188393206472,1.0,0.4,0.29200935625531044,0.5156230595045106,0.6,0.0,0.0,0.3
owlv2,300624,24484,1,blue shirt,1,7,5,0,0.2155895512262295,40,40,0.3,0.16562720439323564,0.4653162852541233,1.0,0.7353515306029488,1.0,0.3,0.16562720439323564,0.4653162852541233,0.7,0.0,0.0,80,0.4,0.29200935625531044,0.5156230595045106,1.0,0.8911188393206472,1.0,0.4,0.29200935625531044,0.5156230595045106,0.6,0.0,0.0,0.3
owlv2,327970,21949,1,ref,1,9,5,1,0.8935600876252131,5,5,1.0,0.47817624989501856,1.0,1.0,0.47817624989501856,1.0,1.0,0.47817624989501856,1.0,0.0,0.0,0.0,80,0.975,0.9125928440694078,0.9969579138351904,0.9871794871794872,0.930627259214395,0.9996754653909028,0.9625,0.8942980149834914,0.9921988127342833,0.025000000000000022,0.012499999999999956,0.0,1.0
owlv2,327970,21949,1,ref,1,9,5,1,0.8935600876252131,10,10,1.0,0.6915028921812392,1.0,0.9,0.5549838829718046,0.9974714214555382,0.9,0.5549838829718046,0.9974714214555382,0.0,0.09999999999999998,0.0,80,0.975,0.9125928440694078,0.9969579138351904,0.9871794871794872,0.930627259214395,0.9996754653909028,0.9625,0.8942980149834914,0.9921988127342833,0.025000000000000022,0.012499999999999956,0.0,0.9
owlv2,327970,21949,1,ref,1,9,5,1,0.8935600876252131,20,20,1.0,0.8315665290169146,1.0,0.95,0.7512672372279723,0.9987349105020502,0.95,0.7512672372279723,0.9987349105020502,0.0,0.050000000000000044,0.0,80,0.975,0.9125928440694078,0.9969579138351904,0.9871794871794872,0.930627259214395,0.9996754653909028,0.9625,0.8942980149834914,0.9921988127342833,0.025000000000000022,0.012499999999999956,0.0,0.95
owlv2,327970,21949,1,ref,1,9,5,1,0.8935600876252131,40,40,0.95,0.8308031360405824,0.9938863534006491,0.9736842105263158,0.8619009702075799,0.9993339637957976,0.925,0.796135251267101,0.9842578201489585,0.050000000000000044,0.02499999999999997,5.898059818321144e-17,80,0.975,0.9125928440694078,0.9969579138351904,0.9871794871794872,0.930627259214395,0.9996754653909028,0.9625,0.8942980149834914,0.9921988127342833,0.025000000000000022,0.012499999999999956,0.0,0.925
owlv2,331900,21561,21,baby cow,1,20,5,1,0.915916744544319,5,5,1.0,0.47817624989501856,1.0,1.0,0.47817624989501856,1.0,1.0,0.47817624989501856,1.0,0.0,0.0,0.0,80,1.0,0.9549359649323077,1.0,1.0,0.9549359649323077,1.0,1.0,0.9549359649323077,1.0,0.0,0.0,0.0,1.0
owlv2,331900,21561,21,baby cow,1,20,5,1,0.915916744544319,10,10,1.0,0.6915028921812392,1.0,1.0,0.6915028921812392,1.0,1.0,0.6915028921812392,1.0,0.0,0.0,0.0,80,1.0,0.9549359649323077,1.0,1.0,0.9549359649323077,1.0,1.0,0.9549359649323077,1.0,0.0,0.0,0.0,1.0
owlv2,331900,21561,21,baby cow,1,20,5,1,0.915916744544319,20,20,1.0,0.8315665290169146,1.0,1.0,0.8315665290169146,1.0,1.0,0.8315665290169146,1.0,0.0,0.0,0.0,80,1.0,0.9549359649323077,1.0,1.0,0.9549359649323077,1.0,1.0,0.9549359649323077,1.0,0.0,0.0,0.0,1.0
owlv2,331900,21561,21,baby cow,1,20,5,1,0.915916744544319,40,40,1.0,0.9119026971211976,1.0,1.0,0.9119026971211976,1.0,1.0,0.9119026971211976,1.0,0.0,0.0,0.0,80,1.0,0.9549359649323077,1.0,1.0,0.9549359649323077,1.0,1.0,0.9549359649323077,1.0,0.0,0.0,0.0,1.0
owlv2,329058,21846,1,right lady,1,3,3,0,0.0,5,5,0.2,0.005050763379468061,0.7164179361180893,1.0,0.025000000000000022,1.0,0.2,0.005050763379468061,0.7164179361180893,0.8,0.0,0.0,80,0.4625,0.35027642653839836,0.5775824719951649,1.0,0.9051094125850101,1.0,0.4625,0.35027642653839836,0.5775824719951649,0.5375,0.0,0.0,0.2
owlv2,329058,21846,1,right lady,1,3,3,0,0.0,10,10,0.3,0.0667395111777345,0.6524528500599973,1.0,0.29240177382128674,1.0,0.3,0.0667395111777345,0.6524528500599973,0.7,0.0,0.0,80,0.4625,0.35027642653839836,0.5775824719951649,1.0,0.9051094125850101,1.0,0.4625,0.35027642653839836,0.5775824719951649,0.5375,0.0,0.0,0.3
owlv2,329058,21846,1,right lady,1,3,3,0,0.0,20,20,0.4,0.1911900607253072,0.6394574126925103,1.0,0.6305833524471808,1.0,0.4,0.1911900607253072,0.6394574126925103,0.6,0.0,0.0,80,0.4625,0.35027642653839836,0.5775824719951649,1.0,0.9051094125850101,1.0,0.4625,0.35027642653839836,0.5775824719951649,0.5375,0.0,0.0,0.4
owlv2,329058,21846,1,right lady,1,3,3,0,0.0,40,40,0.35,0.20628249087076694,0.5168444536489906,1.0,0.7683642383498835,1.0,0.35,0.20628249087076694,0.5168444536489906,0.65,0.0,0.0,80,0.4625,0.35027642653839836,0.5775824719951649,1.0,0.9051094125850101,1.0,0.4625,0.35027642653839836,0.5775824719951649,0.5375,0.0,0.0,0.35
owlv2,494032,7672,1,tennis player in front,1,20,5,1,0.9719773488962996,5,5,0.6,0.14663279963467318,0.9472550494736831,1.0,0.29240177382128674,1.0,0.6,0.14663279963467318,0.9472550494736831,0.4,0.0,0.0,80,0.7875,0.6817141914403442,0.8710635049024182,1.0,0.9431276476679837,1.0,0.7875,0.6817141914403442,0.8710635049024182,0.21250000000000002,0.0,0.0,0.6
owlv2,494032,7672,1,tennis player in front,1,20,5,1,0.9719773488962996,10,10,0.6,0.2623780766069451,0.8784477418801728,1.0,0.5407418735600996,1.0,0.6,0.2623780766069451,0.8784477418801728,0.4,0.0,0.0,80,0.7875,0.6817141914403442,0.8710635049024182,1.0,0.9431276476679837,1.0,0.7875,0.6817141914403442,0.8710635049024182,0.21250000000000002,0.0,0.0,0.6
owlv2,494032,7672,1,tennis player in front,1,20,5,1,0.9719773488962996,20,20,0.7,0.4572108177237109,0.8810684095942722,1.0,0.7683642383498835,1.0,0.7,0.4572108177237109,0.8810684095942722,0.30000000000000004,0.0,0.0,80,0.7875,0.6817141914403442,0.8710635049024182,1.0,0.9431276476679837,1.0,0.7875,0.6817141914403442,0.8710635049024182,0.21250000000000002,0.0,0.0,0.7
owlv2,494032,7672,1,tennis player in front,1,20,5,1,0.9719773488962996,40,40,0.75,0.5880380198485702,0.873085201067155,1.0,0.8842966917779722,1.0,0.75,0.5880380198485702,0.873085201067155,0.25,0.0,0.0,80,0.7875,0.6817141914403442,0.8710635049024182,1.0,0.9431276476679837,1.0,0.7875,0.6817141914403442,0.8710635049024182,0.21250000000000002,0.0,0.0,0.75
owlv2,382069,17361,1,weekender skateboard douce,1,20,5,0,0.05776883214144606,5,5,1.0,0.47817624989501856,1.0,1.0,0.47817624989501856,1.0,1.0,0.47817624989501856,1.0,0.0,0.0,0.0,80,0.9125,0.8279916615801152,0.9640936410104413,1.0,0.9507229391041407,1.0,0.9125,0.8279916615801152,0.9640936410104413,0.08750000000000002,0.0,0.0,1.0
owlv2,382069,17361,1,weekender skateboard douce,1,20,5,0,0.05776883214144606,10,10,0.9,0.5549838829718046,0.9974714214555382,1.0,0.6637328831200572,1.0,0.9,0.5549838829718046,0.9974714214555382,0.09999999999999998,0.0,0.0,80,0.9125,0.8279916615801152,0.9640936410104413,1.0,0.9507229391041407,1.0,0.9125,0.8279916615801152,0.9640936410104413,0.08750000000000002,0.0,0.0,0.9
owlv2,382069,17361,1,weekender skateboard douce,1,20,5,0,0.05776883214144606,20,20,0.8,0.5633859970033317,0.9426660029499673,1.0,0.7940927857921773,1.0,0.8,0.5633859970033317,0.9426660029499673,0.19999999999999996,0.0,0.0,80,0.9125,0.8279916615801152,0.9640936410104413,1.0,0.9507229391041407,1.0,0.9125,0.8279916615801152,0.9640936410104413,0.08750000000000002,0.0,0.0,0.8
owlv2,382069,17361,1,weekender skateboard douce,1,20,5,0,0.05776883214144606,40,40,0.85,0.7016473331604236,0.9428977418454741,1.0,0.8971820757409874,1.0,0.85,0.7016473331604236,0.9428977418454741,0.15000000000000002,0.0,0.0,80,0.9125,0.8279916615801152,0.9640936410104413,1.0,0.9507229391041407,1.0,0.9125,0.8279916615801152,0.9640936410104413,0.08750000000000002,0.0,0.0,0.85
owlv2,67615,44086,1,hitter,1,9,5,1,0.9576977292407145,5,5,0.6,0.14663279963467318,0.9472550494736831,1.0,0.29240177382128674,1.0,0.6,0.14663279963467318,0.9472550494736831,0.4,0.0,0.0,80,0.65,0.5352031145206642,0.7533280635274648,1.0,0.9315177912966804,1.0,0.65,0.5352031145206642,0.7533280635274648,0.35,0.0,0.0,0.6
owlv2,67615,44086,1,hitter,1,9,5,1,0.9576977292407145,10,10,0.4,0.1215522581198272,0.7376219233930549,1.0,0.3976353643835254,1.0,0.4,0.1215522581198272,0.7376219233930549,0.6,0.0,0.0,80,0.65,0.5352031145206642,0.7533280635274648,1.0,0.9315177912966804,1.0,0.65,0.5352031145206642,0.7533280635274648,0.35,0.0,0.0,0.4
owlv2,67615,44086,1,hitter,1,9,5,1,0.9576977292407145,20,20,0.6,0.3605425873074897,0.8088099392746928,1.0,0.7353515306029488,1.0,0.6,0.3605425873074897,0.8088099392746928,0.4,0.0,0.0,80,0.65,0.5352031145206642,0.7533280635274648,1.0,0.9315177912966804,1.0,0.65,0.5352031145206642,0.7533280635274648,0.35,0.0,0.0,0.6
owlv2,67615,44086,1,hitter,1,9,5,1,0.9576977292407145,40,40,0.525,0.36128013526406216,0.6848802933650138,1.0,0.8389023847809204,1.0,0.525,0.36128013526406216,0.6848802933650138,0.475,0.0,0.0,80,0.65,0.5352031145206642,0.7533280635274648,1.0,0.9315177912966804,1.0,0.65,0.5352031145206642,0.7533280635274648,0.35,0.0,0.0,0.525
owlv2,240331,29594,1,kid,1,12,5,1,0.8611383410900628,5,5,1.0,0.47817624989501856,1.0,1.0,0.47817624989501856,1.0,1.0,0.47817624989501856,1.0,0.0,0.0,0.0,80,0.9875,0.9323122155360776,0.9996835774723672,0.9873417721518988,0.9314800905132279,0.9996795727656957,0.975,0.9125928440694078,0.9969579138351904,0.012499999999999956,0.012499999999999957,1.0928757898653885e-16,1.0
owlv2,240331,29594,1,kid,1,12,5,1,0.8611383410900628,10,10,0.9,0.5549838829718046,0.9974714214555382,1.0,0.6637328831200572,1.0,0.9,0.5549838829718046,0.9974714214555382,0.09999999999999998,0.0,0.0,80,0.9875,0.9323122155360776,0.9996835774723672,0.9873417721518988,0.9314800905132279,0.9996795727656957,0.975,0.9125928440694078,0.9969579138351904,0.012499999999999956,0.012499999999999957,1.0928757898653885e-16,0.9
owlv2,240331,29594,1,kid,1,12,5,1,0.8611383410900628,20,20,0.95,0.7512672372279723,0.9987349105020502,1.0,0.8235330881930346,1.0,0.95,0.7512672372279723,0.9987349105020502,0.050000000000000044,0.0,0.0,80,0.9875,0.9323122155360776,0.9996835774723672,0.9873417721518988,0.9314800905132279,0.9996795727656957,0.975,0.9125928440694078,0.9969579138351904,0.012499999999999956,0.012499999999999957,1.0928757898653885e-16,0.95
owlv2,240331,29594,1,kid,1,12,5,1,0.8611383410900628,40,40,0.975,0.8684141415172343,0.9993672550679505,0.9743589743589743,0.8652360784405021,0.999351036104518,0.95,0.8308031360405824,0.9938863534006491,0.025000000000000022,0.02500000000000002,3.469446951953614e-18,80,0.9875,0.9323122155360776,0.9996835774723672,0.9873417721518988,0.9314800905132279,0.9996795727656957,0.975,0.9125928440694078,0.9969579138351904,0.012499999999999956,0.012499999999999957,1.0928757898653885e-16,0.95
owlv2,437547,12592,7,train on right,1,20,5,0,0.0,5,5,1.0,0.47817624989501856,1.0,1.0,0.47817624989501856,1.0,1.0,0.47817624989501856,1.0,0.0,0.0,0.0,80,0.925,0.8438720682639279,0.9719794538231588,0.9054054054054054,0.8147623835265264,0.9611159730010648,0.8375,0.7381631061748872,0.9105383582774708,0.07499999999999996,0.08750000000000004,1.3877787807814457e-17,1.0
owlv2,437547,12592,7,train on right,1,20,5,0,0.0,10,10,0.9,0.5549838829718046,0.9974714214555382,1.0,0.6637328831200572,1.0,0.9,0.5549838829718046,0.9974714214555382,0.09999999999999998,0.0,0.0,80,0.925,0.8438720682639279,0.9719794538231588,0.9054054054054054,0.8147623835265264,0.9611159730010648,0.8375,0.7381631061748872,0.9105383582774708,0.07499999999999996,0.08750000000000004,1.3877787807814457e-17,0.9
owlv2,437547,12592,7,train on right,1,20,5,0,0.0,20,20,0.95,0.7512672372279723,0.9987349105020502,0.9473684210526315,0.7397193458047859,0.9986683711958205,0.9,0.6830172859809176,0.9876514728297052,0.050000000000000044,0.050000000000000044,1.1102230246251565e-16,80,0.925,0.8438720682639279,0.9719794538231588,0.9054054054054054,0.8147623835265264,0.9611159730010648,0.8375,0.7381631061748872,0.9105383582774708,0.07499999999999996,0.08750000000000004,1.3877787807814457e-17,0.9
owlv2,437547,12592,7,train on right,1,20,5,0,0.0,40,40,0.925,0.796135251267101,0.9842578201489585,0.8918918918918919,0.7458240639225211,0.9697480349312504,0.825,0.6722098666384142,0.9266172706479148,0.07499999999999996,0.1,8.326672684688674e-17,80,0.925,0.8438720682639279,0.9719794538231588,0.9054054054054054,0.8147623835265264,0.9611159730010648,0.8375,0.7381631061748872,0.9105383582774708,0.07499999999999996,0.08750000000000004,1.3877787807814457e-17,0.825
owlv2,560525,1969,84,open book left of man,1,20,5,0,0.1157022714954486,5,5,1.0,0.47817624989501856,1.0,1.0,0.47817624989501856,1.0,1.0,0.47817624989501856,1.0,0.0,0.0,0.0,80,0.9875,0.9323122155360776,0.9996835774723672,0.9493670886075949,0.8754052019863836,0.9860338821107838,0.9375,0.8601429247023609,0.9793969276979898,0.012499999999999956,0.05000000000000005,6.938893903907228e-18,1.0
owlv2,560525,1969,84,open book left of man,1,20,5,0,0.1157022714954486,10,10,0.9,0.5549838829718046,0.9974714214555382,1.0,0.6637328831200572,1.0,0.9,0.5549838829718046,0.9974714214555382,0.09999999999999998,0.0,0.0,80,0.9875,0.9323122155360776,0.9996835774723672,0.9493670886075949,0.8754052019863836,0.9860338821107838,0.9375,0.8601429247023609,0.9793969276979898,0.012499999999999956,0.05000000000000005,6.938893903907228e-18,0.9
owlv2,560525,1969,84,open book left of man,1,20,5,0,0.1157022714954486,20,20,0.95,0.7512672372279723,0.9987349105020502,0.8947368421052632,0.6686233355432342,0.9869878356282226,0.85,0.6210731734546859,0.9679290628145363,0.050000000000000044,0.09999999999999999,1.3877787807814457e-17,80,0.9875,0.9323122155360776,0.9996835774723672,0.9493670886075949,0.8754052019863836,0.9860338821107838,0.9375,0.8601429247023609,0.9793969276979898,0.012499999999999956,0.05000000000000005,6.938893903907228e-18,0.85
owlv2,560525,1969,84,open book left of man,1,20,5,0,0.1157022714954486,40,40,0.975,0.8684141415172343,0.9993672550679505,0.8974358974358975,0.7577902730493822,0.9713398948739037,0.875,0.7319670826382796,0.9581403738613833,0.025000000000000022,0.09999999999999996,1.3877787807814457e-17,80,0.9875,0.9323122155360776,0.9996835774723672,0.9493670886075949,0.8754052019863836,0.9860338821107838,0.9375,0.8601429247023609,0.9793969276979898,0.012499999999999956,0.05000000000000005,6.938893903907228e-18,0.875
owlv2,131913,38583,1,shirtless man,1,18,5,1,0.807408711148145,5,5,1.0,0.47817624989501856,1.0,0.8,0.2835820638819106,0.9949492366205319,0.8,0.2835820638819106,0.9949492366205319,0.0,0.19999999999999996,0.0,80,0.9875,0.9323122155360776,0.9996835774723672,0.9367088607594937,0.8584484173827083,0.9791320538534382,0.925,0.8438720682639279,0.9719794538231588,0.012499999999999956,0.06250000000000001,1.3877787807814457e-17,0.8
owlv2,131913,38583,1,shirtless man,1,18,5,1,0.807408711148145,10,10,0.9,0.5549838829718046,0.9974714214555382,0.8888888888888888,0.517503485082663,0.9971908632534008,0.8,0.4439045376923585,0.9747892736731666,0.09999999999999998,0.10000000000000005,6.938893903907228e-17,80,0.9875,0.9323122155360776,0.9996835774723672,0.9367088607594937,0.8584484173827083,0.9791320538534382,0.925,0.8438720682639279,0.9719794538231588,0.012499999999999956,0.06250000000000001,1.3877787807814457e-17,0.8
owlv2,131913,38583,1,shirtless man,1,18,5,1,0.807408711148145,20,20,0.95,0.7512672372279723,0.9987349105020502,0.9473684210526315,0.7397193458047859,0.9986683711958205,0.9,0.6830172859809176,0.9876514728297052,0.050000000000000044,0.050000000000000044,1.1102230246251565e-16,80,0.9875,0.9323122155360776,0.9996835774723672,0.9367088607594937,0.8584484173827083,0.9791320538534382,0.925,0.8438720682639279,0.9719794538231588,0.012499999999999956,0.06250000000000001,1.3877787807814457e-17,0.9
owlv2,131913,38583,1,shirtless man,1,18,5,1,0.807408711148145,40,40,0.975,0.8684141415172343,0.9993672550679505,0.9230769230769231,0.7912980787735568,0.9838466996893416,0.9,0.7633626001239001,0.9720745847057807,0.025000000000000022,0.07499999999999994,1.3877787807814457e-17,80,0.9875,0.9323122155360776,0.9996835774723672,0.9367088607594937,0.8584484173827083,0.9791320538534382,0.925,0.8438720682639279,0.9719794538231588,0.012499999999999956,0.06250000000000001,1.3877787807814457e-17,0.9
owlv2,17451,48517,14,not closest half meter but number 32,1,20,5,0,0.009514773291819231,5,5,1.0,0.47817624989501856,1.0,0.8,0.2835820638819106,0.9949492366205319,0.8,0.2835820638819106,0.9949492366205319,0.0,0.19999999999999996,0.0,80,0.9625,0.8942980149834914,0.9921988127342833,0.948051948051948,0.872301396247797,0.9856664858835389,0.9125,0.8279916615801152,0.9640936410104413,0.03749999999999998,0.05000000000000002,2.7755575615628914e-17,0.8
owlv2,17451,48517,14,not closest half meter but number 32,1,20,5,0,0.009514773291819231,10,10,1.0,0.6915028921812392,1.0,0.9,0.5549838829718046,0.9974714214555382,0.9,0.5549838829718046,0.9974714214555382,0.0,0.09999999999999998,0.0,80,0.9625,0.8942980149834914,0.9921988127342833,0.948051948051948,0.872301396247797,0.9856664858835389,0.9125,0.8279916615801152,0.9640936410104413,0.03749999999999998,0.05000000000000002,2.7755575615628914e-17,0.9
owlv2,17451,48517,14,not closest half meter but number 32,1,20,5,0,0.009514773291819231,20,20,1.0,0.8315665290169146,1.0,0.9,0.6830172859809176,0.9876514728297052,0.9,0.6830172859809176,0.9876514728297052,0.0,0.09999999999999998,0.0,80,0.9625,0.8942980149834914,0.9921988127342833,0.948051948051948,0.872301396247797,0.9856664858835389,0.9125,0.8279916615801152,0.9640936410104413,0.03749999999999998,0.05000000000000002,2.7755575615628914e-17,0.9
owlv2,17451,48517,14,not closest half meter but number 32,1,20,5,0,0.009514773291819231,40,40,1.0,0.9119026971211976,1.0,0.925,0.796135251267101,0.9842578201489585,0.925,0.796135251267101,0.9842578201489585,0.0,0.07499999999999996,0.0,80,0.9625,0.8942980149834914,0.9921988127342833,0.948051948051948,0.872301396247797,0.9856664858835389,0.9125,0.8279916615801152,0.9640936410104413,0.03749999999999998,0.05000000000000002,2.7755575615628914e-17,0.925
owlv2,192319,33640,1,the person to the left of the man in white shorts,1,20,5,0,0.0,5,5,1.0,0.47817624989501856,1.0,1.0,0.47817624989501856,1.0,1.0,0.47817624989501856,1.0,0.0,0.0,0.0,80,0.9625,0.8942980149834914,0.9921988127342833,1.0,0.9532219318395959,1.0,0.9625,0.8942980149834914,0.9921988127342833,0.03749999999999998,0.0,0.0,1.0
owlv2,192319,33640,1,the person to the left of the man in white shorts,1,20,5,0,0.0,10,10,1.0,0.6915028921812392,1.0,1.0,0.6915028921812392,1.0,1.0,0.6915028921812392,1.0,0.0,0.0,0.0,80,0.9625,0.8942980149834914,0.9921988127342833,1.0,0.9532219318395959,1.0,0.9625,0.8942980149834914,0.9921988127342833,0.03749999999999998,0.0,0.0,1.0
owlv2,192319,33640,1,the person to the left of the man in white shorts,1,20,5,0,0.0,20,20,1.0,0.8315665290169146,1.0,1.0,0.8315665290169146,1.0,1.0,0.8315665290169146,1.0,0.0,0.0,0.0,80,0.9625,0.8942980149834914,0.9921988127342833,1.0,0.9532219318395959,1.0,0.9625,0.8942980149834914,0.9921988127342833,0.03749999999999998,0.0,0.0,1.0
owlv2,192319,33640,1,the person to the left of the man in white shorts,1,20,5,0,0.0,40,40,1.0,0.9119026971211976,1.0,1.0,0.9119026971211976,1.0,1.0,0.9119026971211976,1.0,0.0,0.0,0.0,80,0.9625,0.8942980149834914,0.9921988127342833,1.0,0.9532219318395959,1.0,0.9625,0.8942980149834914,0.9921988127342833,0.03749999999999998,0.0,0.0,1.0
owlv2,409825,14952,1,blond woman,1,4,4,1,0.9587591172207088,5,5,1.0,0.47817624989501856,1.0,1.0,0.47817624989501856,1.0,1.0,0.47817624989501856,1.0,0.0,0.0,0.0,80,0.8875,0.7971534080830098,0.9472484868543125,1.0,0.9493705920455963,1.0,0.8875,0.7971534080830098,0.9472484868543125,0.11250000000000004,0.0,0.0,1.0
owlv2,409825,14952,1,blond woman,1,4,4,1,0.9587591172207088,10,10,0.9,0.5549838829718046,0.9974714214555382,1.0,0.6637328831200572,1.0,0.9,0.5549838829718046,0.9974714214555382,0.09999999999999998,0.0,0.0,80,0.8875,0.7971534080830098,0.9472484868543125,1.0,0.9493705920455963,1.0,0.8875,0.7971534080830098,0.9472484868543125,0.11250000000000004,0.0,0.0,0.9
owlv2,409825,14952,1,blond woman,1,4,4,1,0.9587591172207088,20,20,0.85,0.6210731734546859,0.9679290628145363,1.0,0.8049356770309068,1.0,0.85,0.6210731734546859,0.9679290628145363,0.15000000000000002,0.0,0.0,80,0.8875,0.7971534080830098,0.9472484868543125,1.0,0.9493705920455963,1.0,0.8875,0.7971534080830098,0.9472484868543125,0.11250000000000004,0.0,0.0,0.85
owlv2,409825,14952,1,blond woman,1,4,4,1,0.9587591172207088,40,40,0.925,0.796135251267101,0.9842578201489585,1.0,0.9051094125850101,1.0,0.925,0.796135251267101,0.9842578201489585,0.07499999999999996,0.0,0.0,80,0.8875,0.7971534080830098,0.9472484868543125,1.0,0.9493705920455963,1.0,0.8875,0.7971534080830098,0.9472484868543125,0.11250000000000004,0.0,0.0,0.925
owlv2,279762,26254,1,man on bottom screen,1,20,5,0,0.0,5,5,1.0,0.47817624989501856,1.0,0.6,0.14663279963467318,0.9472550494736831,0.6,0.14663279963467318,0.9472550494736831,0.0,0.4,0.0,80,1.0,0.9549359649323077,1.0,0.5625,0.4469975713881803,0.673236046566221,0.5625,0.4469975713881803,0.673236046566221,0.0,0.4375,0.0,0.6
owlv2,279762,26254,1,man on bottom screen,1,20,5,0,0.0,10,10,1.0,0.6915028921812392,1.0,0.6,0.2623780766069451,0.8784477418801728,0.6,0.2623780766069451,0.8784477418801728,0.0,0.4,0.0,80,1.0,0.9549359649323077,1.0,0.5625,0.4469975713881803,0.673236046566221,0.5625,0.4469975713881803,0.673236046566221,0.0,0.4375,0.0,0.6
owlv2,279762,26254,1,man on bottom screen,1,20,5,0,0.0,20,20,1.0,0.8315665290169146,1.0,0.65,0.4078114654671719,0.8460907952154588,0.65,0.4078114654671719,0.8460907952154588,0.0,0.35,0.0,80,1.0,0.9549359649323077,1.0,0.5625,0.4469975713881803,0.673236046566221,0.5625,0.4469975713881803,0.673236046566221,0.0,0.4375,0.0,0.65
owlv2,279762,26254,1,man on bottom screen,1,20,5,0,0.0,40,40,1.0,0.9119026971211976,1.0,0.525,0.36128013526406216,0.6848802933650138,0.525,0.36128013526406216,0.6848802933650138,0.0,0.475,0.0,80,1.0,0.9549359649323077,1.0,0.5625,0.4469975713881803,0.673236046566221,0.5625,0.4469975713881803,0.673236046566221,0.0,0.4375,0.0,0.525
owlv2,521064,5282,52,banana bottom right corner,1,20,5,1,0.9350315006985634,5,5,0.6,0.14663279963467318,0.9472550494736831,1.0,0.29240177382128674,1.0,0.6,0.14663279963467318,0.9472550494736831,0.4,0.0,0.0,80,0.5,0.38604788336490925,0.6139521166350907,0.975,0.8684141415172343,0.9993672550679505,0.4875,0.37405748144443896,0.6018953312968145,0.5,0.012500000000000011,5.551115123125783e-17,0.6
owlv2,521064,5282,52,banana bottom right corner,1,20,5,1,0.9350315006985634,10,10,0.5,0.18708602844739855,0.8129139715526015,1.0,0.47817624989501856,1.0,0.5,0.18708602844739855,0.8129139715526015,0.5,0.0,0.0,80,0.5,0.38604788336490925,0.6139521166350907,0.975,0.8684141415172343,0.9993672550679505,0.4875,0.37405748144443896,0.6018953312968145,0.5,0.012500000000000011,5.551115123125783e-17,0.5
owlv2,521064,5282,52,banana bottom right corner,1,20,5,1,0.9350315006985634,20,20,0.55,0.3152781330405486,0.7694221032240758,1.0,0.7150858470818456,1.0,0.55,0.3152781330405486,0.7694221032240758,0.44999999999999996,0.0,0.0,80,0.5,0.38604788336490925,0.6139521166350907,0.975,0.8684141415172343,0.9993672550679505,0.4875,0.37405748144443896,0.6018953312968145,0.5,0.012500000000000011,5.551115123125783e-17,0.55
owlv2,521064,5282,52,banana bottom right corner,1,20,5,1,0.9350315006985634,40,40,0.65,0.48315554635100944,0.793717509129233,1.0,0.8677253955022459,1.0,0.65,0.48315554635100944,0.793717509129233,0.35,0.0,0.0,80,0.5,0.38604788336490925,0.6139521166350907,0.975,0.8684141415172343,0.9993672550679505,0.4875,0.37405748144443896,0.6018953312968145,0.5,0.012500000000000011,5.551115123125783e-17,0.65
owlv2,322517,22516,1,center polka,1,2,2,1,0.5323370736922423,5,5,0.6,0.14663279963467318,0.9472550494736831,1.0,0.29240177382128674,1.0,0.6,0.14663279963467318,0.9472550494736831,0.4,0.0,0.0,80,0.45,0.3384863844898155,0.565326020905847,1.0,0.902606244085508,1.0,0.45,0.3384863844898155,0.565326020905847,0.55,0.0,0.0,0.6
owlv2,322517,22516,1,center polka,1,2,2,1,0.5323370736922423,10,10,0.5,0.18708602844739855,0.8129139715526015,1.0,0.47817624989501856,1.0,0.5,0.18708602844739855,0.8129139715526015,0.5,0.0,0.0,80,0.45,0.3384863844898155,0.565326020905847,1.0,0.902606244085508,1.0,0.45,0.3384863844898155,0.565326020905847,0.55,0.0,0.0,0.5
owlv2,322517,22516,1,center polka,1,2,2,1,0.5323370736922423,20,20,0.45,0.2305778967759242,0.6847218669594515,1.0,0.6637328831200572,1.0,0.45,0.2305778967759242,0.6847218669594515,0.55,0.0,0.0,80,0.45,0.3384863844898155,0.565326020905847,1.0,0.902606244085508,1.0,0.45,0.3384863844898155,0.565326020905847,0.55,0.0,0.0,0.45
owlv2,322517,22516,1,center polka,1,2,2,1,0.5323370736922423,40,40,0.475,0.31511970663498623,0.6387198647359378,1.0,0.8235330881930346,1.0,0.475,0.31511970663498623,0.6387198647359378,0.525,0.0,0.0,80,0.45,0.3384863844898155,0.565326020905847,1.0,0.902606244085508,1.0,0.45,0.3384863844898155,0.565326020905847,0.55,0.0,0.0,0.475
owlv2,203069,32802,53,pice of fruit at very front second from left,1,20,5,0,0.09275091540681644,5,5,1.0,0.47817624989501856,1.0,1.0,0.47817624989501856,1.0,1.0,0.47817624989501856,1.0,0.0,0.0,0.0,80,1.0,0.9549359649323077,1.0,1.0,0.9549359649323077,1.0,1.0,0.9549359649323077,1.0,0.0,0.0,0.0,1.0
owlv2,203069,32802,53,pice of fruit at very front second from left,1,20,5,0,0.09275091540681644,10,10,1.0,0.6915028921812392,1.0,1.0,0.6915028921812392,1.0,1.0,0.6915028921812392,1.0,0.0,0.0,0.0,80,1.0,0.9549359649323077,1.0,1.0,0.9549359649323077,1.0,1.0,0.9549359649323077,1.0,0.0,0.0,0.0,1.0
owlv2,203069,32802,53,pice of fruit at very front second from left,1,20,5,0,0.09275091540681644,20,20,1.0,0.8315665290169146,1.0,1.0,0.8315665290169146,1.0,1.0,0.8315665290169146,1.0,0.0,0.0,0.0,80,1.0,0.9549359649323077,1.0,1.0,0.9549359649323077,1.0,1.0,0.9549359649323077,1.0,0.0,0.0,0.0,1.0
owlv2,203069,32802,53,pice of fruit at very front second from left,1,20,5,0,0.09275091540681644,40,40,1.0,0.9119026971211976,1.0,1.0,0.9119026971211976,1.0,1.0,0.9119026971211976,1.0,0.0,0.0,0.0,80,1.0,0.9549359649323077,1.0,1.0,0.9549359649323077,1.0,1.0,0.9549359649323077,1.0,0.0,0.0,0.0,1.0
owlv2,563679,1643,24,middle,0,1,0,0,0.039085766319931006,5,0,0.0,,,,,,0.0,,,,,,0,0.0,,,,,,0.0,,,,,,0.0
owlv2,563679,1643,24,middle,0,1,0,0,0.039085766319931006,10,0,0.0,,,,,,0.0,,,,,,0,0.0,,,,,,0.0,,,,,,0.0
owlv2,563679,1643,24,middle,0,1,0,0,0.039085766319931006,20,0,0.0,,,,,,0.0,,,,,,0,0.0,,,,,,0.0,,,,,,0.0
owlv2,563679,1643,24,middle,0,1,0,0,0.039085766319931006,40,0,0.0,,,,,,0.0,,,,,,0,0.0,,,,,,0.0,,,,,,0.0
owlv2,316238,23095,1,black woman on the far right not sitting,1,20,5,0,0.0,5,5,1.0,0.47817624989501856,1.0,0.6,0.14663279963467318,0.9472550494736831,0.6,0.14663279963467318,0.9472550494736831,0.0,0.4,0.0,80,0.975,0.9125928440694078,0.9969579138351904,0.5128205128205128,0.3969208555383851,0.6277175152784971,0.5,0.38604788336490925,0.6139521166350907,0.025000000000000022,0.47500000000000003,5.551115123125783e-17,0.6
owlv2,316238,23095,1,black woman on the far right not sitting,1,20,5,0,0.0,10,10,1.0,0.6915028921812392,1.0,0.4,0.1215522581198272,0.7376219233930549,0.4,0.1215522581198272,0.7376219233930549,0.0,0.6,0.0,80,0.975,0.9125928440694078,0.9969579138351904,0.5128205128205128,0.3969208555383851,0.6277175152784971,0.5,0.38604788336490925,0.6139521166350907,0.025000000000000022,0.47500000000000003,5.551115123125783e-17,0.4
owlv2,316238,23095,1,black woman on the far right not sitting,1,20,5,0,0.0,20,20,1.0,0.8315665290169146,1.0,0.45,0.2305778967759242,0.6847218669594515,0.45,0.2305778967759242,0.6847218669594515,0.0,0.55,0.0,80,0.975,0.9125928440694078,0.9969579138351904,0.5128205128205128,0.3969208555383851,0.6277175152784971,0.5,0.38604788336490925,0.6139521166350907,0.025000000000000022,0.47500000000000003,5.551115123125783e-17,0.45
owlv2,316238,23095,1,black woman on the far right not sitting,1,20,5,0,0.0,40,40,0.975,0.8684141415172343,0.9993672550679505,0.5128205128205128,0.34780220935734085,0.6758192190343923,0.5,0.33801781373723455,0.6619821862627655,0.025000000000000022,0.47500000000000003,5.551115123125783e-17,80,0.975,0.9125928440694078,0.9969579138351904,0.5128205128205128,0.3969208555383851,0.6277175152784971,0.5,0.38604788336490925,0.6139521166350907,0.025000000000000022,0.47500000000000003,5.551115123125783e-17,0.5
owlv2,190513,33789,4,bike on left,1,7,5,0,0.13195834763876838,5,5,1.0,0.47817624989501856,1.0,1.0,0.47817624989501856,1.0,1.0,0.47817624989501856,1.0,0.0,0.0,0.0,80,0.975,0.9125928440694078,0.9969579138351904,0.9743589743589743,0.9104266728536723,0.996879527517066,0.95,0.876901263556847,0.9862106060235382,0.025000000000000022,0.02500000000000002,3.469446951953614e-18,1.0
owlv2,190513,33789,4,bike on left,1,7,5,0,0.13195834763876838,10,10,1.0,0.6915028921812392,1.0,1.0,0.6915028921812392,1.0,1.0,0.6915028921812392,1.0,0.0,0.0,0.0,80,0.975,0.9125928440694078,0.9969579138351904,0.9743589743589743,0.9104266728536723,0.996879527517066,0.95,0.876901263556847,0.9862106060235382,0.025000000000000022,0.02500000000000002,3.469446951953614e-18,1.0
owlv2,190513,33789,4,bike on left,1,7,5,0,0.13195834763876838,20,20,0.95,0.7512672372279723,0.9987349105020502,1.0,0.8235330881930346,1.0,0.95,0.7512672372279723,0.9987349105020502,0.050000000000000044,0.0,0.0,80,0.975,0.9125928440694078,0.9969579138351904,0.9743589743589743,0.9104266728536723,0.996879527517066,0.95,0.876901263556847,0.9862106060235382,0.025000000000000022,0.02500000000000002,3.469446951953614e-18,0.95
owlv2,190513,33789,4,bike on left,1,7,5,0,0.13195834763876838,40,40,0.975,0.8684141415172343,0.9993672550679505,1.0,0.9097488990396657,1.0,0.975,0.8684141415172343,0.9993672550679505,0.025000000000000022,0.0,0.0,80,0.975,0.9125928440694078,0.9969579138351904,0.9743589743589743,0.9104266728536723,0.996879527517066,0.95,0.876901263556847,0.9862106060235382,0.025000000000000022,0.02500000000000002,3.469446951953614e-18,0.975
owlv2,264502,27509,1,person in hat,1,4,3,0,0.07337854288540818,5,5,0.8,0.2835820638819106,0.9949492366205319,1.0,0.3976353643835254,1.0,0.8,0.2835820638819106,0.9949492366205319,0.19999999999999996,0.0,0.0,80,0.7875,0.6817141914403442,0.8710635049024182,0.8888888888888888,0.7843757512974721,0.9541433762831292,0.7,0.587240676918624,0.7974260708533272,0.21250000000000002,0.08750000000000004,1.3877787807814457e-17,0.8
owlv2,264502,27509,1,person in hat,1,4,3,0,0.07337854288540818,10,10,0.8,0.4439045376923585,0.9747892736731666,0.875,0.4734903291247935,0.9968402764687481,0.7,0.34754714994000274,0.9332604888222655,0.19999999999999996,0.1,8.326672684688674e-17,80,0.7875,0.6817141914403442,0.8710635049024182,0.8888888888888888,0.7843757512974721,0.9541433762831292,0.7,0.587240676918624,0.7974260708533272,0.21250000000000002,0.08750000000000004,1.3877787807814457e-17,0.7
owlv2,264502,27509,1,person in hat,1,4,3,0,0.07337854288540818,20,20,0.8,0.5633859970033317,0.9426660029499673,0.9375,0.6976792615654681,0.9984188882772341,0.75,0.5089541282920425,0.9134285308985653,0.19999999999999996,0.05,4.163336342344337e-17,80,0.7875,0.6817141914403442,0.8710635049024182,0.8888888888888888,0.7843757512974721,0.9541433762831292,0.7,0.587240676918624,0.7974260708533272,0.21250000000000002,0.08750000000000004,1.3877787807814457e-17,0.75
owlv2,264502,27509,1,person in hat,1,4,3,0,0.07337854288540818,40,40,0.8,0.6435219813207653,0.9094775906000093,0.9375,0.7919305701049926,0.9923392636535436,0.75,0.5880380198485702,0.873085201067155,0.19999999999999996,0.05,4.163336342344337e-17,80,0.7875,0.6817141914403442,0.8710635049024182,0.8888888888888888,0.7843757512974721,0.9541433762831292,0.7,0.587240676918624,0.7974260708533272,0.21250000000000002,0.08750000000000004,1.3877787807814457e-17,0.75
owlv2,579667,199,17,under,1,9,5,0,0.0,5,5,0.8,0.2835820638819106,0.9949492366205319,1.0,0.3976353643835254,1.0,0.8,0.2835820638819106,0.9949492366205319,0.19999999999999996,0.0,0.0,80,0.875,0.7821108659305637,0.9383979034415657,1.0,0.9486662028489763,1.0,0.875,0.7821108659305637,0.9383979034415657,0.125,0.0,0.0,0.8
owlv2,579667,199,17,under,1,9,5,0,0.0,10,10,0.9,0.5549838829718046,0.9974714214555382,1.0,0.6637328831200572,1.0,0.9,0.5549838829718046,0.9974714214555382,0.09999999999999998,0.0,0.0,80,0.875,0.7821108659305637,0.9383979034415657,1.0,0.9486662028489763,1.0,0.875,0.7821108659305637,0.9383979034415657,0.125,0.0,0.0,0.9
owlv2,579667,199,17,under,1,9,5,0,0.0,20,20,0.9,0.6830172859809176,0.9876514728297052,1.0,0.8146980318621478,1.0,0.9,0.6830172859809176,0.9876514728297052,0.09999999999999998,0.0,0.0,80,0.875,0.7821108659305637,0.9383979034415657,1.0,0.9486662028489763,1.0,0.875,0.7821108659305637,0.9383979034415657,0.125,0.0,0.0,0.9
owlv2,579667,199,17,under,1,9,5,0,0.0,40,40,0.875,0.7319670826382796,0.9581403738613833,1.0,0.8999675644278949,1.0,0.875,0.7319670826382796,0.9581403738613833,0.125,0.0,0.0,80,0.875,0.7821108659305637,0.9383979034415657,1.0,0.9486662028489763,1.0,0.875,0.7821108659305637,0.9383979034415657,0.125,0.0,0.0,0.875
owlv2,295864,24963,73,black laptop left,1,17,5,1,0.9305750677318521,5,5,1.0,0.47817624989501856,1.0,1.0,0.47817624989501856,1.0,1.0,0.47817624989501856,1.0,0.0,0.0,0.0,80,1.0,0.9549359649323077,1.0,0.9875,0.9323122155360776,0.9996835774723672,0.9875,0.9323122155360776,0.9996835774723672,0.0,0.012499999999999956,0.0,1.0
owlv2,295864,24963,73,black laptop left,1,17,5,1,0.9305750677318521,10,10,1.0,0.6915028921812392,1.0,1.0,0.6915028921812392,1.0,1.0,0.6915028921812392,1.0,0.0,0.0,0.0,80,1.0,0.9549359649323077,1.0,0.9875,0.9323122155360776,0.9996835774723672,0.9875,0.9323122155360776,0.9996835774723672,0.0,0.012499999999999956,0.0,1.0
owlv2,295864,24963,73,black laptop left,1,17,5,1,0.9305750677318521,20,20,1.0,0.8315665290169146,1.0,1.0,0.8315665290169146,1.0,1.0,0.8315665290169146,1.0,0.0,0.0,0.0,80,1.0,0.9549359649323077,1.0,0.9875,0.9323122155360776,0.9996835774723672,0.9875,0.9323122155360776,0.9996835774723672,0.0,0.012499999999999956,0.0,1.0
owlv2,295864,24963,73,black laptop left,1,17,5,1,0.9305750677318521,40,40,1.0,0.9119026971211976,1.0,1.0,0.9119026971211976,1.0,1.0,0.9119026971211976,1.0,0.0,0.0,0.0,80,1.0,0.9549359649323077,1.0,0.9875,0.9323122155360776,0.9996835774723672,0.9875,0.9323122155360776,0.9996835774723672,0.0,0.012499999999999956,0.0,1.0
owlv2,217959,31496,21,dark cow,1,20,5,1,0.7295647434784835,5,5,1.0,0.47817624989501856,1.0,1.0,0.47817624989501856,1.0,1.0,0.47817624989501856,1.0,0.0,0.0,0.0,80,0.9875,0.9323122155360776,0.9996835774723672,1.0,0.9543787472413889,1.0,0.9875,0.9323122155360776,0.9996835774723672,0.012499999999999956,0.0,0.0,1.0
owlv2,217959,31496,21,dark cow,1,20,5,1,0.7295647434784835,10,10,1.0,0.6915028921812392,1.0,1.0,0.6915028921812392,1.0,1.0,0.6915028921812392,1.0,0.0,0.0,0.0,80,0.9875,0.9323122155360776,0.9996835774723672,1.0,0.9543787472413889,1.0,0.9875,0.9323122155360776,0.9996835774723672,0.012499999999999956,0.0,0.0,1.0
owlv2,217959,31496,21,dark cow,1,20,5,1,0.7295647434784835,20,20,1.0,0.8315665290169146,1.0,1.0,0.8315665290169146,1.0,1.0,0.8315665290169146,1.0,0.0,0.0,0.0,80,0.9875,0.9323122155360776,0.9996835774723672,1.0,0.9543787472413889,1.0,0.9875,0.9323122155360776,0.9996835774723672,0.012499999999999956,0.0,0.0,1.0
owlv2,217959,31496,21,dark cow,1,20,5,1,0.7295647434784835,40,40,0.975,0.8684141415172343,0.9993672550679505,1.0,0.9097488990396657,1.0,0.975,0.8684141415172343,0.9993672550679505,0.025000000000000022,0.0,0.0,80,0.9875,0.9323122155360776,0.9996835774723672,1.0,0.9543787472413889,1.0,0.9875,0.9323122155360776,0.9996835774723672,0.012499999999999956,0.0,0.0,0.975
owlv2,18211,48451,17,soft kitty warm kitty little ball of fur in kitty bed,1,12,5,1,0.5853963886031088,5,5,1.0,0.47817624989501856,1.0,1.0,0.47817624989501856,1.0,1.0,0.47817624989501856,1.0,0.0,0.0,0.0,80,1.0,0.9549359649323077,1.0,0.9125,0.8279916615801152,0.9640936410104413,0.9125,0.8279916615801152,0.9640936410104413,0.0,0.08750000000000002,0.0,1.0
owlv2,18211,48451,17,soft kitty warm kitty little ball of fur in kitty bed,1,12,5,1,0.5853963886031088,10,10,1.0,0.6915028921812392,1.0,1.0,0.6915028921812392,1.0,1.0,0.6915028921812392,1.0,0.0,0.0,0.0,80,1.0,0.9549359649323077,1.0,0.9125,0.8279916615801152,0.9640936410104413,0.9125,0.8279916615801152,0.9640936410104413,0.0,0.08750000000000002,0.0,1.0
owlv2,18211,48451,17,soft kitty warm kitty little ball of fur in kitty bed,1,12,5,1,0.5853963886031088,20,20,0.95,0.7512672372279723,0.9987349105020502,0.8421052631578947,0.6042154487333258,0.9661737509982353,0.8,0.5633859970033317,0.9426660029499673,0.050000000000000044,0.15000000000000005,1.3877787807814457e-16,80,1.0,0.9549359649323077,1.0,0.9125,0.8279916615801152,0.9640936410104413,0.9125,0.8279916615801152,0.9640936410104413,0.0,0.08750000000000002,0.0,0.8
owlv2,18211,48451,17,soft kitty warm kitty little ball of fur in kitty bed,1,12,5,1,0.5853963886031088,40,40,0.975,0.8684141415172343,0.9993672550679505,0.9230769230769231,0.7912980787735568,0.9838466996893416,0.9,0.7633626001239001,0.9720745847057807,0.025000000000000022,0.07499999999999994,1.3877787807814457e-17,80,1.0,0.9549359649323077,1.0,0.9125,0.8279916615801152,0.9640936410104413,0.9125,0.8279916615801152,0.9640936410104413,0.0,0.08750000000000002,0.0,0.9
owlv2,292315,25213,1,right person,1,20,5,1,0.9510694805349683,5,5,0.8,0.2835820638819106,0.9949492366205319,0.75,0.19412044968324346,0.9936905367902902,0.6,0.14663279963467318,0.9472550494736831,0.19999999999999996,0.2,5.551115123125783e-17,80,0.875,0.7821108659305637,0.9383979034415657,0.6285714285714286,0.5047658626433131,0.7411301955077316,0.55,0.43467397909415295,0.6615136155101845,0.125,0.325,5.551115123125783e-17,0.6
owlv2,292315,25213,1,right person,1,20,5,1,0.9510694805349683,10,10,0.8,0.4439045376923585,0.9747892736731666,0.75,0.34914420558717585,0.9681459737500557,0.6,0.2623780766069451,0.8784477418801728,0.19999999999999996,0.2,5.551115123125783e-17,80,0.875,0.7821108659305637,0.9383979034415657,0.6285714285714286,0.5047658626433131,0.7411301955077316,0.55,0.43467397909415295,0.6615136155101845,0.125,0.325,5.551115123125783e-17,0.6
owlv2,292315,25213,1,right person,1,20,5,1,0.9510694805349683,20,20,0.8,0.5633859970033317,0.9426660029499673,0.75,0.4762291801038728,0.9273379617471178,0.6,0.3605425873074897,0.8088099392746928,0.19999999999999996,0.2,5.551115123125783e-17,80,0.875,0.7821108659305637,0.9383979034415657,0.6285714285714286,0.5047658626433131,0.7411301955077316,0.55,0.43467397909415295,0.6615136155101845,0.125,0.325,5.551115123125783e-17,0.6
owlv2,292315,25213,1,right person,1,20,5,1,0.9510694805349683,40,40,0.825,0.6722098666384142,0.9266172706479148,0.6363636363636364,0.4512453552173484,0.79599692554488,0.525,0.36128013526406216,0.6848802933650138,0.17500000000000004,0.3,5.551115123125783e-17,80,0.875,0.7821108659305637,0.9383979034415657,0.6285714285714286,0.5047658626433131,0.7411301955077316,0.55,0.43467397909415295,0.6615136155101845,0.125,0.325,5.551115123125783e-17,0.525
owlv2,140850,37830,33,right suitcase,1,14,5,1,0.9161775726307279,5,5,1.0,0.47817624989501856,1.0,0.8,0.2835820638819106,0.9949492366205319,0.8,0.2835820638819106,0.9949492366205319,0.0,0.19999999999999996,0.0,80,1.0,0.9549359649323077,1.0,0.6375,0.5223872787351915,0.7421051046283819,0.6375,0.5223872787351915,0.7421051046283819,0.0,0.36250000000000004,0.0,0.8
owlv2,140850,37830,33,right suitcase,1,14,5,1,0.9161775726307279,10,10,1.0,0.6915028921812392,1.0,0.7,0.34754714994000274,0.9332604888222655,0.7,0.34754714994000274,0.9332604888222655,0.0,0.30000000000000004,0.0,80,1.0,0.9549359649323077,1.0,0.6375,0.5223872787351915,0.7421051046283819,0.6375,0.5223872787351915,0.7421051046283819,0.0,0.36250000000000004,0.0,0.7
owlv2,140850,37830,33,right suitcase,1,14,5,1,0.9161775726307279,20,20,1.0,0.8315665290169146,1.0,0.65,0.4078114654671719,0.8460907952154588,0.65,0.4078114654671719,0.8460907952154588,0.0,0.35,0.0,80,1.0,0.9549359649323077,1.0,0.6375,0.5223872787351915,0.7421051046283819,0.6375,0.5223872787351915,0.7421051046283819,0.0,0.36250000000000004,0.0,0.65
owlv2,140850,37830,33,right suitcase,1,14,5,1,0.9161775726307279,40,40,1.0,0.9119026971211976,1.0,0.675,0.5087051245215516,0.8142710332366501,0.675,0.5087051245215516,0.8142710332366501,0.0,0.32499999999999996,0.0,80,1.0,0.9549359649323077,1.0,0.6375,0.5223872787351915,0.7421051046283819,0.6375,0.5223872787351915,0.7421051046283819,0.0,0.36250000000000004,0.0,0.675
owlv2,257804,28107,1,face on right,1,18,5,0,0.28297698858095255,5,5,1.0,0.47817624989501856,1.0,1.0,0.47817624989501856,1.0,1.0,0.47817624989501856,1.0,0.0,0.0,0.0,80,0.9625,0.8942980149834914,0.9921988127342833,0.974025974025974,0.9093028448946593,0.9968387996999841,0.9375,0.8601429247023609,0.9793969276979898,0.03749999999999998,0.02500000000000001,1.3877787807814457e-17,1.0
owlv2,257804,28107,1,face on right,1,18,5,0,0.28297698858095255,10,10,1.0,0.6915028921812392,1.0,1.0,0.6915028921812392,1.0,1.0,0.6915028921812392,1.0,0.0,0.0,0.0,80,0.9625,0.8942980149834914,0.9921988127342833,0.974025974025974,0.9093028448946593,0.9968387996999841,0.9375,0.8601429247023609,0.9793969276979898,0.03749999999999998,0.02500000000000001,1.3877787807814457e-17,1.0
owlv2,257804,28107,1,face on right,1,18,5,0,0.28297698858095255,20,20,1.0,0.8315665290169146,1.0,1.0,0.8315665290169146,1.0,1.0,0.8315665290169146,1.0,0.0,0.0,0.0,80,0.9625,0.8942980149834914,0.9921988127342833,0.974025974025974,0.9093028448946593,0.9968387996999841,0.9375,0.8601429247023609,0.9793969276979898,0.03749999999999998,0.02500000000000001,1.3877787807814457e-17,1.0
owlv2,257804,28107,1,face on right,1,18,5,0,0.28297698858095255,40,40,0.975,0.8684141415172343,0.9993672550679505,1.0,0.9097488990396657,1.0,0.975,0.8684141415172343,0.9993672550679505,0.025000000000000022,0.0,0.0,80,0.9625,0.8942980149834914,0.9921988127342833,0.974025974025974,0.9093028448946593,0.9968387996999841,0.9375,0.8601429247023609,0.9793969276979898,0.03749999999999998,0.02500000000000001,1.3877787807814457e-17,0.975
owlv2,404828,15373,1,man left side standing closest to us,1,20,5,0,0.028326670417472995,5,5,1.0,0.47817624989501856,1.0,0.4,0.05274495052631693,0.8533672003653268,0.4,0.05274495052631693,0.8533672003653268,0.0,0.6,0.0,80,1.0,0.9549359649323077,1.0,0.3375,0.23552613798365088,0.4519056143741682,0.3375,0.23552613798365088,0.4519056143741682,0.0,0.6625,0.0,0.4
owlv2,404828,15373,1,man left side standing closest to us,1,20,5,0,0.028326670417472995,10,10,1.0,0.6915028921812392,1.0,0.3,0.0667395111777345,0.6524528500599973,0.3,0.0667395111777345,0.6524528500599973,0.0,0.7,0.0,80,1.0,0.9549359649323077,1.0,0.3375,0.23552613798365088,0.4519056143741682,0.3375,0.23552613798365088,0.4519056143741682,0.0,0.6625,0.0,0.3
owlv2,404828,15373,1,man left side standing closest to us,1,20,5,0,0.028326670417472995,20,20,0.95,0.7512672372279723,0.9987349105020502,0.2631578947368421,0.09146578490766652,0.5120293453458726,0.25,0.08657146910143462,0.49104587170795755,0.050000000000000044,0.7000000000000001,1.1102230246251565e-16,80,1.0,0.9549359649323077,1.0,0.3375,0.23552613798365088,0.4519056143741682,0.3375,0.23552613798365088,0.4519056143741682,0.0,0.6625,0.0,0.25
owlv2,404828,15373,1,man left side standing closest to us,1,20,5,0,0.028326670417472995,40,40,0.975,0.8684141415172343,0.9993672550679505,0.2564102564102564,0.13037679923558726,0.42127388437856983,0.25,0.126914798932845,0.4119619801514298,0.025000000000000022,0.725,0.0,80,1.0,0.9549359649323077,1.0,0.3375,0.23552613798365088,0.4519056143741682,0.3375,0.23552613798365088,0.4519056143741682,0.0,0.6625,0.0,0.25
owlv2,343201,20493,60,right donut,1,3,3,1,0.9467783148279465,5,5,1.0,0.47817624989501856,1.0,0.2,0.005050763379468061,0.7164179361180893,0.2,0.005050763379468061,0.7164179361180893,0.0,0.8,0.0,80,1.0,0.9549359649323077,1.0,0.6875,0.5741109261435505,0.7865253688912328,0.6875,0.5741109261435505,0.7865253688912328,0.0,0.3125,0.0,0.2
owlv2,343201,20493,60,right donut,1,3,3,1,0.9467783148279465,10,10,1.0,0.6915028921812392,1.0,0.3,0.0667395111777345,0.6524528500599973,0.3,0.0667395111777345,0.6524528500599973,0.0,0.7,0.0,80,1.0,0.9549359649323077,1.0,0.6875,0.5741109261435505,0.7865253688912328,0.6875,0.5741109261435505,0.7865253688912328,0.0,0.3125,0.0,0.3
owlv2,343201,20493,60,right donut,1,3,3,1,0.9467783148279465,20,20,1.0,0.8315665290169146,1.0,0.5,0.27195784956079183,0.7280421504392082,0.5,0.27195784956079183,0.7280421504392082,0.0,0.5,0.0,80,1.0,0.9549359649323077,1.0,0.6875,0.5741109261435505,0.7865253688912328,0.6875,0.5741109261435505,0.7865253688912328,0.0,0.3125,0.0,0.5
owlv2,343201,20493,60,right donut,1,3,3,1,0.9467783148279465,40,40,1.0,0.9119026971211976,1.0,0.55,0.38490679453401333,0.7074116499601201,0.55,0.38490679453401333,0.7074116499601201,0.0,0.44999999999999996,0.0,80,1.0,0.9549359649323077,1.0,0.6875,0.5741109261435505,0.7865253688912328,0.6875,0.5741109261435505,0.7865253688912328,0.0,0.3125,0.0,0.55
owlv2,314065,23275,1,left guy,1,6,5,1,0.9538626158388874,5,5,0.6,0.14663279963467318,0.9472550494736831,0.6666666666666666,0.09429932405024612,0.9915962413403874,0.4,0.05274495052631693,0.8533672003653268,0.4,0.2,5.551115123125783e-17,80,0.7125,0.6004548866879794,0.8082395280280349,0.9649122807017544,0.8789293368037988,0.9957221050594682,0.6875,0.5741109261435505,0.7865253688912328,0.2875,0.024999999999999998,2.42861286636753e-17,0.4
owlv2,314065,23275,1,left guy,1,6,5,1,0.9538626158388874,10,10,0.5,0.18708602844739855,0.8129139715526015,0.8,0.2835820638819106,0.9949492366205319,0.4,0.1215522581198272,0.7376219233930549,0.5,0.09999999999999998,0.0,80,0.7125,0.6004548866879794,0.8082395280280349,0.9649122807017544,0.8789293368037988,0.9957221050594682,0.6875,0.5741109261435505,0.7865253688912328,0.2875,0.024999999999999998,2.42861286636753e-17,0.4
owlv2,314065,23275,1,left guy,1,6,5,1,0.9538626158388874,20,20,0.6,0.3605425873074897,0.8088099392746928,0.9166666666666666,0.6152038348490559,0.9978924067681397,0.55,0.3152781330405486,0.7694221032240758,0.4,0.050000000000000024,9.020562075079397e-17,80,0.7125,0.6004548866879794,0.8082395280280349,0.9649122807017544,0.8789293368037988,0.9957221050594682,0.6875,0.5741109261435505,0.7865253688912328,0.2875,0.024999999999999998,2.42861286636753e-17,0.55
owlv2,314065,23275,1,left guy,1,6,5,1,0.9538626158388874,40,40,0.55,0.38490679453401333,0.7074116499601201,0.9545454545454546,0.7715556023323666,0.9988498524734264,0.525,0.36128013526406216,0.6848802933650138,0.44999999999999996,0.02499999999999998,4.163336342344337e-17,80,0.7125,0.6004548866879794,0.8082395280280349,0.9649122807017544,0.8789293368037988,0.9957221050594682,0.6875,0.5741109261435505,0.7865253688912328,0.2875,0.024999999999999998,2.42861286636753e-17,0.525
owlv2,215569,31702,1,left bottom chick,0,0,0,0,0.0,5,0,0.0,,,,,,0.0,,,,,,0,0.0,,,,,,0.0,,,,,,0.0
owlv2,215569,31702,1,left bottom chick,0,0,0,0,0.0,10,0,0.0,,,,,,0.0,,,,,,0,0.0,,,,,,0.0,,,,,,0.0
owlv2,215569,31702,1,left bottom chick,0,0,0,0,0.0,20,0,0.0,,,,,,0.0,,,,,,0,0.0,,,,,,0.0,,,,,,0.0
owlv2,215569,31702,1,left bottom chick,0,0,0,0,0.0,40,0,0.0,,,,,,0.0,,,,,,0,0.0,,,,,,0.0,,,,,,0.0
owlv2,150704,37024,22,left e,0,0,0,0,0.0,5,0,0.0,,,,,,0.0,,,,,,0,0.0,,,,,,0.0,,,,,,0.0
owlv2,150704,37024,22,left e,0,0,0,0,0.0,10,0,0.0,,,,,,0.0,,,,,,0,0.0,,,,,,0.0,,,,,,0.0
owlv2,150704,37024,22,left e,0,0,0,0,0.0,20,0,0.0,,,,,,0.0,,,,,,0,0.0,,,,,,0.0,,,,,,0.0
owlv2,150704,37024,22,left e,0,0,0,0,0.0,40,0,0.0,,,,,,0.0,,,,,,0,0.0,,,,,,0.0,,,,,,0.0
owlv2,150197,37054,2,bottom right wheel,1,20,5,0,0.0,5,5,1.0,0.47817624989501856,1.0,0.6,0.14663279963467318,0.9472550494736831,0.6,0.14663279963467318,0.9472550494736831,0.0,0.4,0.0,80,1.0,0.9549359649323077,1.0,0.8625,0.7672791291752744,0.9293121672961213,0.8625,0.7672791291752744,0.9293121672961213,0.0,0.13749999999999996,0.0,0.6
owlv2,150197,37054,2,bottom right wheel,1,20,5,0,0.0,10,10,1.0,0.6915028921812392,1.0,0.7,0.34754714994000274,0.9332604888222655,0.7,0.34754714994000274,0.9332604888222655,0.0,0.30000000000000004,0.0,80,1.0,0.9549359649323077,1.0,0.8625,0.7672791291752744,0.9293121672961213,0.8625,0.7672791291752744,0.9293121672961213,0.0,0.13749999999999996,0.0,0.7
owlv2,150197,37054,2,bottom right wheel,1,20,5,0,0.0,20,20,1.0,0.8315665290169146,1.0,0.85,0.6210731734546859,0.9679290628145363,0.85,0.6210731734546859,0.9679290628145363,0.0,0.15000000000000002,0.0,80,1.0,0.9549359649323077,1.0,0.8625,0.7672791291752744,0.9293121672961213,0.8625,0.7672791291752744,0.9293121672961213,0.0,0.13749999999999996,0.0,0.85
owlv2,150197,37054,2,bottom right wheel,1,20,5,0,0.0,40,40,1.0,0.9119026971211976,1.0,0.85,0.7016473331604236,0.9428977418454741,0.85,0.7016473331604236,0.9428977418454741,0.0,0.15000000000000002,0.0,80,1.0,0.9549359649323077,1.0,0.8625,0.7672791291752744,0.9293121672961213,0.8625,0.7672791291752744,0.9293121672961213,0.0,0.13749999999999996,0.0,0.85
owlv2,25628,47818,1,person left,1,20,5,1,0.9533179399088906,5,5,1.0,0.47817624989501856,1.0,1.0,0.47817624989501856,1.0,1.0,0.47817624989501856,1.0,0.0,0.0,0.0,80,0.9875,0.9323122155360776,0.9996835774723672,0.9873417721518988,0.9314800905132279,0.9996795727656957,0.975,0.9125928440694078,0.9969579138351904,0.012499999999999956,0.012499999999999957,1.0928757898653885e-16,1.0
owlv2,25628,47818,1,person left,1,20,5,1,0.9533179399088906,10,10,1.0,0.6915028921812392,1.0,1.0,0.6915028921812392,1.0,1.0,0.6915028921812392,1.0,0.0,0.0,0.0,80,0.9875,0.9323122155360776,0.9996835774723672,0.9873417721518988,0.9314800905132279,0.9996795727656957,0.975,0.9125928440694078,0.9969579138351904,0.012499999999999956,0.012499999999999957,1.0928757898653885e-16,1.0
owlv2,25628,47818,1,person left,1,20,5,1,0.9533179399088906,20,20,1.0,0.8315665290169146,1.0,0.9,0.6830172859809176,0.9876514728297052,0.9,0.6830172859809176,0.9876514728297052,0.0,0.09999999999999998,0.0,80,0.9875,0.9323122155360776,0.9996835774723672,0.9873417721518988,0.9314800905132279,0.9996795727656957,0.975,0.9125928440694078,0.9969579138351904,0.012499999999999956,0.012499999999999957,1.0928757898653885e-16,0.9
owlv2,25628,47818,1,person left,1,20,5,1,0.9533179399088906,40,40,1.0,0.9119026971211976,1.0,0.925,0.796135251267101,0.9842578201489585,0.925,0.796135251267101,0.9842578201489585,0.0,0.07499999999999996,0.0,80,0.9875,0.9323122155360776,0.9996835774723672,0.9873417721518988,0.9314800905132279,0.9996795727656957,0.975,0.9125928440694078,0.9969579138351904,0.012499999999999956,0.012499999999999957,1.0928757898653885e-16,0.925
owlv2,287249,25611,1,second sitting person from left,1,20,5,0,0.0,5,5,1.0,0.47817624989501856,1.0,1.0,0.47817624989501856,1.0,1.0,0.47817624989501856,1.0,0.0,0.0,0.0,80,0.9625,0.8942980149834914,0.9921988127342833,0.961038961038961,0.8903346333254779,0.9918920827333061,0.925,0.8438720682639279,0.9719794538231588,0.03749999999999998,0.03750000000000001,3.469446951953614e-17,1.0
owlv2,287249,25611,1,second sitting person from left,1,20,5,0,0.0,10,10,1.0,0.6915028921812392,1.0,1.0,0.6915028921812392,1.0,1.0,0.6915028921812392,1.0,0.0,0.0,0.0,80,0.9625,0.8942980149834914,0.9921988127342833,0.961038961038961,0.8903346333254779,0.9918920827333061,0.925,0.8438720682639279,0.9719794538231588,0.03749999999999998,0.03750000000000001,3.469446951953614e-17,1.0
owlv2,287249,25611,1,second sitting person from left,1,20,5,0,0.0,20,20,0.95,0.7512672372279723,0.9987349105020502,1.0,0.8235330881930346,1.0,0.95,0.7512672372279723,0.9987349105020502,0.050000000000000044,0.0,0.0,80,0.9625,0.8942980149834914,0.9921988127342833,0.961038961038961,0.8903346333254779,0.9918920827333061,0.925,0.8438720682639279,0.9719794538231588,0.03749999999999998,0.03750000000000001,3.469446951953614e-17,0.95
owlv2,287249,25611,1,second sitting person from left,1,20,5,0,0.0,40,40,0.975,0.8684141415172343,0.9993672550679505,1.0,0.9097488990396657,1.0,0.975,0.8684141415172343,0.9993672550679505,0.025000000000000022,0.0,0.0,80,0.9625,0.8942980149834914,0.9921988127342833,0.961038961038961,0.8903346333254779,0.9918920827333061,0.925,0.8438720682639279,0.9719794538231588,0.03749999999999998,0.03750000000000001,3.469446951953614e-17,0.975
owlv2,309519,23766,3,top car,1,20,5,1,0.9120264131495002,5,5,1.0,0.47817624989501856,1.0,0.2,0.005050763379468061,0.7164179361180893,0.2,0.005050763379468061,0.7164179361180893,0.0,0.8,0.0,80,0.9625,0.8942980149834914,0.9921988127342833,0.4935064935064935,0.3775768715593875,0.6099506321807169,0.475,0.36213358167715265,0.5897721586232294,0.03749999999999998,0.48750000000000004,0.0,0.2
owlv2,309519,23766,3,top car,1,20,5,1,0.9120264131495002,10,10,1.0,0.6915028921812392,1.0,0.3,0.0667395111777345,0.6524528500599973,0.3,0.0667395111777345,0.6524528500599973,0.0,0.7,0.0,80,0.9625,0.8942980149834914,0.9921988127342833,0.4935064935064935,0.3775768715593875,0.6099506321807169,0.475,0.36213358167715265,0.5897721586232294,0.03749999999999998,0.48750000000000004,0.0,0.3
owlv2,309519,23766,3,top car,1,20,5,1,0.9120264131495002,20,20,1.0,0.8315665290169146,1.0,0.45,0.2305778967759242,0.6847218669594515,0.45,0.2305778967759242,0.6847218669594515,0.0,0.55,0.0,80,0.9625,0.8942980149834914,0.9921988127342833,0.4935064935064935,0.3775768715593875,0.6099506321807169,0.475,0.36213358167715265,0.5897721586232294,0.03749999999999998,0.48750000000000004,0.0,0.45
owlv2,309519,23766,3,top car,1,20,5,1,0.9120264131495002,40,40,1.0,0.9119026971211976,1.0,0.4,0.24864998658774376,0.5667329478067034,0.4,0.24864998658774376,0.5667329478067034,0.0,0.6,0.0,80,0.9625,0.8942980149834914,0.9921988127342833,0.4935064935064935,0.3775768715593875,0.6099506321807169,0.475,0.36213358167715265,0.5897721586232294,0.03749999999999998,0.48750000000000004,0.0,0.4
owlv2,521366,5248,1,the guy,1,7,5,1,0.8900306270601683,5,5,1.0,0.47817624989501856,1.0,1.0,0.47817624989501856,1.0,1.0,0.47817624989501856,1.0,0.0,0.0,0.0,80,0.5625,0.4469975713881803,0.673236046566221,1.0,0.921294899593157,1.0,0.5625,0.4469975713881803,0.673236046566221,0.4375,0.0,0.0,1.0
owlv2,521366,5248,1,the guy,1,7,5,1,0.8900306270601683,10,10,0.7,0.34754714994000274,0.9332604888222655,1.0,0.5903836027749967,1.0,0.7,0.34754714994000274,0.9332604888222655,0.30000000000000004,0.0,0.0,80,0.5625,0.4469975713881803,0.673236046566221,1.0,0.921294899593157,1.0,0.5625,0.4469975713881803,0.673236046566221,0.4375,0.0,0.0,0.7
owlv2,521366,5248,1,the guy,1,7,5,1,0.8900306270601683,20,20,0.7,0.4572108177237109,0.8810684095942722,1.0,0.7683642383498835,1.0,0.7,0.4572108177237109,0.8810684095942722,0.30000000000000004,0.0,0.0,80,0.5625,0.4469975713881803,0.673236046566221,1.0,0.921294899593157,1.0,0.5625,0.4469975713881803,0.673236046566221,0.4375,0.0,0.0,0.7
owlv2,521366,5248,1,the guy,1,7,5,1,0.8900306270601683,40,40,0.675,0.5087051245215516,0.8142710332366501,1.0,0.8722971323845676,1.0,0.675,0.5087051245215516,0.8142710332366501,0.32499999999999996,0.0,0.0,80,0.5625,0.4469975713881803,0.673236046566221,1.0,0.921294899593157,1.0,0.5625,0.4469975713881803,0.673236046566221,0.4375,0.0,0.0,0.675
owlv2,545214,3254,1,arms up,1,16,5,0,0.03635838954868556,5,5,0.8,0.2835820638819106,0.9949492366205319,1.0,0.3976353643835254,1.0,0.8,0.2835820638819106,0.9949492366205319,0.19999999999999996,0.0,0.0,80,0.625,0.5096452355928875,0.7308068300531951,0.96,0.8628623743960326,0.9951185665738356,0.6,0.48437694049548946,0.7079906437446896,0.375,0.025000000000000022,0.0,0.8
owlv2,545214,3254,1,arms up,1,16,5,0,0.03635838954868556,10,10,0.8,0.4439045376923585,0.9747892736731666,1.0,0.6305833524471808,1.0,0.8,0.4439045376923585,0.9747892736731666,0.19999999999999996,0.0,0.0,80,0.625,0.5096452355928875,0.7308068300531951,0.96,0.8628623743960326,0.9951185665738356,0.6,0.48437694049548946,0.7079906437446896,0.375,0.025000000000000022,0.0,0.8
owlv2,545214,3254,1,arms up,1,16,5,0,0.03635838954868556,20,20,0.8,0.5633859970033317,0.9426660029499673,0.9375,0.6976792615654681,0.9984188882772341,0.75,0.5089541282920425,0.9134285308985653,0.19999999999999996,0.05,4.163336342344337e-17,80,0.625,0.5096452355928875,0.7308068300531951,0.96,0.8628623743960326,0.9951185665738356,0.6,0.48437694049548946,0.7079906437446896,0.375,0.025000000000000022,0.0,0.75
owlv2,545214,3254,1,arms up,1,16,5,0,0.03635838954868556,40,40,0.725,0.5611170928209519,0.8539910080361344,0.9655172413793104,0.822355704511277,0.9991273531164201,0.7,0.5346837147458767,0.8343727956067644,0.275,0.02499999999999997,5.204170427930421e-17,80,0.625,0.5096452355928875,0.7308068300531951,0.96,0.8628623743960326,0.9951185665738356,0.6,0.48437694049548946,0.7079906437446896,0.375,0.025000000000000022,0.0,0.7
owlv2,167169,35720,1,softball pitcher,1,5,5,1,0.9402231606838057,5,5,0.8,0.2835820638819106,0.9949492366205319,1.0,0.3976353643835254,1.0,0.8,0.2835820638819106,0.9949492366205319,0.19999999999999996,0.0,0.0,80,0.6875,0.5741109261435505,0.7865253688912328,0.8181818181818182,0.6909514947806568,0.9092094933364603,0.5625,0.4469975713881803,0.673236046566221,0.3125,0.12499999999999997,2.7755575615628914e-17,0.8
owlv2,167169,35720,1,softball pitcher,1,5,5,1,0.9402231606838057,10,10,0.8,0.4439045376923585,0.9747892736731666,0.875,0.4734903291247935,0.9968402764687481,0.7,0.34754714994000274,0.9332604888222655,0.19999999999999996,0.1,8.326672684688674e-17,80,0.6875,0.5741109261435505,0.7865253688912328,0.8181818181818182,0.6909514947806568,0.9092094933364603,0.5625,0.4469975713881803,0.673236046566221,0.3125,0.12499999999999997,2.7755575615628914e-17,0.7
owlv2,167169,35720,1,softball pitcher,1,5,5,1,0.9402231606838057,20,20,0.8,0.5633859970033317,0.9426660029499673,0.9375,0.6976792615654681,0.9984188882772341,0.75,0.5089541282920425,0.9134285308985653,0.19999999999999996,0.05,4.163336342344337e-17,80,0.6875,0.5741109261435505,0.7865253688912328,0.8181818181818182,0.6909514947806568,0.9092094933364603,0.5625,0.4469975713881803,0.673236046566221,0.3125,0.12499999999999997,2.7755575615628914e-17,0.75
owlv2,167169,35720,1,softball pitcher,1,5,5,1,0.9402231606838057,40,40,0.75,0.5880380198485702,0.873085201067155,0.8666666666666667,0.6927816497238732,0.9624465036616366,0.65,0.48315554635100944,0.793717509129233,0.25,0.09999999999999998,0.0,80,0.6875,0.5741109261435505,0.7865253688912328,0.8181818181818182,0.6909514947806568,0.9092094933364603,0.5625,0.4469975713881803,0.673236046566221,0.3125,0.12499999999999997,2.7755575615628914e-17,0.65
owlv2,573125,769,1,guy white shirt with shorts and strap,1,20,5,0,0.004262596278326456,5,5,1.0,0.47817624989501856,1.0,1.0,0.47817624989501856,1.0,1.0,0.47817624989501856,1.0,0.0,0.0,0.0,80,0.95,0.876901263556847,0.9862106060235382,1.0,0.9526212461330692,1.0,0.95,0.876901263556847,0.9862106060235382,0.050000000000000044,0.0,0.0,1.0
owlv2,573125,769,1,guy white shirt with shorts and strap,1,20,5,0,0.004262596278326456,10,10,1.0,0.6915028921812392,1.0,1.0,0.6915028921812392,1.0,1.0,0.6915028921812392,1.0,0.0,0.0,0.0,80,0.95,0.876901263556847,0.9862106060235382,1.0,0.9526212461330692,1.0,0.95,0.876901263556847,0.9862106060235382,0.050000000000000044,0.0,0.0,1.0
owlv2,573125,769,1,guy white shirt with shorts and strap,1,20,5,0,0.004262596278326456,20,20,1.0,0.8315665290169146,1.0,1.0,0.8315665290169146,1.0,1.0,0.8315665290169146,1.0,0.0,0.0,0.0,80,0.95,0.876901263556847,0.9862106060235382,1.0,0.9526212461330692,1.0,0.95,0.876901263556847,0.9862106060235382,0.050000000000000044,0.0,0.0,1.0
owlv2,573125,769,1,guy white shirt with shorts and strap,1,20,5,0,0.004262596278326456,40,40,1.0,0.9119026971211976,1.0,1.0,0.9119026971211976,1.0,1.0,0.9119026971211976,1.0,0.0,0.0,0.0,80,0.95,0.876901263556847,0.9862106060235382,1.0,0.9526212461330692,1.0,0.95,0.876901263556847,0.9862106060235382,0.050000000000000044,0.0,0.0,1.0
owlv2,6747,49473,1,left person,1,19,5,1,0.9064146338958555,5,5,1.0,0.47817624989501856,1.0,0.2,0.005050763379468061,0.7164179361180893,0.2,0.005050763379468061,0.7164179361180893,0.0,0.8,0.0,80,0.9625,0.8942980149834914,0.9921988127342833,0.4155844155844156,0.3042877321851657,0.5335761170497317,0.4,0.29200935625531044,0.5156230595045106,0.03749999999999998,0.5625,0.0,0.2
owlv2,6747,49473,1,left person,1,19,5,1,0.9064146338958555,10,10,1.0,0.6915028921812392,1.0,0.1,0.0025285785444617865,0.4450161170281954,0.1,0.0025285785444617865,0.4450161170281954,0.0,0.9,0.0,80,0.9625,0.8942980149834914,0.9921988127342833,0.4155844155844156,0.3042877321851657,0.5335761170497317,0.4,0.29200935625531044,0.5156230595045106,0.03749999999999998,0.5625,0.0,0.1
owlv2,6747,49473,1,left person,1,19,5,1,0.9064146338958555,20,20,0.95,0.7512672372279723,0.9987349105020502,0.10526315789473684,0.01301216437177747,0.33137666445676583,0.1,0.012348527170294813,0.31698271401908235,0.050000000000000044,0.85,0.0,80,0.9625,0.8942980149834914,0.9921988127342833,0.4155844155844156,0.3042877321851657,0.5335761170497317,0.4,0.29200935625531044,0.5156230595045106,0.03749999999999998,0.5625,0.0,0.1
owlv2,6747,49473,1,left person,1,19,5,1,0.9064146338958555,40,40,0.95,0.8308031360405824,0.9938863534006491,0.23684210526315788,0.11444170482253072,0.4024123605714909,0.225,0.10839663898407204,0.3845116773034227,0.050000000000000044,0.725,0.0,80,0.9625,0.8942980149834914,0.9921988127342833,0.4155844155844156,0.3042877321851657,0.5335761170497317,0.4,0.29200935625531044,0.5156230595045106,0.03749999999999998,0.5625,0.0,0.225
owlv2,344319,20394,19,horse on right,1,20,5,1,0.9306289081313851,5,5,1.0,0.47817624989501856,1.0,1.0,0.47817624989501856,1.0,1.0,0.47817624989501856,1.0,0.0,0.0,0.0,80,1.0,0.9549359649323077,1.0,1.0,0.9549359649323077,1.0,1.0,0.9549359649323077,1.0,0.0,0.0,0.0,1.0
owlv2,344319,20394,19,horse on right,1,20,5,1,0.9306289081313851,10,10,1.0,0.6915028921812392,1.0,1.0,0.6915028921812392,1.0,1.0,0.6915028921812392,1.0,0.0,0.0,0.0,80,1.0,0.9549359649323077,1.0,1.0,0.9549359649323077,1.0,1.0,0.9549359649323077,1.0,0.0,0.0,0.0,1.0
owlv2,344319,20394,19,horse on right,1,20,5,1,0.9306289081313851,20,20,1.0,0.8315665290169146,1.0,0.95,0.7512672372279723,0.9987349105020502,0.95,0.7512672372279723,0.9987349105020502,0.0,0.050000000000000044,0.0,80,1.0,0.9549359649323077,1.0,1.0,0.9549359649323077,1.0,1.0,0.9549359649323077,1.0,0.0,0.0,0.0,0.95
owlv2,344319,20394,19,horse on right,1,20,5,1,0.9306289081313851,40,40,1.0,0.9119026971211976,1.0,0.975,0.8684141415172343,0.9993672550679505,0.975,0.8684141415172343,0.9993672550679505,0.0,0.025000000000000022,0.0,80,1.0,0.9549359649323077,1.0,1.0,0.9549359649323077,1.0,1.0,0.9549359649323077,1.0,0.0,0.0,0.0,0.975
owlv2,533293,4250,32,top tie,1,20,5,0,0.08676729778563796,5,5,1.0,0.47817624989501856,1.0,1.0,0.47817624989501856,1.0,1.0,0.47817624989501856,1.0,0.0,0.0,0.0,80,0.9875,0.9323122155360776,0.9996835774723672,0.9493670886075949,0.8754052019863836,0.9860338821107838,0.9375,0.8601429247023609,0.9793969276979898,0.012499999999999956,0.05000000000000005,6.938893903907228e-18,1.0
owlv2,533293,4250,32,top tie,1,20,5,0,0.08676729778563796,10,10,1.0,0.6915028921812392,1.0,1.0,0.6915028921812392,1.0,1.0,0.6915028921812392,1.0,0.0,0.0,0.0,80,0.9875,0.9323122155360776,0.9996835774723672,0.9493670886075949,0.8754052019863836,0.9860338821107838,0.9375,0.8601429247023609,0.9793969276979898,0.012499999999999956,0.05000000000000005,6.938893903907228e-18,1.0
owlv2,533293,4250,32,top tie,1,20,5,0,0.08676729778563796,20,20,1.0,0.8315665290169146,1.0,0.95,0.7512672372279723,0.9987349105020502,0.95,0.7512672372279723,0.9987349105020502,0.0,0.050000000000000044,0.0,80,0.9875,0.9323122155360776,0.9996835774723672,0.9493670886075949,0.8754052019863836,0.9860338821107838,0.9375,0.8601429247023609,0.9793969276979898,0.012499999999999956,0.05000000000000005,6.938893903907228e-18,0.95
owlv2,533293,4250,32,top tie,1,20,5,0,0.08676729778563796,40,40,1.0,0.9119026971211976,1.0,0.95,0.8308031360405824,0.9938863534006491,0.95,0.8308031360405824,0.9938863534006491,0.0,0.050000000000000044,0.0,80,0.9875,0.9323122155360776,0.9996835774723672,0.9493670886075949,0.8754052019863836,0.9860338821107838,0.9375,0.8601429247023609,0.9793969276979898,0.012499999999999956,0.05000000000000005,6.938893903907228e-18,0.95
owlv2,349212,19974,88,red,0,0,0,0,0.0,5,0,0.0,,,,,,0.0,,,,,,0,0.0,,,,,,0.0,,,,,,0.0
owlv2,349212,19974,88,red,0,0,0,0,0.0,10,0,0.0,,,,,,0.0,,,,,,0,0.0,,,,,,0.0,,,,,,0.0
owlv2,349212,19974,88,red,0,0,0,0,0.0,20,0,0.0,,,,,,0.0,,,,,,0,0.0,,,,,,0.0,,,,,,0.0
owlv2,349212,19974,88,red,0,0,0,0,0.0,40,0,0.0,,,,,,0.0,,,,,,0,0.0,,,,,,0.0,,,,,,0.0
owlv2,202657,32846,28,left umbrella,1,20,5,1,0.8465278776037748,5,5,1.0,0.47817624989501856,1.0,1.0,0.47817624989501856,1.0,1.0,0.47817624989501856,1.0,0.0,0.0,0.0,80,1.0,0.9549359649323077,1.0,0.95,0.876901263556847,0.9862106060235382,0.95,0.876901263556847,0.9862106060235382,0.0,0.050000000000000044,0.0,1.0
owlv2,202657,32846,28,left umbrella,1,20,5,1,0.8465278776037748,10,10,1.0,0.6915028921812392,1.0,1.0,0.6915028921812392,1.0,1.0,0.6915028921812392,1.0,0.0,0.0,0.0,80,1.0,0.9549359649323077,1.0,0.95,0.876901263556847,0.9862106060235382,0.95,0.876901263556847,0.9862106060235382,0.0,0.050000000000000044,0.0,1.0
owlv2,202657,32846,28,left umbrella,1,20,5,1,0.8465278776037748,20,20,1.0,0.8315665290169146,1.0,0.95,0.7512672372279723,0.9987349105020502,0.95,0.7512672372279723,0.9987349105020502,0.0,0.050000000000000044,0.0,80,1.0,0.9549359649323077,1.0,0.95,0.876901263556847,0.9862106060235382,0.95,0.876901263556847,0.9862106060235382,0.0,0.050000000000000044,0.0,0.95
owlv2,202657,32846,28,left umbrella,1,20,5,1,0.8465278776037748,40,40,1.0,0.9119026971211976,1.0,0.975,0.8684141415172343,0.9993672550679505,0.975,0.8684141415172343,0.9993672550679505,0.0,0.025000000000000022,0.0,80,1.0,0.9549359649323077,1.0,0.95,0.876901263556847,0.9862106060235382,0.95,0.876901263556847,0.9862106060235382,0.0,0.050000000000000044,0.0,0.975
owlv2,381889,17379,1,black fellow,1,20,5,1,0.8987116285747137,5,5,1.0,0.47817624989501856,1.0,1.0,0.47817624989501856,1.0,1.0,0.47817624989501856,1.0,0.0,0.0,0.0,80,0.875,0.7821108659305637,0.9383979034415657,1.0,0.9486662028489763,1.0,0.875,0.7821108659305637,0.9383979034415657,0.125,0.0,0.0,1.0
owlv2,381889,17379,1,black fellow,1,20,5,1,0.8987116285747137,10,10,0.9,0.5549838829718046,0.9974714214555382,1.0,0.6637328831200572,1.0,0.9,0.5549838829718046,0.9974714214555382,0.09999999999999998,0.0,0.0,80,0.875,0.7821108659305637,0.9383979034415657,1.0,0.9486662028489763,1.0,0.875,0.7821108659305637,0.9383979034415657,0.125,0.0,0.0,0.9
owlv2,381889,17379,1,black fellow,1,20,5,1,0.8987116285747137,20,20,0.9,0.6830172859809176,0.9876514728297052,1.0,0.8146980318621478,1.0,0.9,0.6830172859809176,0.9876514728297052,0.09999999999999998,0.0,0.0,80,0.875,0.7821108659305637,0.9383979034415657,1.0,0.9486662028489763,1.0,0.875,0.7821108659305637,0.9383979034415657,0.125,0.0,0.0,0.9
owlv2,381889,17379,1,black fellow,1,20,5,1,0.8987116285747137,40,40,0.9,0.7633626001239001,0.9720745847057807,1.0,0.902606244085508,1.0,0.9,0.7633626001239001,0.9720745847057807,0.09999999999999998,0.0,0.0,80,0.875,0.7821108659305637,0.9383979034415657,1.0,0.9486662028489763,1.0,0.875,0.7821108659305637,0.9383979034415657,0.125,0.0,0.0,0.9
owlv2,253522,28474,1,second person from left bottom row,1,20,5,0,0.08427777205154063,5,5,1.0,0.47817624989501856,1.0,1.0,0.47817624989501856,1.0,1.0,0.47817624989501856,1.0,0.0,0.0,0.0,80,0.9875,0.9323122155360776,0.9996835774723672,1.0,0.9543787472413889,1.0,0.9875,0.9323122155360776,0.9996835774723672,0.012499999999999956,0.0,0.0,1.0
owlv2,253522,28474,1,second person from left bottom row,1,20,5,0,0.08427777205154063,10,10,1.0,0.6915028921812392,1.0,1.0,0.6915028921812392,1.0,1.0,0.6915028921812392,1.0,0.0,0.0,0.0,80,0.9875,0.9323122155360776,0.9996835774723672,1.0,0.9543787472413889,1.0,0.9875,0.9323122155360776,0.9996835774723672,0.012499999999999956,0.0,0.0,1.0
owlv2,253522,28474,1,second person from left bottom row,1,20,5,0,0.08427777205154063,20,20,1.0,0.8315665290169146,1.0,1.0,0.8315665290169146,1.0,1.0,0.8315665290169146,1.0,0.0,0.0,0.0,80,0.9875,0.9323122155360776,0.9996835774723672,1.0,0.9543787472413889,1.0,0.9875,0.9323122155360776,0.9996835774723672,0.012499999999999956,0.0,0.0,1.0
owlv2,253522,28474,1,second person from left bottom row,1,20,5,0,0.08427777205154063,40,40,1.0,0.9119026971211976,1.0,1.0,0.9119026971211976,1.0,1.0,0.9119026971211976,1.0,0.0,0.0,0.0,80,0.9875,0.9323122155360776,0.9996835774723672,1.0,0.9543787472413889,1.0,0.9875,0.9323122155360776,0.9996835774723672,0.012499999999999956,0.0,0.0,1.0
