dataset,model,setting_index,setting_id,tracked_candidate_count,exposed_candidate_count,duplicate_iou_threshold,match_iou_threshold,birth_duplicate_iou_threshold,sample_count,eligible_count,clean_eligibility,reference_probe_count,coverage,conditional_ranking,full_manifest_operational,eligible_only_operational,winner_missing_share,competitor_missing_share,threatening_birth_share,ranking_reversal_share
RefCOCO,groundingdino,0,kt2_ke10_match0.10_birth0.50_dup0.70,2,10,0.7,0.1,0.5,500,499,0.998,39920,0.9715931863727455,0.9289949981952251,0.9007999897003174,0.9026051981893475,0.000257201646090535,0.0205761316872428,0.2708333333333333,0.7083333333333334
RefCOCO,groundingdino,1,kt2_ke10_match0.10_birth0.70_dup0.70,2,10,0.7,0.1,0.7,500,499,0.998,39920,0.9658066132264529,0.9308260925949942,0.8971999883651733,0.8989980082234782,0.000248015873015873,0.01984126984126984,0.31845238095238093,0.6614583333333334
RefCOCO,groundingdino,2,kt2_ke10_match0.10_birth0.85_dup0.70,2,10,0.7,0.1,0.85,500,499,0.998,39920,0.9658066132264529,0.9308260925949942,0.8971999883651733,0.8989980082234782,0.000248015873015873,0.01984126984126984,0.31845238095238093,0.6614583333333334
RefCOCO,groundingdino,3,kt2_ke10_match0.15_birth0.50_dup0.70,2,10,0.7,0.15,0.5,500,499,0.998,39920,0.9707665330661323,0.9289345341005858,0.8999750018119812,0.90177853265124,0.000510073960724305,0.030859474623820455,0.2662586074980872,0.7023718439173681
RefCOCO,groundingdino,4,kt2_ke10_match0.15_birth0.70_dup0.70,2,10,0.7,0.15,0.7,500,499,0.998,39920,0.9650050100200401,0.930768631726501,0.8964000344276428,0.8981964172485596,0.0004921259842519685,0.029773622047244094,0.31348425196850394,0.65625
RefCOCO,groundingdino,5,kt2_ke10_match0.15_birth0.85_dup0.70,2,10,0.7,0.15,0.85,500,499,0.998,39920,0.9650050100200401,0.930768631726501,0.8964000344276428,0.8981964172485596,0.0004921259842519685,0.029773622047244094,0.31348425196850394,0.65625
RefCOCO,groundingdino,6,kt2_ke10_match0.25_birth0.50_dup0.70,2,10,0.7,0.25,0.5,500,499,0.998,39920,0.9703156312625251,0.9289015102620369,0.8995250463485718,0.9013276797736097,0.002538715410002539,0.03478040111703478,0.26351865955826353,0.6991622239146992
RefCOCO,groundingdino,7,kt2_ke10_match0.25_birth0.70_dup0.70,2,10,0.7,0.25,0.7,500,499,0.998,39920,0.9645791583166332,0.9307380667947852,0.8959750533103943,0.897770577776647,0.002450379808870375,0.03357020338152414,0.31046312178387653,0.6535162950257289
RefCOCO,groundingdino,8,kt2_ke10_match0.25_birth0.85_dup0.70,2,10,0.7,0.25,0.85,500,499,0.998,39920,0.9645791583166332,0.9307380667947852,0.8959750533103943,0.897770577776647,0.002450379808870375,0.03357020338152414,0.31046312178387653,0.6535162950257289
RefCOCO,groundingdino,9,kt2_ke15_match0.10_birth0.50_dup0.70,2,15,0.7,0.1,0.5,500,499,0.998,39920,0.9716683366733467,0.9293098558869782,0.9011749625205994,0.9029809496923534,0.0,0.018590240123934933,0.273431448489543,0.7079783113865221
RefCOCO,groundingdino,10,kt2_ke15_match0.10_birth0.70_dup0.70,2,15,0.7,0.1,0.7,500,499,0.998,39920,0.9660070140280561,0.9310219640588129,0.8975749611854553,0.8993736985690131,0.0,0.017923823749066467,0.3198904655215335,0.6621857107294
RefCOCO,groundingdino,11,kt2_ke15_match0.10_birth0.85_dup0.70,2,15,0.7,0.1,0.85,500,499,0.998,39920,0.9660070140280561,0.9310219640588129,0.8975749611854553,0.8993736985690131,0.0,0.017923823749066467,0.3198904655215335,0.6621857107294
RefCOCO,groundingdino,12,kt2_ke15_match0.15_birth0.50_dup0.70,2,15,0.7,0.15,0.5,500,499,0.998,39920,0.9710671342685371,0.9292660905455953,0.9005749225616455,0.9023797105930611,0.00025660764690787786,0.02617397998460354,0.2699512445470875,0.7036181678214011
RefCOCO,groundingdino,13,kt2_ke15_match0.15_birth0.70_dup0.70,2,15,0.7,0.15,0.7,500,499,0.998,39920,0.9654308617234469,0.9309807991696938,0.8970000147819519,0.8987975951903807,0.00024752475247524753,0.02524752475247525,0.3160891089108911,0.6584158415841584
RefCOCO,groundingdino,14,kt2_ke15_match0.15_birth0.85_dup0.70,2,15,0.7,0.15,0.85,500,499,0.998,39920,0.9654308617234469,0.9309807991696938,0.8970000147819519,0.8987975951903807,0.00024752475247524753,0.02524752475247525,0.3160891089108911,0.6584158415841584
RefCOCO,groundingdino,15,kt2_ke15_match0.25_birth0.50_dup0.70,2,15,0.7,0.25,0.5,500,499,0.998,39920,0.9707915831663326,0.9292460133147546,0.9002999663352966,0.9021041961853394,0.0015353121801432957,0.028659160696008188,0.26816786079836236,0.7016376663254862
RefCOCO,groundingdino,16,kt2_ke15_match0.25_birth0.70_dup0.70,2,15,0.7,0.25,0.7,500,499,0.998,39920,0.9651553106212425,0.9309610942407018,0.8967249989509583,0.8985220196251879,0.0014811157738829918,0.027647494445815848,0.31424339669217477,0.6566279930881264
RefCOCO,groundingdino,17,kt2_ke15_match0.25_birth0.85_dup0.70,2,15,0.7,0.25,0.85,500,499,0.998,39920,0.9651553106212425,0.9309610942407018,0.8967249989509583,0.8985220196251879,0.0014811157738829918,0.027647494445815848,0.31424339669217477,0.6566279930881264
RefCOCO,groundingdino,18,kt2_ke20_match0.10_birth0.50_dup0.70,2,20,0.7,0.1,0.5,500,499,0.998,39920,0.9716182364729459,0.9293062108438395,0.9011250138282776,0.9029308617234469,0.0,0.01858064516129032,0.27380645161290323,0.7076129032258065
RefCOCO,groundingdino,19,kt2_ke20_match0.10_birth0.70_dup0.70,2,20,0.7,0.1,0.7,500,499,0.998,39920,0.9659569138276554,0.9310183864526335,0.8975250124931335,0.8993236717575777,0.0,0.017914904205026127,0.320228912664842,0.6618561831301318
RefCOCO,groundingdino,20,kt2_ke20_match0.10_birth0.85_dup0.70,2,20,0.7,0.1,0.85,500,499,0.998,39920,0.9659569138276554,0.9310183864526335,0.8975250124931335,0.8993236717575777,0.0,0.017914904205026127,0.320228912664842,0.6618561831301318
RefCOCO,groundingdino,21,kt2_ke20_match0.15_birth0.50_dup0.70,2,20,0.7,0.15,0.5,500,499,0.998,39920,0.9710170340681362,0.9292624409875396,0.9005250334739685,0.9023296837816257,0.00025647601949217746,0.026160553988202103,0.27032572454475506,0.7032572454475506
RefCOCO,groundingdino,22,kt2_ke20_match0.15_birth0.70_dup0.70,2,20,0.7,0.15,0.7,500,499,0.998,39920,0.9653807615230461,0.9309772172920234,0.8969500064849854,0.8987475072214742,0.00024740227610094015,0.025235032162295893,0.3164275111331024,0.6580900544285008
RefCOCO,groundingdino,23,kt2_ke20_match0.15_birth0.85_dup0.70,2,20,0.7,0.15,0.85,500,499,0.998,39920,0.9653807615230461,0.9309772172920234,0.8969500064849854,0.8987475072214742,0.00024740227610094015,0.025235032162295893,0.3164275111331024,0.6580900544285008
RefCOCO,groundingdino,24,kt2_ke20_match0.25_birth0.50_dup0.70,2,20,0.7,0.25,0.5,500,499,0.998,39920,0.9707915831663326,0.9292460133147546,0.9002999663352966,0.9021041961853394,0.00127942681678608,0.028147389969293755,0.268935516888434,0.7016376663254862
RefCOCO,groundingdino,25,kt2_ke20_match0.25_birth0.70_dup0.70,2,20,0.7,0.25,0.7,500,499,0.998,39920,0.9651553106212425,0.9309610942407018,0.8967249989509583,0.8985220196251879,0.0012342631449024932,0.02715378918785485,0.31498395457911627,0.6566279930881264
RefCOCO,groundingdino,26,kt2_ke20_match0.25_birth0.85_dup0.70,2,20,0.7,0.25,0.85,500,499,0.998,39920,0.9651553106212425,0.9309610942407018,0.8967249989509583,0.8985220196251879,0.0012342631449024932,0.02715378918785485,0.31498395457911627,0.6566279930881264
RefCOCO,groundingdino,27,kt3_ke10_match0.10_birth0.50_dup0.70,3,10,0.7,0.1,0.5,500,499,0.998,39920,0.979183366733467,0.9123538591419581,0.891575038433075,0.8933617356783881,0.0011745360582569885,0.08621094667606295,0.10782241014799154,0.8047921071176886
RefCOCO,groundingdino,28,kt3_ke10_match0.10_birth0.70_dup0.70,3,10,0.7,0.1,0.7,500,499,0.998,39920,0.9744989979959919,0.9151200452418898,0.8899999856948853,0.8917835671342685,0.0011574074074074073,0.0849537037037037,0.14953703703703702,0.7643518518518518
RefCOCO,groundingdino,29,kt3_ke10_match0.10_birth0.85_dup0.70,3,10,0.7,0.1,0.85,500,499,0.998,39920,0.9744989979959919,0.9151200452418898,0.8899999856948853,0.8917835671342685,0.0011574074074074073,0.0849537037037037,0.14953703703703702,0.7643518518518518
RefCOCO,groundingdino,30,kt3_ke10_match0.15_birth0.50_dup0.70,3,10,0.7,0.15,0.5,500,499,0.998,39920,0.9776803607214429,0.9122703630633632,0.8901249766349792,0.8919088176352705,0.0011587485515643105,0.10081112398609501,0.10451911935110081,0.7935110081112399
RefCOCO,groundingdino,31,kt3_ke10_match0.15_birth0.70_dup0.70,3,10,0.7,0.15,0.7,500,499,0.998,39920,0.9729959919839679,0.9150404201637403,0.8885500431060791,0.8903307102486222,0.0011420740063956144,0.09936043855641846,0.1457286432160804,0.7537688442211056
RefCOCO,groundingdino,32,kt3_ke10_match0.15_birth0.85_dup0.70,3,10,0.7,0.15,0.85,500,499,0.998,39920,0.9729959919839679,0.9150404201637403,0.8885500431060791,0.8903307102486222,0.0011420740063956144,0.09936043855641846,0.1457286432160804,0.7537688442211056
RefCOCO,groundingdino,33,kt3_ke10_match0.25_birth0.50_dup0.70,3,10,0.7,0.25,0.5,500,499,0.998,39920,0.9763276553106213,0.9124053880692752,0.8890250325202942,0.8908066376894413,0.0022941041523285156,0.11195228263363156,0.10254645560908465,0.7832071576049553
RefCOCO,groundingdino,34,kt3_ke10_match0.25_birth0.70_dup0.70,3,10,0.7,0.25,0.7,500,499,0.998,39920,0.9718436873747495,0.9150170120630993,0.8874750137329102,0.8892535437085107,0.002261931689662972,0.11038226645555305,0.14159692377290206,0.7457588780818819
RefCOCO,groundingdino,35,kt3_ke10_match0.25_birth0.85_dup0.70,3,10,0.7,0.25,0.85,500,499,0.998,39920,0.9718436873747495,0.9150170120630993,0.8874750137329102,0.8892535437085107,0.002261931689662972,0.11038226645555305,0.14159692377290206,0.7457588780818819
RefCOCO,groundingdino,36,kt3_ke15_match0.10_birth0.50_dup0.70,3,15,0.7,0.1,0.5,500,499,0.998,39920,0.9804108216432865,0.9129235014563851,0.8932499885559082,0.8950400801603207,0.00047732696897374703,0.07470167064439141,0.11145584725536993,0.813365155131265
RefCOCO,groundingdino,37,kt3_ke15_match0.10_birth0.70_dup0.70,3,15,0.7,0.1,0.7,500,499,0.998,39920,0.9759018036072145,0.9154730735664048,0.8916249871253967,0.8934118236472945,0.0004700352526439483,0.0735605170387779,0.15205640423031727,0.7739130434782608
RefCOCO,groundingdino,38,kt3_ke15_match0.10_birth0.85_dup0.70,3,15,0.7,0.1,0.85,500,499,0.998,39920,0.9759018036072145,0.9154730735664048,0.8916249871253967,0.8934118236472945,0.0004700352526439483,0.0735605170387779,0.15205640423031727,0.7739130434782608
RefCOCO,groundingdino,39,kt3_ke15_match0.15_birth0.50_dup0.70,3,15,0.7,0.15,0.5,500,499,0.998,39920,0.9792835671342686,0.9128488476197785,0.8921500444412231,0.8939379002144915,0.0007085498346717053,0.08597071327350024,0.1086443079829948,0.8046764289088333
RefCOCO,groundingdino,40,kt3_ke15_match0.15_birth0.70_dup0.70,3,15,0.7,0.15,0.7,500,499,0.998,39920,0.9747745490981964,0.9154010227944389,0.8905250430107117,0.8923096437014655,0.0006978367062107466,0.08467085368690393,0.14887183065829263,0.7657594789485926
RefCOCO,groundingdino,41,kt3_ke15_match0.15_birth0.85_dup0.70,3,15,0.7,0.15,0.85,500,499,0.998,39920,0.9747745490981964,0.9154010227944389,0.8905250430107117,0.8923096437014655,0.0006978367062107466,0.08467085368690393,0.14887183065829263,0.7657594789485926
RefCOCO,groundingdino,42,kt3_ke15_match0.25_birth0.50_dup0.70,3,15,0.7,0.25,0.5,500,499,0.998,39920,0.9784819639278557,0.9128286526202606,0.8914000391960144,0.8931863972084795,0.0014071294559099437,0.0926360225140713,0.10741088180112571,0.7985459662288931
RefCOCO,groundingdino,43,kt3_ke15_match0.25_birth0.70_dup0.70,3,15,0.7,0.25,0.7,500,499,0.998,39920,0.9739729458917835,0.9153828348036316,0.8897750377655029,0.8915581406954534,0.001386001386001386,0.09124509124509124,0.1473781473781474,0.75999075999076
RefCOCO,groundingdino,44,kt3_ke15_match0.25_birth0.85_dup0.70,3,15,0.7,0.25,0.85,500,499,0.998,39920,0.9739729458917835,0.9153828348036316,0.8897750377655029,0.8915581406954534,0.001386001386001386,0.09124509124509124,0.1473781473781474,0.75999075999076
RefCOCO,groundingdino,45,kt3_ke20_match0.10_birth0.50_dup0.70,3,20,0.7,0.1,0.5,500,499,0.998,39920,0.9803857715430861,0.9129212765413803,0.8932249546051025,0.8950150055971318,0.00023860653781913624,0.0744452397995705,0.11214507277499404,0.8131710808876164
RefCOCO,groundingdino,46,kt3_ke20_match0.10_birth0.70_dup0.70,3,20,0.7,0.1,0.7,500,499,0.998,39920,0.9758767535070141,0.915470903817029,0.8915999531745911,0.8933867490841058,0.00023496240601503758,0.07330827067669173,0.15272556390977443,0.7737312030075187
RefCOCO,groundingdino,47,kt3_ke20_match0.10_birth0.85_dup0.70,3,20,0.7,0.1,0.85,500,499,0.998,39920,0.9758767535070141,0.915470903817029,0.8915999531745911,0.8933867490841058,0.00023496240601503758,0.07330827067669173,0.15272556390977443,0.7737312030075187
RefCOCO,groundingdino,48,kt3_ke20_match0.15_birth0.50_dup0.70,3,20,0.7,0.15,0.5,500,499,0.998,39920,0.9792585170340682,0.9128466182339098,0.8921250104904175,0.8939128256513026,0.0004722550177095632,0.08571428571428572,0.10932703659976387,0.8044864226682409
RefCOCO,groundingdino,49,kt3_ke20_match0.15_birth0.70_dup0.70,3,20,0.7,0.15,0.7,500,499,0.998,39920,0.974749498997996,0.9153988486842105,0.890500009059906,0.8922845691382766,0.00046511627906976747,0.08441860465116278,0.14953488372093024,0.7655813953488372
RefCOCO,groundingdino,50,kt3_ke20_match0.15_birth0.85_dup0.70,3,20,0.7,0.15,0.85,500,499,0.998,39920,0.974749498997996,0.9153988486842105,0.890500009059906,0.8922845691382766,0.00046511627906976747,0.08441860465116278,0.14953488372093024,0.7655813953488372
RefCOCO,groundingdino,51,kt3_ke20_match0.25_birth0.50_dup0.70,3,20,0.7,0.25,0.5,500,499,0.998,39920,0.9785070140280561,0.9128308842353182,0.8914250731468201,0.8932114717716684,0.001172882946281961,0.09195402298850575,0.10813980764719681,0.7987332864180154
RefCOCO,groundingdino,52,kt3_ke20_match0.25_birth0.70_dup0.70,3,20,0.7,0.25,0.7,500,499,0.998,39920,0.973997995991984,0.9153850110591019,0.8898000717163086,0.8915832152586423,0.0011552680221811461,0.09057301293900184,0.1481053604436229,0.7601663585951941
RefCOCO,groundingdino,53,kt3_ke20_match0.25_birth0.85_dup0.70,3,20,0.7,0.25,0.85,500,499,0.998,39920,0.973997995991984,0.9153850110591019,0.8898000717163086,0.8915832152586423,0.0011552680221811461,0.09057301293900184,0.1481053604436229,0.7601663585951941
RefCOCO,groundingdino,54,kt4_ke10_match0.10_birth0.50_dup0.70,4,10,0.7,0.1,0.5,500,499,0.998,39920,0.9669088176352706,0.9065778906189279,0.8748250007629395,0.8765781685441195,0.0010148163182463973,0.21453216967728841,0.05256748528516338,0.7318855287193018
RefCOCO,groundingdino,55,kt4_ke10_match0.10_birth0.70_dup0.70,4,10,0.7,0.1,0.7,500,499,0.998,39920,0.9634769539078156,0.9089490926108886,0.8740000128746033,0.875751503006012,0.0010080645161290322,0.21310483870967742,0.07983870967741935,0.7060483870967742
RefCOCO,groundingdino,56,kt4_ke10_match0.10_birth0.85_dup0.70,4,10,0.7,0.1,0.85,500,499,0.998,39920,0.9634769539078156,0.9089490926108886,0.8740000128746033,0.875751503006012,0.0010080645161290322,0.21310483870967742,0.07983870967741935,0.7060483870967742
RefCOCO,groundingdino,57,kt4_ke10_match0.15_birth0.50_dup0.70,4,10,0.7,0.15,0.5,500,499,0.998,39920,0.9646292585170341,0.9064090578581074,0.8725999593734741,0.8743486729318011,0.000996810207336523,0.23066188197767146,0.04984051036682616,0.7185007974481659
RefCOCO,groundingdino,58,kt4_ke10_match0.15_birth0.70_dup0.70,4,10,0.7,0.15,0.7,500,499,0.998,39920,0.9611973947895791,0.9087852805504156,0.8717750310897827,0.8735220685511649,0.0009902951079421667,0.2291542879778174,0.0766488413547237,0.6932065755595167
RefCOCO,groundingdino,59,kt4_ke10_match0.15_birth0.85_dup0.70,4,10,0.7,0.15,0.85,500,499,0.998,39920,0.9611973947895791,0.9087852805504156,0.8717750310897827,0.8735220685511649,0.0009902951079421667,0.2291542879778174,0.0766488413547237,0.6932065755595167
RefCOCO,groundingdino,60,kt4_ke10_match0.25_birth0.50_dup0.70,4,10,0.7,0.25,0.5,500,499,0.998,39920,0.9597945891783567,0.9069555004567402,0.8687499761581421,0.8704909819639278,0.0019342359767891683,0.2611218568665377,0.047388781431334626,0.6895551257253385
RefCOCO,groundingdino,61,kt4_ke10_match0.25_birth0.70_dup0.70,4,10,0.7,0.25,0.7,500,499,0.998,39920,0.9565881763527054,0.9091837536334355,0.8679749965667725,0.8697144043947269,0.0019227071716977505,0.2595654681791963,0.0717169775043261,0.6667948471447799
RefCOCO,groundingdino,62,kt4_ke10_match0.25_birth0.85_dup0.70,4,10,0.7,0.25,0.85,500,499,0.998,39920,0.9565881763527054,0.9091837536334355,0.8679749965667725,0.8697144043947269,0.0019227071716977505,0.2595654681791963,0.0717169775043261,0.6667948471447799
RefCOCO,groundingdino,63,kt4_ke15_match0.10_birth0.50_dup0.70,4,15,0.7,0.1,0.5,500,499,0.998,39920,0.9724448897795591,0.9070582174137043,0.8803000450134277,0.88206417718249,0.0004248088360237893,0.1743840271877655,0.05883602378929482,0.7663551401869159
RefCOCO,groundingdino,64,kt4_ke15_match0.10_birth0.70_dup0.70,4,15,0.7,0.1,0.7,500,499,0.998,39920,0.9692134268537074,0.9092036907808018,0.8794500231742859,0.8812124370811937,0.00042176296921130323,0.17313369886123997,0.08561788274989456,0.7408266554196542
RefCOCO,groundingdino,65,kt4_ke15_match0.10_birth0.85_dup0.70,4,15,0.7,0.1,0.85,500,499,0.998,39920,0.9692134268537074,0.9092036907808018,0.8794500231742859,0.8812124370811937,0.00042176296921130323,0.17313369886123997,0.08561788274989456,0.7408266554196542
RefCOCO,groundingdino,66,kt4_ke15_match0.15_birth0.50_dup0.70,4,15,0.7,0.15,0.5,500,499,0.998,39920,0.9709919839679358,0.9069449460812136,0.8788750171661377,0.8806362725450901,0.0006295907660020986,0.18572927597061908,0.05666316894018888,0.75697796432319
RefCOCO,groundingdino,67,kt4_ke15_match0.15_birth0.70_dup0.70,4,15,0.7,0.15,0.7,500,499,0.998,39920,0.9677605210420842,0.9090932622369476,0.8780249357223511,0.8797845324437938,0.000625130235465722,0.18441341946238798,0.08314232131694103,0.7318191289852053
RefCOCO,groundingdino,68,kt4_ke15_match0.15_birth0.85_dup0.70,4,15,0.7,0.15,0.85,500,499,0.998,39920,0.9677605210420842,0.9090932622369476,0.8780249357223511,0.8797845324437938,0.000625130235465722,0.18441341946238798,0.08314232131694103,0.7318191289852053
RefCOCO,groundingdino,69,kt4_ke15_match0.25_birth0.50_dup0.70,4,15,0.7,0.25,0.5,500,499,0.998,39920,0.9680611222444889,0.9070772415577695,0.8763499855995178,0.8781061879618612,0.0012330456226880395,0.20571311138512124,0.05507603781339909,0.7379778051787916
RefCOCO,groundingdino,70,kt4_ke15_match0.25_birth0.70_dup0.70,4,15,0.7,0.25,0.7,500,499,0.998,39920,0.9648547094188377,0.9092348832982838,0.8755249977111816,0.8772795835812249,0.001224739742804654,0.20432741375790978,0.08083282302510716,0.7136150234741784
RefCOCO,groundingdino,71,kt4_ke15_match0.25_birth0.85_dup0.70,4,15,0.7,0.25,0.85,500,499,0.998,39920,0.9648547094188377,0.9092348832982838,0.8755249977111816,0.8772795835812249,0.001224739742804654,0.20432741375790978,0.08083282302510716,0.7136150234741784
RefCOCO,groundingdino,72,kt4_ke20_match0.10_birth0.50_dup0.70,4,20,0.7,0.1,0.5,500,499,0.998,39920,0.9725200400801604,0.9070653993766582,0.8803750276565552,0.8821392785571143,0.00021253985122210415,0.173432518597237,0.05951115834218916,0.7668437832093518
RefCOCO,groundingdino,73,kt4_ke20_match0.10_birth0.70_dup0.70,4,20,0.7,0.1,0.7,500,499,0.998,39920,0.9692885771543086,0.90921073034579,0.8795250058174133,0.8812875996132891,0.00021101498206372652,0.17218822536400086,0.08630512766406415,0.7412956319898713
RefCOCO,groundingdino,74,kt4_ke20_match0.10_birth0.85_dup0.70,4,20,0.7,0.1,0.85,500,499,0.998,39920,0.9692885771543086,0.90921073034579,0.8795250058174133,0.8812875996132891,0.00021101498206372652,0.17218822536400086,0.08630512766406415,0.7412956319898713
RefCOCO,groundingdino,75,kt4_ke20_match0.15_birth0.50_dup0.70,4,20,0.7,0.15,0.5,500,499,0.998,39920,0.9711923847695391,0.9069641475367552,0.8790749311447144,0.8808366244207164,0.00042043304603741857,0.18393945764137062,0.05738911078410763,0.7582509985284843
RefCOCO,groundingdino,76,kt4_ke20_match0.15_birth0.70_dup0.70,4,20,0.7,0.15,0.7,500,499,0.998,39920,0.9679609218436874,0.9091120830206257,0.8782249689102173,0.8799849454768913,0.0004174493842621582,0.18263410561469423,0.08390732623669381,0.7330411187643499
RefCOCO,groundingdino,77,kt4_ke20_match0.15_birth0.85_dup0.70,4,20,0.7,0.15,0.85,500,499,0.998,39920,0.9679609218436874,0.9091120830206257,0.8782249689102173,0.8799849454768913,0.0004174493842621582,0.18263410561469423,0.08390732623669381,0.7330411187643499
RefCOCO,groundingdino,78,kt4_ke20_match0.25_birth0.50_dup0.70,4,20,0.7,0.25,0.5,500,499,0.998,39920,0.9684118236472946,0.9070591582813834,0.8766500353813171,0.878406838090243,0.0010300782859497322,0.20292542233209723,0.055830243098475486,0.7402142562834776
RefCOCO,groundingdino,79,kt4_ke20_match0.25_birth0.70_dup0.70,4,20,0.7,0.25,0.7,500,499,0.998,39920,0.9652054108216432,0.9092159559834938,0.8758249282836914,0.8775801113946643,0.0010231225700838961,0.20155514630652752,0.0816451810926949,0.7157765500306936
RefCOCO,groundingdino,80,kt4_ke20_match0.25_birth0.85_dup0.70,4,20,0.7,0.25,0.85,500,499,0.998,39920,0.9652054108216432,0.9092159559834938,0.8758249282836914,0.8775801113946643,0.0010231225700838961,0.20155514630652752,0.0816451810926949,0.7157765500306936
RefCOCO,groundingdino,81,kt5_ke10_match0.10_birth0.50_dup0.70,5,10,0.7,0.1,0.5,500,499,0.998,39920,0.9380260521042084,0.904048496501629,0.8463250398635864,0.8480210543156625,0.0008241305422778968,0.37728696225482117,0.029668699522004287,0.5922202076808967
RefCOCO,groundingdino,82,kt5_ke10_match0.10_birth0.70_dup0.70,5,10,0.7,0.1,0.7,500,499,0.998,39920,0.9346693386773547,0.9065984133790738,0.8456750512123108,0.8473697884049348,0.0008206138191367143,0.37567700640078777,0.051534547841785655,0.5719678319382898
RefCOCO,groundingdino,83,kt5_ke10_match0.10_birth0.85_dup0.70,5,10,0.7,0.1,0.85,500,499,0.998,39920,0.9346693386773547,0.9065984133790738,0.8456750512123108,0.8473697884049348,0.0008206138191367143,0.37567700640078777,0.051534547841785655,0.5719678319382898
RefCOCO,groundingdino,84,kt5_ke10_match0.15_birth0.50_dup0.70,5,10,0.7,0.15,0.5,500,499,0.998,39920,0.9321893787575151,0.9043076344288287,0.8413000702857971,0.8429860208698647,0.000797702616464582,0.40236119974473517,0.02871729419272495,0.5681238034460753
RefCOCO,groundingdino,85,kt5_ke10_match0.15_birth0.70_dup0.70,5,10,0.7,0.15,0.7,500,499,0.998,39920,0.9288577154308617,0.9068770226537217,0.8406750559806824,0.8423597683648547,0.0007945336087716511,0.40076275226442076,0.04973780390910536,0.5487049102177022
RefCOCO,groundingdino,86,kt5_ke10_match0.15_birth0.85_dup0.70,5,10,0.7,0.15,0.85,500,499,0.998,39920,0.9288577154308617,0.9068770226537217,0.8406750559806824,0.8423597683648547,0.0007945336087716511,0.40076275226442076,0.04973780390910536,0.5487049102177022
RefCOCO,groundingdino,87,kt5_ke10_match0.25_birth0.50_dup0.70,5,10,0.7,0.25,0.5,500,499,0.998,39920,0.9225951903807615,0.9055661145805051,0.8337998986244202,0.8354708684948021,0.0016747868453105969,0.44290499390986604,0.025883069427527404,0.5295371498172959
RefCOCO,groundingdino,88,kt5_ke10_match0.25_birth0.70_dup0.70,5,10,0.7,0.25,0.7,500,499,0.998,39920,0.9195140280561123,0.9079739559212139,0.8332249522209167,0.8348947651161699,0.0016689424973448642,0.44135942952511,0.044454559247458655,0.5125170687300865
RefCOCO,groundingdino,89,kt5_ke10_match0.25_birth0.85_dup0.70,5,10,0.7,0.25,0.85,500,499,0.998,39920,0.9195140280561123,0.9079739559212139,0.8332249522209167,0.8348947651161699,0.0016689424973448642,0.44135942952511,0.044454559247458655,0.5125170687300865
RefCOCO,groundingdino,90,kt5_ke15_match0.10_birth0.50_dup0.70,5,15,0.7,0.1,0.5,500,499,0.998,39920,0.9520541082164329,0.9042519602168079,0.8591749668121338,0.8608967813556802,0.0003601656762110571,0.30668107329371513,0.03763731316405546,0.6553214478660183
RefCOCO,groundingdino,91,kt5_ke15_match0.10_birth0.70_dup0.70,5,15,0.7,0.1,0.7,500,499,0.998,39920,0.9486222444889779,0.9067575061395865,0.8584499955177307,0.8601703529128569,0.00035829451809387314,0.305087782156933,0.06198495163024006,0.632568971694733
RefCOCO,groundingdino,92,kt5_ke15_match0.10_birth0.85_dup0.70,5,15,0.7,0.1,0.85,500,499,0.998,39920,0.9486222444889779,0.9067575061395865,0.8584499955177307,0.8601703529128569,0.00035829451809387314,0.305087782156933,0.06198495163024006,0.632568971694733
RefCOCO,groundingdino,93,kt5_ke15_match0.15_birth0.50_dup0.70,5,15,0.7,0.15,0.5,500,499,0.998,39920,0.9478456913827655,0.9044611237380411,0.8555750846862793,0.8572896525472821,0.000526592943654555,0.32841846585922413,0.036510444093382485,0.6345444971037388
RefCOCO,groundingdino,94,kt5_ke15_match0.15_birth0.70_dup0.70,5,15,0.7,0.15,0.7,500,499,0.998,39920,0.9444138276553106,0.9069785947322352,0.8548499941825867,0.8565631017895166,0.0005239259517988125,0.326755151938526,0.06025148445686343,0.6124694376528117
RefCOCO,groundingdino,95,kt5_ke15_match0.15_birth0.85_dup0.70,5,15,0.7,0.15,0.85,500,499,0.998,39920,0.9444138276553106,0.9069785947322352,0.8548499941825867,0.8565631017895166,0.0005239259517988125,0.326755151938526,0.06025148445686343,0.6124694376528117
RefCOCO,groundingdino,96,kt5_ke15_match0.25_birth0.50_dup0.70,5,15,0.7,0.25,0.5,500,499,0.998,39920,0.9418336673346693,0.904888557902016,0.8505499958992004,0.8522544967865419,0.001186842997626314,0.3579179382841641,0.03458799593082401,0.6063072227873856
RefCOCO,groundingdino,97,kt5_ke15_match0.25_birth0.70_dup0.70,5,15,0.7,0.25,0.7,500,499,0.998,39920,0.9385270541082165,0.9073293119094645,0.8498499989509583,0.8515530817494363,0.001181235234559568,0.3562267971650354,0.056699291258859266,0.5858926763415457
RefCOCO,groundingdino,98,kt5_ke15_match0.25_birth0.85_dup0.70,5,15,0.7,0.25,0.85,500,499,0.998,39920,0.9385270541082165,0.9073293119094645,0.8498499989509583,0.8515530817494363,0.001181235234559568,0.3562267971650354,0.056699291258859266,0.5858926763415457
RefCOCO,groundingdino,99,kt5_ke20_match0.10_birth0.50_dup0.70,5,20,0.7,0.1,0.5,500,499,0.998,39920,0.9523296593186372,0.9042796643606807,0.8594499230384827,0.8611722957634018,0.00018044027426921688,0.30494406351497655,0.03825333814507398,0.6566221580656803
RefCOCO,groundingdino,100,kt5_ke20_match0.10_birth0.70_dup0.70,5,20,0.7,0.1,0.7,500,499,0.998,39920,0.9488977955911824,0.9067845828933474,0.8587249517440796,0.8604458673205787,0.0001795009872554299,0.3033566684616765,0.06264584455214503,0.633817985998923
RefCOCO,groundingdino,101,kt5_ke20_match0.10_birth0.85_dup0.70,5,20,0.7,0.1,0.85,500,499,0.998,39920,0.9488977955911824,0.9067845828933474,0.8587249517440796,0.8604458673205787,0.0001795009872554299,0.3033566684616765,0.06264584455214503,0.633817985998923
RefCOCO,groundingdino,102,kt5_ke20_match0.15_birth0.50_dup0.70,5,20,0.7,0.15,0.5,500,499,0.998,39920,0.948371743486974,0.9045141181753348,0.8560999631881714,0.8578156067995366,0.00035236081747709656,0.32558139534883723,0.03717406624383369,0.6368921775898521
RefCOCO,groundingdino,103,kt5_ke20_match0.15_birth0.70_dup0.70,5,20,0.7,0.15,0.7,500,499,0.998,39920,0.944939879759519,0.9070303801495149,0.8553749918937683,0.8570891783567134,0.00035056967572304995,0.3239263803680982,0.06099912357581069,0.6147239263803681
RefCOCO,groundingdino,104,kt5_ke20_match0.15_birth0.85_dup0.70,5,20,0.7,0.15,0.85,500,499,0.998,39920,0.944939879759519,0.9070303801495149,0.8553749918937683,0.8570891783567134,0.00035056967572304995,0.3239263803680982,0.06099912357581069,0.6147239263803681
RefCOCO,groundingdino,105,kt5_ke20_match0.25_birth0.50_dup0.70,5,20,0.7,0.25,0.5,500,499,0.998,39920,0.9426102204408817,0.9048606128252146,0.851224958896637,0.8529308372604584,0.001021972406745018,0.3539431102026912,0.03525804803270312,0.6097768693578607
RefCOCO,groundingdino,106,kt5_ke20_match0.25_birth0.70_dup0.70,5,20,0.7,0.25,0.7,500,499,0.998,39920,0.9393036072144288,0.9072992506067152,0.8505250215530396,0.8522294833808242,0.0010171215460247499,0.3522630954399051,0.057467367350398375,0.5892524156636718
RefCOCO,groundingdino,107,kt5_ke20_match0.25_birth0.85_dup0.70,5,20,0.7,0.25,0.85,500,499,0.998,39920,0.9393036072144288,0.9072992506067152,0.8505250215530396,0.8522294833808242,0.0010171215460247499,0.3522630954399051,0.057467367350398375,0.5892524156636718
RefCOCO,yoloworld,0,kt2_ke10_match0.10_birth0.50_dup0.70,2,10,0.7,0.1,0.5,500,364,0.728,29120,0.8963255494505494,0.8956744952300678,0.5844500064849854,0.8028159508338342,0.07384186694531522,0.21699756182514804,0.23493556252176942,0.47422500870776735
RefCOCO,yoloworld,1,kt2_ke10_match0.10_birth0.70_dup0.70,2,10,0.7,0.1,0.7,500,364,0.728,29120,0.8891483516483516,0.8998918584891086,0.5824999809265137,0.8001373626373627,0.07285223367697595,0.2140893470790378,0.2676975945017182,0.44536082474226807
RefCOCO,yoloworld,2,kt2_ke10_match0.10_birth0.85_dup0.70,2,10,0.7,0.1,0.85,500,364,0.728,29120,0.8891483516483516,0.8998918584891086,0.5824999809265137,0.8001373626373627,0.07285223367697595,0.2140893470790378,0.2676975945017182,0.44536082474226807
RefCOCO,yoloworld,3,kt2_ke10_match0.15_birth0.50_dup0.70,2,10,0.7,0.15,0.5,500,364,0.728,29120,0.8948832417582417,0.8955830998887141,0.5834500193595886,0.8014423244602078,0.07575233483223798,0.22137668626772744,0.23227257004496715,0.47059840885506743
RefCOCO,yoloworld,4,kt2_ke10_match0.15_birth0.70_dup0.70,2,10,0.7,0.15,0.7,500,364,0.728,29120,0.8877060439560439,0.8998065764023211,0.5814999938011169,0.7987637362637363,0.07474402730375426,0.21843003412969283,0.26484641638225254,0.44197952218430037
RefCOCO,yoloworld,5,kt2_ke10_match0.15_birth0.85_dup0.70,2,10,0.7,0.15,0.85,500,364,0.728,29120,0.8877060439560439,0.8998065764023211,0.5814999938011169,0.7987637362637363,0.07474402730375426,0.21843003412969283,0.26484641638225254,0.44197952218430037
RefCOCO,yoloworld,6,kt2_ke10_match0.25_birth0.50_dup0.70,2,10,0.7,0.25,0.5,500,364,0.728,29120,0.8931318681318682,0.8959550907413104,0.5825499892234802,0.8002060271881439,0.08112753523547611,0.22464764523891373,0.22911653489171538,0.4651082846338948
RefCOCO,yoloworld,7,kt2_ke10_match0.25_birth0.70_dup0.70,2,10,0.7,0.25,0.7,500,364,0.728,29120,0.8860576923076923,0.900201534764747,0.5806750655174255,0.7976305615770948,0.08009502799932122,0.22178856270151026,0.2611573052774478,0.43695910402172067
RefCOCO,yoloworld,8,kt2_ke10_match0.25_birth0.85_dup0.70,2,10,0.7,0.25,0.85,500,364,0.728,29120,0.8860576923076923,0.900201534764747,0.5806750655174255,0.7976305615770948,0.08009502799932122,0.22178856270151026,0.2611573052774478,0.43695910402172067
RefCOCO,yoloworld,9,kt2_ke15_match0.10_birth0.50_dup0.70,2,15,0.7,0.1,0.5,500,364,0.728,29120,0.8962568681318681,0.8957814475650409,0.584475040435791,0.8028503250289749,0.07246124368576903,0.21686117401149627,0.2368925274342449,0.4737850548684898
RefCOCO,yoloworld,10,kt2_ke15_match0.10_birth0.70_dup0.70,2,15,0.7,0.1,0.7,500,364,0.728,29120,0.889114010989011,0.8999652388860995,0.5825249552726746,0.8001716529930031,0.07148994672624162,0.21395428767829525,0.2694621068912184,0.4450936587042447
RefCOCO,yoloworld,11,kt2_ke15_match0.10_birth0.85_dup0.70,2,15,0.7,0.1,0.85,500,364,0.728,29120,0.889114010989011,0.8999652388860995,0.5825249552726746,0.8001716529930031,0.07148994672624162,0.21395428767829525,0.2694621068912184,0.4450936587042447
RefCOCO,yoloworld,12,kt2_ke15_match0.15_birth0.50_dup0.70,2,15,0.7,0.15,0.5,500,364,0.728,29120,0.8948145604395604,0.8956902175998772,0.5834749937057495,0.8014766148158482,0.07438159487977858,0.2212419996540391,0.23421553364469816,0.4701608718214842
RefCOCO,yoloworld,13,kt2_ke15_match0.15_birth0.70_dup0.70,2,15,0.7,0.15,0.7,500,364,0.728,29120,0.8876717032967033,0.8998800727300863,0.5815250277519226,0.798798110458877,0.07339136371394436,0.21829663765147636,0.2665983956306537,0.4417136030039256
RefCOCO,yoloworld,14,kt2_ke15_match0.15_birth0.85_dup0.70,2,15,0.7,0.15,0.85,500,364,0.728,29120,0.8876717032967033,0.8998800727300863,0.5815250277519226,0.798798110458877,0.07339136371394436,0.21829663765147636,0.2665983956306537,0.4417136030039256
RefCOCO,yoloworld,15,kt2_ke15_match0.25_birth0.50_dup0.70,2,15,0.7,0.25,0.5,500,364,0.728,29120,0.8932005494505495,0.8960784313725491,0.5826749801635742,0.8003777304848472,0.07913297780836057,0.22380870462755892,0.23206605883364873,0.4649922587304318
RefCOCO,yoloworld,16,kt2_ke15_match0.25_birth0.70_dup0.70,2,15,0.7,0.25,0.7,500,364,0.728,29120,0.8861607142857143,0.9002906413485758,0.5808000564575195,0.7978022648737981,0.078125,0.22095788043478262,0.2639266304347826,0.43699048913043476
RefCOCO,yoloworld,17,kt2_ke15_match0.25_birth0.85_dup0.70,2,15,0.7,0.25,0.85,500,364,0.728,29120,0.8861607142857143,0.9002906413485758,0.5808000564575195,0.7978022648737981,0.078125,0.22095788043478262,0.2639266304347826,0.43699048913043476
RefCOCO,yoloworld,18,kt2_ke20_match0.10_birth0.50_dup0.70,2,20,0.7,0.1,0.5,500,364,0.728,29120,0.8961881868131868,0.8958500977123808,0.584475040435791,0.8028503250289749,0.07246124368576903,0.21686117401149627,0.2372408987981188,0.47343668350461593
RefCOCO,yoloworld,19,kt2_ke20_match0.10_birth0.70_dup0.70,2,20,0.7,0.1,0.7,500,364,0.728,29120,0.889114010989011,0.8999652388860995,0.5825249552726746,0.8001716529930031,0.07148994672624162,0.21395428767829525,0.2694621068912184,0.4450936587042447
RefCOCO,yoloworld,20,kt2_ke20_match0.10_birth0.85_dup0.70,2,20,0.7,0.1,0.85,500,364,0.728,29120,0.889114010989011,0.8999652388860995,0.5825249552726746,0.8001716529930031,0.07148994672624162,0.21395428767829525,0.2694621068912184,0.4450936587042447
RefCOCO,yoloworld,21,kt2_ke20_match0.15_birth0.50_dup0.70,2,20,0.7,0.15,0.5,500,364,0.728,29120,0.8947458791208791,0.8957589714066398,0.5834749937057495,0.8014766148158482,0.07438159487977858,0.2212419996540391,0.23456149455111572,0.4698149109150666
RefCOCO,yoloworld,22,kt2_ke20_match0.15_birth0.70_dup0.70,2,20,0.7,0.15,0.7,500,364,0.728,29120,0.8876717032967033,0.8998800727300863,0.5815250277519226,0.798798110458877,0.07339136371394436,0.21829663765147636,0.2665983956306537,0.4417136030039256
RefCOCO,yoloworld,23,kt2_ke20_match0.15_birth0.85_dup0.70,2,20,0.7,0.15,0.85,500,364,0.728,29120,0.8876717032967033,0.8998800727300863,0.5815250277519226,0.798798110458877,0.07339136371394436,0.21829663765147636,0.2665983956306537,0.4417136030039256
RefCOCO,yoloworld,24,kt2_ke20_match0.25_birth0.50_dup0.70,2,20,0.7,0.25,0.5,500,364,0.728,29120,0.8931318681318682,0.8961473392802215,0.5826749801635742,0.8003777304848472,0.07913297780836057,0.22380870462755892,0.23241011525890246,0.46464820230517806
RefCOCO,yoloworld,25,kt2_ke20_match0.25_birth0.70_dup0.70,2,20,0.7,0.25,0.7,500,364,0.728,29120,0.8861607142857143,0.9002906413485758,0.5808000564575195,0.7978022648737981,0.078125,0.22095788043478262,0.2639266304347826,0.43699048913043476
RefCOCO,yoloworld,26,kt2_ke20_match0.25_birth0.85_dup0.70,2,20,0.7,0.25,0.85,500,364,0.728,29120,0.8861607142857143,0.9002906413485758,0.5808000564575195,0.7978022648737981,0.078125,0.22095788043478262,0.2639266304347826,0.43699048913043476
RefCOCO,yoloworld,27,kt3_ke10_match0.10_birth0.50_dup0.70,3,10,0.7,0.1,0.5,500,364,0.728,29120,0.886092032967033,0.8709452389257063,0.5618250370025635,0.7717376541305374,0.06905370843989769,0.35685271551075676,0.07311569128930344,0.5009778847600421
RefCOCO,yoloworld,28,kt3_ke10_match0.10_birth0.70_dup0.70,3,10,0.7,0.1,0.7,500,364,0.728,29120,0.8812156593406594,0.8740111453177974,0.560699999332428,0.7701923244602078,0.06858936043036462,0.3544530783024507,0.09384339509862523,0.48311416616855946
RefCOCO,yoloworld,29,kt3_ke10_match0.10_birth0.85_dup0.70,3,10,0.7,0.1,0.85,500,364,0.728,29120,0.8812156593406594,0.8740111453177974,0.560699999332428,0.7701923244602078,0.06858936043036462,0.3544530783024507,0.09384339509862523,0.48311416616855946
RefCOCO,yoloworld,30,kt3_ke10_match0.15_birth0.50_dup0.70,3,10,0.7,0.15,0.5,500,364,0.728,29120,0.8842032967032967,0.8710191082802548,0.5606750249862671,0.7701580341045673,0.06992380098610489,0.3618706110862095,0.07201553862244135,0.4961900493052443
RefCOCO,yoloworld,31,kt3_ke10_match0.15_birth0.70_dup0.70,3,10,0.7,0.15,0.7,500,364,0.728,29120,0.8793269230769231,0.87409200968523,0.5595499873161316,0.7686126205947373,0.06945681211041853,0.35945384387058477,0.09260908281389137,0.4784802612051054
RefCOCO,yoloworld,32,kt3_ke10_match0.15_birth0.85_dup0.70,3,10,0.7,0.15,0.85,500,364,0.728,29120,0.8793269230769231,0.87409200968523,0.5595499873161316,0.7686126205947373,0.06945681211041853,0.35945384387058477,0.09260908281389137,0.4784802612051054
RefCOCO,yoloworld,33,kt3_ke10_match0.25_birth0.50_dup0.70,3,10,0.7,0.25,0.5,500,364,0.728,29120,0.881043956043956,0.8718428437792329,0.5591999292373657,0.7681318010602679,0.0727191943127962,0.3705568720379147,0.06975710900473933,0.48696682464454977
RefCOCO,yoloworld,34,kt3_ke10_match0.25_birth0.70_dup0.70,3,10,0.7,0.25,0.7,500,364,0.728,29120,0.8762362637362637,0.8749412133563255,0.5581250190734863,0.7666552197802198,0.07225901398086829,0.36821192052980134,0.08991905813097865,0.46961000735835173
RefCOCO,yoloworld,35,kt3_ke10_match0.25_birth0.85_dup0.70,3,10,0.7,0.25,0.85,500,364,0.728,29120,0.8762362637362637,0.8749412133563255,0.5581250190734863,0.7666552197802198,0.07225901398086829,0.36821192052980134,0.08991905813097865,0.46961000735835173
RefCOCO,yoloworld,36,kt3_ke15_match0.10_birth0.50_dup0.70,3,15,0.7,0.1,0.5,500,364,0.728,29120,0.8861607142857143,0.8710327455919396,0.5619250535964966,0.7718750670716003,0.06789101309649255,0.35496010838476594,0.07617040493752822,0.5009784735812133
RefCOCO,yoloworld,37,kt3_ke15_match0.10_birth0.70_dup0.70,3,15,0.7,0.1,0.7,500,364,0.728,29120,0.8812843406593407,0.874059930639442,0.5607750415802002,0.7702953632061298,0.06742412916728958,0.3525190611451637,0.09687546718493048,0.48318134250261624
RefCOCO,yoloworld,38,kt3_ke15_match0.10_birth0.85_dup0.70,3,15,0.7,0.1,0.85,500,364,0.728,29120,0.8812843406593407,0.874059930639442,0.5607750415802002,0.7702953632061298,0.06742412916728958,0.3525190611451637,0.09687546718493048,0.48318134250261624
RefCOCO,yoloworld,39,kt3_ke15_match0.15_birth0.50_dup0.70,3,15,0.7,0.15,0.5,500,364,0.728,29120,0.884271978021978,0.8711067961165049,0.5607750415802002,0.7702953632061298,0.06876962176708028,0.3599940200328898,0.07504858723277022,0.4961877709672597
RefCOCO,yoloworld,40,kt3_ke15_match0.15_birth0.70_dup0.70,3,15,0.7,0.15,0.7,500,364,0.728,29120,0.8793956043956044,0.8741408934707904,0.5596250295639038,0.7687156593406593,0.06829992576095026,0.3575352635486266,0.09561989606533036,0.4785449146250928
RefCOCO,yoloworld,41,kt3_ke15_match0.15_birth0.85_dup0.70,3,15,0.7,0.15,0.85,500,364,0.728,29120,0.8793956043956044,0.8741408934707904,0.5596250295639038,0.7687156593406593,0.06829992576095026,0.3575352635486266,0.09561989606533036,0.4785449146250928
RefCOCO,yoloworld,42,kt3_ke15_match0.25_birth0.50_dup0.70,3,15,0.7,0.25,0.5,500,364,0.728,29120,0.8812843406593407,0.8719557339360169,0.5594250559806824,0.7684410011375343,0.0710366305798606,0.36808542191902716,0.07355776360670324,0.487320183894409
RefCOCO,yoloworld,43,kt3_ke15_match0.25_birth0.70_dup0.70,3,15,0.7,0.25,0.7,500,364,0.728,29120,0.8764766483516484,0.8750146926301767,0.5583249926567078,0.7669299618228451,0.07057610137026668,0.36569913069102694,0.09370856048327686,0.4700162074554295
RefCOCO,yoloworld,44,kt3_ke15_match0.25_birth0.85_dup0.70,3,15,0.7,0.25,0.85,500,364,0.728,29120,0.8764766483516484,0.8750146926301767,0.5583249926567078,0.7669299618228451,0.07057610137026668,0.36569913069102694,0.09370856048327686,0.4700162074554295
RefCOCO,yoloworld,45,kt3_ke20_match0.10_birth0.50_dup0.70,3,20,0.7,0.1,0.5,500,364,0.728,29120,0.8861607142857143,0.8711102499515597,0.5619750022888184,0.7719436477828812,0.06791145911760277,0.35401294985694925,0.07724740249962356,0.5008281885258244
RefCOCO,yoloworld,46,kt3_ke20_match0.10_birth0.70_dup0.70,3,20,0.7,0.1,0.7,500,364,0.728,29120,0.881353021978022,0.8740697447886226,0.560824990272522,0.770364027756911,0.06744429490055331,0.35157768805144307,0.09765216090922686,0.4833258561387767
RefCOCO,yoloworld,47,kt3_ke20_match0.10_birth0.85_dup0.70,3,20,0.7,0.1,0.85,500,364,0.728,29120,0.881353021978022,0.8740697447886226,0.560824990272522,0.770364027756911,0.06744429490055331,0.35157768805144307,0.09765216090922686,0.4833258561387767
RefCOCO,yoloworld,48,kt3_ke20_match0.15_birth0.50_dup0.70,3,20,0.7,0.15,0.5,500,364,0.728,29120,0.8842032967032967,0.8711744601522449,0.5607750415802002,0.7702953632061298,0.06876962176708028,0.35969502167738077,0.07564658394378831,0.49588877261175063
RefCOCO,yoloworld,49,kt3_ke20_match0.15_birth0.70_dup0.70,3,20,0.7,0.15,0.7,500,364,0.728,29120,0.8793956043956044,0.8741408934707904,0.5596250295639038,0.7687156593406593,0.06829992576095026,0.35723830734966594,0.09591685226429102,0.4785449146250928
RefCOCO,yoloworld,50,kt3_ke20_match0.15_birth0.85_dup0.70,3,20,0.7,0.15,0.85,500,364,0.728,29120,0.8793956043956044,0.8741408934707904,0.5596250295639038,0.7687156593406593,0.06829992576095026,0.35723830734966594,0.09591685226429102,0.4785449146250928
RefCOCO,yoloworld,51,kt3_ke20_match0.25_birth0.50_dup0.70,3,20,0.7,0.25,0.5,500,364,0.728,29120,0.8812156593406594,0.8720236935427302,0.5594250559806824,0.7684410011375343,0.0710366305798606,0.36778881803351626,0.07415097137772504,0.4870235800088981
RefCOCO,yoloworld,52,kt3_ke20_match0.25_birth0.70_dup0.70,3,20,0.7,0.25,0.7,500,364,0.728,29120,0.8764766483516484,0.8750146926301767,0.5583249926567078,0.7669299618228451,0.07057610137026668,0.3654044496832179,0.0940032414910859,0.4700162074554295
RefCOCO,yoloworld,53,kt3_ke20_match0.25_birth0.85_dup0.70,3,20,0.7,0.25,0.85,500,364,0.728,29120,0.8764766483516484,0.8750146926301767,0.5583249926567078,0.7669299618228451,0.07057610137026668,0.3654044496832179,0.0940032414910859,0.4700162074554295
RefCOCO,yoloworld,54,kt4_ke10_match0.10_birth0.50_dup0.70,4,10,0.7,0.1,0.5,500,364,0.728,29120,0.8470123626373627,0.863936752483276,0.5327249765396118,0.7317650763543098,0.06132377416463961,0.48495711176545897,0.02406862117526565,0.42965049289463575
RefCOCO,yoloworld,55,kt4_ke10_match0.10_birth0.70_dup0.70,4,10,0.7,0.1,0.7,500,364,0.728,29120,0.8429945054945055,0.8671989571451849,0.532200038433075,0.7310439728118561,0.06115934627170582,0.48365679264555667,0.03894279877425945,0.416241062308478
RefCOCO,yoloworld,56,kt4_ke10_match0.10_birth0.85_dup0.70,4,10,0.7,0.1,0.85,500,364,0.728,29120,0.8429945054945055,0.8671989571451849,0.532200038433075,0.7310439728118561,0.06115934627170582,0.48365679264555667,0.03894279877425945,0.416241062308478
RefCOCO,yoloworld,57,kt4_ke10_match0.15_birth0.50_dup0.70,4,10,0.7,0.15,0.5,500,364,0.728,29120,0.8448145604395605,0.8642331612536076,0.5315250158309937,0.7301167917775584,0.061203715485430715,0.48988420918691944,0.023921618526530092,0.42499045680111974
RefCOCO,yoloworld,58,kt4_ke10_match0.15_birth0.70_dup0.70,4,10,0.7,0.15,0.7,500,364,0.728,29120,0.8407967032967033,0.8675053095899363,0.531000018119812,0.7293956043956044,0.061040609137055835,0.4885786802030457,0.038705583756345176,0.4116751269035533
RefCOCO,yoloworld,59,kt4_ke10_match0.15_birth0.85_dup0.70,4,10,0.7,0.15,0.85,500,364,0.728,29120,0.8407967032967033,0.8675053095899363,0.531000018119812,0.7293956043956044,0.061040609137055835,0.4885786802030457,0.038705583756345176,0.4116751269035533
RefCOCO,yoloworld,60,kt4_ke10_match0.25_birth0.50_dup0.70,4,10,0.7,0.25,0.5,500,364,0.728,29120,0.8411401098901099,0.8644566016167224,0.5293500423431396,0.727129171182821,0.06330229046060912,0.4960986659954694,0.02277875660709791,0.41782028693682355
RefCOCO,yoloworld,61,kt4_ke10_match0.25_birth0.70_dup0.70,4,10,0.7,0.25,0.7,500,364,0.728,29120,0.8371222527472527,0.8677441850925053,0.5288249850273132,0.7264079838008671,0.06313543366386344,0.49479101292832933,0.0374042927074181,0.4046692607003891
RefCOCO,yoloworld,62,kt4_ke10_match0.25_birth0.85_dup0.70,4,10,0.7,0.25,0.85,500,364,0.728,29120,0.8371222527472527,0.8677441850925053,0.5288249850273132,0.7264079838008671,0.06313543366386344,0.49479101292832933,0.0374042927074181,0.4046692607003891
RefCOCO,yoloworld,63,kt4_ke15_match0.10_birth0.50_dup0.70,4,15,0.7,0.1,0.5,500,364,0.728,29120,0.8475274725274725,0.8640194489465154,0.5330999493598938,0.7322801862444196,0.060287326834273985,0.48255515649050795,0.02668034889687019,0.4304771677783479
RefCOCO,yoloworld,64,kt4_ke15_match0.10_birth0.70_dup0.70,4,15,0.7,0.1,0.7,500,364,0.728,29120,0.8434065934065934,0.8673045602605863,0.5325249433517456,0.7314903343116844,0.060109988489576674,0.4811356951016754,0.04194909835017266,0.4168052180585753
RefCOCO,yoloworld,65,kt4_ke15_match0.10_birth0.85_dup0.70,4,15,0.7,0.1,0.85,500,364,0.728,29120,0.8434065934065934,0.8673045602605863,0.5325249433517456,0.7314903343116844,0.060109988489576674,0.4811356951016754,0.04194909835017266,0.4168052180585753
RefCOCO,yoloworld,66,kt4_ke15_match0.15_birth0.50_dup0.70,4,15,0.7,0.15,0.5,500,364,0.728,29120,0.845364010989011,0.8643214039078685,0.5319250226020813,0.7306662758628091,0.06030855539971949,0.4874410302180288,0.026392961876832845,0.42585745250541884
RefCOCO,yoloworld,67,kt4_ke15_match0.15_birth0.70_dup0.70,4,15,0.7,0.15,0.7,500,364,0.728,29120,0.8412431318681318,0.8676164428297343,0.5313499569892883,0.7298763400905734,0.06013221459445716,0.48601576404780067,0.041571319603356215,0.41228070175438597
RefCOCO,yoloworld,68,kt4_ke15_match0.15_birth0.85_dup0.70,4,15,0.7,0.15,0.85,500,364,0.728,29120,0.8412431318681318,0.8676164428297343,0.5313499569892883,0.7298763400905734,0.06013221459445716,0.48601576404780067,0.041571319603356215,0.41228070175438597
RefCOCO,yoloworld,69,kt4_ke15_match0.25_birth0.50_dup0.70,4,15,0.7,0.25,0.5,500,364,0.728,29120,0.8418612637362637,0.8645727105853559,0.5298749804496765,0.7278502747252747,0.06220820189274448,0.4931230283911672,0.025741324921135646,0.4189274447949527
RefCOCO,yoloworld,70,kt4_ke15_match0.25_birth0.70_dup0.70,4,15,0.7,0.25,0.7,500,364,0.728,29120,0.8377403846153846,0.8678827628612421,0.5292999744415283,0.7270604227925395,0.062028183190739807,0.49169602415702063,0.04076497232008052,0.405510820332159
RefCOCO,yoloworld,71,kt4_ke15_match0.25_birth0.85_dup0.70,4,15,0.7,0.25,0.85,500,364,0.728,29120,0.8377403846153846,0.8678827628612421,0.5292999744415283,0.7270604227925395,0.062028183190739807,0.49169602415702063,0.04076497232008052,0.405510820332159
RefCOCO,yoloworld,72,kt4_ke20_match0.10_birth0.50_dup0.70,4,20,0.7,0.1,0.5,500,364,0.728,29120,0.8476991758241759,0.8641280129633381,0.5332749485969543,0.7325205540919042,0.060213121068173066,0.4814481961740917,0.02773141609962768,0.4306072666581076
RefCOCO,yoloworld,73,kt4_ke20_match0.10_birth0.70_dup0.70,4,20,0.7,0.1,0.7,500,364,0.728,29120,0.843646978021978,0.867342369845728,0.5326999425888062,0.7317307021591689,0.06003584229390681,0.48003072196620583,0.0427547363031234,0.41717869943676394
RefCOCO,yoloworld,74,kt4_ke20_match0.10_birth0.85_dup0.70,4,20,0.7,0.1,0.85,500,364,0.728,29120,0.843646978021978,0.867342369845728,0.5326999425888062,0.7317307021591689,0.06003584229390681,0.48003072196620583,0.0427547363031234,0.41717869943676394
RefCOCO,yoloworld,75,kt4_ke20_match0.15_birth0.50_dup0.70,4,20,0.7,0.15,0.5,500,364,0.728,29120,0.845467032967033,0.8644191714053615,0.5320500731468201,0.7308379791595123,0.060219443735646846,0.4868588925746364,0.027047716254146467,0.4258739474355703
RefCOCO,yoloworld,76,kt4_ke20_match0.15_birth0.70_dup0.70,4,20,0.7,0.15,0.7,500,364,0.728,29120,0.8414148351648352,0.8676434576769243,0.5314749479293823,0.7300480433872768,0.06004325149472077,0.48543442310138657,0.04197939193486834,0.4125429334690243
RefCOCO,yoloworld,77,kt4_ke20_match0.15_birth0.85_dup0.70,4,20,0.7,0.15,0.85,500,364,0.728,29120,0.8414148351648352,0.8676434576769243,0.5314749479293823,0.7300480433872768,0.06004325149472077,0.48543442310138657,0.04197939193486834,0.4125429334690243
RefCOCO,yoloworld,78,kt4_ke20_match0.25_birth0.50_dup0.70,4,20,0.7,0.25,0.5,500,364,0.728,29120,0.8419642857142857,0.8646708540664002,0.5299999713897705,0.728021978021978,0.06212121212121212,0.49255050505050507,0.02638888888888889,0.41893939393939394
RefCOCO,yoloworld,79,kt4_ke20_match0.25_birth0.70_dup0.70,4,20,0.7,0.25,0.7,500,364,0.728,29120,0.8379120879120879,0.8679098360655738,0.5294249653816223,0.7272321260892428,0.06194133199043183,0.4911242603550296,0.041168324310713836,0.40576608334382475
RefCOCO,yoloworld,80,kt4_ke20_match0.25_birth0.85_dup0.70,4,20,0.7,0.25,0.85,500,364,0.728,29120,0.8379120879120879,0.8679098360655738,0.5294249653816223,0.7272321260892428,0.06194133199043183,0.4911242603550296,0.041168324310713836,0.40576608334382475
RefCOCO,yoloworld,81,kt5_ke10_match0.10_birth0.50_dup0.70,5,10,0.7,0.1,0.5,500,364,0.728,29120,0.8104395604395604,0.8685169491525424,0.5124250650405884,0.7038805615770948,0.056708802041053,0.5677838339325061,0.015655804244462484,0.3598515597819784
RefCOCO,yoloworld,82,kt5_ke10_match0.10_birth0.70_dup0.70,5,10,0.7,0.1,0.7,500,364,0.728,29120,0.8082074175824175,0.8705757382621627,0.5122249722480774,0.7036057356949691,0.05665623913799096,0.5672575599582899,0.023172285946008574,0.3529139149577106
RefCOCO,yoloworld,83,kt5_ke10_match0.10_birth0.85_dup0.70,5,10,0.7,0.1,0.85,500,364,0.728,29120,0.8082074175824175,0.8705757382621627,0.5122249722480774,0.7036057356949691,0.05665623913799096,0.5672575599582899,0.023172285946008574,0.3529139149577106
RefCOCO,yoloworld,84,kt5_ke10_match0.15_birth0.50_dup0.70,5,10,0.7,0.15,0.5,500,364,0.728,29120,0.8073832417582417,0.8689549572540513,0.5107499957084656,0.7015796703296703,0.05650172612197929,0.5734177215189873,0.015535097813578827,0.35454545454545455
RefCOCO,yoloworld,85,kt5_ke10_match0.15_birth0.70_dup0.70,5,10,0.7,0.15,0.7,500,364,0.728,29120,0.8051854395604395,0.8709856271591249,0.5105499625205994,0.7013049282870449,0.0564497585651874,0.5728903196137043,0.022878822717866176,0.3477810991032421
RefCOCO,yoloworld,86,kt5_ke10_match0.15_birth0.85_dup0.70,5,10,0.7,0.15,0.85,500,364,0.728,29120,0.8051854395604395,0.8709856271591249,0.5105499625205994,0.7013049282870449,0.0564497585651874,0.5728903196137043,0.022878822717866176,0.3477810991032421
RefCOCO,yoloworld,87,kt5_ke10_match0.25_birth0.50_dup0.70,5,10,0.7,0.25,0.5,500,364,0.728,29120,0.8020947802197802,0.8689043969687889,0.5073750019073486,0.6969436813186813,0.05813031161473088,0.5809631728045326,0.013937677053824362,0.3469688385269122
RefCOCO,yoloworld,88,kt5_ke10_match0.25_birth0.70_dup0.70,5,10,0.7,0.25,0.7,500,364,0.728,29120,0.7999656593406593,0.8708735780210346,0.5071749687194824,0.696668939276056,0.05807766330804936,0.5804369976225517,0.02094418657307823,0.3405411524963206
RefCOCO,yoloworld,89,kt5_ke10_match0.25_birth0.85_dup0.70,5,10,0.7,0.25,0.85,500,364,0.728,29120,0.7999656593406593,0.8708735780210346,0.5071749687194824,0.696668939276056,0.05807766330804936,0.5804369976225517,0.02094418657307823,0.3405411524963206
RefCOCO,yoloworld,90,kt5_ke15_match0.10_birth0.50_dup0.70,5,15,0.7,0.1,0.5,500,364,0.728,29120,0.8121565934065934,0.868245243128964,0.5133499503135681,0.7051510653652988,0.055904961565338925,0.5631260191008619,0.01805264383880736,0.36291637549499184
RefCOCO,yoloworld,91,kt5_ke15_match0.10_birth0.70_dup0.70,5,15,0.7,0.1,0.7,500,364,0.728,29120,0.8096497252747252,0.8705518089663655,0.5131250023841858,0.704842032967033,0.055846422338568937,0.5625363583478766,0.026527050610820245,0.35509016870273413
RefCOCO,yoloworld,92,kt5_ke15_match0.10_birth0.85_dup0.70,5,15,0.7,0.1,0.85,500,364,0.728,29120,0.8096497252747252,0.8705518089663655,0.5131250023841858,0.704842032967033,0.055846422338568937,0.5625363583478766,0.026527050610820245,0.35509016870273413
RefCOCO,yoloworld,93,kt5_ke15_match0.15_birth0.50_dup0.70,5,15,0.7,0.15,0.5,500,364,0.728,29120,0.8094093406593407,0.8686890114552397,0.5118749737739563,0.7031249580802498,0.055870445344129556,0.5683053788316946,0.017813765182186234,0.3580104106419896
RefCOCO,yoloworld,94,kt5_ke15_match0.15_birth0.70_dup0.70,5,15,0.7,0.15,0.7,500,364,0.728,29120,0.8069024725274725,0.8710048091245691,0.511650025844574,0.7028159676017341,0.05581234111393575,0.5677143517448578,0.026230644788537094,0.35024266235266927
RefCOCO,yoloworld,95,kt5_ke15_match0.15_birth0.85_dup0.70,5,15,0.7,0.15,0.85,500,364,0.728,29120,0.8069024725274725,0.8710048091245691,0.511650025844574,0.7028159676017341,0.05581234111393575,0.5677143517448578,0.026230644788537094,0.35024266235266927
RefCOCO,yoloworld,96,kt5_ke15_match0.25_birth0.50_dup0.70,5,15,0.7,0.25,0.5,500,364,0.728,29120,0.8049107142857143,0.8687657323264645,0.5090749859809875,0.699278821001996,0.0574397624757337,0.5748544021925317,0.01644398766700925,0.35126184766472535
RefCOCO,yoloworld,97,kt5_ke15_match0.25_birth0.70_dup0.70,5,15,0.7,0.25,0.7,500,364,0.728,29120,0.8024725274725275,0.8710201985621363,0.5088499784469604,0.69896974668398,0.05738078941364362,0.5742642026009582,0.024526579968058407,0.3438284280173397
RefCOCO,yoloworld,98,kt5_ke15_match0.25_birth0.85_dup0.70,5,15,0.7,0.25,0.85,500,364,0.728,29120,0.8024725274725275,0.8710201985621363,0.5088499784469604,0.69896974668398,0.05738078941364362,0.5742642026009582,0.024526579968058407,0.3438284280173397
RefCOCO,yoloworld,99,kt5_ke20_match0.10_birth0.50_dup0.70,5,20,0.7,0.1,0.5,500,364,0.728,29120,0.812396978021978,0.8682842287694974,0.5135250091552734,0.7053915170522836,0.055834013288262034,0.562070171348642,0.01888331973423476,0.36321249562886115
RefCOCO,yoloworld,100,kt5_ke20_match0.10_birth0.70_dup0.70,5,20,0.7,0.1,0.7,500,364,0.728,29120,0.8099244505494505,0.8705533177867288,0.5133000016212463,0.7050824008145176,0.055775500698649276,0.5614811364694923,0.027247321844434094,0.3554960409874243
RefCOCO,yoloworld,101,kt5_ke20_match0.10_birth0.85_dup0.70,5,20,0.7,0.1,0.85,500,364,0.728,29120,0.8099244505494505,0.8705533177867288,0.5133000016212463,0.7050824008145176,0.055775500698649276,0.5614811364694923,0.027247321844434094,0.3554960409874243
RefCOCO,yoloworld,102,kt5_ke20_match0.15_birth0.50_dup0.70,5,20,0.7,0.15,0.5,500,364,0.728,29120,0.8095810439560439,0.8687168610816542,0.5119999647140503,0.7032966613769531,0.05578703703703704,0.5677083333333334,0.018287037037037036,0.3582175925925926
RefCOCO,yoloworld,103,kt5_ke20_match0.15_birth0.70_dup0.70,5,20,0.7,0.15,0.7,500,364,0.728,29120,0.8071085164835164,0.8709951921031358,0.511775016784668,0.7029876708984375,0.055728986009943346,0.5671175858480749,0.02659266967279454,0.3505607584691872
RefCOCO,yoloworld,104,kt5_ke20_match0.15_birth0.85_dup0.70,5,20,0.7,0.15,0.85,500,364,0.728,29120,0.8071085164835164,0.8709951921031358,0.511775016784668,0.7029876708984375,0.055728986009943346,0.5671175858480749,0.02659266967279454,0.3505607584691872
RefCOCO,yoloworld,105,kt5_ke20_match0.25_birth0.50_dup0.70,5,20,0.7,0.25,0.5,500,364,0.728,29120,0.8051510989010989,0.8687622622195683,0.5092249512672424,0.69948485657409,0.05736487258599017,0.5742200891326705,0.016798080219403495,0.35161695806193577
RefCOCO,yoloworld,106,kt5_ke20_match0.25_birth0.70_dup0.70,5,20,0.7,0.25,0.7,500,364,0.728,29120,0.8027129120879121,0.8710160427807486,0.5090000033378601,0.6991758241758241,0.05730593607305936,0.5736301369863014,0.024885844748858448,0.3441780821917808
RefCOCO,yoloworld,107,kt5_ke20_match0.25_birth0.85_dup0.70,5,20,0.7,0.25,0.85,500,364,0.728,29120,0.8027129120879121,0.8710160427807486,0.5090000033378601,0.6991758241758241,0.05730593607305936,0.5736301369863014,0.024885844748858448,0.3441780821917808
RefCOCO+,groundingdino,0,kt2_ke10_match0.10_birth0.50_dup0.70,2,10,0.7,0.1,0.5,1000,1000,1.0,80000,0.9677,0.9305569908029347,0.9004999995231628,0.9005,0.0022613065326633165,0.021608040201005024,0.3007537688442211,0.6753768844221105
RefCOCO+,groundingdino,1,kt2_ke10_match0.10_birth0.70_dup0.70,2,10,0.7,0.1,0.7,1000,1000,1.0,80000,0.9592125,0.9346599424006672,0.8965374827384949,0.8965374755859375,0.0021747009786154403,0.020780476017880873,0.37126978373806935,0.6057750392654343
RefCOCO+,groundingdino,2,kt2_ke10_match0.10_birth0.85_dup0.70,2,10,0.7,0.1,0.85,1000,1000,1.0,80000,0.9592125,0.9346599424006672,0.8965374827384949,0.8965374755859375,0.0021747009786154403,0.020780476017880873,0.37126978373806935,0.6057750392654343
RefCOCO+,groundingdino,3,kt2_ke10_match0.15_birth0.50_dup0.70,2,10,0.7,0.15,0.5,1000,1000,1.0,80000,0.967425,0.930537250949686,0.9002249836921692,0.9002249755859375,0.0022550739163117012,0.024304685542470558,0.29992483086945626,0.6735154096717615
RefCOCO+,groundingdino,4,kt2_ke10_match0.15_birth0.70_dup0.70,2,10,0.7,0.15,0.7,1000,1000,1.0,80000,0.9589375,0.9346412044580591,0.8962624669075012,0.896262451171875,0.0021689360163875166,0.023376310398843234,0.37028557657549105,0.6041691770092782
RefCOCO+,groundingdino,5,kt2_ke10_match0.15_birth0.85_dup0.70,2,10,0.7,0.15,0.85,1000,1000,1.0,80000,0.9589375,0.9346412044580591,0.8962624669075012,0.896262451171875,0.0021689360163875166,0.023376310398843234,0.37028557657549105,0.6041691770092782
RefCOCO+,groundingdino,6,kt2_ke10_match0.25_birth0.50_dup0.70,2,10,0.7,0.25,0.5,1000,1000,1.0,80000,0.9656125,0.9304068661082991,0.8984124660491943,0.8984124755859375,0.0022148394241417496,0.04478897502153316,0.2914974775439892,0.661498708010336
RefCOCO+,groundingdino,7,kt2_ke10_match0.25_birth0.70_dup0.70,2,10,0.7,0.25,0.7,1000,1000,1.0,80000,0.957125,0.9345174350267729,0.8944500088691711,0.8944500122070312,0.0021316911416390336,0.043107531975367125,0.36096636665087634,0.5937944102321174
RefCOCO+,groundingdino,8,kt2_ke10_match0.25_birth0.85_dup0.70,2,10,0.7,0.25,0.85,1000,1000,1.0,80000,0.957125,0.9345174350267729,0.8944500088691711,0.8944500122070312,0.0021316911416390336,0.043107531975367125,0.36096636665087634,0.5937944102321174
RefCOCO+,groundingdino,9,kt2_ke15_match0.10_birth0.50_dup0.70,2,15,0.7,0.1,0.5,1000,1000,1.0,80000,0.968225,0.9308012083968086,0.9012249708175659,0.9012249755859375,0.0005062009617818274,0.013161225006327512,0.30802328524424194,0.6783092887876487
RefCOCO+,groundingdino,10,kt2_ke15_match0.10_birth0.70_dup0.70,2,15,0.7,0.1,0.7,1000,1000,1.0,80000,0.959675,0.9348868106390185,0.8971874713897705,0.8971875,0.00048632218844984804,0.01264437689969605,0.3790881458966565,0.6077811550151976
RefCOCO+,groundingdino,11,kt2_ke15_match0.10_birth0.85_dup0.70,2,15,0.7,0.1,0.85,1000,1000,1.0,80000,0.959675,0.9348868106390185,0.8971874713897705,0.8971875,0.00048632218844984804,0.01264437689969605,0.3790881458966565,0.6077811550151976
RefCOCO+,groundingdino,12,kt2_ke15_match0.15_birth0.50_dup0.70,2,15,0.7,0.15,0.5,1000,1000,1.0,80000,0.968025,0.9307869114950543,0.9010249972343445,0.9010250244140625,0.0005051780752715333,0.015155342258145996,0.30740085880272794,0.6769386208638545
RefCOCO+,groundingdino,13,kt2_ke15_match0.15_birth0.70_dup0.70,2,15,0.7,0.15,0.7,1000,1000,1.0,80000,0.959475,0.9348732379686808,0.8969875574111938,0.896987548828125,0.00048537798810823927,0.014561339643247179,0.3783521417303725,0.6066011406382721
RefCOCO+,groundingdino,14,kt2_ke15_match0.15_birth0.85_dup0.70,2,15,0.7,0.15,0.85,1000,1000,1.0,80000,0.959475,0.9348732379686808,0.8969875574111938,0.896987548828125,0.00048537798810823927,0.014561339643247179,0.3783521417303725,0.6066011406382721
RefCOCO+,groundingdino,15,kt2_ke15_match0.25_birth0.50_dup0.70,2,15,0.7,0.25,0.5,1000,1000,1.0,80000,0.9672,0.9307278742762614,0.9002000093460083,0.9002000122070313,0.000501002004008016,0.024549098196392786,0.30360721442885774,0.6713426853707415
RefCOCO+,groundingdino,16,kt2_ke15_match0.25_birth0.70_dup0.70,2,15,0.7,0.25,0.7,1000,1000,1.0,80000,0.95865,0.9348171908412872,0.8961624503135681,0.8961624755859375,0.00048152160828217165,0.02359455880582641,0.37414228963524737,0.601781629950644
RefCOCO+,groundingdino,17,kt2_ke15_match0.25_birth0.85_dup0.70,2,15,0.7,0.25,0.85,1000,1000,1.0,80000,0.95865,0.9348171908412872,0.8961624503135681,0.8961624755859375,0.00048152160828217165,0.02359455880582641,0.37414228963524737,0.601781629950644
RefCOCO+,groundingdino,18,kt2_ke20_match0.10_birth0.50_dup0.70,2,20,0.7,0.1,0.5,1000,1000,1.0,80000,0.9682375,0.9308021017570586,0.9012374877929688,0.9012374877929688,0.0,0.012530059486140995,0.3090748006581445,0.6783951398557144
RefCOCO+,groundingdino,19,kt2_ke20_match0.10_birth0.70_dup0.70,2,20,0.7,0.1,0.7,1000,1000,1.0,80000,0.9596875,0.9348876587430804,0.8971999883651733,0.8972000122070313,0.0,0.012037937743190662,0.38010700389105057,0.6078550583657587
RefCOCO+,groundingdino,20,kt2_ke20_match0.10_birth0.85_dup0.70,2,20,0.7,0.1,0.85,1000,1000,1.0,80000,0.9596875,0.9348876587430804,0.8971999883651733,0.8972000122070313,0.0,0.012037937743190662,0.38010700389105057,0.6078550583657587
RefCOCO+,groundingdino,21,kt2_ke20_match0.15_birth0.50_dup0.70,2,20,0.7,0.15,0.5,1000,1000,1.0,80000,0.968025,0.9307869114950543,0.9010249972343445,0.9010250244140625,0.0,0.014650164182874464,0.308411214953271,0.6769386208638545
RefCOCO+,groundingdino,22,kt2_ke20_match0.15_birth0.70_dup0.70,2,20,0.7,0.15,0.7,1000,1000,1.0,80000,0.959475,0.9348732379686808,0.8969874978065491,0.8969874877929688,0.0,0.01407596165513894,0.379322897706589,0.6066011406382721
RefCOCO+,groundingdino,23,kt2_ke20_match0.15_birth0.85_dup0.70,2,20,0.7,0.15,0.85,1000,1000,1.0,80000,0.959475,0.9348732379686808,0.8969874978065491,0.8969874877929688,0.0,0.01407596165513894,0.379322897706589,0.6066011406382721
RefCOCO+,groundingdino,24,kt2_ke20_match0.25_birth0.50_dup0.70,2,20,0.7,0.25,0.5,1000,1000,1.0,80000,0.967275,0.9307332454576,0.9002750515937805,0.9002750244140625,0.0,0.023063424417147156,0.3050889947355227,0.6718475808473302
RefCOCO+,groundingdino,25,kt2_ke20_match0.25_birth0.70_dup0.70,2,20,0.7,0.25,0.7,1000,1000,1.0,80000,0.958725,0.9348222900206002,0.8962375521659851,0.896237548828125,0.0,0.02216600409589206,0.3756173954945187,0.6022166004095892
RefCOCO+,groundingdino,26,kt2_ke20_match0.25_birth0.85_dup0.70,2,20,0.7,0.25,0.85,1000,1000,1.0,80000,0.958725,0.9348222900206002,0.8962375521659851,0.896237548828125,0.0,0.02216600409589206,0.3756173954945187,0.6022166004095892
RefCOCO+,groundingdino,27,kt3_ke10_match0.10_birth0.50_dup0.70,3,10,0.7,0.1,0.5,1000,1000,1.0,80000,0.973525,0.914665776431011,0.8904500603675842,0.8904500732421875,0.002053856686444546,0.10953902327704244,0.1300775901414879,0.7583295298950251
RefCOCO+,groundingdino,28,kt3_ke10_match0.10_birth0.70_dup0.70,3,10,0.7,0.1,0.7,1000,1000,1.0,80000,0.966425,0.91864345396694,0.8878000378608704,0.887800048828125,0.002005347593582888,0.10695187165775401,0.19028520499108734,0.7007575757575758
RefCOCO+,groundingdino,29,kt3_ke10_match0.10_birth0.85_dup0.70,3,10,0.7,0.1,0.85,1000,1000,1.0,80000,0.966425,0.91864345396694,0.8878000378608704,0.887800048828125,0.002005347593582888,0.10695187165775401,0.19028520499108734,0.7007575757575758
RefCOCO+,groundingdino,30,kt3_ke10_match0.15_birth0.50_dup0.70,3,10,0.7,0.15,0.5,1000,1000,1.0,80000,0.9712375,0.9145162743407251,0.8882125020027161,0.8882125244140625,0.0020127474002012745,0.1304931231130493,0.12479033881247903,0.7427037906742704
RefCOCO+,groundingdino,31,kt3_ke10_match0.15_birth0.70_dup0.70,3,10,0.7,0.15,0.7,1000,1000,1.0,80000,0.9641375,0.9185022883146854,0.8855624794960022,0.8855625,0.0019661387220098305,0.12747132714363735,0.18394320043691972,0.6866193336974331
RefCOCO+,groundingdino,32,kt3_ke10_match0.15_birth0.85_dup0.70,3,10,0.7,0.15,0.85,1000,1000,1.0,80000,0.9641375,0.9185022883146854,0.8855624794960022,0.8855625,0.0019661387220098305,0.12747132714363735,0.18394320043691972,0.6866193336974331
RefCOCO+,groundingdino,33,kt3_ke10_match0.25_birth0.50_dup0.70,3,10,0.7,0.25,0.5,1000,1000,1.0,80000,0.9668375,0.9145280359936391,0.8842000365257263,0.8842000122070313,0.0019430051813471502,0.1692573402417962,0.11517702936096719,0.7136226252158895
RefCOCO+,groundingdino,34,kt3_ke10_match0.25_birth0.70_dup0.70,3,10,0.7,0.25,0.7,1000,1000,1.0,80000,0.9597375,0.9185324112061892,0.8815500140190125,0.8815499877929688,0.0018995356690586745,0.16547066272688898,0.17254115660616293,0.6600886449978894
RefCOCO+,groundingdino,35,kt3_ke10_match0.25_birth0.85_dup0.70,3,10,0.7,0.25,0.85,1000,1000,1.0,80000,0.9597375,0.9185324112061892,0.8815500140190125,0.8815499877929688,0.0018995356690586745,0.16547066272688898,0.17254115660616293,0.6600886449978894
RefCOCO+,groundingdino,36,kt3_ke15_match0.10_birth0.50_dup0.70,3,15,0.7,0.1,0.5,1000,1000,1.0,80000,0.97655,0.9148405099585275,0.893387496471405,0.8933875122070313,0.00046898815804900925,0.07902450463125806,0.14046195333567826,0.7800445538750147
RefCOCO+,groundingdino,37,kt3_ke15_match0.10_birth0.70_dup0.70,3,15,0.7,0.1,0.7,1000,1000,1.0,80000,0.9693625,0.918748146333286,0.8905999660491943,0.8905999755859375,0.0004570383912248629,0.0770109689213894,0.20258226691042047,0.7199497257769653
RefCOCO+,groundingdino,38,kt3_ke15_match0.10_birth0.85_dup0.70,3,15,0.7,0.1,0.85,1000,1000,1.0,80000,0.9693625,0.918748146333286,0.8905999660491943,0.8905999755859375,0.0004570383912248629,0.0770109689213894,0.20258226691042047,0.7199497257769653
RefCOCO+,groundingdino,39,kt3_ke15_match0.15_birth0.50_dup0.70,3,15,0.7,0.15,0.5,1000,1000,1.0,80000,0.974775,0.9146982637018799,0.8916249871253967,0.891625,0.000461361014994233,0.09527104959630911,0.1370242214532872,0.7672433679354095
RefCOCO+,groundingdino,40,kt3_ke15_match0.15_birth0.70_dup0.70,3,15,0.7,0.15,0.7,1000,1000,1.0,80000,0.9675875,0.9186120118335551,0.8888375163078308,0.8888375244140625,0.0004497919712133138,0.09288204205554931,0.19824581131226807,0.7084223546609693
RefCOCO+,groundingdino,41,kt3_ke15_match0.15_birth0.85_dup0.70,3,15,0.7,0.15,0.85,1000,1000,1.0,80000,0.9675875,0.9186120118335551,0.8888375163078308,0.8888375244140625,0.0004497919712133138,0.09288204205554931,0.19824581131226807,0.7084223546609693
RefCOCO+,groundingdino,42,kt3_ke15_match0.25_birth0.50_dup0.70,3,15,0.7,0.25,0.5,1000,1000,1.0,80000,0.971675,0.9147220006689479,0.8888124823570251,0.8888125,0.00044969083754918494,0.1259134345137718,0.1283867341202923,0.7452501405283868
RefCOCO+,groundingdino,43,kt3_ke15_match0.25_birth0.70_dup0.70,3,15,0.7,0.25,0.7,1000,1000,1.0,80000,0.9644875,0.9186485050350575,0.8860250115394592,0.8860250244140625,0.0004386926957666155,0.12283395481465234,0.1883088396578197,0.6884185128317614
RefCOCO+,groundingdino,44,kt3_ke15_match0.25_birth0.85_dup0.70,3,15,0.7,0.25,0.85,1000,1000,1.0,80000,0.9644875,0.9186485050350575,0.8860250115394592,0.8860250244140625,0.0004386926957666155,0.12283395481465234,0.1883088396578197,0.6884185128317614
RefCOCO+,groundingdino,45,kt3_ke20_match0.10_birth0.50_dup0.70,3,20,0.7,0.1,0.5,1000,1000,1.0,80000,0.976875,0.9148176583493283,0.8936624526977539,0.8936624755859375,0.0,0.07581991301281298,0.14164805454331728,0.7825320324438697
RefCOCO+,groundingdino,46,kt3_ke20_match0.10_birth0.70_dup0.70,3,20,0.7,0.1,0.7,1000,1000,1.0,80000,0.969675,0.9187227679377111,0.8908625245094299,0.890862548828125,0.0,0.07387469934715382,0.20398579773221853,0.7221395029206277
RefCOCO+,groundingdino,47,kt3_ke20_match0.10_birth0.85_dup0.70,3,20,0.7,0.1,0.85,1000,1000,1.0,80000,0.969675,0.9187227679377111,0.8908625245094299,0.890862548828125,0.0,0.07387469934715382,0.20398579773221853,0.7221395029206277
RefCOCO+,groundingdino,48,kt3_ke20_match0.15_birth0.50_dup0.70,3,20,0.7,0.15,0.5,1000,1000,1.0,80000,0.97515,0.9146797928523817,0.8919500112533569,0.8919500122070313,0.0,0.09173993521517816,0.13824618232299862,0.7700138824618232
RefCOCO+,groundingdino,49,kt3_ke20_match0.15_birth0.70_dup0.70,3,20,0.7,0.15,0.7,1000,1000,1.0,80000,0.96795,0.9185908363035281,0.8891499638557434,0.8891499633789063,0.0,0.08942264321154714,0.1997068110058638,0.7108705457825891
RefCOCO+,groundingdino,50,kt3_ke20_match0.15_birth0.85_dup0.70,3,20,0.7,0.15,0.85,1000,1000,1.0,80000,0.96795,0.9185908363035281,0.8891499638557434,0.8891499633789063,0.0,0.08942264321154714,0.1997068110058638,0.7108705457825891
RefCOCO+,groundingdino,51,kt3_ke20_match0.25_birth0.50_dup0.70,3,20,0.7,0.25,0.5,1000,1000,1.0,80000,0.972125,0.9146714671467147,0.8891749978065491,0.8891749877929688,0.0,0.12124971802391157,0.13027295285359802,0.7484773291224904
RefCOCO+,groundingdino,52,kt3_ke20_match0.25_birth0.70_dup0.70,3,20,0.7,0.25,0.7,1000,1000,1.0,80000,0.964925,0.9185947094333756,0.8863750100135803,0.886375,0.0,0.11826182618261827,0.19042904290429044,0.6913091309130913
RefCOCO+,groundingdino,53,kt3_ke20_match0.25_birth0.85_dup0.70,3,20,0.7,0.25,0.85,1000,1000,1.0,80000,0.964925,0.9185947094333756,0.8863750100135803,0.886375,0.0,0.11826182618261827,0.19042904290429044,0.6913091309130913
RefCOCO+,groundingdino,54,kt4_ke10_match0.10_birth0.50_dup0.70,4,10,0.7,0.1,0.5,1000,1000,1.0,80000,0.9574,0.9099122623772717,0.871150016784668,0.8711500244140625,0.002037252619324796,0.2549476135040745,0.07363213038416763,0.6693830034924331
RefCOCO+,groundingdino,55,kt4_ke10_match0.10_birth0.70_dup0.70,4,10,0.7,0.1,0.7,1000,1000,1.0,80000,0.951825,0.9133244031203215,0.8693250417709351,0.8693250122070313,0.0020088004591543905,0.25138702888846376,0.11526688348957337,0.6313372871628085
RefCOCO+,groundingdino,56,kt4_ke10_match0.10_birth0.85_dup0.70,4,10,0.7,0.1,0.85,1000,1000,1.0,80000,0.951825,0.9133244031203215,0.8693250417709351,0.8693250122070313,0.0020088004591543905,0.25138702888846376,0.11526688348957337,0.6313372871628085
RefCOCO+,groundingdino,57,kt4_ke10_match0.15_birth0.50_dup0.70,4,10,0.7,0.15,0.5,1000,1000,1.0,80000,0.9533375,0.9097643804004353,0.867312490940094,0.8673125,0.002166745171926519,0.2798869524258125,0.06961846443711729,0.6483278379651437
RefCOCO+,groundingdino,58,kt4_ke10_match0.15_birth0.70_dup0.70,4,10,0.7,0.15,0.7,1000,1000,1.0,80000,0.9477625,0.9131902771000119,0.8654875755310059,0.865487548828125,0.0021373478301273115,0.2760895827525323,0.11011987733482019,0.6116531920825202
RefCOCO+,groundingdino,59,kt4_ke10_match0.15_birth0.85_dup0.70,4,10,0.7,0.15,0.85,1000,1000,1.0,80000,0.9477625,0.9131902771000119,0.8654875755310059,0.865487548828125,0.0021373478301273115,0.2760895827525323,0.11011987733482019,0.6116531920825202
RefCOCO+,groundingdino,60,kt4_ke10_match0.25_birth0.50_dup0.70,4,10,0.7,0.25,0.5,1000,1000,1.0,80000,0.9460625,0.9099821629120698,0.8609000444412231,0.8609000244140625,0.003055355859094177,0.3235082674335011,0.06119698058950395,0.6122393961179008
RefCOCO+,groundingdino,61,kt4_ke10_match0.25_birth0.70_dup0.70,4,10,0.7,0.25,0.7,1000,1000,1.0,80000,0.9405125,0.9134248614452227,0.8590875267982483,0.8590875244140626,0.003016056063159762,0.3193471125698572,0.09979597267808037,0.5778408586889027
RefCOCO+,groundingdino,62,kt4_ke10_match0.25_birth0.85_dup0.70,4,10,0.7,0.25,0.85,1000,1000,1.0,80000,0.9405125,0.9134248614452227,0.8590875267982483,0.8590875244140626,0.003016056063159762,0.3193471125698572,0.09979597267808037,0.5778408586889027
RefCOCO+,groundingdino,63,kt4_ke15_match0.10_birth0.50_dup0.70,4,15,0.7,0.1,0.5,1000,1000,1.0,80000,0.964925,0.9096820996450501,0.8777750134468079,0.8777750244140625,0.0007158928206177132,0.19922274493761505,0.08703211290652485,0.7130292493352424
RefCOCO+,groundingdino,64,kt4_ke15_match0.10_birth0.70_dup0.70,4,15,0.7,0.1,0.7,1000,1000,1.0,80000,0.959275,0.9130332803419249,0.8758500218391418,0.8758500366210937,0.0007047925896093435,0.19613370922271445,0.13119210632299638,0.6719693918646799
RefCOCO+,groundingdino,65,kt4_ke15_match0.10_birth0.85_dup0.70,4,15,0.7,0.1,0.85,1000,1000,1.0,80000,0.959275,0.9130332803419249,0.8758500218391418,0.8758500366210937,0.0007047925896093435,0.19613370922271445,0.13119210632299638,0.6719693918646799
RefCOCO+,groundingdino,66,kt4_ke15_match0.15_birth0.50_dup0.70,4,15,0.7,0.15,0.5,1000,1000,1.0,80000,0.9614625,0.9094608474069451,0.874412477016449,0.8744124755859375,0.0009953219866626853,0.2233502538071066,0.08251219269433661,0.6931422315118941
RefCOCO+,groundingdino,67,kt4_ke15_match0.15_birth0.70_dup0.70,4,15,0.7,0.15,0.7,1000,1000,1.0,80000,0.9558125,0.9128228601320866,0.8724875450134277,0.872487548828125,0.000980296049406921,0.21997843348691304,0.12557592392902656,0.6534653465346535
RefCOCO+,groundingdino,68,kt4_ke15_match0.15_birth0.85_dup0.70,4,15,0.7,0.15,0.85,1000,1000,1.0,80000,0.9558125,0.9128228601320866,0.8724875450134277,0.872487548828125,0.000980296049406921,0.21997843348691304,0.12557592392902656,0.6534653465346535
RefCOCO+,groundingdino,69,kt4_ke15_match0.25_birth0.50_dup0.70,4,15,0.7,0.25,0.5,1000,1000,1.0,80000,0.9561,0.9095413659659032,0.8696125149726868,0.8696124877929687,0.0018214936247723133,0.25999424791486914,0.07487297478669351,0.663311283673665
RefCOCO+,groundingdino,70,kt4_ke15_match0.25_birth0.70_dup0.70,4,15,0.7,0.25,0.7,1000,1000,1.0,80000,0.9504625,0.9129239712245354,0.8677000403404236,0.8677000122070313,0.0017951625094482237,0.2562358276643991,0.1164021164021164,0.6255668934240363
RefCOCO+,groundingdino,71,kt4_ke15_match0.25_birth0.85_dup0.70,4,15,0.7,0.25,0.85,1000,1000,1.0,80000,0.9504625,0.9129239712245354,0.8677000403404236,0.8677000122070313,0.0017951625094482237,0.2562358276643991,0.1164021164021164,0.6255668934240363
RefCOCO+,groundingdino,72,kt4_ke20_match0.10_birth0.50_dup0.70,4,20,0.7,0.1,0.5,1000,1000,1.0,80000,0.9657625,0.9095792184931596,0.8784375190734863,0.8784375,0.0003084832904884319,0.19187660668380463,0.08946015424164525,0.7183547557840617
RefCOCO+,groundingdino,73,kt4_ke20_match0.10_birth0.70_dup0.70,4,20,0.7,0.1,0.7,1000,1000,1.0,80000,0.9601,0.912925736902406,0.8765000104904175,0.8765,0.0003036437246963563,0.1888663967611336,0.13390688259109312,0.676923076923077
RefCOCO+,groundingdino,74,kt4_ke20_match0.10_birth0.85_dup0.70,4,20,0.7,0.1,0.85,1000,1000,1.0,80000,0.9601,0.912925736902406,0.8765000104904175,0.8765,0.0003036437246963563,0.1888663967611336,0.13390688259109312,0.676923076923077
RefCOCO+,groundingdino,75,kt4_ke20_match0.15_birth0.50_dup0.70,4,20,0.7,0.15,0.5,1000,1000,1.0,80000,0.9623,0.9093577886314039,0.8750749826431274,0.8750750122070312,0.0005003001801080648,0.21632979787872725,0.0849509705823494,0.6982189313588153
RefCOCO+,groundingdino,76,kt4_ke20_match0.15_birth0.70_dup0.70,4,20,0.7,0.15,0.7,1000,1000,1.0,80000,0.9566375,0.9127151089101149,0.8731375336647034,0.8731375122070313,0.0004926593753079121,0.21302591388314118,0.12828850133018033,0.6581929254113705
RefCOCO+,groundingdino,77,kt4_ke20_match0.15_birth0.85_dup0.70,4,20,0.7,0.15,0.85,1000,1000,1.0,80000,0.9566375,0.9127151089101149,0.8731375336647034,0.8731375122070313,0.0004926593753079121,0.21302591388314118,0.12828850133018033,0.6581929254113705
RefCOCO+,groundingdino,78,kt4_ke20_match0.25_birth0.50_dup0.70,4,20,0.7,0.25,0.5,1000,1000,1.0,80000,0.9571,0.9094007940654059,0.8703874349594116,0.870387451171875,0.0012537371009740572,0.25200115729578554,0.07773170026039156,0.6690134053428489
RefCOCO+,groundingdino,79,kt4_ke20_match0.25_birth0.70_dup0.70,4,20,0.7,0.25,0.7,1000,1000,1.0,80000,0.95145,0.9127778653633927,0.8684625029563904,0.8684625244140625,0.0012353891475814882,0.24831321866387912,0.11954765751211632,0.630903734676423
RefCOCO+,groundingdino,80,kt4_ke20_match0.25_birth0.85_dup0.70,4,20,0.7,0.25,0.85,1000,1000,1.0,80000,0.95145,0.9127778653633927,0.8684625029563904,0.8684625244140625,0.0012353891475814882,0.24831321866387912,0.11954765751211632,0.630903734676423
RefCOCO+,groundingdino,81,kt5_ke10_match0.10_birth0.50_dup0.70,5,10,0.7,0.1,0.5,1000,1000,1.0,80000,0.92925,0.9055690072639225,0.8414999842643738,0.8415,0.0016561514195583596,0.4149842271293375,0.02973186119873817,0.5536277602523659
RefCOCO+,groundingdino,82,kt5_ke10_match0.10_birth0.70_dup0.70,5,10,0.7,0.1,0.7,1000,1000,1.0,80000,0.924875,0.9088525476415732,0.8405749797821045,0.840574951171875,0.001646542261251372,0.41257644660498666,0.0570017249490356,0.5287752861847264
RefCOCO+,groundingdino,83,kt5_ke10_match0.10_birth0.85_dup0.70,5,10,0.7,0.1,0.85,1000,1000,1.0,80000,0.924875,0.9088525476415732,0.8405749797821045,0.840574951171875,0.001646542261251372,0.41257644660498666,0.0570017249490356,0.5287752861847264
RefCOCO+,groundingdino,84,kt5_ke10_match0.15_birth0.50_dup0.70,5,10,0.7,0.15,0.5,1000,1000,1.0,80000,0.921875,0.9056677966101695,0.8349124789237976,0.8349124755859375,0.0017415007193155145,0.4437040963125615,0.027788294086469295,0.5267661088816536
RefCOCO+,groundingdino,85,kt5_ke10_match0.15_birth0.70_dup0.70,5,10,0.7,0.15,0.7,1000,1000,1.0,80000,0.917625,0.9088543795123281,0.8339874744415283,0.8339874877929687,0.0017317973044198478,0.4412318349521873,0.05323394322716663,0.5038024245162261
RefCOCO+,groundingdino,86,kt5_ke10_match0.15_birth0.85_dup0.70,5,10,0.7,0.15,0.85,1000,1000,1.0,80000,0.917625,0.9088543795123281,0.8339874744415283,0.8339874877929687,0.0017317973044198478,0.4412318349521873,0.05323394322716663,0.5038024245162261
RefCOCO+,groundingdino,87,kt5_ke10_match0.25_birth0.50_dup0.70,5,10,0.7,0.25,0.5,1000,1000,1.0,80000,0.908,0.9068144273127753,0.8233874440193176,0.823387451171875,0.0026187274400169863,0.49331162856536204,0.024984075306108005,0.479085568688513
RefCOCO+,groundingdino,88,kt5_ke10_match0.25_birth0.70_dup0.70,5,10,0.7,0.25,0.7,1000,1000,1.0,80000,0.9039375,0.9098803844292332,0.8224749565124512,0.8224749755859375,0.0026052668638219968,0.4907759470497113,0.04773975496408957,0.45887903112237716
RefCOCO+,groundingdino,89,kt5_ke10_match0.25_birth0.85_dup0.70,5,10,0.7,0.25,0.85,1000,1000,1.0,80000,0.9039375,0.9098803844292332,0.8224749565124512,0.8224749755859375,0.0026052668638219968,0.4907759470497113,0.04773975496408957,0.45887903112237716
RefCOCO+,groundingdino,90,kt5_ke15_match0.10_birth0.50_dup0.70,5,15,0.7,0.1,0.5,1000,1000,1.0,80000,0.9454,0.9049608631267189,0.8555500507354736,0.855550048828125,0.0006057459328487366,0.3344582900657667,0.04292142609899619,0.6220145379023884
RefCOCO+,groundingdino,91,kt5_ke15_match0.10_birth0.70_dup0.70,5,15,0.7,0.1,0.7,1000,1000,1.0,80000,0.94075,0.9083444060589955,0.8545250296592712,0.8545250244140625,0.0006014779171678983,0.3321017356934181,0.07458326172881939,0.5927135246605946
RefCOCO+,groundingdino,92,kt5_ke15_match0.10_birth0.85_dup0.70,5,15,0.7,0.1,0.85,1000,1000,1.0,80000,0.94075,0.9083444060589955,0.8545250296592712,0.8545250244140625,0.0006014779171678983,0.3321017356934181,0.07458326172881939,0.5927135246605946
RefCOCO+,groundingdino,93,kt5_ke15_match0.15_birth0.50_dup0.70,5,15,0.7,0.15,0.5,1000,1000,1.0,80000,0.94,0.9049468085106382,0.8506500124931335,0.8506500244140625,0.0008369601606963508,0.35980917308336124,0.04109474389019083,0.5982591228657516
RefCOCO+,groundingdino,94,kt5_ke15_match0.15_birth0.70_dup0.70,5,15,0.7,0.15,0.7,1000,1000,1.0,80000,0.9354375,0.9082648493352041,0.8496249914169312,0.849625,0.0008312551953449709,0.357356608478803,0.07115544472152951,0.5706566916043225
RefCOCO+,groundingdino,95,kt5_ke15_match0.15_birth0.85_dup0.70,5,15,0.7,0.15,0.85,1000,1000,1.0,80000,0.9354375,0.9082648493352041,0.8496249914169312,0.849625,0.0008312551953449709,0.357356608478803,0.07115544472152951,0.5706566916043225
RefCOCO+,groundingdino,96,kt5_ke15_match0.25_birth0.50_dup0.70,5,15,0.7,0.25,0.5,1000,1000,1.0,80000,0.929275,0.9057060611767238,0.8416500091552734,0.8416500244140624,0.0017366592990211557,0.4075623618566467,0.037338174928954845,0.5533628039153773
RefCOCO+,groundingdino,97,kt5_ke15_match0.25_birth0.70_dup0.70,5,15,0.7,0.25,0.7,1000,1000,1.0,80000,0.9250125,0.9088120430804989,0.8406625390052795,0.8406625366210938,0.0017258962893229779,0.40503647917156976,0.06385816270495018,0.5293794618341571
RefCOCO+,groundingdino,98,kt5_ke15_match0.25_birth0.85_dup0.70,5,15,0.7,0.25,0.85,1000,1000,1.0,80000,0.9250125,0.9088120430804989,0.8406625390052795,0.8406625366210938,0.0017258962893229779,0.40503647917156976,0.06385816270495018,0.5293794618341571
RefCOCO+,groundingdino,99,kt5_ke20_match0.10_birth0.50_dup0.70,5,20,0.7,0.1,0.5,1000,1000,1.0,80000,0.9471375,0.9046732918926766,0.8568499684333801,0.8568499755859375,0.00026196297589940623,0.32413552217953195,0.04488298987076493,0.6307195249738037
RefCOCO+,groundingdino,100,kt5_ke20_match0.10_birth0.70_dup0.70,5,20,0.7,0.1,0.7,1000,1000,1.0,80000,0.942475,0.9080612217830711,0.8558250665664673,0.8558250732421875,0.0002601005722212589,0.3218311080284377,0.07690306918675222,0.6010057222125889
RefCOCO+,groundingdino,101,kt5_ke20_match0.10_birth0.85_dup0.70,5,20,0.7,0.1,0.85,1000,1000,1.0,80000,0.942475,0.9080612217830711,0.8558250665664673,0.8558250732421875,0.0002601005722212589,0.3218311080284377,0.07690306918675222,0.6010057222125889
RefCOCO+,groundingdino,102,kt5_ke20_match0.15_birth0.50_dup0.70,5,20,0.7,0.15,0.5,1000,1000,1.0,80000,0.9419875,0.904669647951804,0.8521875143051147,0.8521875,0.00042283298097251583,0.3490909090909091,0.04295983086680761,0.6075264270613108
RefCOCO+,groundingdino,103,kt5_ke20_match0.15_birth0.70_dup0.70,5,20,0.7,0.15,0.7,1000,1000,1.0,80000,0.9374125,0.9079914125318364,0.8511624932289124,0.8511624755859375,0.00041992105484168975,0.3466868228772991,0.07340220038632737,0.5794910556815319
RefCOCO+,groundingdino,104,kt5_ke20_match0.15_birth0.85_dup0.70,5,20,0.7,0.15,0.85,1000,1000,1.0,80000,0.9374125,0.9079914125318364,0.8511624932289124,0.8511624755859375,0.00041992105484168975,0.3466868228772991,0.07340220038632737,0.5794910556815319
RefCOCO+,groundingdino,105,kt5_ke20_match0.25_birth0.50_dup0.70,5,20,0.7,0.25,0.5,1000,1000,1.0,80000,0.9315875,0.9053765749325747,0.8434374928474426,0.8434375,0.0012774451097804392,0.39672654690618764,0.03896207584830339,0.5630339321357285
RefCOCO+,groundingdino,106,kt5_ke20_match0.25_birth0.70_dup0.70,5,20,0.7,0.25,0.7,1000,1000,1.0,80000,0.9273125,0.908485542899508,0.8424500226974487,0.8424500122070312,0.0012694382735639479,0.3942399238337036,0.0658521104411298,0.5386385274516027
RefCOCO+,groundingdino,107,kt5_ke20_match0.25_birth0.85_dup0.70,5,20,0.7,0.25,0.85,1000,1000,1.0,80000,0.9273125,0.908485542899508,0.8424500226974487,0.8424500122070312,0.0012694382735639479,0.3942399238337036,0.0658521104411298,0.5386385274516027
RefCOCO+,yoloworld,0,kt2_ke10_match0.10_birth0.50_dup0.70,2,10,0.7,0.1,0.5,1000,757,0.757,60560,0.8838342140026421,0.8937319009808501,0.597962498664856,0.7899108644835701,0.1263852864890356,0.22769786999921401,0.19885247190128114,0.44706437161046925
RefCOCO+,yoloworld,1,kt2_ke10_match0.10_birth0.70_dup0.70,2,10,0.7,0.1,0.7,1000,757,0.757,60560,0.8765686922060766,0.8976923801450504,0.5956750512123108,0.7868891001692536,0.12459321245932124,0.22446923911359057,0.2301255230125523,0.4208120254145359
RefCOCO+,yoloworld,2,kt2_ke10_match0.10_birth0.85_dup0.70,2,10,0.7,0.1,0.85,1000,757,0.757,60560,0.8765686922060766,0.8976923801450504,0.5956750512123108,0.7868891001692536,0.12459321245932124,0.22446923911359057,0.2301255230125523,0.4208120254145359
RefCOCO+,yoloworld,3,kt2_ke10_match0.15_birth0.50_dup0.70,2,10,0.7,0.15,0.5,1000,757,0.757,60560,0.8823811096433289,0.8936317532795629,0.5969125032424927,0.7885237458202609,0.12633715936597173,0.2326071679550246,0.19723588662450223,0.44381978605450145
RefCOCO+,yoloworld,4,kt2_ke10_match0.15_birth0.70_dup0.70,2,10,0.7,0.15,0.7,1000,757,0.757,60560,0.8751155878467636,0.8975979772439949,0.5946249961853027,0.7855019815059445,0.12455735180908391,0.22933025404157042,0.22832948421862972,0.41778290993071593
RefCOCO+,yoloworld,5,kt2_ke10_match0.15_birth0.85_dup0.70,2,10,0.7,0.15,0.85,1000,757,0.757,60560,0.8751155878467636,0.8975979772439949,0.5946249961853027,0.7855019815059445,0.12455735180908391,0.22933025404157042,0.22832948421862972,0.41778290993071593
RefCOCO+,yoloworld,6,kt2_ke10_match0.25_birth0.50_dup0.70,2,10,0.7,0.25,0.5,1000,757,0.757,60560,0.8796730515191545,0.8937360388939989,0.5951500535011292,0.7861955408375991,0.1277417361754711,0.2410410874266296,0.19400679641643498,0.43721037998146434
RefCOCO+,yoloworld,7,kt2_ke10_match0.25_birth0.70_dup0.70,2,10,0.7,0.25,0.7,1000,757,0.757,60560,0.8724075297225892,0.8977154429996403,0.5928625464439392,0.7831737765232827,0.12596146523494023,0.23768182164343918,0.22481151473612063,0.41154519838549997
RefCOCO+,yoloworld,8,kt2_ke10_match0.25_birth0.85_dup0.70,2,10,0.7,0.25,0.85,1000,757,0.757,60560,0.8724075297225892,0.8977154429996403,0.5928625464439392,0.7831737765232827,0.12596146523494023,0.23768182164343918,0.22481151473612063,0.41154519838549997
RefCOCO+,yoloworld,9,kt2_ke15_match0.10_birth0.50_dup0.70,2,15,0.7,0.1,0.5,1000,757,0.757,60560,0.8838342140026421,0.8939187295656236,0.5980875492095947,0.7900759899789465,0.12538346574372689,0.2255958467710218,0.20239125304806105,0.4466294344371903
RefCOCO+,yoloworld,10,kt2_ke15_match0.10_birth0.70_dup0.70,2,15,0.7,0.1,0.7,1000,757,0.757,60560,0.876552179656539,0.8978599954788636,0.5957750082015991,0.7870211683144815,0.12358505194603815,0.22236005582260815,0.233679640254303,0.4203752519770507
RefCOCO+,yoloworld,11,kt2_ke15_match0.10_birth0.85_dup0.70,2,15,0.7,0.1,0.85,1000,757,0.757,60560,0.876552179656539,0.8978599954788636,0.5957750082015991,0.7870211683144815,0.12358505194603815,0.22236005582260815,0.233679640254303,0.4203752519770507
RefCOCO+,yoloworld,12,kt2_ke15_match0.15_birth0.50_dup0.70,2,15,0.7,0.15,0.5,1000,757,0.757,60560,0.8823976221928665,0.8938208765298102,0.5970500707626343,0.788705480618395,0.1251953735542357,0.23046264457643015,0.20092216317599249,0.4434198186933417
RefCOCO+,yoloworld,13,kt2_ke15_match0.15_birth0.70_dup0.70,2,15,0.7,0.15,0.7,1000,757,0.757,60560,0.8751155878467636,0.8977677981772553,0.5947374701499939,0.7856505783262467,0.12341113935752253,0.22717818349896002,0.23203143055234574,0.4173792465911717
RefCOCO+,yoloworld,14,kt2_ke15_match0.15_birth0.85_dup0.70,2,15,0.7,0.15,0.85,1000,757,0.757,60560,0.8751155878467636,0.8977677981772553,0.5947374701499939,0.7856505783262467,0.12341113935752253,0.22717818349896002,0.23203143055234574,0.4173792465911717
RefCOCO+,yoloworld,15,kt2_ke15_match0.25_birth0.50_dup0.70,2,15,0.7,0.25,0.5,1000,757,0.757,60560,0.8797225891677675,0.8939297244537878,0.5953124761581421,0.7864101717305152,0.12640123695400077,0.2388094317742559,0.1979126401236954,0.43687669114804795
RefCOCO+,yoloworld,16,kt2_ke15_match0.25_birth0.70_dup0.70,2,15,0.7,0.25,0.7,1000,757,0.757,60560,0.8724405548216645,0.8978896564777137,0.5929999947547913,0.7833553500660502,0.12461890243902439,0.2354420731707317,0.22873475609756097,0.4112042682926829
RefCOCO+,yoloworld,17,kt2_ke15_match0.25_birth0.85_dup0.70,2,15,0.7,0.25,0.85,1000,757,0.757,60560,0.8724405548216645,0.8978896564777137,0.5929999947547913,0.7833553500660502,0.12461890243902439,0.2354420731707317,0.22873475609756097,0.4112042682926829
RefCOCO+,yoloworld,18,kt2_ke20_match0.10_birth0.50_dup0.70,2,20,0.7,0.1,0.5,1000,757,0.757,60560,0.8838342140026421,0.8939187295656236,0.5980875492095947,0.7900759899789465,0.12538346574372689,0.22535986785180523,0.20262723196727758,0.4466294344371903
RefCOCO+,yoloworld,19,kt2_ke20_match0.10_birth0.70_dup0.70,2,20,0.7,0.1,0.7,1000,757,0.757,60560,0.876552179656539,0.8978599954788636,0.5957750082015991,0.7870211683144815,0.12358505194603815,0.2221274616219569,0.23391223445495427,0.4203752519770507
RefCOCO+,yoloworld,20,kt2_ke20_match0.10_birth0.85_dup0.70,2,20,0.7,0.1,0.85,1000,757,0.757,60560,0.876552179656539,0.8978599954788636,0.5957750082015991,0.7870211683144815,0.12358505194603815,0.2221274616219569,0.23391223445495427,0.4203752519770507
RefCOCO+,yoloworld,21,kt2_ke20_match0.15_birth0.50_dup0.70,2,20,0.7,0.15,0.5,1000,757,0.757,60560,0.8823976221928665,0.8938208765298102,0.5970500707626343,0.788705480618395,0.12511722413254142,0.2302281963113473,0.20123476086276962,0.4434198186933417
RefCOCO+,yoloworld,22,kt2_ke20_match0.15_birth0.70_dup0.70,2,20,0.7,0.15,0.7,1000,757,0.757,60560,0.8751155878467636,0.8977677981772553,0.5947374701499939,0.7856505783262467,0.12333410369000847,0.22694707649641785,0.23233957322240198,0.4173792465911717
RefCOCO+,yoloworld,23,kt2_ke20_match0.15_birth0.85_dup0.70,2,20,0.7,0.15,0.85,1000,757,0.757,60560,0.8751155878467636,0.8977677981772553,0.5947374701499939,0.7856505783262467,0.12333410369000847,0.22694707649641785,0.23233957322240198,0.4173792465911717
RefCOCO+,yoloworld,24,kt2_ke20_match0.25_birth0.50_dup0.70,2,20,0.7,0.25,0.5,1000,757,0.757,60560,0.8797225891677675,0.8939297244537878,0.5953124761581421,0.7864101717305152,0.12616930807885582,0.23857750289911095,0.1983764978739853,0.43687669114804795
RefCOCO+,yoloworld,25,kt2_ke20_match0.25_birth0.70_dup0.70,2,20,0.7,0.25,0.7,1000,757,0.757,60560,0.8724405548216645,0.8978896564777137,0.5929999947547913,0.7833553500660502,0.12439024390243902,0.23521341463414633,0.2291920731707317,0.4112042682926829
RefCOCO+,yoloworld,26,kt2_ke20_match0.25_birth0.85_dup0.70,2,20,0.7,0.25,0.85,1000,757,0.757,60560,0.8724405548216645,0.8978896564777137,0.5929999947547913,0.7833553500660502,0.12439024390243902,0.23521341463414633,0.2291920731707317,0.4112042682926829
RefCOCO+,yoloworld,27,kt3_ke10_match0.10_birth0.50_dup0.70,3,10,0.7,0.1,0.5,1000,757,0.757,60560,0.8404227212681638,0.8734085193335429,0.5556624531745911,0.7340323323460205,0.10535791891724094,0.4255913577947476,0.06903830632644192,0.40001241696156953
RefCOCO+,yoloworld,28,kt3_ke10_match0.10_birth0.70_dup0.70,3,10,0.7,0.1,0.7,1000,757,0.757,60560,0.8340653896961691,0.8781057591415731,0.5544250011444092,0.73239760606733,0.10471430334444033,0.42299148463532027,0.09237319511292114,0.3799210169073183
RefCOCO+,yoloworld,29,kt3_ke10_match0.10_birth0.85_dup0.70,3,10,0.7,0.1,0.85,1000,757,0.757,60560,0.8340653896961691,0.8781057591415731,0.5544250011444092,0.73239760606733,0.10471430334444033,0.42299148463532027,0.09237319511292114,0.3799210169073183
RefCOCO+,yoloworld,30,kt3_ke10_match0.15_birth0.50_dup0.70,3,10,0.7,0.15,0.5,1000,757,0.757,60560,0.8371532364597094,0.8736044814391101,0.5536249876022339,0.7313408190224571,0.1047940995697603,0.4339889366933006,0.06736324523663184,0.3938537185003073
RefCOCO+,yoloworld,31,kt3_ke10_match0.15_birth0.70_dup0.70,3,10,0.7,0.15,0.7,1000,757,0.757,60560,0.8308124174372523,0.8783241244981516,0.5524000525474548,0.7297226214188408,0.10416666666666667,0.4313905180840665,0.09042033235581623,0.37402248289345064
RefCOCO+,yoloworld,32,kt3_ke10_match0.15_birth0.85_dup0.70,3,10,0.7,0.15,0.85,1000,757,0.757,60560,0.8308124174372523,0.8783241244981516,0.5524000525474548,0.7297226214188408,0.10416666666666667,0.4313905180840665,0.09042033235581623,0.37402248289345064
RefCOCO+,yoloworld,33,kt3_ke10_match0.25_birth0.50_dup0.70,3,10,0.7,0.25,0.5,1000,757,0.757,60560,0.832892998678996,0.8734536082474227,0.550712525844574,0.7274934272312582,0.10573835060292068,0.4417984608858995,0.06568502696479428,0.3867781615463855
RefCOCO+,yoloworld,34,kt3_ke10_match0.25_birth0.70_dup0.70,3,10,0.7,0.25,0.7,1000,757,0.757,60560,0.8265521796565389,0.8781964200095893,0.5494874715805054,0.7258751489999588,0.10511414975001505,0.43919041021625205,0.0884284079272333,0.36726703210649964
RefCOCO+,yoloworld,35,kt3_ke10_match0.25_birth0.85_dup0.70,3,10,0.7,0.25,0.85,1000,757,0.757,60560,0.8265521796565389,0.8781964200095893,0.5494874715805054,0.7258751489999588,0.10511414975001505,0.43919041021625205,0.0884284079272333,0.36726703210649964
RefCOCO+,yoloworld,36,kt3_ke15_match0.10_birth0.50_dup0.70,3,15,0.7,0.1,0.5,1000,757,0.757,60560,0.840885072655218,0.8735763097949886,0.5560750365257263,0.7345772948573729,0.10470324748040313,0.42186139106631826,0.07291277839990046,0.4005225830533781
RefCOCO+,yoloworld,37,kt3_ke15_match0.10_birth0.70_dup0.70,3,15,0.7,0.1,0.7,1000,757,0.757,60560,0.8344782034346103,0.8782452113344942,0.5547874569892883,0.7328764538783851,0.10403659516597638,0.4191753724423564,0.09643320764047722,0.38035482475119
RefCOCO+,yoloworld,38,kt3_ke15_match0.10_birth0.85_dup0.70,3,15,0.7,0.1,0.85,1000,757,0.757,60560,0.8344782034346103,0.8782452113344942,0.5547874569892883,0.7328764538783851,0.10403659516597638,0.4191753724423564,0.09643320764047722,0.38035482475119
RefCOCO+,yoloworld,39,kt3_ke15_match0.15_birth0.50_dup0.70,3,15,0.7,0.15,0.5,1000,757,0.757,60560,0.8376816380449141,0.8737827715355805,0.5540875196456909,0.7319518156064234,0.104108913940738,0.43017310417051685,0.07127456415942833,0.39444341772931685
RefCOCO+,yoloworld,40,kt3_ke15_match0.15_birth0.70_dup0.70,3,15,0.7,0.15,0.7,1000,757,0.757,60560,0.8312912813738441,0.8784736706195498,0.5528125166893005,0.7302675033025099,0.10345883073155801,0.42748699112335475,0.09452096724823998,0.37453321089684727
RefCOCO+,yoloworld,41,kt3_ke15_match0.15_birth0.85_dup0.70,3,15,0.7,0.15,0.85,1000,757,0.757,60560,0.8312912813738441,0.8784736706195498,0.5528125166893005,0.7302675033025099,0.10345883073155801,0.42748699112335475,0.09452096724823998,0.37453321089684727
RefCOCO+,yoloworld,42,kt3_ke15_match0.25_birth0.50_dup0.70,3,15,0.7,0.25,0.5,1000,757,0.757,60560,0.8335535006605019,0.8736529318541997,0.5512750148773193,0.7282364919604525,0.10493377081054805,0.43796330052254223,0.0695710292866691,0.38753189938024063
RefCOCO+,yoloworld,43,kt3_ke15_match0.25_birth0.70_dup0.70,3,15,0.7,0.25,0.7,1000,757,0.757,60560,0.8271631439894319,0.8783662387958397,0.550000011920929,0.726552179656539,0.10428743961352657,0.43526570048309177,0.092512077294686,0.36793478260869567
RefCOCO+,yoloworld,44,kt3_ke15_match0.25_birth0.85_dup0.70,3,15,0.7,0.25,0.85,1000,757,0.757,60560,0.8271631439894319,0.8783662387958397,0.550000011920929,0.726552179656539,0.10428743961352657,0.43526570048309177,0.092512077294686,0.36793478260869567
RefCOCO+,yoloworld,45,kt3_ke20_match0.10_birth0.50_dup0.70,3,20,0.7,0.1,0.5,1000,757,0.757,60560,0.8410997357992074,0.873647839487995,0.5562624335289001,0.7348249024727543,0.1047387757643689,0.4204495921290242,0.07403947941964008,0.4007721526869668
RefCOCO+,yoloworld,46,kt3_ke20_match0.10_birth0.70_dup0.70,3,20,0.7,0.1,0.7,1000,757,0.757,60560,0.8346103038309115,0.878304051915163,0.5549125075340271,0.7330416600014449,0.104039091977485,0.4176408733840539,0.09785365250201027,0.3804663821364508
RefCOCO+,yoloworld,47,kt3_ke20_match0.10_birth0.85_dup0.70,3,20,0.7,0.1,0.85,1000,757,0.757,60560,0.8346103038309115,0.878304051915163,0.5549125075340271,0.7330416600014449,0.104039091977485,0.4176408733840539,0.09785365250201027,0.3804663821364508
RefCOCO+,yoloworld,48,kt3_ke20_match0.15_birth0.50_dup0.70,3,20,0.7,0.15,0.5,1000,757,0.757,60560,0.8379128137384412,0.8738570077250513,0.5542874932289124,0.7322159518968792,0.1040883023987174,0.42868594684590244,0.07251649503607326,0.3947092557193069
RefCOCO+,yoloworld,49,kt3_ke20_match0.15_birth0.70_dup0.70,3,20,0.7,0.15,0.7,1000,757,0.757,60560,0.8314398943196829,0.8785351128058468,0.5529499650001526,0.7304490768452774,0.10340602793432982,0.42587601078167114,0.09605488850771869,0.3746630727762803
RefCOCO+,yoloworld,50,kt3_ke20_match0.15_birth0.85_dup0.70,3,20,0.7,0.15,0.85,1000,757,0.757,60560,0.8314398943196829,0.8785351128058468,0.5529499650001526,0.7304490768452774,0.10340602793432982,0.42587601078167114,0.09605488850771869,0.3746630727762803
RefCOCO+,yoloworld,51,kt3_ke20_match0.25_birth0.50_dup0.70,3,20,0.7,0.25,0.5,1000,757,0.757,60560,0.8338011889035667,0.8737300722843846,0.5514875650405884,0.7285172375536658,0.10498144881698193,0.4365306246578675,0.07067696612128216,0.38781096040386837
RefCOCO+,yoloworld,52,kt3_ke20_match0.25_birth0.70_dup0.70,3,20,0.7,0.25,0.7,1000,757,0.757,60560,0.8273282694848084,0.8784304333073868,0.5501500368118286,0.726750362502064,0.10430263475948755,0.4337080009668842,0.09390862944162437,0.3680807348320039
RefCOCO+,yoloworld,53,kt3_ke20_match0.25_birth0.85_dup0.70,3,20,0.7,0.25,0.85,1000,757,0.757,60560,0.8273282694848084,0.8784304333073868,0.5501500368118286,0.726750362502064,0.10430263475948755,0.4337080009668842,0.09390862944162437,0.3680807348320039
RefCOCO+,yoloworld,54,kt4_ke10_match0.10_birth0.50_dup0.70,4,10,0.7,0.1,0.5,1000,757,0.757,60560,0.7966974900924703,0.8672276571049577,0.5230250358581543,0.6909181300053666,0.09183673469387756,0.5357944224810343,0.03013142429746768,0.34223741852762046
RefCOCO+,yoloworld,55,kt4_ke10_match0.10_birth0.70_dup0.70,4,10,0.7,0.1,0.7,1000,757,0.757,60560,0.7909346103038309,0.8721267667383452,0.5221750140190125,0.6897952282601965,0.09150431172149473,0.5338549984030662,0.04860002129245183,0.32604066858298736
RefCOCO+,yoloworld,56,kt4_ke10_match0.10_birth0.85_dup0.70,4,10,0.7,0.1,0.85,1000,757,0.757,60560,0.7909346103038309,0.8721267667383452,0.5221750140190125,0.6897952282601965,0.09150431172149473,0.5338549984030662,0.04860002129245183,0.32604066858298736
RefCOCO+,yoloworld,57,kt4_ke10_match0.15_birth0.50_dup0.70,4,10,0.7,0.15,0.5,1000,757,0.757,60560,0.7938243064729195,0.867329533635645,0.5212000012397766,0.6885072816473332,0.09155004240882103,0.5413486005089059,0.028997031382527565,0.3381043256997455
RefCOCO+,yoloworld,58,kt4_ke10_match0.15_birth0.70_dup0.70,4,10,0.7,0.15,0.7,1000,757,0.757,60560,0.7881274768824307,0.872195101510612,0.5203624963760376,0.6874009085772375,0.09122603137710633,0.5394326765622524,0.04711848291162643,0.32222280914901485
RefCOCO+,yoloworld,59,kt4_ke10_match0.15_birth0.85_dup0.70,4,10,0.7,0.15,0.85,1000,757,0.757,60560,0.7881274768824307,0.872195101510612,0.5203624963760376,0.6874009085772375,0.09122603137710633,0.5394326765622524,0.04711848291162643,0.32222280914901485
RefCOCO+,yoloworld,60,kt4_ke10_match0.25_birth0.50_dup0.70,4,10,0.7,0.25,0.5,1000,757,0.757,60560,0.7892173051519155,0.8681452034731667,0.5186624526977539,0.6851551857145806,0.09277809828499502,0.5489589342843657,0.027744270205066344,0.330518697225573
RefCOCO+,yoloworld,61,kt4_ke10_match0.25_birth0.70_dup0.70,4,10,0.7,0.25,0.7,1000,757,0.757,60560,0.7835204755614267,0.87304531085353,0.5178250074386597,0.6840488932721681,0.09245322462631964,0.5470366886171214,0.04567785094596007,0.31483223581059894
RefCOCO+,yoloworld,62,kt4_ke10_match0.25_birth0.85_dup0.70,4,10,0.7,0.25,0.85,1000,757,0.757,60560,0.7835204755614267,0.87304531085353,0.5178250074386597,0.6840488932721681,0.09245322462631964,0.5470366886171214,0.04567785094596007,0.31483223581059894
RefCOCO+,yoloworld,63,kt4_ke15_match0.10_birth0.50_dup0.70,4,15,0.7,0.1,0.5,1000,757,0.757,60560,0.7977377807133421,0.8674007989898781,0.523812472820282,0.6919583883751651,0.09139640846957921,0.5314928973465559,0.03371750201018494,0.34339319217368
RefCOCO+,yoloworld,64,kt4_ke15_match0.10_birth0.70_dup0.70,4,15,0.7,0.1,0.7,1000,757,0.757,60560,0.7919418758256275,0.8722477064220183,0.5229125022888184,0.6907694525573811,0.09104501521866823,0.5294494580018155,0.05233085918726972,0.3271746675922465
RefCOCO+,yoloworld,65,kt4_ke15_match0.10_birth0.85_dup0.70,4,15,0.7,0.1,0.85,1000,757,0.757,60560,0.7919418758256275,0.8722477064220183,0.5229125022888184,0.6907694525573811,0.09104501521866823,0.5294494580018155,0.05233085918726972,0.3271746675922465
RefCOCO+,yoloworld,66,kt4_ke15_match0.15_birth0.50_dup0.70,4,15,0.7,0.15,0.5,1000,757,0.757,60560,0.7950297225891678,0.8675099175441876,0.5220999717712402,0.6896961368374339,0.09110259684972329,0.5368773946360154,0.032567049808429116,0.33945295870583225
RefCOCO+,yoloworld,67,kt4_ke15_match0.15_birth0.70_dup0.70,4,15,0.7,0.15,0.7,1000,757,0.757,60560,0.789283355350066,0.8723195045921462,0.5211999416351318,0.6885072010196499,0.090754877014419,0.5348282442748091,0.05089058524173028,0.32352629346904155
RefCOCO+,yoloworld,68,kt4_ke15_match0.15_birth0.85_dup0.70,4,15,0.7,0.15,0.85,1000,757,0.757,60560,0.789283355350066,0.8723195045921462,0.5211999416351318,0.6885072010196499,0.090754877014419,0.5348282442748091,0.05089058524173028,0.32352629346904155
RefCOCO+,yoloworld,69,kt4_ke15_match0.25_birth0.50_dup0.70,4,15,0.7,0.25,0.5,1000,757,0.757,60560,0.790785997357992,0.8683023595740238,0.5197874903678894,0.686641315172969,0.09221689413500553,0.5437635031880698,0.031669916214364754,0.33234968646255997
RefCOCO+,yoloworld,70,kt4_ke15_match0.25_birth0.70_dup0.70,4,15,0.7,0.25,0.7,1000,757,0.757,60560,0.7850396301188903,0.8731437465819696,0.5188875198364258,0.6854524599828682,0.09186833954538295,0.5417082261536038,0.04981888813061053,0.3166045461704026
RefCOCO+,yoloworld,71,kt4_ke15_match0.25_birth0.85_dup0.70,4,15,0.7,0.25,0.85,1000,757,0.757,60560,0.7850396301188903,0.8731437465819696,0.5188875198364258,0.6854524599828682,0.09186833954538295,0.5417082261536038,0.04981888813061053,0.3166045461704026
RefCOCO+,yoloworld,72,kt4_ke20_match0.10_birth0.50_dup0.70,4,20,0.7,0.1,0.5,1000,757,0.757,60560,0.7980845442536327,0.8675411735496151,0.5241249799728394,0.6923712021136064,0.09146537842190017,0.5300053676865271,0.03488996242619431,0.3436392914653784
RefCOCO+,yoloworld,73,kt4_ke20_match0.10_birth0.70_dup0.70,4,20,0.7,0.1,0.7,1000,757,0.757,60560,0.7922225891677676,0.8723555036788461,0.5231624841690063,0.6910997035481341,0.09108889720425509,0.5278238092692575,0.053723205217298335,0.32736408830918906
RefCOCO+,yoloworld,74,kt4_ke20_match0.10_birth0.85_dup0.70,4,20,0.7,0.1,0.85,1000,757,0.757,60560,0.7922225891677676,0.8723555036788461,0.5231624841690063,0.6910997035481341,0.09108889720425509,0.5278238092692575,0.053723205217298335,0.32736408830918906
RefCOCO+,yoloworld,75,kt4_ke20_match0.15_birth0.50_dup0.70,4,20,0.7,0.15,0.5,1000,757,0.757,60560,0.7954590488771466,0.867664459344446,0.522475004196167,0.6901915133235634,0.09114166933162776,0.5352307856305298,0.033845005862914404,0.33978253917492807
RefCOCO+,yoloworld,76,kt4_ke20_match0.15_birth0.70_dup0.70,4,20,0.7,0.15,0.7,1000,757,0.757,60560,0.7896466314398943,0.8724409778130947,0.5215124487876892,0.6889200147580912,0.09076914910557886,0.5330431551568554,0.05239131588725516,0.3237963798503105
RefCOCO+,yoloworld,77,kt4_ke20_match0.15_birth0.85_dup0.70,4,20,0.7,0.15,0.85,1000,757,0.757,60560,0.7896466314398943,0.8724409778130947,0.5215124487876892,0.6889200147580912,0.09076914910557886,0.5330431551568554,0.05239131588725516,0.3237963798503105
RefCOCO+,yoloworld,78,kt4_ke20_match0.25_birth0.50_dup0.70,4,20,0.7,0.25,0.5,1000,757,0.757,60560,0.7912483487450462,0.8684627906006094,0.520187497138977,0.687169749009247,0.09231987331749802,0.5421483240960676,0.03283188176299815,0.33269992082343625
RefCOCO+,yoloworld,79,kt4_ke20_match0.25_birth0.70_dup0.70,4,20,0.7,0.25,0.7,1000,757,0.757,60560,0.7854359313077939,0.8732708236975991,0.519225001335144,0.6858982504437747,0.09194616759541584,0.5399537377773105,0.05120386920407949,0.3168962254231942
RefCOCO+,yoloworld,80,kt4_ke20_match0.25_birth0.85_dup0.70,4,20,0.7,0.25,0.85,1000,757,0.757,60560,0.7854359313077939,0.8732708236975991,0.519225001335144,0.6858982504437747,0.09194616759541584,0.5399537377773105,0.05120386920407949,0.3168962254231942
RefCOCO+,yoloworld,81,kt5_ke10_match0.10_birth0.50_dup0.70,5,10,0.7,0.1,0.5,1000,757,0.757,60560,0.764943857331572,0.8679330814894766,0.5025874972343445,0.6639201115113111,0.08504888714194468,0.5971601238146711,0.017196482091092223,0.30059450695229206
RefCOCO+,yoloworld,82,kt5_ke10_match0.10_birth0.70_dup0.70,5,10,0.7,0.1,0.7,1000,757,0.757,60560,0.7607992073976222,0.8718583148847506,0.5021250247955322,0.6633091149273448,0.08489455615497793,0.596076508092202,0.029475232957332027,0.289553702795488
RefCOCO+,yoloworld,83,kt5_ke10_match0.10_birth0.85_dup0.70,5,10,0.7,0.1,0.85,1000,757,0.757,60560,0.7607992073976222,0.8718583148847506,0.5021250247955322,0.6633091149273448,0.08489455615497793,0.596076508092202,0.029475232957332027,0.289553702795488
RefCOCO+,yoloworld,84,kt5_ke10_match0.15_birth0.50_dup0.70,5,10,0.7,0.15,0.5,1000,757,0.757,60560,0.7611294583883752,0.8682257994532911,0.500249981880188,0.6608322324966975,0.08466407010710808,0.6031645569620253,0.016455696202531647,0.29571567672833493
RefCOCO+,yoloworld,85,kt5_ke10_match0.15_birth0.70_dup0.70,5,10,0.7,0.15,0.7,1000,757,0.757,60560,0.7570343461030383,0.8721153426689351,0.49978750944137573,0.6602212762265728,0.08451183360062206,0.6020799922243282,0.028478398211595472,0.28492977596345437
RefCOCO+,yoloworld,86,kt5_ke10_match0.15_birth0.85_dup0.70,5,10,0.7,0.15,0.85,1000,757,0.757,60560,0.7570343461030383,0.8721153426689351,0.49978750944137573,0.6602212762265728,0.08451183360062206,0.6020799922243282,0.028478398211595472,0.28492977596345437
RefCOCO+,yoloworld,87,kt5_ke10_match0.25_birth0.50_dup0.70,5,10,0.7,0.25,0.5,1000,757,0.757,60560,0.756060105680317,0.8690239587655885,0.4973750114440918,0.6570343461030383,0.08570052961001444,0.6099181511795859,0.015647568608570053,0.28873375060182954
RefCOCO+,yoloworld,88,kt5_ke10_match0.25_birth0.70_dup0.70,5,10,0.7,0.25,0.7,1000,757,0.757,60560,0.7519649933949801,0.8729440699180921,0.49691253900527954,0.6564234301467553,0.08554813283990964,0.6088335656269525,0.02753880905464507,0.27807949247849284
RefCOCO+,yoloworld,89,kt5_ke10_match0.25_birth0.85_dup0.70,5,10,0.7,0.25,0.85,1000,757,0.757,60560,0.7519649933949801,0.8729440699180921,0.49691253900527954,0.6564234301467553,0.08554813283990964,0.6088335656269525,0.02753880905464507,0.27807949247849284
RefCOCO+,yoloworld,90,kt5_ke15_match0.10_birth0.50_dup0.70,5,15,0.7,0.1,0.5,1000,757,0.757,60560,0.7672060766182298,0.8676983341225087,0.5039374828338623,0.6657034346103038,0.08476166954803656,0.5917016547295628,0.01990614966658434,0.30363052605581625
RefCOCO+,yoloworld,91,kt5_ke15_match0.10_birth0.70_dup0.70,5,15,0.7,0.1,0.7,1000,757,0.757,60560,0.7630944517833553,0.8715080172245905,0.5034375190734863,0.6650429326287979,0.0845945279763372,0.5905348779886616,0.032141976830170074,0.2927286172048312
RefCOCO+,yoloworld,92,kt5_ke15_match0.10_birth0.85_dup0.70,5,15,0.7,0.1,0.85,1000,757,0.757,60560,0.7630944517833553,0.8715080172245905,0.5034375190734863,0.6650429326287979,0.0845945279763372,0.5905348779886616,0.032141976830170074,0.2927286172048312
RefCOCO+,yoloworld,93,kt5_ke15_match0.15_birth0.50_dup0.70,5,15,0.7,0.15,0.5,1000,757,0.757,60560,0.7637384412153236,0.8680057078612817,0.5018374919891357,0.6629293182252105,0.08440699554205654,0.5972664478518591,0.019252437172390145,0.2990741194336942
RefCOCO+,yoloworld,94,kt5_ke15_match0.15_birth0.70_dup0.70,5,15,0.7,0.15,0.7,1000,757,0.757,60560,0.7596433289299868,0.8718154943048431,0.501337468624115,0.6622688162437046,0.08424192050066005,0.5960983718769862,0.03134014569989733,0.2883195619224564
RefCOCO+,yoloworld,95,kt5_ke15_match0.15_birth0.85_dup0.70,5,15,0.7,0.15,0.85,1000,757,0.757,60560,0.7596433289299868,0.8718154943048431,0.501337468624115,0.6622688162437046,0.08424192050066005,0.5960983718769862,0.03134014569989733,0.2883195619224564
RefCOCO+,yoloworld,96,kt5_ke15_match0.25_birth0.50_dup0.70,5,15,0.7,0.25,0.5,1000,757,0.757,60560,0.7592635402906208,0.8686631434723038,0.4992750287055969,0.6595442858838342,0.08536230478222911,0.6033562906198467,0.018381996313900476,0.29289940828402367
RefCOCO+,yoloworld,97,kt5_ke15_match0.25_birth0.70_dup0.70,5,15,0.7,0.25,0.7,1000,757,0.757,60560,0.755168428005284,0.8724990706929351,0.49877500534057617,0.6588837435884867,0.08519701810436635,0.6021880143285894,0.03035143769968051,0.28226352986736375
RefCOCO+,yoloworld,98,kt5_ke15_match0.25_birth0.85_dup0.70,5,15,0.7,0.25,0.85,1000,757,0.757,60560,0.755168428005284,0.8724990706929351,0.49877500534057617,0.6588837435884867,0.08519701810436635,0.6021880143285894,0.03035143769968051,0.28226352986736375
RefCOCO+,yoloworld,99,kt5_ke20_match0.10_birth0.50_dup0.70,5,20,0.7,0.1,0.5,1000,757,0.757,60560,0.7679656538969617,0.8675496688741722,0.5043500065803528,0.6662483568078146,0.08485058381159707,0.5890065307737977,0.021373441519889173,0.304769443894716
RefCOCO+,yoloworld,100,kt5_ke20_match0.10_birth0.70_dup0.70,5,20,0.7,0.1,0.7,1000,757,0.757,60560,0.763771466314399,0.8713408570069615,0.5037875175476074,0.665505332392462,0.08466209211630547,0.5876980796761613,0.03386483684652219,0.293774991361011
RefCOCO+,yoloworld,101,kt5_ke20_match0.10_birth0.85_dup0.70,5,20,0.7,0.1,0.85,1000,757,0.757,60560,0.763771466314399,0.8713408570069615,0.5037875175476074,0.665505332392462,0.08466209211630547,0.5876980796761613,0.03386483684652219,0.293774991361011
RefCOCO+,yoloworld,102,kt5_ke20_match0.15_birth0.50_dup0.70,5,20,0.7,0.15,0.5,1000,757,0.757,60560,0.764613606340819,0.8678760393046108,0.5023375153541565,0.6635898605205581,0.0844745496490453,0.5944141756246012,0.02081185883276886,0.30029941589358466
RefCOCO+,yoloworld,103,kt5_ke20_match0.15_birth0.70_dup0.70,5,20,0.7,0.15,0.7,1000,757,0.757,60560,0.760435931307794,0.8716668114305568,0.5017750263214111,0.662846795791364,0.08428837300421196,0.5931041238123225,0.033157018317171126,0.28945048486629443
RefCOCO+,yoloworld,104,kt5_ke20_match0.15_birth0.85_dup0.70,5,20,0.7,0.15,0.85,1000,757,0.757,60560,0.760435931307794,0.8716668114305568,0.5017750263214111,0.662846795791364,0.08428837300421196,0.5931041238123225,0.033157018317171126,0.28945048486629443
RefCOCO+,yoloworld,105,kt5_ke20_match0.25_birth0.50_dup0.70,5,20,0.7,0.25,0.5,1000,757,0.757,60560,0.7602708058124175,0.8685547977933191,0.499875009059906,0.660336856010568,0.08551288283908605,0.6004375303840545,0.019834710743801654,0.29421487603305785
RefCOCO+,yoloworld,106,kt5_ke20_match0.25_birth0.70_dup0.70,5,20,0.7,0.25,0.7,1000,757,0.757,60560,0.7560931307793923,0.8723710934940706,0.49931249022483826,0.6595937912813739,0.0853262187727383,0.5991268493815183,0.03206403104535532,0.28348290080038807
RefCOCO+,yoloworld,107,kt5_ke20_match0.25_birth0.85_dup0.70,5,20,0.7,0.25,0.85,1000,757,0.757,60560,0.7560931307793923,0.8723710934940706,0.49931249022483826,0.6595937912813739,0.0853262187727383,0.5991268493815183,0.03206403104535532,0.28348290080038807
Ref-L4,groundingdino,0,kt2_ke10_match0.10_birth0.50_dup0.70,2,10,0.7,0.1,0.5,1000,1000,1.0,80000,0.9524125,0.9249931096032444,0.8809750080108643,0.8809750366210938,0.0014702793530770846,0.006826296996429322,0.3915143877336694,0.6001890359168242
Ref-L4,groundingdino,1,kt2_ke10_match0.10_birth0.70_dup0.70,2,10,0.7,0.1,0.7,1000,1000,1.0,80000,0.9486875,0.9265300744449568,0.8789875507354736,0.878987548828125,0.0014461315979754157,0.006714182419171573,0.41586612953207314,0.5759735564507799
Ref-L4,groundingdino,2,kt2_ke10_match0.10_birth0.85_dup0.70,2,10,0.7,0.1,0.85,1000,1000,1.0,80000,0.9486875,0.9265300744449568,0.8789875507354736,0.878987548828125,0.0014461315979754157,0.006714182419171573,0.41586612953207314,0.5759735564507799
Ref-L4,groundingdino,3,kt2_ke10_match0.15_birth0.50_dup0.70,2,10,0.7,0.15,0.5,1000,1000,1.0,80000,0.9521875,0.9249885132917623,0.88076251745224,0.8807625122070313,0.0015724918754586434,0.009120452877660131,0.39029248348883533,0.599014571758046
Ref-L4,groundingdino,4,kt2_ke10_match0.15_birth0.70_dup0.70,2,10,0.7,0.15,0.7,1000,1000,1.0,80000,0.948475,0.9265267930098315,0.8787875175476074,0.8787875366210938,0.0015468701660307311,0.008971846962978241,0.41456120449623596,0.5749200783747551
Ref-L4,groundingdino,5,kt2_ke10_match0.15_birth0.85_dup0.70,2,10,0.7,0.15,0.85,1000,1000,1.0,80000,0.948475,0.9265267930098315,0.8787875175476074,0.8787875366210938,0.0015468701660307311,0.008971846962978241,0.41456120449623596,0.5749200783747551
Ref-L4,groundingdino,6,kt2_ke10_match0.25_birth0.50_dup0.70,2,10,0.7,0.25,0.5,1000,1000,1.0,80000,0.951975,0.9250374222012133,0.8806125521659851,0.880612548828125,0.0027222280389488014,0.011203015391058528,0.3883362998638886,0.597738456706104
Ref-L4,groundingdino,7,kt2_ke10_match0.25_birth0.70_dup0.70,2,10,0.7,0.25,0.7,1000,1000,1.0,80000,0.9482625,0.926576238119719,0.878637433052063,0.878637451171875,0.002677927695952209,0.011020702441034091,0.4126068596147904,0.5736945102482233
Ref-L4,groundingdino,8,kt2_ke10_match0.25_birth0.85_dup0.70,2,10,0.7,0.25,0.85,1000,1000,1.0,80000,0.9482625,0.926576238119719,0.878637433052063,0.878637451171875,0.002677927695952209,0.011020702441034091,0.4126068596147904,0.5736945102482233
Ref-L4,groundingdino,9,kt2_ke15_match0.10_birth0.50_dup0.70,2,15,0.7,0.1,0.5,1000,1000,1.0,80000,0.952375,0.9252264076650479,0.8811624646186829,0.8811624755859375,0.0005259282633848743,0.003997054801725045,0.3962343536341643,0.5992426633007257
Ref-L4,groundingdino,10,kt2_ke15_match0.10_birth0.70_dup0.70,2,15,0.7,0.1,0.7,1000,1000,1.0,80000,0.9485625,0.9267575937273506,0.879087507724762,0.8790875244140625,0.0005169027189083015,0.003928460663703091,0.42096557427892073,0.5745890623384678
Ref-L4,groundingdino,11,kt2_ke15_match0.10_birth0.85_dup0.70,2,15,0.7,0.1,0.85,1000,1000,1.0,80000,0.9485625,0.9267575937273506,0.879087507724762,0.8790875244140625,0.0005169027189083015,0.003928460663703091,0.42096557427892073,0.5745890623384678
Ref-L4,groundingdino,12,kt2_ke15_match0.15_birth0.50_dup0.70,2,15,0.7,0.15,0.5,1000,1000,1.0,80000,0.9522,0.9252126654064272,0.8809874653816223,0.8809874877929688,0.000525154920701607,0.005776704127717676,0.3953366243041697,0.598361516647411
Ref-L4,groundingdino,13,kt2_ke15_match0.15_birth0.70_dup0.70,2,15,0.7,0.15,0.7,1000,1000,1.0,80000,0.9483875,0.9267440787652726,0.8789124488830566,0.8789124755859375,0.0005161556725508413,0.0056777123980592545,0.42004748632187466,0.5737586456075152
Ref-L4,groundingdino,14,kt2_ke15_match0.15_birth0.85_dup0.70,2,15,0.7,0.15,0.85,1000,1000,1.0,80000,0.9483875,0.9267440787652726,0.8789124488830566,0.8789124755859375,0.0005161556725508413,0.0056777123980592545,0.42004748632187466,0.5737586456075152
Ref-L4,groundingdino,15,kt2_ke15_match0.25_birth0.50_dup0.70,2,15,0.7,0.25,0.5,1000,1000,1.0,80000,0.952175,0.9252107018142673,0.8809625506401062,0.8809625244140625,0.0011550981833455844,0.005985508768245301,0.3946235430011551,0.598235850047254
Ref-L4,groundingdino,16,kt2_ke15_match0.25_birth0.70_dup0.70,2,15,0.7,0.25,0.7,1000,1000,1.0,80000,0.9483625,0.9267421476492375,0.8788875341415405,0.8788875122070312,0.0011353080813293426,0.0058829600577975025,0.419341521312829,0.5736402105480441
Ref-L4,groundingdino,17,kt2_ke15_match0.25_birth0.85_dup0.70,2,15,0.7,0.25,0.85,1000,1000,1.0,80000,0.9483625,0.9267421476492375,0.8788875341415405,0.8788875122070312,0.0011353080813293426,0.0058829600577975025,0.419341521312829,0.5736402105480441
Ref-L4,groundingdino,18,kt2_ke20_match0.10_birth0.50_dup0.70,2,20,0.7,0.1,0.5,1000,1000,1.0,80000,0.952475,0.9252473818210452,0.8812749981880188,0.8812750244140625,0.0004211412929037692,0.002842703727100442,0.3970309538850284,0.5997052010949674
Ref-L4,groundingdino,19,kt2_ke20_match0.10_birth0.70_dup0.70,2,20,0.7,0.1,0.7,1000,1000,1.0,80000,0.948675,0.9267794555564339,0.879212498664856,0.8792125244140625,0.0004139501190106592,0.0027941633033219497,0.4217116837421091,0.5750802028355583
Ref-L4,groundingdino,20,kt2_ke20_match0.10_birth0.85_dup0.70,2,20,0.7,0.1,0.85,1000,1000,1.0,80000,0.948675,0.9267794555564339,0.879212498664856,0.8792125244140625,0.0004139501190106592,0.0027941633033219497,0.4217116837421091,0.5750802028355583
Ref-L4,groundingdino,21,kt2_ke20_match0.15_birth0.50_dup0.70,2,20,0.7,0.15,0.5,1000,1000,1.0,80000,0.9523,0.9252336448598131,0.881100058555603,0.8811000366210937,0.00042052144659377626,0.004625735912531539,0.3961312026913373,0.5988225399495374
Ref-L4,groundingdino,22,kt2_ke20_match0.15_birth0.70_dup0.70,2,20,0.7,0.15,0.7,1000,1000,1.0,80000,0.9485,0.9267659462308909,0.8790374994277954,0.8790374755859375,0.0004133512452206262,0.004546863697426889,0.4207915676345975,0.574248217422755
Ref-L4,groundingdino,23,kt2_ke20_match0.15_birth0.85_dup0.70,2,20,0.7,0.15,0.85,1000,1000,1.0,80000,0.9485,0.9267659462308909,0.8790374994277954,0.8790374755859375,0.0004133512452206262,0.004546863697426889,0.4207915676345975,0.574248217422755
Ref-L4,groundingdino,24,kt2_ke20_match0.25_birth0.50_dup0.70,2,20,0.7,0.25,0.5,1000,1000,1.0,80000,0.952275,0.9252316820246252,0.8810750246047974,0.8810750122070312,0.0010510826150935463,0.004834980029430313,0.39541727979819213,0.598696657557284
Ref-L4,groundingdino,25,kt2_ke20_match0.25_birth0.70_dup0.70,2,20,0.7,0.25,0.7,1000,1000,1.0,80000,0.948475,0.9267640159202931,0.8790124654769897,0.879012451171875,0.0010331645831180907,0.0047525570823432174,0.42008471949581566,0.574129558838723
Ref-L4,groundingdino,26,kt2_ke20_match0.25_birth0.85_dup0.70,2,20,0.7,0.25,0.85,1000,1000,1.0,80000,0.948475,0.9267640159202931,0.8790124654769897,0.879012451171875,0.0010331645831180907,0.0047525570823432174,0.42008471949581566,0.574129558838723
Ref-L4,groundingdino,27,kt3_ke10_match0.10_birth0.50_dup0.70,3,10,0.7,0.1,0.5,1000,1000,1.0,80000,0.9715875,0.9028265596253554,0.8771750330924988,0.877175048828125,0.0014247913698351314,0.03796051292489314,0.1919397516792184,0.7686749440260533
Ref-L4,groundingdino,28,kt3_ke10_match0.10_birth0.70_dup0.70,3,10,0.7,0.1,0.7,1000,1000,1.0,80000,0.96955,0.9037955752668764,0.8762750029563904,0.8762750244140625,0.0014144271570014145,0.037684380682966256,0.20701151747827845,0.7538896746817539
Ref-L4,groundingdino,29,kt3_ke10_match0.10_birth0.85_dup0.70,3,10,0.7,0.1,0.85,1000,1000,1.0,80000,0.96955,0.9037955752668764,0.8762750029563904,0.8762750244140625,0.0014144271570014145,0.037684380682966256,0.20701151747827845,0.7538896746817539
Ref-L4,groundingdino,30,kt3_ke10_match0.15_birth0.50_dup0.70,3,10,0.7,0.15,0.5,1000,1000,1.0,80000,0.9708375,0.9029317470740469,0.8765999674797058,0.8765999755859375,0.0015194489465153972,0.044874392220421395,0.18993111831442464,0.7636750405186385
Ref-L4,groundingdino,31,kt3_ke10_match0.15_birth0.70_dup0.70,3,10,0.7,0.15,0.7,1000,1000,1.0,80000,0.9688375,0.903892551640497,0.8757249712944031,0.8757249755859375,0.0015087507543753772,0.04455843894588614,0.20468718567692618,0.7492456246228123
Ref-L4,groundingdino,32,kt3_ke10_match0.15_birth0.85_dup0.70,3,10,0.7,0.15,0.85,1000,1000,1.0,80000,0.9688375,0.903892551640497,0.8757249712944031,0.8757249755859375,0.0015087507543753772,0.04455843894588614,0.20468718567692618,0.7492456246228123
Ref-L4,groundingdino,33,kt3_ke10_match0.25_birth0.50_dup0.70,3,10,0.7,0.25,0.5,1000,1000,1.0,80000,0.9699625,0.9030374885627022,0.8759124875068665,0.8759124755859375,0.0026191195728820387,0.053087539034955174,0.18636043114737585,0.7579329102447869
Ref-L4,groundingdino,34,kt3_ke10_match0.25_birth0.70_dup0.70,3,10,0.7,0.25,0.7,1000,1000,1.0,80000,0.967975,0.9040006198507193,0.8750500679016113,0.875050048828125,0.0026010404161664665,0.05272108843537415,0.20098039215686275,0.7436974789915967
Ref-L4,groundingdino,35,kt3_ke10_match0.25_birth0.85_dup0.70,3,10,0.7,0.25,0.85,1000,1000,1.0,80000,0.967975,0.9040006198507193,0.8750500679016113,0.875050048828125,0.0026010404161664665,0.05272108843537415,0.20098039215686275,0.7436974789915967
Ref-L4,groundingdino,36,kt3_ke15_match0.10_birth0.50_dup0.70,3,15,0.7,0.1,0.5,1000,1000,1.0,80000,0.9732125,0.9027833078592805,0.8786000609397888,0.8786000366210938,0.000514827018121911,0.018842668863261944,0.2012973640856672,0.779345140032949
Ref-L4,groundingdino,37,kt3_ke15_match0.10_birth0.70_dup0.70,3,15,0.7,0.1,0.7,1000,1000,1.0,80000,0.97105,0.9038025848308532,0.877637505531311,0.8776375122070312,0.0005107774032076821,0.018694452957401166,0.21738686280518948,0.7634079068342017
Ref-L4,groundingdino,38,kt3_ke15_match0.10_birth0.85_dup0.70,3,15,0.7,0.1,0.85,1000,1000,1.0,80000,0.97105,0.9038025848308532,0.877637505531311,0.8776375122070312,0.0005107774032076821,0.018694452957401166,0.21738686280518948,0.7634079068342017
Ref-L4,groundingdino,39,kt3_ke15_match0.15_birth0.50_dup0.70,3,15,0.7,0.15,0.5,1000,1000,1.0,80000,0.9727,0.9029119975326411,0.8782625198364258,0.8782625122070312,0.0005133997330321388,0.024540507238936235,0.19919909641646985,0.7757469966115618
Ref-L4,groundingdino,40,kt3_ke15_match0.15_birth0.70_dup0.70,3,15,0.7,0.15,0.7,1000,1000,1.0,80000,0.97055,0.9039333367678121,0.8773124814033508,0.8773125,0.0005094243504839531,0.02435048395313296,0.2151808456444218,0.7599592460519613
Ref-L4,groundingdino,41,kt3_ke15_match0.15_birth0.85_dup0.70,3,15,0.7,0.15,0.85,1000,1000,1.0,80000,0.97055,0.9039333367678121,0.8773124814033508,0.8773125,0.0005094243504839531,0.02435048395313296,0.2151808456444218,0.7599592460519613
Ref-L4,groundingdino,42,kt3_ke15_match0.25_birth0.50_dup0.70,3,15,0.7,0.25,0.5,1000,1000,1.0,80000,0.972175,0.9029238563015918,0.8777999877929688,0.8777999877929688,0.0011252045826513912,0.02915302782324059,0.19742225859247137,0.7722995090016367
Ref-L4,groundingdino,43,kt3_ke15_match0.25_birth0.70_dup0.70,3,15,0.7,0.25,0.7,1000,1000,1.0,80000,0.970025,0.9039457745934383,0.8768500089645386,0.8768500366210937,0.001116524563540398,0.02892813641900122,0.21335769386926512,0.7565976451481933
Ref-L4,groundingdino,44,kt3_ke15_match0.25_birth0.85_dup0.70,3,15,0.7,0.25,0.85,1000,1000,1.0,80000,0.970025,0.9039457745934383,0.8768500089645386,0.8768500366210937,0.001116524563540398,0.02892813641900122,0.21335769386926512,0.7565976451481933
Ref-L4,groundingdino,45,kt3_ke20_match0.10_birth0.50_dup0.70,3,20,0.7,0.1,0.5,1000,1000,1.0,80000,0.973575,0.9028195054310145,0.878962516784668,0.8789625244140625,0.00041309511515026334,0.015077971702984612,0.2028297015387793,0.7816792316430858
Ref-L4,groundingdino,46,kt3_ke20_match0.10_birth0.70_dup0.70,3,20,0.7,0.1,0.7,1000,1000,1.0,80000,0.971425,0.9038397199989706,0.8780125379562378,0.8780125122070312,0.00040987806127677014,0.014960549236602111,0.21887488472179525,0.7657546879803259
Ref-L4,groundingdino,47,kt3_ke20_match0.10_birth0.85_dup0.70,3,20,0.7,0.1,0.85,1000,1000,1.0,80000,0.971425,0.9038397199989706,0.8780125379562378,0.8780125122070312,0.00040987806127677014,0.014960549236602111,0.21887488472179525,0.7657546879803259
Ref-L4,groundingdino,48,kt3_ke20_match0.15_birth0.50_dup0.70,3,20,0.7,0.15,0.5,1000,1000,1.0,80000,0.9731,0.9029519062789024,0.8786624670028687,0.8786624755859375,0.00041207376120325537,0.020809724940764395,0.20047388482538375,0.7783043164726486
Ref-L4,groundingdino,49,kt3_ke20_match0.15_birth0.70_dup0.70,3,20,0.7,0.15,0.7,1000,1000,1.0,80000,0.9709625,0.9039741493621021,0.8777250647544861,0.8777250366210938,0.0004089143324473523,0.02065017378859129,0.21641791044776118,0.7625230014312001
Ref-L4,groundingdino,50,kt3_ke20_match0.15_birth0.85_dup0.70,3,20,0.7,0.15,0.85,1000,1000,1.0,80000,0.9709625,0.9039741493621021,0.8777250647544861,0.8777250366210938,0.0004089143324473523,0.02065017378859129,0.21641791044776118,0.7625230014312001
Ref-L4,groundingdino,51,kt3_ke20_match0.25_birth0.50_dup0.70,3,20,0.7,0.25,0.5,1000,1000,1.0,80000,0.9726125,0.9029675230371808,0.8782375454902649,0.878237548828125,0.001026588645929576,0.025048762960681654,0.19885022071655886,0.7750744276768299
Ref-L4,groundingdino,52,kt3_ke20_match0.25_birth0.70_dup0.70,3,20,0.7,0.25,0.7,1000,1000,1.0,80000,0.970475,0.9039903140214843,0.877299964427948,0.8772999877929688,0.0010187449062754685,0.024857375713121434,0.21475142624286878,0.7593724531377343
Ref-L4,groundingdino,53,kt3_ke20_match0.25_birth0.85_dup0.70,3,20,0.7,0.25,0.85,1000,1000,1.0,80000,0.970475,0.9039903140214843,0.877299964427948,0.8772999877929688,0.0010187449062754685,0.024857375713121434,0.21475142624286878,0.7593724531377343
Ref-L4,groundingdino,54,kt4_ke10_match0.10_birth0.50_dup0.70,4,10,0.7,0.1,0.5,1000,1000,1.0,80000,0.9767875,0.8938868484701125,0.8731375336647034,0.8731375122070313,0.0013794462508621539,0.0762636712976648,0.1053305744408316,0.8170263080106415
Ref-L4,groundingdino,55,kt4_ke10_match0.10_birth0.70_dup0.70,4,10,0.7,0.1,0.7,1000,1000,1.0,80000,0.974575,0.8951337762614473,0.8723750114440918,0.872375,0.0013712047012732615,0.07580803134182175,0.12203721841332027,0.8007835455435848
Ref-L4,groundingdino,56,kt4_ke10_match0.10_birth0.85_dup0.70,4,10,0.7,0.1,0.85,1000,1000,1.0,80000,0.974575,0.8951337762614473,0.8723750114440918,0.872375,0.0013712047012732615,0.07580803134182175,0.12203721841332027,0.8007835455435848
Ref-L4,groundingdino,57,kt4_ke10_match0.15_birth0.50_dup0.70,4,10,0.7,0.15,0.5,1000,1000,1.0,80000,0.97495,0.8941355966972665,0.8717374801635742,0.8717374877929688,0.0014618458239937628,0.0908293538641458,0.10301140239742715,0.8046973979144333
Ref-L4,groundingdino,58,kt4_ke10_match0.15_birth0.70_dup0.70,4,10,0.7,0.15,0.7,1000,1000,1.0,80000,0.972775,0.8953766287168153,0.8709999918937683,0.871,0.0014534883720930232,0.09031007751937985,0.11928294573643411,0.788953488372093
Ref-L4,groundingdino,59,kt4_ke10_match0.15_birth0.85_dup0.70,4,10,0.7,0.15,0.85,1000,1000,1.0,80000,0.972775,0.8953766287168153,0.8709999918937683,0.871,0.0014534883720930232,0.09031007751937985,0.11928294573643411,0.788953488372093
Ref-L4,groundingdino,60,kt4_ke10_match0.25_birth0.50_dup0.70,4,10,0.7,0.25,0.5,1000,1000,1.0,80000,0.9722125,0.8943903724751533,0.8695374727249146,0.8695374755859375,0.002491137299990419,0.11305930823033439,0.09744179361885599,0.7870077608508192
Ref-L4,groundingdino,61,kt4_ke10_match0.25_birth0.70_dup0.70,4,10,0.7,0.25,0.7,1000,1000,1.0,80000,0.97005,0.8956239369104685,0.8687999844551086,0.8687999877929687,0.0024771341463414634,0.11242378048780488,0.1133765243902439,0.7717225609756098
Ref-L4,groundingdino,62,kt4_ke10_match0.25_birth0.85_dup0.70,4,10,0.7,0.25,0.85,1000,1000,1.0,80000,0.97005,0.8956239369104685,0.8687999844551086,0.8687999877929687,0.0024771341463414634,0.11242378048780488,0.1133765243902439,0.7717225609756098
Ref-L4,groundingdino,63,kt4_ke15_match0.10_birth0.50_dup0.70,4,15,0.7,0.1,0.5,1000,1000,1.0,80000,0.981225,0.8934622538153838,0.8766875267028809,0.8766875,0.0005068423720223011,0.036695387734414595,0.11505321844906234,0.8477445514445008
Ref-L4,groundingdino,64,kt4_ke15_match0.10_birth0.70_dup0.70,4,15,0.7,0.1,0.7,1000,1000,1.0,80000,0.9788125,0.8947449077325841,0.8757874965667725,0.8757874755859375,0.0005031699708161417,0.03642950588708866,0.13364194424876724,0.829425379893328
Ref-L4,groundingdino,65,kt4_ke15_match0.10_birth0.85_dup0.70,4,15,0.7,0.1,0.85,1000,1000,1.0,80000,0.9788125,0.8947449077325841,0.8757874965667725,0.8757874755859375,0.0005031699708161417,0.03642950588708866,0.13364194424876724,0.829425379893328
Ref-L4,groundingdino,66,kt4_ke15_match0.15_birth0.50_dup0.70,4,15,0.7,0.15,0.5,1000,1000,1.0,80000,0.9803125,0.8936818616512592,0.8760875463485718,0.8760875244140625,0.0005043881771411278,0.04509230303641683,0.11328558458589731,0.8411177242005448
Ref-L4,groundingdino,67,kt4_ke15_match0.15_birth0.70_dup0.70,4,15,0.7,0.15,0.7,1000,1000,1.0,80000,0.9779125,0.8949675967941917,0.8752000331878662,0.8752000122070313,0.000500801282051282,0.044771634615384616,0.13171073717948717,0.8230168269230769
Ref-L4,groundingdino,68,kt4_ke15_match0.15_birth0.85_dup0.70,4,15,0.7,0.15,0.85,1000,1000,1.0,80000,0.9779125,0.8949675967941917,0.8752000331878662,0.8752000122070313,0.000500801282051282,0.044771634615384616,0.13171073717948717,0.8230168269230769
Ref-L4,groundingdino,69,kt4_ke15_match0.25_birth0.50_dup0.70,4,15,0.7,0.25,0.5,1000,1000,1.0,80000,0.978825,0.8938140116976988,0.8748875260353088,0.8748875122070312,0.001099010890198821,0.05734838645219303,0.1108002797482266,0.8307523229093815
Ref-L4,groundingdino,70,kt4_ke15_match0.25_birth0.70_dup0.70,4,15,0.7,0.25,0.7,1000,1000,1.0,80000,0.9764375,0.8951033732317737,0.8740125298500061,0.8740125122070312,0.0010913781129080265,0.05695009425538248,0.12898104970731222,0.8129774779243972
Ref-L4,groundingdino,71,kt4_ke15_match0.25_birth0.85_dup0.70,4,15,0.7,0.25,0.85,1000,1000,1.0,80000,0.9764375,0.8951033732317737,0.8740125298500061,0.8740125122070312,0.0010913781129080265,0.05695009425538248,0.12898104970731222,0.8129774779243972
Ref-L4,groundingdino,72,kt4_ke20_match0.10_birth0.50_dup0.70,4,20,0.7,0.1,0.5,1000,1000,1.0,80000,0.98175,0.8934555640437993,0.8771499991416931,0.8771500244140625,0.000407000407000407,0.032153032153032154,0.115995115995116,0.8514448514448515
Ref-L4,groundingdino,73,kt4_ke20_match0.10_birth0.70_dup0.70,4,20,0.7,0.1,0.7,1000,1000,1.0,80000,0.9793375,0.894737513880557,0.8762500286102295,0.87625,0.00040404040404040404,0.03191919191919192,0.13464646464646465,0.833030303030303
Ref-L4,groundingdino,74,kt4_ke20_match0.10_birth0.85_dup0.70,4,20,0.7,0.1,0.85,1000,1000,1.0,80000,0.9793375,0.894737513880557,0.8762500286102295,0.87625,0.00040404040404040404,0.03191919191919192,0.13464646464646465,0.833030303030303
Ref-L4,groundingdino,75,kt4_ke20_match0.15_birth0.50_dup0.70,4,20,0.7,0.15,0.5,1000,1000,1.0,80000,0.9809125,0.8936704344169332,0.8766125440597534,0.876612548828125,0.00040522743389727485,0.03991490223888157,0.11437544321750583,0.8453044271097153
Ref-L4,groundingdino,76,kt4_ke20_match0.15_birth0.70_dup0.70,4,20,0.7,0.15,0.7,1000,1000,1.0,80000,0.978525,0.8949566950256764,0.8757375478744507,0.875737548828125,0.0004023740066391711,0.03963383965395836,0.13278342219092645,0.827180364148476
Ref-L4,groundingdino,77,kt4_ke20_match0.15_birth0.85_dup0.70,4,20,0.7,0.15,0.85,1000,1000,1.0,80000,0.978525,0.8949566950256764,0.8757375478744507,0.875737548828125,0.0004023740066391711,0.03963383965395836,0.13278342219092645,0.827180364148476
Ref-L4,groundingdino,78,kt4_ke20_match0.25_birth0.50_dup0.70,4,20,0.7,0.25,0.5,1000,1000,1.0,80000,0.9795375,0.8938146829498615,0.8755249977111816,0.8755250244140625,0.001004217714400482,0.05111468166298454,0.1122715404699739,0.8356095601526411
Ref-L4,groundingdino,79,kt4_ke20_match0.25_birth0.70_dup0.70,4,20,0.7,0.25,0.7,1000,1000,1.0,80000,0.9771625,0.895104447827255,0.8746625185012817,0.8746625366210937,0.000997307270370001,0.05076294006183305,0.13044779096439613,0.8177919617034008
Ref-L4,groundingdino,80,kt4_ke20_match0.25_birth0.85_dup0.70,4,20,0.7,0.25,0.85,1000,1000,1.0,80000,0.9771625,0.895104447827255,0.8746625185012817,0.8746625366210937,0.000997307270370001,0.05076294006183305,0.13044779096439613,0.8177919617034008
Ref-L4,groundingdino,81,kt5_ke10_match0.10_birth0.50_dup0.70,5,10,0.7,0.1,0.5,1000,1000,1.0,80000,0.968075,0.8893164269297317,0.8609249591827393,0.8609249877929688,0.0017975912277548086,0.17948948409131762,0.04826532446521661,0.7704476002157109
Ref-L4,groundingdino,82,kt5_ke10_match0.10_birth0.70_dup0.70,5,10,0.7,0.1,0.7,1000,1000,1.0,80000,0.96575,0.8907714211752524,0.8602624535560608,0.860262451171875,0.0017890687896949637,0.17863851865104213,0.06467483674747294,0.75489757581179
Ref-L4,groundingdino,83,kt5_ke10_match0.10_birth0.85_dup0.70,5,10,0.7,0.1,0.85,1000,1000,1.0,80000,0.96575,0.8907714211752524,0.8602624535560608,0.860262451171875,0.0017890687896949637,0.17863851865104213,0.06467483674747294,0.75489757581179
Ref-L4,groundingdino,84,kt5_ke10_match0.15_birth0.50_dup0.70,5,10,0.7,0.15,0.5,1000,1000,1.0,80000,0.964525,0.8895829553407117,0.8580249547958374,0.8580249633789062,0.0018489170628631802,0.20258848388800846,0.04543053354463814,0.7501320655044902
Ref-L4,groundingdino,85,kt5_ke10_match0.15_birth0.70_dup0.70,5,10,0.7,0.15,0.7,1000,1000,1.0,80000,0.9623375,0.8909815942951408,0.8574250340461731,0.857425048828125,0.001841136244082062,0.20173592845870594,0.060582149745747854,0.7358407855514641
Ref-L4,groundingdino,86,kt5_ke10_match0.15_birth0.85_dup0.70,5,10,0.7,0.15,0.85,1000,1000,1.0,80000,0.9623375,0.8909815942951408,0.8574250340461731,0.857425048828125,0.001841136244082062,0.20173592845870594,0.060582149745747854,0.7358407855514641
Ref-L4,groundingdino,87,kt5_ke10_match0.25_birth0.50_dup0.70,5,10,0.7,0.25,0.5,1000,1000,1.0,80000,0.958575,0.8900711994366638,0.8532000184059143,0.8532000122070312,0.0025544959128065395,0.2391008174386921,0.04053133514986376,0.7178133514986376
Ref-L4,groundingdino,88,kt5_ke10_match0.25_birth0.70_dup0.70,5,10,0.7,0.25,0.7,1000,1000,1.0,80000,0.9564375,0.8914330523426779,0.8525999784469604,0.8525999755859375,0.002544097693351425,0.23812754409769335,0.054867706919945726,0.7044606512890095
Ref-L4,groundingdino,89,kt5_ke10_match0.25_birth0.85_dup0.70,5,10,0.7,0.25,0.85,1000,1000,1.0,80000,0.9564375,0.8914330523426779,0.8525999784469604,0.8525999755859375,0.002544097693351425,0.23812754409769335,0.054867706919945726,0.7044606512890095
Ref-L4,groundingdino,90,kt5_ke15_match0.10_birth0.50_dup0.70,5,15,0.7,0.1,0.5,1000,1000,1.0,80000,0.980775,0.8885575182891081,0.8714750409126282,0.8714750366210937,0.00048628671464695587,0.08626726317836997,0.0628282435323867,0.8504182065745964
Ref-L4,groundingdino,91,kt5_ke15_match0.10_birth0.70_dup0.70,5,15,0.7,0.1,0.7,1000,1000,1.0,80000,0.9782375,0.8900190393437176,0.8706499338150024,0.8706499633789062,0.00048318515655199073,0.08571704677232315,0.08204483958252802,0.8317549284885968
Ref-L4,groundingdino,92,kt5_ke15_match0.10_birth0.85_dup0.70,5,15,0.7,0.1,0.85,1000,1000,1.0,80000,0.9782375,0.8900190393437176,0.8706499338150024,0.8706499633789062,0.00048318515655199073,0.08571704677232315,0.08204483958252802,0.8317549284885968
Ref-L4,groundingdino,93,kt5_ke15_match0.15_birth0.50_dup0.70,5,15,0.7,0.15,0.5,1000,1000,1.0,80000,0.9789625,0.8888747015335112,0.8701750636100769,0.870175048828125,0.0006739842095128057,0.10109763142692085,0.0602734450221452,0.8379549393414212
Ref-L4,groundingdino,94,kt5_ke15_match0.15_birth0.70_dup0.70,5,15,0.7,0.15,0.7,1000,1000,1.0,80000,0.9764375,0.8903411636689497,0.8693625330924988,0.869362548828125,0.0006697923643670462,0.10046885465505694,0.07922686824227347,0.8196344847383026
Ref-L4,groundingdino,95,kt5_ke15_match0.15_birth0.85_dup0.70,5,15,0.7,0.15,0.85,1000,1000,1.0,80000,0.9764375,0.8903411636689497,0.8693625330924988,0.869362548828125,0.0006697923643670462,0.10046885465505694,0.07922686824227347,0.8196344847383026
Ref-L4,groundingdino,96,kt5_ke15_match0.25_birth0.50_dup0.70,5,15,0.7,0.25,0.5,1000,1000,1.0,80000,0.975525,0.8890084826119269,0.8672500252723694,0.86725,0.0011299435028248588,0.12570621468926554,0.057532956685499057,0.8156308851224106
Ref-L4,groundingdino,97,kt5_ke15_match0.25_birth0.70_dup0.70,5,15,0.7,0.25,0.7,1000,1000,1.0,80000,0.9730125,0.8904818797291916,0.8664500713348389,0.8664500732421875,0.0011231748408835642,0.12495320104829652,0.07600149756645451,0.7979221265443655
Ref-L4,groundingdino,98,kt5_ke15_match0.25_birth0.85_dup0.70,5,15,0.7,0.25,0.85,1000,1000,1.0,80000,0.9730125,0.8904818797291916,0.8664500713348389,0.8664500732421875,0.0011231748408835642,0.12495320104829652,0.07600149756645451,0.7979221265443655
Ref-L4,groundingdino,99,kt5_ke20_match0.10_birth0.50_dup0.70,5,20,0.7,0.1,0.5,1000,1000,1.0,80000,0.98185,0.8885140296379284,0.8723875284194946,0.8723875122070313,0.0003918111470271329,0.07718679596434519,0.06464883925947693,0.8577725536291507
Ref-L4,groundingdino,100,kt5_ke20_match0.10_birth0.70_dup0.70,5,20,0.7,0.1,0.7,1000,1000,1.0,80000,0.979325,0.8899624741531157,0.8715624809265137,0.8715625,0.00038929440389294404,0.07669099756690997,0.08389294403892944,0.8390267639902677
Ref-L4,groundingdino,101,kt5_ke20_match0.10_birth0.85_dup0.70,5,20,0.7,0.1,0.85,1000,1000,1.0,80000,0.979325,0.8899624741531157,0.8715624809265137,0.8715625,0.00038929440389294404,0.07669099756690997,0.08389294403892944,0.8390267639902677
Ref-L4,groundingdino,102,kt5_ke20_match0.15_birth0.50_dup0.70,5,20,0.7,0.15,0.5,1000,1000,1.0,80000,0.980125,0.8887769417166178,0.8711125254631042,0.871112548828125,0.0005819028222286878,0.09135874308990398,0.0622636019784696,0.8457957521093977
Ref-L4,groundingdino,103,kt5_ke20_match0.15_birth0.70_dup0.70,5,20,0.7,0.15,0.7,1000,1000,1.0,80000,0.977625,0.8902314282061118,0.870312511920929,0.8703125,0.0005783132530120482,0.09079518072289157,0.0811566265060241,0.8274698795180723
Ref-L4,groundingdino,104,kt5_ke20_match0.15_birth0.85_dup0.70,5,20,0.7,0.15,0.85,1000,1000,1.0,80000,0.977625,0.8902314282061118,0.870312511920929,0.8703125,0.0005783132530120482,0.09079518072289157,0.0811566265060241,0.8274698795180723
Ref-L4,groundingdino,105,kt5_ke20_match0.25_birth0.50_dup0.70,5,20,0.7,0.25,0.5,1000,1000,1.0,80000,0.97685,0.8889286993908994,0.8683499693870544,0.8683499755859375,0.001044436004557539,0.11526775541207748,0.059532852259779716,0.8241549563235853
Ref-L4,groundingdino,106,kt5_ke20_match0.25_birth0.70_dup0.70,5,20,0.7,0.25,0.7,1000,1000,1.0,80000,0.9743625,0.8903898702998114,0.867562472820282,0.8675625,0.0010382255781028788,0.11458235016517225,0.0779613025011798,0.8064181217555451
Ref-L4,groundingdino,107,kt5_ke20_match0.25_birth0.85_dup0.70,5,20,0.7,0.25,0.85,1000,1000,1.0,80000,0.9743625,0.8903898702998114,0.867562472820282,0.8675625,0.0010382255781028788,0.11458235016517225,0.0779613025011798,0.8064181217555451
Ref-L4,yoloworld,0,kt2_ke10_match0.10_birth0.50_dup0.70,2,10,0.7,0.1,0.5,1000,781,0.781,62480,0.8999359795134443,0.9047093974532262,0.6358749866485596,0.8141805377720871,0.08415159345391904,0.19405684754521965,0.2602928509905254,0.46149870801033593
Ref-L4,yoloworld,1,kt2_ke10_match0.10_birth0.70_dup0.70,2,10,0.7,0.1,0.7,1000,781,0.781,62480,0.8887323943661972,0.9093430341449359,0.6311750411987305,0.8081626745558579,0.08151176372434507,0.18796929751376606,0.31052895044218254,0.4199899883197063
Ref-L4,yoloworld,2,kt2_ke10_match0.10_birth0.85_dup0.70,2,10,0.7,0.1,0.85,1000,781,0.781,62480,0.8887323943661972,0.9093430341449359,0.6311750411987305,0.8081626745558579,0.08151176372434507,0.18796929751376606,0.31052895044218254,0.4199899883197063
Ref-L4,yoloworld,3,kt2_ke10_match0.15_birth0.50_dup0.70,2,10,0.7,0.15,0.5,1000,781,0.781,62480,0.8973271446862996,0.9050744671363595,0.6342874765396118,0.8121478560639405,0.0868194598278947,0.2042259521172361,0.25551674192723867,0.45343784612763055
Ref-L4,yoloworld,4,kt2_ke10_match0.15_birth0.70_dup0.70,2,10,0.7,0.15,0.7,1000,781,0.781,62480,0.8862035851472471,0.9096442116669676,0.6295875310897827,0.8061299928477113,0.08412449434491868,0.19788656814992156,0.3049616114917857,0.41302732601337405
Ref-L4,yoloworld,5,kt2_ke10_match0.15_birth0.85_dup0.70,2,10,0.7,0.15,0.85,1000,781,0.781,62480,0.8862035851472471,0.9096442116669676,0.6295875310897827,0.8061299928477113,0.08412449434491868,0.19788656814992156,0.3049616114917857,0.41302732601337405
Ref-L4,yoloworld,6,kt2_ke10_match0.25_birth0.50_dup0.70,2,10,0.7,0.25,0.5,1000,781,0.781,62480,0.8955185659411011,0.9051329711181012,0.6330500245094299,0.8105634428016966,0.08786752281176073,0.21400811084825955,0.24966204798918554,0.4484623183507942
Ref-L4,yoloworld,7,kt2_ke10_match0.25_birth0.70_dup0.70,2,10,0.7,0.25,0.7,1000,781,0.781,62480,0.8844110115236876,0.9097144304897028,0.6283625364303589,0.8045615221870999,0.08516910981901564,0.20743591843419867,0.2988289247399885,0.40856604700679716
Ref-L4,yoloworld,8,kt2_ke10_match0.25_birth0.85_dup0.70,2,10,0.7,0.25,0.85,1000,781,0.781,62480,0.8844110115236876,0.9097144304897028,0.6283625364303589,0.8045615221870999,0.08516910981901564,0.20743591843419867,0.2988289247399885,0.40856604700679716
Ref-L4,yoloworld,9,kt2_ke15_match0.10_birth0.50_dup0.70,2,15,0.7,0.1,0.5,1000,781,0.781,62480,0.9001760563380282,0.9050015112991839,0.6362500190734863,0.8146606914212549,0.08281519861830743,0.18972366148531952,0.26606217616580313,0.46139896373056993
Ref-L4,yoloworld,10,kt2_ke15_match0.10_birth0.70_dup0.70,2,15,0.7,0.1,0.7,1000,781,0.781,62480,0.888972471190781,0.9095835658858902,0.6315125226974487,0.808594765950104,0.08019065139225688,0.1837110126264738,0.3161635588259888,0.41993477715528055
Ref-L4,yoloworld,11,kt2_ke15_match0.10_birth0.85_dup0.70,2,15,0.7,0.1,0.85,1000,781,0.781,62480,0.888972471190781,0.9095835658858902,0.6315125226974487,0.808594765950104,0.08019065139225688,0.1837110126264738,0.3161635588259888,0.41993477715528055
Ref-L4,yoloworld,12,kt2_ke15_match0.15_birth0.50_dup0.70,2,15,0.7,0.15,0.5,1000,781,0.781,62480,0.8976472471190781,0.905340108763484,0.6346999406814575,0.8126759938180218,0.08467190704032809,0.19924812030075187,0.26247436773752564,0.4536056049213944
Ref-L4,yoloworld,13,kt2_ke15_match0.15_birth0.70_dup0.70,2,15,0.7,0.15,0.7,1000,781,0.781,62480,0.8865236875800256,0.9098573749774328,0.6299625039100647,0.806610146496879,0.08201605561532732,0.19299842754282875,0.3117603244227427,0.4132251924191012
Ref-L4,yoloworld,14,kt2_ke15_match0.15_birth0.85_dup0.70,2,15,0.7,0.15,0.85,1000,781,0.781,62480,0.8865236875800256,0.9098573749774328,0.6299625039100647,0.806610146496879,0.08201605561532732,0.19299842754282875,0.3117603244227427,0.4132251924191012
Ref-L4,yoloworld,15,kt2_ke15_match0.25_birth0.50_dup0.70,2,15,0.7,0.25,0.5,1000,781,0.781,62480,0.8957906530089629,0.9053225892905001,0.6333749890327454,0.8109795134443022,0.0850973751058425,0.20872142252328535,0.25749364944961894,0.4486875529212532
Ref-L4,yoloworld,16,kt2_ke15_match0.25_birth0.70_dup0.70,2,15,0.7,0.25,0.7,1000,781,0.781,62480,0.8846830985915493,0.9098507462686567,0.6286500096321106,0.8049296087247919,0.0824581555628487,0.2022481128979324,0.3064489661962586,0.40884476534296027
Ref-L4,yoloworld,17,kt2_ke15_match0.25_birth0.85_dup0.70,2,15,0.7,0.25,0.85,1000,781,0.781,62480,0.8846830985915493,0.9098507462686567,0.6286500096321106,0.8049296087247919,0.0824581555628487,0.2022481128979324,0.3064489661962586,0.40884476534296027
Ref-L4,yoloworld,18,kt2_ke20_match0.10_birth0.50_dup0.70,2,20,0.7,0.1,0.5,1000,781,0.781,62480,0.9003681177976952,0.9051284330281752,0.6364749670028687,0.8149487523507523,0.08259816640719599,0.1883757135443695,0.2674277806607853,0.4615983393876492
Ref-L4,yoloworld,19,kt2_ke20_match0.10_birth0.70_dup0.70,2,20,0.7,0.1,0.7,1000,781,0.781,62480,0.8891005121638924,0.9096865943007326,0.6316750049591064,0.8088028012714068,0.07994307718064624,0.18232044198895028,0.31776326803951116,0.41997321279089234
Ref-L4,yoloworld,20,kt2_ke20_match0.10_birth0.85_dup0.70,2,20,0.7,0.1,0.85,1000,781,0.781,62480,0.8891005121638924,0.9096865943007326,0.6316750049591064,0.8088028012714068,0.07994307718064624,0.18232044198895028,0.31776326803951116,0.41997321279089234
Ref-L4,yoloworld,21,kt2_ke20_match0.15_birth0.50_dup0.70,2,20,0.7,0.15,0.5,1000,781,0.781,62480,0.8979033290653009,0.9054740557209319,0.6349749565124512,0.8130281377540813,0.0844889573703133,0.19765451121383326,0.26391028933401817,0.4539462420818353
Ref-L4,yoloworld,22,kt2_ke20_match0.15_birth0.70_dup0.70,2,20,0.7,0.15,0.7,1000,781,0.781,62480,0.8867157490396927,0.9099671492003899,0.6301750540733337,0.8068822648247439,0.08180009945300845,0.19136416376595392,0.3134427316426322,0.41339300513840543
Ref-L4,yoloworld,23,kt2_ke20_match0.15_birth0.85_dup0.70,2,20,0.7,0.15,0.85,1000,781,0.781,62480,0.8867157490396927,0.9099671492003899,0.6301750540733337,0.8068822648247439,0.08180009945300845,0.19136416376595392,0.3134427316426322,0.41339300513840543
Ref-L4,yoloworld,24,kt2_ke20_match0.25_birth0.50_dup0.70,2,20,0.7,0.25,0.5,1000,781,0.781,62480,0.896190781049936,0.9054720148587349,0.633762538433075,0.8114756878451105,0.08498174717717973,0.20545037779098396,0.26020884625180407,0.44935902878003225
Ref-L4,yoloworld,25,kt2_ke20_match0.25_birth0.70_dup0.70,2,20,0.7,0.25,0.7,1000,781,0.781,62480,0.8850192061459667,0.9099754050925926,0.628974974155426,0.8053456793673975,0.08230554185166913,0.19898043085018913,0.30940634764019076,0.409307679657951
Ref-L4,yoloworld,26,kt2_ke20_match0.25_birth0.85_dup0.70,2,20,0.7,0.25,0.85,1000,781,0.781,62480,0.8850192061459667,0.9099754050925926,0.628974974155426,0.8053456793673975,0.08230554185166913,0.19898043085018913,0.30940634764019076,0.409307679657951
Ref-L4,yoloworld,27,kt3_ke10_match0.10_birth0.50_dup0.70,3,10,0.7,0.1,0.5,1000,781,0.781,62480,0.8720550576184379,0.8811988400690085,0.6001624464988708,0.7684538739896767,0.073270201147439,0.3747148683210064,0.1045828437132785,0.44743208681827606
Ref-L4,yoloworld,28,kt3_ke10_match0.10_birth0.70_dup0.70,3,10,0.7,0.1,0.7,1000,781,0.781,62480,0.8628201024327785,0.8868278024077613,0.597599983215332,0.7651728240536971,0.0722464558342421,0.369479280261723,0.14244820065430752,0.4158260632497274
Ref-L4,yoloworld,29,kt3_ke10_match0.10_birth0.85_dup0.70,3,10,0.7,0.1,0.85,1000,781,0.781,62480,0.8628201024327785,0.8868278024077613,0.597599983215332,0.7651728240536971,0.0722464558342421,0.369479280261723,0.14244820065430752,0.4158260632497274
Ref-L4,yoloworld,30,kt3_ke10_match0.15_birth0.50_dup0.70,3,10,0.7,0.15,0.5,1000,781,0.781,62480,0.8691581306017926,0.8814105515145935,0.598312497138977,0.7660851472471191,0.07464933287718098,0.38248374957235715,0.10222374273007184,0.44064317482039
Ref-L4,yoloworld,31,kt3_ke10_match0.15_birth0.70_dup0.70,3,10,0.7,0.15,0.7,1000,781,0.781,62480,0.8599231754161332,0.8870607504466944,0.5957499742507935,0.7628040973111395,0.07361673414304994,0.37719298245614036,0.13974358974358975,0.40944669365722
Ref-L4,yoloworld,32,kt3_ke10_match0.15_birth0.85_dup0.70,3,10,0.7,0.15,0.85,1000,781,0.781,62480,0.8599231754161332,0.8870607504466944,0.5957499742507935,0.7628040973111395,0.07361673414304994,0.37719298245614036,0.13974358974358975,0.40944669365722
Ref-L4,yoloworld,33,kt3_ke10_match0.25_birth0.50_dup0.70,3,10,0.7,0.25,0.5,1000,781,0.781,62480,0.8657010243277848,0.8817504483351514,0.5961624979972839,0.7633322350652209,0.0751335632650301,0.39582065327652666,0.09650368566984513,0.4325420977885981
Ref-L4,yoloworld,34,kt3_ke10_match0.25_birth0.70_dup0.70,3,10,0.7,0.25,0.7,1000,781,0.781,62480,0.8564980793854033,0.8873939529842658,0.5935999751091003,0.7600511851292413,0.07410618996798292,0.3904082177161153,0.13353788687299895,0.40194770544290287
Ref-L4,yoloworld,35,kt3_ke10_match0.25_birth0.85_dup0.70,3,10,0.7,0.25,0.85,1000,781,0.781,62480,0.8564980793854033,0.8873939529842658,0.5935999751091003,0.7600511851292413,0.07410618996798292,0.3904082177161153,0.13353788687299895,0.40194770544290287
Ref-L4,yoloworld,36,kt3_ke15_match0.10_birth0.50_dup0.70,3,15,0.7,0.1,0.5,1000,781,0.781,62480,0.873927656850192,0.8816914821529953,0.6017874479293823,0.7705345398027369,0.07219083490269931,0.36688289042338007,0.11034386552277324,0.4505824091511474
Ref-L4,yoloworld,37,kt3_ke15_match0.10_birth0.70_dup0.70,3,15,0.7,0.1,0.7,1000,781,0.781,62480,0.8646126760563381,0.8872660631976453,0.5991374850273132,0.7671415009052897,0.07113890989071414,0.3615368753866245,0.1487387449309231,0.4185854697917383
Ref-L4,yoloworld,38,kt3_ke15_match0.10_birth0.85_dup0.70,3,15,0.7,0.1,0.85,1000,781,0.781,62480,0.8646126760563381,0.8872660631976453,0.5991374850273132,0.7671415009052897,0.07113890989071414,0.3615368753866245,0.1487387449309231,0.4185854697917383
Ref-L4,yoloworld,39,kt3_ke15_match0.15_birth0.50_dup0.70,3,15,0.7,0.15,0.5,1000,781,0.781,62480,0.871190781049936,0.8817974720752498,0.5999749898910522,0.7682137971650929,0.0729181052340837,0.37439580168485015,0.10841044054688578,0.4442756525341804
Ref-L4,yoloworld,40,kt3_ke15_match0.15_birth0.70_dup0.70,3,15,0.7,0.15,0.7,1000,781,0.781,62480,0.8618758002560819,0.8873909006499536,0.5973249673843384,0.7648206801176376,0.07186606778276848,0.36899414727099494,0.14645433510276304,0.41268544984347355
Ref-L4,yoloworld,41,kt3_ke15_match0.15_birth0.85_dup0.70,3,15,0.7,0.15,0.85,1000,781,0.781,62480,0.8618758002560819,0.8873909006499536,0.5973249673843384,0.7648206801176376,0.07186606778276848,0.36899414727099494,0.14645433510276304,0.41268544984347355
Ref-L4,yoloworld,42,kt3_ke15_match0.25_birth0.50_dup0.70,3,15,0.7,0.25,0.5,1000,781,0.781,62480,0.8678457106274008,0.8820980026925843,0.5978749990463257,0.7655249679897568,0.07337883959044368,0.3867576791808874,0.10348122866894198,0.43638225255972696
Ref-L4,yoloworld,43,kt3_ke15_match0.25_birth0.70_dup0.70,3,15,0.7,0.25,0.7,1000,781,0.781,62480,0.8585627400768245,0.887683388326529,0.5952249765396118,0.7621318509423015,0.07233212219082223,0.3812407482169291,0.14103081684833804,0.40539631274391064
Ref-L4,yoloworld,44,kt3_ke15_match0.25_birth0.85_dup0.70,3,15,0.7,0.25,0.85,1000,781,0.781,62480,0.8585627400768245,0.887683388326529,0.5952249765396118,0.7621318509423015,0.07233212219082223,0.3812407482169291,0.14103081684833804,0.40539631274391064
Ref-L4,yoloworld,45,kt3_ke20_match0.10_birth0.50_dup0.70,3,20,0.7,0.1,0.5,1000,781,0.781,62480,0.8747119078104993,0.8819439361779989,0.6025000810623169,0.7714469411461667,0.07219887955182072,0.363375350140056,0.11260504201680673,0.45182072829131653
Ref-L4,yoloworld,46,kt3_ke20_match0.10_birth0.70_dup0.70,3,20,0.7,0.1,0.7,1000,781,0.781,62480,0.8653169014084507,0.887468787570517,0.5997624397277832,0.7679416788372279,0.07110835230015863,0.3578867508104007,0.15138975101731153,0.4196151458721291
Ref-L4,yoloworld,47,kt3_ke20_match0.10_birth0.85_dup0.70,3,20,0.7,0.1,0.85,1000,781,0.781,62480,0.8653169014084507,0.887468787570517,0.5997624397277832,0.7679416788372279,0.07110835230015863,0.3578867508104007,0.15138975101731153,0.4196151458721291
Ref-L4,yoloworld,48,kt3_ke20_match0.15_birth0.50_dup0.70,3,20,0.7,0.15,0.5,1000,781,0.781,62480,0.8721030729833547,0.8820679403182293,0.6007874608039856,0.7692541300716229,0.07296941111188181,0.370673510439065,0.11063328015537213,0.4457237982936811
Ref-L4,yoloworld,49,kt3_ke20_match0.15_birth0.70_dup0.70,3,20,0.7,0.15,0.7,1000,781,0.781,62480,0.862708066581306,0.8876108493191347,0.5980499982833862,0.7657490240627001,0.07187756217545778,0.36512708390270565,0.14908444930308828,0.4139109046187483
Ref-L4,yoloworld,50,kt3_ke20_match0.15_birth0.85_dup0.70,3,20,0.7,0.15,0.85,1000,781,0.781,62480,0.862708066581306,0.8876108493191347,0.5980499982833862,0.7657490240627001,0.07187756217545778,0.36512708390270565,0.14908444930308828,0.4139109046187483
Ref-L4,yoloworld,51,kt3_ke20_match0.25_birth0.50_dup0.70,3,20,0.7,0.25,0.5,1000,781,0.781,62480,0.8686619718309859,0.8823561926520986,0.5986124873161316,0.7664692545364516,0.07340141182920978,0.3827702008087177,0.10622986772668083,0.4375985196353917
Ref-L4,yoloworld,52,kt3_ke20_match0.25_birth0.70_dup0.70,3,20,0.7,0.25,0.7,1000,781,0.781,62480,0.8592989756722151,0.8878913743969901,0.5958750247955322,0.7629641485275288,0.07231600270087779,0.3771100607697502,0.14415935178933154,0.4064145847400405
Ref-L4,yoloworld,53,kt3_ke20_match0.25_birth0.85_dup0.70,3,20,0.7,0.25,0.85,1000,781,0.781,62480,0.8592989756722151,0.8878913743969901,0.5958750247955322,0.7629641485275288,0.07231600270087779,0.3771100607697502,0.14415935178933154,0.4064145847400405
Ref-L4,yoloworld,54,kt4_ke10_match0.10_birth0.50_dup0.70,4,10,0.7,0.1,0.5,1000,781,0.781,62480,0.8259603072983355,0.8771266906948805,0.5658125281333923,0.7244718309859155,0.06447865233807726,0.5132733081614871,0.0539064769096718,0.3683415625907639
Ref-L4,yoloworld,55,kt4_ke10_match0.10_birth0.70_dup0.70,4,10,0.7,0.1,0.7,1000,781,0.781,62480,0.8184699103713188,0.8820251085298604,0.5638124942779541,0.7219110115236875,0.06388489208633094,0.508546762589928,0.0803453237410072,0.3472230215827338
Ref-L4,yoloworld,56,kt4_ke10_match0.10_birth0.85_dup0.70,4,10,0.7,0.1,0.85,1000,781,0.781,62480,0.8184699103713188,0.8820251085298604,0.5638124942779541,0.7219110115236875,0.06388489208633094,0.508546762589928,0.0803453237410072,0.3472230215827338
Ref-L4,yoloworld,57,kt4_ke10_match0.15_birth0.50_dup0.70,4,10,0.7,0.15,0.5,1000,781,0.781,62480,0.8221830985915493,0.8776523262604633,0.5635625123977661,0.7215909090909091,0.06536361023282553,0.522219028456453,0.051106639839034206,0.36131072147168725
Ref-L4,yoloworld,58,kt4_ke10_match0.15_birth0.70_dup0.70,4,10,0.7,0.15,0.7,1000,781,0.781,62480,0.8147247119078105,0.8825436115040075,0.5615624785423279,0.7190300896286812,0.06476787240102534,0.5174594132725719,0.07718598689831957,0.34058672742808316
Ref-L4,yoloworld,59,kt4_ke10_match0.15_birth0.85_dup0.70,4,10,0.7,0.15,0.85,1000,781,0.781,62480,0.8147247119078105,0.8825436115040075,0.5615624785423279,0.7190300896286812,0.06476787240102534,0.5174594132725719,0.07718598689831957,0.34058672742808316
Ref-L4,yoloworld,60,kt4_ke10_match0.25_birth0.50_dup0.70,4,10,0.7,0.25,0.5,1000,781,0.781,62480,0.8129481434058898,0.87970783375662,0.5585375428199768,0.7151568970820663,0.06506714614822723,0.5449794909254368,0.04663707366410069,0.34331628926223523
Ref-L4,yoloworld,61,kt4_ke10_match0.25_birth0.70_dup0.70,4,10,0.7,0.25,0.7,1000,781,0.781,62480,0.8058738796414853,0.8843915711703839,0.5566250085830688,0.712708066581306,0.06451253481894151,0.5403342618384401,0.07086350974930362,0.3242896935933148
Ref-L4,yoloworld,62,kt4_ke10_match0.25_birth0.85_dup0.70,4,10,0.7,0.25,0.85,1000,781,0.781,62480,0.8058738796414853,0.8843915711703839,0.5566250085830688,0.712708066581306,0.06451253481894151,0.5403342618384401,0.07086350974930362,0.3242896935933148
Ref-L4,yoloworld,63,kt4_ke15_match0.10_birth0.50_dup0.70,4,15,0.7,0.1,0.5,1000,781,0.781,62480,0.831354033290653,0.8772500625685848,0.5695875287055969,0.7293054089808739,0.06403358363389108,0.4980784012298232,0.06089989948560279,0.3769881156506829
Ref-L4,yoloworld,64,kt4_ke15_match0.10_birth0.70_dup0.70,4,15,0.7,0.1,0.7,1000,781,0.781,62480,0.823735595390525,0.882079779276041,0.5674749612808228,0.7266004809038893,0.06340007024938532,0.4931506849315068,0.08816297857393748,0.35528626624517035
Ref-L4,yoloworld,65,kt4_ke15_match0.10_birth0.85_dup0.70,4,15,0.7,0.1,0.85,1000,781,0.781,62480,0.823735595390525,0.882079779276041,0.5674749612808228,0.7266004809038893,0.06340007024938532,0.4931506849315068,0.08816297857393748,0.35528626624517035
Ref-L4,yoloworld,66,kt4_ke15_match0.15_birth0.50_dup0.70,4,15,0.7,0.15,0.5,1000,781,0.781,62480,0.8280409731113957,0.8776287304778104,0.5675625205039978,0.7267125480153649,0.06430453879941435,0.5057686676427525,0.05915080527086384,0.3707759882869692
Ref-L4,yoloworld,67,kt4_ke15_match0.15_birth0.70_dup0.70,4,15,0.7,0.15,0.7,1000,781,0.781,62480,0.8204545454545454,0.8824470367913855,0.5654500126838684,0.7240076980883883,0.06367432150313153,0.5008118765947576,0.08605891904430527,0.3494548828578056
Ref-L4,yoloworld,68,kt4_ke15_match0.15_birth0.85_dup0.70,4,15,0.7,0.15,0.85,1000,781,0.781,62480,0.8204545454545454,0.8824470367913855,0.5654500126838684,0.7240076980883883,0.06367432150313153,0.5008118765947576,0.08605891904430527,0.3494548828578056
Ref-L4,yoloworld,69,kt4_ke15_match0.25_birth0.50_dup0.70,4,15,0.7,0.25,0.5,1000,781,0.781,62480,0.8201024327784892,0.8791569086651054,0.5630999803543091,0.7209986883302657,0.06413492427719138,0.5258145938503901,0.05484167049105094,0.3552088113813676
Ref-L4,yoloworld,70,kt4_ke15_match0.25_birth0.70_dup0.70,4,15,0.7,0.25,0.7,1000,781,0.781,62480,0.8128361075544174,0.8838065608632301,0.5610625147819519,0.7183898847631242,0.0635407786302927,0.5209434498437056,0.08013640238704177,0.33537936913895994
Ref-L4,yoloworld,71,kt4_ke15_match0.25_birth0.85_dup0.70,4,15,0.7,0.25,0.85,1000,781,0.781,62480,0.8128361075544174,0.8838065608632301,0.5610625147819519,0.7183898847631242,0.0635407786302927,0.5209434498437056,0.08013640238704177,0.33537936913895994
Ref-L4,yoloworld,72,kt4_ke20_match0.10_birth0.50_dup0.70,4,20,0.7,0.1,0.5,1000,781,0.781,62480,0.8327784891165173,0.8773639298892989,0.5706375241279602,0.7306498235685419,0.0641155148850199,0.49367163824350824,0.06304593261631707,0.3791669142551548
Ref-L4,yoloworld,73,kt4_ke20_match0.10_birth0.70_dup0.70,4,20,0.7,0.1,0.7,1000,781,0.781,62480,0.8251440460947503,0.882087091455727,0.5684500336647034,0.7278489272817301,0.06345565749235474,0.4885909197835803,0.09044930604563632,0.35750411667842863
Ref-L4,yoloworld,74,kt4_ke20_match0.10_birth0.85_dup0.70,4,20,0.7,0.1,0.85,1000,781,0.781,62480,0.8251440460947503,0.882087091455727,0.5684500336647034,0.7278489272817301,0.06345565749235474,0.4885909197835803,0.09044930604563632,0.35750411667842863
Ref-L4,yoloworld,75,kt4_ke20_match0.15_birth0.50_dup0.70,4,20,0.7,0.15,0.5,1000,781,0.781,62480,0.829865556978233,0.8776277724204435,0.5688124895095825,0.7283130601792573,0.06444771723122239,0.5002061855670104,0.06156111929307806,0.37378497790868925
Ref-L4,yoloworld,76,kt4_ke20_match0.15_birth0.70_dup0.70,4,20,0.7,0.15,0.7,1000,781,0.781,62480,0.8222631241997439,0.8823357664233576,0.5666249990463257,0.7255121638924455,0.06379008746355685,0.4951020408163265,0.08862973760932945,0.35247813411078716
Ref-L4,yoloworld,77,kt4_ke20_match0.15_birth0.85_dup0.70,4,20,0.7,0.15,0.85,1000,781,0.781,62480,0.8222631241997439,0.8823357664233576,0.5666249990463257,0.7255121638924455,0.06379008746355685,0.4951020408163265,0.08862973760932945,0.35247813411078716
Ref-L4,yoloworld,78,kt4_ke20_match0.25_birth0.50_dup0.70,4,20,0.7,0.25,0.5,1000,781,0.781,62480,0.8222631241997439,0.8788126520681265,0.5643625259399414,0.7226152993958067,0.06427788356124862,0.5191852749408574,0.05729617448502683,0.3592406670128671
Ref-L4,yoloworld,79,kt4_ke20_match0.25_birth0.70_dup0.70,4,20,0.7,0.25,0.7,1000,781,0.781,62480,0.8148687580025609,0.8834678765737631,0.562250018119812,0.7199103713188221,0.06365714285714286,0.5141714285714286,0.08314285714285714,0.3390285714285714
Ref-L4,yoloworld,80,kt4_ke20_match0.25_birth0.85_dup0.70,4,20,0.7,0.25,0.85,1000,781,0.781,62480,0.8148687580025609,0.8834678765737631,0.562250018119812,0.7199103713188221,0.06365714285714286,0.5141714285714286,0.08314285714285714,0.3390285714285714
Ref-L4,yoloworld,81,kt5_ke10_match0.10_birth0.50_dup0.70,5,10,0.7,0.1,0.5,1000,781,0.781,62480,0.7747279129321383,0.8770581551492614,0.5306749939918518,0.6794814184288972,0.05702586637371417,0.6178467991610905,0.027963647258563866,0.2971636872066314
Ref-L4,yoloworld,82,kt5_ke10_match0.10_birth0.70_dup0.70,5,10,0.7,0.1,0.7,1000,781,0.781,62480,0.76800576184379,0.8825466291549443,0.5293624401092529,0.6778008025068022,0.05672842879141622,0.6146242114152303,0.04868113854254632,0.2799662212508072
Ref-L4,yoloworld,83,kt5_ke10_match0.10_birth0.85_dup0.70,5,10,0.7,0.1,0.85,1000,781,0.781,62480,0.76800576184379,0.8825466291549443,0.5293624401092529,0.6778008025068022,0.05672842879141622,0.6146242114152303,0.04868113854254632,0.2799662212508072
Ref-L4,yoloworld,84,kt5_ke10_match0.15_birth0.50_dup0.70,5,10,0.7,0.15,0.5,1000,781,0.781,62480,0.7696702944942382,0.8783089687870407,0.5279625058174133,0.6760083539232554,0.05774835745689868,0.6262905695796077,0.026873487131354047,0.2890875858321395
Ref-L4,yoloworld,85,kt5_ke10_match0.15_birth0.70_dup0.70,5,10,0.7,0.15,0.7,1000,781,0.781,62480,0.7632682458386684,0.8835161148273186,0.5266750454902649,0.6743598576544494,0.05745601100953504,0.6231200235918608,0.04639732625577509,0.27302663914282904
Ref-L4,yoloworld,86,kt5_ke10_match0.15_birth0.85_dup0.70,5,10,0.7,0.15,0.85,1000,781,0.781,62480,0.7632682458386684,0.8835161148273186,0.5266750454902649,0.6743598576544494,0.05745601100953504,0.6231200235918608,0.04639732625577509,0.27302663914282904
Ref-L4,yoloworld,87,kt5_ke10_match0.25_birth0.50_dup0.70,5,10,0.7,0.25,0.5,1000,781,0.781,62480,0.757634443021767,0.8812134271288844,0.5214250683784485,0.6676377065661011,0.05735336607916787,0.6480785900028894,0.023788885678512953,0.27077915823942983
Ref-L4,yoloworld,88,kt5_ke10_match0.25_birth0.70_dup0.70,5,10,0.7,0.25,0.7,1000,781,0.781,62480,0.7516325224071703,0.8861632809505557,0.5202000141143799,0.6660691577554817,0.05708397239263804,0.645034509202454,0.04165069018404908,0.2562308282208589
Ref-L4,yoloworld,89,kt5_ke10_match0.25_birth0.85_dup0.70,5,10,0.7,0.25,0.85,1000,781,0.781,62480,0.7516325224071703,0.8861632809505557,0.5202000141143799,0.6660691577554817,0.05708397239263804,0.645034509202454,0.04165069018404908,0.2562308282208589
Ref-L4,yoloworld,90,kt5_ke15_match0.10_birth0.50_dup0.70,5,15,0.7,0.1,0.5,1000,781,0.781,62480,0.7868918053777209,0.8759890165768331,0.538349986076355,0.6893085474851952,0.05738718318565836,0.5932928085720173,0.03523593653410262,0.3140840717082217
Ref-L4,yoloworld,91,kt5_ke15_match0.10_birth0.70_dup0.70,5,15,0.7,0.1,0.7,1000,781,0.781,62480,0.779865556978233,0.8814595903624348,0.5368750095367432,0.6874199743918054,0.057040450588837686,0.5897081413210445,0.057501280081925246,0.2957501280081925
Ref-L4,yoloworld,92,kt5_ke15_match0.10_birth0.85_dup0.70,5,15,0.7,0.1,0.85,1000,781,0.781,62480,0.779865556978233,0.8814595903624348,0.5368750095367432,0.6874199743918054,0.057040450588837686,0.5897081413210445,0.057501280081925246,0.2957501280081925
Ref-L4,yoloworld,93,kt5_ke15_match0.15_birth0.50_dup0.70,5,15,0.7,0.15,0.5,1000,781,0.781,62480,0.7827624839948784,0.8767865540720142,0.536012589931488,0.6863157147787292,0.05760497984591051,0.6006428899433645,0.034287463646104396,0.3074646665646206
Ref-L4,yoloworld,94,kt5_ke15_match0.15_birth0.70_dup0.70,5,15,0.7,0.15,0.7,1000,781,0.781,62480,0.7758642765685019,0.882189124515224,0.5345625281333923,0.6844590268886044,0.05726604108546792,0.5971088004057824,0.0559472482881055,0.28967791022064415
Ref-L4,yoloworld,95,kt5_ke15_match0.15_birth0.85_dup0.70,5,15,0.7,0.15,0.85,1000,781,0.781,62480,0.7758642765685019,0.882189124515224,0.5345625281333923,0.6844590268886044,0.05726604108546792,0.5971088004057824,0.0559472482881055,0.28967791022064415
Ref-L4,yoloworld,96,kt5_ke15_match0.25_birth0.50_dup0.70,5,15,0.7,0.25,0.5,1000,781,0.781,62480,0.7723751600512164,0.8788180198101869,0.5301250219345093,0.6787772087067862,0.057299451918286,0.6198804185351271,0.03143996013951171,0.29138016940707523
Ref-L4,yoloworld,97,kt5_ke15_match0.25_birth0.70_dup0.70,5,15,0.7,0.25,0.7,1000,781,0.781,62480,0.7658130601792573,0.8840494900518308,0.5287500023841858,0.6770166453265045,0.05698711595639247,0.6165014866204163,0.05158572844400396,0.2749256689791873
Ref-L4,yoloworld,98,kt5_ke15_match0.25_birth0.85_dup0.70,5,15,0.7,0.25,0.85,1000,781,0.781,62480,0.7658130601792573,0.8840494900518308,0.5287500023841858,0.6770166453265045,0.05698711595639247,0.6165014866204163,0.05158572844400396,0.2749256689791873
Ref-L4,yoloworld,99,kt5_ke20_match0.10_birth0.50_dup0.70,5,20,0.7,0.1,0.5,1000,781,0.781,62480,0.7891005121638924,0.8760318844695049,0.5398874878883362,0.6912772243367877,0.05749390844522785,0.58789983928664,0.037741718077660844,0.3168645341904712
Ref-L4,yoloworld,100,kt5_ke20_match0.10_birth0.70_dup0.70,5,20,0.7,0.1,0.7,1000,781,0.781,62480,0.7819942381562099,0.8814547985018113,0.5383374691009521,0.6892925267335548,0.05712666769690414,0.5841446453407511,0.06037191572657498,0.29835677123576987
Ref-L4,yoloworld,101,kt5_ke20_match0.10_birth0.85_dup0.70,5,20,0.7,0.1,0.85,1000,781,0.781,62480,0.7819942381562099,0.8814547985018113,0.5383374691009521,0.6892925267335548,0.05712666769690414,0.5841446453407511,0.06037191572657498,0.29835677123576987
Ref-L4,yoloworld,102,kt5_ke20_match0.15_birth0.50_dup0.70,5,20,0.7,0.15,0.5,1000,781,0.781,62480,0.7856274007682459,0.8766246995069877,0.5378749966621399,0.6887003841229193,0.0577892030848329,0.594241645244216,0.03660668380462725,0.31136246786632393
Ref-L4,yoloworld,103,kt5_ke20_match0.15_birth0.70_dup0.70,5,20,0.7,0.15,0.7,1000,781,0.781,62480,0.778585147247119,0.8820046869218435,0.5363250374794006,0.6867157646696943,0.057423112291815674,0.5904771635843465,0.058853581281291506,0.29324614284254624
Ref-L4,yoloworld,104,kt5_ke20_match0.15_birth0.85_dup0.70,5,20,0.7,0.15,0.85,1000,781,0.781,62480,0.778585147247119,0.8820046869218435,0.5363250374794006,0.6867157646696943,0.057423112291815674,0.5904771635843465,0.058853581281291506,0.29324614284254624
Ref-L4,yoloworld,105,kt5_ke20_match0.25_birth0.50_dup0.70,5,20,0.7,0.25,0.5,1000,781,0.781,62480,0.775624199743918,0.8781907100555085,0.5319749712944031,0.6811459354493438,0.057474149181809056,0.6125890974801727,0.03363116152996687,0.2963055918080514
Ref-L4,yoloworld,106,kt5_ke20_match0.25_birth0.70_dup0.70,5,20,0.7,0.25,0.7,1000,781,0.781,62480,0.7688060179257362,0.8835224315603206,0.5304999947547913,0.6792573623559539,0.05713572854291417,0.6089820359281437,0.05469061876247505,0.2791916167664671
Ref-L4,yoloworld,107,kt5_ke20_match0.25_birth0.85_dup0.70,5,20,0.7,0.25,0.85,1000,781,0.781,62480,0.7688060179257362,0.8835224315603206,0.5304999947547913,0.6792573623559539,0.05713572854291417,0.6089820359281437,0.05469061876247505,0.2791916167664671
