model,image_id,ref_id,category_id,query,clean_eligible,raw_clean_candidate_count,tracked_clean_candidate_count,clean_correct,clean_best_iou,diagnostic_budget,diagnostic_probe_count,diagnostic_coverage,diagnostic_coverage_lower,diagnostic_coverage_upper,diagnostic_conditional_ranking,diagnostic_conditional_ranking_lower,diagnostic_conditional_ranking_upper,diagnostic_operational,diagnostic_operational_lower,diagnostic_operational_upper,diagnostic_coverage_risk,diagnostic_ranking_risk,diagnostic_risk_decomposition_error,reference_probe_count,reference_coverage,reference_coverage_lower,reference_coverage_upper,reference_conditional_ranking,reference_conditional_ranking_lower,reference_conditional_ranking_upper,reference_operational,reference_operational_lower,reference_operational_upper,reference_coverage_risk,reference_ranking_risk,reference_risk_decomposition_error,full_manifest_operational
yoloworld,346712,20202,1,boy far left,1,3,3,0,0.0,5,5,1.0,0.47817624989501856,1.0,0.6,0.14663279963467318,0.9472550494736831,0.6,0.14663279963467318,0.9472550494736831,0.0,0.4,0.0,80,1.0,0.9549359649323077,1.0,0.5875,0.4718483404252045,0.6964754070624058,0.5875,0.4718483404252045,0.6964754070624058,0.0,0.4125,0.0,0.6
yoloworld,346712,20202,1,boy far left,1,3,3,0,0.0,10,10,1.0,0.6915028921812392,1.0,0.7,0.34754714994000274,0.9332604888222655,0.7,0.34754714994000274,0.9332604888222655,0.0,0.30000000000000004,0.0,80,1.0,0.9549359649323077,1.0,0.5875,0.4718483404252045,0.6964754070624058,0.5875,0.4718483404252045,0.6964754070624058,0.0,0.4125,0.0,0.7
yoloworld,346712,20202,1,boy far left,1,3,3,0,0.0,20,20,1.0,0.8315665290169146,1.0,0.6,0.3605425873074897,0.8088099392746928,0.6,0.3605425873074897,0.8088099392746928,0.0,0.4,0.0,80,1.0,0.9549359649323077,1.0,0.5875,0.4718483404252045,0.6964754070624058,0.5875,0.4718483404252045,0.6964754070624058,0.0,0.4125,0.0,0.6
yoloworld,346712,20202,1,boy far left,1,3,3,0,0.0,40,40,1.0,0.9119026971211976,1.0,0.65,0.48315554635100944,0.793717509129233,0.65,0.48315554635100944,0.793717509129233,0.0,0.35,0.0,80,1.0,0.9549359649323077,1.0,0.5875,0.4718483404252045,0.6964754070624058,0.5875,0.4718483404252045,0.6964754070624058,0.0,0.4125,0.0,0.65
yoloworld,125350,39201,1,right wee dude,0,0,0,0,0.0,5,0,0.0,,,,,,0.0,,,,,,0,0.0,,,,,,0.0,,,,,,0.0
yoloworld,125350,39201,1,right wee dude,0,0,0,0,0.0,10,0,0.0,,,,,,0.0,,,,,,0,0.0,,,,,,0.0,,,,,,0.0
yoloworld,125350,39201,1,right wee dude,0,0,0,0,0.0,20,0,0.0,,,,,,0.0,,,,,,0,0.0,,,,,,0.0,,,,,,0.0
yoloworld,125350,39201,1,right wee dude,0,0,0,0,0.0,40,0,0.0,,,,,,0.0,,,,,,0,0.0,,,,,,0.0,,,,,,0.0
yoloworld,23967,47975,1,boy in blue on right,1,2,2,1,0.9457557142247643,5,5,1.0,0.47817624989501856,1.0,0.6,0.14663279963467318,0.9472550494736831,0.6,0.14663279963467318,0.9472550494736831,0.0,0.4,0.0,80,1.0,0.9549359649323077,1.0,0.7125,0.6004548866879794,0.8082395280280349,0.7125,0.6004548866879794,0.8082395280280349,0.0,0.2875,0.0,0.6
yoloworld,23967,47975,1,boy in blue on right,1,2,2,1,0.9457557142247643,10,10,1.0,0.6915028921812392,1.0,0.7,0.34754714994000274,0.9332604888222655,0.7,0.34754714994000274,0.9332604888222655,0.0,0.30000000000000004,0.0,80,1.0,0.9549359649323077,1.0,0.7125,0.6004548866879794,0.8082395280280349,0.7125,0.6004548866879794,0.8082395280280349,0.0,0.2875,0.0,0.7
yoloworld,23967,47975,1,boy in blue on right,1,2,2,1,0.9457557142247643,20,20,1.0,0.8315665290169146,1.0,0.65,0.4078114654671719,0.8460907952154588,0.65,0.4078114654671719,0.8460907952154588,0.0,0.35,0.0,80,1.0,0.9549359649323077,1.0,0.7125,0.6004548866879794,0.8082395280280349,0.7125,0.6004548866879794,0.8082395280280349,0.0,0.2875,0.0,0.65
yoloworld,23967,47975,1,boy in blue on right,1,2,2,1,0.9457557142247643,40,40,1.0,0.9119026971211976,1.0,0.525,0.36128013526406216,0.6848802933650138,0.525,0.36128013526406216,0.6848802933650138,0.0,0.475,0.0,80,1.0,0.9549359649323077,1.0,0.7125,0.6004548866879794,0.8082395280280349,0.7125,0.6004548866879794,0.8082395280280349,0.0,0.2875,0.0,0.525
yoloworld,65842,44225,55,orange at far left and orange at far right,1,4,4,0,0.09090917708173218,5,5,0.6,0.14663279963467318,0.9472550494736831,0.6666666666666666,0.09429932405024612,0.9915962413403874,0.4,0.05274495052631693,0.8533672003653268,0.4,0.2,5.551115123125783e-17,80,0.6,0.48437694049548946,0.7079906437446896,0.7083333333333334,0.5593652200863092,0.8304692013719713,0.425,0.3151097654523422,0.5406111885690619,0.4,0.17499999999999996,2.7755575615628914e-17,0.4
yoloworld,65842,44225,55,orange at far left and orange at far right,1,4,4,0,0.09090917708173218,10,10,0.6,0.2623780766069451,0.8784477418801728,0.5,0.11811724875702523,0.8818827512429748,0.3,0.0667395111777345,0.6524528500599973,0.4,0.3,5.551115123125783e-17,80,0.6,0.48437694049548946,0.7079906437446896,0.7083333333333334,0.5593652200863092,0.8304692013719713,0.425,0.3151097654523422,0.5406111885690619,0.4,0.17499999999999996,2.7755575615628914e-17,0.3
yoloworld,65842,44225,55,orange at far left and orange at far right,1,4,4,0,0.09090917708173218,20,20,0.55,0.3152781330405486,0.7694221032240758,0.6363636363636364,0.3079047150116772,0.8907365561809019,0.35,0.15390920478454118,0.5921885345328282,0.44999999999999996,0.2,5.551115123125783e-17,80,0.6,0.48437694049548946,0.7079906437446896,0.7083333333333334,0.5593652200863092,0.8304692013719713,0.425,0.3151097654523422,0.5406111885690619,0.4,0.17499999999999996,2.7755575615628914e-17,0.35
yoloworld,65842,44225,55,orange at far left and orange at far right,1,4,4,0,0.09090917708173218,40,40,0.6,0.4332670521932967,0.7513500134122563,0.6666666666666666,0.4467803843403519,0.8436977142908647,0.4,0.24864998658774376,0.5667329478067034,0.4,0.2,5.551115123125783e-17,80,0.6,0.48437694049548946,0.7079906437446896,0.7083333333333334,0.5593652200863092,0.8304692013719713,0.425,0.3151097654523422,0.5406111885690619,0.4,0.17499999999999996,2.7755575615628914e-17,0.4
yoloworld,448531,11612,27,dk blue to left of boy,0,1,0,0,0.08579408531687814,5,0,0.0,,,,,,0.0,,,,,,0,0.0,,,,,,0.0,,,,,,0.0
yoloworld,448531,11612,27,dk blue to left of boy,0,1,0,0,0.08579408531687814,10,0,0.0,,,,,,0.0,,,,,,0,0.0,,,,,,0.0,,,,,,0.0
yoloworld,448531,11612,27,dk blue to left of boy,0,1,0,0,0.08579408531687814,20,0,0.0,,,,,,0.0,,,,,,0,0.0,,,,,,0.0,,,,,,0.0
yoloworld,448531,11612,27,dk blue to left of boy,0,1,0,0,0.08579408531687814,40,0,0.0,,,,,,0.0,,,,,,0,0.0,,,,,,0.0,,,,,,0.0
yoloworld,53643,45379,46,caraffe with water center of pic,1,12,5,1,0.8917050191039578,5,5,0.4,0.05274495052631693,0.8533672003653268,0.5,0.01257911709342506,0.9874208829065749,0.2,0.005050763379468061,0.7164179361180893,0.6,0.2,5.551115123125783e-17,80,0.575,0.4593888114309382,0.6848902345476577,0.6086956521739131,0.45374137941246023,0.7491205884392371,0.35,0.2466719364725351,0.4647968854793358,0.42500000000000004,0.22499999999999995,2.7755575615628914e-17,0.2
yoloworld,53643,45379,46,caraffe with water center of pic,1,12,5,1,0.8917050191039578,10,10,0.5,0.18708602844739855,0.8129139715526015,0.6,0.14663279963467318,0.9472550494736831,0.3,0.0667395111777345,0.6524528500599973,0.5,0.2,5.551115123125783e-17,80,0.575,0.4593888114309382,0.6848902345476577,0.6086956521739131,0.45374137941246023,0.7491205884392371,0.35,0.2466719364725351,0.4647968854793358,0.42500000000000004,0.22499999999999995,2.7755575615628914e-17,0.3
yoloworld,53643,45379,46,caraffe with water center of pic,1,12,5,1,0.8917050191039578,20,20,0.55,0.3152781330405486,0.7694221032240758,0.6363636363636364,0.3079047150116772,0.8907365561809019,0.35,0.15390920478454118,0.5921885345328282,0.44999999999999996,0.2,5.551115123125783e-17,80,0.575,0.4593888114309382,0.6848902345476577,0.6086956521739131,0.45374137941246023,0.7491205884392371,0.35,0.2466719364725351,0.4647968854793358,0.42500000000000004,0.22499999999999995,2.7755575615628914e-17,0.35
yoloworld,53643,45379,46,caraffe with water center of pic,1,12,5,1,0.8917050191039578,40,40,0.55,0.38490679453401333,0.7074116499601201,0.5909090909090909,0.3635469617297313,0.7929068770028509,0.325,0.18572896676334988,0.4912948754784484,0.44999999999999996,0.225,8.326672684688674e-17,80,0.575,0.4593888114309382,0.6848902345476577,0.6086956521739131,0.45374137941246023,0.7491205884392371,0.35,0.2466719364725351,0.4647968854793358,0.42500000000000004,0.22499999999999995,2.7755575615628914e-17,0.325
yoloworld,119534,39732,47,curly,0,0,0,0,0.0,5,0,0.0,,,,,,0.0,,,,,,0,0.0,,,,,,0.0,,,,,,0.0
yoloworld,119534,39732,47,curly,0,0,0,0,0.0,10,0,0.0,,,,,,0.0,,,,,,0,0.0,,,,,,0.0,,,,,,0.0
yoloworld,119534,39732,47,curly,0,0,0,0,0.0,20,0,0.0,,,,,,0.0,,,,,,0,0.0,,,,,,0.0,,,,,,0.0
yoloworld,119534,39732,47,curly,0,0,0,0,0.0,40,0,0.0,,,,,,0.0,,,,,,0,0.0,,,,,,0.0,,,,,,0.0
yoloworld,279882,26241,8,car closest to man,1,19,5,0,0.0,5,5,1.0,0.47817624989501856,1.0,0.6,0.14663279963467318,0.9472550494736831,0.6,0.14663279963467318,0.9472550494736831,0.0,0.4,0.0,80,1.0,0.9549359649323077,1.0,0.8875,0.7971534080830098,0.9472484868543125,0.8875,0.7971534080830098,0.9472484868543125,0.0,0.11250000000000004,0.0,0.6
yoloworld,279882,26241,8,car closest to man,1,19,5,0,0.0,10,10,1.0,0.6915028921812392,1.0,0.7,0.34754714994000274,0.9332604888222655,0.7,0.34754714994000274,0.9332604888222655,0.0,0.30000000000000004,0.0,80,1.0,0.9549359649323077,1.0,0.8875,0.7971534080830098,0.9472484868543125,0.8875,0.7971534080830098,0.9472484868543125,0.0,0.11250000000000004,0.0,0.7
yoloworld,279882,26241,8,car closest to man,1,19,5,0,0.0,20,20,1.0,0.8315665290169146,1.0,0.75,0.5089541282920425,0.9134285308985653,0.75,0.5089541282920425,0.9134285308985653,0.0,0.25,0.0,80,1.0,0.9549359649323077,1.0,0.8875,0.7971534080830098,0.9472484868543125,0.8875,0.7971534080830098,0.9472484868543125,0.0,0.11250000000000004,0.0,0.75
yoloworld,279882,26241,8,car closest to man,1,19,5,0,0.0,40,40,1.0,0.9119026971211976,1.0,0.825,0.6722098666384142,0.9266172706479148,0.825,0.6722098666384142,0.9266172706479148,0.0,0.17500000000000004,0.0,80,1.0,0.9549359649323077,1.0,0.8875,0.7971534080830098,0.9472484868543125,0.8875,0.7971534080830098,0.9472484868543125,0.0,0.11250000000000004,0.0,0.825
yoloworld,84313,42654,1,lady with glasses,1,3,3,0,0.0,5,5,1.0,0.47817624989501856,1.0,1.0,0.47817624989501856,1.0,1.0,0.47817624989501856,1.0,0.0,0.0,0.0,80,0.8625,0.7672791291752744,0.9293121672961213,1.0,0.9479419421369203,1.0,0.8625,0.7672791291752744,0.9293121672961213,0.13749999999999996,0.0,0.0,1.0
yoloworld,84313,42654,1,lady with glasses,1,3,3,0,0.0,10,10,0.9,0.5549838829718046,0.9974714214555382,1.0,0.6637328831200572,1.0,0.9,0.5549838829718046,0.9974714214555382,0.09999999999999998,0.0,0.0,80,0.8625,0.7672791291752744,0.9293121672961213,1.0,0.9479419421369203,1.0,0.8625,0.7672791291752744,0.9293121672961213,0.13749999999999996,0.0,0.0,0.9
yoloworld,84313,42654,1,lady with glasses,1,3,3,0,0.0,20,20,0.85,0.6210731734546859,0.9679290628145363,1.0,0.8049356770309068,1.0,0.85,0.6210731734546859,0.9679290628145363,0.15000000000000002,0.0,0.0,80,0.8625,0.7672791291752744,0.9293121672961213,1.0,0.9479419421369203,1.0,0.8625,0.7672791291752744,0.9293121672961213,0.13749999999999996,0.0,0.0,0.85
yoloworld,84313,42654,1,lady with glasses,1,3,3,0,0.0,40,40,0.85,0.7016473331604236,0.9428977418454741,1.0,0.8971820757409874,1.0,0.85,0.7016473331604236,0.9428977418454741,0.15000000000000002,0.0,0.0,80,0.8625,0.7672791291752744,0.9293121672961213,1.0,0.9479419421369203,1.0,0.8625,0.7672791291752744,0.9293121672961213,0.13749999999999996,0.0,0.0,0.85
yoloworld,243153,29382,1,player second from the right,1,4,4,0,0.0,5,5,1.0,0.47817624989501856,1.0,1.0,0.47817624989501856,1.0,1.0,0.47817624989501856,1.0,0.0,0.0,0.0,80,1.0,0.9549359649323077,1.0,0.8625,0.7672791291752744,0.9293121672961213,0.8625,0.7672791291752744,0.9293121672961213,0.0,0.13749999999999996,0.0,1.0
yoloworld,243153,29382,1,player second from the right,1,4,4,0,0.0,10,10,1.0,0.6915028921812392,1.0,1.0,0.6915028921812392,1.0,1.0,0.6915028921812392,1.0,0.0,0.0,0.0,80,1.0,0.9549359649323077,1.0,0.8625,0.7672791291752744,0.9293121672961213,0.8625,0.7672791291752744,0.9293121672961213,0.0,0.13749999999999996,0.0,1.0
yoloworld,243153,29382,1,player second from the right,1,4,4,0,0.0,20,20,1.0,0.8315665290169146,1.0,0.95,0.7512672372279723,0.9987349105020502,0.95,0.7512672372279723,0.9987349105020502,0.0,0.050000000000000044,0.0,80,1.0,0.9549359649323077,1.0,0.8625,0.7672791291752744,0.9293121672961213,0.8625,0.7672791291752744,0.9293121672961213,0.0,0.13749999999999996,0.0,0.95
yoloworld,243153,29382,1,player second from the right,1,4,4,0,0.0,40,40,1.0,0.9119026971211976,1.0,0.95,0.8308031360405824,0.9938863534006491,0.95,0.8308031360405824,0.9938863534006491,0.0,0.050000000000000044,0.0,80,1.0,0.9549359649323077,1.0,0.8625,0.7672791291752744,0.9293121672961213,0.8625,0.7672791291752744,0.9293121672961213,0.0,0.13749999999999996,0.0,0.95
yoloworld,83353,42756,64,the tree in right corner,0,0,0,0,0.0,5,0,0.0,,,,,,0.0,,,,,,0,0.0,,,,,,0.0,,,,,,0.0
yoloworld,83353,42756,64,the tree in right corner,0,0,0,0,0.0,10,0,0.0,,,,,,0.0,,,,,,0,0.0,,,,,,0.0,,,,,,0.0
yoloworld,83353,42756,64,the tree in right corner,0,0,0,0,0.0,20,0,0.0,,,,,,0.0,,,,,,0,0.0,,,,,,0.0,,,,,,0.0
yoloworld,83353,42756,64,the tree in right corner,0,0,0,0,0.0,40,0,0.0,,,,,,0.0,,,,,,0,0.0,,,,,,0.0,,,,,,0.0
yoloworld,457555,10797,8,blue mercedes truck,1,4,4,0,0.08696098246899918,5,5,1.0,0.47817624989501856,1.0,1.0,0.47817624989501856,1.0,1.0,0.47817624989501856,1.0,0.0,0.0,0.0,80,0.8625,0.7672791291752744,0.9293121672961213,1.0,0.9479419421369203,1.0,0.8625,0.7672791291752744,0.9293121672961213,0.13749999999999996,0.0,0.0,1.0
yoloworld,457555,10797,8,blue mercedes truck,1,4,4,0,0.08696098246899918,10,10,1.0,0.6915028921812392,1.0,1.0,0.6915028921812392,1.0,1.0,0.6915028921812392,1.0,0.0,0.0,0.0,80,0.8625,0.7672791291752744,0.9293121672961213,1.0,0.9479419421369203,1.0,0.8625,0.7672791291752744,0.9293121672961213,0.13749999999999996,0.0,0.0,1.0
yoloworld,457555,10797,8,blue mercedes truck,1,4,4,0,0.08696098246899918,20,20,0.9,0.6830172859809176,0.9876514728297052,1.0,0.8146980318621478,1.0,0.9,0.6830172859809176,0.9876514728297052,0.09999999999999998,0.0,0.0,80,0.8625,0.7672791291752744,0.9293121672961213,1.0,0.9479419421369203,1.0,0.8625,0.7672791291752744,0.9293121672961213,0.13749999999999996,0.0,0.0,0.9
yoloworld,457555,10797,8,blue mercedes truck,1,4,4,0,0.08696098246899918,40,40,0.925,0.796135251267101,0.9842578201489585,1.0,0.9051094125850101,1.0,0.925,0.796135251267101,0.9842578201489585,0.07499999999999996,0.0,0.0,80,0.8625,0.7672791291752744,0.9293121672961213,1.0,0.9479419421369203,1.0,0.8625,0.7672791291752744,0.9293121672961213,0.13749999999999996,0.0,0.0,0.925
yoloworld,467145,9958,1,right lady in black,1,4,4,1,0.918595295466725,5,5,0.4,0.05274495052631693,0.8533672003653268,1.0,0.15811388300841903,1.0,0.4,0.05274495052631693,0.8533672003653268,0.6,0.0,0.0,80,0.6125,0.4969755425018991,0.7194348668752178,1.0,0.9274807363357226,1.0,0.6125,0.4969755425018991,0.7194348668752178,0.38749999999999996,0.0,0.0,0.4
yoloworld,467145,9958,1,right lady in black,1,4,4,1,0.918595295466725,10,10,0.5,0.18708602844739855,0.8129139715526015,1.0,0.47817624989501856,1.0,0.5,0.18708602844739855,0.8129139715526015,0.5,0.0,0.0,80,0.6125,0.4969755425018991,0.7194348668752178,1.0,0.9274807363357226,1.0,0.6125,0.4969755425018991,0.7194348668752178,0.38749999999999996,0.0,0.0,0.5
yoloworld,467145,9958,1,right lady in black,1,4,4,1,0.918595295466725,20,20,0.55,0.3152781330405486,0.7694221032240758,1.0,0.7150858470818456,1.0,0.55,0.3152781330405486,0.7694221032240758,0.44999999999999996,0.0,0.0,80,0.6125,0.4969755425018991,0.7194348668752178,1.0,0.9274807363357226,1.0,0.6125,0.4969755425018991,0.7194348668752178,0.38749999999999996,0.0,0.0,0.55
yoloworld,467145,9958,1,right lady in black,1,4,4,1,0.918595295466725,40,40,0.575,0.40890058042696337,0.7295709687311371,1.0,0.8518148710847756,1.0,0.575,0.40890058042696337,0.7295709687311371,0.42500000000000004,0.0,0.0,80,0.6125,0.4969755425018991,0.7194348668752178,1.0,0.9274807363357226,1.0,0.6125,0.4969755425018991,0.7194348668752178,0.38749999999999996,0.0,0.0,0.575
yoloworld,389498,16696,1,man,1,2,2,1,0.9765981926487839,5,5,1.0,0.47817624989501856,1.0,1.0,0.47817624989501856,1.0,1.0,0.47817624989501856,1.0,0.0,0.0,0.0,80,1.0,0.9549359649323077,1.0,1.0,0.9549359649323077,1.0,1.0,0.9549359649323077,1.0,0.0,0.0,0.0,1.0
yoloworld,389498,16696,1,man,1,2,2,1,0.9765981926487839,10,10,1.0,0.6915028921812392,1.0,1.0,0.6915028921812392,1.0,1.0,0.6915028921812392,1.0,0.0,0.0,0.0,80,1.0,0.9549359649323077,1.0,1.0,0.9549359649323077,1.0,1.0,0.9549359649323077,1.0,0.0,0.0,0.0,1.0
yoloworld,389498,16696,1,man,1,2,2,1,0.9765981926487839,20,20,1.0,0.8315665290169146,1.0,1.0,0.8315665290169146,1.0,1.0,0.8315665290169146,1.0,0.0,0.0,0.0,80,1.0,0.9549359649323077,1.0,1.0,0.9549359649323077,1.0,1.0,0.9549359649323077,1.0,0.0,0.0,0.0,1.0
yoloworld,389498,16696,1,man,1,2,2,1,0.9765981926487839,40,40,1.0,0.9119026971211976,1.0,1.0,0.9119026971211976,1.0,1.0,0.9119026971211976,1.0,0.0,0.0,0.0,80,1.0,0.9549359649323077,1.0,1.0,0.9549359649323077,1.0,1.0,0.9549359649323077,1.0,0.0,0.0,0.0,1.0
yoloworld,339454,20822,1,woman in white dress with umbrella,1,7,5,0,0.10575006808261635,5,5,0.4,0.05274495052631693,0.8533672003653268,1.0,0.15811388300841903,1.0,0.4,0.05274495052631693,0.8533672003653268,0.6,0.0,0.0,80,0.525,0.4102278413767706,0.6378664183228473,1.0,0.9159161450596449,1.0,0.525,0.4102278413767706,0.6378664183228473,0.475,0.0,0.0,0.4
yoloworld,339454,20822,1,woman in white dress with umbrella,1,7,5,0,0.10575006808261635,10,10,0.4,0.1215522581198272,0.7376219233930549,1.0,0.3976353643835254,1.0,0.4,0.1215522581198272,0.7376219233930549,0.6,0.0,0.0,80,0.525,0.4102278413767706,0.6378664183228473,1.0,0.9159161450596449,1.0,0.525,0.4102278413767706,0.6378664183228473,0.475,0.0,0.0,0.4
yoloworld,339454,20822,1,woman in white dress with umbrella,1,7,5,0,0.10575006808261635,20,20,0.45,0.2305778967759242,0.6847218669594515,1.0,0.6637328831200572,1.0,0.45,0.2305778967759242,0.6847218669594515,0.55,0.0,0.0,80,0.525,0.4102278413767706,0.6378664183228473,1.0,0.9159161450596449,1.0,0.525,0.4102278413767706,0.6378664183228473,0.475,0.0,0.0,0.45
yoloworld,339454,20822,1,woman in white dress with umbrella,1,7,5,0,0.10575006808261635,40,40,0.45,0.29258835003987993,0.6150932054659867,1.0,0.8146980318621478,1.0,0.45,0.29258835003987993,0.6150932054659867,0.55,0.0,0.0,80,0.525,0.4102278413767706,0.6378664183228473,1.0,0.9159161450596449,1.0,0.525,0.4102278413767706,0.6378664183228473,0.475,0.0,0.0,0.45
yoloworld,218447,31468,56,broc laying sideways in center of photo,0,0,0,0,0.0,5,0,0.0,,,,,,0.0,,,,,,0,0.0,,,,,,0.0,,,,,,0.0
yoloworld,218447,31468,56,broc laying sideways in center of photo,0,0,0,0,0.0,10,0,0.0,,,,,,0.0,,,,,,0,0.0,,,,,,0.0,,,,,,0.0
yoloworld,218447,31468,56,broc laying sideways in center of photo,0,0,0,0,0.0,20,0,0.0,,,,,,0.0,,,,,,0,0.0,,,,,,0.0,,,,,,0.0
yoloworld,218447,31468,56,broc laying sideways in center of photo,0,0,0,0,0.0,40,0,0.0,,,,,,0.0,,,,,,0,0.0,,,,,,0.0,,,,,,0.0
yoloworld,55618,45176,1,green woman,1,2,2,1,0.7899180149123296,5,5,0.8,0.2835820638819106,0.9949492366205319,1.0,0.3976353643835254,1.0,0.8,0.2835820638819106,0.9949492366205319,0.19999999999999996,0.0,0.0,80,0.6375,0.5223872787351915,0.7421051046283819,0.5294117647058824,0.38458726306270347,0.6706998512140749,0.3375,0.23552613798365088,0.4519056143741682,0.36250000000000004,0.3,5.551115123125783e-17,0.8
yoloworld,55618,45176,1,green woman,1,2,2,1,0.7899180149123296,10,10,0.7,0.34754714994000274,0.9332604888222655,0.7142857142857143,0.29042086373734277,0.9633074338239145,0.5,0.18708602844739855,0.8129139715526015,0.30000000000000004,0.19999999999999998,2.7755575615628914e-17,80,0.6375,0.5223872787351915,0.7421051046283819,0.5294117647058824,0.38458726306270347,0.6706998512140749,0.3375,0.23552613798365088,0.4519056143741682,0.36250000000000004,0.3,5.551115123125783e-17,0.5
yoloworld,55618,45176,1,green woman,1,2,2,1,0.7899180149123296,20,20,0.65,0.4078114654671719,0.8460907952154588,0.6153846153846154,0.31577760291406304,0.8614206611098394,0.4,0.1911900607253072,0.6394574126925103,0.35,0.25,0.0,80,0.6375,0.5223872787351915,0.7421051046283819,0.5294117647058824,0.38458726306270347,0.6706998512140749,0.3375,0.23552613798365088,0.4519056143741682,0.36250000000000004,0.3,5.551115123125783e-17,0.4
yoloworld,55618,45176,1,green woman,1,2,2,1,0.7899180149123296,40,40,0.575,0.40890058042696337,0.7295709687311371,0.5217391304347826,0.30587800149137395,0.7318038138244465,0.3,0.16562720439323564,0.4653162852541233,0.42500000000000004,0.27499999999999997,5.551115123125783e-17,80,0.6375,0.5223872787351915,0.7421051046283819,0.5294117647058824,0.38458726306270347,0.6706998512140749,0.3375,0.23552613798365088,0.4519056143741682,0.36250000000000004,0.3,5.551115123125783e-17,0.3
yoloworld,226348,30735,1,cut out,0,0,0,0,0.0,5,0,0.0,,,,,,0.0,,,,,,0,0.0,,,,,,0.0,,,,,,0.0
yoloworld,226348,30735,1,cut out,0,0,0,0,0.0,10,0,0.0,,,,,,0.0,,,,,,0,0.0,,,,,,0.0,,,,,,0.0
yoloworld,226348,30735,1,cut out,0,0,0,0,0.0,20,0,0.0,,,,,,0.0,,,,,,0,0.0,,,,,,0.0,,,,,,0.0
yoloworld,226348,30735,1,cut out,0,0,0,0,0.0,40,0,0.0,,,,,,0.0,,,,,,0,0.0,,,,,,0.0,,,,,,0.0
yoloworld,226594,30712,1,girl pink pants,1,2,2,1,0.9431559486737674,5,5,0.2,0.005050763379468061,0.7164179361180893,1.0,0.025000000000000022,1.0,0.2,0.005050763379468061,0.7164179361180893,0.8,0.0,0.0,80,0.4375,0.32676395343377895,0.5530024286118197,0.8571428571428571,0.6974286483090486,0.9519392215963611,0.375,0.2691931699468049,0.4903547644071125,0.5625,0.06250000000000003,2.7755575615628914e-17,0.2
yoloworld,226594,30712,1,girl pink pants,1,2,2,1,0.9431559486737674,10,10,0.3,0.0667395111777345,0.6524528500599973,0.6666666666666666,0.09429932405024612,0.9915962413403874,0.2,0.02521072632683339,0.5560954623076415,0.7,0.1,8.326672684688674e-17,80,0.4375,0.32676395343377895,0.5530024286118197,0.8571428571428571,0.6974286483090486,0.9519392215963611,0.375,0.2691931699468049,0.4903547644071125,0.5625,0.06250000000000003,2.7755575615628914e-17,0.2
yoloworld,226594,30712,1,girl pink pants,1,2,2,1,0.9431559486737674,20,20,0.4,0.1911900607253072,0.6394574126925103,0.75,0.34914420558717585,0.9681459737500557,0.3,0.1189315904057277,0.5427891822762891,0.6,0.1,2.7755575615628914e-17,80,0.4375,0.32676395343377895,0.5530024286118197,0.8571428571428571,0.6974286483090486,0.9519392215963611,0.375,0.2691931699468049,0.4903547644071125,0.5625,0.06250000000000003,2.7755575615628914e-17,0.3
yoloworld,226594,30712,1,girl pink pants,1,2,2,1,0.9431559486737674,40,40,0.45,0.29258835003987993,0.6150932054659867,0.7222222222222222,0.4651980344169439,0.9030507874744407,0.325,0.18572896676334988,0.4912948754784484,0.55,0.125,0.0,80,0.4375,0.32676395343377895,0.5530024286118197,0.8571428571428571,0.6974286483090486,0.9519392215963611,0.375,0.2691931699468049,0.4903547644071125,0.5625,0.06250000000000003,2.7755575615628914e-17,0.325
yoloworld,15750,48658,70,pink toilet left side third down,1,8,5,0,0.0,5,5,0.6,0.14663279963467318,0.9472550494736831,1.0,0.29240177382128674,1.0,0.6,0.14663279963467318,0.9472550494736831,0.4,0.0,0.0,80,0.6,0.48437694049548946,0.7079906437446896,0.9583333333333334,0.8574590267986226,0.994913532069967,0.575,0.4593888114309382,0.6848902345476577,0.4,0.024999999999999977,4.5102810375396984e-17,0.6
yoloworld,15750,48658,70,pink toilet left side third down,1,8,5,0,0.0,10,10,0.6,0.2623780766069451,0.8784477418801728,1.0,0.5407418735600996,1.0,0.6,0.2623780766069451,0.8784477418801728,0.4,0.0,0.0,80,0.6,0.48437694049548946,0.7079906437446896,0.9583333333333334,0.8574590267986226,0.994913532069967,0.575,0.4593888114309382,0.6848902345476577,0.4,0.024999999999999977,4.5102810375396984e-17,0.6
yoloworld,15750,48658,70,pink toilet left side third down,1,8,5,0,0.0,20,20,0.55,0.3152781330405486,0.7694221032240758,1.0,0.7150858470818456,1.0,0.55,0.3152781330405486,0.7694221032240758,0.44999999999999996,0.0,0.0,80,0.6,0.48437694049548946,0.7079906437446896,0.9583333333333334,0.8574590267986226,0.994913532069967,0.575,0.4593888114309382,0.6848902345476577,0.4,0.024999999999999977,4.5102810375396984e-17,0.55
yoloworld,15750,48658,70,pink toilet left side third down,1,8,5,0,0.0,40,40,0.575,0.40890058042696337,0.7295709687311371,1.0,0.8518148710847756,1.0,0.575,0.40890058042696337,0.7295709687311371,0.42500000000000004,0.0,0.0,80,0.6,0.48437694049548946,0.7079906437446896,0.9583333333333334,0.8574590267986226,0.994913532069967,0.575,0.4593888114309382,0.6848902345476577,0.4,0.024999999999999977,4.5102810375396984e-17,0.575
yoloworld,34810,47052,1,guy in black not jumping,1,3,3,1,0.6885615664109428,5,5,1.0,0.47817624989501856,1.0,1.0,0.47817624989501856,1.0,1.0,0.47817624989501856,1.0,0.0,0.0,0.0,80,0.9875,0.9323122155360776,0.9996835774723672,1.0,0.9543787472413889,1.0,0.9875,0.9323122155360776,0.9996835774723672,0.012499999999999956,0.0,0.0,1.0
yoloworld,34810,47052,1,guy in black not jumping,1,3,3,1,0.6885615664109428,10,10,1.0,0.6915028921812392,1.0,1.0,0.6915028921812392,1.0,1.0,0.6915028921812392,1.0,0.0,0.0,0.0,80,0.9875,0.9323122155360776,0.9996835774723672,1.0,0.9543787472413889,1.0,0.9875,0.9323122155360776,0.9996835774723672,0.012499999999999956,0.0,0.0,1.0
yoloworld,34810,47052,1,guy in black not jumping,1,3,3,1,0.6885615664109428,20,20,1.0,0.8315665290169146,1.0,1.0,0.8315665290169146,1.0,1.0,0.8315665290169146,1.0,0.0,0.0,0.0,80,0.9875,0.9323122155360776,0.9996835774723672,1.0,0.9543787472413889,1.0,0.9875,0.9323122155360776,0.9996835774723672,0.012499999999999956,0.0,0.0,1.0
yoloworld,34810,47052,1,guy in black not jumping,1,3,3,1,0.6885615664109428,40,40,0.975,0.8684141415172343,0.9993672550679505,1.0,0.9097488990396657,1.0,0.975,0.8684141415172343,0.9993672550679505,0.025000000000000022,0.0,0.0,80,0.9875,0.9323122155360776,0.9996835774723672,1.0,0.9543787472413889,1.0,0.9875,0.9323122155360776,0.9996835774723672,0.012499999999999956,0.0,0.0,0.975
yoloworld,550760,2766,1,person on left,1,9,5,0,0.05759730415688003,5,5,1.0,0.47817624989501856,1.0,1.0,0.47817624989501856,1.0,1.0,0.47817624989501856,1.0,0.0,0.0,0.0,80,1.0,0.9549359649323077,1.0,0.9,0.8124348925365684,0.955829059846371,0.9,0.8124348925365684,0.955829059846371,0.0,0.09999999999999998,0.0,1.0
yoloworld,550760,2766,1,person on left,1,9,5,0,0.05759730415688003,10,10,1.0,0.6915028921812392,1.0,0.9,0.5549838829718046,0.9974714214555382,0.9,0.5549838829718046,0.9974714214555382,0.0,0.09999999999999998,0.0,80,1.0,0.9549359649323077,1.0,0.9,0.8124348925365684,0.955829059846371,0.9,0.8124348925365684,0.955829059846371,0.0,0.09999999999999998,0.0,0.9
yoloworld,550760,2766,1,person on left,1,9,5,0,0.05759730415688003,20,20,1.0,0.8315665290169146,1.0,0.95,0.7512672372279723,0.9987349105020502,0.95,0.7512672372279723,0.9987349105020502,0.0,0.050000000000000044,0.0,80,1.0,0.9549359649323077,1.0,0.9,0.8124348925365684,0.955829059846371,0.9,0.8124348925365684,0.955829059846371,0.0,0.09999999999999998,0.0,0.95
yoloworld,550760,2766,1,person on left,1,9,5,0,0.05759730415688003,40,40,1.0,0.9119026971211976,1.0,0.95,0.8308031360405824,0.9938863534006491,0.95,0.8308031360405824,0.9938863534006491,0.0,0.050000000000000044,0.0,80,1.0,0.9549359649323077,1.0,0.9,0.8124348925365684,0.955829059846371,0.9,0.8124348925365684,0.955829059846371,0.0,0.09999999999999998,0.0,0.95
yoloworld,52109,45518,1,red shirt,1,2,2,0,0.3326650162684978,5,5,0.6,0.14663279963467318,0.9472550494736831,1.0,0.29240177382128674,1.0,0.6,0.14663279963467318,0.9472550494736831,0.4,0.0,0.0,80,0.375,0.2691931699468049,0.4903547644071125,1.0,0.8842966917779722,1.0,0.375,0.2691931699468049,0.4903547644071125,0.625,0.0,0.0,0.6
yoloworld,52109,45518,1,red shirt,1,2,2,0,0.3326650162684978,10,10,0.4,0.1215522581198272,0.7376219233930549,1.0,0.3976353643835254,1.0,0.4,0.1215522581198272,0.7376219233930549,0.6,0.0,0.0,80,0.375,0.2691931699468049,0.4903547644071125,1.0,0.8842966917779722,1.0,0.375,0.2691931699468049,0.4903547644071125,0.625,0.0,0.0,0.4
yoloworld,52109,45518,1,red shirt,1,2,2,0,0.3326650162684978,20,20,0.35,0.15390920478454118,0.5921885345328282,1.0,0.5903836027749967,1.0,0.35,0.15390920478454118,0.5921885345328282,0.65,0.0,0.0,80,0.375,0.2691931699468049,0.4903547644071125,1.0,0.8842966917779722,1.0,0.375,0.2691931699468049,0.4903547644071125,0.625,0.0,0.0,0.35
yoloworld,52109,45518,1,red shirt,1,2,2,0,0.3326650162684978,40,40,0.35,0.20628249087076694,0.5168444536489906,1.0,0.7683642383498835,1.0,0.35,0.20628249087076694,0.5168444536489906,0.65,0.0,0.0,80,0.375,0.2691931699468049,0.4903547644071125,1.0,0.8842966917779722,1.0,0.375,0.2691931699468049,0.4903547644071125,0.625,0.0,0.0,0.35
yoloworld,369805,18360,4,red motorcycle,0,1,0,1,0.8284705577343829,5,0,0.0,,,,,,0.0,,,,,,0,0.0,,,,,,0.0,,,,,,0.0
yoloworld,369805,18360,4,red motorcycle,0,1,0,1,0.8284705577343829,10,0,0.0,,,,,,0.0,,,,,,0,0.0,,,,,,0.0,,,,,,0.0
yoloworld,369805,18360,4,red motorcycle,0,1,0,1,0.8284705577343829,20,0,0.0,,,,,,0.0,,,,,,0,0.0,,,,,,0.0,,,,,,0.0
yoloworld,369805,18360,4,red motorcycle,0,1,0,1,0.8284705577343829,40,0,0.0,,,,,,0.0,,,,,,0,0.0,,,,,,0.0,,,,,,0.0
yoloworld,446670,11759,62,close chair,1,6,5,0,0.02489959518726551,5,5,1.0,0.47817624989501856,1.0,1.0,0.47817624989501856,1.0,1.0,0.47817624989501856,1.0,0.0,0.0,0.0,80,1.0,0.9549359649323077,1.0,0.9125,0.8279916615801152,0.9640936410104413,0.9125,0.8279916615801152,0.9640936410104413,0.0,0.08750000000000002,0.0,1.0
yoloworld,446670,11759,62,close chair,1,6,5,0,0.02489959518726551,10,10,1.0,0.6915028921812392,1.0,1.0,0.6915028921812392,1.0,1.0,0.6915028921812392,1.0,0.0,0.0,0.0,80,1.0,0.9549359649323077,1.0,0.9125,0.8279916615801152,0.9640936410104413,0.9125,0.8279916615801152,0.9640936410104413,0.0,0.08750000000000002,0.0,1.0
yoloworld,446670,11759,62,close chair,1,6,5,0,0.02489959518726551,20,20,1.0,0.8315665290169146,1.0,0.9,0.6830172859809176,0.9876514728297052,0.9,0.6830172859809176,0.9876514728297052,0.0,0.09999999999999998,0.0,80,1.0,0.9549359649323077,1.0,0.9125,0.8279916615801152,0.9640936410104413,0.9125,0.8279916615801152,0.9640936410104413,0.0,0.08750000000000002,0.0,0.9
yoloworld,446670,11759,62,close chair,1,6,5,0,0.02489959518726551,40,40,1.0,0.9119026971211976,1.0,0.95,0.8308031360405824,0.9938863534006491,0.95,0.8308031360405824,0.9938863534006491,0.0,0.050000000000000044,0.0,80,1.0,0.9549359649323077,1.0,0.9125,0.8279916615801152,0.9640936410104413,0.9125,0.8279916615801152,0.9640936410104413,0.0,0.08750000000000002,0.0,0.95
yoloworld,156258,36577,67,left side of table,0,1,0,0,0.4128130232834272,5,0,0.0,,,,,,0.0,,,,,,0,0.0,,,,,,0.0,,,,,,0.0
yoloworld,156258,36577,67,left side of table,0,1,0,0,0.4128130232834272,10,0,0.0,,,,,,0.0,,,,,,0,0.0,,,,,,0.0,,,,,,0.0
yoloworld,156258,36577,67,left side of table,0,1,0,0,0.4128130232834272,20,0,0.0,,,,,,0.0,,,,,,0,0.0,,,,,,0.0,,,,,,0.0
yoloworld,156258,36577,67,left side of table,0,1,0,0,0.4128130232834272,40,0,0.0,,,,,,0.0,,,,,,0,0.0,,,,,,0.0,,,,,,0.0
yoloworld,291493,25281,54,bottom sandwich,0,1,0,1,0.9563788121527492,5,0,0.0,,,,,,0.0,,,,,,0,0.0,,,,,,0.0,,,,,,0.0
yoloworld,291493,25281,54,bottom sandwich,0,1,0,1,0.9563788121527492,10,0,0.0,,,,,,0.0,,,,,,0,0.0,,,,,,0.0,,,,,,0.0
yoloworld,291493,25281,54,bottom sandwich,0,1,0,1,0.9563788121527492,20,0,0.0,,,,,,0.0,,,,,,0,0.0,,,,,,0.0,,,,,,0.0
yoloworld,291493,25281,54,bottom sandwich,0,1,0,1,0.9563788121527492,40,0,0.0,,,,,,0.0,,,,,,0,0.0,,,,,,0.0,,,,,,0.0
yoloworld,520831,5305,1,skier in red,1,2,2,1,0.9240919675153051,5,5,0.6,0.14663279963467318,0.9472550494736831,1.0,0.29240177382128674,1.0,0.6,0.14663279963467318,0.9472550494736831,0.4,0.0,0.0,80,0.65,0.5352031145206642,0.7533280635274648,0.9423076923076923,0.840526641361409,0.9879406819732616,0.6125,0.4969755425018991,0.7194348668752178,0.35,0.03750000000000001,3.469446951953614e-17,0.6
yoloworld,520831,5305,1,skier in red,1,2,2,1,0.9240919675153051,10,10,0.7,0.34754714994000274,0.9332604888222655,1.0,0.5903836027749967,1.0,0.7,0.34754714994000274,0.9332604888222655,0.30000000000000004,0.0,0.0,80,0.65,0.5352031145206642,0.7533280635274648,0.9423076923076923,0.840526641361409,0.9879406819732616,0.6125,0.4969755425018991,0.7194348668752178,0.35,0.03750000000000001,3.469446951953614e-17,0.7
yoloworld,520831,5305,1,skier in red,1,2,2,1,0.9240919675153051,20,20,0.75,0.5089541282920425,0.9134285308985653,0.9333333333333333,0.6805154334216966,0.9983135697586473,0.7,0.4572108177237109,0.8810684095942722,0.25,0.04999999999999999,5.551115123125783e-17,80,0.65,0.5352031145206642,0.7533280635274648,0.9423076923076923,0.840526641361409,0.9879406819732616,0.6125,0.4969755425018991,0.7194348668752178,0.35,0.03750000000000001,3.469446951953614e-17,0.7
yoloworld,520831,5305,1,skier in red,1,2,2,1,0.9240919675153051,40,40,0.7,0.5346837147458767,0.8343727956067644,0.9285714285714286,0.7649652268254092,0.9912295032964729,0.65,0.48315554635100944,0.793717509129233,0.30000000000000004,0.049999999999999975,4.163336342344337e-17,80,0.65,0.5352031145206642,0.7533280635274648,0.9423076923076923,0.840526641361409,0.9879406819732616,0.6125,0.4969755425018991,0.7194348668752178,0.35,0.03750000000000001,3.469446951953614e-17,0.65
yoloworld,83093,42773,1,boy in brown shirt,1,2,2,0,0.026455923406391177,5,5,1.0,0.47817624989501856,1.0,1.0,0.47817624989501856,1.0,1.0,0.47817624989501856,1.0,0.0,0.0,0.0,80,1.0,0.9549359649323077,1.0,1.0,0.9549359649323077,1.0,1.0,0.9549359649323077,1.0,0.0,0.0,0.0,1.0
yoloworld,83093,42773,1,boy in brown shirt,1,2,2,0,0.026455923406391177,10,10,1.0,0.6915028921812392,1.0,1.0,0.6915028921812392,1.0,1.0,0.6915028921812392,1.0,0.0,0.0,0.0,80,1.0,0.9549359649323077,1.0,1.0,0.9549359649323077,1.0,1.0,0.9549359649323077,1.0,0.0,0.0,0.0,1.0
yoloworld,83093,42773,1,boy in brown shirt,1,2,2,0,0.026455923406391177,20,20,1.0,0.8315665290169146,1.0,0.95,0.7512672372279723,0.9987349105020502,0.95,0.7512672372279723,0.9987349105020502,0.0,0.050000000000000044,0.0,80,1.0,0.9549359649323077,1.0,1.0,0.9549359649323077,1.0,1.0,0.9549359649323077,1.0,0.0,0.0,0.0,0.95
yoloworld,83093,42773,1,boy in brown shirt,1,2,2,0,0.026455923406391177,40,40,1.0,0.9119026971211976,1.0,0.95,0.8308031360405824,0.9938863534006491,0.95,0.8308031360405824,0.9938863534006491,0.0,0.050000000000000044,0.0,80,1.0,0.9549359649323077,1.0,1.0,0.9549359649323077,1.0,1.0,0.9549359649323077,1.0,0.0,0.0,0.0,0.95
yoloworld,458633,10693,21,blk cow,1,2,2,0,0.30735369449729166,5,5,1.0,0.47817624989501856,1.0,1.0,0.47817624989501856,1.0,1.0,0.47817624989501856,1.0,0.0,0.0,0.0,80,0.9875,0.9323122155360776,0.9996835774723672,1.0,0.9543787472413889,1.0,0.9875,0.9323122155360776,0.9996835774723672,0.012499999999999956,0.0,0.0,1.0
yoloworld,458633,10693,21,blk cow,1,2,2,0,0.30735369449729166,10,10,0.9,0.5549838829718046,0.9974714214555382,1.0,0.6637328831200572,1.0,0.9,0.5549838829718046,0.9974714214555382,0.09999999999999998,0.0,0.0,80,0.9875,0.9323122155360776,0.9996835774723672,1.0,0.9543787472413889,1.0,0.9875,0.9323122155360776,0.9996835774723672,0.012499999999999956,0.0,0.0,0.9
yoloworld,458633,10693,21,blk cow,1,2,2,0,0.30735369449729166,20,20,0.95,0.7512672372279723,0.9987349105020502,1.0,0.8235330881930346,1.0,0.95,0.7512672372279723,0.9987349105020502,0.050000000000000044,0.0,0.0,80,0.9875,0.9323122155360776,0.9996835774723672,1.0,0.9543787472413889,1.0,0.9875,0.9323122155360776,0.9996835774723672,0.012499999999999956,0.0,0.0,0.95
yoloworld,458633,10693,21,blk cow,1,2,2,0,0.30735369449729166,40,40,0.975,0.8684141415172343,0.9993672550679505,1.0,0.9097488990396657,1.0,0.975,0.8684141415172343,0.9993672550679505,0.025000000000000022,0.0,0.0,80,0.9875,0.9323122155360776,0.9996835774723672,1.0,0.9543787472413889,1.0,0.9875,0.9323122155360776,0.9996835774723672,0.012499999999999956,0.0,0.0,0.975
yoloworld,77417,43254,72,left monitor,1,4,4,0,0.018826441196604052,5,5,0.8,0.2835820638819106,0.9949492366205319,1.0,0.3976353643835254,1.0,0.8,0.2835820638819106,0.9949492366205319,0.19999999999999996,0.0,0.0,80,0.5375,0.4224175280048351,0.6497235734616016,1.0,0.9177888788458616,1.0,0.5375,0.4224175280048351,0.6497235734616016,0.4625,0.0,0.0,0.8
yoloworld,77417,43254,72,left monitor,1,4,4,0,0.018826441196604052,10,10,0.8,0.4439045376923585,0.9747892736731666,1.0,0.6305833524471808,1.0,0.8,0.4439045376923585,0.9747892736731666,0.19999999999999996,0.0,0.0,80,0.5375,0.4224175280048351,0.6497235734616016,1.0,0.9177888788458616,1.0,0.5375,0.4224175280048351,0.6497235734616016,0.4625,0.0,0.0,0.8
yoloworld,77417,43254,72,left monitor,1,4,4,0,0.018826441196604052,20,20,0.6,0.3605425873074897,0.8088099392746928,1.0,0.7353515306029488,1.0,0.6,0.3605425873074897,0.8088099392746928,0.4,0.0,0.0,80,0.5375,0.4224175280048351,0.6497235734616016,1.0,0.9177888788458616,1.0,0.5375,0.4224175280048351,0.6497235734616016,0.4625,0.0,0.0,0.6
yoloworld,77417,43254,72,left monitor,1,4,4,0,0.018826441196604052,40,40,0.6,0.4332670521932967,0.7513500134122563,1.0,0.8575264022774743,1.0,0.6,0.4332670521932967,0.7513500134122563,0.4,0.0,0.0,80,0.5375,0.4224175280048351,0.6497235734616016,1.0,0.9177888788458616,1.0,0.5375,0.4224175280048351,0.6497235734616016,0.4625,0.0,0.0,0.6
yoloworld,184835,34252,1,dude sitting with face covered in black,1,20,5,0,0.0,5,5,0.6,0.14663279963467318,0.9472550494736831,1.0,0.29240177382128674,1.0,0.6,0.14663279963467318,0.9472550494736831,0.4,0.0,0.0,80,0.55,0.43467397909415295,0.6615136155101845,0.9545454545454546,0.8452684223410106,0.9944470480046295,0.525,0.4102278413767706,0.6378664183228473,0.44999999999999996,0.02499999999999998,4.163336342344337e-17,0.6
yoloworld,184835,34252,1,dude sitting with face covered in black,1,20,5,0,0.0,10,10,0.5,0.18708602844739855,0.8129139715526015,1.0,0.47817624989501856,1.0,0.5,0.18708602844739855,0.8129139715526015,0.5,0.0,0.0,80,0.55,0.43467397909415295,0.6615136155101845,0.9545454545454546,0.8452684223410106,0.9944470480046295,0.525,0.4102278413767706,0.6378664183228473,0.44999999999999996,0.02499999999999998,4.163336342344337e-17,0.5
yoloworld,184835,34252,1,dude sitting with face covered in black,1,20,5,0,0.0,20,20,0.5,0.27195784956079183,0.7280421504392082,1.0,0.6915028921812392,1.0,0.5,0.27195784956079183,0.7280421504392082,0.5,0.0,0.0,80,0.55,0.43467397909415295,0.6615136155101845,0.9545454545454546,0.8452684223410106,0.9944470480046295,0.525,0.4102278413767706,0.6378664183228473,0.44999999999999996,0.02499999999999998,4.163336342344337e-17,0.5
yoloworld,184835,34252,1,dude sitting with face covered in black,1,20,5,0,0.0,40,40,0.525,0.36128013526406216,0.6848802933650138,1.0,0.8389023847809204,1.0,0.525,0.36128013526406216,0.6848802933650138,0.475,0.0,0.0,80,0.55,0.43467397909415295,0.6615136155101845,0.9545454545454546,0.8452684223410106,0.9944470480046295,0.525,0.4102278413767706,0.6378664183228473,0.44999999999999996,0.02499999999999998,4.163336342344337e-17,0.525
yoloworld,35995,46945,1,man in a tie,1,3,3,1,0.9460844809854885,5,5,1.0,0.47817624989501856,1.0,1.0,0.47817624989501856,1.0,1.0,0.47817624989501856,1.0,0.0,0.0,0.0,80,0.9625,0.8942980149834914,0.9921988127342833,1.0,0.9532219318395959,1.0,0.9625,0.8942980149834914,0.9921988127342833,0.03749999999999998,0.0,0.0,1.0
yoloworld,35995,46945,1,man in a tie,1,3,3,1,0.9460844809854885,10,10,1.0,0.6915028921812392,1.0,1.0,0.6915028921812392,1.0,1.0,0.6915028921812392,1.0,0.0,0.0,0.0,80,0.9625,0.8942980149834914,0.9921988127342833,1.0,0.9532219318395959,1.0,0.9625,0.8942980149834914,0.9921988127342833,0.03749999999999998,0.0,0.0,1.0
yoloworld,35995,46945,1,man in a tie,1,3,3,1,0.9460844809854885,20,20,0.95,0.7512672372279723,0.9987349105020502,1.0,0.8235330881930346,1.0,0.95,0.7512672372279723,0.9987349105020502,0.050000000000000044,0.0,0.0,80,0.9625,0.8942980149834914,0.9921988127342833,1.0,0.9532219318395959,1.0,0.9625,0.8942980149834914,0.9921988127342833,0.03749999999999998,0.0,0.0,0.95
yoloworld,35995,46945,1,man in a tie,1,3,3,1,0.9460844809854885,40,40,0.95,0.8308031360405824,0.9938863534006491,1.0,0.9074872385841217,1.0,0.95,0.8308031360405824,0.9938863534006491,0.050000000000000044,0.0,0.0,80,0.9625,0.8942980149834914,0.9921988127342833,1.0,0.9532219318395959,1.0,0.9625,0.8942980149834914,0.9921988127342833,0.03749999999999998,0.0,0.0,0.95
yoloworld,103430,40996,58,bottom right bun,0,0,0,0,0.0,5,0,0.0,,,,,,0.0,,,,,,0,0.0,,,,,,0.0,,,,,,0.0
yoloworld,103430,40996,58,bottom right bun,0,0,0,0,0.0,10,0,0.0,,,,,,0.0,,,,,,0,0.0,,,,,,0.0,,,,,,0.0
yoloworld,103430,40996,58,bottom right bun,0,0,0,0,0.0,20,0,0.0,,,,,,0.0,,,,,,0,0.0,,,,,,0.0,,,,,,0.0
yoloworld,103430,40996,58,bottom right bun,0,0,0,0,0.0,40,0,0.0,,,,,,0.0,,,,,,0,0.0,,,,,,0.0,,,,,,0.0
yoloworld,340971,20658,62,white chair bottom left,1,7,5,0,0.0,5,5,1.0,0.47817624989501856,1.0,0.6,0.14663279963467318,0.9472550494736831,0.6,0.14663279963467318,0.9472550494736831,0.0,0.4,0.0,80,0.9375,0.8601429247023609,0.9793969276979898,0.52,0.40150762231539,0.6368647457209784,0.4875,0.37405748144443896,0.6018953312968145,0.0625,0.44999999999999996,0.0,0.6
yoloworld,340971,20658,62,white chair bottom left,1,7,5,0,0.0,10,10,0.9,0.5549838829718046,0.9974714214555382,0.6666666666666666,0.2992950562085404,0.9251453685803082,0.6,0.2623780766069451,0.8784477418801728,0.09999999999999998,0.30000000000000004,0.0,80,0.9375,0.8601429247023609,0.9793969276979898,0.52,0.40150762231539,0.6368647457209784,0.4875,0.37405748144443896,0.6018953312968145,0.0625,0.44999999999999996,0.0,0.6
yoloworld,340971,20658,62,white chair bottom left,1,7,5,0,0.0,20,20,0.95,0.7512672372279723,0.9987349105020502,0.631578947368421,0.3835779233144053,0.8371141278449004,0.6,0.3605425873074897,0.8088099392746928,0.050000000000000044,0.35000000000000003,5.551115123125783e-17,80,0.9375,0.8601429247023609,0.9793969276979898,0.52,0.40150762231539,0.6368647457209784,0.4875,0.37405748144443896,0.6018953312968145,0.0625,0.44999999999999996,0.0,0.6
yoloworld,340971,20658,62,white chair bottom left,1,7,5,0,0.0,40,40,0.875,0.7319670826382796,0.9581403738613833,0.6,0.42111772188209984,0.7612918895466584,0.525,0.36128013526406216,0.6848802933650138,0.125,0.35000000000000003,5.551115123125783e-17,80,0.9375,0.8601429247023609,0.9793969276979898,0.52,0.40150762231539,0.6368647457209784,0.4875,0.37405748144443896,0.6018953312968145,0.0625,0.44999999999999996,0.0,0.525
yoloworld,97939,41436,1,girl with phone,0,1,0,1,0.8854581397193705,5,0,0.0,,,,,,0.0,,,,,,0,0.0,,,,,,0.0,,,,,,0.0
yoloworld,97939,41436,1,girl with phone,0,1,0,1,0.8854581397193705,10,0,0.0,,,,,,0.0,,,,,,0,0.0,,,,,,0.0,,,,,,0.0
yoloworld,97939,41436,1,girl with phone,0,1,0,1,0.8854581397193705,20,0,0.0,,,,,,0.0,,,,,,0,0.0,,,,,,0.0,,,,,,0.0
yoloworld,97939,41436,1,girl with phone,0,1,0,1,0.8854581397193705,40,0,0.0,,,,,,0.0,,,,,,0,0.0,,,,,,0.0,,,,,,0.0
yoloworld,199640,33072,4,click the motorcycle that the girl with the pink shirt is riding,1,20,5,0,0.0,5,5,1.0,0.47817624989501856,1.0,0.6,0.14663279963467318,0.9472550494736831,0.6,0.14663279963467318,0.9472550494736831,0.0,0.4,0.0,80,0.925,0.8438720682639279,0.9719794538231588,0.6081081081081081,0.48767172511541307,0.7196121684970687,0.5625,0.4469975713881803,0.673236046566221,0.07499999999999996,0.3625,5.551115123125783e-17,0.6
yoloworld,199640,33072,4,click the motorcycle that the girl with the pink shirt is riding,1,20,5,0,0.0,10,10,0.9,0.5549838829718046,0.9974714214555382,0.6666666666666666,0.2992950562085404,0.9251453685803082,0.6,0.2623780766069451,0.8784477418801728,0.09999999999999998,0.30000000000000004,0.0,80,0.925,0.8438720682639279,0.9719794538231588,0.6081081081081081,0.48767172511541307,0.7196121684970687,0.5625,0.4469975713881803,0.673236046566221,0.07499999999999996,0.3625,5.551115123125783e-17,0.6
yoloworld,199640,33072,4,click the motorcycle that the girl with the pink shirt is riding,1,20,5,0,0.0,20,20,0.9,0.6830172859809176,0.9876514728297052,0.6666666666666666,0.4099252381720745,0.8665725974938765,0.6,0.3605425873074897,0.8088099392746928,0.09999999999999998,0.30000000000000004,0.0,80,0.925,0.8438720682639279,0.9719794538231588,0.6081081081081081,0.48767172511541307,0.7196121684970687,0.5625,0.4469975713881803,0.673236046566221,0.07499999999999996,0.3625,5.551115123125783e-17,0.6
yoloworld,199640,33072,4,click the motorcycle that the girl with the pink shirt is riding,1,20,5,0,0.0,40,40,0.925,0.796135251267101,0.9842578201489585,0.6486486486486487,0.47461125562602574,0.7979001847159973,0.6,0.4332670521932967,0.7513500134122563,0.07499999999999996,0.32499999999999996,1.1102230246251565e-16,80,0.925,0.8438720682639279,0.9719794538231588,0.6081081081081081,0.48767172511541307,0.7196121684970687,0.5625,0.4469975713881803,0.673236046566221,0.07499999999999996,0.3625,5.551115123125783e-17,0.6
yoloworld,124030,39320,25,giraffe background,1,8,5,1,0.6027148176210229,5,5,0.8,0.2835820638819106,0.9949492366205319,1.0,0.3976353643835254,1.0,0.8,0.2835820638819106,0.9949492366205319,0.19999999999999996,0.0,0.0,80,0.775,0.6679136799387491,0.8608627895010682,0.9838709677419355,0.9133789877930805,0.9995917316225427,0.7625,0.6542230288597322,0.8505462481433591,0.22499999999999998,0.012499999999999989,7.806255641895632e-17,0.8
yoloworld,124030,39320,25,giraffe background,1,8,5,1,0.6027148176210229,10,10,0.7,0.34754714994000274,0.9332604888222655,1.0,0.5903836027749967,1.0,0.7,0.34754714994000274,0.9332604888222655,0.30000000000000004,0.0,0.0,80,0.775,0.6679136799387491,0.8608627895010682,0.9838709677419355,0.9133789877930805,0.9995917316225427,0.7625,0.6542230288597322,0.8505462481433591,0.22499999999999998,0.012499999999999989,7.806255641895632e-17,0.7
yoloworld,124030,39320,25,giraffe background,1,8,5,1,0.6027148176210229,20,20,0.8,0.5633859970033317,0.9426660029499673,1.0,0.7940927857921773,1.0,0.8,0.5633859970033317,0.9426660029499673,0.19999999999999996,0.0,0.0,80,0.775,0.6679136799387491,0.8608627895010682,0.9838709677419355,0.9133789877930805,0.9995917316225427,0.7625,0.6542230288597322,0.8505462481433591,0.22499999999999998,0.012499999999999989,7.806255641895632e-17,0.8
yoloworld,124030,39320,25,giraffe background,1,8,5,1,0.6027148176210229,40,40,0.7,0.5346837147458767,0.8343727956067644,1.0,0.8765638814997362,1.0,0.7,0.5346837147458767,0.8343727956067644,0.30000000000000004,0.0,0.0,80,0.775,0.6679136799387491,0.8608627895010682,0.9838709677419355,0.9133789877930805,0.9995917316225427,0.7625,0.6542230288597322,0.8505462481433591,0.22499999999999998,0.012499999999999989,7.806255641895632e-17,0.7
yoloworld,298481,24663,62,left chair back facing us,1,20,5,0,0.0,5,5,1.0,0.47817624989501856,1.0,1.0,0.47817624989501856,1.0,1.0,0.47817624989501856,1.0,0.0,0.0,0.0,80,0.9875,0.9323122155360776,0.9996835774723672,1.0,0.9543787472413889,1.0,0.9875,0.9323122155360776,0.9996835774723672,0.012499999999999956,0.0,0.0,1.0
yoloworld,298481,24663,62,left chair back facing us,1,20,5,0,0.0,10,10,1.0,0.6915028921812392,1.0,1.0,0.6915028921812392,1.0,1.0,0.6915028921812392,1.0,0.0,0.0,0.0,80,0.9875,0.9323122155360776,0.9996835774723672,1.0,0.9543787472413889,1.0,0.9875,0.9323122155360776,0.9996835774723672,0.012499999999999956,0.0,0.0,1.0
yoloworld,298481,24663,62,left chair back facing us,1,20,5,0,0.0,20,20,1.0,0.8315665290169146,1.0,1.0,0.8315665290169146,1.0,1.0,0.8315665290169146,1.0,0.0,0.0,0.0,80,0.9875,0.9323122155360776,0.9996835774723672,1.0,0.9543787472413889,1.0,0.9875,0.9323122155360776,0.9996835774723672,0.012499999999999956,0.0,0.0,1.0
yoloworld,298481,24663,62,left chair back facing us,1,20,5,0,0.0,40,40,1.0,0.9119026971211976,1.0,1.0,0.9119026971211976,1.0,1.0,0.9119026971211976,1.0,0.0,0.0,0.0,80,0.9875,0.9323122155360776,0.9996835774723672,1.0,0.9543787472413889,1.0,0.9875,0.9323122155360776,0.9996835774723672,0.012499999999999956,0.0,0.0,1.0
yoloworld,481804,8752,1,reclining boy in back,0,1,0,0,0.0,5,0,0.0,,,,,,0.0,,,,,,0,0.0,,,,,,0.0,,,,,,0.0
yoloworld,481804,8752,1,reclining boy in back,0,1,0,0,0.0,10,0,0.0,,,,,,0.0,,,,,,0,0.0,,,,,,0.0,,,,,,0.0
yoloworld,481804,8752,1,reclining boy in back,0,1,0,0,0.0,20,0,0.0,,,,,,0.0,,,,,,0,0.0,,,,,,0.0,,,,,,0.0
yoloworld,481804,8752,1,reclining boy in back,0,1,0,0,0.0,40,0,0.0,,,,,,0.0,,,,,,0,0.0,,,,,,0.0,,,,,,0.0
yoloworld,24026,47963,1,left the hand,1,4,4,0,0.22344699840457072,5,5,0.2,0.005050763379468061,0.7164179361180893,1.0,0.025000000000000022,1.0,0.2,0.005050763379468061,0.7164179361180893,0.8,0.0,0.0,80,0.4125,0.30352459293759415,0.5281516595747955,0.6060606060606061,0.4213937213882504,0.7709337616357992,0.25,0.1598796445068558,0.35936347590685,0.5875,0.16249999999999998,0.0,0.2
yoloworld,24026,47963,1,left the hand,1,4,4,0,0.22344699840457072,10,10,0.3,0.0667395111777345,0.6524528500599973,0.6666666666666666,0.09429932405024612,0.9915962413403874,0.2,0.02521072632683339,0.5560954623076415,0.7,0.1,8.326672684688674e-17,80,0.4125,0.30352459293759415,0.5281516595747955,0.6060606060606061,0.4213937213882504,0.7709337616357992,0.25,0.1598796445068558,0.35936347590685,0.5875,0.16249999999999998,0.0,0.2
yoloworld,24026,47963,1,left the hand,1,4,4,0,0.22344699840457072,20,20,0.35,0.15390920478454118,0.5921885345328282,0.5714285714285714,0.18405156764008304,0.9010117215574921,0.2,0.057333997050032774,0.43661400299666825,0.65,0.15,2.7755575615628914e-17,80,0.4125,0.30352459293759415,0.5281516595747955,0.6060606060606061,0.4213937213882504,0.7709337616357992,0.25,0.1598796445068558,0.35936347590685,0.5875,0.16249999999999998,0.0,0.2
yoloworld,24026,47963,1,left the hand,1,4,4,0,0.22344699840457072,40,40,0.375,0.22726272248182594,0.5419852477673891,0.5333333333333333,0.2658613472773967,0.7873332704806921,0.2,0.09052240939999069,0.35647801867923473,0.625,0.175,5.551115123125783e-17,80,0.4125,0.30352459293759415,0.5281516595747955,0.6060606060606061,0.4213937213882504,0.7709337616357992,0.25,0.1598796445068558,0.35936347590685,0.5875,0.16249999999999998,0.0,0.2
yoloworld,391088,16582,60,chocalate doughnut,1,4,4,1,0.9505842105270588,5,5,0.6,0.14663279963467318,0.9472550494736831,1.0,0.29240177382128674,1.0,0.6,0.14663279963467318,0.9472550494736831,0.4,0.0,0.0,80,0.8,0.6956311329945355,0.8811409135950147,0.96875,0.8916294777754828,0.9961928186181276,0.775,0.6679136799387491,0.8608627895010682,0.19999999999999996,0.025,2.0816681711721685e-17,0.6
yoloworld,391088,16582,60,chocalate doughnut,1,4,4,1,0.9505842105270588,10,10,0.8,0.4439045376923585,0.9747892736731666,1.0,0.6305833524471808,1.0,0.8,0.4439045376923585,0.9747892736731666,0.19999999999999996,0.0,0.0,80,0.8,0.6956311329945355,0.8811409135950147,0.96875,0.8916294777754828,0.9961928186181276,0.775,0.6679136799387491,0.8608627895010682,0.19999999999999996,0.025,2.0816681711721685e-17,0.8
yoloworld,391088,16582,60,chocalate doughnut,1,4,4,1,0.9505842105270588,20,20,0.85,0.6210731734546859,0.9679290628145363,1.0,0.8049356770309068,1.0,0.85,0.6210731734546859,0.9679290628145363,0.15000000000000002,0.0,0.0,80,0.8,0.6956311329945355,0.8811409135950147,0.96875,0.8916294777754828,0.9961928186181276,0.775,0.6679136799387491,0.8608627895010682,0.19999999999999996,0.025,2.0816681711721685e-17,0.85
yoloworld,391088,16582,60,chocalate doughnut,1,4,4,1,0.9505842105270588,40,40,0.8,0.6435219813207653,0.9094775906000093,1.0,0.8911188393206472,1.0,0.8,0.6435219813207653,0.9094775906000093,0.19999999999999996,0.0,0.0,80,0.8,0.6956311329945355,0.8811409135950147,0.96875,0.8916294777754828,0.9961928186181276,0.775,0.6679136799387491,0.8608627895010682,0.19999999999999996,0.025,2.0816681711721685e-17,0.8
yoloworld,152556,36857,1,main girl,1,3,3,1,0.9829279170019085,5,5,1.0,0.47817624989501856,1.0,1.0,0.47817624989501856,1.0,1.0,0.47817624989501856,1.0,0.0,0.0,0.0,80,1.0,0.9549359649323077,1.0,1.0,0.9549359649323077,1.0,1.0,0.9549359649323077,1.0,0.0,0.0,0.0,1.0
yoloworld,152556,36857,1,main girl,1,3,3,1,0.9829279170019085,10,10,1.0,0.6915028921812392,1.0,1.0,0.6915028921812392,1.0,1.0,0.6915028921812392,1.0,0.0,0.0,0.0,80,1.0,0.9549359649323077,1.0,1.0,0.9549359649323077,1.0,1.0,0.9549359649323077,1.0,0.0,0.0,0.0,1.0
yoloworld,152556,36857,1,main girl,1,3,3,1,0.9829279170019085,20,20,1.0,0.8315665290169146,1.0,1.0,0.8315665290169146,1.0,1.0,0.8315665290169146,1.0,0.0,0.0,0.0,80,1.0,0.9549359649323077,1.0,1.0,0.9549359649323077,1.0,1.0,0.9549359649323077,1.0,0.0,0.0,0.0,1.0
yoloworld,152556,36857,1,main girl,1,3,3,1,0.9829279170019085,40,40,1.0,0.9119026971211976,1.0,1.0,0.9119026971211976,1.0,1.0,0.9119026971211976,1.0,0.0,0.0,0.0,80,1.0,0.9549359649323077,1.0,1.0,0.9549359649323077,1.0,1.0,0.9549359649323077,1.0,0.0,0.0,0.0,1.0
yoloworld,498639,7265,1,girl sitting in back,1,7,5,1,0.8207230533811977,5,5,1.0,0.47817624989501856,1.0,1.0,0.47817624989501856,1.0,1.0,0.47817624989501856,1.0,0.0,0.0,0.0,80,0.8125,0.7096721043523089,0.8910863118524706,0.9846153846153847,0.9172369122555336,0.9996105711089028,0.8,0.6956311329945355,0.8811409135950147,0.1875,0.012499999999999956,0.0,1.0
yoloworld,498639,7265,1,girl sitting in back,1,7,5,1,0.8207230533811977,10,10,1.0,0.6915028921812392,1.0,1.0,0.6915028921812392,1.0,1.0,0.6915028921812392,1.0,0.0,0.0,0.0,80,0.8125,0.7096721043523089,0.8910863118524706,0.9846153846153847,0.9172369122555336,0.9996105711089028,0.8,0.6956311329945355,0.8811409135950147,0.1875,0.012499999999999956,0.0,1.0
yoloworld,498639,7265,1,girl sitting in back,1,7,5,1,0.8207230533811977,20,20,0.95,0.7512672372279723,0.9987349105020502,0.9473684210526315,0.7397193458047859,0.9986683711958205,0.9,0.6830172859809176,0.9876514728297052,0.050000000000000044,0.050000000000000044,1.1102230246251565e-16,80,0.8125,0.7096721043523089,0.8910863118524706,0.9846153846153847,0.9172369122555336,0.9996105711089028,0.8,0.6956311329945355,0.8811409135950147,0.1875,0.012499999999999956,0.0,0.9
yoloworld,498639,7265,1,girl sitting in back,1,7,5,1,0.8207230533811977,40,40,0.95,0.8308031360405824,0.9938863534006491,0.9736842105263158,0.8619009702075799,0.9993339637957976,0.925,0.796135251267101,0.9842578201489585,0.050000000000000044,0.02499999999999997,5.898059818321144e-17,80,0.8125,0.7096721043523089,0.8910863118524706,0.9846153846153847,0.9172369122555336,0.9996105711089028,0.8,0.6956311329945355,0.8811409135950147,0.1875,0.012499999999999956,0.0,0.925
yoloworld,472954,9478,1,man in blue,1,3,3,1,0.9751270569417659,5,5,1.0,0.47817624989501856,1.0,1.0,0.47817624989501856,1.0,1.0,0.47817624989501856,1.0,0.0,0.0,0.0,80,1.0,0.9549359649323077,1.0,1.0,0.9549359649323077,1.0,1.0,0.9549359649323077,1.0,0.0,0.0,0.0,1.0
yoloworld,472954,9478,1,man in blue,1,3,3,1,0.9751270569417659,10,10,1.0,0.6915028921812392,1.0,1.0,0.6915028921812392,1.0,1.0,0.6915028921812392,1.0,0.0,0.0,0.0,80,1.0,0.9549359649323077,1.0,1.0,0.9549359649323077,1.0,1.0,0.9549359649323077,1.0,0.0,0.0,0.0,1.0
yoloworld,472954,9478,1,man in blue,1,3,3,1,0.9751270569417659,20,20,1.0,0.8315665290169146,1.0,1.0,0.8315665290169146,1.0,1.0,0.8315665290169146,1.0,0.0,0.0,0.0,80,1.0,0.9549359649323077,1.0,1.0,0.9549359649323077,1.0,1.0,0.9549359649323077,1.0,0.0,0.0,0.0,1.0
yoloworld,472954,9478,1,man in blue,1,3,3,1,0.9751270569417659,40,40,1.0,0.9119026971211976,1.0,1.0,0.9119026971211976,1.0,1.0,0.9119026971211976,1.0,0.0,0.0,0.0,80,1.0,0.9549359649323077,1.0,1.0,0.9549359649323077,1.0,1.0,0.9549359649323077,1.0,0.0,0.0,0.0,1.0
yoloworld,410845,14864,51,bowl bottom left corner,1,11,5,1,0.9809150838049918,5,5,1.0,0.47817624989501856,1.0,0.8,0.2835820638819106,0.9949492366205319,0.8,0.2835820638819106,0.9949492366205319,0.0,0.19999999999999996,0.0,80,1.0,0.9549359649323077,1.0,0.7125,0.6004548866879794,0.8082395280280349,0.7125,0.6004548866879794,0.8082395280280349,0.0,0.2875,0.0,0.8
yoloworld,410845,14864,51,bowl bottom left corner,1,11,5,1,0.9809150838049918,10,10,1.0,0.6915028921812392,1.0,0.7,0.34754714994000274,0.9332604888222655,0.7,0.34754714994000274,0.9332604888222655,0.0,0.30000000000000004,0.0,80,1.0,0.9549359649323077,1.0,0.7125,0.6004548866879794,0.8082395280280349,0.7125,0.6004548866879794,0.8082395280280349,0.0,0.2875,0.0,0.7
yoloworld,410845,14864,51,bowl bottom left corner,1,11,5,1,0.9809150838049918,20,20,1.0,0.8315665290169146,1.0,0.65,0.4078114654671719,0.8460907952154588,0.65,0.4078114654671719,0.8460907952154588,0.0,0.35,0.0,80,1.0,0.9549359649323077,1.0,0.7125,0.6004548866879794,0.8082395280280349,0.7125,0.6004548866879794,0.8082395280280349,0.0,0.2875,0.0,0.65
yoloworld,410845,14864,51,bowl bottom left corner,1,11,5,1,0.9809150838049918,40,40,1.0,0.9119026971211976,1.0,0.675,0.5087051245215516,0.8142710332366501,0.675,0.5087051245215516,0.8142710332366501,0.0,0.32499999999999996,0.0,80,1.0,0.9549359649323077,1.0,0.7125,0.6004548866879794,0.8082395280280349,0.7125,0.6004548866879794,0.8082395280280349,0.0,0.2875,0.0,0.675
yoloworld,223909,30957,25,left giraffe,1,2,2,0,0.002127070596747343,5,5,1.0,0.47817624989501856,1.0,1.0,0.47817624989501856,1.0,1.0,0.47817624989501856,1.0,0.0,0.0,0.0,80,1.0,0.9549359649323077,1.0,1.0,0.9549359649323077,1.0,1.0,0.9549359649323077,1.0,0.0,0.0,0.0,1.0
yoloworld,223909,30957,25,left giraffe,1,2,2,0,0.002127070596747343,10,10,1.0,0.6915028921812392,1.0,1.0,0.6915028921812392,1.0,1.0,0.6915028921812392,1.0,0.0,0.0,0.0,80,1.0,0.9549359649323077,1.0,1.0,0.9549359649323077,1.0,1.0,0.9549359649323077,1.0,0.0,0.0,0.0,1.0
yoloworld,223909,30957,25,left giraffe,1,2,2,0,0.002127070596747343,20,20,1.0,0.8315665290169146,1.0,1.0,0.8315665290169146,1.0,1.0,0.8315665290169146,1.0,0.0,0.0,0.0,80,1.0,0.9549359649323077,1.0,1.0,0.9549359649323077,1.0,1.0,0.9549359649323077,1.0,0.0,0.0,0.0,1.0
yoloworld,223909,30957,25,left giraffe,1,2,2,0,0.002127070596747343,40,40,1.0,0.9119026971211976,1.0,1.0,0.9119026971211976,1.0,1.0,0.9119026971211976,1.0,0.0,0.0,0.0,80,1.0,0.9549359649323077,1.0,1.0,0.9549359649323077,1.0,1.0,0.9549359649323077,1.0,0.0,0.0,0.0,1.0
yoloworld,29915,47432,4,bike tire going off the screen on right,0,1,0,0,0.08424906944355558,5,0,0.0,,,,,,0.0,,,,,,0,0.0,,,,,,0.0,,,,,,0.0
yoloworld,29915,47432,4,bike tire going off the screen on right,0,1,0,0,0.08424906944355558,10,0,0.0,,,,,,0.0,,,,,,0,0.0,,,,,,0.0,,,,,,0.0
yoloworld,29915,47432,4,bike tire going off the screen on right,0,1,0,0,0.08424906944355558,20,0,0.0,,,,,,0.0,,,,,,0,0.0,,,,,,0.0,,,,,,0.0
yoloworld,29915,47432,4,bike tire going off the screen on right,0,1,0,0,0.08424906944355558,40,0,0.0,,,,,,0.0,,,,,,0,0.0,,,,,,0.0,,,,,,0.0
yoloworld,261381,27789,1,second man from the right,1,4,4,0,0.0,5,5,1.0,0.47817624989501856,1.0,0.4,0.05274495052631693,0.8533672003653268,0.4,0.05274495052631693,0.8533672003653268,0.0,0.6,0.0,80,1.0,0.9549359649323077,1.0,0.5,0.38604788336490925,0.6139521166350907,0.5,0.38604788336490925,0.6139521166350907,0.0,0.5,0.0,0.4
yoloworld,261381,27789,1,second man from the right,1,4,4,0,0.0,10,10,1.0,0.6915028921812392,1.0,0.6,0.2623780766069451,0.8784477418801728,0.6,0.2623780766069451,0.8784477418801728,0.0,0.4,0.0,80,1.0,0.9549359649323077,1.0,0.5,0.38604788336490925,0.6139521166350907,0.5,0.38604788336490925,0.6139521166350907,0.0,0.5,0.0,0.6
yoloworld,261381,27789,1,second man from the right,1,4,4,0,0.0,20,20,1.0,0.8315665290169146,1.0,0.5,0.27195784956079183,0.7280421504392082,0.5,0.27195784956079183,0.7280421504392082,0.0,0.5,0.0,80,1.0,0.9549359649323077,1.0,0.5,0.38604788336490925,0.6139521166350907,0.5,0.38604788336490925,0.6139521166350907,0.0,0.5,0.0,0.5
yoloworld,261381,27789,1,second man from the right,1,4,4,0,0.0,40,40,1.0,0.9119026971211976,1.0,0.5,0.33801781373723455,0.6619821862627655,0.5,0.33801781373723455,0.6619821862627655,0.0,0.5,0.0,80,1.0,0.9549359649323077,1.0,0.5,0.38604788336490925,0.6139521166350907,0.5,0.38604788336490925,0.6139521166350907,0.0,0.5,0.0,0.5
yoloworld,31812,47281,61,cake with cherries on top,1,3,3,1,0.9229047096660133,5,5,1.0,0.47817624989501856,1.0,0.6,0.14663279963467318,0.9472550494736831,0.6,0.14663279963467318,0.9472550494736831,0.0,0.4,0.0,80,0.9625,0.8942980149834914,0.9921988127342833,0.8961038961038961,0.8055073250433922,0.954065881836084,0.8625,0.7672791291752744,0.9293121672961213,0.03749999999999998,0.10000000000000003,5.551115123125783e-17,0.6
yoloworld,31812,47281,61,cake with cherries on top,1,3,3,1,0.9229047096660133,10,10,1.0,0.6915028921812392,1.0,0.8,0.4439045376923585,0.9747892736731666,0.8,0.4439045376923585,0.9747892736731666,0.0,0.19999999999999996,0.0,80,0.9625,0.8942980149834914,0.9921988127342833,0.8961038961038961,0.8055073250433922,0.954065881836084,0.8625,0.7672791291752744,0.9293121672961213,0.03749999999999998,0.10000000000000003,5.551115123125783e-17,0.8
yoloworld,31812,47281,61,cake with cherries on top,1,3,3,1,0.9229047096660133,20,20,1.0,0.8315665290169146,1.0,0.9,0.6830172859809176,0.9876514728297052,0.9,0.6830172859809176,0.9876514728297052,0.0,0.09999999999999998,0.0,80,0.9625,0.8942980149834914,0.9921988127342833,0.8961038961038961,0.8055073250433922,0.954065881836084,0.8625,0.7672791291752744,0.9293121672961213,0.03749999999999998,0.10000000000000003,5.551115123125783e-17,0.9
yoloworld,31812,47281,61,cake with cherries on top,1,3,3,1,0.9229047096660133,40,40,0.95,0.8308031360405824,0.9938863534006491,0.9473684210526315,0.8225094096523593,0.9935612832849081,0.9,0.7633626001239001,0.9720745847057807,0.050000000000000044,0.050000000000000044,1.1102230246251565e-16,80,0.9625,0.8942980149834914,0.9921988127342833,0.8961038961038961,0.8055073250433922,0.954065881836084,0.8625,0.7672791291752744,0.9293121672961213,0.03749999999999998,0.10000000000000003,5.551115123125783e-17,0.9
yoloworld,235316,30050,1,right cutting cake,0,1,0,0,0.02708514699384569,5,0,0.0,,,,,,0.0,,,,,,0,0.0,,,,,,0.0,,,,,,0.0
yoloworld,235316,30050,1,right cutting cake,0,1,0,0,0.02708514699384569,10,0,0.0,,,,,,0.0,,,,,,0,0.0,,,,,,0.0,,,,,,0.0
yoloworld,235316,30050,1,right cutting cake,0,1,0,0,0.02708514699384569,20,0,0.0,,,,,,0.0,,,,,,0,0.0,,,,,,0.0,,,,,,0.0
yoloworld,235316,30050,1,right cutting cake,0,1,0,0,0.02708514699384569,40,0,0.0,,,,,,0.0,,,,,,0,0.0,,,,,,0.0,,,,,,0.0
yoloworld,566798,1350,1,man,0,1,0,1,0.9743126838278365,5,0,0.0,,,,,,0.0,,,,,,0,0.0,,,,,,0.0,,,,,,0.0
yoloworld,566798,1350,1,man,0,1,0,1,0.9743126838278365,10,0,0.0,,,,,,0.0,,,,,,0,0.0,,,,,,0.0,,,,,,0.0
yoloworld,566798,1350,1,man,0,1,0,1,0.9743126838278365,20,0,0.0,,,,,,0.0,,,,,,0,0.0,,,,,,0.0,,,,,,0.0
yoloworld,566798,1350,1,man,0,1,0,1,0.9743126838278365,40,0,0.0,,,,,,0.0,,,,,,0,0.0,,,,,,0.0,,,,,,0.0
yoloworld,197289,33252,54,left sandwich,1,4,4,0,0.0,5,5,1.0,0.47817624989501856,1.0,0.8,0.2835820638819106,0.9949492366205319,0.8,0.2835820638819106,0.9949492366205319,0.0,0.19999999999999996,0.0,80,0.8375,0.7381631061748872,0.9105383582774708,0.835820895522388,0.7251991839582463,0.9150874538715111,0.7,0.587240676918624,0.7974260708533272,0.16249999999999998,0.13750000000000004,2.7755575615628914e-17,0.8
yoloworld,197289,33252,54,left sandwich,1,4,4,0,0.0,10,10,0.8,0.4439045376923585,0.9747892736731666,0.875,0.4734903291247935,0.9968402764687481,0.7,0.34754714994000274,0.9332604888222655,0.19999999999999996,0.1,8.326672684688674e-17,80,0.8375,0.7381631061748872,0.9105383582774708,0.835820895522388,0.7251991839582463,0.9150874538715111,0.7,0.587240676918624,0.7974260708533272,0.16249999999999998,0.13750000000000004,2.7755575615628914e-17,0.7
yoloworld,197289,33252,54,left sandwich,1,4,4,0,0.0,20,20,0.85,0.6210731734546859,0.9679290628145363,0.8235294117647058,0.565682127155716,0.962014931929374,0.7,0.4572108177237109,0.8810684095942722,0.15000000000000002,0.15000000000000002,0.0,80,0.8375,0.7381631061748872,0.9105383582774708,0.835820895522388,0.7251991839582463,0.9150874538715111,0.7,0.587240676918624,0.7974260708533272,0.16249999999999998,0.13750000000000004,2.7755575615628914e-17,0.7
yoloworld,197289,33252,54,left sandwich,1,4,4,0,0.0,40,40,0.875,0.7319670826382796,0.9581403738613833,0.8857142857142857,0.7326219562807549,0.967968830970902,0.775,0.6154883226965773,0.891603361015928,0.125,0.10000000000000003,5.551115123125783e-17,80,0.8375,0.7381631061748872,0.9105383582774708,0.835820895522388,0.7251991839582463,0.9150874538715111,0.7,0.587240676918624,0.7974260708533272,0.16249999999999998,0.13750000000000004,2.7755575615628914e-17,0.775
yoloworld,426478,13513,58,right dog,0,1,0,0,0.23758414215610094,5,0,0.0,,,,,,0.0,,,,,,0,0.0,,,,,,0.0,,,,,,0.0
yoloworld,426478,13513,58,right dog,0,1,0,0,0.23758414215610094,10,0,0.0,,,,,,0.0,,,,,,0,0.0,,,,,,0.0,,,,,,0.0
yoloworld,426478,13513,58,right dog,0,1,0,0,0.23758414215610094,20,0,0.0,,,,,,0.0,,,,,,0,0.0,,,,,,0.0,,,,,,0.0
yoloworld,426478,13513,58,right dog,0,1,0,0,0.23758414215610094,40,0,0.0,,,,,,0.0,,,,,,0,0.0,,,,,,0.0,,,,,,0.0
yoloworld,521618,5230,1,little kid,0,1,0,1,0.9061556024880029,5,0,0.0,,,,,,0.0,,,,,,0,0.0,,,,,,0.0,,,,,,0.0
yoloworld,521618,5230,1,little kid,0,1,0,1,0.9061556024880029,10,0,0.0,,,,,,0.0,,,,,,0,0.0,,,,,,0.0,,,,,,0.0
yoloworld,521618,5230,1,little kid,0,1,0,1,0.9061556024880029,20,0,0.0,,,,,,0.0,,,,,,0,0.0,,,,,,0.0,,,,,,0.0
yoloworld,521618,5230,1,little kid,0,1,0,1,0.9061556024880029,40,0,0.0,,,,,,0.0,,,,,,0,0.0,,,,,,0.0,,,,,,0.0
yoloworld,453602,11189,56,center broccoli,1,2,2,0,0.08946596837650762,5,5,1.0,0.47817624989501856,1.0,1.0,0.47817624989501856,1.0,1.0,0.47817624989501856,1.0,0.0,0.0,0.0,80,0.8625,0.7672791291752744,0.9293121672961213,0.9420289855072463,0.8581710922077147,0.9839808414669067,0.8125,0.7096721043523089,0.8910863118524706,0.13749999999999996,0.05000000000000003,1.3877787807814457e-17,1.0
yoloworld,453602,11189,56,center broccoli,1,2,2,0,0.08946596837650762,10,10,1.0,0.6915028921812392,1.0,0.9,0.5549838829718046,0.9974714214555382,0.9,0.5549838829718046,0.9974714214555382,0.0,0.09999999999999998,0.0,80,0.8625,0.7672791291752744,0.9293121672961213,0.9420289855072463,0.8581710922077147,0.9839808414669067,0.8125,0.7096721043523089,0.8910863118524706,0.13749999999999996,0.05000000000000003,1.3877787807814457e-17,0.9
yoloworld,453602,11189,56,center broccoli,1,2,2,0,0.08946596837650762,20,20,0.95,0.7512672372279723,0.9987349105020502,0.8947368421052632,0.6686233355432342,0.9869878356282226,0.85,0.6210731734546859,0.9679290628145363,0.050000000000000044,0.09999999999999999,1.3877787807814457e-17,80,0.8625,0.7672791291752744,0.9293121672961213,0.9420289855072463,0.8581710922077147,0.9839808414669067,0.8125,0.7096721043523089,0.8910863118524706,0.13749999999999996,0.05000000000000003,1.3877787807814457e-17,0.85
yoloworld,453602,11189,56,center broccoli,1,2,2,0,0.08946596837650762,40,40,0.9,0.7633626001239001,0.9720745847057807,0.9166666666666666,0.7753102394430269,0.9824735040760654,0.825,0.6722098666384142,0.9266172706479148,0.09999999999999998,0.07500000000000004,2.7755575615628914e-17,80,0.8625,0.7672791291752744,0.9293121672961213,0.9420289855072463,0.8581710922077147,0.9839808414669067,0.8125,0.7096721043523089,0.8910863118524706,0.13749999999999996,0.05000000000000003,1.3877787807814457e-17,0.825
yoloworld,17578,48497,1,red and white tied dye shirt,0,1,0,0,0.0,5,0,0.0,,,,,,0.0,,,,,,0,0.0,,,,,,0.0,,,,,,0.0
yoloworld,17578,48497,1,red and white tied dye shirt,0,1,0,0,0.0,10,0,0.0,,,,,,0.0,,,,,,0,0.0,,,,,,0.0,,,,,,0.0
yoloworld,17578,48497,1,red and white tied dye shirt,0,1,0,0,0.0,20,0,0.0,,,,,,0.0,,,,,,0,0.0,,,,,,0.0,,,,,,0.0
yoloworld,17578,48497,1,red and white tied dye shirt,0,1,0,0,0.0,40,0,0.0,,,,,,0.0,,,,,,0,0.0,,,,,,0.0,,,,,,0.0
yoloworld,95812,41649,1,man holding kid,1,9,5,0,0.0,5,5,0.8,0.2835820638819106,0.9949492366205319,0.5,0.06758598648854298,0.932414013511457,0.4,0.05274495052631693,0.8533672003653268,0.19999999999999996,0.4,0.0,80,0.9375,0.8601429247023609,0.9793969276979898,0.5333333333333333,0.41445418207791146,0.6494995096937124,0.5,0.38604788336490925,0.6139521166350907,0.0625,0.4375,0.0,0.4
yoloworld,95812,41649,1,man holding kid,1,9,5,0,0.0,10,10,0.9,0.5549838829718046,0.9974714214555382,0.4444444444444444,0.13699566226516652,0.7879914932211319,0.4,0.1215522581198272,0.7376219233930549,0.09999999999999998,0.5,0.0,80,0.9375,0.8601429247023609,0.9793969276979898,0.5333333333333333,0.41445418207791146,0.6494995096937124,0.5,0.38604788336490925,0.6139521166350907,0.0625,0.4375,0.0,0.4
yoloworld,95812,41649,1,man holding kid,1,9,5,0,0.0,20,20,0.9,0.6830172859809176,0.9876514728297052,0.5,0.2601905828950971,0.7398094171049029,0.45,0.2305778967759242,0.6847218669594515,0.09999999999999998,0.45,5.551115123125783e-17,80,0.9375,0.8601429247023609,0.9793969276979898,0.5333333333333333,0.41445418207791146,0.6494995096937124,0.5,0.38604788336490925,0.6139521166350907,0.0625,0.4375,0.0,0.45
yoloworld,95812,41649,1,man holding kid,1,9,5,0,0.0,40,40,0.95,0.8308031360405824,0.9938863534006491,0.5263157894736842,0.3581834362605037,0.6901926983917912,0.5,0.33801781373723455,0.6619821862627655,0.050000000000000044,0.45,5.551115123125783e-17,80,0.9375,0.8601429247023609,0.9793969276979898,0.5333333333333333,0.41445418207791146,0.6494995096937124,0.5,0.38604788336490925,0.6139521166350907,0.0625,0.4375,0.0,0.5
yoloworld,163506,36006,1,man in blue in middle,1,3,3,1,0.9746484204917386,5,5,1.0,0.47817624989501856,1.0,0.8,0.2835820638819106,0.9949492366205319,0.8,0.2835820638819106,0.9949492366205319,0.0,0.19999999999999996,0.0,80,1.0,0.9549359649323077,1.0,0.7125,0.6004548866879794,0.8082395280280349,0.7125,0.6004548866879794,0.8082395280280349,0.0,0.2875,0.0,0.8
yoloworld,163506,36006,1,man in blue in middle,1,3,3,1,0.9746484204917386,10,10,1.0,0.6915028921812392,1.0,0.6,0.2623780766069451,0.8784477418801728,0.6,0.2623780766069451,0.8784477418801728,0.0,0.4,0.0,80,1.0,0.9549359649323077,1.0,0.7125,0.6004548866879794,0.8082395280280349,0.7125,0.6004548866879794,0.8082395280280349,0.0,0.2875,0.0,0.6
yoloworld,163506,36006,1,man in blue in middle,1,3,3,1,0.9746484204917386,20,20,1.0,0.8315665290169146,1.0,0.65,0.4078114654671719,0.8460907952154588,0.65,0.4078114654671719,0.8460907952154588,0.0,0.35,0.0,80,1.0,0.9549359649323077,1.0,0.7125,0.6004548866879794,0.8082395280280349,0.7125,0.6004548866879794,0.8082395280280349,0.0,0.2875,0.0,0.65
yoloworld,163506,36006,1,man in blue in middle,1,3,3,1,0.9746484204917386,40,40,1.0,0.9119026971211976,1.0,0.675,0.5087051245215516,0.8142710332366501,0.675,0.5087051245215516,0.8142710332366501,0.0,0.32499999999999996,0.0,80,1.0,0.9549359649323077,1.0,0.7125,0.6004548866879794,0.8082395280280349,0.7125,0.6004548866879794,0.8082395280280349,0.0,0.2875,0.0,0.675
yoloworld,530132,4519,6,second bus front,1,3,3,0,0.03133099262673122,5,5,0.8,0.2835820638819106,0.9949492366205319,1.0,0.3976353643835254,1.0,0.8,0.2835820638819106,0.9949492366205319,0.19999999999999996,0.0,0.0,80,0.95,0.876901263556847,0.9862106060235382,1.0,0.9526212461330692,1.0,0.95,0.876901263556847,0.9862106060235382,0.050000000000000044,0.0,0.0,0.8
yoloworld,530132,4519,6,second bus front,1,3,3,0,0.03133099262673122,10,10,0.9,0.5549838829718046,0.9974714214555382,1.0,0.6637328831200572,1.0,0.9,0.5549838829718046,0.9974714214555382,0.09999999999999998,0.0,0.0,80,0.95,0.876901263556847,0.9862106060235382,1.0,0.9526212461330692,1.0,0.95,0.876901263556847,0.9862106060235382,0.050000000000000044,0.0,0.0,0.9
yoloworld,530132,4519,6,second bus front,1,3,3,0,0.03133099262673122,20,20,0.9,0.6830172859809176,0.9876514728297052,1.0,0.8146980318621478,1.0,0.9,0.6830172859809176,0.9876514728297052,0.09999999999999998,0.0,0.0,80,0.95,0.876901263556847,0.9862106060235382,1.0,0.9526212461330692,1.0,0.95,0.876901263556847,0.9862106060235382,0.050000000000000044,0.0,0.0,0.9
yoloworld,530132,4519,6,second bus front,1,3,3,0,0.03133099262673122,40,40,0.95,0.8308031360405824,0.9938863534006491,1.0,0.9074872385841217,1.0,0.95,0.8308031360405824,0.9938863534006491,0.050000000000000044,0.0,0.0,80,0.95,0.876901263556847,0.9862106060235382,1.0,0.9526212461330692,1.0,0.95,0.876901263556847,0.9862106060235382,0.050000000000000044,0.0,0.0,0.95
yoloworld,492293,7822,6,red bus in back,1,4,4,1,0.9563267251795731,5,5,0.6,0.14663279963467318,0.9472550494736831,1.0,0.29240177382128674,1.0,0.6,0.14663279963467318,0.9472550494736831,0.4,0.0,0.0,80,0.5625,0.4469975713881803,0.673236046566221,1.0,0.921294899593157,1.0,0.5625,0.4469975713881803,0.673236046566221,0.4375,0.0,0.0,0.6
yoloworld,492293,7822,6,red bus in back,1,4,4,1,0.9563267251795731,10,10,0.8,0.4439045376923585,0.9747892736731666,1.0,0.6305833524471808,1.0,0.8,0.4439045376923585,0.9747892736731666,0.19999999999999996,0.0,0.0,80,0.5625,0.4469975713881803,0.673236046566221,1.0,0.921294899593157,1.0,0.5625,0.4469975713881803,0.673236046566221,0.4375,0.0,0.0,0.8
yoloworld,492293,7822,6,red bus in back,1,4,4,1,0.9563267251795731,20,20,0.6,0.3605425873074897,0.8088099392746928,1.0,0.7353515306029488,1.0,0.6,0.3605425873074897,0.8088099392746928,0.4,0.0,0.0,80,0.5625,0.4469975713881803,0.673236046566221,1.0,0.921294899593157,1.0,0.5625,0.4469975713881803,0.673236046566221,0.4375,0.0,0.0,0.6
yoloworld,492293,7822,6,red bus in back,1,4,4,1,0.9563267251795731,40,40,0.525,0.36128013526406216,0.6848802933650138,1.0,0.8389023847809204,1.0,0.525,0.36128013526406216,0.6848802933650138,0.475,0.0,0.0,80,0.5625,0.4469975713881803,0.673236046566221,1.0,0.921294899593157,1.0,0.5625,0.4469975713881803,0.673236046566221,0.4375,0.0,0.0,0.525
yoloworld,372003,18201,3,blue car on right,1,8,5,1,0.9351457219962406,5,5,0.6,0.14663279963467318,0.9472550494736831,1.0,0.29240177382128674,1.0,0.6,0.14663279963467318,0.9472550494736831,0.4,0.0,0.0,80,0.6625,0.5480943856258318,0.7644738620163491,0.9433962264150944,0.843370537827625,0.9881712811408664,0.625,0.5096452355928875,0.7308068300531951,0.3375,0.03749999999999999,1.3877787807814457e-17,0.6
yoloworld,372003,18201,3,blue car on right,1,8,5,1,0.9351457219962406,10,10,0.7,0.34754714994000274,0.9332604888222655,1.0,0.5903836027749967,1.0,0.7,0.34754714994000274,0.9332604888222655,0.30000000000000004,0.0,0.0,80,0.6625,0.5480943856258318,0.7644738620163491,0.9433962264150944,0.843370537827625,0.9881712811408664,0.625,0.5096452355928875,0.7308068300531951,0.3375,0.03749999999999999,1.3877787807814457e-17,0.7
yoloworld,372003,18201,3,blue car on right,1,8,5,1,0.9351457219962406,20,20,0.7,0.4572108177237109,0.8810684095942722,0.8571428571428571,0.571870839090301,0.9822054845168084,0.6,0.3605425873074897,0.8088099392746928,0.30000000000000004,0.10000000000000003,5.551115123125783e-17,80,0.6625,0.5480943856258318,0.7644738620163491,0.9433962264150944,0.843370537827625,0.9881712811408664,0.625,0.5096452355928875,0.7308068300531951,0.3375,0.03749999999999999,1.3877787807814457e-17,0.6
yoloworld,372003,18201,3,blue car on right,1,8,5,1,0.9351457219962406,40,40,0.65,0.48315554635100944,0.793717509129233,0.8461538461538461,0.6513212144646388,0.9564365234610761,0.55,0.38490679453401333,0.7074116499601201,0.35,0.1,2.7755575615628914e-17,80,0.6625,0.5480943856258318,0.7644738620163491,0.9433962264150944,0.843370537827625,0.9881712811408664,0.625,0.5096452355928875,0.7308068300531951,0.3375,0.03749999999999999,1.3877787807814457e-17,0.55
yoloworld,348609,20035,1,guy in front,1,4,4,0,0.03530412661436172,5,5,0.8,0.2835820638819106,0.9949492366205319,0.75,0.19412044968324346,0.9936905367902902,0.6,0.14663279963467318,0.9472550494736831,0.19999999999999996,0.2,5.551115123125783e-17,80,0.9875,0.9323122155360776,0.9996835774723672,0.8354430379746836,0.7350548769543931,0.9093655580547604,0.825,0.7238459604789864,0.9008894901605713,0.012499999999999956,0.1625,8.326672684688674e-17,0.6
yoloworld,348609,20035,1,guy in front,1,4,4,0,0.03530412661436172,10,10,0.9,0.5549838829718046,0.9974714214555382,0.8888888888888888,0.517503485082663,0.9971908632534008,0.8,0.4439045376923585,0.9747892736731666,0.09999999999999998,0.10000000000000005,6.938893903907228e-17,80,0.9875,0.9323122155360776,0.9996835774723672,0.8354430379746836,0.7350548769543931,0.9093655580547604,0.825,0.7238459604789864,0.9008894901605713,0.012499999999999956,0.1625,8.326672684688674e-17,0.8
yoloworld,348609,20035,1,guy in front,1,4,4,0,0.03530412661436172,20,20,0.9,0.6830172859809176,0.9876514728297052,0.8333333333333334,0.585822508605226,0.9642149168784253,0.75,0.5089541282920425,0.9134285308985653,0.09999999999999998,0.14999999999999997,5.551115123125783e-17,80,0.9875,0.9323122155360776,0.9996835774723672,0.8354430379746836,0.7350548769543931,0.9093655580547604,0.825,0.7238459604789864,0.9008894901605713,0.012499999999999956,0.1625,8.326672684688674e-17,0.75
yoloworld,348609,20035,1,guy in front,1,4,4,0,0.03530412661436172,40,40,0.925,0.796135251267101,0.9842578201489585,0.8108108108108109,0.6484476216307458,0.9203788791471231,0.75,0.5880380198485702,0.873085201067155,0.07499999999999996,0.17499999999999996,8.326672684688674e-17,80,0.9875,0.9323122155360776,0.9996835774723672,0.8354430379746836,0.7350548769543931,0.9093655580547604,0.825,0.7238459604789864,0.9008894901605713,0.012499999999999956,0.1625,8.326672684688674e-17,0.75
yoloworld,260010,27940,1,batter,0,0,0,0,0.0,5,0,0.0,,,,,,0.0,,,,,,0,0.0,,,,,,0.0,,,,,,0.0
yoloworld,260010,27940,1,batter,0,0,0,0,0.0,10,0,0.0,,,,,,0.0,,,,,,0,0.0,,,,,,0.0,,,,,,0.0
yoloworld,260010,27940,1,batter,0,0,0,0,0.0,20,0,0.0,,,,,,0.0,,,,,,0,0.0,,,,,,0.0,,,,,,0.0
yoloworld,260010,27940,1,batter,0,0,0,0,0.0,40,0,0.0,,,,,,0.0,,,,,,0,0.0,,,,,,0.0,,,,,,0.0
yoloworld,380034,17534,1,the man in the middle wearing the black suit hes shaking hands,1,3,3,1,0.8752723228360482,5,5,0.8,0.2835820638819106,0.9949492366205319,1.0,0.3976353643835254,1.0,0.8,0.2835820638819106,0.9949492366205319,0.19999999999999996,0.0,0.0,80,0.875,0.7821108659305637,0.9383979034415657,0.7571428571428571,0.639884758007587,0.851710972203749,0.6625,0.5480943856258318,0.7644738620163491,0.125,0.21250000000000002,0.0,0.8
yoloworld,380034,17534,1,the man in the middle wearing the black suit hes shaking hands,1,3,3,1,0.8752723228360482,10,10,0.8,0.4439045376923585,0.9747892736731666,0.875,0.4734903291247935,0.9968402764687481,0.7,0.34754714994000274,0.9332604888222655,0.19999999999999996,0.1,8.326672684688674e-17,80,0.875,0.7821108659305637,0.9383979034415657,0.7571428571428571,0.639884758007587,0.851710972203749,0.6625,0.5480943856258318,0.7644738620163491,0.125,0.21250000000000002,0.0,0.7
yoloworld,380034,17534,1,the man in the middle wearing the black suit hes shaking hands,1,3,3,1,0.8752723228360482,20,20,0.9,0.6830172859809176,0.9876514728297052,0.8333333333333334,0.585822508605226,0.9642149168784253,0.75,0.5089541282920425,0.9134285308985653,0.09999999999999998,0.14999999999999997,5.551115123125783e-17,80,0.875,0.7821108659305637,0.9383979034415657,0.7571428571428571,0.639884758007587,0.851710972203749,0.6625,0.5480943856258318,0.7644738620163491,0.125,0.21250000000000002,0.0,0.75
yoloworld,380034,17534,1,the man in the middle wearing the black suit hes shaking hands,1,3,3,1,0.8752723228360482,40,40,0.95,0.8308031360405824,0.9938863534006491,0.868421052631579,0.7191361541162468,0.9558625599420856,0.825,0.6722098666384142,0.9266172706479148,0.050000000000000044,0.12499999999999996,4.163336342344337e-17,80,0.875,0.7821108659305637,0.9383979034415657,0.7571428571428571,0.639884758007587,0.851710972203749,0.6625,0.5480943856258318,0.7644738620163491,0.125,0.21250000000000002,0.0,0.825
yoloworld,115604,40058,1,chef on left,1,6,5,1,0.9688115619951269,5,5,0.8,0.2835820638819106,0.9949492366205319,1.0,0.3976353643835254,1.0,0.8,0.2835820638819106,0.9949492366205319,0.19999999999999996,0.0,0.0,80,0.7625,0.6542230288597322,0.8505462481433591,0.9344262295081968,0.8405310453592895,0.9818458040240317,0.7125,0.6004548866879794,0.8082395280280349,0.23750000000000004,0.04999999999999997,3.469446951953614e-17,0.8
yoloworld,115604,40058,1,chef on left,1,6,5,1,0.9688115619951269,10,10,0.7,0.34754714994000274,0.9332604888222655,0.8571428571428571,0.4212768029568048,0.9963897031380994,0.6,0.2623780766069451,0.8784477418801728,0.30000000000000004,0.10000000000000003,5.551115123125783e-17,80,0.7625,0.6542230288597322,0.8505462481433591,0.9344262295081968,0.8405310453592895,0.9818458040240317,0.7125,0.6004548866879794,0.8082395280280349,0.23750000000000004,0.04999999999999997,3.469446951953614e-17,0.6
yoloworld,115604,40058,1,chef on left,1,6,5,1,0.9688115619951269,20,20,0.65,0.4078114654671719,0.8460907952154588,0.9230769230769231,0.6397025647321226,0.9980543715026533,0.6,0.3605425873074897,0.8088099392746928,0.35,0.04999999999999997,7.632783294297951e-17,80,0.7625,0.6542230288597322,0.8505462481433591,0.9344262295081968,0.8405310453592895,0.9818458040240317,0.7125,0.6004548866879794,0.8082395280280349,0.23750000000000004,0.04999999999999997,3.469446951953614e-17,0.6
yoloworld,115604,40058,1,chef on left,1,6,5,1,0.9688115619951269,40,40,0.725,0.5611170928209519,0.8539910080361344,0.896551724137931,0.7264848021075772,0.9781362631701463,0.65,0.48315554635100944,0.793717509129233,0.275,0.07499999999999998,2.7755575615628914e-17,80,0.7625,0.6542230288597322,0.8505462481433591,0.9344262295081968,0.8405310453592895,0.9818458040240317,0.7125,0.6004548866879794,0.8082395280280349,0.23750000000000004,0.04999999999999997,3.469446951953614e-17,0.65
yoloworld,161865,36122,1,left person,1,4,4,1,0.9102411188131211,5,5,0.8,0.2835820638819106,0.9949492366205319,1.0,0.3976353643835254,1.0,0.8,0.2835820638819106,0.9949492366205319,0.19999999999999996,0.0,0.0,80,0.85,0.7526358884071023,0.9200184386902862,1.0,0.9471969572063602,1.0,0.85,0.7526358884071023,0.9200184386902862,0.15000000000000002,0.0,0.0,0.8
yoloworld,161865,36122,1,left person,1,4,4,1,0.9102411188131211,10,10,0.7,0.34754714994000274,0.9332604888222655,1.0,0.5903836027749967,1.0,0.7,0.34754714994000274,0.9332604888222655,0.30000000000000004,0.0,0.0,80,0.85,0.7526358884071023,0.9200184386902862,1.0,0.9471969572063602,1.0,0.85,0.7526358884071023,0.9200184386902862,0.15000000000000002,0.0,0.0,0.7
yoloworld,161865,36122,1,left person,1,4,4,1,0.9102411188131211,20,20,0.85,0.6210731734546859,0.9679290628145363,1.0,0.8049356770309068,1.0,0.85,0.6210731734546859,0.9679290628145363,0.15000000000000002,0.0,0.0,80,0.85,0.7526358884071023,0.9200184386902862,1.0,0.9471969572063602,1.0,0.85,0.7526358884071023,0.9200184386902862,0.15000000000000002,0.0,0.0,0.85
yoloworld,161865,36122,1,left person,1,4,4,1,0.9102411188131211,40,40,0.825,0.6722098666384142,0.9266172706479148,1.0,0.8942371899254207,1.0,0.825,0.6722098666384142,0.9266172706479148,0.17500000000000004,0.0,0.0,80,0.85,0.7526358884071023,0.9200184386902862,1.0,0.9471969572063602,1.0,0.85,0.7526358884071023,0.9200184386902862,0.15000000000000002,0.0,0.0,0.825
yoloworld,506030,6611,1,old guy,0,0,0,0,0.0,5,0,0.0,,,,,,0.0,,,,,,0,0.0,,,,,,0.0,,,,,,0.0
yoloworld,506030,6611,1,old guy,0,0,0,0,0.0,10,0,0.0,,,,,,0.0,,,,,,0,0.0,,,,,,0.0,,,,,,0.0
yoloworld,506030,6611,1,old guy,0,0,0,0,0.0,20,0,0.0,,,,,,0.0,,,,,,0,0.0,,,,,,0.0,,,,,,0.0
yoloworld,506030,6611,1,old guy,0,0,0,0,0.0,40,0,0.0,,,,,,0.0,,,,,,0,0.0,,,,,,0.0,,,,,,0.0
yoloworld,292498,25206,6,bus at center of photo,1,12,5,1,0.9656106676543267,5,5,1.0,0.47817624989501856,1.0,1.0,0.47817624989501856,1.0,1.0,0.47817624989501856,1.0,0.0,0.0,0.0,80,0.8125,0.7096721043523089,0.8910863118524706,1.0,0.9448283656811867,1.0,0.8125,0.7096721043523089,0.8910863118524706,0.1875,0.0,0.0,1.0
yoloworld,292498,25206,6,bus at center of photo,1,12,5,1,0.9656106676543267,10,10,0.9,0.5549838829718046,0.9974714214555382,1.0,0.6637328831200572,1.0,0.9,0.5549838829718046,0.9974714214555382,0.09999999999999998,0.0,0.0,80,0.8125,0.7096721043523089,0.8910863118524706,1.0,0.9448283656811867,1.0,0.8125,0.7096721043523089,0.8910863118524706,0.1875,0.0,0.0,0.9
yoloworld,292498,25206,6,bus at center of photo,1,12,5,1,0.9656106676543267,20,20,0.85,0.6210731734546859,0.9679290628145363,1.0,0.8049356770309068,1.0,0.85,0.6210731734546859,0.9679290628145363,0.15000000000000002,0.0,0.0,80,0.8125,0.7096721043523089,0.8910863118524706,1.0,0.9448283656811867,1.0,0.8125,0.7096721043523089,0.8910863118524706,0.1875,0.0,0.0,0.85
yoloworld,292498,25206,6,bus at center of photo,1,12,5,1,0.9656106676543267,40,40,0.9,0.7633626001239001,0.9720745847057807,1.0,0.902606244085508,1.0,0.9,0.7633626001239001,0.9720745847057807,0.09999999999999998,0.0,0.0,80,0.8125,0.7096721043523089,0.8910863118524706,1.0,0.9448283656811867,1.0,0.8125,0.7096721043523089,0.8910863118524706,0.1875,0.0,0.0,0.9
yoloworld,206628,32456,1,woman left,1,4,4,1,0.8841030586435092,5,5,0.0,0.0,0.5218237501049814,,,,0.0,0.0,0.5218237501049814,1.0,0.0,0.0,80,0.2375,0.14945375185664092,0.34577697114026784,1.0,0.8235330881930346,1.0,0.2375,0.14945375185664092,0.34577697114026784,0.7625,0.0,0.0,0.0
yoloworld,206628,32456,1,woman left,1,4,4,1,0.8841030586435092,10,10,0.1,0.0025285785444617865,0.4450161170281954,1.0,0.025000000000000022,1.0,0.1,0.0025285785444617865,0.4450161170281954,0.9,0.0,0.0,80,0.2375,0.14945375185664092,0.34577697114026784,1.0,0.8235330881930346,1.0,0.2375,0.14945375185664092,0.34577697114026784,0.7625,0.0,0.0,0.1
yoloworld,206628,32456,1,woman left,1,4,4,1,0.8841030586435092,20,20,0.2,0.057333997050032774,0.43661400299666825,1.0,0.3976353643835254,1.0,0.2,0.057333997050032774,0.43661400299666825,0.8,0.0,0.0,80,0.2375,0.14945375185664092,0.34577697114026784,1.0,0.8235330881930346,1.0,0.2375,0.14945375185664092,0.34577697114026784,0.7625,0.0,0.0,0.2
yoloworld,206628,32456,1,woman left,1,4,4,1,0.8841030586435092,40,40,0.175,0.07338272935208522,0.3277901333615858,1.0,0.5903836027749967,1.0,0.175,0.07338272935208522,0.3277901333615858,0.825,0.0,0.0,80,0.2375,0.14945375185664092,0.34577697114026784,1.0,0.8235330881930346,1.0,0.2375,0.14945375185664092,0.34577697114026784,0.7625,0.0,0.0,0.175
yoloworld,177917,34869,88,bear feet,1,6,5,0,0.012297669026079695,5,5,0.4,0.05274495052631693,0.8533672003653268,1.0,0.15811388300841903,1.0,0.4,0.05274495052631693,0.8533672003653268,0.6,0.0,0.0,80,0.5375,0.4224175280048351,0.6497235734616016,0.9534883720930233,0.8418885416913023,0.9943167430212521,0.5125,0.39810466870318545,0.625942518555561,0.4625,0.024999999999999984,3.8163916471489756e-17,0.4
yoloworld,177917,34869,88,bear feet,1,6,5,0,0.012297669026079695,10,10,0.4,0.1215522581198272,0.7376219233930549,1.0,0.3976353643835254,1.0,0.4,0.1215522581198272,0.7376219233930549,0.6,0.0,0.0,80,0.5375,0.4224175280048351,0.6497235734616016,0.9534883720930233,0.8418885416913023,0.9943167430212521,0.5125,0.39810466870318545,0.625942518555561,0.4625,0.024999999999999984,3.8163916471489756e-17,0.4
yoloworld,177917,34869,88,bear feet,1,6,5,0,0.012297669026079695,20,20,0.35,0.15390920478454118,0.5921885345328282,1.0,0.5903836027749967,1.0,0.35,0.15390920478454118,0.5921885345328282,0.65,0.0,0.0,80,0.5375,0.4224175280048351,0.6497235734616016,0.9534883720930233,0.8418885416913023,0.9943167430212521,0.5125,0.39810466870318545,0.625942518555561,0.4625,0.024999999999999984,3.8163916471489756e-17,0.35
yoloworld,177917,34869,88,bear feet,1,6,5,0,0.012297669026079695,40,40,0.4,0.24864998658774376,0.5667329478067034,1.0,0.7940927857921773,1.0,0.4,0.24864998658774376,0.5667329478067034,0.6,0.0,0.0,80,0.5375,0.4224175280048351,0.6497235734616016,0.9534883720930233,0.8418885416913023,0.9943167430212521,0.5125,0.39810466870318545,0.625942518555561,0.4625,0.024999999999999984,3.8163916471489756e-17,0.4
yoloworld,420620,14062,4,left bike behind the man on left,1,20,5,0,0.0,5,5,1.0,0.47817624989501856,1.0,0.8,0.2835820638819106,0.9949492366205319,0.8,0.2835820638819106,0.9949492366205319,0.0,0.19999999999999996,0.0,80,0.9625,0.8942980149834914,0.9921988127342833,0.6363636363636364,0.5188485695963,0.7430462577769424,0.6125,0.4969755425018991,0.7194348668752178,0.03749999999999998,0.35000000000000003,5.551115123125783e-17,0.8
yoloworld,420620,14062,4,left bike behind the man on left,1,20,5,0,0.0,10,10,1.0,0.6915028921812392,1.0,0.7,0.34754714994000274,0.9332604888222655,0.7,0.34754714994000274,0.9332604888222655,0.0,0.30000000000000004,0.0,80,0.9625,0.8942980149834914,0.9921988127342833,0.6363636363636364,0.5188485695963,0.7430462577769424,0.6125,0.4969755425018991,0.7194348668752178,0.03749999999999998,0.35000000000000003,5.551115123125783e-17,0.7
yoloworld,420620,14062,4,left bike behind the man on left,1,20,5,0,0.0,20,20,0.95,0.7512672372279723,0.9987349105020502,0.6842105263157895,0.4344984311538491,0.8742393641270167,0.65,0.4078114654671719,0.8460907952154588,0.050000000000000044,0.3,5.551115123125783e-17,80,0.9625,0.8942980149834914,0.9921988127342833,0.6363636363636364,0.5188485695963,0.7430462577769424,0.6125,0.4969755425018991,0.7194348668752178,0.03749999999999998,0.35000000000000003,5.551115123125783e-17,0.65
yoloworld,420620,14062,4,left bike behind the man on left,1,20,5,0,0.0,40,40,0.925,0.796135251267101,0.9842578201489585,0.6486486486486487,0.47461125562602574,0.7979001847159973,0.6,0.4332670521932967,0.7513500134122563,0.07499999999999996,0.32499999999999996,1.1102230246251565e-16,80,0.9625,0.8942980149834914,0.9921988127342833,0.6363636363636364,0.5188485695963,0.7430462577769424,0.6125,0.4969755425018991,0.7194348668752178,0.03749999999999998,0.35000000000000003,5.551115123125783e-17,0.6
yoloworld,75881,43371,24,adult zebra,1,2,2,1,0.9582118371958709,5,5,1.0,0.47817624989501856,1.0,1.0,0.47817624989501856,1.0,1.0,0.47817624989501856,1.0,0.0,0.0,0.0,80,1.0,0.9549359649323077,1.0,1.0,0.9549359649323077,1.0,1.0,0.9549359649323077,1.0,0.0,0.0,0.0,1.0
yoloworld,75881,43371,24,adult zebra,1,2,2,1,0.9582118371958709,10,10,1.0,0.6915028921812392,1.0,1.0,0.6915028921812392,1.0,1.0,0.6915028921812392,1.0,0.0,0.0,0.0,80,1.0,0.9549359649323077,1.0,1.0,0.9549359649323077,1.0,1.0,0.9549359649323077,1.0,0.0,0.0,0.0,1.0
yoloworld,75881,43371,24,adult zebra,1,2,2,1,0.9582118371958709,20,20,1.0,0.8315665290169146,1.0,1.0,0.8315665290169146,1.0,1.0,0.8315665290169146,1.0,0.0,0.0,0.0,80,1.0,0.9549359649323077,1.0,1.0,0.9549359649323077,1.0,1.0,0.9549359649323077,1.0,0.0,0.0,0.0,1.0
yoloworld,75881,43371,24,adult zebra,1,2,2,1,0.9582118371958709,40,40,1.0,0.9119026971211976,1.0,1.0,0.9119026971211976,1.0,1.0,0.9119026971211976,1.0,0.0,0.0,0.0,80,1.0,0.9549359649323077,1.0,1.0,0.9549359649323077,1.0,1.0,0.9549359649323077,1.0,0.0,0.0,0.0,1.0
yoloworld,555022,2369,63,pink couch with pink pillow on it but click the couch not the pillow,1,6,5,1,0.7281573101482821,5,5,0.8,0.2835820638819106,0.9949492366205319,0.75,0.19412044968324346,0.9936905367902902,0.6,0.14663279963467318,0.9472550494736831,0.19999999999999996,0.2,5.551115123125783e-17,80,0.725,0.6137565791555908,0.8189623614429612,0.7931034482758621,0.6664823652145677,0.8882645783960563,0.575,0.4593888114309382,0.6848902345476577,0.275,0.14999999999999997,5.551115123125783e-17,0.6
yoloworld,555022,2369,63,pink couch with pink pillow on it but click the couch not the pillow,1,6,5,1,0.7281573101482821,10,10,0.9,0.5549838829718046,0.9974714214555382,0.7777777777777778,0.39990642628368794,0.9718550265221018,0.7,0.34754714994000274,0.9332604888222655,0.09999999999999998,0.19999999999999998,8.326672684688674e-17,80,0.725,0.6137565791555908,0.8189623614429612,0.7931034482758621,0.6664823652145677,0.8882645783960563,0.575,0.4593888114309382,0.6848902345476577,0.275,0.14999999999999997,5.551115123125783e-17,0.7
yoloworld,555022,2369,63,pink couch with pink pillow on it but click the couch not the pillow,1,6,5,1,0.7281573101482821,20,20,0.7,0.4572108177237109,0.8810684095942722,0.8571428571428571,0.571870839090301,0.9822054845168084,0.6,0.3605425873074897,0.8088099392746928,0.30000000000000004,0.10000000000000003,5.551115123125783e-17,80,0.725,0.6137565791555908,0.8189623614429612,0.7931034482758621,0.6664823652145677,0.8882645783960563,0.575,0.4593888114309382,0.6848902345476577,0.275,0.14999999999999997,5.551115123125783e-17,0.6
yoloworld,555022,2369,63,pink couch with pink pillow on it but click the couch not the pillow,1,6,5,1,0.7281573101482821,40,40,0.725,0.5611170928209519,0.8539910080361344,0.896551724137931,0.7264848021075772,0.9781362631701463,0.65,0.48315554635100944,0.793717509129233,0.275,0.07499999999999998,2.7755575615628914e-17,80,0.725,0.6137565791555908,0.8189623614429612,0.7931034482758621,0.6664823652145677,0.8882645783960563,0.575,0.4593888114309382,0.6848902345476577,0.275,0.14999999999999997,5.551115123125783e-17,0.65
yoloworld,22928,48064,18,right dog,1,2,2,1,0.9738915293259964,5,5,1.0,0.47817624989501856,1.0,1.0,0.47817624989501856,1.0,1.0,0.47817624989501856,1.0,0.0,0.0,0.0,80,0.9375,0.8601429247023609,0.9793969276979898,0.6533333333333333,0.534579028740904,0.7595683545480996,0.6125,0.4969755425018991,0.7194348668752178,0.0625,0.325,5.551115123125783e-17,1.0
yoloworld,22928,48064,18,right dog,1,2,2,1,0.9738915293259964,10,10,1.0,0.6915028921812392,1.0,0.7,0.34754714994000274,0.9332604888222655,0.7,0.34754714994000274,0.9332604888222655,0.0,0.30000000000000004,0.0,80,0.9375,0.8601429247023609,0.9793969276979898,0.6533333333333333,0.534579028740904,0.7595683545480996,0.6125,0.4969755425018991,0.7194348668752178,0.0625,0.325,5.551115123125783e-17,0.7
yoloworld,22928,48064,18,right dog,1,2,2,1,0.9738915293259964,20,20,0.95,0.7512672372279723,0.9987349105020502,0.7368421052631579,0.4879706546541273,0.9085342150923335,0.7,0.4572108177237109,0.8810684095942722,0.050000000000000044,0.25,0.0,80,0.9375,0.8601429247023609,0.9793969276979898,0.6533333333333333,0.534579028740904,0.7595683545480996,0.6125,0.4969755425018991,0.7194348668752178,0.0625,0.325,5.551115123125783e-17,0.7
yoloworld,22928,48064,18,right dog,1,2,2,1,0.9738915293259964,40,40,0.95,0.8308031360405824,0.9938863534006491,0.7105263157894737,0.5409679330757076,0.8457537132120901,0.675,0.5087051245215516,0.8142710332366501,0.050000000000000044,0.275,1.1102230246251565e-16,80,0.9375,0.8601429247023609,0.9793969276979898,0.6533333333333333,0.534579028740904,0.7595683545480996,0.6125,0.4969755425018991,0.7194348668752178,0.0625,0.325,5.551115123125783e-17,0.675
yoloworld,349144,19982,2,middle bike tire,0,1,0,0,0.41915957660129766,5,0,0.0,,,,,,0.0,,,,,,0,0.0,,,,,,0.0,,,,,,0.0
yoloworld,349144,19982,2,middle bike tire,0,1,0,0,0.41915957660129766,10,0,0.0,,,,,,0.0,,,,,,0,0.0,,,,,,0.0,,,,,,0.0
yoloworld,349144,19982,2,middle bike tire,0,1,0,0,0.41915957660129766,20,0,0.0,,,,,,0.0,,,,,,0,0.0,,,,,,0.0,,,,,,0.0
yoloworld,349144,19982,2,middle bike tire,0,1,0,0,0.41915957660129766,40,0,0.0,,,,,,0.0,,,,,,0,0.0,,,,,,0.0,,,,,,0.0
yoloworld,233153,30199,1,hot dude,1,2,2,1,0.9855291962050725,5,5,1.0,0.47817624989501856,1.0,1.0,0.47817624989501856,1.0,1.0,0.47817624989501856,1.0,0.0,0.0,0.0,80,1.0,0.9549359649323077,1.0,1.0,0.9549359649323077,1.0,1.0,0.9549359649323077,1.0,0.0,0.0,0.0,1.0
yoloworld,233153,30199,1,hot dude,1,2,2,1,0.9855291962050725,10,10,1.0,0.6915028921812392,1.0,1.0,0.6915028921812392,1.0,1.0,0.6915028921812392,1.0,0.0,0.0,0.0,80,1.0,0.9549359649323077,1.0,1.0,0.9549359649323077,1.0,1.0,0.9549359649323077,1.0,0.0,0.0,0.0,1.0
yoloworld,233153,30199,1,hot dude,1,2,2,1,0.9855291962050725,20,20,1.0,0.8315665290169146,1.0,1.0,0.8315665290169146,1.0,1.0,0.8315665290169146,1.0,0.0,0.0,0.0,80,1.0,0.9549359649323077,1.0,1.0,0.9549359649323077,1.0,1.0,0.9549359649323077,1.0,0.0,0.0,0.0,1.0
yoloworld,233153,30199,1,hot dude,1,2,2,1,0.9855291962050725,40,40,1.0,0.9119026971211976,1.0,1.0,0.9119026971211976,1.0,1.0,0.9119026971211976,1.0,0.0,0.0,0.0,80,1.0,0.9549359649323077,1.0,1.0,0.9549359649323077,1.0,1.0,0.9549359649323077,1.0,0.0,0.0,0.0,1.0
yoloworld,128599,38888,1,guy in middle,1,2,2,1,0.9777742547719948,5,5,1.0,0.47817624989501856,1.0,1.0,0.47817624989501856,1.0,1.0,0.47817624989501856,1.0,0.0,0.0,0.0,80,1.0,0.9549359649323077,1.0,1.0,0.9549359649323077,1.0,1.0,0.9549359649323077,1.0,0.0,0.0,0.0,1.0
yoloworld,128599,38888,1,guy in middle,1,2,2,1,0.9777742547719948,10,10,1.0,0.6915028921812392,1.0,1.0,0.6915028921812392,1.0,1.0,0.6915028921812392,1.0,0.0,0.0,0.0,80,1.0,0.9549359649323077,1.0,1.0,0.9549359649323077,1.0,1.0,0.9549359649323077,1.0,0.0,0.0,0.0,1.0
yoloworld,128599,38888,1,guy in middle,1,2,2,1,0.9777742547719948,20,20,1.0,0.8315665290169146,1.0,1.0,0.8315665290169146,1.0,1.0,0.8315665290169146,1.0,0.0,0.0,0.0,80,1.0,0.9549359649323077,1.0,1.0,0.9549359649323077,1.0,1.0,0.9549359649323077,1.0,0.0,0.0,0.0,1.0
yoloworld,128599,38888,1,guy in middle,1,2,2,1,0.9777742547719948,40,40,1.0,0.9119026971211976,1.0,1.0,0.9119026971211976,1.0,1.0,0.9119026971211976,1.0,0.0,0.0,0.0,80,1.0,0.9549359649323077,1.0,1.0,0.9549359649323077,1.0,1.0,0.9549359649323077,1.0,0.0,0.0,0.0,1.0
yoloworld,521800,5217,60,left choc donut on bottom,1,7,5,0,0.0,5,5,1.0,0.47817624989501856,1.0,1.0,0.47817624989501856,1.0,1.0,0.47817624989501856,1.0,0.0,0.0,0.0,80,1.0,0.9549359649323077,1.0,0.85,0.7526358884071023,0.9200184386902862,0.85,0.7526358884071023,0.9200184386902862,0.0,0.15000000000000002,0.0,1.0
yoloworld,521800,5217,60,left choc donut on bottom,1,7,5,0,0.0,10,10,1.0,0.6915028921812392,1.0,0.9,0.5549838829718046,0.9974714214555382,0.9,0.5549838829718046,0.9974714214555382,0.0,0.09999999999999998,0.0,80,1.0,0.9549359649323077,1.0,0.85,0.7526358884071023,0.9200184386902862,0.85,0.7526358884071023,0.9200184386902862,0.0,0.15000000000000002,0.0,0.9
yoloworld,521800,5217,60,left choc donut on bottom,1,7,5,0,0.0,20,20,1.0,0.8315665290169146,1.0,0.8,0.5633859970033317,0.9426660029499673,0.8,0.5633859970033317,0.9426660029499673,0.0,0.19999999999999996,0.0,80,1.0,0.9549359649323077,1.0,0.85,0.7526358884071023,0.9200184386902862,0.85,0.7526358884071023,0.9200184386902862,0.0,0.15000000000000002,0.0,0.8
yoloworld,521800,5217,60,left choc donut on bottom,1,7,5,0,0.0,40,40,1.0,0.9119026971211976,1.0,0.775,0.6154883226965773,0.891603361015928,0.775,0.6154883226965773,0.891603361015928,0.0,0.22499999999999998,0.0,80,1.0,0.9549359649323077,1.0,0.85,0.7526358884071023,0.9200184386902862,0.85,0.7526358884071023,0.9200184386902862,0.0,0.15000000000000002,0.0,0.775
yoloworld,177658,34885,1,woman,1,3,3,0,0.04632240961351044,5,5,1.0,0.47817624989501856,1.0,0.6,0.14663279963467318,0.9472550494736831,0.6,0.14663279963467318,0.9472550494736831,0.0,0.4,0.0,80,1.0,0.9549359649323077,1.0,0.75,0.64063652409315,0.8401203554931442,0.75,0.64063652409315,0.8401203554931442,0.0,0.25,0.0,0.6
yoloworld,177658,34885,1,woman,1,3,3,0,0.04632240961351044,10,10,1.0,0.6915028921812392,1.0,0.5,0.18708602844739855,0.8129139715526015,0.5,0.18708602844739855,0.8129139715526015,0.0,0.5,0.0,80,1.0,0.9549359649323077,1.0,0.75,0.64063652409315,0.8401203554931442,0.75,0.64063652409315,0.8401203554931442,0.0,0.25,0.0,0.5
yoloworld,177658,34885,1,woman,1,3,3,0,0.04632240961351044,20,20,1.0,0.8315665290169146,1.0,0.75,0.5089541282920425,0.9134285308985653,0.75,0.5089541282920425,0.9134285308985653,0.0,0.25,0.0,80,1.0,0.9549359649323077,1.0,0.75,0.64063652409315,0.8401203554931442,0.75,0.64063652409315,0.8401203554931442,0.0,0.25,0.0,0.75
yoloworld,177658,34885,1,woman,1,3,3,0,0.04632240961351044,40,40,1.0,0.9119026971211976,1.0,0.775,0.6154883226965773,0.891603361015928,0.775,0.6154883226965773,0.891603361015928,0.0,0.22499999999999998,0.0,80,1.0,0.9549359649323077,1.0,0.75,0.64063652409315,0.8401203554931442,0.75,0.64063652409315,0.8401203554931442,0.0,0.25,0.0,0.775
yoloworld,139763,37936,62,first chair on right,1,5,5,0,0.0,5,5,0.4,0.05274495052631693,0.8533672003653268,1.0,0.15811388300841903,1.0,0.4,0.05274495052631693,0.8533672003653268,0.6,0.0,0.0,80,0.4875,0.37405748144443896,0.6018953312968145,1.0,0.9097488990396657,1.0,0.4875,0.37405748144443896,0.6018953312968145,0.5125,0.0,0.0,0.4
yoloworld,139763,37936,62,first chair on right,1,5,5,0,0.0,10,10,0.4,0.1215522581198272,0.7376219233930549,1.0,0.3976353643835254,1.0,0.4,0.1215522581198272,0.7376219233930549,0.6,0.0,0.0,80,0.4875,0.37405748144443896,0.6018953312968145,1.0,0.9097488990396657,1.0,0.4875,0.37405748144443896,0.6018953312968145,0.5125,0.0,0.0,0.4
yoloworld,139763,37936,62,first chair on right,1,5,5,0,0.0,20,20,0.3,0.1189315904057277,0.5427891822762891,1.0,0.5407418735600996,1.0,0.3,0.1189315904057277,0.5427891822762891,0.7,0.0,0.0,80,0.4875,0.37405748144443896,0.6018953312968145,1.0,0.9097488990396657,1.0,0.4875,0.37405748144443896,0.6018953312968145,0.5125,0.0,0.0,0.3
yoloworld,139763,37936,62,first chair on right,1,5,5,0,0.0,40,40,0.4,0.24864998658774376,0.5667329478067034,1.0,0.7940927857921773,1.0,0.4,0.24864998658774376,0.5667329478067034,0.6,0.0,0.0,80,0.4875,0.37405748144443896,0.6018953312968145,1.0,0.9097488990396657,1.0,0.4875,0.37405748144443896,0.6018953312968145,0.5125,0.0,0.0,0.4
yoloworld,74183,43524,1,front row second from left,1,5,5,1,0.9675998965558636,5,5,0.8,0.2835820638819106,0.9949492366205319,1.0,0.3976353643835254,1.0,0.8,0.2835820638819106,0.9949492366205319,0.19999999999999996,0.0,0.0,80,0.75,0.64063652409315,0.8401203554931442,0.9833333333333333,0.910600949942513,0.999578125547658,0.7375,0.6271491697875681,0.8295907488995917,0.25,0.012500000000000039,8.326672684688674e-17,0.8
yoloworld,74183,43524,1,front row second from left,1,5,5,1,0.9675998965558636,10,10,0.8,0.4439045376923585,0.9747892736731666,1.0,0.6305833524471808,1.0,0.8,0.4439045376923585,0.9747892736731666,0.19999999999999996,0.0,0.0,80,0.75,0.64063652409315,0.8401203554931442,0.9833333333333333,0.910600949942513,0.999578125547658,0.7375,0.6271491697875681,0.8295907488995917,0.25,0.012500000000000039,8.326672684688674e-17,0.8
yoloworld,74183,43524,1,front row second from left,1,5,5,1,0.9675998965558636,20,20,0.65,0.4078114654671719,0.8460907952154588,1.0,0.752947361999529,1.0,0.65,0.4078114654671719,0.8460907952154588,0.35,0.0,0.0,80,0.75,0.64063652409315,0.8401203554931442,0.9833333333333333,0.910600949942513,0.999578125547658,0.7375,0.6271491697875681,0.8295907488995917,0.25,0.012500000000000039,8.326672684688674e-17,0.65
yoloworld,74183,43524,1,front row second from left,1,5,5,1,0.9675998965558636,40,40,0.675,0.5087051245215516,0.8142710332366501,1.0,0.8722971323845676,1.0,0.675,0.5087051245215516,0.8142710332366501,0.32499999999999996,0.0,0.0,80,0.75,0.64063652409315,0.8401203554931442,0.9833333333333333,0.910600949942513,0.999578125547658,0.7375,0.6271491697875681,0.8295907488995917,0.25,0.012500000000000039,8.326672684688674e-17,0.675
yoloworld,275707,26641,1,guy left,1,12,5,0,0.0,5,5,1.0,0.47817624989501856,1.0,0.6,0.14663279963467318,0.9472550494736831,0.6,0.14663279963467318,0.9472550494736831,0.0,0.4,0.0,80,1.0,0.9549359649323077,1.0,0.575,0.4593888114309382,0.6848902345476577,0.575,0.4593888114309382,0.6848902345476577,0.0,0.42500000000000004,0.0,0.6
yoloworld,275707,26641,1,guy left,1,12,5,0,0.0,10,10,1.0,0.6915028921812392,1.0,0.6,0.2623780766069451,0.8784477418801728,0.6,0.2623780766069451,0.8784477418801728,0.0,0.4,0.0,80,1.0,0.9549359649323077,1.0,0.575,0.4593888114309382,0.6848902345476577,0.575,0.4593888114309382,0.6848902345476577,0.0,0.42500000000000004,0.0,0.6
yoloworld,275707,26641,1,guy left,1,12,5,0,0.0,20,20,1.0,0.8315665290169146,1.0,0.6,0.3605425873074897,0.8088099392746928,0.6,0.3605425873074897,0.8088099392746928,0.0,0.4,0.0,80,1.0,0.9549359649323077,1.0,0.575,0.4593888114309382,0.6848902345476577,0.575,0.4593888114309382,0.6848902345476577,0.0,0.42500000000000004,0.0,0.6
yoloworld,275707,26641,1,guy left,1,12,5,0,0.0,40,40,1.0,0.9119026971211976,1.0,0.625,0.4580147522326109,0.772737277518174,0.625,0.4580147522326109,0.772737277518174,0.0,0.375,0.0,80,1.0,0.9549359649323077,1.0,0.575,0.4593888114309382,0.6848902345476577,0.575,0.4593888114309382,0.6848902345476577,0.0,0.42500000000000004,0.0,0.625
yoloworld,163828,35981,1,hitta,0,0,0,0,0.0,5,0,0.0,,,,,,0.0,,,,,,0,0.0,,,,,,0.0,,,,,,0.0
yoloworld,163828,35981,1,hitta,0,0,0,0,0.0,10,0,0.0,,,,,,0.0,,,,,,0,0.0,,,,,,0.0,,,,,,0.0
yoloworld,163828,35981,1,hitta,0,0,0,0,0.0,20,0,0.0,,,,,,0.0,,,,,,0,0.0,,,,,,0.0,,,,,,0.0
yoloworld,163828,35981,1,hitta,0,0,0,0,0.0,40,0,0.0,,,,,,0.0,,,,,,0,0.0,,,,,,0.0,,,,,,0.0
yoloworld,71989,43765,1,person on right,1,2,2,0,0.0,5,5,1.0,0.47817624989501856,1.0,1.0,0.47817624989501856,1.0,1.0,0.47817624989501856,1.0,0.0,0.0,0.0,80,1.0,0.9549359649323077,1.0,1.0,0.9549359649323077,1.0,1.0,0.9549359649323077,1.0,0.0,0.0,0.0,1.0
yoloworld,71989,43765,1,person on right,1,2,2,0,0.0,10,10,1.0,0.6915028921812392,1.0,1.0,0.6915028921812392,1.0,1.0,0.6915028921812392,1.0,0.0,0.0,0.0,80,1.0,0.9549359649323077,1.0,1.0,0.9549359649323077,1.0,1.0,0.9549359649323077,1.0,0.0,0.0,0.0,1.0
yoloworld,71989,43765,1,person on right,1,2,2,0,0.0,20,20,1.0,0.8315665290169146,1.0,1.0,0.8315665290169146,1.0,1.0,0.8315665290169146,1.0,0.0,0.0,0.0,80,1.0,0.9549359649323077,1.0,1.0,0.9549359649323077,1.0,1.0,0.9549359649323077,1.0,0.0,0.0,0.0,1.0
yoloworld,71989,43765,1,person on right,1,2,2,0,0.0,40,40,1.0,0.9119026971211976,1.0,1.0,0.9119026971211976,1.0,1.0,0.9119026971211976,1.0,0.0,0.0,0.0,80,1.0,0.9549359649323077,1.0,1.0,0.9549359649323077,1.0,1.0,0.9549359649323077,1.0,0.0,0.0,0.0,1.0
yoloworld,77174,43277,54,left sandwich half,1,3,3,0,0.31360496609322314,5,5,0.6,0.14663279963467318,0.9472550494736831,1.0,0.29240177382128674,1.0,0.6,0.14663279963467318,0.9472550494736831,0.4,0.0,0.0,80,0.5625,0.4469975713881803,0.673236046566221,1.0,0.921294899593157,1.0,0.5625,0.4469975713881803,0.673236046566221,0.4375,0.0,0.0,0.6
yoloworld,77174,43277,54,left sandwich half,1,3,3,0,0.31360496609322314,10,10,0.6,0.2623780766069451,0.8784477418801728,1.0,0.5407418735600996,1.0,0.6,0.2623780766069451,0.8784477418801728,0.4,0.0,0.0,80,0.5625,0.4469975713881803,0.673236046566221,1.0,0.921294899593157,1.0,0.5625,0.4469975713881803,0.673236046566221,0.4375,0.0,0.0,0.6
yoloworld,77174,43277,54,left sandwich half,1,3,3,0,0.31360496609322314,20,20,0.65,0.4078114654671719,0.8460907952154588,1.0,0.752947361999529,1.0,0.65,0.4078114654671719,0.8460907952154588,0.35,0.0,0.0,80,0.5625,0.4469975713881803,0.673236046566221,1.0,0.921294899593157,1.0,0.5625,0.4469975713881803,0.673236046566221,0.4375,0.0,0.0,0.65
yoloworld,77174,43277,54,left sandwich half,1,3,3,0,0.31360496609322314,40,40,0.7,0.5346837147458767,0.8343727956067644,1.0,0.8765638814997362,1.0,0.7,0.5346837147458767,0.8343727956067644,0.30000000000000004,0.0,0.0,80,0.5625,0.4469975713881803,0.673236046566221,1.0,0.921294899593157,1.0,0.5625,0.4469975713881803,0.673236046566221,0.4375,0.0,0.0,0.7
yoloworld,289782,25388,8,red truck on right,1,5,5,0,0.14673134458826667,5,5,0.6,0.14663279963467318,0.9472550494736831,0.6666666666666666,0.09429932405024612,0.9915962413403874,0.4,0.05274495052631693,0.8533672003653268,0.4,0.2,5.551115123125783e-17,80,0.9125,0.8279916615801152,0.9640936410104413,0.6438356164383562,0.5230861575934931,0.7525198404721161,0.5875,0.4718483404252045,0.6964754070624058,0.08750000000000002,0.32499999999999996,0.0,0.4
yoloworld,289782,25388,8,red truck on right,1,5,5,0,0.14673134458826667,10,10,0.7,0.34754714994000274,0.9332604888222655,0.7142857142857143,0.29042086373734277,0.9633074338239145,0.5,0.18708602844739855,0.8129139715526015,0.30000000000000004,0.19999999999999998,2.7755575615628914e-17,80,0.9125,0.8279916615801152,0.9640936410104413,0.6438356164383562,0.5230861575934931,0.7525198404721161,0.5875,0.4718483404252045,0.6964754070624058,0.08750000000000002,0.32499999999999996,0.0,0.5
yoloworld,289782,25388,8,red truck on right,1,5,5,0,0.14673134458826667,20,20,0.75,0.5089541282920425,0.9134285308985653,0.7333333333333333,0.44899675896302954,0.9221284537089564,0.55,0.3152781330405486,0.7694221032240758,0.25,0.20000000000000004,8.326672684688674e-17,80,0.9125,0.8279916615801152,0.9640936410104413,0.6438356164383562,0.5230861575934931,0.7525198404721161,0.5875,0.4718483404252045,0.6964754070624058,0.08750000000000002,0.32499999999999996,0.0,0.55
yoloworld,289782,25388,8,red truck on right,1,5,5,0,0.14673134458826667,40,40,0.775,0.6154883226965773,0.891603361015928,0.7096774193548387,0.5196393417710907,0.857771470902475,0.55,0.38490679453401333,0.7074116499601201,0.22499999999999998,0.22499999999999998,0.0,80,0.9125,0.8279916615801152,0.9640936410104413,0.6438356164383562,0.5230861575934931,0.7525198404721161,0.5875,0.4718483404252045,0.6964754070624058,0.08750000000000002,0.32499999999999996,0.0,0.55
yoloworld,61877,44578,1,right girl,1,2,2,0,0.0,5,5,0.6,0.14663279963467318,0.9472550494736831,0.3333333333333333,0.008403758659612645,0.9057006759497539,0.2,0.005050763379468061,0.7164179361180893,0.4,0.4,0.0,80,0.8375,0.7381631061748872,0.9105383582774708,0.6716417910447762,0.546048691202097,0.7815067245546847,0.5625,0.4469975713881803,0.673236046566221,0.16249999999999998,0.27499999999999997,5.551115123125783e-17,0.2
yoloworld,61877,44578,1,right girl,1,2,2,0,0.0,10,10,0.5,0.18708602844739855,0.8129139715526015,0.4,0.05274495052631693,0.8533672003653268,0.2,0.02521072632683339,0.5560954623076415,0.5,0.3,5.551115123125783e-17,80,0.8375,0.7381631061748872,0.9105383582774708,0.6716417910447762,0.546048691202097,0.7815067245546847,0.5625,0.4469975713881803,0.673236046566221,0.16249999999999998,0.27499999999999997,5.551115123125783e-17,0.2
yoloworld,61877,44578,1,right girl,1,2,2,0,0.0,20,20,0.7,0.4572108177237109,0.8810684095942722,0.5714285714285714,0.2886094000383075,0.8233889100178821,0.4,0.1911900607253072,0.6394574126925103,0.30000000000000004,0.3,5.551115123125783e-17,80,0.8375,0.7381631061748872,0.9105383582774708,0.6716417910447762,0.546048691202097,0.7815067245546847,0.5625,0.4469975713881803,0.673236046566221,0.16249999999999998,0.27499999999999997,5.551115123125783e-17,0.4
yoloworld,61877,44578,1,right girl,1,2,2,0,0.0,40,40,0.675,0.5087051245215516,0.8142710332366501,0.5555555555555556,0.3532642303220055,0.7452011933682621,0.375,0.22726272248182594,0.5419852477673891,0.32499999999999996,0.3,5.551115123125783e-17,80,0.8375,0.7381631061748872,0.9105383582774708,0.6716417910447762,0.546048691202097,0.7815067245546847,0.5625,0.4469975713881803,0.673236046566221,0.16249999999999998,0.27499999999999997,5.551115123125783e-17,0.375
yoloworld,158051,36394,1,woman,1,2,2,1,0.9199906892318619,5,5,1.0,0.47817624989501856,1.0,1.0,0.47817624989501856,1.0,1.0,0.47817624989501856,1.0,0.0,0.0,0.0,80,1.0,0.9549359649323077,1.0,1.0,0.9549359649323077,1.0,1.0,0.9549359649323077,1.0,0.0,0.0,0.0,1.0
yoloworld,158051,36394,1,woman,1,2,2,1,0.9199906892318619,10,10,1.0,0.6915028921812392,1.0,1.0,0.6915028921812392,1.0,1.0,0.6915028921812392,1.0,0.0,0.0,0.0,80,1.0,0.9549359649323077,1.0,1.0,0.9549359649323077,1.0,1.0,0.9549359649323077,1.0,0.0,0.0,0.0,1.0
yoloworld,158051,36394,1,woman,1,2,2,1,0.9199906892318619,20,20,1.0,0.8315665290169146,1.0,1.0,0.8315665290169146,1.0,1.0,0.8315665290169146,1.0,0.0,0.0,0.0,80,1.0,0.9549359649323077,1.0,1.0,0.9549359649323077,1.0,1.0,0.9549359649323077,1.0,0.0,0.0,0.0,1.0
yoloworld,158051,36394,1,woman,1,2,2,1,0.9199906892318619,40,40,1.0,0.9119026971211976,1.0,1.0,0.9119026971211976,1.0,1.0,0.9119026971211976,1.0,0.0,0.0,0.0,80,1.0,0.9549359649323077,1.0,1.0,0.9549359649323077,1.0,1.0,0.9549359649323077,1.0,0.0,0.0,0.0,1.0
yoloworld,553586,2501,54,right bread,1,3,3,0,0.127666469730961,5,5,0.4,0.05274495052631693,0.8533672003653268,0.5,0.01257911709342506,0.9874208829065749,0.2,0.005050763379468061,0.7164179361180893,0.6,0.2,5.551115123125783e-17,80,0.6,0.48437694049548946,0.7079906437446896,0.2708333333333333,0.1527818686082165,0.4184563653261886,0.1625,0.08946164172252927,0.2618368938251128,0.4,0.43750000000000006,5.551115123125783e-17,0.2
yoloworld,553586,2501,54,right bread,1,3,3,0,0.127666469730961,10,10,0.5,0.18708602844739855,0.8129139715526015,0.2,0.005050763379468061,0.7164179361180893,0.1,0.0025285785444617865,0.4450161170281954,0.5,0.4,0.0,80,0.6,0.48437694049548946,0.7079906437446896,0.2708333333333333,0.1527818686082165,0.4184563653261886,0.1625,0.08946164172252927,0.2618368938251128,0.4,0.43750000000000006,5.551115123125783e-17,0.1
yoloworld,553586,2501,54,right bread,1,3,3,0,0.127666469730961,20,20,0.5,0.27195784956079183,0.7280421504392082,0.4,0.1215522581198272,0.7376219233930549,0.2,0.057333997050032774,0.43661400299666825,0.5,0.3,5.551115123125783e-17,80,0.6,0.48437694049548946,0.7079906437446896,0.2708333333333333,0.1527818686082165,0.4184563653261886,0.1625,0.08946164172252927,0.2618368938251128,0.4,0.43750000000000006,5.551115123125783e-17,0.2
yoloworld,553586,2501,54,right bread,1,3,3,0,0.127666469730961,40,40,0.55,0.38490679453401333,0.7074116499601201,0.3181818181818182,0.13864652155379786,0.5487244275737704,0.175,0.07338272935208522,0.3277901333615858,0.44999999999999996,0.37500000000000006,5.551115123125783e-17,80,0.6,0.48437694049548946,0.7079906437446896,0.2708333333333333,0.1527818686082165,0.4184563653261886,0.1625,0.08946164172252927,0.2618368938251128,0.4,0.43750000000000006,5.551115123125783e-17,0.175
yoloworld,135348,38331,1,guy with orange back far left no head,1,5,5,0,0.02664517424150935,5,5,0.2,0.005050763379468061,0.7164179361180893,1.0,0.025000000000000022,1.0,0.2,0.005050763379468061,0.7164179361180893,0.8,0.0,0.0,80,0.425,0.3151097654523422,0.5406111885690619,1.0,0.8971820757409874,1.0,0.425,0.3151097654523422,0.5406111885690619,0.575,0.0,0.0,0.2
yoloworld,135348,38331,1,guy with orange back far left no head,1,5,5,0,0.02664517424150935,10,10,0.2,0.02521072632683339,0.5560954623076415,1.0,0.15811388300841903,1.0,0.2,0.02521072632683339,0.5560954623076415,0.8,0.0,0.0,80,0.425,0.3151097654523422,0.5406111885690619,1.0,0.8971820757409874,1.0,0.425,0.3151097654523422,0.5406111885690619,0.575,0.0,0.0,0.2
yoloworld,135348,38331,1,guy with orange back far left no head,1,5,5,0,0.02664517424150935,20,20,0.2,0.057333997050032774,0.43661400299666825,1.0,0.3976353643835254,1.0,0.2,0.057333997050032774,0.43661400299666825,0.8,0.0,0.0,80,0.425,0.3151097654523422,0.5406111885690619,1.0,0.8971820757409874,1.0,0.425,0.3151097654523422,0.5406111885690619,0.575,0.0,0.0,0.2
yoloworld,135348,38331,1,guy with orange back far left no head,1,5,5,0,0.02664517424150935,40,40,0.3,0.16562720439323564,0.4653162852541233,1.0,0.7353515306029488,1.0,0.3,0.16562720439323564,0.4653162852541233,0.7,0.0,0.0,80,0.425,0.3151097654523422,0.5406111885690619,1.0,0.8971820757409874,1.0,0.425,0.3151097654523422,0.5406111885690619,0.575,0.0,0.0,0.3
yoloworld,474123,9388,1,tats chick,0,0,0,0,0.0,5,0,0.0,,,,,,0.0,,,,,,0,0.0,,,,,,0.0,,,,,,0.0
yoloworld,474123,9388,1,tats chick,0,0,0,0,0.0,10,0,0.0,,,,,,0.0,,,,,,0,0.0,,,,,,0.0,,,,,,0.0
yoloworld,474123,9388,1,tats chick,0,0,0,0,0.0,20,0,0.0,,,,,,0.0,,,,,,0,0.0,,,,,,0.0,,,,,,0.0
yoloworld,474123,9388,1,tats chick,0,0,0,0,0.0,40,0,0.0,,,,,,0.0,,,,,,0,0.0,,,,,,0.0,,,,,,0.0
yoloworld,538398,3810,63,striped thing,0,0,0,0,0.0,5,0,0.0,,,,,,0.0,,,,,,0,0.0,,,,,,0.0,,,,,,0.0
yoloworld,538398,3810,63,striped thing,0,0,0,0,0.0,10,0,0.0,,,,,,0.0,,,,,,0,0.0,,,,,,0.0,,,,,,0.0
yoloworld,538398,3810,63,striped thing,0,0,0,0,0.0,20,0,0.0,,,,,,0.0,,,,,,0,0.0,,,,,,0.0,,,,,,0.0
yoloworld,538398,3810,63,striped thing,0,0,0,0,0.0,40,0,0.0,,,,,,0.0,,,,,,0,0.0,,,,,,0.0,,,,,,0.0
yoloworld,116882,39938,1,woman,1,2,2,1,0.9740622222791301,5,5,1.0,0.47817624989501856,1.0,1.0,0.47817624989501856,1.0,1.0,0.47817624989501856,1.0,0.0,0.0,0.0,80,0.8625,0.7672791291752744,0.9293121672961213,1.0,0.9479419421369203,1.0,0.8625,0.7672791291752744,0.9293121672961213,0.13749999999999996,0.0,0.0,1.0
yoloworld,116882,39938,1,woman,1,2,2,1,0.9740622222791301,10,10,0.8,0.4439045376923585,0.9747892736731666,1.0,0.6305833524471808,1.0,0.8,0.4439045376923585,0.9747892736731666,0.19999999999999996,0.0,0.0,80,0.8625,0.7672791291752744,0.9293121672961213,1.0,0.9479419421369203,1.0,0.8625,0.7672791291752744,0.9293121672961213,0.13749999999999996,0.0,0.0,0.8
yoloworld,116882,39938,1,woman,1,2,2,1,0.9740622222791301,20,20,0.8,0.5633859970033317,0.9426660029499673,1.0,0.7940927857921773,1.0,0.8,0.5633859970033317,0.9426660029499673,0.19999999999999996,0.0,0.0,80,0.8625,0.7672791291752744,0.9293121672961213,1.0,0.9479419421369203,1.0,0.8625,0.7672791291752744,0.9293121672961213,0.13749999999999996,0.0,0.0,0.8
yoloworld,116882,39938,1,woman,1,2,2,1,0.9740622222791301,40,40,0.8,0.6435219813207653,0.9094775906000093,1.0,0.8911188393206472,1.0,0.8,0.6435219813207653,0.9094775906000093,0.19999999999999996,0.0,0.0,80,0.8625,0.7672791291752744,0.9293121672961213,1.0,0.9479419421369203,1.0,0.8625,0.7672791291752744,0.9293121672961213,0.13749999999999996,0.0,0.0,0.8
yoloworld,176945,34939,54,top half of sandwich,1,4,4,1,0.9109718433803059,5,5,0.6,0.14663279963467318,0.9472550494736831,0.3333333333333333,0.008403758659612645,0.9057006759497539,0.2,0.005050763379468061,0.7164179361180893,0.4,0.4,0.0,80,0.75,0.64063652409315,0.8401203554931442,0.5166666666666667,0.3839460173315969,0.6476870699978736,0.3875,0.28056513312478215,0.5030244574981009,0.25,0.36249999999999993,1.1102230246251565e-16,0.2
yoloworld,176945,34939,54,top half of sandwich,1,4,4,1,0.9109718433803059,10,10,0.6,0.2623780766069451,0.8784477418801728,0.5,0.11811724875702523,0.8818827512429748,0.3,0.0667395111777345,0.6524528500599973,0.4,0.3,5.551115123125783e-17,80,0.75,0.64063652409315,0.8401203554931442,0.5166666666666667,0.3839460173315969,0.6476870699978736,0.3875,0.28056513312478215,0.5030244574981009,0.25,0.36249999999999993,1.1102230246251565e-16,0.3
yoloworld,176945,34939,54,top half of sandwich,1,4,4,1,0.9109718433803059,20,20,0.7,0.4572108177237109,0.8810684095942722,0.7142857142857143,0.4189647428163392,0.9161106816928725,0.5,0.27195784956079183,0.7280421504392082,0.30000000000000004,0.19999999999999998,2.7755575615628914e-17,80,0.75,0.64063652409315,0.8401203554931442,0.5166666666666667,0.3839460173315969,0.6476870699978736,0.3875,0.28056513312478215,0.5030244574981009,0.25,0.36249999999999993,1.1102230246251565e-16,0.5
yoloworld,176945,34939,54,top half of sandwich,1,4,4,1,0.9109718433803059,40,40,0.775,0.6154883226965773,0.891603361015928,0.5483870967741935,0.36034232716081727,0.7268350139962649,0.425,0.2704290312688629,0.5910994195730366,0.22499999999999998,0.35000000000000003,5.551115123125783e-17,80,0.75,0.64063652409315,0.8401203554931442,0.5166666666666667,0.3839460173315969,0.6476870699978736,0.3875,0.28056513312478215,0.5030244574981009,0.25,0.36249999999999993,1.1102230246251565e-16,0.425
yoloworld,394992,16234,1,middle front row,0,0,0,0,0.0,5,0,0.0,,,,,,0.0,,,,,,0,0.0,,,,,,0.0,,,,,,0.0
yoloworld,394992,16234,1,middle front row,0,0,0,0,0.0,10,0,0.0,,,,,,0.0,,,,,,0,0.0,,,,,,0.0,,,,,,0.0
yoloworld,394992,16234,1,middle front row,0,0,0,0,0.0,20,0,0.0,,,,,,0.0,,,,,,0,0.0,,,,,,0.0,,,,,,0.0
yoloworld,394992,16234,1,middle front row,0,0,0,0,0.0,40,0,0.0,,,,,,0.0,,,,,,0,0.0,,,,,,0.0,,,,,,0.0
yoloworld,132617,38525,62,the chair on the far left that is empty,1,11,5,0,0.07902681292376533,5,5,0.8,0.2835820638819106,0.9949492366205319,1.0,0.3976353643835254,1.0,0.8,0.2835820638819106,0.9949492366205319,0.19999999999999996,0.0,0.0,80,0.9875,0.9323122155360776,0.9996835774723672,1.0,0.9543787472413889,1.0,0.9875,0.9323122155360776,0.9996835774723672,0.012499999999999956,0.0,0.0,0.8
yoloworld,132617,38525,62,the chair on the far left that is empty,1,11,5,0,0.07902681292376533,10,10,0.9,0.5549838829718046,0.9974714214555382,1.0,0.6637328831200572,1.0,0.9,0.5549838829718046,0.9974714214555382,0.09999999999999998,0.0,0.0,80,0.9875,0.9323122155360776,0.9996835774723672,1.0,0.9543787472413889,1.0,0.9875,0.9323122155360776,0.9996835774723672,0.012499999999999956,0.0,0.0,0.9
yoloworld,132617,38525,62,the chair on the far left that is empty,1,11,5,0,0.07902681292376533,20,20,0.95,0.7512672372279723,0.9987349105020502,1.0,0.8235330881930346,1.0,0.95,0.7512672372279723,0.9987349105020502,0.050000000000000044,0.0,0.0,80,0.9875,0.9323122155360776,0.9996835774723672,1.0,0.9543787472413889,1.0,0.9875,0.9323122155360776,0.9996835774723672,0.012499999999999956,0.0,0.0,0.95
yoloworld,132617,38525,62,the chair on the far left that is empty,1,11,5,0,0.07902681292376533,40,40,0.975,0.8684141415172343,0.9993672550679505,1.0,0.9097488990396657,1.0,0.975,0.8684141415172343,0.9993672550679505,0.025000000000000022,0.0,0.0,80,0.9875,0.9323122155360776,0.9996835774723672,1.0,0.9543787472413889,1.0,0.9875,0.9323122155360776,0.9996835774723672,0.012499999999999956,0.0,0.0,0.975
yoloworld,547348,3059,1,blue suite left bottom corner,0,0,0,0,0.0,5,0,0.0,,,,,,0.0,,,,,,0,0.0,,,,,,0.0,,,,,,0.0
yoloworld,547348,3059,1,blue suite left bottom corner,0,0,0,0,0.0,10,0,0.0,,,,,,0.0,,,,,,0,0.0,,,,,,0.0,,,,,,0.0
yoloworld,547348,3059,1,blue suite left bottom corner,0,0,0,0,0.0,20,0,0.0,,,,,,0.0,,,,,,0,0.0,,,,,,0.0,,,,,,0.0
yoloworld,547348,3059,1,blue suite left bottom corner,0,0,0,0,0.0,40,0,0.0,,,,,,0.0,,,,,,0,0.0,,,,,,0.0,,,,,,0.0
yoloworld,74925,43450,1,the person with their back to us,1,2,2,0,0.0,5,5,1.0,0.47817624989501856,1.0,1.0,0.47817624989501856,1.0,1.0,0.47817624989501856,1.0,0.0,0.0,0.0,80,1.0,0.9549359649323077,1.0,1.0,0.9549359649323077,1.0,1.0,0.9549359649323077,1.0,0.0,0.0,0.0,1.0
yoloworld,74925,43450,1,the person with their back to us,1,2,2,0,0.0,10,10,1.0,0.6915028921812392,1.0,1.0,0.6915028921812392,1.0,1.0,0.6915028921812392,1.0,0.0,0.0,0.0,80,1.0,0.9549359649323077,1.0,1.0,0.9549359649323077,1.0,1.0,0.9549359649323077,1.0,0.0,0.0,0.0,1.0
yoloworld,74925,43450,1,the person with their back to us,1,2,2,0,0.0,20,20,1.0,0.8315665290169146,1.0,1.0,0.8315665290169146,1.0,1.0,0.8315665290169146,1.0,0.0,0.0,0.0,80,1.0,0.9549359649323077,1.0,1.0,0.9549359649323077,1.0,1.0,0.9549359649323077,1.0,0.0,0.0,0.0,1.0
yoloworld,74925,43450,1,the person with their back to us,1,2,2,0,0.0,40,40,1.0,0.9119026971211976,1.0,1.0,0.9119026971211976,1.0,1.0,0.9119026971211976,1.0,0.0,0.0,0.0,80,1.0,0.9549359649323077,1.0,1.0,0.9549359649323077,1.0,1.0,0.9549359649323077,1.0,0.0,0.0,0.0,1.0
yoloworld,233871,30147,1,girl with chin in hand,1,6,5,0,0.20658920536297995,5,5,0.8,0.2835820638819106,0.9949492366205319,0.25,0.0063094632097098705,0.8058795503167565,0.2,0.005050763379468061,0.7164179361180893,0.19999999999999996,0.6000000000000001,0.0,80,0.7375,0.6271491697875681,0.8295907488995917,0.3898305084745763,0.26549146659474904,0.5256214912235491,0.2875,0.1917604719719651,0.3995451133120206,0.26249999999999996,0.44999999999999996,1.1102230246251565e-16,0.2
yoloworld,233871,30147,1,girl with chin in hand,1,6,5,0,0.20658920536297995,10,10,0.7,0.34754714994000274,0.9332604888222655,0.2857142857142857,0.03669256617608557,0.7095791362626572,0.2,0.02521072632683339,0.5560954623076415,0.30000000000000004,0.5,0.0,80,0.7375,0.6271491697875681,0.8295907488995917,0.3898305084745763,0.26549146659474904,0.5256214912235491,0.2875,0.1917604719719651,0.3995451133120206,0.26249999999999996,0.44999999999999996,1.1102230246251565e-16,0.2
yoloworld,233871,30147,1,girl with chin in hand,1,6,5,0,0.20658920536297995,20,20,0.65,0.4078114654671719,0.8460907952154588,0.38461538461538464,0.13857933889016066,0.6842223970859369,0.25,0.08657146910143462,0.49104587170795755,0.35,0.4,0.0,80,0.7375,0.6271491697875681,0.8295907488995917,0.3898305084745763,0.26549146659474904,0.5256214912235491,0.2875,0.1917604719719651,0.3995451133120206,0.26249999999999996,0.44999999999999996,1.1102230246251565e-16,0.25
yoloworld,233871,30147,1,girl with chin in hand,1,6,5,0,0.20658920536297995,40,40,0.7,0.5346837147458767,0.8343727956067644,0.39285714285714285,0.215042829160961,0.5942317935124368,0.275,0.14600899196386566,0.43888290717904815,0.30000000000000004,0.42500000000000004,1.1102230246251565e-16,80,0.7375,0.6271491697875681,0.8295907488995917,0.3898305084745763,0.26549146659474904,0.5256214912235491,0.2875,0.1917604719719651,0.3995451133120206,0.26249999999999996,0.44999999999999996,1.1102230246251565e-16,0.275
yoloworld,476934,9180,1,hands right,1,2,2,0,0.30252791717744354,5,5,0.6,0.14663279963467318,0.9472550494736831,0.6666666666666666,0.09429932405024612,0.9915962413403874,0.4,0.05274495052631693,0.8533672003653268,0.4,0.2,5.551115123125783e-17,80,0.9625,0.8942980149834914,0.9921988127342833,0.7792207792207793,0.6702142528796957,0.8658110573641623,0.75,0.64063652409315,0.8401203554931442,0.03749999999999998,0.21249999999999997,5.551115123125783e-17,0.4
yoloworld,476934,9180,1,hands right,1,2,2,0,0.30252791717744354,10,10,0.7,0.34754714994000274,0.9332604888222655,0.7142857142857143,0.29042086373734277,0.9633074338239145,0.5,0.18708602844739855,0.8129139715526015,0.30000000000000004,0.19999999999999998,2.7755575615628914e-17,80,0.9625,0.8942980149834914,0.9921988127342833,0.7792207792207793,0.6702142528796957,0.8658110573641623,0.75,0.64063652409315,0.8401203554931442,0.03749999999999998,0.21249999999999997,5.551115123125783e-17,0.5
yoloworld,476934,9180,1,hands right,1,2,2,0,0.30252791717744354,20,20,0.85,0.6210731734546859,0.9679290628145363,0.8235294117647058,0.565682127155716,0.962014931929374,0.7,0.4572108177237109,0.8810684095942722,0.15000000000000002,0.15000000000000002,0.0,80,0.9625,0.8942980149834914,0.9921988127342833,0.7792207792207793,0.6702142528796957,0.8658110573641623,0.75,0.64063652409315,0.8401203554931442,0.03749999999999998,0.21249999999999997,5.551115123125783e-17,0.7
yoloworld,476934,9180,1,hands right,1,2,2,0,0.30252791717744354,40,40,0.9,0.7633626001239001,0.9720745847057807,0.7777777777777778,0.6084823508426186,0.8988494696550873,0.7,0.5346837147458767,0.8343727956067644,0.09999999999999998,0.19999999999999998,8.326672684688674e-17,80,0.9625,0.8942980149834914,0.9921988127342833,0.7792207792207793,0.6702142528796957,0.8658110573641623,0.75,0.64063652409315,0.8401203554931442,0.03749999999999998,0.21249999999999997,5.551115123125783e-17,0.7
yoloworld,550129,2813,25,giraffe front,1,3,3,1,0.9508752351123179,5,5,1.0,0.47817624989501856,1.0,1.0,0.47817624989501856,1.0,1.0,0.47817624989501856,1.0,0.0,0.0,0.0,80,0.9625,0.8942980149834914,0.9921988127342833,1.0,0.9532219318395959,1.0,0.9625,0.8942980149834914,0.9921988127342833,0.03749999999999998,0.0,0.0,1.0
yoloworld,550129,2813,25,giraffe front,1,3,3,1,0.9508752351123179,10,10,0.9,0.5549838829718046,0.9974714214555382,1.0,0.6637328831200572,1.0,0.9,0.5549838829718046,0.9974714214555382,0.09999999999999998,0.0,0.0,80,0.9625,0.8942980149834914,0.9921988127342833,1.0,0.9532219318395959,1.0,0.9625,0.8942980149834914,0.9921988127342833,0.03749999999999998,0.0,0.0,0.9
yoloworld,550129,2813,25,giraffe front,1,3,3,1,0.9508752351123179,20,20,0.85,0.6210731734546859,0.9679290628145363,1.0,0.8049356770309068,1.0,0.85,0.6210731734546859,0.9679290628145363,0.15000000000000002,0.0,0.0,80,0.9625,0.8942980149834914,0.9921988127342833,1.0,0.9532219318395959,1.0,0.9625,0.8942980149834914,0.9921988127342833,0.03749999999999998,0.0,0.0,0.85
yoloworld,550129,2813,25,giraffe front,1,3,3,1,0.9508752351123179,40,40,0.925,0.796135251267101,0.9842578201489585,1.0,0.9051094125850101,1.0,0.925,0.796135251267101,0.9842578201489585,0.07499999999999996,0.0,0.0,80,0.9625,0.8942980149834914,0.9921988127342833,1.0,0.9532219318395959,1.0,0.9625,0.8942980149834914,0.9921988127342833,0.03749999999999998,0.0,0.0,0.925
yoloworld,276460,26582,1,man middle yellow shirt,1,4,4,1,0.9273597366561614,5,5,0.2,0.005050763379468061,0.7164179361180893,1.0,0.025000000000000022,1.0,0.2,0.005050763379468061,0.7164179361180893,0.8,0.0,0.0,80,0.5125,0.39810466870318545,0.625942518555561,0.6341463414634146,0.46936254803283345,0.7787721379389346,0.325,0.22445958517745324,0.4389370456044483,0.48750000000000004,0.18749999999999997,2.7755575615628914e-17,0.2
yoloworld,276460,26582,1,man middle yellow shirt,1,4,4,1,0.9273597366561614,10,10,0.4,0.1215522581198272,0.7376219233930549,0.5,0.06758598648854298,0.932414013511457,0.2,0.02521072632683339,0.5560954623076415,0.6,0.2,5.551115123125783e-17,80,0.5125,0.39810466870318545,0.625942518555561,0.6341463414634146,0.46936254803283345,0.7787721379389346,0.325,0.22445958517745324,0.4389370456044483,0.48750000000000004,0.18749999999999997,2.7755575615628914e-17,0.2
yoloworld,276460,26582,1,man middle yellow shirt,1,4,4,1,0.9273597366561614,20,20,0.45,0.2305778967759242,0.6847218669594515,0.5555555555555556,0.21200850677886804,0.8630043377348335,0.25,0.08657146910143462,0.49104587170795755,0.55,0.19999999999999998,2.7755575615628914e-17,80,0.5125,0.39810466870318545,0.625942518555561,0.6341463414634146,0.46936254803283345,0.7787721379389346,0.325,0.22445958517745324,0.4389370456044483,0.48750000000000004,0.18749999999999997,2.7755575615628914e-17,0.25
yoloworld,276460,26582,1,man middle yellow shirt,1,4,4,1,0.9273597366561614,40,40,0.475,0.31511970663498623,0.6387198647359378,0.5789473684210527,0.3349978440117354,0.7974785610228372,0.275,0.14600899196386566,0.43888290717904815,0.525,0.19999999999999998,2.7755575615628914e-17,80,0.5125,0.39810466870318545,0.625942518555561,0.6341463414634146,0.46936254803283345,0.7787721379389346,0.325,0.22445958517745324,0.4389370456044483,0.48750000000000004,0.18749999999999997,2.7755575615628914e-17,0.275
yoloworld,450162,11481,1,suit and tie,1,3,3,1,0.8138381751349963,5,5,1.0,0.47817624989501856,1.0,1.0,0.47817624989501856,1.0,1.0,0.47817624989501856,1.0,0.0,0.0,0.0,80,0.9375,0.8601429247023609,0.9793969276979898,0.96,0.8875231782399902,0.9916738343339206,0.9,0.8124348925365684,0.955829059846371,0.0625,0.03750000000000003,5.551115123125783e-17,1.0
yoloworld,450162,11481,1,suit and tie,1,3,3,1,0.8138381751349963,10,10,0.9,0.5549838829718046,0.9974714214555382,1.0,0.6637328831200572,1.0,0.9,0.5549838829718046,0.9974714214555382,0.09999999999999998,0.0,0.0,80,0.9375,0.8601429247023609,0.9793969276979898,0.96,0.8875231782399902,0.9916738343339206,0.9,0.8124348925365684,0.955829059846371,0.0625,0.03750000000000003,5.551115123125783e-17,0.9
yoloworld,450162,11481,1,suit and tie,1,3,3,1,0.8138381751349963,20,20,0.9,0.6830172859809176,0.9876514728297052,1.0,0.8146980318621478,1.0,0.9,0.6830172859809176,0.9876514728297052,0.09999999999999998,0.0,0.0,80,0.9375,0.8601429247023609,0.9793969276979898,0.96,0.8875231782399902,0.9916738343339206,0.9,0.8124348925365684,0.955829059846371,0.0625,0.03750000000000003,5.551115123125783e-17,0.9
yoloworld,450162,11481,1,suit and tie,1,3,3,1,0.8138381751349963,40,40,0.925,0.796135251267101,0.9842578201489585,1.0,0.9051094125850101,1.0,0.925,0.796135251267101,0.9842578201489585,0.07499999999999996,0.0,0.0,80,0.9375,0.8601429247023609,0.9793969276979898,0.96,0.8875231782399902,0.9916738343339206,0.9,0.8124348925365684,0.955829059846371,0.0625,0.03750000000000003,5.551115123125783e-17,0.925
yoloworld,85939,42549,86,top right of frame dark circles,0,0,0,0,0.0,5,0,0.0,,,,,,0.0,,,,,,0,0.0,,,,,,0.0,,,,,,0.0
yoloworld,85939,42549,86,top right of frame dark circles,0,0,0,0,0.0,10,0,0.0,,,,,,0.0,,,,,,0,0.0,,,,,,0.0,,,,,,0.0
yoloworld,85939,42549,86,top right of frame dark circles,0,0,0,0,0.0,20,0,0.0,,,,,,0.0,,,,,,0,0.0,,,,,,0.0,,,,,,0.0
yoloworld,85939,42549,86,top right of frame dark circles,0,0,0,0,0.0,40,0,0.0,,,,,,0.0,,,,,,0,0.0,,,,,,0.0,,,,,,0.0
yoloworld,360302,19049,22,figurine closest,1,2,2,1,0.9473658029298393,5,5,0.8,0.2835820638819106,0.9949492366205319,1.0,0.3976353643835254,1.0,0.8,0.2835820638819106,0.9949492366205319,0.19999999999999996,0.0,0.0,80,1.0,0.9549359649323077,1.0,1.0,0.9549359649323077,1.0,1.0,0.9549359649323077,1.0,0.0,0.0,0.0,0.8
yoloworld,360302,19049,22,figurine closest,1,2,2,1,0.9473658029298393,10,10,0.9,0.5549838829718046,0.9974714214555382,1.0,0.6637328831200572,1.0,0.9,0.5549838829718046,0.9974714214555382,0.09999999999999998,0.0,0.0,80,1.0,0.9549359649323077,1.0,1.0,0.9549359649323077,1.0,1.0,0.9549359649323077,1.0,0.0,0.0,0.0,0.9
yoloworld,360302,19049,22,figurine closest,1,2,2,1,0.9473658029298393,20,20,0.95,0.7512672372279723,0.9987349105020502,1.0,0.8235330881930346,1.0,0.95,0.7512672372279723,0.9987349105020502,0.050000000000000044,0.0,0.0,80,1.0,0.9549359649323077,1.0,1.0,0.9549359649323077,1.0,1.0,0.9549359649323077,1.0,0.0,0.0,0.0,0.95
yoloworld,360302,19049,22,figurine closest,1,2,2,1,0.9473658029298393,40,40,0.95,0.8308031360405824,0.9938863534006491,1.0,0.9074872385841217,1.0,0.95,0.8308031360405824,0.9938863534006491,0.050000000000000044,0.0,0.0,80,1.0,0.9549359649323077,1.0,1.0,0.9549359649323077,1.0,1.0,0.9549359649323077,1.0,0.0,0.0,0.0,0.95
yoloworld,270460,26990,28,nearest biggest umbrella,1,8,5,1,0.953833497715533,5,5,0.8,0.2835820638819106,0.9949492366205319,1.0,0.3976353643835254,1.0,0.8,0.2835820638819106,0.9949492366205319,0.19999999999999996,0.0,0.0,80,0.875,0.7821108659305637,0.9383979034415657,1.0,0.9486662028489763,1.0,0.875,0.7821108659305637,0.9383979034415657,0.125,0.0,0.0,0.8
yoloworld,270460,26990,28,nearest biggest umbrella,1,8,5,1,0.953833497715533,10,10,0.9,0.5549838829718046,0.9974714214555382,1.0,0.6637328831200572,1.0,0.9,0.5549838829718046,0.9974714214555382,0.09999999999999998,0.0,0.0,80,0.875,0.7821108659305637,0.9383979034415657,1.0,0.9486662028489763,1.0,0.875,0.7821108659305637,0.9383979034415657,0.125,0.0,0.0,0.9
yoloworld,270460,26990,28,nearest biggest umbrella,1,8,5,1,0.953833497715533,20,20,0.95,0.7512672372279723,0.9987349105020502,1.0,0.8235330881930346,1.0,0.95,0.7512672372279723,0.9987349105020502,0.050000000000000044,0.0,0.0,80,0.875,0.7821108659305637,0.9383979034415657,1.0,0.9486662028489763,1.0,0.875,0.7821108659305637,0.9383979034415657,0.125,0.0,0.0,0.95
yoloworld,270460,26990,28,nearest biggest umbrella,1,8,5,1,0.953833497715533,40,40,0.9,0.7633626001239001,0.9720745847057807,1.0,0.902606244085508,1.0,0.9,0.7633626001239001,0.9720745847057807,0.09999999999999998,0.0,0.0,80,0.875,0.7821108659305637,0.9383979034415657,1.0,0.9486662028489763,1.0,0.875,0.7821108659305637,0.9383979034415657,0.125,0.0,0.0,0.9
yoloworld,464744,10169,63,bottom left corner black leather,0,1,0,0,0.3195563982362178,5,0,0.0,,,,,,0.0,,,,,,0,0.0,,,,,,0.0,,,,,,0.0
yoloworld,464744,10169,63,bottom left corner black leather,0,1,0,0,0.3195563982362178,10,0,0.0,,,,,,0.0,,,,,,0,0.0,,,,,,0.0,,,,,,0.0
yoloworld,464744,10169,63,bottom left corner black leather,0,1,0,0,0.3195563982362178,20,0,0.0,,,,,,0.0,,,,,,0,0.0,,,,,,0.0,,,,,,0.0
yoloworld,464744,10169,63,bottom left corner black leather,0,1,0,0,0.3195563982362178,40,0,0.0,,,,,,0.0,,,,,,0,0.0,,,,,,0.0,,,,,,0.0
yoloworld,221794,31152,1,red on right,0,1,0,1,0.9194076309257033,5,0,0.0,,,,,,0.0,,,,,,0,0.0,,,,,,0.0,,,,,,0.0
yoloworld,221794,31152,1,red on right,0,1,0,1,0.9194076309257033,10,0,0.0,,,,,,0.0,,,,,,0,0.0,,,,,,0.0,,,,,,0.0
yoloworld,221794,31152,1,red on right,0,1,0,1,0.9194076309257033,20,0,0.0,,,,,,0.0,,,,,,0,0.0,,,,,,0.0,,,,,,0.0
yoloworld,221794,31152,1,red on right,0,1,0,1,0.9194076309257033,40,0,0.0,,,,,,0.0,,,,,,0,0.0,,,,,,0.0,,,,,,0.0
yoloworld,280018,26223,51,top left white stuff,0,1,0,0,0.0412286872424763,5,0,0.0,,,,,,0.0,,,,,,0,0.0,,,,,,0.0,,,,,,0.0
yoloworld,280018,26223,51,top left white stuff,0,1,0,0,0.0412286872424763,10,0,0.0,,,,,,0.0,,,,,,0,0.0,,,,,,0.0,,,,,,0.0
yoloworld,280018,26223,51,top left white stuff,0,1,0,0,0.0412286872424763,20,0,0.0,,,,,,0.0,,,,,,0,0.0,,,,,,0.0,,,,,,0.0
yoloworld,280018,26223,51,top left white stuff,0,1,0,0,0.0412286872424763,40,0,0.0,,,,,,0.0,,,,,,0,0.0,,,,,,0.0,,,,,,0.0
yoloworld,197068,33280,77,the closed phone,1,3,3,0,0.028701174004024218,5,5,1.0,0.47817624989501856,1.0,1.0,0.47817624989501856,1.0,1.0,0.47817624989501856,1.0,0.0,0.0,0.0,80,1.0,0.9549359649323077,1.0,1.0,0.9549359649323077,1.0,1.0,0.9549359649323077,1.0,0.0,0.0,0.0,1.0
yoloworld,197068,33280,77,the closed phone,1,3,3,0,0.028701174004024218,10,10,1.0,0.6915028921812392,1.0,1.0,0.6915028921812392,1.0,1.0,0.6915028921812392,1.0,0.0,0.0,0.0,80,1.0,0.9549359649323077,1.0,1.0,0.9549359649323077,1.0,1.0,0.9549359649323077,1.0,0.0,0.0,0.0,1.0
yoloworld,197068,33280,77,the closed phone,1,3,3,0,0.028701174004024218,20,20,1.0,0.8315665290169146,1.0,1.0,0.8315665290169146,1.0,1.0,0.8315665290169146,1.0,0.0,0.0,0.0,80,1.0,0.9549359649323077,1.0,1.0,0.9549359649323077,1.0,1.0,0.9549359649323077,1.0,0.0,0.0,0.0,1.0
yoloworld,197068,33280,77,the closed phone,1,3,3,0,0.028701174004024218,40,40,1.0,0.9119026971211976,1.0,1.0,0.9119026971211976,1.0,1.0,0.9119026971211976,1.0,0.0,0.0,0.0,80,1.0,0.9549359649323077,1.0,1.0,0.9549359649323077,1.0,1.0,0.9549359649323077,1.0,0.0,0.0,0.0,1.0
yoloworld,5638,49560,1,driver,1,2,2,0,0.4962242924246523,5,5,0.6,0.14663279963467318,0.9472550494736831,1.0,0.29240177382128674,1.0,0.6,0.14663279963467318,0.9472550494736831,0.4,0.0,0.0,80,0.4625,0.35027642653839836,0.5775824719951649,1.0,0.9051094125850101,1.0,0.4625,0.35027642653839836,0.5775824719951649,0.5375,0.0,0.0,0.6
yoloworld,5638,49560,1,driver,1,2,2,0,0.4962242924246523,10,10,0.6,0.2623780766069451,0.8784477418801728,1.0,0.5407418735600996,1.0,0.6,0.2623780766069451,0.8784477418801728,0.4,0.0,0.0,80,0.4625,0.35027642653839836,0.5775824719951649,1.0,0.9051094125850101,1.0,0.4625,0.35027642653839836,0.5775824719951649,0.5375,0.0,0.0,0.6
yoloworld,5638,49560,1,driver,1,2,2,0,0.4962242924246523,20,20,0.55,0.3152781330405486,0.7694221032240758,1.0,0.7150858470818456,1.0,0.55,0.3152781330405486,0.7694221032240758,0.44999999999999996,0.0,0.0,80,0.4625,0.35027642653839836,0.5775824719951649,1.0,0.9051094125850101,1.0,0.4625,0.35027642653839836,0.5775824719951649,0.5375,0.0,0.0,0.55
yoloworld,5638,49560,1,driver,1,2,2,0,0.4962242924246523,40,40,0.525,0.36128013526406216,0.6848802933650138,1.0,0.8389023847809204,1.0,0.525,0.36128013526406216,0.6848802933650138,0.475,0.0,0.0,80,0.4625,0.35027642653839836,0.5775824719951649,1.0,0.9051094125850101,1.0,0.4625,0.35027642653839836,0.5775824719951649,0.5375,0.0,0.0,0.525
yoloworld,108375,40612,1,lady on leftpurple shirt,1,6,5,0,0.0,5,5,0.6,0.14663279963467318,0.9472550494736831,0.6666666666666666,0.09429932405024612,0.9915962413403874,0.4,0.05274495052631693,0.8533672003653268,0.4,0.2,5.551115123125783e-17,80,0.7,0.587240676918624,0.7974260708533272,0.6428571428571429,0.5035931132982077,0.7664452025477341,0.45,0.3384863844898155,0.565326020905847,0.30000000000000004,0.24999999999999994,5.551115123125783e-17,0.4
yoloworld,108375,40612,1,lady on leftpurple shirt,1,6,5,0,0.0,10,10,0.7,0.34754714994000274,0.9332604888222655,0.5714285714285714,0.18405156764008304,0.9010117215574921,0.4,0.1215522581198272,0.7376219233930549,0.30000000000000004,0.3,5.551115123125783e-17,80,0.7,0.587240676918624,0.7974260708533272,0.6428571428571429,0.5035931132982077,0.7664452025477341,0.45,0.3384863844898155,0.565326020905847,0.30000000000000004,0.24999999999999994,5.551115123125783e-17,0.4
yoloworld,108375,40612,1,lady on leftpurple shirt,1,6,5,0,0.0,20,20,0.7,0.4572108177237109,0.8810684095942722,0.5714285714285714,0.2886094000383075,0.8233889100178821,0.4,0.1911900607253072,0.6394574126925103,0.30000000000000004,0.3,5.551115123125783e-17,80,0.7,0.587240676918624,0.7974260708533272,0.6428571428571429,0.5035931132982077,0.7664452025477341,0.45,0.3384863844898155,0.565326020905847,0.30000000000000004,0.24999999999999994,5.551115123125783e-17,0.4
yoloworld,108375,40612,1,lady on leftpurple shirt,1,6,5,0,0.0,40,40,0.675,0.5087051245215516,0.8142710332366501,0.5925925925925926,0.38798393025968186,0.7761027086494185,0.4,0.24864998658774376,0.5667329478067034,0.32499999999999996,0.275,0.0,80,0.7,0.587240676918624,0.7974260708533272,0.6428571428571429,0.5035931132982077,0.7664452025477341,0.45,0.3384863844898155,0.565326020905847,0.30000000000000004,0.24999999999999994,5.551115123125783e-17,0.4
yoloworld,102290,41091,1,dancer,0,0,0,0,0.0,5,0,0.0,,,,,,0.0,,,,,,0,0.0,,,,,,0.0,,,,,,0.0
yoloworld,102290,41091,1,dancer,0,0,0,0,0.0,10,0,0.0,,,,,,0.0,,,,,,0,0.0,,,,,,0.0,,,,,,0.0
yoloworld,102290,41091,1,dancer,0,0,0,0,0.0,20,0,0.0,,,,,,0.0,,,,,,0,0.0,,,,,,0.0,,,,,,0.0
yoloworld,102290,41091,1,dancer,0,0,0,0,0.0,40,0,0.0,,,,,,0.0,,,,,,0,0.0,,,,,,0.0,,,,,,0.0
yoloworld,26052,47798,47,cup with lemon on the,1,3,3,1,0.9402369226634638,5,5,1.0,0.47817624989501856,1.0,0.8,0.2835820638819106,0.9949492366205319,0.8,0.2835820638819106,0.9949492366205319,0.0,0.19999999999999996,0.0,80,1.0,0.9549359649323077,1.0,0.7875,0.6817141914403442,0.8710635049024182,0.7875,0.6817141914403442,0.8710635049024182,0.0,0.21250000000000002,0.0,0.8
yoloworld,26052,47798,47,cup with lemon on the,1,3,3,1,0.9402369226634638,10,10,1.0,0.6915028921812392,1.0,0.8,0.4439045376923585,0.9747892736731666,0.8,0.4439045376923585,0.9747892736731666,0.0,0.19999999999999996,0.0,80,1.0,0.9549359649323077,1.0,0.7875,0.6817141914403442,0.8710635049024182,0.7875,0.6817141914403442,0.8710635049024182,0.0,0.21250000000000002,0.0,0.8
yoloworld,26052,47798,47,cup with lemon on the,1,3,3,1,0.9402369226634638,20,20,1.0,0.8315665290169146,1.0,0.8,0.5633859970033317,0.9426660029499673,0.8,0.5633859970033317,0.9426660029499673,0.0,0.19999999999999996,0.0,80,1.0,0.9549359649323077,1.0,0.7875,0.6817141914403442,0.8710635049024182,0.7875,0.6817141914403442,0.8710635049024182,0.0,0.21250000000000002,0.0,0.8
yoloworld,26052,47798,47,cup with lemon on the,1,3,3,1,0.9402369226634638,40,40,1.0,0.9119026971211976,1.0,0.7,0.5346837147458767,0.8343727956067644,0.7,0.5346837147458767,0.8343727956067644,0.0,0.30000000000000004,0.0,80,1.0,0.9549359649323077,1.0,0.7875,0.6817141914403442,0.8710635049024182,0.7875,0.6817141914403442,0.8710635049024182,0.0,0.21250000000000002,0.0,0.7
yoloworld,539647,3700,1,left guy,1,4,4,1,0.9777292631532073,5,5,0.2,0.005050763379468061,0.7164179361180893,1.0,0.025000000000000022,1.0,0.2,0.005050763379468061,0.7164179361180893,0.8,0.0,0.0,80,0.5375,0.4224175280048351,0.6497235734616016,0.9767441860465116,0.8771095172986603,0.9994113870684068,0.525,0.4102278413767706,0.6378664183228473,0.4625,0.012500000000000022,6.591949208711867e-17,0.2
yoloworld,539647,3700,1,left guy,1,4,4,1,0.9777292631532073,10,10,0.3,0.0667395111777345,0.6524528500599973,1.0,0.29240177382128674,1.0,0.3,0.0667395111777345,0.6524528500599973,0.7,0.0,0.0,80,0.5375,0.4224175280048351,0.6497235734616016,0.9767441860465116,0.8771095172986603,0.9994113870684068,0.525,0.4102278413767706,0.6378664183228473,0.4625,0.012500000000000022,6.591949208711867e-17,0.3
yoloworld,539647,3700,1,left guy,1,4,4,1,0.9777292631532073,20,20,0.3,0.1189315904057277,0.5427891822762891,0.8333333333333334,0.3587654210023252,0.9957892554855106,0.25,0.08657146910143462,0.49104587170795755,0.7,0.04999999999999999,5.551115123125783e-17,80,0.5375,0.4224175280048351,0.6497235734616016,0.9767441860465116,0.8771095172986603,0.9994113870684068,0.525,0.4102278413767706,0.6378664183228473,0.4625,0.012500000000000022,6.591949208711867e-17,0.25
yoloworld,539647,3700,1,left guy,1,4,4,1,0.9777292631532073,40,40,0.4,0.24864998658774376,0.5667329478067034,0.9375,0.6976792615654681,0.9984188882772341,0.375,0.22726272248182594,0.5419852477673891,0.6,0.025,2.0816681711721685e-17,80,0.5375,0.4224175280048351,0.6497235734616016,0.9767441860465116,0.8771095172986603,0.9994113870684068,0.525,0.4102278413767706,0.6378664183228473,0.4625,0.012500000000000022,6.591949208711867e-17,0.375
yoloworld,421208,14012,24,zebra on left,1,10,5,0,0.35055850121812554,5,5,1.0,0.47817624989501856,1.0,1.0,0.47817624989501856,1.0,1.0,0.47817624989501856,1.0,0.0,0.0,0.0,80,0.95,0.876901263556847,0.9862106060235382,0.9342105263157895,0.8531096152836097,0.9782949221223017,0.8875,0.7971534080830098,0.9472484868543125,0.050000000000000044,0.06249999999999998,2.0816681711721685e-17,1.0
yoloworld,421208,14012,24,zebra on left,1,10,5,0,0.35055850121812554,10,10,1.0,0.6915028921812392,1.0,0.9,0.5549838829718046,0.9974714214555382,0.9,0.5549838829718046,0.9974714214555382,0.0,0.09999999999999998,0.0,80,0.95,0.876901263556847,0.9862106060235382,0.9342105263157895,0.8531096152836097,0.9782949221223017,0.8875,0.7971534080830098,0.9472484868543125,0.050000000000000044,0.06249999999999998,2.0816681711721685e-17,0.9
yoloworld,421208,14012,24,zebra on left,1,10,5,0,0.35055850121812554,20,20,0.9,0.6830172859809176,0.9876514728297052,0.9444444444444444,0.7270564003266315,0.9985944438326306,0.85,0.6210731734546859,0.9679290628145363,0.09999999999999998,0.050000000000000024,2.0816681711721685e-17,80,0.95,0.876901263556847,0.9862106060235382,0.9342105263157895,0.8531096152836097,0.9782949221223017,0.8875,0.7971534080830098,0.9472484868543125,0.050000000000000044,0.06249999999999998,2.0816681711721685e-17,0.85
yoloworld,421208,14012,24,zebra on left,1,10,5,0,0.35055850121812554,40,40,0.875,0.7319670826382796,0.9581403738613833,0.9714285714285714,0.8508279203435684,0.999276895623662,0.85,0.7016473331604236,0.9428977418454741,0.125,0.02500000000000001,1.3877787807814457e-17,80,0.95,0.876901263556847,0.9862106060235382,0.9342105263157895,0.8531096152836097,0.9782949221223017,0.8875,0.7971534080830098,0.9472484868543125,0.050000000000000044,0.06249999999999998,2.0816681711721685e-17,0.85
yoloworld,387105,16916,16,top center bird,0,0,0,0,0.0,5,0,0.0,,,,,,0.0,,,,,,0,0.0,,,,,,0.0,,,,,,0.0
yoloworld,387105,16916,16,top center bird,0,0,0,0,0.0,10,0,0.0,,,,,,0.0,,,,,,0,0.0,,,,,,0.0,,,,,,0.0
yoloworld,387105,16916,16,top center bird,0,0,0,0,0.0,20,0,0.0,,,,,,0.0,,,,,,0,0.0,,,,,,0.0,,,,,,0.0
yoloworld,387105,16916,16,top center bird,0,0,0,0,0.0,40,0,0.0,,,,,,0.0,,,,,,0,0.0,,,,,,0.0,,,,,,0.0
yoloworld,531873,4392,57,carrot on the left,1,16,5,1,0.5759414980238422,5,5,1.0,0.47817624989501856,1.0,1.0,0.47817624989501856,1.0,1.0,0.47817624989501856,1.0,0.0,0.0,0.0,80,1.0,0.9549359649323077,1.0,0.9875,0.9323122155360776,0.9996835774723672,0.9875,0.9323122155360776,0.9996835774723672,0.0,0.012499999999999956,0.0,1.0
yoloworld,531873,4392,57,carrot on the left,1,16,5,1,0.5759414980238422,10,10,1.0,0.6915028921812392,1.0,1.0,0.6915028921812392,1.0,1.0,0.6915028921812392,1.0,0.0,0.0,0.0,80,1.0,0.9549359649323077,1.0,0.9875,0.9323122155360776,0.9996835774723672,0.9875,0.9323122155360776,0.9996835774723672,0.0,0.012499999999999956,0.0,1.0
yoloworld,531873,4392,57,carrot on the left,1,16,5,1,0.5759414980238422,20,20,1.0,0.8315665290169146,1.0,1.0,0.8315665290169146,1.0,1.0,0.8315665290169146,1.0,0.0,0.0,0.0,80,1.0,0.9549359649323077,1.0,0.9875,0.9323122155360776,0.9996835774723672,0.9875,0.9323122155360776,0.9996835774723672,0.0,0.012499999999999956,0.0,1.0
yoloworld,531873,4392,57,carrot on the left,1,16,5,1,0.5759414980238422,40,40,1.0,0.9119026971211976,1.0,1.0,0.9119026971211976,1.0,1.0,0.9119026971211976,1.0,0.0,0.0,0.0,80,1.0,0.9549359649323077,1.0,0.9875,0.9323122155360776,0.9996835774723672,0.9875,0.9323122155360776,0.9996835774723672,0.0,0.012499999999999956,0.0,1.0
yoloworld,232957,30218,1,woman left,1,4,4,1,0.9131889948713375,5,5,0.8,0.2835820638819106,0.9949492366205319,1.0,0.3976353643835254,1.0,0.8,0.2835820638819106,0.9949492366205319,0.19999999999999996,0.0,0.0,80,0.5625,0.4469975713881803,0.673236046566221,1.0,0.921294899593157,1.0,0.5625,0.4469975713881803,0.673236046566221,0.4375,0.0,0.0,0.8
yoloworld,232957,30218,1,woman left,1,4,4,1,0.9131889948713375,10,10,0.7,0.34754714994000274,0.9332604888222655,1.0,0.5903836027749967,1.0,0.7,0.34754714994000274,0.9332604888222655,0.30000000000000004,0.0,0.0,80,0.5625,0.4469975713881803,0.673236046566221,1.0,0.921294899593157,1.0,0.5625,0.4469975713881803,0.673236046566221,0.4375,0.0,0.0,0.7
yoloworld,232957,30218,1,woman left,1,4,4,1,0.9131889948713375,20,20,0.7,0.4572108177237109,0.8810684095942722,1.0,0.7683642383498835,1.0,0.7,0.4572108177237109,0.8810684095942722,0.30000000000000004,0.0,0.0,80,0.5625,0.4469975713881803,0.673236046566221,1.0,0.921294899593157,1.0,0.5625,0.4469975713881803,0.673236046566221,0.4375,0.0,0.0,0.7
yoloworld,232957,30218,1,woman left,1,4,4,1,0.9131889948713375,40,40,0.625,0.4580147522326109,0.772737277518174,1.0,0.8628148284692875,1.0,0.625,0.4580147522326109,0.772737277518174,0.375,0.0,0.0,80,0.5625,0.4469975713881803,0.673236046566221,1.0,0.921294899593157,1.0,0.5625,0.4469975713881803,0.673236046566221,0.4375,0.0,0.0,0.625
yoloworld,132991,38500,1,man far right second step,1,11,5,1,0.9713157923758908,5,5,0.6,0.14663279963467318,0.9472550494736831,1.0,0.29240177382128674,1.0,0.6,0.14663279963467318,0.9472550494736831,0.4,0.0,0.0,80,0.6125,0.4969755425018991,0.7194348668752178,1.0,0.9274807363357226,1.0,0.6125,0.4969755425018991,0.7194348668752178,0.38749999999999996,0.0,0.0,0.6
yoloworld,132991,38500,1,man far right second step,1,11,5,1,0.9713157923758908,10,10,0.6,0.2623780766069451,0.8784477418801728,1.0,0.5407418735600996,1.0,0.6,0.2623780766069451,0.8784477418801728,0.4,0.0,0.0,80,0.6125,0.4969755425018991,0.7194348668752178,1.0,0.9274807363357226,1.0,0.6125,0.4969755425018991,0.7194348668752178,0.38749999999999996,0.0,0.0,0.6
yoloworld,132991,38500,1,man far right second step,1,11,5,1,0.9713157923758908,20,20,0.6,0.3605425873074897,0.8088099392746928,1.0,0.7353515306029488,1.0,0.6,0.3605425873074897,0.8088099392746928,0.4,0.0,0.0,80,0.6125,0.4969755425018991,0.7194348668752178,1.0,0.9274807363357226,1.0,0.6125,0.4969755425018991,0.7194348668752178,0.38749999999999996,0.0,0.0,0.6
yoloworld,132991,38500,1,man far right second step,1,11,5,1,0.9713157923758908,40,40,0.6,0.4332670521932967,0.7513500134122563,1.0,0.8575264022774743,1.0,0.6,0.4332670521932967,0.7513500134122563,0.4,0.0,0.0,80,0.6125,0.4969755425018991,0.7194348668752178,1.0,0.9274807363357226,1.0,0.6125,0.4969755425018991,0.7194348668752178,0.38749999999999996,0.0,0.0,0.6
yoloworld,458827,10669,1,right guy,0,0,0,0,0.0,5,0,0.0,,,,,,0.0,,,,,,0,0.0,,,,,,0.0,,,,,,0.0
yoloworld,458827,10669,1,right guy,0,0,0,0,0.0,10,0,0.0,,,,,,0.0,,,,,,0,0.0,,,,,,0.0,,,,,,0.0
yoloworld,458827,10669,1,right guy,0,0,0,0,0.0,20,0,0.0,,,,,,0.0,,,,,,0,0.0,,,,,,0.0,,,,,,0.0
yoloworld,458827,10669,1,right guy,0,0,0,0,0.0,40,0,0.0,,,,,,0.0,,,,,,0,0.0,,,,,,0.0,,,,,,0.0
yoloworld,43892,46280,53,fruit at top above lemon,1,10,5,0,0.013466259140168201,5,5,1.0,0.47817624989501856,1.0,1.0,0.47817624989501856,1.0,1.0,0.47817624989501856,1.0,0.0,0.0,0.0,80,1.0,0.9549359649323077,1.0,1.0,0.9549359649323077,1.0,1.0,0.9549359649323077,1.0,0.0,0.0,0.0,1.0
yoloworld,43892,46280,53,fruit at top above lemon,1,10,5,0,0.013466259140168201,10,10,1.0,0.6915028921812392,1.0,1.0,0.6915028921812392,1.0,1.0,0.6915028921812392,1.0,0.0,0.0,0.0,80,1.0,0.9549359649323077,1.0,1.0,0.9549359649323077,1.0,1.0,0.9549359649323077,1.0,0.0,0.0,0.0,1.0
yoloworld,43892,46280,53,fruit at top above lemon,1,10,5,0,0.013466259140168201,20,20,1.0,0.8315665290169146,1.0,1.0,0.8315665290169146,1.0,1.0,0.8315665290169146,1.0,0.0,0.0,0.0,80,1.0,0.9549359649323077,1.0,1.0,0.9549359649323077,1.0,1.0,0.9549359649323077,1.0,0.0,0.0,0.0,1.0
yoloworld,43892,46280,53,fruit at top above lemon,1,10,5,0,0.013466259140168201,40,40,1.0,0.9119026971211976,1.0,1.0,0.9119026971211976,1.0,1.0,0.9119026971211976,1.0,0.0,0.0,0.0,80,1.0,0.9549359649323077,1.0,1.0,0.9549359649323077,1.0,1.0,0.9549359649323077,1.0,0.0,0.0,0.0,1.0
yoloworld,335865,21147,72,tv on the left,0,1,0,1,0.7745681825030365,5,0,0.0,,,,,,0.0,,,,,,0,0.0,,,,,,0.0,,,,,,0.0
yoloworld,335865,21147,72,tv on the left,0,1,0,1,0.7745681825030365,10,0,0.0,,,,,,0.0,,,,,,0,0.0,,,,,,0.0,,,,,,0.0
yoloworld,335865,21147,72,tv on the left,0,1,0,1,0.7745681825030365,20,0,0.0,,,,,,0.0,,,,,,0,0.0,,,,,,0.0,,,,,,0.0
yoloworld,335865,21147,72,tv on the left,0,1,0,1,0.7745681825030365,40,0,0.0,,,,,,0.0,,,,,,0,0.0,,,,,,0.0,,,,,,0.0
yoloworld,86750,42466,1,woman biting nails,1,2,2,0,0.0,5,5,1.0,0.47817624989501856,1.0,1.0,0.47817624989501856,1.0,1.0,0.47817624989501856,1.0,0.0,0.0,0.0,80,1.0,0.9549359649323077,1.0,1.0,0.9549359649323077,1.0,1.0,0.9549359649323077,1.0,0.0,0.0,0.0,1.0
yoloworld,86750,42466,1,woman biting nails,1,2,2,0,0.0,10,10,1.0,0.6915028921812392,1.0,1.0,0.6915028921812392,1.0,1.0,0.6915028921812392,1.0,0.0,0.0,0.0,80,1.0,0.9549359649323077,1.0,1.0,0.9549359649323077,1.0,1.0,0.9549359649323077,1.0,0.0,0.0,0.0,1.0
yoloworld,86750,42466,1,woman biting nails,1,2,2,0,0.0,20,20,1.0,0.8315665290169146,1.0,1.0,0.8315665290169146,1.0,1.0,0.8315665290169146,1.0,0.0,0.0,0.0,80,1.0,0.9549359649323077,1.0,1.0,0.9549359649323077,1.0,1.0,0.9549359649323077,1.0,0.0,0.0,0.0,1.0
yoloworld,86750,42466,1,woman biting nails,1,2,2,0,0.0,40,40,1.0,0.9119026971211976,1.0,1.0,0.9119026971211976,1.0,1.0,0.9119026971211976,1.0,0.0,0.0,0.0,80,1.0,0.9549359649323077,1.0,1.0,0.9549359649323077,1.0,1.0,0.9549359649323077,1.0,0.0,0.0,0.0,1.0
yoloworld,351654,19757,51,bottom left mixin bowl,1,20,5,0,0.0,5,5,1.0,0.47817624989501856,1.0,0.8,0.2835820638819106,0.9949492366205319,0.8,0.2835820638819106,0.9949492366205319,0.0,0.19999999999999996,0.0,80,0.9625,0.8942980149834914,0.9921988127342833,0.8051948051948052,0.6991328530522065,0.8866682708064649,0.775,0.6679136799387491,0.8608627895010682,0.03749999999999998,0.18749999999999997,2.7755575615628914e-17,0.8
yoloworld,351654,19757,51,bottom left mixin bowl,1,20,5,0,0.0,10,10,0.9,0.5549838829718046,0.9974714214555382,0.7777777777777778,0.39990642628368794,0.9718550265221018,0.7,0.34754714994000274,0.9332604888222655,0.09999999999999998,0.19999999999999998,8.326672684688674e-17,80,0.9625,0.8942980149834914,0.9921988127342833,0.8051948051948052,0.6991328530522065,0.8866682708064649,0.775,0.6679136799387491,0.8608627895010682,0.03749999999999998,0.18749999999999997,2.7755575615628914e-17,0.7
yoloworld,351654,19757,51,bottom left mixin bowl,1,20,5,0,0.0,20,20,0.9,0.6830172859809176,0.9876514728297052,0.8333333333333334,0.585822508605226,0.9642149168784253,0.75,0.5089541282920425,0.9134285308985653,0.09999999999999998,0.14999999999999997,5.551115123125783e-17,80,0.9625,0.8942980149834914,0.9921988127342833,0.8051948051948052,0.6991328530522065,0.8866682708064649,0.775,0.6679136799387491,0.8608627895010682,0.03749999999999998,0.18749999999999997,2.7755575615628914e-17,0.75
yoloworld,351654,19757,51,bottom left mixin bowl,1,20,5,0,0.0,40,40,0.925,0.796135251267101,0.9842578201489585,0.8108108108108109,0.6484476216307458,0.9203788791471231,0.75,0.5880380198485702,0.873085201067155,0.07499999999999996,0.17499999999999996,8.326672684688674e-17,80,0.9625,0.8942980149834914,0.9921988127342833,0.8051948051948052,0.6991328530522065,0.8866682708064649,0.775,0.6679136799387491,0.8608627895010682,0.03749999999999998,0.18749999999999997,2.7755575615628914e-17,0.75
yoloworld,461996,10421,1,lady on left,1,3,3,1,0.9562575864784896,5,5,1.0,0.47817624989501856,1.0,1.0,0.47817624989501856,1.0,1.0,0.47817624989501856,1.0,0.0,0.0,0.0,80,1.0,0.9549359649323077,1.0,0.975,0.9125928440694078,0.9969579138351904,0.975,0.9125928440694078,0.9969579138351904,0.0,0.025000000000000022,0.0,1.0
yoloworld,461996,10421,1,lady on left,1,3,3,1,0.9562575864784896,10,10,1.0,0.6915028921812392,1.0,1.0,0.6915028921812392,1.0,1.0,0.6915028921812392,1.0,0.0,0.0,0.0,80,1.0,0.9549359649323077,1.0,0.975,0.9125928440694078,0.9969579138351904,0.975,0.9125928440694078,0.9969579138351904,0.0,0.025000000000000022,0.0,1.0
yoloworld,461996,10421,1,lady on left,1,3,3,1,0.9562575864784896,20,20,1.0,0.8315665290169146,1.0,1.0,0.8315665290169146,1.0,1.0,0.8315665290169146,1.0,0.0,0.0,0.0,80,1.0,0.9549359649323077,1.0,0.975,0.9125928440694078,0.9969579138351904,0.975,0.9125928440694078,0.9969579138351904,0.0,0.025000000000000022,0.0,1.0
yoloworld,461996,10421,1,lady on left,1,3,3,1,0.9562575864784896,40,40,1.0,0.9119026971211976,1.0,0.95,0.8308031360405824,0.9938863534006491,0.95,0.8308031360405824,0.9938863534006491,0.0,0.050000000000000044,0.0,80,1.0,0.9549359649323077,1.0,0.975,0.9125928440694078,0.9969579138351904,0.975,0.9125928440694078,0.9969579138351904,0.0,0.025000000000000022,0.0,0.95
yoloworld,106832,40711,54,bottom of sanwich,0,0,0,0,0.0,5,0,0.0,,,,,,0.0,,,,,,0,0.0,,,,,,0.0,,,,,,0.0
yoloworld,106832,40711,54,bottom of sanwich,0,0,0,0,0.0,10,0,0.0,,,,,,0.0,,,,,,0,0.0,,,,,,0.0,,,,,,0.0
yoloworld,106832,40711,54,bottom of sanwich,0,0,0,0,0.0,20,0,0.0,,,,,,0.0,,,,,,0,0.0,,,,,,0.0,,,,,,0.0
yoloworld,106832,40711,54,bottom of sanwich,0,0,0,0,0.0,40,0,0.0,,,,,,0.0,,,,,,0,0.0,,,,,,0.0,,,,,,0.0
yoloworld,456545,10882,1,person skate black,1,9,5,0,0.0,5,5,0.6,0.14663279963467318,0.9472550494736831,1.0,0.29240177382128674,1.0,0.6,0.14663279963467318,0.9472550494736831,0.4,0.0,0.0,80,0.5875,0.4718483404252045,0.6964754070624058,0.9148936170212766,0.7962073035874664,0.9763229078961023,0.5375,0.4224175280048351,0.6497235734616016,0.4125,0.05000000000000001,3.469446951953614e-17,0.6
yoloworld,456545,10882,1,person skate black,1,9,5,0,0.0,10,10,0.6,0.2623780766069451,0.8784477418801728,0.8333333333333334,0.3587654210023252,0.9957892554855106,0.5,0.18708602844739855,0.8129139715526015,0.4,0.09999999999999998,0.0,80,0.5875,0.4718483404252045,0.6964754070624058,0.9148936170212766,0.7962073035874664,0.9763229078961023,0.5375,0.4224175280048351,0.6497235734616016,0.4125,0.05000000000000001,3.469446951953614e-17,0.5
yoloworld,456545,10882,1,person skate black,1,9,5,0,0.0,20,20,0.6,0.3605425873074897,0.8088099392746928,0.9166666666666666,0.6152038348490559,0.9978924067681397,0.55,0.3152781330405486,0.7694221032240758,0.4,0.050000000000000024,9.020562075079397e-17,80,0.5875,0.4718483404252045,0.6964754070624058,0.9148936170212766,0.7962073035874664,0.9763229078961023,0.5375,0.4224175280048351,0.6497235734616016,0.4125,0.05000000000000001,3.469446951953614e-17,0.55
yoloworld,456545,10882,1,person skate black,1,9,5,0,0.0,40,40,0.6,0.4332670521932967,0.7513500134122563,0.9166666666666666,0.7300271984423964,0.9897436587187498,0.55,0.38490679453401333,0.7074116499601201,0.4,0.050000000000000024,9.020562075079397e-17,80,0.5875,0.4718483404252045,0.6964754070624058,0.9148936170212766,0.7962073035874664,0.9763229078961023,0.5375,0.4224175280048351,0.6497235734616016,0.4125,0.05000000000000001,3.469446951953614e-17,0.55
yoloworld,180559,34644,1,guy in gray shirt,1,2,2,0,0.43416666203445664,5,5,1.0,0.47817624989501856,1.0,1.0,0.47817624989501856,1.0,1.0,0.47817624989501856,1.0,0.0,0.0,0.0,80,1.0,0.9549359649323077,1.0,0.975,0.9125928440694078,0.9969579138351904,0.975,0.9125928440694078,0.9969579138351904,0.0,0.025000000000000022,0.0,1.0
yoloworld,180559,34644,1,guy in gray shirt,1,2,2,0,0.43416666203445664,10,10,1.0,0.6915028921812392,1.0,1.0,0.6915028921812392,1.0,1.0,0.6915028921812392,1.0,0.0,0.0,0.0,80,1.0,0.9549359649323077,1.0,0.975,0.9125928440694078,0.9969579138351904,0.975,0.9125928440694078,0.9969579138351904,0.0,0.025000000000000022,0.0,1.0
yoloworld,180559,34644,1,guy in gray shirt,1,2,2,0,0.43416666203445664,20,20,1.0,0.8315665290169146,1.0,1.0,0.8315665290169146,1.0,1.0,0.8315665290169146,1.0,0.0,0.0,0.0,80,1.0,0.9549359649323077,1.0,0.975,0.9125928440694078,0.9969579138351904,0.975,0.9125928440694078,0.9969579138351904,0.0,0.025000000000000022,0.0,1.0
yoloworld,180559,34644,1,guy in gray shirt,1,2,2,0,0.43416666203445664,40,40,1.0,0.9119026971211976,1.0,1.0,0.9119026971211976,1.0,1.0,0.9119026971211976,1.0,0.0,0.0,0.0,80,1.0,0.9549359649323077,1.0,0.975,0.9125928440694078,0.9969579138351904,0.975,0.9125928440694078,0.9969579138351904,0.0,0.025000000000000022,0.0,1.0
yoloworld,359339,19128,1,man,1,2,2,1,0.7884227088625083,5,5,0.6,0.14663279963467318,0.9472550494736831,1.0,0.29240177382128674,1.0,0.6,0.14663279963467318,0.9472550494736831,0.4,0.0,0.0,80,0.8375,0.7381631061748872,0.9105383582774708,1.0,0.9464303458729032,1.0,0.8375,0.7381631061748872,0.9105383582774708,0.16249999999999998,0.0,0.0,0.6
yoloworld,359339,19128,1,man,1,2,2,1,0.7884227088625083,10,10,0.7,0.34754714994000274,0.9332604888222655,1.0,0.5903836027749967,1.0,0.7,0.34754714994000274,0.9332604888222655,0.30000000000000004,0.0,0.0,80,0.8375,0.7381631061748872,0.9105383582774708,1.0,0.9464303458729032,1.0,0.8375,0.7381631061748872,0.9105383582774708,0.16249999999999998,0.0,0.0,0.7
yoloworld,359339,19128,1,man,1,2,2,1,0.7884227088625083,20,20,0.8,0.5633859970033317,0.9426660029499673,1.0,0.7940927857921773,1.0,0.8,0.5633859970033317,0.9426660029499673,0.19999999999999996,0.0,0.0,80,0.8375,0.7381631061748872,0.9105383582774708,1.0,0.9464303458729032,1.0,0.8375,0.7381631061748872,0.9105383582774708,0.16249999999999998,0.0,0.0,0.8
yoloworld,359339,19128,1,man,1,2,2,1,0.7884227088625083,40,40,0.775,0.6154883226965773,0.891603361015928,1.0,0.8878112530776301,1.0,0.775,0.6154883226965773,0.891603361015928,0.22499999999999998,0.0,0.0,80,0.8375,0.7381631061748872,0.9105383582774708,1.0,0.9464303458729032,1.0,0.8375,0.7381631061748872,0.9105383582774708,0.16249999999999998,0.0,0.0,0.775
yoloworld,283479,25971,84,robert book,0,0,0,0,0.0,5,0,0.0,,,,,,0.0,,,,,,0,0.0,,,,,,0.0,,,,,,0.0
yoloworld,283479,25971,84,robert book,0,0,0,0,0.0,10,0,0.0,,,,,,0.0,,,,,,0,0.0,,,,,,0.0,,,,,,0.0
yoloworld,283479,25971,84,robert book,0,0,0,0,0.0,20,0,0.0,,,,,,0.0,,,,,,0,0.0,,,,,,0.0,,,,,,0.0
yoloworld,283479,25971,84,robert book,0,0,0,0,0.0,40,0,0.0,,,,,,0.0,,,,,,0,0.0,,,,,,0.0,,,,,,0.0
yoloworld,298306,24697,1,left man,1,3,3,0,0.059441250452212824,5,5,1.0,0.47817624989501856,1.0,0.4,0.05274495052631693,0.8533672003653268,0.4,0.05274495052631693,0.8533672003653268,0.0,0.6,0.0,80,1.0,0.9549359649323077,1.0,0.5375,0.4224175280048351,0.6497235734616016,0.5375,0.4224175280048351,0.6497235734616016,0.0,0.4625,0.0,0.4
yoloworld,298306,24697,1,left man,1,3,3,0,0.059441250452212824,10,10,1.0,0.6915028921812392,1.0,0.5,0.18708602844739855,0.8129139715526015,0.5,0.18708602844739855,0.8129139715526015,0.0,0.5,0.0,80,1.0,0.9549359649323077,1.0,0.5375,0.4224175280048351,0.6497235734616016,0.5375,0.4224175280048351,0.6497235734616016,0.0,0.4625,0.0,0.5
yoloworld,298306,24697,1,left man,1,3,3,0,0.059441250452212824,20,20,1.0,0.8315665290169146,1.0,0.45,0.2305778967759242,0.6847218669594515,0.45,0.2305778967759242,0.6847218669594515,0.0,0.55,0.0,80,1.0,0.9549359649323077,1.0,0.5375,0.4224175280048351,0.6497235734616016,0.5375,0.4224175280048351,0.6497235734616016,0.0,0.4625,0.0,0.45
yoloworld,298306,24697,1,left man,1,3,3,0,0.059441250452212824,40,40,1.0,0.9119026971211976,1.0,0.475,0.31511970663498623,0.6387198647359378,0.475,0.31511970663498623,0.6387198647359378,0.0,0.525,0.0,80,1.0,0.9549359649323077,1.0,0.5375,0.4224175280048351,0.6497235734616016,0.5375,0.4224175280048351,0.6497235734616016,0.0,0.4625,0.0,0.475
yoloworld,375133,17922,1,right guy in black,1,4,4,1,0.9540408090261527,5,5,1.0,0.47817624989501856,1.0,1.0,0.47817624989501856,1.0,1.0,0.47817624989501856,1.0,0.0,0.0,0.0,80,1.0,0.9549359649323077,1.0,0.9875,0.9323122155360776,0.9996835774723672,0.9875,0.9323122155360776,0.9996835774723672,0.0,0.012499999999999956,0.0,1.0
yoloworld,375133,17922,1,right guy in black,1,4,4,1,0.9540408090261527,10,10,1.0,0.6915028921812392,1.0,1.0,0.6915028921812392,1.0,1.0,0.6915028921812392,1.0,0.0,0.0,0.0,80,1.0,0.9549359649323077,1.0,0.9875,0.9323122155360776,0.9996835774723672,0.9875,0.9323122155360776,0.9996835774723672,0.0,0.012499999999999956,0.0,1.0
yoloworld,375133,17922,1,right guy in black,1,4,4,1,0.9540408090261527,20,20,1.0,0.8315665290169146,1.0,1.0,0.8315665290169146,1.0,1.0,0.8315665290169146,1.0,0.0,0.0,0.0,80,1.0,0.9549359649323077,1.0,0.9875,0.9323122155360776,0.9996835774723672,0.9875,0.9323122155360776,0.9996835774723672,0.0,0.012499999999999956,0.0,1.0
yoloworld,375133,17922,1,right guy in black,1,4,4,1,0.9540408090261527,40,40,1.0,0.9119026971211976,1.0,1.0,0.9119026971211976,1.0,1.0,0.9119026971211976,1.0,0.0,0.0,0.0,80,1.0,0.9549359649323077,1.0,0.9875,0.9323122155360776,0.9996835774723672,0.9875,0.9323122155360776,0.9996835774723672,0.0,0.012499999999999956,0.0,1.0
yoloworld,252277,28579,84,bottom book right,0,1,0,0,0.24703653928568914,5,0,0.0,,,,,,0.0,,,,,,0,0.0,,,,,,0.0,,,,,,0.0
yoloworld,252277,28579,84,bottom book right,0,1,0,0,0.24703653928568914,10,0,0.0,,,,,,0.0,,,,,,0,0.0,,,,,,0.0,,,,,,0.0
yoloworld,252277,28579,84,bottom book right,0,1,0,0,0.24703653928568914,20,0,0.0,,,,,,0.0,,,,,,0,0.0,,,,,,0.0,,,,,,0.0
yoloworld,252277,28579,84,bottom book right,0,1,0,0,0.24703653928568914,40,0,0.0,,,,,,0.0,,,,,,0,0.0,,,,,,0.0,,,,,,0.0
yoloworld,215421,31720,86,beige vase,1,4,4,1,0.8738154651012479,5,5,0.8,0.2835820638819106,0.9949492366205319,0.75,0.19412044968324346,0.9936905367902902,0.6,0.14663279963467318,0.9472550494736831,0.19999999999999996,0.2,5.551115123125783e-17,80,0.6625,0.5480943856258318,0.7644738620163491,0.7924528301886793,0.6589286330507329,0.8915771767140479,0.525,0.4102278413767706,0.6378664183228473,0.3375,0.13749999999999996,0.0,0.6
yoloworld,215421,31720,86,beige vase,1,4,4,1,0.8738154651012479,10,10,0.8,0.4439045376923585,0.9747892736731666,0.75,0.34914420558717585,0.9681459737500557,0.6,0.2623780766069451,0.8784477418801728,0.19999999999999996,0.2,5.551115123125783e-17,80,0.6625,0.5480943856258318,0.7644738620163491,0.7924528301886793,0.6589286330507329,0.8915771767140479,0.525,0.4102278413767706,0.6378664183228473,0.3375,0.13749999999999996,0.0,0.6
yoloworld,215421,31720,86,beige vase,1,4,4,1,0.8738154651012479,20,20,0.75,0.5089541282920425,0.9134285308985653,0.7333333333333333,0.44899675896302954,0.9221284537089564,0.55,0.3152781330405486,0.7694221032240758,0.25,0.20000000000000004,8.326672684688674e-17,80,0.6625,0.5480943856258318,0.7644738620163491,0.7924528301886793,0.6589286330507329,0.8915771767140479,0.525,0.4102278413767706,0.6378664183228473,0.3375,0.13749999999999996,0.0,0.55
yoloworld,215421,31720,86,beige vase,1,4,4,1,0.8738154651012479,40,40,0.7,0.5346837147458767,0.8343727956067644,0.7142857142857143,0.5133316845510595,0.8677634874288749,0.5,0.33801781373723455,0.6619821862627655,0.30000000000000004,0.19999999999999998,2.7755575615628914e-17,80,0.6625,0.5480943856258318,0.7644738620163491,0.7924528301886793,0.6589286330507329,0.8915771767140479,0.525,0.4102278413767706,0.6378664183228473,0.3375,0.13749999999999996,0.0,0.5
yoloworld,219169,31407,22,elephant in front on the right,1,2,2,0,0.0,5,5,0.2,0.005050763379468061,0.7164179361180893,1.0,0.025000000000000022,1.0,0.2,0.005050763379468061,0.7164179361180893,0.8,0.0,0.0,80,0.3375,0.23552613798365088,0.4519056143741682,0.8518518518518519,0.6626891359757556,0.9581126035262327,0.2875,0.1917604719719651,0.3995451133120206,0.6625,0.05,4.163336342344337e-17,0.2
yoloworld,219169,31407,22,elephant in front on the right,1,2,2,0,0.0,10,10,0.4,0.1215522581198272,0.7376219233930549,1.0,0.3976353643835254,1.0,0.4,0.1215522581198272,0.7376219233930549,0.6,0.0,0.0,80,0.3375,0.23552613798365088,0.4519056143741682,0.8518518518518519,0.6626891359757556,0.9581126035262327,0.2875,0.1917604719719651,0.3995451133120206,0.6625,0.05,4.163336342344337e-17,0.4
yoloworld,219169,31407,22,elephant in front on the right,1,2,2,0,0.0,20,20,0.45,0.2305778967759242,0.6847218669594515,0.8888888888888888,0.517503485082663,0.9971908632534008,0.4,0.1911900607253072,0.6394574126925103,0.55,0.050000000000000024,9.020562075079397e-17,80,0.3375,0.23552613798365088,0.4519056143741682,0.8518518518518519,0.6626891359757556,0.9581126035262327,0.2875,0.1917604719719651,0.3995451133120206,0.6625,0.05,4.163336342344337e-17,0.4
yoloworld,219169,31407,22,elephant in front on the right,1,2,2,0,0.0,40,40,0.375,0.22726272248182594,0.5419852477673891,0.9333333333333333,0.6805154334216966,0.9983135697586473,0.35,0.20628249087076694,0.5168444536489906,0.625,0.024999999999999994,2.7755575615628914e-17,80,0.3375,0.23552613798365088,0.4519056143741682,0.8518518518518519,0.6626891359757556,0.9581126035262327,0.2875,0.1917604719719651,0.3995451133120206,0.6625,0.05,4.163336342344337e-17,0.35
yoloworld,55232,45238,28,left umbrella,1,16,5,0,0.3446543564086417,5,5,1.0,0.47817624989501856,1.0,0.6,0.14663279963467318,0.9472550494736831,0.6,0.14663279963467318,0.9472550494736831,0.0,0.4,0.0,80,0.9375,0.8601429247023609,0.9793969276979898,0.4533333333333333,0.3379442789046586,0.5725210907779152,0.425,0.3151097654523422,0.5406111885690619,0.0625,0.5125,0.0,0.6
yoloworld,55232,45238,28,left umbrella,1,16,5,0,0.3446543564086417,10,10,1.0,0.6915028921812392,1.0,0.4,0.1215522581198272,0.7376219233930549,0.4,0.1215522581198272,0.7376219233930549,0.0,0.6,0.0,80,0.9375,0.8601429247023609,0.9793969276979898,0.4533333333333333,0.3379442789046586,0.5725210907779152,0.425,0.3151097654523422,0.5406111885690619,0.0625,0.5125,0.0,0.4
yoloworld,55232,45238,28,left umbrella,1,16,5,0,0.3446543564086417,20,20,0.95,0.7512672372279723,0.9987349105020502,0.42105263157894735,0.20252143897716282,0.6650021559882646,0.4,0.1911900607253072,0.6394574126925103,0.050000000000000044,0.55,1.1102230246251565e-16,80,0.9375,0.8601429247023609,0.9793969276979898,0.4533333333333333,0.3379442789046586,0.5725210907779152,0.425,0.3151097654523422,0.5406111885690619,0.0625,0.5125,0.0,0.4
yoloworld,55232,45238,28,left umbrella,1,16,5,0,0.3446543564086417,40,40,0.95,0.8308031360405824,0.9938863534006491,0.42105263157894735,0.2630982372514841,0.5917855458800947,0.4,0.24864998658774376,0.5667329478067034,0.050000000000000044,0.55,1.1102230246251565e-16,80,0.9375,0.8601429247023609,0.9793969276979898,0.4533333333333333,0.3379442789046586,0.5725210907779152,0.425,0.3151097654523422,0.5406111885690619,0.0625,0.5125,0.0,0.4
yoloworld,11292,49090,1,man right,0,0,0,0,0.0,5,0,0.0,,,,,,0.0,,,,,,0,0.0,,,,,,0.0,,,,,,0.0
yoloworld,11292,49090,1,man right,0,0,0,0,0.0,10,0,0.0,,,,,,0.0,,,,,,0,0.0,,,,,,0.0,,,,,,0.0
yoloworld,11292,49090,1,man right,0,0,0,0,0.0,20,0,0.0,,,,,,0.0,,,,,,0,0.0,,,,,,0.0,,,,,,0.0
yoloworld,11292,49090,1,man right,0,0,0,0,0.0,40,0,0.0,,,,,,0.0,,,,,,0,0.0,,,,,,0.0,,,,,,0.0
yoloworld,79722,43046,84,white book at right,1,3,3,1,0.506711192438411,5,5,0.4,0.05274495052631693,0.8533672003653268,0.5,0.01257911709342506,0.9874208829065749,0.2,0.005050763379468061,0.7164179361180893,0.6,0.2,5.551115123125783e-17,80,0.575,0.4593888114309382,0.6848902345476577,0.8913043478260869,0.7643032992825269,0.9637516281089775,0.5125,0.39810466870318545,0.625942518555561,0.42500000000000004,0.06250000000000001,1.3877787807814457e-17,0.2
yoloworld,79722,43046,84,white book at right,1,3,3,1,0.506711192438411,10,10,0.5,0.18708602844739855,0.8129139715526015,0.8,0.2835820638819106,0.9949492366205319,0.4,0.1215522581198272,0.7376219233930549,0.5,0.09999999999999998,0.0,80,0.575,0.4593888114309382,0.6848902345476577,0.8913043478260869,0.7643032992825269,0.9637516281089775,0.5125,0.39810466870318545,0.625942518555561,0.42500000000000004,0.06250000000000001,1.3877787807814457e-17,0.4
yoloworld,79722,43046,84,white book at right,1,3,3,1,0.506711192438411,20,20,0.45,0.2305778967759242,0.6847218669594515,0.7777777777777778,0.39990642628368794,0.9718550265221018,0.35,0.15390920478454118,0.5921885345328282,0.55,0.09999999999999999,1.3877787807814457e-17,80,0.575,0.4593888114309382,0.6848902345476577,0.8913043478260869,0.7643032992825269,0.9637516281089775,0.5125,0.39810466870318545,0.625942518555561,0.42500000000000004,0.06250000000000001,1.3877787807814457e-17,0.35
yoloworld,79722,43046,84,white book at right,1,3,3,1,0.506711192438411,40,40,0.525,0.36128013526406216,0.6848802933650138,0.8571428571428571,0.636576012983019,0.9695110323784845,0.45,0.29258835003987993,0.6150932054659867,0.475,0.07500000000000002,4.163336342344337e-17,80,0.575,0.4593888114309382,0.6848902345476577,0.8913043478260869,0.7643032992825269,0.9637516281089775,0.5125,0.39810466870318545,0.625942518555561,0.42500000000000004,0.06250000000000001,1.3877787807814457e-17,0.45
yoloworld,258705,28035,1,orange,0,0,0,0,0.0,5,0,0.0,,,,,,0.0,,,,,,0,0.0,,,,,,0.0,,,,,,0.0
yoloworld,258705,28035,1,orange,0,0,0,0,0.0,10,0,0.0,,,,,,0.0,,,,,,0,0.0,,,,,,0.0,,,,,,0.0
yoloworld,258705,28035,1,orange,0,0,0,0,0.0,20,0,0.0,,,,,,0.0,,,,,,0,0.0,,,,,,0.0,,,,,,0.0
yoloworld,258705,28035,1,orange,0,0,0,0,0.0,40,0,0.0,,,,,,0.0,,,,,,0,0.0,,,,,,0.0,,,,,,0.0
yoloworld,128974,38853,1,person on first motorcycle right guy closest to us,1,20,5,1,0.9287916680358248,5,5,1.0,0.47817624989501856,1.0,0.4,0.05274495052631693,0.8533672003653268,0.4,0.05274495052631693,0.8533672003653268,0.0,0.6,0.0,80,0.975,0.9125928440694078,0.9969579138351904,0.47435897435897434,0.3600694298480281,0.5906539569284948,0.4625,0.35027642653839836,0.5775824719951649,0.025000000000000022,0.5125,0.0,0.4
yoloworld,128974,38853,1,person on first motorcycle right guy closest to us,1,20,5,1,0.9287916680358248,10,10,1.0,0.6915028921812392,1.0,0.4,0.1215522581198272,0.7376219233930549,0.4,0.1215522581198272,0.7376219233930549,0.0,0.6,0.0,80,0.975,0.9125928440694078,0.9969579138351904,0.47435897435897434,0.3600694298480281,0.5906539569284948,0.4625,0.35027642653839836,0.5775824719951649,0.025000000000000022,0.5125,0.0,0.4
yoloworld,128974,38853,1,person on first motorcycle right guy closest to us,1,20,5,1,0.9287916680358248,20,20,1.0,0.8315665290169146,1.0,0.45,0.2305778967759242,0.6847218669594515,0.45,0.2305778967759242,0.6847218669594515,0.0,0.55,0.0,80,0.975,0.9125928440694078,0.9969579138351904,0.47435897435897434,0.3600694298480281,0.5906539569284948,0.4625,0.35027642653839836,0.5775824719951649,0.025000000000000022,0.5125,0.0,0.45
yoloworld,128974,38853,1,person on first motorcycle right guy closest to us,1,20,5,1,0.9287916680358248,40,40,1.0,0.9119026971211976,1.0,0.425,0.2704290312688629,0.5910994195730366,0.425,0.2704290312688629,0.5910994195730366,0.0,0.575,0.0,80,0.975,0.9125928440694078,0.9969579138351904,0.47435897435897434,0.3600694298480281,0.5906539569284948,0.4625,0.35027642653839836,0.5775824719951649,0.025000000000000022,0.5125,0.0,0.425
yoloworld,242807,29419,1,uniform behind the dark skin child,1,3,3,1,0.7727692600381504,5,5,1.0,0.47817624989501856,1.0,1.0,0.47817624989501856,1.0,1.0,0.47817624989501856,1.0,0.0,0.0,0.0,80,0.9875,0.9323122155360776,0.9996835774723672,1.0,0.9543787472413889,1.0,0.9875,0.9323122155360776,0.9996835774723672,0.012499999999999956,0.0,0.0,1.0
yoloworld,242807,29419,1,uniform behind the dark skin child,1,3,3,1,0.7727692600381504,10,10,1.0,0.6915028921812392,1.0,1.0,0.6915028921812392,1.0,1.0,0.6915028921812392,1.0,0.0,0.0,0.0,80,0.9875,0.9323122155360776,0.9996835774723672,1.0,0.9543787472413889,1.0,0.9875,0.9323122155360776,0.9996835774723672,0.012499999999999956,0.0,0.0,1.0
yoloworld,242807,29419,1,uniform behind the dark skin child,1,3,3,1,0.7727692600381504,20,20,1.0,0.8315665290169146,1.0,0.95,0.7512672372279723,0.9987349105020502,0.95,0.7512672372279723,0.9987349105020502,0.0,0.050000000000000044,0.0,80,0.9875,0.9323122155360776,0.9996835774723672,1.0,0.9543787472413889,1.0,0.9875,0.9323122155360776,0.9996835774723672,0.012499999999999956,0.0,0.0,0.95
yoloworld,242807,29419,1,uniform behind the dark skin child,1,3,3,1,0.7727692600381504,40,40,1.0,0.9119026971211976,1.0,0.975,0.8684141415172343,0.9993672550679505,0.975,0.8684141415172343,0.9993672550679505,0.0,0.025000000000000022,0.0,80,0.9875,0.9323122155360776,0.9996835774723672,1.0,0.9543787472413889,1.0,0.9875,0.9323122155360776,0.9996835774723672,0.012499999999999956,0.0,0.0,0.975
yoloworld,76781,43308,22,front elephant,1,2,2,1,0.9142320496957961,5,5,1.0,0.47817624989501856,1.0,1.0,0.47817624989501856,1.0,1.0,0.47817624989501856,1.0,0.0,0.0,0.0,80,1.0,0.9549359649323077,1.0,1.0,0.9549359649323077,1.0,1.0,0.9549359649323077,1.0,0.0,0.0,0.0,1.0
yoloworld,76781,43308,22,front elephant,1,2,2,1,0.9142320496957961,10,10,1.0,0.6915028921812392,1.0,1.0,0.6915028921812392,1.0,1.0,0.6915028921812392,1.0,0.0,0.0,0.0,80,1.0,0.9549359649323077,1.0,1.0,0.9549359649323077,1.0,1.0,0.9549359649323077,1.0,0.0,0.0,0.0,1.0
yoloworld,76781,43308,22,front elephant,1,2,2,1,0.9142320496957961,20,20,1.0,0.8315665290169146,1.0,1.0,0.8315665290169146,1.0,1.0,0.8315665290169146,1.0,0.0,0.0,0.0,80,1.0,0.9549359649323077,1.0,1.0,0.9549359649323077,1.0,1.0,0.9549359649323077,1.0,0.0,0.0,0.0,1.0
yoloworld,76781,43308,22,front elephant,1,2,2,1,0.9142320496957961,40,40,1.0,0.9119026971211976,1.0,1.0,0.9119026971211976,1.0,1.0,0.9119026971211976,1.0,0.0,0.0,0.0,80,1.0,0.9549359649323077,1.0,1.0,0.9549359649323077,1.0,1.0,0.9549359649323077,1.0,0.0,0.0,0.0,1.0
yoloworld,250978,28705,88,bear the child is hugging,1,13,5,1,0.5820954427749869,5,5,1.0,0.47817624989501856,1.0,0.2,0.005050763379468061,0.7164179361180893,0.2,0.005050763379468061,0.7164179361180893,0.0,0.8,0.0,80,1.0,0.9549359649323077,1.0,0.5,0.38604788336490925,0.6139521166350907,0.5,0.38604788336490925,0.6139521166350907,0.0,0.5,0.0,0.2
yoloworld,250978,28705,88,bear the child is hugging,1,13,5,1,0.5820954427749869,10,10,1.0,0.6915028921812392,1.0,0.2,0.02521072632683339,0.5560954623076415,0.2,0.02521072632683339,0.5560954623076415,0.0,0.8,0.0,80,1.0,0.9549359649323077,1.0,0.5,0.38604788336490925,0.6139521166350907,0.5,0.38604788336490925,0.6139521166350907,0.0,0.5,0.0,0.2
yoloworld,250978,28705,88,bear the child is hugging,1,13,5,1,0.5820954427749869,20,20,1.0,0.8315665290169146,1.0,0.25,0.08657146910143462,0.49104587170795755,0.25,0.08657146910143462,0.49104587170795755,0.0,0.75,0.0,80,1.0,0.9549359649323077,1.0,0.5,0.38604788336490925,0.6139521166350907,0.5,0.38604788336490925,0.6139521166350907,0.0,0.5,0.0,0.25
yoloworld,250978,28705,88,bear the child is hugging,1,13,5,1,0.5820954427749869,40,40,1.0,0.9119026971211976,1.0,0.25,0.126914798932845,0.4119619801514298,0.25,0.126914798932845,0.4119619801514298,0.0,0.75,0.0,80,1.0,0.9549359649323077,1.0,0.5,0.38604788336490925,0.6139521166350907,0.5,0.38604788336490925,0.6139521166350907,0.0,0.5,0.0,0.25
yoloworld,534772,4136,1,top left,0,0,0,0,0.0,5,0,0.0,,,,,,0.0,,,,,,0,0.0,,,,,,0.0,,,,,,0.0
yoloworld,534772,4136,1,top left,0,0,0,0,0.0,10,0,0.0,,,,,,0.0,,,,,,0,0.0,,,,,,0.0,,,,,,0.0
yoloworld,534772,4136,1,top left,0,0,0,0,0.0,20,0,0.0,,,,,,0.0,,,,,,0,0.0,,,,,,0.0,,,,,,0.0
yoloworld,534772,4136,1,top left,0,0,0,0,0.0,40,0,0.0,,,,,,0.0,,,,,,0,0.0,,,,,,0.0,,,,,,0.0
yoloworld,62038,44565,46,closest glass,1,5,5,1,0.9662847314822063,5,5,0.8,0.2835820638819106,0.9949492366205319,1.0,0.3976353643835254,1.0,0.8,0.2835820638819106,0.9949492366205319,0.19999999999999996,0.0,0.0,80,0.8125,0.7096721043523089,0.8910863118524706,1.0,0.9448283656811867,1.0,0.8125,0.7096721043523089,0.8910863118524706,0.1875,0.0,0.0,0.8
yoloworld,62038,44565,46,closest glass,1,5,5,1,0.9662847314822063,10,10,0.8,0.4439045376923585,0.9747892736731666,1.0,0.6305833524471808,1.0,0.8,0.4439045376923585,0.9747892736731666,0.19999999999999996,0.0,0.0,80,0.8125,0.7096721043523089,0.8910863118524706,1.0,0.9448283656811867,1.0,0.8125,0.7096721043523089,0.8910863118524706,0.1875,0.0,0.0,0.8
yoloworld,62038,44565,46,closest glass,1,5,5,1,0.9662847314822063,20,20,0.8,0.5633859970033317,0.9426660029499673,1.0,0.7940927857921773,1.0,0.8,0.5633859970033317,0.9426660029499673,0.19999999999999996,0.0,0.0,80,0.8125,0.7096721043523089,0.8910863118524706,1.0,0.9448283656811867,1.0,0.8125,0.7096721043523089,0.8910863118524706,0.1875,0.0,0.0,0.8
yoloworld,62038,44565,46,closest glass,1,5,5,1,0.9662847314822063,40,40,0.85,0.7016473331604236,0.9428977418454741,1.0,0.8971820757409874,1.0,0.85,0.7016473331604236,0.9428977418454741,0.15000000000000002,0.0,0.0,80,0.8125,0.7096721043523089,0.8910863118524706,1.0,0.9448283656811867,1.0,0.8125,0.7096721043523089,0.8910863118524706,0.1875,0.0,0.0,0.85
yoloworld,454002,11146,67,table,0,1,0,1,0.9786775446283819,5,0,0.0,,,,,,0.0,,,,,,0,0.0,,,,,,0.0,,,,,,0.0
yoloworld,454002,11146,67,table,0,1,0,1,0.9786775446283819,10,0,0.0,,,,,,0.0,,,,,,0,0.0,,,,,,0.0,,,,,,0.0
yoloworld,454002,11146,67,table,0,1,0,1,0.9786775446283819,20,0,0.0,,,,,,0.0,,,,,,0,0.0,,,,,,0.0,,,,,,0.0
yoloworld,454002,11146,67,table,0,1,0,1,0.9786775446283819,40,0,0.0,,,,,,0.0,,,,,,0,0.0,,,,,,0.0,,,,,,0.0
yoloworld,183923,34338,1,khaki pants to the far left,1,2,2,0,0.11851532922670144,5,5,1.0,0.47817624989501856,1.0,1.0,0.47817624989501856,1.0,1.0,0.47817624989501856,1.0,0.0,0.0,0.0,80,0.8875,0.7971534080830098,0.9472484868543125,0.9859154929577465,0.9240065838788966,0.9996434747253966,0.875,0.7821108659305637,0.9383979034415657,0.11250000000000004,0.012499999999999983,2.7755575615628914e-17,1.0
yoloworld,183923,34338,1,khaki pants to the far left,1,2,2,0,0.11851532922670144,10,10,0.9,0.5549838829718046,0.9974714214555382,1.0,0.6637328831200572,1.0,0.9,0.5549838829718046,0.9974714214555382,0.09999999999999998,0.0,0.0,80,0.8875,0.7971534080830098,0.9472484868543125,0.9859154929577465,0.9240065838788966,0.9996434747253966,0.875,0.7821108659305637,0.9383979034415657,0.11250000000000004,0.012499999999999983,2.7755575615628914e-17,0.9
yoloworld,183923,34338,1,khaki pants to the far left,1,2,2,0,0.11851532922670144,20,20,0.8,0.5633859970033317,0.9426660029499673,1.0,0.7940927857921773,1.0,0.8,0.5633859970033317,0.9426660029499673,0.19999999999999996,0.0,0.0,80,0.8875,0.7971534080830098,0.9472484868543125,0.9859154929577465,0.9240065838788966,0.9996434747253966,0.875,0.7821108659305637,0.9383979034415657,0.11250000000000004,0.012499999999999983,2.7755575615628914e-17,0.8
yoloworld,183923,34338,1,khaki pants to the far left,1,2,2,0,0.11851532922670144,40,40,0.85,0.7016473331604236,0.9428977418454741,1.0,0.8971820757409874,1.0,0.85,0.7016473331604236,0.9428977418454741,0.15000000000000002,0.0,0.0,80,0.8875,0.7971534080830098,0.9472484868543125,0.9859154929577465,0.9240065838788966,0.9996434747253966,0.875,0.7821108659305637,0.9383979034415657,0.11250000000000004,0.012499999999999983,2.7755575615628914e-17,0.85
yoloworld,175745,35052,1,girl wearing pink shorts,1,2,2,1,0.9854526055797506,5,5,0.6,0.14663279963467318,0.9472550494736831,1.0,0.29240177382128674,1.0,0.6,0.14663279963467318,0.9472550494736831,0.4,0.0,0.0,80,0.7625,0.6542230288597322,0.8505462481433591,1.0,0.9413187760677074,1.0,0.7625,0.6542230288597322,0.8505462481433591,0.23750000000000004,0.0,0.0,0.6
yoloworld,175745,35052,1,girl wearing pink shorts,1,2,2,1,0.9854526055797506,10,10,0.7,0.34754714994000274,0.9332604888222655,1.0,0.5903836027749967,1.0,0.7,0.34754714994000274,0.9332604888222655,0.30000000000000004,0.0,0.0,80,0.7625,0.6542230288597322,0.8505462481433591,1.0,0.9413187760677074,1.0,0.7625,0.6542230288597322,0.8505462481433591,0.23750000000000004,0.0,0.0,0.7
yoloworld,175745,35052,1,girl wearing pink shorts,1,2,2,1,0.9854526055797506,20,20,0.75,0.5089541282920425,0.9134285308985653,1.0,0.781980639089466,1.0,0.75,0.5089541282920425,0.9134285308985653,0.25,0.0,0.0,80,0.7625,0.6542230288597322,0.8505462481433591,1.0,0.9413187760677074,1.0,0.7625,0.6542230288597322,0.8505462481433591,0.23750000000000004,0.0,0.0,0.75
yoloworld,175745,35052,1,girl wearing pink shorts,1,2,2,1,0.9854526055797506,40,40,0.7,0.5346837147458767,0.8343727956067644,1.0,0.8765638814997362,1.0,0.7,0.5346837147458767,0.8343727956067644,0.30000000000000004,0.0,0.0,80,0.7625,0.6542230288597322,0.8505462481433591,1.0,0.9413187760677074,1.0,0.7625,0.6542230288597322,0.8505462481433591,0.23750000000000004,0.0,0.0,0.7
yoloworld,177214,34908,22,small elephant left,1,9,5,0,0.0,5,5,1.0,0.47817624989501856,1.0,0.8,0.2835820638819106,0.9949492366205319,0.8,0.2835820638819106,0.9949492366205319,0.0,0.19999999999999996,0.0,80,1.0,0.9549359649323077,1.0,0.875,0.7821108659305637,0.9383979034415657,0.875,0.7821108659305637,0.9383979034415657,0.0,0.125,0.0,0.8
yoloworld,177214,34908,22,small elephant left,1,9,5,0,0.0,10,10,1.0,0.6915028921812392,1.0,0.8,0.4439045376923585,0.9747892736731666,0.8,0.4439045376923585,0.9747892736731666,0.0,0.19999999999999996,0.0,80,1.0,0.9549359649323077,1.0,0.875,0.7821108659305637,0.9383979034415657,0.875,0.7821108659305637,0.9383979034415657,0.0,0.125,0.0,0.8
yoloworld,177214,34908,22,small elephant left,1,9,5,0,0.0,20,20,1.0,0.8315665290169146,1.0,0.85,0.6210731734546859,0.9679290628145363,0.85,0.6210731734546859,0.9679290628145363,0.0,0.15000000000000002,0.0,80,1.0,0.9549359649323077,1.0,0.875,0.7821108659305637,0.9383979034415657,0.875,0.7821108659305637,0.9383979034415657,0.0,0.125,0.0,0.85
yoloworld,177214,34908,22,small elephant left,1,9,5,0,0.0,40,40,1.0,0.9119026971211976,1.0,0.875,0.7319670826382796,0.9581403738613833,0.875,0.7319670826382796,0.9581403738613833,0.0,0.125,0.0,80,1.0,0.9549359649323077,1.0,0.875,0.7821108659305637,0.9383979034415657,0.875,0.7821108659305637,0.9383979034415657,0.0,0.125,0.0,0.875
yoloworld,1958,49846,63,chair in blue bottom right corner,1,2,2,0,0.21299556637616615,5,5,0.6,0.14663279963467318,0.9472550494736831,1.0,0.29240177382128674,1.0,0.6,0.14663279963467318,0.9472550494736831,0.4,0.0,0.0,80,0.775,0.6679136799387491,0.8608627895010682,1.0,0.942237365570709,1.0,0.775,0.6679136799387491,0.8608627895010682,0.22499999999999998,0.0,0.0,0.6
yoloworld,1958,49846,63,chair in blue bottom right corner,1,2,2,0,0.21299556637616615,10,10,0.6,0.2623780766069451,0.8784477418801728,1.0,0.5407418735600996,1.0,0.6,0.2623780766069451,0.8784477418801728,0.4,0.0,0.0,80,0.775,0.6679136799387491,0.8608627895010682,1.0,0.942237365570709,1.0,0.775,0.6679136799387491,0.8608627895010682,0.22499999999999998,0.0,0.0,0.6
yoloworld,1958,49846,63,chair in blue bottom right corner,1,2,2,0,0.21299556637616615,20,20,0.7,0.4572108177237109,0.8810684095942722,1.0,0.7683642383498835,1.0,0.7,0.4572108177237109,0.8810684095942722,0.30000000000000004,0.0,0.0,80,0.775,0.6679136799387491,0.8608627895010682,1.0,0.942237365570709,1.0,0.775,0.6679136799387491,0.8608627895010682,0.22499999999999998,0.0,0.0,0.7
yoloworld,1958,49846,63,chair in blue bottom right corner,1,2,2,0,0.21299556637616615,40,40,0.7,0.5346837147458767,0.8343727956067644,1.0,0.8765638814997362,1.0,0.7,0.5346837147458767,0.8343727956067644,0.30000000000000004,0.0,0.0,80,0.775,0.6679136799387491,0.8608627895010682,1.0,0.942237365570709,1.0,0.775,0.6679136799387491,0.8608627895010682,0.22499999999999998,0.0,0.0,0.7
yoloworld,73610,43595,1,actual man,1,2,2,1,0.9589977947833261,5,5,1.0,0.47817624989501856,1.0,1.0,0.47817624989501856,1.0,1.0,0.47817624989501856,1.0,0.0,0.0,0.0,80,1.0,0.9549359649323077,1.0,1.0,0.9549359649323077,1.0,1.0,0.9549359649323077,1.0,0.0,0.0,0.0,1.0
yoloworld,73610,43595,1,actual man,1,2,2,1,0.9589977947833261,10,10,1.0,0.6915028921812392,1.0,1.0,0.6915028921812392,1.0,1.0,0.6915028921812392,1.0,0.0,0.0,0.0,80,1.0,0.9549359649323077,1.0,1.0,0.9549359649323077,1.0,1.0,0.9549359649323077,1.0,0.0,0.0,0.0,1.0
yoloworld,73610,43595,1,actual man,1,2,2,1,0.9589977947833261,20,20,1.0,0.8315665290169146,1.0,1.0,0.8315665290169146,1.0,1.0,0.8315665290169146,1.0,0.0,0.0,0.0,80,1.0,0.9549359649323077,1.0,1.0,0.9549359649323077,1.0,1.0,0.9549359649323077,1.0,0.0,0.0,0.0,1.0
yoloworld,73610,43595,1,actual man,1,2,2,1,0.9589977947833261,40,40,1.0,0.9119026971211976,1.0,1.0,0.9119026971211976,1.0,1.0,0.9119026971211976,1.0,0.0,0.0,0.0,80,1.0,0.9549359649323077,1.0,1.0,0.9549359649323077,1.0,1.0,0.9549359649323077,1.0,0.0,0.0,0.0,1.0
yoloworld,511036,6193,51,blue dish with bread or whatever in it bottom right,1,11,5,1,0.9162639307846955,5,5,1.0,0.47817624989501856,1.0,0.8,0.2835820638819106,0.9949492366205319,0.8,0.2835820638819106,0.9949492366205319,0.0,0.19999999999999996,0.0,80,1.0,0.9549359649323077,1.0,0.95,0.876901263556847,0.9862106060235382,0.95,0.876901263556847,0.9862106060235382,0.0,0.050000000000000044,0.0,0.8
yoloworld,511036,6193,51,blue dish with bread or whatever in it bottom right,1,11,5,1,0.9162639307846955,10,10,1.0,0.6915028921812392,1.0,0.8,0.4439045376923585,0.9747892736731666,0.8,0.4439045376923585,0.9747892736731666,0.0,0.19999999999999996,0.0,80,1.0,0.9549359649323077,1.0,0.95,0.876901263556847,0.9862106060235382,0.95,0.876901263556847,0.9862106060235382,0.0,0.050000000000000044,0.0,0.8
yoloworld,511036,6193,51,blue dish with bread or whatever in it bottom right,1,11,5,1,0.9162639307846955,20,20,1.0,0.8315665290169146,1.0,0.9,0.6830172859809176,0.9876514728297052,0.9,0.6830172859809176,0.9876514728297052,0.0,0.09999999999999998,0.0,80,1.0,0.9549359649323077,1.0,0.95,0.876901263556847,0.9862106060235382,0.95,0.876901263556847,0.9862106060235382,0.0,0.050000000000000044,0.0,0.9
yoloworld,511036,6193,51,blue dish with bread or whatever in it bottom right,1,11,5,1,0.9162639307846955,40,40,1.0,0.9119026971211976,1.0,0.9,0.7633626001239001,0.9720745847057807,0.9,0.7633626001239001,0.9720745847057807,0.0,0.09999999999999998,0.0,80,1.0,0.9549359649323077,1.0,0.95,0.876901263556847,0.9862106060235382,0.95,0.876901263556847,0.9862106060235382,0.0,0.050000000000000044,0.0,0.9
yoloworld,264741,27481,63,bottom right corner couch cushion,1,2,2,0,0.05411616684368207,5,5,0.8,0.2835820638819106,0.9949492366205319,1.0,0.3976353643835254,1.0,0.8,0.2835820638819106,0.9949492366205319,0.19999999999999996,0.0,0.0,80,0.75,0.64063652409315,0.8401203554931442,0.9333333333333333,0.8380132448022711,0.9815382224241185,0.7,0.587240676918624,0.7974260708533272,0.25,0.04999999999999999,5.551115123125783e-17,0.8
yoloworld,264741,27481,63,bottom right corner couch cushion,1,2,2,0,0.05411616684368207,10,10,0.8,0.4439045376923585,0.9747892736731666,0.875,0.4734903291247935,0.9968402764687481,0.7,0.34754714994000274,0.9332604888222655,0.19999999999999996,0.1,8.326672684688674e-17,80,0.75,0.64063652409315,0.8401203554931442,0.9333333333333333,0.8380132448022711,0.9815382224241185,0.7,0.587240676918624,0.7974260708533272,0.25,0.04999999999999999,5.551115123125783e-17,0.7
yoloworld,264741,27481,63,bottom right corner couch cushion,1,2,2,0,0.05411616684368207,20,20,0.9,0.6830172859809176,0.9876514728297052,0.9444444444444444,0.7270564003266315,0.9985944438326306,0.85,0.6210731734546859,0.9679290628145363,0.09999999999999998,0.050000000000000024,2.0816681711721685e-17,80,0.75,0.64063652409315,0.8401203554931442,0.9333333333333333,0.8380132448022711,0.9815382224241185,0.7,0.587240676918624,0.7974260708533272,0.25,0.04999999999999999,5.551115123125783e-17,0.85
yoloworld,264741,27481,63,bottom right corner couch cushion,1,2,2,0,0.05411616684368207,40,40,0.9,0.7633626001239001,0.9720745847057807,0.9722222222222222,0.8547107352531468,0.9992969747940952,0.875,0.7319670826382796,0.9581403738613833,0.09999999999999998,0.025000000000000012,1.0408340855860843e-17,80,0.75,0.64063652409315,0.8401203554931442,0.9333333333333333,0.8380132448022711,0.9815382224241185,0.7,0.587240676918624,0.7974260708533272,0.25,0.04999999999999999,5.551115123125783e-17,0.875
yoloworld,247126,29015,1,blue shirt,1,2,2,0,0.3284345834779615,5,5,1.0,0.47817624989501856,1.0,1.0,0.47817624989501856,1.0,1.0,0.47817624989501856,1.0,0.0,0.0,0.0,80,0.9875,0.9323122155360776,0.9996835774723672,1.0,0.9543787472413889,1.0,0.9875,0.9323122155360776,0.9996835774723672,0.012499999999999956,0.0,0.0,1.0
yoloworld,247126,29015,1,blue shirt,1,2,2,0,0.3284345834779615,10,10,1.0,0.6915028921812392,1.0,1.0,0.6915028921812392,1.0,1.0,0.6915028921812392,1.0,0.0,0.0,0.0,80,0.9875,0.9323122155360776,0.9996835774723672,1.0,0.9543787472413889,1.0,0.9875,0.9323122155360776,0.9996835774723672,0.012499999999999956,0.0,0.0,1.0
yoloworld,247126,29015,1,blue shirt,1,2,2,0,0.3284345834779615,20,20,1.0,0.8315665290169146,1.0,1.0,0.8315665290169146,1.0,1.0,0.8315665290169146,1.0,0.0,0.0,0.0,80,0.9875,0.9323122155360776,0.9996835774723672,1.0,0.9543787472413889,1.0,0.9875,0.9323122155360776,0.9996835774723672,0.012499999999999956,0.0,0.0,1.0
yoloworld,247126,29015,1,blue shirt,1,2,2,0,0.3284345834779615,40,40,1.0,0.9119026971211976,1.0,1.0,0.9119026971211976,1.0,1.0,0.9119026971211976,1.0,0.0,0.0,0.0,80,0.9875,0.9323122155360776,0.9996835774723672,1.0,0.9543787472413889,1.0,0.9875,0.9323122155360776,0.9996835774723672,0.012499999999999956,0.0,0.0,1.0
yoloworld,554699,2394,51,hot dogs far left,1,6,5,0,0.2876110003747121,5,5,0.6,0.14663279963467318,0.9472550494736831,0.0,0.0,0.7075982261787133,0.0,0.0,0.5218237501049814,0.4,0.6,0.0,80,0.8625,0.7672791291752744,0.9293121672961213,0.30434782608695654,0.19924774730764072,0.4268747035594077,0.2625,0.17040925110040828,0.3728508302124319,0.13749999999999996,0.6,1.1102230246251565e-16,0.0
yoloworld,554699,2394,51,hot dogs far left,1,6,5,0,0.2876110003747121,10,10,0.7,0.34754714994000274,0.9332604888222655,0.14285714285714285,0.0036102968619005863,0.5787231970431952,0.1,0.0025285785444617865,0.4450161170281954,0.30000000000000004,0.6,0.0,80,0.8625,0.7672791291752744,0.9293121672961213,0.30434782608695654,0.19924774730764072,0.4268747035594077,0.2625,0.17040925110040828,0.3728508302124319,0.13749999999999996,0.6,1.1102230246251565e-16,0.1
yoloworld,554699,2394,51,hot dogs far left,1,6,5,0,0.2876110003747121,20,20,0.75,0.5089541282920425,0.9134285308985653,0.2,0.04331200510583662,0.480891133806853,0.15,0.032070937185463715,0.378926826545314,0.25,0.6000000000000001,1.1102230246251565e-16,80,0.8625,0.7672791291752744,0.9293121672961213,0.30434782608695654,0.19924774730764072,0.4268747035594077,0.2625,0.17040925110040828,0.3728508302124319,0.13749999999999996,0.6,1.1102230246251565e-16,0.15
yoloworld,554699,2394,51,hot dogs far left,1,6,5,0,0.2876110003747121,40,40,0.775,0.6154883226965773,0.891603361015928,0.22580645161290322,0.09594216834575112,0.41096386613867325,0.175,0.07338272935208522,0.3277901333615858,0.22499999999999998,0.6,0.0,80,0.8625,0.7672791291752744,0.9293121672961213,0.30434782608695654,0.19924774730764072,0.4268747035594077,0.2625,0.17040925110040828,0.3728508302124319,0.13749999999999996,0.6,1.1102230246251565e-16,0.175
yoloworld,194056,33509,1,yellow coat,1,2,2,1,0.5475662771625835,5,5,1.0,0.47817624989501856,1.0,1.0,0.47817624989501856,1.0,1.0,0.47817624989501856,1.0,0.0,0.0,0.0,80,0.9,0.8124348925365684,0.955829059846371,0.9444444444444444,0.863821350687076,0.9846574628888694,0.85,0.7526358884071023,0.9200184386902862,0.09999999999999998,0.050000000000000024,2.0816681711721685e-17,1.0
yoloworld,194056,33509,1,yellow coat,1,2,2,1,0.5475662771625835,10,10,1.0,0.6915028921812392,1.0,1.0,0.6915028921812392,1.0,1.0,0.6915028921812392,1.0,0.0,0.0,0.0,80,0.9,0.8124348925365684,0.955829059846371,0.9444444444444444,0.863821350687076,0.9846574628888694,0.85,0.7526358884071023,0.9200184386902862,0.09999999999999998,0.050000000000000024,2.0816681711721685e-17,1.0
yoloworld,194056,33509,1,yellow coat,1,2,2,1,0.5475662771625835,20,20,1.0,0.8315665290169146,1.0,0.95,0.7512672372279723,0.9987349105020502,0.95,0.7512672372279723,0.9987349105020502,0.0,0.050000000000000044,0.0,80,0.9,0.8124348925365684,0.955829059846371,0.9444444444444444,0.863821350687076,0.9846574628888694,0.85,0.7526358884071023,0.9200184386902862,0.09999999999999998,0.050000000000000024,2.0816681711721685e-17,0.95
yoloworld,194056,33509,1,yellow coat,1,2,2,1,0.5475662771625835,40,40,0.975,0.8684141415172343,0.9993672550679505,0.9230769230769231,0.7912980787735568,0.9838466996893416,0.9,0.7633626001239001,0.9720745847057807,0.025000000000000022,0.07499999999999994,1.3877787807814457e-17,80,0.9,0.8124348925365684,0.955829059846371,0.9444444444444444,0.863821350687076,0.9846574628888694,0.85,0.7526358884071023,0.9200184386902862,0.09999999999999998,0.050000000000000024,2.0816681711721685e-17,0.9
yoloworld,193168,33579,59,right slice,1,2,2,0,0.29367199008999967,5,5,1.0,0.47817624989501856,1.0,0.8,0.2835820638819106,0.9949492366205319,0.8,0.2835820638819106,0.9949492366205319,0.0,0.19999999999999996,0.0,80,1.0,0.9549359649323077,1.0,0.8625,0.7672791291752744,0.9293121672961213,0.8625,0.7672791291752744,0.9293121672961213,0.0,0.13749999999999996,0.0,0.8
yoloworld,193168,33579,59,right slice,1,2,2,0,0.29367199008999967,10,10,1.0,0.6915028921812392,1.0,0.7,0.34754714994000274,0.9332604888222655,0.7,0.34754714994000274,0.9332604888222655,0.0,0.30000000000000004,0.0,80,1.0,0.9549359649323077,1.0,0.8625,0.7672791291752744,0.9293121672961213,0.8625,0.7672791291752744,0.9293121672961213,0.0,0.13749999999999996,0.0,0.7
yoloworld,193168,33579,59,right slice,1,2,2,0,0.29367199008999967,20,20,1.0,0.8315665290169146,1.0,0.75,0.5089541282920425,0.9134285308985653,0.75,0.5089541282920425,0.9134285308985653,0.0,0.25,0.0,80,1.0,0.9549359649323077,1.0,0.8625,0.7672791291752744,0.9293121672961213,0.8625,0.7672791291752744,0.9293121672961213,0.0,0.13749999999999996,0.0,0.75
yoloworld,193168,33579,59,right slice,1,2,2,0,0.29367199008999967,40,40,1.0,0.9119026971211976,1.0,0.825,0.6722098666384142,0.9266172706479148,0.825,0.6722098666384142,0.9266172706479148,0.0,0.17500000000000004,0.0,80,1.0,0.9549359649323077,1.0,0.8625,0.7672791291752744,0.9293121672961213,0.8625,0.7672791291752744,0.9293121672961213,0.0,0.13749999999999996,0.0,0.825
yoloworld,6051,49530,62,the white chair right above the dog,1,3,3,0,0.15932935207080912,5,5,0.8,0.2835820638819106,0.9949492366205319,1.0,0.3976353643835254,1.0,0.8,0.2835820638819106,0.9949492366205319,0.19999999999999996,0.0,0.0,80,0.9,0.8124348925365684,0.955829059846371,1.0,0.9500559162941453,1.0,0.9,0.8124348925365684,0.955829059846371,0.09999999999999998,0.0,0.0,0.8
yoloworld,6051,49530,62,the white chair right above the dog,1,3,3,0,0.15932935207080912,10,10,0.8,0.4439045376923585,0.9747892736731666,1.0,0.6305833524471808,1.0,0.8,0.4439045376923585,0.9747892736731666,0.19999999999999996,0.0,0.0,80,0.9,0.8124348925365684,0.955829059846371,1.0,0.9500559162941453,1.0,0.9,0.8124348925365684,0.955829059846371,0.09999999999999998,0.0,0.0,0.8
yoloworld,6051,49530,62,the white chair right above the dog,1,3,3,0,0.15932935207080912,20,20,0.9,0.6830172859809176,0.9876514728297052,1.0,0.8146980318621478,1.0,0.9,0.6830172859809176,0.9876514728297052,0.09999999999999998,0.0,0.0,80,0.9,0.8124348925365684,0.955829059846371,1.0,0.9500559162941453,1.0,0.9,0.8124348925365684,0.955829059846371,0.09999999999999998,0.0,0.0,0.9
yoloworld,6051,49530,62,the white chair right above the dog,1,3,3,0,0.15932935207080912,40,40,0.925,0.796135251267101,0.9842578201489585,1.0,0.9051094125850101,1.0,0.925,0.796135251267101,0.9842578201489585,0.07499999999999996,0.0,0.0,80,0.9,0.8124348925365684,0.955829059846371,1.0,0.9500559162941453,1.0,0.9,0.8124348925365684,0.955829059846371,0.09999999999999998,0.0,0.0,0.925
yoloworld,469825,9745,1,person in shorts,0,1,0,1,0.9327346975031864,5,0,0.0,,,,,,0.0,,,,,,0,0.0,,,,,,0.0,,,,,,0.0
yoloworld,469825,9745,1,person in shorts,0,1,0,1,0.9327346975031864,10,0,0.0,,,,,,0.0,,,,,,0,0.0,,,,,,0.0,,,,,,0.0
yoloworld,469825,9745,1,person in shorts,0,1,0,1,0.9327346975031864,20,0,0.0,,,,,,0.0,,,,,,0,0.0,,,,,,0.0,,,,,,0.0
yoloworld,469825,9745,1,person in shorts,0,1,0,1,0.9327346975031864,40,0,0.0,,,,,,0.0,,,,,,0,0.0,,,,,,0.0,,,,,,0.0
yoloworld,130869,38678,1,boy on right,1,2,2,1,0.9586991787522388,5,5,1.0,0.47817624989501856,1.0,1.0,0.47817624989501856,1.0,1.0,0.47817624989501856,1.0,0.0,0.0,0.0,80,1.0,0.9549359649323077,1.0,1.0,0.9549359649323077,1.0,1.0,0.9549359649323077,1.0,0.0,0.0,0.0,1.0
yoloworld,130869,38678,1,boy on right,1,2,2,1,0.9586991787522388,10,10,1.0,0.6915028921812392,1.0,1.0,0.6915028921812392,1.0,1.0,0.6915028921812392,1.0,0.0,0.0,0.0,80,1.0,0.9549359649323077,1.0,1.0,0.9549359649323077,1.0,1.0,0.9549359649323077,1.0,0.0,0.0,0.0,1.0
yoloworld,130869,38678,1,boy on right,1,2,2,1,0.9586991787522388,20,20,1.0,0.8315665290169146,1.0,1.0,0.8315665290169146,1.0,1.0,0.8315665290169146,1.0,0.0,0.0,0.0,80,1.0,0.9549359649323077,1.0,1.0,0.9549359649323077,1.0,1.0,0.9549359649323077,1.0,0.0,0.0,0.0,1.0
yoloworld,130869,38678,1,boy on right,1,2,2,1,0.9586991787522388,40,40,1.0,0.9119026971211976,1.0,1.0,0.9119026971211976,1.0,1.0,0.9119026971211976,1.0,0.0,0.0,0.0,80,1.0,0.9549359649323077,1.0,1.0,0.9549359649323077,1.0,1.0,0.9549359649323077,1.0,0.0,0.0,0.0,1.0
yoloworld,8436,49328,1,person third from the right,1,9,5,0,0.0,5,5,1.0,0.47817624989501856,1.0,0.8,0.2835820638819106,0.9949492366205319,0.8,0.2835820638819106,0.9949492366205319,0.0,0.19999999999999996,0.0,80,1.0,0.9549359649323077,1.0,0.65,0.5352031145206642,0.7533280635274648,0.65,0.5352031145206642,0.7533280635274648,0.0,0.35,0.0,0.8
yoloworld,8436,49328,1,person third from the right,1,9,5,0,0.0,10,10,1.0,0.6915028921812392,1.0,0.8,0.4439045376923585,0.9747892736731666,0.8,0.4439045376923585,0.9747892736731666,0.0,0.19999999999999996,0.0,80,1.0,0.9549359649323077,1.0,0.65,0.5352031145206642,0.7533280635274648,0.65,0.5352031145206642,0.7533280635274648,0.0,0.35,0.0,0.8
yoloworld,8436,49328,1,person third from the right,1,9,5,0,0.0,20,20,1.0,0.8315665290169146,1.0,0.75,0.5089541282920425,0.9134285308985653,0.75,0.5089541282920425,0.9134285308985653,0.0,0.25,0.0,80,1.0,0.9549359649323077,1.0,0.65,0.5352031145206642,0.7533280635274648,0.65,0.5352031145206642,0.7533280635274648,0.0,0.35,0.0,0.75
yoloworld,8436,49328,1,person third from the right,1,9,5,0,0.0,40,40,1.0,0.9119026971211976,1.0,0.7,0.5346837147458767,0.8343727956067644,0.7,0.5346837147458767,0.8343727956067644,0.0,0.30000000000000004,0.0,80,1.0,0.9549359649323077,1.0,0.65,0.5352031145206642,0.7533280635274648,0.65,0.5352031145206642,0.7533280635274648,0.0,0.35,0.0,0.7
yoloworld,194550,33474,1,right guy,0,1,0,0,0.02177892240289816,5,0,0.0,,,,,,0.0,,,,,,0,0.0,,,,,,0.0,,,,,,0.0
yoloworld,194550,33474,1,right guy,0,1,0,0,0.02177892240289816,10,0,0.0,,,,,,0.0,,,,,,0,0.0,,,,,,0.0,,,,,,0.0
yoloworld,194550,33474,1,right guy,0,1,0,0,0.02177892240289816,20,0,0.0,,,,,,0.0,,,,,,0,0.0,,,,,,0.0,,,,,,0.0
yoloworld,194550,33474,1,right guy,0,1,0,0,0.02177892240289816,40,0,0.0,,,,,,0.0,,,,,,0,0.0,,,,,,0.0,,,,,,0.0
yoloworld,253049,28511,60,left most donut,0,1,0,0,0.0,5,0,0.0,,,,,,0.0,,,,,,0,0.0,,,,,,0.0,,,,,,0.0
yoloworld,253049,28511,60,left most donut,0,1,0,0,0.0,10,0,0.0,,,,,,0.0,,,,,,0,0.0,,,,,,0.0,,,,,,0.0
yoloworld,253049,28511,60,left most donut,0,1,0,0,0.0,20,0,0.0,,,,,,0.0,,,,,,0,0.0,,,,,,0.0,,,,,,0.0
yoloworld,253049,28511,60,left most donut,0,1,0,0,0.0,40,0,0.0,,,,,,0.0,,,,,,0,0.0,,,,,,0.0,,,,,,0.0
yoloworld,278931,26336,1,person in a checked shirt,1,3,3,0,0.10046238315219089,5,5,1.0,0.47817624989501856,1.0,1.0,0.47817624989501856,1.0,1.0,0.47817624989501856,1.0,0.0,0.0,0.0,80,1.0,0.9549359649323077,1.0,1.0,0.9549359649323077,1.0,1.0,0.9549359649323077,1.0,0.0,0.0,0.0,1.0
yoloworld,278931,26336,1,person in a checked shirt,1,3,3,0,0.10046238315219089,10,10,1.0,0.6915028921812392,1.0,1.0,0.6915028921812392,1.0,1.0,0.6915028921812392,1.0,0.0,0.0,0.0,80,1.0,0.9549359649323077,1.0,1.0,0.9549359649323077,1.0,1.0,0.9549359649323077,1.0,0.0,0.0,0.0,1.0
yoloworld,278931,26336,1,person in a checked shirt,1,3,3,0,0.10046238315219089,20,20,1.0,0.8315665290169146,1.0,1.0,0.8315665290169146,1.0,1.0,0.8315665290169146,1.0,0.0,0.0,0.0,80,1.0,0.9549359649323077,1.0,1.0,0.9549359649323077,1.0,1.0,0.9549359649323077,1.0,0.0,0.0,0.0,1.0
yoloworld,278931,26336,1,person in a checked shirt,1,3,3,0,0.10046238315219089,40,40,1.0,0.9119026971211976,1.0,1.0,0.9119026971211976,1.0,1.0,0.9119026971211976,1.0,0.0,0.0,0.0,80,1.0,0.9549359649323077,1.0,1.0,0.9549359649323077,1.0,1.0,0.9549359649323077,1.0,0.0,0.0,0.0,1.0
yoloworld,20513,48271,46,top center glass,0,0,0,0,0.0,5,0,0.0,,,,,,0.0,,,,,,0,0.0,,,,,,0.0,,,,,,0.0
yoloworld,20513,48271,46,top center glass,0,0,0,0,0.0,10,0,0.0,,,,,,0.0,,,,,,0,0.0,,,,,,0.0,,,,,,0.0
yoloworld,20513,48271,46,top center glass,0,0,0,0,0.0,20,0,0.0,,,,,,0.0,,,,,,0,0.0,,,,,,0.0,,,,,,0.0
yoloworld,20513,48271,46,top center glass,0,0,0,0,0.0,40,0,0.0,,,,,,0.0,,,,,,0,0.0,,,,,,0.0,,,,,,0.0
yoloworld,402041,15613,22,left elephant,1,3,3,0,0.16232065142540245,5,5,1.0,0.47817624989501856,1.0,1.0,0.47817624989501856,1.0,1.0,0.47817624989501856,1.0,0.0,0.0,0.0,80,1.0,0.9549359649323077,1.0,1.0,0.9549359649323077,1.0,1.0,0.9549359649323077,1.0,0.0,0.0,0.0,1.0
yoloworld,402041,15613,22,left elephant,1,3,3,0,0.16232065142540245,10,10,1.0,0.6915028921812392,1.0,0.9,0.5549838829718046,0.9974714214555382,0.9,0.5549838829718046,0.9974714214555382,0.0,0.09999999999999998,0.0,80,1.0,0.9549359649323077,1.0,1.0,0.9549359649323077,1.0,1.0,0.9549359649323077,1.0,0.0,0.0,0.0,0.9
yoloworld,402041,15613,22,left elephant,1,3,3,0,0.16232065142540245,20,20,1.0,0.8315665290169146,1.0,0.9,0.6830172859809176,0.9876514728297052,0.9,0.6830172859809176,0.9876514728297052,0.0,0.09999999999999998,0.0,80,1.0,0.9549359649323077,1.0,1.0,0.9549359649323077,1.0,1.0,0.9549359649323077,1.0,0.0,0.0,0.0,0.9
yoloworld,402041,15613,22,left elephant,1,3,3,0,0.16232065142540245,40,40,1.0,0.9119026971211976,1.0,0.9,0.7633626001239001,0.9720745847057807,0.9,0.7633626001239001,0.9720745847057807,0.0,0.09999999999999998,0.0,80,1.0,0.9549359649323077,1.0,1.0,0.9549359649323077,1.0,1.0,0.9549359649323077,1.0,0.0,0.0,0.0,0.9
yoloworld,66637,44150,1,person with green shirt on right,1,7,5,0,0.0,5,5,1.0,0.47817624989501856,1.0,1.0,0.47817624989501856,1.0,1.0,0.47817624989501856,1.0,0.0,0.0,0.0,80,0.95,0.876901263556847,0.9862106060235382,1.0,0.9526212461330692,1.0,0.95,0.876901263556847,0.9862106060235382,0.050000000000000044,0.0,0.0,1.0
yoloworld,66637,44150,1,person with green shirt on right,1,7,5,0,0.0,10,10,0.9,0.5549838829718046,0.9974714214555382,1.0,0.6637328831200572,1.0,0.9,0.5549838829718046,0.9974714214555382,0.09999999999999998,0.0,0.0,80,0.95,0.876901263556847,0.9862106060235382,1.0,0.9526212461330692,1.0,0.95,0.876901263556847,0.9862106060235382,0.050000000000000044,0.0,0.0,0.9
yoloworld,66637,44150,1,person with green shirt on right,1,7,5,0,0.0,20,20,0.9,0.6830172859809176,0.9876514728297052,1.0,0.8146980318621478,1.0,0.9,0.6830172859809176,0.9876514728297052,0.09999999999999998,0.0,0.0,80,0.95,0.876901263556847,0.9862106060235382,1.0,0.9526212461330692,1.0,0.95,0.876901263556847,0.9862106060235382,0.050000000000000044,0.0,0.0,0.9
yoloworld,66637,44150,1,person with green shirt on right,1,7,5,0,0.0,40,40,0.875,0.7319670826382796,0.9581403738613833,1.0,0.8999675644278949,1.0,0.875,0.7319670826382796,0.9581403738613833,0.125,0.0,0.0,80,0.95,0.876901263556847,0.9862106060235382,1.0,0.9526212461330692,1.0,0.95,0.876901263556847,0.9862106060235382,0.050000000000000044,0.0,0.0,0.875
yoloworld,438045,12543,1,standing white shirt headless person,1,2,2,0,0.008931215052673233,5,5,1.0,0.47817624989501856,1.0,1.0,0.47817624989501856,1.0,1.0,0.47817624989501856,1.0,0.0,0.0,0.0,80,1.0,0.9549359649323077,1.0,1.0,0.9549359649323077,1.0,1.0,0.9549359649323077,1.0,0.0,0.0,0.0,1.0
yoloworld,438045,12543,1,standing white shirt headless person,1,2,2,0,0.008931215052673233,10,10,1.0,0.6915028921812392,1.0,1.0,0.6915028921812392,1.0,1.0,0.6915028921812392,1.0,0.0,0.0,0.0,80,1.0,0.9549359649323077,1.0,1.0,0.9549359649323077,1.0,1.0,0.9549359649323077,1.0,0.0,0.0,0.0,1.0
yoloworld,438045,12543,1,standing white shirt headless person,1,2,2,0,0.008931215052673233,20,20,1.0,0.8315665290169146,1.0,1.0,0.8315665290169146,1.0,1.0,0.8315665290169146,1.0,0.0,0.0,0.0,80,1.0,0.9549359649323077,1.0,1.0,0.9549359649323077,1.0,1.0,0.9549359649323077,1.0,0.0,0.0,0.0,1.0
yoloworld,438045,12543,1,standing white shirt headless person,1,2,2,0,0.008931215052673233,40,40,1.0,0.9119026971211976,1.0,1.0,0.9119026971211976,1.0,1.0,0.9119026971211976,1.0,0.0,0.0,0.0,80,1.0,0.9549359649323077,1.0,1.0,0.9549359649323077,1.0,1.0,0.9549359649323077,1.0,0.0,0.0,0.0,1.0
yoloworld,409653,14975,5,left plane,1,8,5,0,0.0,5,5,0.2,0.005050763379468061,0.7164179361180893,1.0,0.025000000000000022,1.0,0.2,0.005050763379468061,0.7164179361180893,0.8,0.0,0.0,80,0.2125,0.12893649509758176,0.3182858085596558,1.0,0.8049356770309068,1.0,0.2125,0.12893649509758176,0.3182858085596558,0.7875,0.0,0.0,0.2
yoloworld,409653,14975,5,left plane,1,8,5,0,0.0,10,10,0.2,0.02521072632683339,0.5560954623076415,1.0,0.15811388300841903,1.0,0.2,0.02521072632683339,0.5560954623076415,0.8,0.0,0.0,80,0.2125,0.12893649509758176,0.3182858085596558,1.0,0.8049356770309068,1.0,0.2125,0.12893649509758176,0.3182858085596558,0.7875,0.0,0.0,0.2
yoloworld,409653,14975,5,left plane,1,8,5,0,0.0,20,20,0.35,0.15390920478454118,0.5921885345328282,1.0,0.5903836027749967,1.0,0.35,0.15390920478454118,0.5921885345328282,0.65,0.0,0.0,80,0.2125,0.12893649509758176,0.3182858085596558,1.0,0.8049356770309068,1.0,0.2125,0.12893649509758176,0.3182858085596558,0.7875,0.0,0.0,0.35
yoloworld,409653,14975,5,left plane,1,8,5,0,0.0,40,40,0.275,0.14600899196386566,0.43888290717904815,1.0,0.7150858470818456,1.0,0.275,0.14600899196386566,0.43888290717904815,0.725,0.0,0.0,80,0.2125,0.12893649509758176,0.3182858085596558,1.0,0.8049356770309068,1.0,0.2125,0.12893649509758176,0.3182858085596558,0.7875,0.0,0.0,0.275
yoloworld,222893,31057,21,cow right,1,4,4,1,0.945938240665824,5,5,0.8,0.2835820638819106,0.9949492366205319,1.0,0.3976353643835254,1.0,0.8,0.2835820638819106,0.9949492366205319,0.19999999999999996,0.0,0.0,80,0.75,0.64063652409315,0.8401203554931442,1.0,0.9403705077138331,1.0,0.75,0.64063652409315,0.8401203554931442,0.25,0.0,0.0,0.8
yoloworld,222893,31057,21,cow right,1,4,4,1,0.945938240665824,10,10,0.8,0.4439045376923585,0.9747892736731666,1.0,0.6305833524471808,1.0,0.8,0.4439045376923585,0.9747892736731666,0.19999999999999996,0.0,0.0,80,0.75,0.64063652409315,0.8401203554931442,1.0,0.9403705077138331,1.0,0.75,0.64063652409315,0.8401203554931442,0.25,0.0,0.0,0.8
yoloworld,222893,31057,21,cow right,1,4,4,1,0.945938240665824,20,20,0.8,0.5633859970033317,0.9426660029499673,1.0,0.7940927857921773,1.0,0.8,0.5633859970033317,0.9426660029499673,0.19999999999999996,0.0,0.0,80,0.75,0.64063652409315,0.8401203554931442,1.0,0.9403705077138331,1.0,0.75,0.64063652409315,0.8401203554931442,0.25,0.0,0.0,0.8
yoloworld,222893,31057,21,cow right,1,4,4,1,0.945938240665824,40,40,0.8,0.6435219813207653,0.9094775906000093,1.0,0.8911188393206472,1.0,0.8,0.6435219813207653,0.9094775906000093,0.19999999999999996,0.0,0.0,80,0.75,0.64063652409315,0.8401203554931442,1.0,0.9403705077138331,1.0,0.75,0.64063652409315,0.8401203554931442,0.25,0.0,0.0,0.8
yoloworld,449780,11512,1,woman facing away on left in back,1,3,3,0,0.0,5,5,1.0,0.47817624989501856,1.0,0.4,0.05274495052631693,0.8533672003653268,0.4,0.05274495052631693,0.8533672003653268,0.0,0.6,0.0,80,1.0,0.9549359649323077,1.0,0.4625,0.35027642653839836,0.5775824719951649,0.4625,0.35027642653839836,0.5775824719951649,0.0,0.5375,0.0,0.4
yoloworld,449780,11512,1,woman facing away on left in back,1,3,3,0,0.0,10,10,1.0,0.6915028921812392,1.0,0.5,0.18708602844739855,0.8129139715526015,0.5,0.18708602844739855,0.8129139715526015,0.0,0.5,0.0,80,1.0,0.9549359649323077,1.0,0.4625,0.35027642653839836,0.5775824719951649,0.4625,0.35027642653839836,0.5775824719951649,0.0,0.5375,0.0,0.5
yoloworld,449780,11512,1,woman facing away on left in back,1,3,3,0,0.0,20,20,1.0,0.8315665290169146,1.0,0.45,0.2305778967759242,0.6847218669594515,0.45,0.2305778967759242,0.6847218669594515,0.0,0.55,0.0,80,1.0,0.9549359649323077,1.0,0.4625,0.35027642653839836,0.5775824719951649,0.4625,0.35027642653839836,0.5775824719951649,0.0,0.5375,0.0,0.45
yoloworld,449780,11512,1,woman facing away on left in back,1,3,3,0,0.0,40,40,1.0,0.9119026971211976,1.0,0.475,0.31511970663498623,0.6387198647359378,0.475,0.31511970663498623,0.6387198647359378,0.0,0.525,0.0,80,1.0,0.9549359649323077,1.0,0.4625,0.35027642653839836,0.5775824719951649,0.4625,0.35027642653839836,0.5775824719951649,0.0,0.5375,0.0,0.475
yoloworld,116088,40006,1,guy bending over,1,5,5,0,0.0,5,5,0.6,0.14663279963467318,0.9472550494736831,1.0,0.29240177382128674,1.0,0.6,0.14663279963467318,0.9472550494736831,0.4,0.0,0.0,80,0.55,0.43467397909415295,0.6615136155101845,0.75,0.596619592264141,0.8680725620663532,0.4125,0.30352459293759415,0.5281516595747955,0.44999999999999996,0.1375,5.551115123125783e-17,0.6
yoloworld,116088,40006,1,guy bending over,1,5,5,0,0.0,10,10,0.6,0.2623780766069451,0.8784477418801728,1.0,0.5407418735600996,1.0,0.6,0.2623780766069451,0.8784477418801728,0.4,0.0,0.0,80,0.55,0.43467397909415295,0.6615136155101845,0.75,0.596619592264141,0.8680725620663532,0.4125,0.30352459293759415,0.5281516595747955,0.44999999999999996,0.1375,5.551115123125783e-17,0.6
yoloworld,116088,40006,1,guy bending over,1,5,5,0,0.0,20,20,0.55,0.3152781330405486,0.7694221032240758,1.0,0.7150858470818456,1.0,0.55,0.3152781330405486,0.7694221032240758,0.44999999999999996,0.0,0.0,80,0.55,0.43467397909415295,0.6615136155101845,0.75,0.596619592264141,0.8680725620663532,0.4125,0.30352459293759415,0.5281516595747955,0.44999999999999996,0.1375,5.551115123125783e-17,0.55
yoloworld,116088,40006,1,guy bending over,1,5,5,0,0.0,40,40,0.55,0.38490679453401333,0.7074116499601201,0.8636363636363636,0.6508779027425919,0.9709441488712534,0.475,0.31511970663498623,0.6387198647359378,0.44999999999999996,0.075,6.938893903907228e-17,80,0.55,0.43467397909415295,0.6615136155101845,0.75,0.596619592264141,0.8680725620663532,0.4125,0.30352459293759415,0.5281516595747955,0.44999999999999996,0.1375,5.551115123125783e-17,0.475
yoloworld,377609,17714,18,dog in center of photo,1,5,5,0,0.055806266375887155,5,5,0.4,0.05274495052631693,0.8533672003653268,1.0,0.15811388300841903,1.0,0.4,0.05274495052631693,0.8533672003653268,0.6,0.0,0.0,80,0.45,0.3384863844898155,0.565326020905847,0.7222222222222222,0.5481388549321609,0.857997552736598,0.325,0.22445958517745324,0.4389370456044483,0.55,0.125,0.0,0.4
yoloworld,377609,17714,18,dog in center of photo,1,5,5,0,0.055806266375887155,10,10,0.2,0.02521072632683339,0.5560954623076415,1.0,0.15811388300841903,1.0,0.2,0.02521072632683339,0.5560954623076415,0.8,0.0,0.0,80,0.45,0.3384863844898155,0.565326020905847,0.7222222222222222,0.5481388549321609,0.857997552736598,0.325,0.22445958517745324,0.4389370456044483,0.55,0.125,0.0,0.2
yoloworld,377609,17714,18,dog in center of photo,1,5,5,0,0.055806266375887155,20,20,0.3,0.1189315904057277,0.5427891822762891,0.8333333333333334,0.3587654210023252,0.9957892554855106,0.25,0.08657146910143462,0.49104587170795755,0.7,0.04999999999999999,5.551115123125783e-17,80,0.45,0.3384863844898155,0.565326020905847,0.7222222222222222,0.5481388549321609,0.857997552736598,0.325,0.22445958517745324,0.4389370456044483,0.55,0.125,0.0,0.25
yoloworld,377609,17714,18,dog in center of photo,1,5,5,0,0.055806266375887155,40,40,0.375,0.22726272248182594,0.5419852477673891,0.6,0.3228697662062817,0.8366356761404865,0.225,0.10839663898407204,0.3845116773034227,0.625,0.15000000000000002,0.0,80,0.45,0.3384863844898155,0.565326020905847,0.7222222222222222,0.5481388549321609,0.857997552736598,0.325,0.22445958517745324,0.4389370456044483,0.55,0.125,0.0,0.225
yoloworld,57689,44962,24,zebra in front,1,11,5,1,0.962069613672471,5,5,0.6,0.14663279963467318,0.9472550494736831,1.0,0.29240177382128674,1.0,0.6,0.14663279963467318,0.9472550494736831,0.4,0.0,0.0,80,0.825,0.7238459604789864,0.9008894901605713,1.0,0.945641152829878,1.0,0.825,0.7238459604789864,0.9008894901605713,0.17500000000000004,0.0,0.0,0.6
yoloworld,57689,44962,24,zebra in front,1,11,5,1,0.962069613672471,10,10,0.8,0.4439045376923585,0.9747892736731666,1.0,0.6305833524471808,1.0,0.8,0.4439045376923585,0.9747892736731666,0.19999999999999996,0.0,0.0,80,0.825,0.7238459604789864,0.9008894901605713,1.0,0.945641152829878,1.0,0.825,0.7238459604789864,0.9008894901605713,0.17500000000000004,0.0,0.0,0.8
yoloworld,57689,44962,24,zebra in front,1,11,5,1,0.962069613672471,20,20,0.8,0.5633859970033317,0.9426660029499673,1.0,0.7940927857921773,1.0,0.8,0.5633859970033317,0.9426660029499673,0.19999999999999996,0.0,0.0,80,0.825,0.7238459604789864,0.9008894901605713,1.0,0.945641152829878,1.0,0.825,0.7238459604789864,0.9008894901605713,0.17500000000000004,0.0,0.0,0.8
yoloworld,57689,44962,24,zebra in front,1,11,5,1,0.962069613672471,40,40,0.825,0.6722098666384142,0.9266172706479148,1.0,0.8942371899254207,1.0,0.825,0.6722098666384142,0.9266172706479148,0.17500000000000004,0.0,0.0,80,0.825,0.7238459604789864,0.9008894901605713,1.0,0.945641152829878,1.0,0.825,0.7238459604789864,0.9008894901605713,0.17500000000000004,0.0,0.0,0.825
yoloworld,567199,1305,1,red,0,1,0,0,0.31154173953329084,5,0,0.0,,,,,,0.0,,,,,,0,0.0,,,,,,0.0,,,,,,0.0
yoloworld,567199,1305,1,red,0,1,0,0,0.31154173953329084,10,0,0.0,,,,,,0.0,,,,,,0,0.0,,,,,,0.0,,,,,,0.0
yoloworld,567199,1305,1,red,0,1,0,0,0.31154173953329084,20,0,0.0,,,,,,0.0,,,,,,0,0.0,,,,,,0.0,,,,,,0.0
yoloworld,567199,1305,1,red,0,1,0,0,0.31154173953329084,40,0,0.0,,,,,,0.0,,,,,,0,0.0,,,,,,0.0,,,,,,0.0
yoloworld,207467,32374,1,white t shirt in back,1,3,3,0,0.0,5,5,1.0,0.47817624989501856,1.0,1.0,0.47817624989501856,1.0,1.0,0.47817624989501856,1.0,0.0,0.0,0.0,80,1.0,0.9549359649323077,1.0,0.9875,0.9323122155360776,0.9996835774723672,0.9875,0.9323122155360776,0.9996835774723672,0.0,0.012499999999999956,0.0,1.0
yoloworld,207467,32374,1,white t shirt in back,1,3,3,0,0.0,10,10,1.0,0.6915028921812392,1.0,0.9,0.5549838829718046,0.9974714214555382,0.9,0.5549838829718046,0.9974714214555382,0.0,0.09999999999999998,0.0,80,1.0,0.9549359649323077,1.0,0.9875,0.9323122155360776,0.9996835774723672,0.9875,0.9323122155360776,0.9996835774723672,0.0,0.012499999999999956,0.0,0.9
yoloworld,207467,32374,1,white t shirt in back,1,3,3,0,0.0,20,20,1.0,0.8315665290169146,1.0,0.95,0.7512672372279723,0.9987349105020502,0.95,0.7512672372279723,0.9987349105020502,0.0,0.050000000000000044,0.0,80,1.0,0.9549359649323077,1.0,0.9875,0.9323122155360776,0.9996835774723672,0.9875,0.9323122155360776,0.9996835774723672,0.0,0.012499999999999956,0.0,0.95
yoloworld,207467,32374,1,white t shirt in back,1,3,3,0,0.0,40,40,1.0,0.9119026971211976,1.0,0.95,0.8308031360405824,0.9938863534006491,0.95,0.8308031360405824,0.9938863534006491,0.0,0.050000000000000044,0.0,80,1.0,0.9549359649323077,1.0,0.9875,0.9323122155360776,0.9996835774723672,0.9875,0.9323122155360776,0.9996835774723672,0.0,0.012499999999999956,0.0,0.95
yoloworld,185229,34215,1,second blue black dude,1,5,5,0,0.0,5,5,0.4,0.05274495052631693,0.8533672003653268,1.0,0.15811388300841903,1.0,0.4,0.05274495052631693,0.8533672003653268,0.6,0.0,0.0,80,0.475,0.36213358167715265,0.5897721586232294,0.9210526315789473,0.7862267088193818,0.9834135241354705,0.4375,0.32676395343377895,0.5530024286118197,0.525,0.03750000000000001,3.469446951953614e-17,0.4
yoloworld,185229,34215,1,second blue black dude,1,5,5,0,0.0,10,10,0.3,0.0667395111777345,0.6524528500599973,1.0,0.29240177382128674,1.0,0.3,0.0667395111777345,0.6524528500599973,0.7,0.0,0.0,80,0.475,0.36213358167715265,0.5897721586232294,0.9210526315789473,0.7862267088193818,0.9834135241354705,0.4375,0.32676395343377895,0.5530024286118197,0.525,0.03750000000000001,3.469446951953614e-17,0.3
yoloworld,185229,34215,1,second blue black dude,1,5,5,0,0.0,20,20,0.35,0.15390920478454118,0.5921885345328282,0.8571428571428571,0.4212768029568048,0.9963897031380994,0.3,0.1189315904057277,0.5427891822762891,0.65,0.05000000000000002,8.326672684688674e-17,80,0.475,0.36213358167715265,0.5897721586232294,0.9210526315789473,0.7862267088193818,0.9834135241354705,0.4375,0.32676395343377895,0.5530024286118197,0.525,0.03750000000000001,3.469446951953614e-17,0.3
yoloworld,185229,34215,1,second blue black dude,1,5,5,0,0.0,40,40,0.4,0.24864998658774376,0.5667329478067034,0.9375,0.6976792615654681,0.9984188882772341,0.375,0.22726272248182594,0.5419852477673891,0.6,0.025,2.0816681711721685e-17,80,0.475,0.36213358167715265,0.5897721586232294,0.9210526315789473,0.7862267088193818,0.9834135241354705,0.4375,0.32676395343377895,0.5530024286118197,0.525,0.03750000000000001,3.469446951953614e-17,0.375
yoloworld,24086,47956,1,lady to the left,1,2,2,1,0.9833117865852935,5,5,1.0,0.47817624989501856,1.0,0.8,0.2835820638819106,0.9949492366205319,0.8,0.2835820638819106,0.9949492366205319,0.0,0.19999999999999996,0.0,80,1.0,0.9549359649323077,1.0,0.9125,0.8279916615801152,0.9640936410104413,0.9125,0.8279916615801152,0.9640936410104413,0.0,0.08750000000000002,0.0,0.8
yoloworld,24086,47956,1,lady to the left,1,2,2,1,0.9833117865852935,10,10,1.0,0.6915028921812392,1.0,0.9,0.5549838829718046,0.9974714214555382,0.9,0.5549838829718046,0.9974714214555382,0.0,0.09999999999999998,0.0,80,1.0,0.9549359649323077,1.0,0.9125,0.8279916615801152,0.9640936410104413,0.9125,0.8279916615801152,0.9640936410104413,0.0,0.08750000000000002,0.0,0.9
yoloworld,24086,47956,1,lady to the left,1,2,2,1,0.9833117865852935,20,20,1.0,0.8315665290169146,1.0,0.95,0.7512672372279723,0.9987349105020502,0.95,0.7512672372279723,0.9987349105020502,0.0,0.050000000000000044,0.0,80,1.0,0.9549359649323077,1.0,0.9125,0.8279916615801152,0.9640936410104413,0.9125,0.8279916615801152,0.9640936410104413,0.0,0.08750000000000002,0.0,0.95
yoloworld,24086,47956,1,lady to the left,1,2,2,1,0.9833117865852935,40,40,1.0,0.9119026971211976,1.0,0.875,0.7319670826382796,0.9581403738613833,0.875,0.7319670826382796,0.9581403738613833,0.0,0.125,0.0,80,1.0,0.9549359649323077,1.0,0.9125,0.8279916615801152,0.9640936410104413,0.9125,0.8279916615801152,0.9640936410104413,0.0,0.08750000000000002,0.0,0.875
yoloworld,184578,34279,22,elephant facing away on right,1,16,5,1,0.9749692469559257,5,5,1.0,0.47817624989501856,1.0,0.6,0.14663279963467318,0.9472550494736831,0.6,0.14663279963467318,0.9472550494736831,0.0,0.4,0.0,80,1.0,0.9549359649323077,1.0,0.6,0.48437694049548946,0.7079906437446896,0.6,0.48437694049548946,0.7079906437446896,0.0,0.4,0.0,0.6
yoloworld,184578,34279,22,elephant facing away on right,1,16,5,1,0.9749692469559257,10,10,0.9,0.5549838829718046,0.9974714214555382,0.5555555555555556,0.21200850677886804,0.8630043377348335,0.5,0.18708602844739855,0.8129139715526015,0.09999999999999998,0.39999999999999997,5.551115123125783e-17,80,1.0,0.9549359649323077,1.0,0.6,0.48437694049548946,0.7079906437446896,0.6,0.48437694049548946,0.7079906437446896,0.0,0.4,0.0,0.5
yoloworld,184578,34279,22,elephant facing away on right,1,16,5,1,0.9749692469559257,20,20,0.95,0.7512672372279723,0.9987349105020502,0.631578947368421,0.3835779233144053,0.8371141278449004,0.6,0.3605425873074897,0.8088099392746928,0.050000000000000044,0.35000000000000003,5.551115123125783e-17,80,1.0,0.9549359649323077,1.0,0.6,0.48437694049548946,0.7079906437446896,0.6,0.48437694049548946,0.7079906437446896,0.0,0.4,0.0,0.6
yoloworld,184578,34279,22,elephant facing away on right,1,16,5,1,0.9749692469559257,40,40,0.95,0.8308031360405824,0.9938863534006491,0.6842105263157895,0.5134729455939784,0.8249746610988732,0.65,0.48315554635100944,0.793717509129233,0.050000000000000044,0.3,5.551115123125783e-17,80,1.0,0.9549359649323077,1.0,0.6,0.48437694049548946,0.7079906437446896,0.6,0.48437694049548946,0.7079906437446896,0.0,0.4,0.0,0.65
yoloworld,147753,37276,1,middle man,0,1,0,1,0.9802992357448399,5,0,0.0,,,,,,0.0,,,,,,0,0.0,,,,,,0.0,,,,,,0.0
yoloworld,147753,37276,1,middle man,0,1,0,1,0.9802992357448399,10,0,0.0,,,,,,0.0,,,,,,0,0.0,,,,,,0.0,,,,,,0.0
yoloworld,147753,37276,1,middle man,0,1,0,1,0.9802992357448399,20,0,0.0,,,,,,0.0,,,,,,0,0.0,,,,,,0.0,,,,,,0.0
yoloworld,147753,37276,1,middle man,0,1,0,1,0.9802992357448399,40,0,0.0,,,,,,0.0,,,,,,0,0.0,,,,,,0.0,,,,,,0.0
yoloworld,64092,44384,19,horse right,1,4,4,1,0.8375756178298647,5,5,0.8,0.2835820638819106,0.9949492366205319,0.75,0.19412044968324346,0.9936905367902902,0.6,0.14663279963467318,0.9472550494736831,0.19999999999999996,0.2,5.551115123125783e-17,80,0.575,0.4593888114309382,0.6848902345476577,0.8913043478260869,0.7643032992825269,0.9637516281089775,0.5125,0.39810466870318545,0.625942518555561,0.42500000000000004,0.06250000000000001,1.3877787807814457e-17,0.6
yoloworld,64092,44384,19,horse right,1,4,4,1,0.8375756178298647,10,10,0.6,0.2623780766069451,0.8784477418801728,0.8333333333333334,0.3587654210023252,0.9957892554855106,0.5,0.18708602844739855,0.8129139715526015,0.4,0.09999999999999998,0.0,80,0.575,0.4593888114309382,0.6848902345476577,0.8913043478260869,0.7643032992825269,0.9637516281089775,0.5125,0.39810466870318545,0.625942518555561,0.42500000000000004,0.06250000000000001,1.3877787807814457e-17,0.5
yoloworld,64092,44384,19,horse right,1,4,4,1,0.8375756178298647,20,20,0.7,0.4572108177237109,0.8810684095942722,0.7857142857142857,0.4920243229515282,0.9534207121101327,0.55,0.3152781330405486,0.7694221032240758,0.30000000000000004,0.15,8.326672684688674e-17,80,0.575,0.4593888114309382,0.6848902345476577,0.8913043478260869,0.7643032992825269,0.9637516281089775,0.5125,0.39810466870318545,0.625942518555561,0.42500000000000004,0.06250000000000001,1.3877787807814457e-17,0.55
yoloworld,64092,44384,19,horse right,1,4,4,1,0.8375756178298647,40,40,0.7,0.5346837147458767,0.8343727956067644,0.75,0.5512845484713916,0.8930920081707734,0.525,0.36128013526406216,0.6848802933650138,0.30000000000000004,0.175,5.551115123125783e-17,80,0.575,0.4593888114309382,0.6848902345476577,0.8913043478260869,0.7643032992825269,0.9637516281089775,0.5125,0.39810466870318545,0.625942518555561,0.42500000000000004,0.06250000000000001,1.3877787807814457e-17,0.525
yoloworld,224056,30946,76,white keyboard,1,3,3,1,0.9452481594405721,5,5,1.0,0.47817624989501856,1.0,1.0,0.47817624989501856,1.0,1.0,0.47817624989501856,1.0,0.0,0.0,0.0,80,0.9875,0.9323122155360776,0.9996835774723672,1.0,0.9543787472413889,1.0,0.9875,0.9323122155360776,0.9996835774723672,0.012499999999999956,0.0,0.0,1.0
yoloworld,224056,30946,76,white keyboard,1,3,3,1,0.9452481594405721,10,10,1.0,0.6915028921812392,1.0,1.0,0.6915028921812392,1.0,1.0,0.6915028921812392,1.0,0.0,0.0,0.0,80,0.9875,0.9323122155360776,0.9996835774723672,1.0,0.9543787472413889,1.0,0.9875,0.9323122155360776,0.9996835774723672,0.012499999999999956,0.0,0.0,1.0
yoloworld,224056,30946,76,white keyboard,1,3,3,1,0.9452481594405721,20,20,1.0,0.8315665290169146,1.0,1.0,0.8315665290169146,1.0,1.0,0.8315665290169146,1.0,0.0,0.0,0.0,80,0.9875,0.9323122155360776,0.9996835774723672,1.0,0.9543787472413889,1.0,0.9875,0.9323122155360776,0.9996835774723672,0.012499999999999956,0.0,0.0,1.0
yoloworld,224056,30946,76,white keyboard,1,3,3,1,0.9452481594405721,40,40,1.0,0.9119026971211976,1.0,1.0,0.9119026971211976,1.0,1.0,0.9119026971211976,1.0,0.0,0.0,0.0,80,0.9875,0.9323122155360776,0.9996835774723672,1.0,0.9543787472413889,1.0,0.9875,0.9323122155360776,0.9996835774723672,0.012499999999999956,0.0,0.0,1.0
yoloworld,578808,277,1,man on right in shorts elephant wants to charge,1,5,5,0,0.09514831919891438,5,5,0.4,0.05274495052631693,0.8533672003653268,1.0,0.15811388300841903,1.0,0.4,0.05274495052631693,0.8533672003653268,0.6,0.0,0.0,80,0.5,0.38604788336490925,0.6139521166350907,1.0,0.9119026971211976,1.0,0.5,0.38604788336490925,0.6139521166350907,0.5,0.0,0.0,0.4
yoloworld,578808,277,1,man on right in shorts elephant wants to charge,1,5,5,0,0.09514831919891438,10,10,0.5,0.18708602844739855,0.8129139715526015,1.0,0.47817624989501856,1.0,0.5,0.18708602844739855,0.8129139715526015,0.5,0.0,0.0,80,0.5,0.38604788336490925,0.6139521166350907,1.0,0.9119026971211976,1.0,0.5,0.38604788336490925,0.6139521166350907,0.5,0.0,0.0,0.5
yoloworld,578808,277,1,man on right in shorts elephant wants to charge,1,5,5,0,0.09514831919891438,20,20,0.4,0.1911900607253072,0.6394574126925103,1.0,0.6305833524471808,1.0,0.4,0.1911900607253072,0.6394574126925103,0.6,0.0,0.0,80,0.5,0.38604788336490925,0.6139521166350907,1.0,0.9119026971211976,1.0,0.5,0.38604788336490925,0.6139521166350907,0.5,0.0,0.0,0.4
yoloworld,578808,277,1,man on right in shorts elephant wants to charge,1,5,5,0,0.09514831919891438,40,40,0.45,0.29258835003987993,0.6150932054659867,1.0,0.8146980318621478,1.0,0.45,0.29258835003987993,0.6150932054659867,0.55,0.0,0.0,80,0.5,0.38604788336490925,0.6139521166350907,1.0,0.9119026971211976,1.0,0.5,0.38604788336490925,0.6139521166350907,0.5,0.0,0.0,0.45
yoloworld,420183,14096,56,bottom right piece of broccoli,1,18,5,1,0.8353912869220151,5,5,1.0,0.47817624989501856,1.0,1.0,0.47817624989501856,1.0,1.0,0.47817624989501856,1.0,0.0,0.0,0.0,80,1.0,0.9549359649323077,1.0,1.0,0.9549359649323077,1.0,1.0,0.9549359649323077,1.0,0.0,0.0,0.0,1.0
yoloworld,420183,14096,56,bottom right piece of broccoli,1,18,5,1,0.8353912869220151,10,10,1.0,0.6915028921812392,1.0,1.0,0.6915028921812392,1.0,1.0,0.6915028921812392,1.0,0.0,0.0,0.0,80,1.0,0.9549359649323077,1.0,1.0,0.9549359649323077,1.0,1.0,0.9549359649323077,1.0,0.0,0.0,0.0,1.0
yoloworld,420183,14096,56,bottom right piece of broccoli,1,18,5,1,0.8353912869220151,20,20,1.0,0.8315665290169146,1.0,1.0,0.8315665290169146,1.0,1.0,0.8315665290169146,1.0,0.0,0.0,0.0,80,1.0,0.9549359649323077,1.0,1.0,0.9549359649323077,1.0,1.0,0.9549359649323077,1.0,0.0,0.0,0.0,1.0
yoloworld,420183,14096,56,bottom right piece of broccoli,1,18,5,1,0.8353912869220151,40,40,1.0,0.9119026971211976,1.0,1.0,0.9119026971211976,1.0,1.0,0.9119026971211976,1.0,0.0,0.0,0.0,80,1.0,0.9549359649323077,1.0,1.0,0.9549359649323077,1.0,1.0,0.9549359649323077,1.0,0.0,0.0,0.0,1.0
yoloworld,272194,26864,1,child on back,1,3,3,0,0.14266809655479787,5,5,0.8,0.2835820638819106,0.9949492366205319,1.0,0.3976353643835254,1.0,0.8,0.2835820638819106,0.9949492366205319,0.19999999999999996,0.0,0.0,80,0.8875,0.7971534080830098,0.9472484868543125,1.0,0.9493705920455963,1.0,0.8875,0.7971534080830098,0.9472484868543125,0.11250000000000004,0.0,0.0,0.8
yoloworld,272194,26864,1,child on back,1,3,3,0,0.14266809655479787,10,10,0.9,0.5549838829718046,0.9974714214555382,1.0,0.6637328831200572,1.0,0.9,0.5549838829718046,0.9974714214555382,0.09999999999999998,0.0,0.0,80,0.8875,0.7971534080830098,0.9472484868543125,1.0,0.9493705920455963,1.0,0.8875,0.7971534080830098,0.9472484868543125,0.11250000000000004,0.0,0.0,0.9
yoloworld,272194,26864,1,child on back,1,3,3,0,0.14266809655479787,20,20,0.9,0.6830172859809176,0.9876514728297052,1.0,0.8146980318621478,1.0,0.9,0.6830172859809176,0.9876514728297052,0.09999999999999998,0.0,0.0,80,0.8875,0.7971534080830098,0.9472484868543125,1.0,0.9493705920455963,1.0,0.8875,0.7971534080830098,0.9472484868543125,0.11250000000000004,0.0,0.0,0.9
yoloworld,272194,26864,1,child on back,1,3,3,0,0.14266809655479787,40,40,0.85,0.7016473331604236,0.9428977418454741,1.0,0.8971820757409874,1.0,0.85,0.7016473331604236,0.9428977418454741,0.15000000000000002,0.0,0.0,80,0.8875,0.7971534080830098,0.9472484868543125,1.0,0.9493705920455963,1.0,0.8875,0.7971534080830098,0.9472484868543125,0.11250000000000004,0.0,0.0,0.85
yoloworld,238589,29758,1,man in the black shirt sitting next to the woman,1,20,5,0,0.18060468109106756,5,5,0.8,0.2835820638819106,0.9949492366205319,1.0,0.3976353643835254,1.0,0.8,0.2835820638819106,0.9949492366205319,0.19999999999999996,0.0,0.0,80,0.7125,0.6004548866879794,0.8082395280280349,1.0,0.9373325190855151,1.0,0.7125,0.6004548866879794,0.8082395280280349,0.2875,0.0,0.0,0.8
yoloworld,238589,29758,1,man in the black shirt sitting next to the woman,1,20,5,0,0.18060468109106756,10,10,0.9,0.5549838829718046,0.9974714214555382,1.0,0.6637328831200572,1.0,0.9,0.5549838829718046,0.9974714214555382,0.09999999999999998,0.0,0.0,80,0.7125,0.6004548866879794,0.8082395280280349,1.0,0.9373325190855151,1.0,0.7125,0.6004548866879794,0.8082395280280349,0.2875,0.0,0.0,0.9
yoloworld,238589,29758,1,man in the black shirt sitting next to the woman,1,20,5,0,0.18060468109106756,20,20,0.85,0.6210731734546859,0.9679290628145363,1.0,0.8049356770309068,1.0,0.85,0.6210731734546859,0.9679290628145363,0.15000000000000002,0.0,0.0,80,0.7125,0.6004548866879794,0.8082395280280349,1.0,0.9373325190855151,1.0,0.7125,0.6004548866879794,0.8082395280280349,0.2875,0.0,0.0,0.85
yoloworld,238589,29758,1,man in the black shirt sitting next to the woman,1,20,5,0,0.18060468109106756,40,40,0.825,0.6722098666384142,0.9266172706479148,1.0,0.8942371899254207,1.0,0.825,0.6722098666384142,0.9266172706479148,0.17500000000000004,0.0,0.0,80,0.7125,0.6004548866879794,0.8082395280280349,1.0,0.9373325190855151,1.0,0.7125,0.6004548866879794,0.8082395280280349,0.2875,0.0,0.0,0.825
yoloworld,197662,33210,1,woman on the left,1,7,5,1,0.926565564826039,5,5,0.6,0.14663279963467318,0.9472550494736831,1.0,0.29240177382128674,1.0,0.6,0.14663279963467318,0.9472550494736831,0.4,0.0,0.0,80,0.6125,0.4969755425018991,0.7194348668752178,0.8979591836734694,0.7777233037173732,0.9660282950160443,0.55,0.43467397909415295,0.6615136155101845,0.38749999999999996,0.0625,0.0,0.6
yoloworld,197662,33210,1,woman on the left,1,7,5,1,0.926565564826039,10,10,0.6,0.2623780766069451,0.8784477418801728,1.0,0.5407418735600996,1.0,0.6,0.2623780766069451,0.8784477418801728,0.4,0.0,0.0,80,0.6125,0.4969755425018991,0.7194348668752178,0.8979591836734694,0.7777233037173732,0.9660282950160443,0.55,0.43467397909415295,0.6615136155101845,0.38749999999999996,0.0625,0.0,0.6
yoloworld,197662,33210,1,woman on the left,1,7,5,1,0.926565564826039,20,20,0.6,0.3605425873074897,0.8088099392746928,1.0,0.7353515306029488,1.0,0.6,0.3605425873074897,0.8088099392746928,0.4,0.0,0.0,80,0.6125,0.4969755425018991,0.7194348668752178,0.8979591836734694,0.7777233037173732,0.9660282950160443,0.55,0.43467397909415295,0.6615136155101845,0.38749999999999996,0.0625,0.0,0.6
yoloworld,197662,33210,1,woman on the left,1,7,5,1,0.926565564826039,40,40,0.6,0.4332670521932967,0.7513500134122563,1.0,0.8575264022774743,1.0,0.6,0.4332670521932967,0.7513500134122563,0.4,0.0,0.0,80,0.6125,0.4969755425018991,0.7194348668752178,0.8979591836734694,0.7777233037173732,0.9660282950160443,0.55,0.43467397909415295,0.6615136155101845,0.38749999999999996,0.0625,0.0,0.6
yoloworld,143258,37655,46,glass in back,0,1,0,1,0.9350345895160799,5,0,0.0,,,,,,0.0,,,,,,0,0.0,,,,,,0.0,,,,,,0.0
yoloworld,143258,37655,46,glass in back,0,1,0,1,0.9350345895160799,10,0,0.0,,,,,,0.0,,,,,,0,0.0,,,,,,0.0,,,,,,0.0
yoloworld,143258,37655,46,glass in back,0,1,0,1,0.9350345895160799,20,0,0.0,,,,,,0.0,,,,,,0,0.0,,,,,,0.0,,,,,,0.0
yoloworld,143258,37655,46,glass in back,0,1,0,1,0.9350345895160799,40,0,0.0,,,,,,0.0,,,,,,0,0.0,,,,,,0.0,,,,,,0.0
yoloworld,101552,41166,1,right person facing back,1,4,4,1,0.9497142720632453,5,5,0.4,0.05274495052631693,0.8533672003653268,1.0,0.15811388300841903,1.0,0.4,0.05274495052631693,0.8533672003653268,0.6,0.0,0.0,80,0.675,0.5610629543955516,0.7755404148225468,1.0,0.9339684857555782,1.0,0.675,0.5610629543955516,0.7755404148225468,0.32499999999999996,0.0,0.0,0.4
yoloworld,101552,41166,1,right person facing back,1,4,4,1,0.9497142720632453,10,10,0.6,0.2623780766069451,0.8784477418801728,1.0,0.5407418735600996,1.0,0.6,0.2623780766069451,0.8784477418801728,0.4,0.0,0.0,80,0.675,0.5610629543955516,0.7755404148225468,1.0,0.9339684857555782,1.0,0.675,0.5610629543955516,0.7755404148225468,0.32499999999999996,0.0,0.0,0.6
yoloworld,101552,41166,1,right person facing back,1,4,4,1,0.9497142720632453,20,20,0.6,0.3605425873074897,0.8088099392746928,1.0,0.7353515306029488,1.0,0.6,0.3605425873074897,0.8088099392746928,0.4,0.0,0.0,80,0.675,0.5610629543955516,0.7755404148225468,1.0,0.9339684857555782,1.0,0.675,0.5610629543955516,0.7755404148225468,0.32499999999999996,0.0,0.0,0.6
yoloworld,101552,41166,1,right person facing back,1,4,4,1,0.9497142720632453,40,40,0.6,0.4332670521932967,0.7513500134122563,1.0,0.8575264022774743,1.0,0.6,0.4332670521932967,0.7513500134122563,0.4,0.0,0.0,80,0.675,0.5610629543955516,0.7755404148225468,1.0,0.9339684857555782,1.0,0.675,0.5610629543955516,0.7755404148225468,0.32499999999999996,0.0,0.0,0.6
yoloworld,38122,46767,1,girl holding a green plate wearing white,1,2,2,0,0.0,5,5,1.0,0.47817624989501856,1.0,1.0,0.47817624989501856,1.0,1.0,0.47817624989501856,1.0,0.0,0.0,0.0,80,1.0,0.9549359649323077,1.0,0.7625,0.6542230288597322,0.8505462481433591,0.7625,0.6542230288597322,0.8505462481433591,0.0,0.23750000000000004,0.0,1.0
yoloworld,38122,46767,1,girl holding a green plate wearing white,1,2,2,0,0.0,10,10,1.0,0.6915028921812392,1.0,0.9,0.5549838829718046,0.9974714214555382,0.9,0.5549838829718046,0.9974714214555382,0.0,0.09999999999999998,0.0,80,1.0,0.9549359649323077,1.0,0.7625,0.6542230288597322,0.8505462481433591,0.7625,0.6542230288597322,0.8505462481433591,0.0,0.23750000000000004,0.0,0.9
yoloworld,38122,46767,1,girl holding a green plate wearing white,1,2,2,0,0.0,20,20,1.0,0.8315665290169146,1.0,0.9,0.6830172859809176,0.9876514728297052,0.9,0.6830172859809176,0.9876514728297052,0.0,0.09999999999999998,0.0,80,1.0,0.9549359649323077,1.0,0.7625,0.6542230288597322,0.8505462481433591,0.7625,0.6542230288597322,0.8505462481433591,0.0,0.23750000000000004,0.0,0.9
yoloworld,38122,46767,1,girl holding a green plate wearing white,1,2,2,0,0.0,40,40,1.0,0.9119026971211976,1.0,0.875,0.7319670826382796,0.9581403738613833,0.875,0.7319670826382796,0.9581403738613833,0.0,0.125,0.0,80,1.0,0.9549359649323077,1.0,0.7625,0.6542230288597322,0.8505462481433591,0.7625,0.6542230288597322,0.8505462481433591,0.0,0.23750000000000004,0.0,0.875
yoloworld,376806,17825,51,tuna upper left,0,0,0,0,0.0,5,0,0.0,,,,,,0.0,,,,,,0,0.0,,,,,,0.0,,,,,,0.0
yoloworld,376806,17825,51,tuna upper left,0,0,0,0,0.0,10,0,0.0,,,,,,0.0,,,,,,0,0.0,,,,,,0.0,,,,,,0.0
yoloworld,376806,17825,51,tuna upper left,0,0,0,0,0.0,20,0,0.0,,,,,,0.0,,,,,,0,0.0,,,,,,0.0,,,,,,0.0
yoloworld,376806,17825,51,tuna upper left,0,0,0,0,0.0,40,0,0.0,,,,,,0.0,,,,,,0,0.0,,,,,,0.0,,,,,,0.0
yoloworld,30274,47406,1,skateboard,1,2,2,0,0.21265406842799298,5,5,0.8,0.2835820638819106,0.9949492366205319,1.0,0.3976353643835254,1.0,0.8,0.2835820638819106,0.9949492366205319,0.19999999999999996,0.0,0.0,80,0.925,0.8438720682639279,0.9719794538231588,1.0,0.9513723837620105,1.0,0.925,0.8438720682639279,0.9719794538231588,0.07499999999999996,0.0,0.0,0.8
yoloworld,30274,47406,1,skateboard,1,2,2,0,0.21265406842799298,10,10,0.9,0.5549838829718046,0.9974714214555382,1.0,0.6637328831200572,1.0,0.9,0.5549838829718046,0.9974714214555382,0.09999999999999998,0.0,0.0,80,0.925,0.8438720682639279,0.9719794538231588,1.0,0.9513723837620105,1.0,0.925,0.8438720682639279,0.9719794538231588,0.07499999999999996,0.0,0.0,0.9
yoloworld,30274,47406,1,skateboard,1,2,2,0,0.21265406842799298,20,20,0.95,0.7512672372279723,0.9987349105020502,1.0,0.8235330881930346,1.0,0.95,0.7512672372279723,0.9987349105020502,0.050000000000000044,0.0,0.0,80,0.925,0.8438720682639279,0.9719794538231588,1.0,0.9513723837620105,1.0,0.925,0.8438720682639279,0.9719794538231588,0.07499999999999996,0.0,0.0,0.95
yoloworld,30274,47406,1,skateboard,1,2,2,0,0.21265406842799298,40,40,0.9,0.7633626001239001,0.9720745847057807,1.0,0.902606244085508,1.0,0.9,0.7633626001239001,0.9720745847057807,0.09999999999999998,0.0,0.0,80,0.925,0.8438720682639279,0.9719794538231588,1.0,0.9513723837620105,1.0,0.925,0.8438720682639279,0.9719794538231588,0.07499999999999996,0.0,0.0,0.9
yoloworld,290072,25364,42,blue board standing up,1,8,5,0,0.0,5,5,0.2,0.005050763379468061,0.7164179361180893,0.0,0.0,0.975,0.0,0.0,0.5218237501049814,0.8,0.2,5.551115123125783e-17,80,0.45,0.3384863844898155,0.565326020905847,0.6666666666666666,0.49029745334810887,0.8144381901740787,0.3,0.20257392914667277,0.412759323081376,0.55,0.15000000000000002,1.1102230246251565e-16,0.0
yoloworld,290072,25364,42,blue board standing up,1,8,5,0,0.0,10,10,0.3,0.0667395111777345,0.6524528500599973,0.6666666666666666,0.09429932405024612,0.9915962413403874,0.2,0.02521072632683339,0.5560954623076415,0.7,0.1,8.326672684688674e-17,80,0.45,0.3384863844898155,0.565326020905847,0.6666666666666666,0.49029745334810887,0.8144381901740787,0.3,0.20257392914667277,0.412759323081376,0.55,0.15000000000000002,1.1102230246251565e-16,0.2
yoloworld,290072,25364,42,blue board standing up,1,8,5,0,0.0,20,20,0.45,0.2305778967759242,0.6847218669594515,0.5555555555555556,0.21200850677886804,0.8630043377348335,0.25,0.08657146910143462,0.49104587170795755,0.55,0.19999999999999998,2.7755575615628914e-17,80,0.45,0.3384863844898155,0.565326020905847,0.6666666666666666,0.49029745334810887,0.8144381901740787,0.3,0.20257392914667277,0.412759323081376,0.55,0.15000000000000002,1.1102230246251565e-16,0.25
yoloworld,290072,25364,42,blue board standing up,1,8,5,0,0.0,40,40,0.4,0.24864998658774376,0.5667329478067034,0.6875,0.4133793635486414,0.8898300452828823,0.275,0.14600899196386566,0.43888290717904815,0.6,0.125,0.0,80,0.45,0.3384863844898155,0.565326020905847,0.6666666666666666,0.49029745334810887,0.8144381901740787,0.3,0.20257392914667277,0.412759323081376,0.55,0.15000000000000002,1.1102230246251565e-16,0.275
yoloworld,51001,45608,58,right hotdog,0,1,0,0,0.3186340346835071,5,0,0.0,,,,,,0.0,,,,,,0,0.0,,,,,,0.0,,,,,,0.0
yoloworld,51001,45608,58,right hotdog,0,1,0,0,0.3186340346835071,10,0,0.0,,,,,,0.0,,,,,,0,0.0,,,,,,0.0,,,,,,0.0
yoloworld,51001,45608,58,right hotdog,0,1,0,0,0.3186340346835071,20,0,0.0,,,,,,0.0,,,,,,0,0.0,,,,,,0.0,,,,,,0.0
yoloworld,51001,45608,58,right hotdog,0,1,0,0,0.3186340346835071,40,0,0.0,,,,,,0.0,,,,,,0,0.0,,,,,,0.0,,,,,,0.0
yoloworld,565769,1435,22,elephant in backleft,1,3,3,0,0.4055047085892016,5,5,1.0,0.47817624989501856,1.0,1.0,0.47817624989501856,1.0,1.0,0.47817624989501856,1.0,0.0,0.0,0.0,80,1.0,0.9549359649323077,1.0,1.0,0.9549359649323077,1.0,1.0,0.9549359649323077,1.0,0.0,0.0,0.0,1.0
yoloworld,565769,1435,22,elephant in backleft,1,3,3,0,0.4055047085892016,10,10,1.0,0.6915028921812392,1.0,1.0,0.6915028921812392,1.0,1.0,0.6915028921812392,1.0,0.0,0.0,0.0,80,1.0,0.9549359649323077,1.0,1.0,0.9549359649323077,1.0,1.0,0.9549359649323077,1.0,0.0,0.0,0.0,1.0
yoloworld,565769,1435,22,elephant in backleft,1,3,3,0,0.4055047085892016,20,20,1.0,0.8315665290169146,1.0,1.0,0.8315665290169146,1.0,1.0,0.8315665290169146,1.0,0.0,0.0,0.0,80,1.0,0.9549359649323077,1.0,1.0,0.9549359649323077,1.0,1.0,0.9549359649323077,1.0,0.0,0.0,0.0,1.0
yoloworld,565769,1435,22,elephant in backleft,1,3,3,0,0.4055047085892016,40,40,1.0,0.9119026971211976,1.0,1.0,0.9119026971211976,1.0,1.0,0.9119026971211976,1.0,0.0,0.0,0.0,80,1.0,0.9549359649323077,1.0,1.0,0.9549359649323077,1.0,1.0,0.9549359649323077,1.0,0.0,0.0,0.0,1.0
yoloworld,158201,36383,67,blue item front of picture,1,2,2,0,0.13770789657890142,5,5,0.4,0.05274495052631693,0.8533672003653268,1.0,0.15811388300841903,1.0,0.4,0.05274495052631693,0.8533672003653268,0.6,0.0,0.0,80,0.5375,0.4224175280048351,0.6497235734616016,0.9767441860465116,0.8771095172986603,0.9994113870684068,0.525,0.4102278413767706,0.6378664183228473,0.4625,0.012500000000000022,6.591949208711867e-17,0.4
yoloworld,158201,36383,67,blue item front of picture,1,2,2,0,0.13770789657890142,10,10,0.5,0.18708602844739855,0.8129139715526015,1.0,0.47817624989501856,1.0,0.5,0.18708602844739855,0.8129139715526015,0.5,0.0,0.0,80,0.5375,0.4224175280048351,0.6497235734616016,0.9767441860465116,0.8771095172986603,0.9994113870684068,0.525,0.4102278413767706,0.6378664183228473,0.4625,0.012500000000000022,6.591949208711867e-17,0.5
yoloworld,158201,36383,67,blue item front of picture,1,2,2,0,0.13770789657890142,20,20,0.55,0.3152781330405486,0.7694221032240758,1.0,0.7150858470818456,1.0,0.55,0.3152781330405486,0.7694221032240758,0.44999999999999996,0.0,0.0,80,0.5375,0.4224175280048351,0.6497235734616016,0.9767441860465116,0.8771095172986603,0.9994113870684068,0.525,0.4102278413767706,0.6378664183228473,0.4625,0.012500000000000022,6.591949208711867e-17,0.55
yoloworld,158201,36383,67,blue item front of picture,1,2,2,0,0.13770789657890142,40,40,0.55,0.38490679453401333,0.7074116499601201,1.0,0.8456274871844255,1.0,0.55,0.38490679453401333,0.7074116499601201,0.44999999999999996,0.0,0.0,80,0.5375,0.4224175280048351,0.6497235734616016,0.9767441860465116,0.8771095172986603,0.9994113870684068,0.525,0.4102278413767706,0.6378664183228473,0.4625,0.012500000000000022,6.591949208711867e-17,0.55
yoloworld,486936,8272,62,middle chair,1,2,2,1,0.9589270122782462,5,5,1.0,0.47817624989501856,1.0,1.0,0.47817624989501856,1.0,1.0,0.47817624989501856,1.0,0.0,0.0,0.0,80,0.9875,0.9323122155360776,0.9996835774723672,1.0,0.9543787472413889,1.0,0.9875,0.9323122155360776,0.9996835774723672,0.012499999999999956,0.0,0.0,1.0
yoloworld,486936,8272,62,middle chair,1,2,2,1,0.9589270122782462,10,10,0.9,0.5549838829718046,0.9974714214555382,1.0,0.6637328831200572,1.0,0.9,0.5549838829718046,0.9974714214555382,0.09999999999999998,0.0,0.0,80,0.9875,0.9323122155360776,0.9996835774723672,1.0,0.9543787472413889,1.0,0.9875,0.9323122155360776,0.9996835774723672,0.012499999999999956,0.0,0.0,0.9
yoloworld,486936,8272,62,middle chair,1,2,2,1,0.9589270122782462,20,20,0.95,0.7512672372279723,0.9987349105020502,1.0,0.8235330881930346,1.0,0.95,0.7512672372279723,0.9987349105020502,0.050000000000000044,0.0,0.0,80,0.9875,0.9323122155360776,0.9996835774723672,1.0,0.9543787472413889,1.0,0.9875,0.9323122155360776,0.9996835774723672,0.012499999999999956,0.0,0.0,0.95
yoloworld,486936,8272,62,middle chair,1,2,2,1,0.9589270122782462,40,40,0.925,0.796135251267101,0.9842578201489585,1.0,0.9051094125850101,1.0,0.925,0.796135251267101,0.9842578201489585,0.07499999999999996,0.0,0.0,80,0.9875,0.9323122155360776,0.9996835774723672,1.0,0.9543787472413889,1.0,0.9875,0.9323122155360776,0.9996835774723672,0.012499999999999956,0.0,0.0,0.925
yoloworld,253251,28488,64,kush plant blue pot,1,3,3,1,0.8758553753698108,5,5,0.6,0.14663279963467318,0.9472550494736831,1.0,0.29240177382128674,1.0,0.6,0.14663279963467318,0.9472550494736831,0.4,0.0,0.0,80,0.5,0.38604788336490925,0.6139521166350907,1.0,0.9119026971211976,1.0,0.5,0.38604788336490925,0.6139521166350907,0.5,0.0,0.0,0.6
yoloworld,253251,28488,64,kush plant blue pot,1,3,3,1,0.8758553753698108,10,10,0.7,0.34754714994000274,0.9332604888222655,1.0,0.5903836027749967,1.0,0.7,0.34754714994000274,0.9332604888222655,0.30000000000000004,0.0,0.0,80,0.5,0.38604788336490925,0.6139521166350907,1.0,0.9119026971211976,1.0,0.5,0.38604788336490925,0.6139521166350907,0.5,0.0,0.0,0.7
yoloworld,253251,28488,64,kush plant blue pot,1,3,3,1,0.8758553753698108,20,20,0.65,0.4078114654671719,0.8460907952154588,1.0,0.752947361999529,1.0,0.65,0.4078114654671719,0.8460907952154588,0.35,0.0,0.0,80,0.5,0.38604788336490925,0.6139521166350907,1.0,0.9119026971211976,1.0,0.5,0.38604788336490925,0.6139521166350907,0.5,0.0,0.0,0.65
yoloworld,253251,28488,64,kush plant blue pot,1,3,3,1,0.8758553753698108,40,40,0.5,0.33801781373723455,0.6619821862627655,1.0,0.8315665290169146,1.0,0.5,0.33801781373723455,0.6619821862627655,0.5,0.0,0.0,80,0.5,0.38604788336490925,0.6139521166350907,1.0,0.9119026971211976,1.0,0.5,0.38604788336490925,0.6139521166350907,0.5,0.0,0.0,0.5
yoloworld,83178,42764,1,guy on bottom left blue suit,0,1,0,1,0.9443379792428417,5,0,0.0,,,,,,0.0,,,,,,0,0.0,,,,,,0.0,,,,,,0.0
yoloworld,83178,42764,1,guy on bottom left blue suit,0,1,0,1,0.9443379792428417,10,0,0.0,,,,,,0.0,,,,,,0,0.0,,,,,,0.0,,,,,,0.0
yoloworld,83178,42764,1,guy on bottom left blue suit,0,1,0,1,0.9443379792428417,20,0,0.0,,,,,,0.0,,,,,,0,0.0,,,,,,0.0,,,,,,0.0
yoloworld,83178,42764,1,guy on bottom left blue suit,0,1,0,1,0.9443379792428417,40,0,0.0,,,,,,0.0,,,,,,0,0.0,,,,,,0.0,,,,,,0.0
yoloworld,399922,15789,1,ladie jacket walking bike,1,3,3,1,0.9805365289974322,5,5,1.0,0.47817624989501856,1.0,1.0,0.47817624989501856,1.0,1.0,0.47817624989501856,1.0,0.0,0.0,0.0,80,1.0,0.9549359649323077,1.0,0.85,0.7526358884071023,0.9200184386902862,0.85,0.7526358884071023,0.9200184386902862,0.0,0.15000000000000002,0.0,1.0
yoloworld,399922,15789,1,ladie jacket walking bike,1,3,3,1,0.9805365289974322,10,10,1.0,0.6915028921812392,1.0,0.9,0.5549838829718046,0.9974714214555382,0.9,0.5549838829718046,0.9974714214555382,0.0,0.09999999999999998,0.0,80,1.0,0.9549359649323077,1.0,0.85,0.7526358884071023,0.9200184386902862,0.85,0.7526358884071023,0.9200184386902862,0.0,0.15000000000000002,0.0,0.9
yoloworld,399922,15789,1,ladie jacket walking bike,1,3,3,1,0.9805365289974322,20,20,1.0,0.8315665290169146,1.0,0.85,0.6210731734546859,0.9679290628145363,0.85,0.6210731734546859,0.9679290628145363,0.0,0.15000000000000002,0.0,80,1.0,0.9549359649323077,1.0,0.85,0.7526358884071023,0.9200184386902862,0.85,0.7526358884071023,0.9200184386902862,0.0,0.15000000000000002,0.0,0.85
yoloworld,399922,15789,1,ladie jacket walking bike,1,3,3,1,0.9805365289974322,40,40,1.0,0.9119026971211976,1.0,0.775,0.6154883226965773,0.891603361015928,0.775,0.6154883226965773,0.891603361015928,0.0,0.22499999999999998,0.0,80,1.0,0.9549359649323077,1.0,0.85,0.7526358884071023,0.9200184386902862,0.85,0.7526358884071023,0.9200184386902862,0.0,0.15000000000000002,0.0,0.775
yoloworld,270369,26993,1,woman blue,1,3,3,0,0.0,5,5,1.0,0.47817624989501856,1.0,1.0,0.47817624989501856,1.0,1.0,0.47817624989501856,1.0,0.0,0.0,0.0,80,0.975,0.9125928440694078,0.9969579138351904,1.0,0.9538075796719513,1.0,0.975,0.9125928440694078,0.9969579138351904,0.025000000000000022,0.0,0.0,1.0
yoloworld,270369,26993,1,woman blue,1,3,3,0,0.0,10,10,1.0,0.6915028921812392,1.0,1.0,0.6915028921812392,1.0,1.0,0.6915028921812392,1.0,0.0,0.0,0.0,80,0.975,0.9125928440694078,0.9969579138351904,1.0,0.9538075796719513,1.0,0.975,0.9125928440694078,0.9969579138351904,0.025000000000000022,0.0,0.0,1.0
yoloworld,270369,26993,1,woman blue,1,3,3,0,0.0,20,20,1.0,0.8315665290169146,1.0,1.0,0.8315665290169146,1.0,1.0,0.8315665290169146,1.0,0.0,0.0,0.0,80,0.975,0.9125928440694078,0.9969579138351904,1.0,0.9538075796719513,1.0,0.975,0.9125928440694078,0.9969579138351904,0.025000000000000022,0.0,0.0,1.0
yoloworld,270369,26993,1,woman blue,1,3,3,0,0.0,40,40,0.975,0.8684141415172343,0.9993672550679505,1.0,0.9097488990396657,1.0,0.975,0.8684141415172343,0.9993672550679505,0.025000000000000022,0.0,0.0,80,0.975,0.9125928440694078,0.9969579138351904,1.0,0.9538075796719513,1.0,0.975,0.9125928440694078,0.9969579138351904,0.025000000000000022,0.0,0.0,0.975
yoloworld,417220,14332,33,case top of pink one,1,3,3,0,0.16945308792052935,5,5,0.6,0.14663279963467318,0.9472550494736831,1.0,0.29240177382128674,1.0,0.6,0.14663279963467318,0.9472550494736831,0.4,0.0,0.0,80,0.5375,0.4224175280048351,0.6497235734616016,1.0,0.9177888788458616,1.0,0.5375,0.4224175280048351,0.6497235734616016,0.4625,0.0,0.0,0.6
yoloworld,417220,14332,33,case top of pink one,1,3,3,0,0.16945308792052935,10,10,0.6,0.2623780766069451,0.8784477418801728,1.0,0.5407418735600996,1.0,0.6,0.2623780766069451,0.8784477418801728,0.4,0.0,0.0,80,0.5375,0.4224175280048351,0.6497235734616016,1.0,0.9177888788458616,1.0,0.5375,0.4224175280048351,0.6497235734616016,0.4625,0.0,0.0,0.6
yoloworld,417220,14332,33,case top of pink one,1,3,3,0,0.16945308792052935,20,20,0.65,0.4078114654671719,0.8460907952154588,1.0,0.752947361999529,1.0,0.65,0.4078114654671719,0.8460907952154588,0.35,0.0,0.0,80,0.5375,0.4224175280048351,0.6497235734616016,1.0,0.9177888788458616,1.0,0.5375,0.4224175280048351,0.6497235734616016,0.4625,0.0,0.0,0.65
yoloworld,417220,14332,33,case top of pink one,1,3,3,0,0.16945308792052935,40,40,0.575,0.40890058042696337,0.7295709687311371,1.0,0.8518148710847756,1.0,0.575,0.40890058042696337,0.7295709687311371,0.42500000000000004,0.0,0.0,80,0.5375,0.4224175280048351,0.6497235734616016,1.0,0.9177888788458616,1.0,0.5375,0.4224175280048351,0.6497235734616016,0.4625,0.0,0.0,0.575
yoloworld,251368,28680,1,khaki pants in back behind dog,1,2,2,0,0.40887749474394874,5,5,0.8,0.2835820638819106,0.9949492366205319,0.75,0.19412044968324346,0.9936905367902902,0.6,0.14663279963467318,0.9472550494736831,0.19999999999999996,0.2,5.551115123125783e-17,80,0.85,0.7526358884071023,0.9200184386902862,0.7352941176470589,0.6142895970610122,0.8349615280649069,0.625,0.5096452355928875,0.7308068300531951,0.15000000000000002,0.22499999999999995,2.7755575615628914e-17,0.6
yoloworld,251368,28680,1,khaki pants in back behind dog,1,2,2,0,0.40887749474394874,10,10,0.8,0.4439045376923585,0.9747892736731666,0.625,0.24486321636655167,0.9147665858627465,0.5,0.18708602844739855,0.8129139715526015,0.19999999999999996,0.30000000000000004,0.0,80,0.85,0.7526358884071023,0.9200184386902862,0.7352941176470589,0.6142895970610122,0.8349615280649069,0.625,0.5096452355928875,0.7308068300531951,0.15000000000000002,0.22499999999999995,2.7755575615628914e-17,0.5
yoloworld,251368,28680,1,khaki pants in back behind dog,1,2,2,0,0.40887749474394874,20,20,0.8,0.5633859970033317,0.9426660029499673,0.75,0.4762291801038728,0.9273379617471178,0.6,0.3605425873074897,0.8088099392746928,0.19999999999999996,0.2,5.551115123125783e-17,80,0.85,0.7526358884071023,0.9200184386902862,0.7352941176470589,0.6142895970610122,0.8349615280649069,0.625,0.5096452355928875,0.7308068300531951,0.15000000000000002,0.22499999999999995,2.7755575615628914e-17,0.6
yoloworld,251368,28680,1,khaki pants in back behind dog,1,2,2,0,0.40887749474394874,40,40,0.825,0.6722098666384142,0.9266172706479148,0.7272727272727273,0.5447615722392182,0.8670036112891851,0.6,0.4332670521932967,0.7513500134122563,0.17500000000000004,0.22499999999999998,0.0,80,0.85,0.7526358884071023,0.9200184386902862,0.7352941176470589,0.6142895970610122,0.8349615280649069,0.625,0.5096452355928875,0.7308068300531951,0.15000000000000002,0.22499999999999995,2.7755575615628914e-17,0.6
yoloworld,478712,9015,1,man on the left,1,4,4,1,0.9748995469828203,5,5,0.6,0.14663279963467318,0.9472550494736831,1.0,0.29240177382128674,1.0,0.6,0.14663279963467318,0.9472550494736831,0.4,0.0,0.0,80,0.4125,0.30352459293759415,0.5281516595747955,1.0,0.8942371899254207,1.0,0.4125,0.30352459293759415,0.5281516595747955,0.5875,0.0,0.0,0.6
yoloworld,478712,9015,1,man on the left,1,4,4,1,0.9748995469828203,10,10,0.5,0.18708602844739855,0.8129139715526015,1.0,0.47817624989501856,1.0,0.5,0.18708602844739855,0.8129139715526015,0.5,0.0,0.0,80,0.4125,0.30352459293759415,0.5281516595747955,1.0,0.8942371899254207,1.0,0.4125,0.30352459293759415,0.5281516595747955,0.5875,0.0,0.0,0.5
yoloworld,478712,9015,1,man on the left,1,4,4,1,0.9748995469828203,20,20,0.4,0.1911900607253072,0.6394574126925103,1.0,0.6305833524471808,1.0,0.4,0.1911900607253072,0.6394574126925103,0.6,0.0,0.0,80,0.4125,0.30352459293759415,0.5281516595747955,1.0,0.8942371899254207,1.0,0.4125,0.30352459293759415,0.5281516595747955,0.5875,0.0,0.0,0.4
yoloworld,478712,9015,1,man on the left,1,4,4,1,0.9748995469828203,40,40,0.45,0.29258835003987993,0.6150932054659867,1.0,0.8146980318621478,1.0,0.45,0.29258835003987993,0.6150932054659867,0.55,0.0,0.0,80,0.4125,0.30352459293759415,0.5281516595747955,1.0,0.8942371899254207,1.0,0.4125,0.30352459293759415,0.5281516595747955,0.5875,0.0,0.0,0.45
yoloworld,279415,26295,1,guy in the middle,1,3,3,0,0.06371002030088567,5,5,1.0,0.47817624989501856,1.0,1.0,0.47817624989501856,1.0,1.0,0.47817624989501856,1.0,0.0,0.0,0.0,80,1.0,0.9549359649323077,1.0,1.0,0.9549359649323077,1.0,1.0,0.9549359649323077,1.0,0.0,0.0,0.0,1.0
yoloworld,279415,26295,1,guy in the middle,1,3,3,0,0.06371002030088567,10,10,1.0,0.6915028921812392,1.0,1.0,0.6915028921812392,1.0,1.0,0.6915028921812392,1.0,0.0,0.0,0.0,80,1.0,0.9549359649323077,1.0,1.0,0.9549359649323077,1.0,1.0,0.9549359649323077,1.0,0.0,0.0,0.0,1.0
yoloworld,279415,26295,1,guy in the middle,1,3,3,0,0.06371002030088567,20,20,1.0,0.8315665290169146,1.0,1.0,0.8315665290169146,1.0,1.0,0.8315665290169146,1.0,0.0,0.0,0.0,80,1.0,0.9549359649323077,1.0,1.0,0.9549359649323077,1.0,1.0,0.9549359649323077,1.0,0.0,0.0,0.0,1.0
yoloworld,279415,26295,1,guy in the middle,1,3,3,0,0.06371002030088567,40,40,1.0,0.9119026971211976,1.0,1.0,0.9119026971211976,1.0,1.0,0.9119026971211976,1.0,0.0,0.0,0.0,80,1.0,0.9549359649323077,1.0,1.0,0.9549359649323077,1.0,1.0,0.9549359649323077,1.0,0.0,0.0,0.0,1.0
yoloworld,438196,12529,1,right side black shirt no backpack,1,6,5,0,0.0,5,5,0.8,0.2835820638819106,0.9949492366205319,1.0,0.3976353643835254,1.0,0.8,0.2835820638819106,0.9949492366205319,0.19999999999999996,0.0,0.0,80,0.625,0.5096452355928875,0.7308068300531951,1.0,0.9288782635358024,1.0,0.625,0.5096452355928875,0.7308068300531951,0.375,0.0,0.0,0.8
yoloworld,438196,12529,1,right side black shirt no backpack,1,6,5,0,0.0,10,10,0.7,0.34754714994000274,0.9332604888222655,1.0,0.5903836027749967,1.0,0.7,0.34754714994000274,0.9332604888222655,0.30000000000000004,0.0,0.0,80,0.625,0.5096452355928875,0.7308068300531951,1.0,0.9288782635358024,1.0,0.625,0.5096452355928875,0.7308068300531951,0.375,0.0,0.0,0.7
yoloworld,438196,12529,1,right side black shirt no backpack,1,6,5,0,0.0,20,20,0.65,0.4078114654671719,0.8460907952154588,1.0,0.752947361999529,1.0,0.65,0.4078114654671719,0.8460907952154588,0.35,0.0,0.0,80,0.625,0.5096452355928875,0.7308068300531951,1.0,0.9288782635358024,1.0,0.625,0.5096452355928875,0.7308068300531951,0.375,0.0,0.0,0.65
yoloworld,438196,12529,1,right side black shirt no backpack,1,6,5,0,0.0,40,40,0.625,0.4580147522326109,0.772737277518174,1.0,0.8628148284692875,1.0,0.625,0.4580147522326109,0.772737277518174,0.375,0.0,0.0,80,0.625,0.5096452355928875,0.7308068300531951,1.0,0.9288782635358024,1.0,0.625,0.5096452355928875,0.7308068300531951,0.375,0.0,0.0,0.625
yoloworld,199888,33052,22,front elephant,1,2,2,0,0.028390676283947928,5,5,1.0,0.47817624989501856,1.0,0.8,0.2835820638819106,0.9949492366205319,0.8,0.2835820638819106,0.9949492366205319,0.0,0.19999999999999996,0.0,80,1.0,0.9549359649323077,1.0,0.825,0.7238459604789864,0.9008894901605713,0.825,0.7238459604789864,0.9008894901605713,0.0,0.17500000000000004,0.0,0.8
yoloworld,199888,33052,22,front elephant,1,2,2,0,0.028390676283947928,10,10,1.0,0.6915028921812392,1.0,0.9,0.5549838829718046,0.9974714214555382,0.9,0.5549838829718046,0.9974714214555382,0.0,0.09999999999999998,0.0,80,1.0,0.9549359649323077,1.0,0.825,0.7238459604789864,0.9008894901605713,0.825,0.7238459604789864,0.9008894901605713,0.0,0.17500000000000004,0.0,0.9
yoloworld,199888,33052,22,front elephant,1,2,2,0,0.028390676283947928,20,20,1.0,0.8315665290169146,1.0,0.9,0.6830172859809176,0.9876514728297052,0.9,0.6830172859809176,0.9876514728297052,0.0,0.09999999999999998,0.0,80,1.0,0.9549359649323077,1.0,0.825,0.7238459604789864,0.9008894901605713,0.825,0.7238459604789864,0.9008894901605713,0.0,0.17500000000000004,0.0,0.9
yoloworld,199888,33052,22,front elephant,1,2,2,0,0.028390676283947928,40,40,1.0,0.9119026971211976,1.0,0.9,0.7633626001239001,0.9720745847057807,0.9,0.7633626001239001,0.9720745847057807,0.0,0.09999999999999998,0.0,80,1.0,0.9549359649323077,1.0,0.825,0.7238459604789864,0.9008894901605713,0.825,0.7238459604789864,0.9008894901605713,0.0,0.17500000000000004,0.0,0.9
yoloworld,369019,18441,1,white jersey,1,3,3,0,0.0,5,5,1.0,0.47817624989501856,1.0,0.6,0.14663279963467318,0.9472550494736831,0.6,0.14663279963467318,0.9472550494736831,0.0,0.4,0.0,80,1.0,0.9549359649323077,1.0,0.7375,0.6271491697875681,0.8295907488995917,0.7375,0.6271491697875681,0.8295907488995917,0.0,0.26249999999999996,0.0,0.6
yoloworld,369019,18441,1,white jersey,1,3,3,0,0.0,10,10,1.0,0.6915028921812392,1.0,0.7,0.34754714994000274,0.9332604888222655,0.7,0.34754714994000274,0.9332604888222655,0.0,0.30000000000000004,0.0,80,1.0,0.9549359649323077,1.0,0.7375,0.6271491697875681,0.8295907488995917,0.7375,0.6271491697875681,0.8295907488995917,0.0,0.26249999999999996,0.0,0.7
yoloworld,369019,18441,1,white jersey,1,3,3,0,0.0,20,20,1.0,0.8315665290169146,1.0,0.7,0.4572108177237109,0.8810684095942722,0.7,0.4572108177237109,0.8810684095942722,0.0,0.30000000000000004,0.0,80,1.0,0.9549359649323077,1.0,0.7375,0.6271491697875681,0.8295907488995917,0.7375,0.6271491697875681,0.8295907488995917,0.0,0.26249999999999996,0.0,0.7
yoloworld,369019,18441,1,white jersey,1,3,3,0,0.0,40,40,1.0,0.9119026971211976,1.0,0.675,0.5087051245215516,0.8142710332366501,0.675,0.5087051245215516,0.8142710332366501,0.0,0.32499999999999996,0.0,80,1.0,0.9549359649323077,1.0,0.7375,0.6271491697875681,0.8295907488995917,0.7375,0.6271491697875681,0.8295907488995917,0.0,0.26249999999999996,0.0,0.675
yoloworld,180179,34674,24,upper right large zebra head,1,6,5,0,0.13236602210791917,5,5,1.0,0.47817624989501856,1.0,0.8,0.2835820638819106,0.9949492366205319,0.8,0.2835820638819106,0.9949492366205319,0.0,0.19999999999999996,0.0,80,0.7,0.587240676918624,0.7974260708533272,0.5714285714285714,0.4321590100712883,0.7028791341289709,0.4,0.29200935625531044,0.5156230595045106,0.30000000000000004,0.3,5.551115123125783e-17,0.8
yoloworld,180179,34674,24,upper right large zebra head,1,6,5,0,0.13236602210791917,10,10,0.9,0.5549838829718046,0.9974714214555382,0.6666666666666666,0.2992950562085404,0.9251453685803082,0.6,0.2623780766069451,0.8784477418801728,0.09999999999999998,0.30000000000000004,0.0,80,0.7,0.587240676918624,0.7974260708533272,0.5714285714285714,0.4321590100712883,0.7028791341289709,0.4,0.29200935625531044,0.5156230595045106,0.30000000000000004,0.3,5.551115123125783e-17,0.6
yoloworld,180179,34674,24,upper right large zebra head,1,6,5,0,0.13236602210791917,20,20,0.75,0.5089541282920425,0.9134285308985653,0.8,0.519108866193147,0.9566879948941633,0.6,0.3605425873074897,0.8088099392746928,0.25,0.14999999999999997,5.551115123125783e-17,80,0.7,0.587240676918624,0.7974260708533272,0.5714285714285714,0.4321590100712883,0.7028791341289709,0.4,0.29200935625531044,0.5156230595045106,0.30000000000000004,0.3,5.551115123125783e-17,0.6
yoloworld,180179,34674,24,upper right large zebra head,1,6,5,0,0.13236602210791917,40,40,0.8,0.6435219813207653,0.9094775906000093,0.6875,0.49992241836783036,0.8388152759117995,0.55,0.38490679453401333,0.7074116499601201,0.19999999999999996,0.25,0.0,80,0.7,0.587240676918624,0.7974260708533272,0.5714285714285714,0.4321590100712883,0.7028791341289709,0.4,0.29200935625531044,0.5156230595045106,0.30000000000000004,0.3,5.551115123125783e-17,0.55
yoloworld,233878,30137,51,mac and cheese,1,3,3,0,0.0,5,5,0.8,0.2835820638819106,0.9949492366205319,0.25,0.0063094632097098705,0.8058795503167565,0.2,0.005050763379468061,0.7164179361180893,0.19999999999999996,0.6000000000000001,0.0,80,1.0,0.9549359649323077,1.0,0.4875,0.37405748144443896,0.6018953312968145,0.4875,0.37405748144443896,0.6018953312968145,0.0,0.5125,0.0,0.2
yoloworld,233878,30137,51,mac and cheese,1,3,3,0,0.0,10,10,0.9,0.5549838829718046,0.9974714214555382,0.3333333333333333,0.07485463141969183,0.7007049437914596,0.3,0.0667395111777345,0.6524528500599973,0.09999999999999998,0.6000000000000001,1.1102230246251565e-16,80,1.0,0.9549359649323077,1.0,0.4875,0.37405748144443896,0.6018953312968145,0.4875,0.37405748144443896,0.6018953312968145,0.0,0.5125,0.0,0.3
yoloworld,233878,30137,51,mac and cheese,1,3,3,0,0.0,20,20,0.9,0.6830172859809176,0.9876514728297052,0.3888888888888889,0.17298585478975187,0.6425487941069372,0.35,0.15390920478454118,0.5921885345328282,0.09999999999999998,0.55,0.0,80,1.0,0.9549359649323077,1.0,0.4875,0.37405748144443896,0.6018953312968145,0.4875,0.37405748144443896,0.6018953312968145,0.0,0.5125,0.0,0.35
yoloworld,233878,30137,51,mac and cheese,1,3,3,0,0.0,40,40,0.95,0.8308031360405824,0.9938863534006491,0.47368421052631576,0.30980730160820874,0.6418165637394964,0.45,0.29258835003987993,0.6150932054659867,0.050000000000000044,0.5,0.0,80,1.0,0.9549359649323077,1.0,0.4875,0.37405748144443896,0.6018953312968145,0.4875,0.37405748144443896,0.6018953312968145,0.0,0.5125,0.0,0.45
yoloworld,383512,17235,6,section of the bus on the far right,1,6,5,0,0.13681319054772406,5,5,0.4,0.05274495052631693,0.8533672003653268,1.0,0.15811388300841903,1.0,0.4,0.05274495052631693,0.8533672003653268,0.6,0.0,0.0,80,0.275,0.1810376385570388,0.38624342084440927,0.9090909090909091,0.7083872584460665,0.988794413975849,0.25,0.1598796445068558,0.35936347590685,0.725,0.025000000000000012,1.0408340855860843e-17,0.4
yoloworld,383512,17235,6,section of the bus on the far right,1,6,5,0,0.13681319054772406,10,10,0.3,0.0667395111777345,0.6524528500599973,1.0,0.29240177382128674,1.0,0.3,0.0667395111777345,0.6524528500599973,0.7,0.0,0.0,80,0.275,0.1810376385570388,0.38624342084440927,0.9090909090909091,0.7083872584460665,0.988794413975849,0.25,0.1598796445068558,0.35936347590685,0.725,0.025000000000000012,1.0408340855860843e-17,0.3
yoloworld,383512,17235,6,section of the bus on the far right,1,6,5,0,0.13681319054772406,20,20,0.25,0.08657146910143462,0.49104587170795755,1.0,0.47817624989501856,1.0,0.25,0.08657146910143462,0.49104587170795755,0.75,0.0,0.0,80,0.275,0.1810376385570388,0.38624342084440927,0.9090909090909091,0.7083872584460665,0.988794413975849,0.25,0.1598796445068558,0.35936347590685,0.725,0.025000000000000012,1.0408340855860843e-17,0.25
yoloworld,383512,17235,6,section of the bus on the far right,1,6,5,0,0.13681319054772406,40,40,0.3,0.16562720439323564,0.4653162852541233,1.0,0.7353515306029488,1.0,0.3,0.16562720439323564,0.4653162852541233,0.7,0.0,0.0,80,0.275,0.1810376385570388,0.38624342084440927,0.9090909090909091,0.7083872584460665,0.988794413975849,0.25,0.1598796445068558,0.35936347590685,0.725,0.025000000000000012,1.0408340855860843e-17,0.3
yoloworld,224891,30859,25,smaller giraffe,1,6,5,1,0.9625760536859574,5,5,0.8,0.2835820638819106,0.9949492366205319,1.0,0.3976353643835254,1.0,0.8,0.2835820638819106,0.9949492366205319,0.19999999999999996,0.0,0.0,80,0.925,0.8438720682639279,0.9719794538231588,0.8243243243243243,0.7183432989223599,0.903007230548411,0.7625,0.6542230288597322,0.8505462481433591,0.07499999999999996,0.16249999999999998,1.1102230246251565e-16,0.8
yoloworld,224891,30859,25,smaller giraffe,1,6,5,1,0.9625760536859574,10,10,0.9,0.5549838829718046,0.9974714214555382,0.6666666666666666,0.2992950562085404,0.9251453685803082,0.6,0.2623780766069451,0.8784477418801728,0.09999999999999998,0.30000000000000004,0.0,80,0.925,0.8438720682639279,0.9719794538231588,0.8243243243243243,0.7183432989223599,0.903007230548411,0.7625,0.6542230288597322,0.8505462481433591,0.07499999999999996,0.16249999999999998,1.1102230246251565e-16,0.6
yoloworld,224891,30859,25,smaller giraffe,1,6,5,1,0.9625760536859574,20,20,0.85,0.6210731734546859,0.9679290628145363,0.7058823529411765,0.4404172812456629,0.8968644856296799,0.6,0.3605425873074897,0.8088099392746928,0.15000000000000002,0.24999999999999994,5.551115123125783e-17,80,0.925,0.8438720682639279,0.9719794538231588,0.8243243243243243,0.7183432989223599,0.903007230548411,0.7625,0.6542230288597322,0.8505462481433591,0.07499999999999996,0.16249999999999998,1.1102230246251565e-16,0.6
yoloworld,224891,30859,25,smaller giraffe,1,6,5,1,0.9625760536859574,40,40,0.875,0.7319670826382796,0.9581403738613833,0.7428571428571429,0.5674411503059621,0.875106028083238,0.65,0.48315554635100944,0.793717509129233,0.125,0.22499999999999998,0.0,80,0.925,0.8438720682639279,0.9719794538231588,0.8243243243243243,0.7183432989223599,0.903007230548411,0.7625,0.6542230288597322,0.8505462481433591,0.07499999999999996,0.16249999999999998,1.1102230246251565e-16,0.65
yoloworld,540436,3652,67,table behind plate,0,1,0,0,0.07122176511629008,5,0,0.0,,,,,,0.0,,,,,,0,0.0,,,,,,0.0,,,,,,0.0
yoloworld,540436,3652,67,table behind plate,0,1,0,0,0.07122176511629008,10,0,0.0,,,,,,0.0,,,,,,0,0.0,,,,,,0.0,,,,,,0.0
yoloworld,540436,3652,67,table behind plate,0,1,0,0,0.07122176511629008,20,0,0.0,,,,,,0.0,,,,,,0,0.0,,,,,,0.0,,,,,,0.0
yoloworld,540436,3652,67,table behind plate,0,1,0,0,0.07122176511629008,40,0,0.0,,,,,,0.0,,,,,,0,0.0,,,,,,0.0,,,,,,0.0
yoloworld,535561,4053,1,suit,1,5,5,1,0.9701280683138256,5,5,0.2,0.005050763379468061,0.7164179361180893,1.0,0.025000000000000022,1.0,0.2,0.005050763379468061,0.7164179361180893,0.8,0.0,0.0,80,0.4125,0.30352459293759415,0.5281516595747955,1.0,0.8942371899254207,1.0,0.4125,0.30352459293759415,0.5281516595747955,0.5875,0.0,0.0,0.2
yoloworld,535561,4053,1,suit,1,5,5,1,0.9701280683138256,10,10,0.4,0.1215522581198272,0.7376219233930549,1.0,0.3976353643835254,1.0,0.4,0.1215522581198272,0.7376219233930549,0.6,0.0,0.0,80,0.4125,0.30352459293759415,0.5281516595747955,1.0,0.8942371899254207,1.0,0.4125,0.30352459293759415,0.5281516595747955,0.5875,0.0,0.0,0.4
yoloworld,535561,4053,1,suit,1,5,5,1,0.9701280683138256,20,20,0.4,0.1911900607253072,0.6394574126925103,1.0,0.6305833524471808,1.0,0.4,0.1911900607253072,0.6394574126925103,0.6,0.0,0.0,80,0.4125,0.30352459293759415,0.5281516595747955,1.0,0.8942371899254207,1.0,0.4125,0.30352459293759415,0.5281516595747955,0.5875,0.0,0.0,0.4
yoloworld,535561,4053,1,suit,1,5,5,1,0.9701280683138256,40,40,0.375,0.22726272248182594,0.5419852477673891,1.0,0.781980639089466,1.0,0.375,0.22726272248182594,0.5419852477673891,0.625,0.0,0.0,80,0.4125,0.30352459293759415,0.5281516595747955,1.0,0.8942371899254207,1.0,0.4125,0.30352459293759415,0.5281516595747955,0.5875,0.0,0.0,0.375
yoloworld,254821,28366,73,red laptop,1,2,2,1,0.9743032108780993,5,5,1.0,0.47817624989501856,1.0,1.0,0.47817624989501856,1.0,1.0,0.47817624989501856,1.0,0.0,0.0,0.0,80,1.0,0.9549359649323077,1.0,1.0,0.9549359649323077,1.0,1.0,0.9549359649323077,1.0,0.0,0.0,0.0,1.0
yoloworld,254821,28366,73,red laptop,1,2,2,1,0.9743032108780993,10,10,1.0,0.6915028921812392,1.0,1.0,0.6915028921812392,1.0,1.0,0.6915028921812392,1.0,0.0,0.0,0.0,80,1.0,0.9549359649323077,1.0,1.0,0.9549359649323077,1.0,1.0,0.9549359649323077,1.0,0.0,0.0,0.0,1.0
yoloworld,254821,28366,73,red laptop,1,2,2,1,0.9743032108780993,20,20,1.0,0.8315665290169146,1.0,1.0,0.8315665290169146,1.0,1.0,0.8315665290169146,1.0,0.0,0.0,0.0,80,1.0,0.9549359649323077,1.0,1.0,0.9549359649323077,1.0,1.0,0.9549359649323077,1.0,0.0,0.0,0.0,1.0
yoloworld,254821,28366,73,red laptop,1,2,2,1,0.9743032108780993,40,40,1.0,0.9119026971211976,1.0,1.0,0.9119026971211976,1.0,1.0,0.9119026971211976,1.0,0.0,0.0,0.0,80,1.0,0.9549359649323077,1.0,1.0,0.9549359649323077,1.0,1.0,0.9549359649323077,1.0,0.0,0.0,0.0,1.0
yoloworld,3518,49728,52,bottom banana,1,3,3,1,0.9054276977052925,5,5,1.0,0.47817624989501856,1.0,0.8,0.2835820638819106,0.9949492366205319,0.8,0.2835820638819106,0.9949492366205319,0.0,0.19999999999999996,0.0,80,0.6625,0.5480943856258318,0.7644738620163491,0.8490566037735849,0.7240788211452831,0.9325074618840361,0.5625,0.4469975713881803,0.673236046566221,0.3375,0.09999999999999998,0.0,0.8
yoloworld,3518,49728,52,bottom banana,1,3,3,1,0.9054276977052925,10,10,0.9,0.5549838829718046,0.9974714214555382,0.8888888888888888,0.517503485082663,0.9971908632534008,0.8,0.4439045376923585,0.9747892736731666,0.09999999999999998,0.10000000000000005,6.938893903907228e-17,80,0.6625,0.5480943856258318,0.7644738620163491,0.8490566037735849,0.7240788211452831,0.9325074618840361,0.5625,0.4469975713881803,0.673236046566221,0.3375,0.09999999999999998,0.0,0.8
yoloworld,3518,49728,52,bottom banana,1,3,3,1,0.9054276977052925,20,20,0.75,0.5089541282920425,0.9134285308985653,0.8,0.519108866193147,0.9566879948941633,0.6,0.3605425873074897,0.8088099392746928,0.25,0.14999999999999997,5.551115123125783e-17,80,0.6625,0.5480943856258318,0.7644738620163491,0.8490566037735849,0.7240788211452831,0.9325074618840361,0.5625,0.4469975713881803,0.673236046566221,0.3375,0.09999999999999998,0.0,0.6
yoloworld,3518,49728,52,bottom banana,1,3,3,1,0.9054276977052925,40,40,0.75,0.5880380198485702,0.873085201067155,0.8333333333333334,0.6527883011658562,0.9435783035319285,0.625,0.4580147522326109,0.772737277518174,0.25,0.12499999999999997,2.7755575615628914e-17,80,0.6625,0.5480943856258318,0.7644738620163491,0.8490566037735849,0.7240788211452831,0.9325074618840361,0.5625,0.4469975713881803,0.673236046566221,0.3375,0.09999999999999998,0.0,0.625
yoloworld,227825,30602,1,black guy,0,1,0,1,0.9475206779992639,5,0,0.0,,,,,,0.0,,,,,,0,0.0,,,,,,0.0,,,,,,0.0
yoloworld,227825,30602,1,black guy,0,1,0,1,0.9475206779992639,10,0,0.0,,,,,,0.0,,,,,,0,0.0,,,,,,0.0,,,,,,0.0
yoloworld,227825,30602,1,black guy,0,1,0,1,0.9475206779992639,20,0,0.0,,,,,,0.0,,,,,,0,0.0,,,,,,0.0,,,,,,0.0
yoloworld,227825,30602,1,black guy,0,1,0,1,0.9475206779992639,40,0,0.0,,,,,,0.0,,,,,,0,0.0,,,,,,0.0,,,,,,0.0
yoloworld,264781,27477,1,right person,1,2,2,1,0.9557699731658564,5,5,1.0,0.47817624989501856,1.0,1.0,0.47817624989501856,1.0,1.0,0.47817624989501856,1.0,0.0,0.0,0.0,80,1.0,0.9549359649323077,1.0,1.0,0.9549359649323077,1.0,1.0,0.9549359649323077,1.0,0.0,0.0,0.0,1.0
yoloworld,264781,27477,1,right person,1,2,2,1,0.9557699731658564,10,10,1.0,0.6915028921812392,1.0,1.0,0.6915028921812392,1.0,1.0,0.6915028921812392,1.0,0.0,0.0,0.0,80,1.0,0.9549359649323077,1.0,1.0,0.9549359649323077,1.0,1.0,0.9549359649323077,1.0,0.0,0.0,0.0,1.0
yoloworld,264781,27477,1,right person,1,2,2,1,0.9557699731658564,20,20,1.0,0.8315665290169146,1.0,1.0,0.8315665290169146,1.0,1.0,0.8315665290169146,1.0,0.0,0.0,0.0,80,1.0,0.9549359649323077,1.0,1.0,0.9549359649323077,1.0,1.0,0.9549359649323077,1.0,0.0,0.0,0.0,1.0
yoloworld,264781,27477,1,right person,1,2,2,1,0.9557699731658564,40,40,1.0,0.9119026971211976,1.0,1.0,0.9119026971211976,1.0,1.0,0.9119026971211976,1.0,0.0,0.0,0.0,80,1.0,0.9549359649323077,1.0,1.0,0.9549359649323077,1.0,1.0,0.9549359649323077,1.0,0.0,0.0,0.0,1.0
yoloworld,103419,41004,73,right screen,1,3,3,0,0.0,5,5,0.2,0.005050763379468061,0.7164179361180893,0.0,0.0,0.975,0.0,0.0,0.5218237501049814,0.8,0.2,5.551115123125783e-17,80,0.2,0.11885908640498533,0.30436886700546445,0.6875,0.4133793635486414,0.8898300452828823,0.1375,0.0706878327038787,0.2327208708247256,0.8,0.0625,0.0,0.0
yoloworld,103419,41004,73,right screen,1,3,3,0,0.0,10,10,0.3,0.0667395111777345,0.6524528500599973,0.0,0.0,0.7075982261787133,0.0,0.0,0.3084971078187608,0.7,0.3,5.551115123125783e-17,80,0.2,0.11885908640498533,0.30436886700546445,0.6875,0.4133793635486414,0.8898300452828823,0.1375,0.0706878327038787,0.2327208708247256,0.8,0.0625,0.0,0.0
yoloworld,103419,41004,73,right screen,1,3,3,0,0.0,20,20,0.2,0.057333997050032774,0.43661400299666825,0.0,0.0,0.6023646356164746,0.0,0.0,0.1684334709830853,0.8,0.2,5.551115123125783e-17,80,0.2,0.11885908640498533,0.30436886700546445,0.6875,0.4133793635486414,0.8898300452828823,0.1375,0.0706878327038787,0.2327208708247256,0.8,0.0625,0.0,0.0
yoloworld,103419,41004,73,right screen,1,3,3,0,0.0,40,40,0.275,0.14600899196386566,0.43888290717904815,0.45454545454545453,0.16748809406370715,0.7662064023406547,0.125,0.0418596261386167,0.2680329173617204,0.725,0.15,2.7755575615628914e-17,80,0.2,0.11885908640498533,0.30436886700546445,0.6875,0.4133793635486414,0.8898300452828823,0.1375,0.0706878327038787,0.2327208708247256,0.8,0.0625,0.0,0.125
yoloworld,77650,43240,1,gal in blue,0,1,0,0,0.02491918548483359,5,0,0.0,,,,,,0.0,,,,,,0,0.0,,,,,,0.0,,,,,,0.0
yoloworld,77650,43240,1,gal in blue,0,1,0,0,0.02491918548483359,10,0,0.0,,,,,,0.0,,,,,,0,0.0,,,,,,0.0,,,,,,0.0
yoloworld,77650,43240,1,gal in blue,0,1,0,0,0.02491918548483359,20,0,0.0,,,,,,0.0,,,,,,0,0.0,,,,,,0.0,,,,,,0.0
yoloworld,77650,43240,1,gal in blue,0,1,0,0,0.02491918548483359,40,0,0.0,,,,,,0.0,,,,,,0,0.0,,,,,,0.0,,,,,,0.0
yoloworld,574251,682,33,second bag from left,1,7,5,0,0.0889382097496488,5,5,1.0,0.47817624989501856,1.0,0.8,0.2835820638819106,0.9949492366205319,0.8,0.2835820638819106,0.9949492366205319,0.0,0.19999999999999996,0.0,80,0.9625,0.8942980149834914,0.9921988127342833,0.8831168831168831,0.7896810319132936,0.9451375231882498,0.85,0.7526358884071023,0.9200184386902862,0.03749999999999998,0.11250000000000004,0.0,0.8
yoloworld,574251,682,33,second bag from left,1,7,5,0,0.0889382097496488,10,10,0.9,0.5549838829718046,0.9974714214555382,0.8888888888888888,0.517503485082663,0.9971908632534008,0.8,0.4439045376923585,0.9747892736731666,0.09999999999999998,0.10000000000000005,6.938893903907228e-17,80,0.9625,0.8942980149834914,0.9921988127342833,0.8831168831168831,0.7896810319132936,0.9451375231882498,0.85,0.7526358884071023,0.9200184386902862,0.03749999999999998,0.11250000000000004,0.0,0.8
yoloworld,574251,682,33,second bag from left,1,7,5,0,0.0889382097496488,20,20,0.9,0.6830172859809176,0.9876514728297052,0.8888888888888888,0.6528795613913279,0.9862487843356355,0.8,0.5633859970033317,0.9426660029499673,0.09999999999999998,0.10000000000000005,6.938893903907228e-17,80,0.9625,0.8942980149834914,0.9921988127342833,0.8831168831168831,0.7896810319132936,0.9451375231882498,0.85,0.7526358884071023,0.9200184386902862,0.03749999999999998,0.11250000000000004,0.0,0.8
yoloworld,574251,682,33,second bag from left,1,7,5,0,0.0889382097496488,40,40,0.9,0.7633626001239001,0.9720745847057807,0.8055555555555556,0.6397519838249746,0.9180563602347911,0.725,0.5611170928209519,0.8539910080361344,0.09999999999999998,0.175,5.551115123125783e-17,80,0.9625,0.8942980149834914,0.9921988127342833,0.8831168831168831,0.7896810319132936,0.9451375231882498,0.85,0.7526358884071023,0.9200184386902862,0.03749999999999998,0.11250000000000004,0.0,0.725
yoloworld,270391,26991,1,front person,0,0,0,0,0.0,5,0,0.0,,,,,,0.0,,,,,,0,0.0,,,,,,0.0,,,,,,0.0
yoloworld,270391,26991,1,front person,0,0,0,0,0.0,10,0,0.0,,,,,,0.0,,,,,,0,0.0,,,,,,0.0,,,,,,0.0
yoloworld,270391,26991,1,front person,0,0,0,0,0.0,20,0,0.0,,,,,,0.0,,,,,,0,0.0,,,,,,0.0,,,,,,0.0
yoloworld,270391,26991,1,front person,0,0,0,0,0.0,40,0,0.0,,,,,,0.0,,,,,,0,0.0,,,,,,0.0,,,,,,0.0
yoloworld,10710,49125,1,catcher,0,0,0,0,0.0,5,0,0.0,,,,,,0.0,,,,,,0,0.0,,,,,,0.0,,,,,,0.0
yoloworld,10710,49125,1,catcher,0,0,0,0,0.0,10,0,0.0,,,,,,0.0,,,,,,0,0.0,,,,,,0.0,,,,,,0.0
yoloworld,10710,49125,1,catcher,0,0,0,0,0.0,20,0,0.0,,,,,,0.0,,,,,,0,0.0,,,,,,0.0,,,,,,0.0
yoloworld,10710,49125,1,catcher,0,0,0,0,0.0,40,0,0.0,,,,,,0.0,,,,,,0,0.0,,,,,,0.0,,,,,,0.0
yoloworld,222209,31110,59,food at the top of the plate on the bottom,1,6,5,0,0.2855703297304692,5,5,0.6,0.14663279963467318,0.9472550494736831,0.3333333333333333,0.008403758659612645,0.9057006759497539,0.2,0.005050763379468061,0.7164179361180893,0.4,0.4,0.0,80,0.4125,0.30352459293759415,0.5281516595747955,0.7272727272727273,0.5447615722392182,0.8670036112891851,0.3,0.20257392914667277,0.412759323081376,0.5875,0.11249999999999999,5.551115123125783e-17,0.2
yoloworld,222209,31110,59,food at the top of the plate on the bottom,1,6,5,0,0.2855703297304692,10,10,0.6,0.2623780766069451,0.8784477418801728,0.5,0.11811724875702523,0.8818827512429748,0.3,0.0667395111777345,0.6524528500599973,0.4,0.3,5.551115123125783e-17,80,0.4125,0.30352459293759415,0.5281516595747955,0.7272727272727273,0.5447615722392182,0.8670036112891851,0.3,0.20257392914667277,0.412759323081376,0.5875,0.11249999999999999,5.551115123125783e-17,0.3
yoloworld,222209,31110,59,food at the top of the plate on the bottom,1,6,5,0,0.2855703297304692,20,20,0.6,0.3605425873074897,0.8088099392746928,0.5833333333333334,0.27666968568210587,0.8483477701915698,0.35,0.15390920478454118,0.5921885345328282,0.4,0.24999999999999997,2.7755575615628914e-17,80,0.4125,0.30352459293759415,0.5281516595747955,0.7272727272727273,0.5447615722392182,0.8670036112891851,0.3,0.20257392914667277,0.412759323081376,0.5875,0.11249999999999999,5.551115123125783e-17,0.35
yoloworld,222209,31110,59,food at the top of the plate on the bottom,1,6,5,0,0.2855703297304692,40,40,0.6,0.4332670521932967,0.7513500134122563,0.625,0.405936384007944,0.8120070718039977,0.375,0.22726272248182594,0.5419852477673891,0.4,0.22499999999999998,0.0,80,0.4125,0.30352459293759415,0.5281516595747955,0.7272727272727273,0.5447615722392182,0.8670036112891851,0.3,0.20257392914667277,0.412759323081376,0.5875,0.11249999999999999,5.551115123125783e-17,0.375
yoloworld,573632,746,51,top right bowl,1,4,4,0,0.0,5,5,1.0,0.47817624989501856,1.0,1.0,0.47817624989501856,1.0,1.0,0.47817624989501856,1.0,0.0,0.0,0.0,80,1.0,0.9549359649323077,1.0,0.9875,0.9323122155360776,0.9996835774723672,0.9875,0.9323122155360776,0.9996835774723672,0.0,0.012499999999999956,0.0,1.0
yoloworld,573632,746,51,top right bowl,1,4,4,0,0.0,10,10,1.0,0.6915028921812392,1.0,1.0,0.6915028921812392,1.0,1.0,0.6915028921812392,1.0,0.0,0.0,0.0,80,1.0,0.9549359649323077,1.0,0.9875,0.9323122155360776,0.9996835774723672,0.9875,0.9323122155360776,0.9996835774723672,0.0,0.012499999999999956,0.0,1.0
yoloworld,573632,746,51,top right bowl,1,4,4,0,0.0,20,20,1.0,0.8315665290169146,1.0,1.0,0.8315665290169146,1.0,1.0,0.8315665290169146,1.0,0.0,0.0,0.0,80,1.0,0.9549359649323077,1.0,0.9875,0.9323122155360776,0.9996835774723672,0.9875,0.9323122155360776,0.9996835774723672,0.0,0.012499999999999956,0.0,1.0
yoloworld,573632,746,51,top right bowl,1,4,4,0,0.0,40,40,1.0,0.9119026971211976,1.0,1.0,0.9119026971211976,1.0,1.0,0.9119026971211976,1.0,0.0,0.0,0.0,80,1.0,0.9549359649323077,1.0,0.9875,0.9323122155360776,0.9996835774723672,0.9875,0.9323122155360776,0.9996835774723672,0.0,0.012499999999999956,0.0,1.0
yoloworld,242506,29438,7,leftmost in this image,0,1,0,0,0.036982043914493064,5,0,0.0,,,,,,0.0,,,,,,0,0.0,,,,,,0.0,,,,,,0.0
yoloworld,242506,29438,7,leftmost in this image,0,1,0,0,0.036982043914493064,10,0,0.0,,,,,,0.0,,,,,,0,0.0,,,,,,0.0,,,,,,0.0
yoloworld,242506,29438,7,leftmost in this image,0,1,0,0,0.036982043914493064,20,0,0.0,,,,,,0.0,,,,,,0,0.0,,,,,,0.0,,,,,,0.0
yoloworld,242506,29438,7,leftmost in this image,0,1,0,0,0.036982043914493064,40,0,0.0,,,,,,0.0,,,,,,0,0.0,,,,,,0.0,,,,,,0.0
yoloworld,31112,47333,1,man in a black trouser,1,3,3,1,0.6339819885973778,5,5,1.0,0.47817624989501856,1.0,0.8,0.2835820638819106,0.9949492366205319,0.8,0.2835820638819106,0.9949492366205319,0.0,0.19999999999999996,0.0,80,0.875,0.7821108659305637,0.9383979034415657,0.6,0.4759319252890308,0.7153288984281269,0.525,0.4102278413767706,0.6378664183228473,0.125,0.35000000000000003,5.551115123125783e-17,0.8
yoloworld,31112,47333,1,man in a black trouser,1,3,3,1,0.6339819885973778,10,10,1.0,0.6915028921812392,1.0,0.8,0.4439045376923585,0.9747892736731666,0.8,0.4439045376923585,0.9747892736731666,0.0,0.19999999999999996,0.0,80,0.875,0.7821108659305637,0.9383979034415657,0.6,0.4759319252890308,0.7153288984281269,0.525,0.4102278413767706,0.6378664183228473,0.125,0.35000000000000003,5.551115123125783e-17,0.8
yoloworld,31112,47333,1,man in a black trouser,1,3,3,1,0.6339819885973778,20,20,1.0,0.8315665290169146,1.0,0.65,0.4078114654671719,0.8460907952154588,0.65,0.4078114654671719,0.8460907952154588,0.0,0.35,0.0,80,0.875,0.7821108659305637,0.9383979034415657,0.6,0.4759319252890308,0.7153288984281269,0.525,0.4102278413767706,0.6378664183228473,0.125,0.35000000000000003,5.551115123125783e-17,0.65
yoloworld,31112,47333,1,man in a black trouser,1,3,3,1,0.6339819885973778,40,40,0.925,0.796135251267101,0.9842578201489585,0.7297297297297297,0.5588063664242643,0.862097415586498,0.675,0.5087051245215516,0.8142710332366501,0.07499999999999996,0.25,0.0,80,0.875,0.7821108659305637,0.9383979034415657,0.6,0.4759319252890308,0.7153288984281269,0.525,0.4102278413767706,0.6378664183228473,0.125,0.35000000000000003,5.551115123125783e-17,0.675
yoloworld,323213,22457,1,sitting woman,1,3,3,1,0.9485227176272596,5,5,1.0,0.47817624989501856,1.0,1.0,0.47817624989501856,1.0,1.0,0.47817624989501856,1.0,0.0,0.0,0.0,80,1.0,0.9549359649323077,1.0,1.0,0.9549359649323077,1.0,1.0,0.9549359649323077,1.0,0.0,0.0,0.0,1.0
yoloworld,323213,22457,1,sitting woman,1,3,3,1,0.9485227176272596,10,10,1.0,0.6915028921812392,1.0,1.0,0.6915028921812392,1.0,1.0,0.6915028921812392,1.0,0.0,0.0,0.0,80,1.0,0.9549359649323077,1.0,1.0,0.9549359649323077,1.0,1.0,0.9549359649323077,1.0,0.0,0.0,0.0,1.0
yoloworld,323213,22457,1,sitting woman,1,3,3,1,0.9485227176272596,20,20,1.0,0.8315665290169146,1.0,1.0,0.8315665290169146,1.0,1.0,0.8315665290169146,1.0,0.0,0.0,0.0,80,1.0,0.9549359649323077,1.0,1.0,0.9549359649323077,1.0,1.0,0.9549359649323077,1.0,0.0,0.0,0.0,1.0
yoloworld,323213,22457,1,sitting woman,1,3,3,1,0.9485227176272596,40,40,1.0,0.9119026971211976,1.0,1.0,0.9119026971211976,1.0,1.0,0.9119026971211976,1.0,0.0,0.0,0.0,80,1.0,0.9549359649323077,1.0,1.0,0.9549359649323077,1.0,1.0,0.9549359649323077,1.0,0.0,0.0,0.0,1.0
yoloworld,264296,27543,1,man cloestest to us,1,3,3,0,0.10850841189561478,5,5,1.0,0.47817624989501856,1.0,1.0,0.47817624989501856,1.0,1.0,0.47817624989501856,1.0,0.0,0.0,0.0,80,1.0,0.9549359649323077,1.0,0.9,0.8124348925365684,0.955829059846371,0.9,0.8124348925365684,0.955829059846371,0.0,0.09999999999999998,0.0,1.0
yoloworld,264296,27543,1,man cloestest to us,1,3,3,0,0.10850841189561478,10,10,1.0,0.6915028921812392,1.0,0.9,0.5549838829718046,0.9974714214555382,0.9,0.5549838829718046,0.9974714214555382,0.0,0.09999999999999998,0.0,80,1.0,0.9549359649323077,1.0,0.9,0.8124348925365684,0.955829059846371,0.9,0.8124348925365684,0.955829059846371,0.0,0.09999999999999998,0.0,0.9
yoloworld,264296,27543,1,man cloestest to us,1,3,3,0,0.10850841189561478,20,20,1.0,0.8315665290169146,1.0,0.95,0.7512672372279723,0.9987349105020502,0.95,0.7512672372279723,0.9987349105020502,0.0,0.050000000000000044,0.0,80,1.0,0.9549359649323077,1.0,0.9,0.8124348925365684,0.955829059846371,0.9,0.8124348925365684,0.955829059846371,0.0,0.09999999999999998,0.0,0.95
yoloworld,264296,27543,1,man cloestest to us,1,3,3,0,0.10850841189561478,40,40,1.0,0.9119026971211976,1.0,0.875,0.7319670826382796,0.9581403738613833,0.875,0.7319670826382796,0.9581403738613833,0.0,0.125,0.0,80,1.0,0.9549359649323077,1.0,0.9,0.8124348925365684,0.955829059846371,0.9,0.8124348925365684,0.955829059846371,0.0,0.09999999999999998,0.0,0.875
yoloworld,483611,8607,51,plate of rice,1,5,5,0,0.2191352549845088,5,5,0.6,0.14663279963467318,0.9472550494736831,1.0,0.29240177382128674,1.0,0.6,0.14663279963467318,0.9472550494736831,0.4,0.0,0.0,80,0.6125,0.4969755425018991,0.7194348668752178,0.9795918367346939,0.8914582360315931,0.9994834435024067,0.6,0.48437694049548946,0.7079906437446896,0.38749999999999996,0.012500000000000015,5.204170427930421e-17,0.6
yoloworld,483611,8607,51,plate of rice,1,5,5,0,0.2191352549845088,10,10,0.6,0.2623780766069451,0.8784477418801728,1.0,0.5407418735600996,1.0,0.6,0.2623780766069451,0.8784477418801728,0.4,0.0,0.0,80,0.6125,0.4969755425018991,0.7194348668752178,0.9795918367346939,0.8914582360315931,0.9994834435024067,0.6,0.48437694049548946,0.7079906437446896,0.38749999999999996,0.012500000000000015,5.204170427930421e-17,0.6
yoloworld,483611,8607,51,plate of rice,1,5,5,0,0.2191352549845088,20,20,0.5,0.27195784956079183,0.7280421504392082,1.0,0.6915028921812392,1.0,0.5,0.27195784956079183,0.7280421504392082,0.5,0.0,0.0,80,0.6125,0.4969755425018991,0.7194348668752178,0.9795918367346939,0.8914582360315931,0.9994834435024067,0.6,0.48437694049548946,0.7079906437446896,0.38749999999999996,0.012500000000000015,5.204170427930421e-17,0.5
yoloworld,483611,8607,51,plate of rice,1,5,5,0,0.2191352549845088,40,40,0.6,0.4332670521932967,0.7513500134122563,1.0,0.8575264022774743,1.0,0.6,0.4332670521932967,0.7513500134122563,0.4,0.0,0.0,80,0.6125,0.4969755425018991,0.7194348668752178,0.9795918367346939,0.8914582360315931,0.9994834435024067,0.6,0.48437694049548946,0.7079906437446896,0.38749999999999996,0.012500000000000015,5.204170427930421e-17,0.6
yoloworld,118848,39790,1,catcher,0,0,0,0,0.0,5,0,0.0,,,,,,0.0,,,,,,0,0.0,,,,,,0.0,,,,,,0.0
yoloworld,118848,39790,1,catcher,0,0,0,0,0.0,10,0,0.0,,,,,,0.0,,,,,,0,0.0,,,,,,0.0,,,,,,0.0
yoloworld,118848,39790,1,catcher,0,0,0,0,0.0,20,0,0.0,,,,,,0.0,,,,,,0,0.0,,,,,,0.0,,,,,,0.0
yoloworld,118848,39790,1,catcher,0,0,0,0,0.0,40,0,0.0,,,,,,0.0,,,,,,0,0.0,,,,,,0.0,,,,,,0.0
yoloworld,105685,40801,1,woman holding child,1,10,5,0,0.4875834420521128,5,5,1.0,0.47817624989501856,1.0,1.0,0.47817624989501856,1.0,1.0,0.47817624989501856,1.0,0.0,0.0,0.0,80,1.0,0.9549359649323077,1.0,1.0,0.9549359649323077,1.0,1.0,0.9549359649323077,1.0,0.0,0.0,0.0,1.0
yoloworld,105685,40801,1,woman holding child,1,10,5,0,0.4875834420521128,10,10,1.0,0.6915028921812392,1.0,1.0,0.6915028921812392,1.0,1.0,0.6915028921812392,1.0,0.0,0.0,0.0,80,1.0,0.9549359649323077,1.0,1.0,0.9549359649323077,1.0,1.0,0.9549359649323077,1.0,0.0,0.0,0.0,1.0
yoloworld,105685,40801,1,woman holding child,1,10,5,0,0.4875834420521128,20,20,1.0,0.8315665290169146,1.0,1.0,0.8315665290169146,1.0,1.0,0.8315665290169146,1.0,0.0,0.0,0.0,80,1.0,0.9549359649323077,1.0,1.0,0.9549359649323077,1.0,1.0,0.9549359649323077,1.0,0.0,0.0,0.0,1.0
yoloworld,105685,40801,1,woman holding child,1,10,5,0,0.4875834420521128,40,40,0.975,0.8684141415172343,0.9993672550679505,1.0,0.9097488990396657,1.0,0.975,0.8684141415172343,0.9993672550679505,0.025000000000000022,0.0,0.0,80,1.0,0.9549359649323077,1.0,1.0,0.9549359649323077,1.0,1.0,0.9549359649323077,1.0,0.0,0.0,0.0,0.975
yoloworld,364683,18721,22,elephant on right,1,3,3,0,0.1188495383111164,5,5,1.0,0.47817624989501856,1.0,1.0,0.47817624989501856,1.0,1.0,0.47817624989501856,1.0,0.0,0.0,0.0,80,1.0,0.9549359649323077,1.0,1.0,0.9549359649323077,1.0,1.0,0.9549359649323077,1.0,0.0,0.0,0.0,1.0
yoloworld,364683,18721,22,elephant on right,1,3,3,0,0.1188495383111164,10,10,1.0,0.6915028921812392,1.0,1.0,0.6915028921812392,1.0,1.0,0.6915028921812392,1.0,0.0,0.0,0.0,80,1.0,0.9549359649323077,1.0,1.0,0.9549359649323077,1.0,1.0,0.9549359649323077,1.0,0.0,0.0,0.0,1.0
yoloworld,364683,18721,22,elephant on right,1,3,3,0,0.1188495383111164,20,20,1.0,0.8315665290169146,1.0,1.0,0.8315665290169146,1.0,1.0,0.8315665290169146,1.0,0.0,0.0,0.0,80,1.0,0.9549359649323077,1.0,1.0,0.9549359649323077,1.0,1.0,0.9549359649323077,1.0,0.0,0.0,0.0,1.0
yoloworld,364683,18721,22,elephant on right,1,3,3,0,0.1188495383111164,40,40,1.0,0.9119026971211976,1.0,1.0,0.9119026971211976,1.0,1.0,0.9119026971211976,1.0,0.0,0.0,0.0,80,1.0,0.9549359649323077,1.0,1.0,0.9549359649323077,1.0,1.0,0.9549359649323077,1.0,0.0,0.0,0.0,1.0
yoloworld,258237,28066,1,person holding girl,1,2,2,0,0.3009843515764457,5,5,0.4,0.05274495052631693,0.8533672003653268,1.0,0.15811388300841903,1.0,0.4,0.05274495052631693,0.8533672003653268,0.6,0.0,0.0,80,0.525,0.4102278413767706,0.6378664183228473,1.0,0.9159161450596449,1.0,0.525,0.4102278413767706,0.6378664183228473,0.475,0.0,0.0,0.4
yoloworld,258237,28066,1,person holding girl,1,2,2,0,0.3009843515764457,10,10,0.5,0.18708602844739855,0.8129139715526015,1.0,0.47817624989501856,1.0,0.5,0.18708602844739855,0.8129139715526015,0.5,0.0,0.0,80,0.525,0.4102278413767706,0.6378664183228473,1.0,0.9159161450596449,1.0,0.525,0.4102278413767706,0.6378664183228473,0.475,0.0,0.0,0.5
yoloworld,258237,28066,1,person holding girl,1,2,2,0,0.3009843515764457,20,20,0.55,0.3152781330405486,0.7694221032240758,1.0,0.7150858470818456,1.0,0.55,0.3152781330405486,0.7694221032240758,0.44999999999999996,0.0,0.0,80,0.525,0.4102278413767706,0.6378664183228473,1.0,0.9159161450596449,1.0,0.525,0.4102278413767706,0.6378664183228473,0.475,0.0,0.0,0.55
yoloworld,258237,28066,1,person holding girl,1,2,2,0,0.3009843515764457,40,40,0.55,0.38490679453401333,0.7074116499601201,1.0,0.8456274871844255,1.0,0.55,0.38490679453401333,0.7074116499601201,0.44999999999999996,0.0,0.0,80,0.525,0.4102278413767706,0.6378664183228473,1.0,0.9159161450596449,1.0,0.525,0.4102278413767706,0.6378664183228473,0.475,0.0,0.0,0.55
yoloworld,493504,7703,76,keyboard at the bottom,1,2,2,1,0.9586374409763174,5,5,1.0,0.47817624989501856,1.0,1.0,0.47817624989501856,1.0,1.0,0.47817624989501856,1.0,0.0,0.0,0.0,80,0.7125,0.6004548866879794,0.8082395280280349,1.0,0.9373325190855151,1.0,0.7125,0.6004548866879794,0.8082395280280349,0.2875,0.0,0.0,1.0
yoloworld,493504,7703,76,keyboard at the bottom,1,2,2,1,0.9586374409763174,10,10,0.9,0.5549838829718046,0.9974714214555382,1.0,0.6637328831200572,1.0,0.9,0.5549838829718046,0.9974714214555382,0.09999999999999998,0.0,0.0,80,0.7125,0.6004548866879794,0.8082395280280349,1.0,0.9373325190855151,1.0,0.7125,0.6004548866879794,0.8082395280280349,0.2875,0.0,0.0,0.9
yoloworld,493504,7703,76,keyboard at the bottom,1,2,2,1,0.9586374409763174,20,20,0.8,0.5633859970033317,0.9426660029499673,1.0,0.7940927857921773,1.0,0.8,0.5633859970033317,0.9426660029499673,0.19999999999999996,0.0,0.0,80,0.7125,0.6004548866879794,0.8082395280280349,1.0,0.9373325190855151,1.0,0.7125,0.6004548866879794,0.8082395280280349,0.2875,0.0,0.0,0.8
yoloworld,493504,7703,76,keyboard at the bottom,1,2,2,1,0.9586374409763174,40,40,0.825,0.6722098666384142,0.9266172706479148,1.0,0.8942371899254207,1.0,0.825,0.6722098666384142,0.9266172706479148,0.17500000000000004,0.0,0.0,80,0.7125,0.6004548866879794,0.8082395280280349,1.0,0.9373325190855151,1.0,0.7125,0.6004548866879794,0.8082395280280349,0.2875,0.0,0.0,0.825
yoloworld,289212,25436,3,car in the middle,1,5,5,1,0.9226396652580404,5,5,1.0,0.47817624989501856,1.0,1.0,0.47817624989501856,1.0,1.0,0.47817624989501856,1.0,0.0,0.0,0.0,80,0.7875,0.6817141914403442,0.8710635049024182,1.0,0.9431276476679837,1.0,0.7875,0.6817141914403442,0.8710635049024182,0.21250000000000002,0.0,0.0,1.0
yoloworld,289212,25436,3,car in the middle,1,5,5,1,0.9226396652580404,10,10,0.9,0.5549838829718046,0.9974714214555382,1.0,0.6637328831200572,1.0,0.9,0.5549838829718046,0.9974714214555382,0.09999999999999998,0.0,0.0,80,0.7875,0.6817141914403442,0.8710635049024182,1.0,0.9431276476679837,1.0,0.7875,0.6817141914403442,0.8710635049024182,0.21250000000000002,0.0,0.0,0.9
yoloworld,289212,25436,3,car in the middle,1,5,5,1,0.9226396652580404,20,20,0.85,0.6210731734546859,0.9679290628145363,1.0,0.8049356770309068,1.0,0.85,0.6210731734546859,0.9679290628145363,0.15000000000000002,0.0,0.0,80,0.7875,0.6817141914403442,0.8710635049024182,1.0,0.9431276476679837,1.0,0.7875,0.6817141914403442,0.8710635049024182,0.21250000000000002,0.0,0.0,0.85
yoloworld,289212,25436,3,car in the middle,1,5,5,1,0.9226396652580404,40,40,0.775,0.6154883226965773,0.891603361015928,1.0,0.8878112530776301,1.0,0.775,0.6154883226965773,0.891603361015928,0.22499999999999998,0.0,0.0,80,0.7875,0.6817141914403442,0.8710635049024182,1.0,0.9431276476679837,1.0,0.7875,0.6817141914403442,0.8710635049024182,0.21250000000000002,0.0,0.0,0.775
yoloworld,113152,40242,1,blue shirt,1,2,2,0,0.4680153362384326,5,5,0.8,0.2835820638819106,0.9949492366205319,1.0,0.3976353643835254,1.0,0.8,0.2835820638819106,0.9949492366205319,0.19999999999999996,0.0,0.0,80,0.875,0.7821108659305637,0.9383979034415657,1.0,0.9486662028489763,1.0,0.875,0.7821108659305637,0.9383979034415657,0.125,0.0,0.0,0.8
yoloworld,113152,40242,1,blue shirt,1,2,2,0,0.4680153362384326,10,10,0.8,0.4439045376923585,0.9747892736731666,1.0,0.6305833524471808,1.0,0.8,0.4439045376923585,0.9747892736731666,0.19999999999999996,0.0,0.0,80,0.875,0.7821108659305637,0.9383979034415657,1.0,0.9486662028489763,1.0,0.875,0.7821108659305637,0.9383979034415657,0.125,0.0,0.0,0.8
yoloworld,113152,40242,1,blue shirt,1,2,2,0,0.4680153362384326,20,20,0.8,0.5633859970033317,0.9426660029499673,1.0,0.7940927857921773,1.0,0.8,0.5633859970033317,0.9426660029499673,0.19999999999999996,0.0,0.0,80,0.875,0.7821108659305637,0.9383979034415657,1.0,0.9486662028489763,1.0,0.875,0.7821108659305637,0.9383979034415657,0.125,0.0,0.0,0.8
yoloworld,113152,40242,1,blue shirt,1,2,2,0,0.4680153362384326,40,40,0.8,0.6435219813207653,0.9094775906000093,1.0,0.8911188393206472,1.0,0.8,0.6435219813207653,0.9094775906000093,0.19999999999999996,0.0,0.0,80,0.875,0.7821108659305637,0.9383979034415657,1.0,0.9486662028489763,1.0,0.875,0.7821108659305637,0.9383979034415657,0.125,0.0,0.0,0.8
yoloworld,419001,14207,22,elephant with all its feet on the ground,1,9,5,0,0.2344053930780549,5,5,0.8,0.2835820638819106,0.9949492366205319,1.0,0.3976353643835254,1.0,0.8,0.2835820638819106,0.9949492366205319,0.19999999999999996,0.0,0.0,80,0.9375,0.8601429247023609,0.9793969276979898,0.92,0.8339631287011778,0.9700748552659225,0.8625,0.7672791291752744,0.9293121672961213,0.0625,0.07499999999999996,0.0,0.8
yoloworld,419001,14207,22,elephant with all its feet on the ground,1,9,5,0,0.2344053930780549,10,10,0.9,0.5549838829718046,0.9974714214555382,0.8888888888888888,0.517503485082663,0.9971908632534008,0.8,0.4439045376923585,0.9747892736731666,0.09999999999999998,0.10000000000000005,6.938893903907228e-17,80,0.9375,0.8601429247023609,0.9793969276979898,0.92,0.8339631287011778,0.9700748552659225,0.8625,0.7672791291752744,0.9293121672961213,0.0625,0.07499999999999996,0.0,0.8
yoloworld,419001,14207,22,elephant with all its feet on the ground,1,9,5,0,0.2344053930780549,20,20,0.95,0.7512672372279723,0.9987349105020502,0.8947368421052632,0.6686233355432342,0.9869878356282226,0.85,0.6210731734546859,0.9679290628145363,0.050000000000000044,0.09999999999999999,1.3877787807814457e-17,80,0.9375,0.8601429247023609,0.9793969276979898,0.92,0.8339631287011778,0.9700748552659225,0.8625,0.7672791291752744,0.9293121672961213,0.0625,0.07499999999999996,0.0,0.85
yoloworld,419001,14207,22,elephant with all its feet on the ground,1,9,5,0,0.2344053930780549,40,40,0.9,0.7633626001239001,0.9720745847057807,0.9166666666666666,0.7753102394430269,0.9824735040760654,0.825,0.6722098666384142,0.9266172706479148,0.09999999999999998,0.07500000000000004,2.7755575615628914e-17,80,0.9375,0.8601429247023609,0.9793969276979898,0.92,0.8339631287011778,0.9700748552659225,0.8625,0.7672791291752744,0.9293121672961213,0.0625,0.07499999999999996,0.0,0.825
yoloworld,92646,41928,1,butt directly in middle,0,0,0,0,0.0,5,0,0.0,,,,,,0.0,,,,,,0,0.0,,,,,,0.0,,,,,,0.0
yoloworld,92646,41928,1,butt directly in middle,0,0,0,0,0.0,10,0,0.0,,,,,,0.0,,,,,,0,0.0,,,,,,0.0,,,,,,0.0
yoloworld,92646,41928,1,butt directly in middle,0,0,0,0,0.0,20,0,0.0,,,,,,0.0,,,,,,0,0.0,,,,,,0.0,,,,,,0.0
yoloworld,92646,41928,1,butt directly in middle,0,0,0,0,0.0,40,0,0.0,,,,,,0.0,,,,,,0,0.0,,,,,,0.0,,,,,,0.0
yoloworld,266600,27332,1,red shirt,1,2,2,0,0.3741656652502003,5,5,0.6,0.14663279963467318,0.9472550494736831,1.0,0.29240177382128674,1.0,0.6,0.14663279963467318,0.9472550494736831,0.4,0.0,0.0,80,0.5375,0.4224175280048351,0.6497235734616016,1.0,0.9177888788458616,1.0,0.5375,0.4224175280048351,0.6497235734616016,0.4625,0.0,0.0,0.6
yoloworld,266600,27332,1,red shirt,1,2,2,0,0.3741656652502003,10,10,0.5,0.18708602844739855,0.8129139715526015,1.0,0.47817624989501856,1.0,0.5,0.18708602844739855,0.8129139715526015,0.5,0.0,0.0,80,0.5375,0.4224175280048351,0.6497235734616016,1.0,0.9177888788458616,1.0,0.5375,0.4224175280048351,0.6497235734616016,0.4625,0.0,0.0,0.5
yoloworld,266600,27332,1,red shirt,1,2,2,0,0.3741656652502003,20,20,0.5,0.27195784956079183,0.7280421504392082,1.0,0.6915028921812392,1.0,0.5,0.27195784956079183,0.7280421504392082,0.5,0.0,0.0,80,0.5375,0.4224175280048351,0.6497235734616016,1.0,0.9177888788458616,1.0,0.5375,0.4224175280048351,0.6497235734616016,0.4625,0.0,0.0,0.5
yoloworld,266600,27332,1,red shirt,1,2,2,0,0.3741656652502003,40,40,0.4,0.24864998658774376,0.5667329478067034,1.0,0.7940927857921773,1.0,0.4,0.24864998658774376,0.5667329478067034,0.6,0.0,0.0,80,0.5375,0.4224175280048351,0.6497235734616016,1.0,0.9177888788458616,1.0,0.5375,0.4224175280048351,0.6497235734616016,0.4625,0.0,0.0,0.4
yoloworld,14686,48786,25,right giraffe,1,7,5,0,0.0,5,5,1.0,0.47817624989501856,1.0,0.8,0.2835820638819106,0.9949492366205319,0.8,0.2835820638819106,0.9949492366205319,0.0,0.19999999999999996,0.0,80,1.0,0.9549359649323077,1.0,0.6625,0.5480943856258318,0.7644738620163491,0.6625,0.5480943856258318,0.7644738620163491,0.0,0.3375,0.0,0.8
yoloworld,14686,48786,25,right giraffe,1,7,5,0,0.0,10,10,1.0,0.6915028921812392,1.0,0.6,0.2623780766069451,0.8784477418801728,0.6,0.2623780766069451,0.8784477418801728,0.0,0.4,0.0,80,1.0,0.9549359649323077,1.0,0.6625,0.5480943856258318,0.7644738620163491,0.6625,0.5480943856258318,0.7644738620163491,0.0,0.3375,0.0,0.6
yoloworld,14686,48786,25,right giraffe,1,7,5,0,0.0,20,20,1.0,0.8315665290169146,1.0,0.7,0.4572108177237109,0.8810684095942722,0.7,0.4572108177237109,0.8810684095942722,0.0,0.30000000000000004,0.0,80,1.0,0.9549359649323077,1.0,0.6625,0.5480943856258318,0.7644738620163491,0.6625,0.5480943856258318,0.7644738620163491,0.0,0.3375,0.0,0.7
yoloworld,14686,48786,25,right giraffe,1,7,5,0,0.0,40,40,1.0,0.9119026971211976,1.0,0.725,0.5611170928209519,0.8539910080361344,0.725,0.5611170928209519,0.8539910080361344,0.0,0.275,0.0,80,1.0,0.9549359649323077,1.0,0.6625,0.5480943856258318,0.7644738620163491,0.6625,0.5480943856258318,0.7644738620163491,0.0,0.3375,0.0,0.725
yoloworld,387717,16860,59,the bottom half of pizza,0,1,0,1,0.9384587941369548,5,0,0.0,,,,,,0.0,,,,,,0,0.0,,,,,,0.0,,,,,,0.0
yoloworld,387717,16860,59,the bottom half of pizza,0,1,0,1,0.9384587941369548,10,0,0.0,,,,,,0.0,,,,,,0,0.0,,,,,,0.0,,,,,,0.0
yoloworld,387717,16860,59,the bottom half of pizza,0,1,0,1,0.9384587941369548,20,0,0.0,,,,,,0.0,,,,,,0,0.0,,,,,,0.0,,,,,,0.0
yoloworld,387717,16860,59,the bottom half of pizza,0,1,0,1,0.9384587941369548,40,0,0.0,,,,,,0.0,,,,,,0,0.0,,,,,,0.0,,,,,,0.0
yoloworld,485800,8371,1,man standing on the left,1,4,4,1,0.9530571295450917,5,5,0.4,0.05274495052631693,0.8533672003653268,1.0,0.15811388300841903,1.0,0.4,0.05274495052631693,0.8533672003653268,0.6,0.0,0.0,80,0.475,0.36213358167715265,0.5897721586232294,0.9736842105263158,0.8619009702075799,0.9993339637957976,0.4625,0.35027642653839836,0.5775824719951649,0.525,0.012499999999999985,2.949029909160572e-17,0.4
yoloworld,485800,8371,1,man standing on the left,1,4,4,1,0.9530571295450917,10,10,0.5,0.18708602844739855,0.8129139715526015,1.0,0.47817624989501856,1.0,0.5,0.18708602844739855,0.8129139715526015,0.5,0.0,0.0,80,0.475,0.36213358167715265,0.5897721586232294,0.9736842105263158,0.8619009702075799,0.9993339637957976,0.4625,0.35027642653839836,0.5775824719951649,0.525,0.012499999999999985,2.949029909160572e-17,0.5
yoloworld,485800,8371,1,man standing on the left,1,4,4,1,0.9530571295450917,20,20,0.55,0.3152781330405486,0.7694221032240758,1.0,0.7150858470818456,1.0,0.55,0.3152781330405486,0.7694221032240758,0.44999999999999996,0.0,0.0,80,0.475,0.36213358167715265,0.5897721586232294,0.9736842105263158,0.8619009702075799,0.9993339637957976,0.4625,0.35027642653839836,0.5775824719951649,0.525,0.012499999999999985,2.949029909160572e-17,0.55
yoloworld,485800,8371,1,man standing on the left,1,4,4,1,0.9530571295450917,40,40,0.6,0.4332670521932967,0.7513500134122563,1.0,0.8575264022774743,1.0,0.6,0.4332670521932967,0.7513500134122563,0.4,0.0,0.0,80,0.475,0.36213358167715265,0.5897721586232294,0.9736842105263158,0.8619009702075799,0.9993339637957976,0.4625,0.35027642653839836,0.5775824719951649,0.525,0.012499999999999985,2.949029909160572e-17,0.6
yoloworld,433240,12925,64,bottom left plant,0,1,0,0,0.1643098887033611,5,0,0.0,,,,,,0.0,,,,,,0,0.0,,,,,,0.0,,,,,,0.0
yoloworld,433240,12925,64,bottom left plant,0,1,0,0,0.1643098887033611,10,0,0.0,,,,,,0.0,,,,,,0,0.0,,,,,,0.0,,,,,,0.0
yoloworld,433240,12925,64,bottom left plant,0,1,0,0,0.1643098887033611,20,0,0.0,,,,,,0.0,,,,,,0,0.0,,,,,,0.0,,,,,,0.0
yoloworld,433240,12925,64,bottom left plant,0,1,0,0,0.1643098887033611,40,0,0.0,,,,,,0.0,,,,,,0,0.0,,,,,,0.0,,,,,,0.0
yoloworld,376988,17795,1,top right guy,1,4,4,0,0.0,5,5,0.6,0.14663279963467318,0.9472550494736831,1.0,0.29240177382128674,1.0,0.6,0.14663279963467318,0.9472550494736831,0.4,0.0,0.0,80,0.5,0.38604788336490925,0.6139521166350907,1.0,0.9119026971211976,1.0,0.5,0.38604788336490925,0.6139521166350907,0.5,0.0,0.0,0.6
yoloworld,376988,17795,1,top right guy,1,4,4,0,0.0,10,10,0.7,0.34754714994000274,0.9332604888222655,1.0,0.5903836027749967,1.0,0.7,0.34754714994000274,0.9332604888222655,0.30000000000000004,0.0,0.0,80,0.5,0.38604788336490925,0.6139521166350907,1.0,0.9119026971211976,1.0,0.5,0.38604788336490925,0.6139521166350907,0.5,0.0,0.0,0.7
yoloworld,376988,17795,1,top right guy,1,4,4,0,0.0,20,20,0.7,0.4572108177237109,0.8810684095942722,1.0,0.7683642383498835,1.0,0.7,0.4572108177237109,0.8810684095942722,0.30000000000000004,0.0,0.0,80,0.5,0.38604788336490925,0.6139521166350907,1.0,0.9119026971211976,1.0,0.5,0.38604788336490925,0.6139521166350907,0.5,0.0,0.0,0.7
yoloworld,376988,17795,1,top right guy,1,4,4,0,0.0,40,40,0.6,0.4332670521932967,0.7513500134122563,1.0,0.8575264022774743,1.0,0.6,0.4332670521932967,0.7513500134122563,0.4,0.0,0.0,80,0.5,0.38604788336490925,0.6139521166350907,1.0,0.9119026971211976,1.0,0.5,0.38604788336490925,0.6139521166350907,0.5,0.0,0.0,0.6
yoloworld,289482,25416,1,guy in the back with a beard,1,8,5,0,0.006929233212414128,5,5,1.0,0.47817624989501856,1.0,0.8,0.2835820638819106,0.9949492366205319,0.8,0.2835820638819106,0.9949492366205319,0.0,0.19999999999999996,0.0,80,0.8375,0.7381631061748872,0.9105383582774708,0.8955223880597015,0.7965107954641497,0.9569506215810317,0.75,0.64063652409315,0.8401203554931442,0.16249999999999998,0.08749999999999998,4.163336342344337e-17,0.8
yoloworld,289482,25416,1,guy in the back with a beard,1,8,5,0,0.006929233212414128,10,10,0.9,0.5549838829718046,0.9974714214555382,0.8888888888888888,0.517503485082663,0.9971908632534008,0.8,0.4439045376923585,0.9747892736731666,0.09999999999999998,0.10000000000000005,6.938893903907228e-17,80,0.8375,0.7381631061748872,0.9105383582774708,0.8955223880597015,0.7965107954641497,0.9569506215810317,0.75,0.64063652409315,0.8401203554931442,0.16249999999999998,0.08749999999999998,4.163336342344337e-17,0.8
yoloworld,289482,25416,1,guy in the back with a beard,1,8,5,0,0.006929233212414128,20,20,0.9,0.6830172859809176,0.9876514728297052,0.8888888888888888,0.6528795613913279,0.9862487843356355,0.8,0.5633859970033317,0.9426660029499673,0.09999999999999998,0.10000000000000005,6.938893903907228e-17,80,0.8375,0.7381631061748872,0.9105383582774708,0.8955223880597015,0.7965107954641497,0.9569506215810317,0.75,0.64063652409315,0.8401203554931442,0.16249999999999998,0.08749999999999998,4.163336342344337e-17,0.8
yoloworld,289482,25416,1,guy in the back with a beard,1,8,5,0,0.006929233212414128,40,40,0.9,0.7633626001239001,0.9720745847057807,0.9166666666666666,0.7753102394430269,0.9824735040760654,0.825,0.6722098666384142,0.9266172706479148,0.09999999999999998,0.07500000000000004,2.7755575615628914e-17,80,0.8375,0.7381631061748872,0.9105383582774708,0.8955223880597015,0.7965107954641497,0.9569506215810317,0.75,0.64063652409315,0.8401203554931442,0.16249999999999998,0.08749999999999998,4.163336342344337e-17,0.825
yoloworld,278371,26400,1,laying down,0,0,0,0,0.0,5,0,0.0,,,,,,0.0,,,,,,0,0.0,,,,,,0.0,,,,,,0.0
yoloworld,278371,26400,1,laying down,0,0,0,0,0.0,10,0,0.0,,,,,,0.0,,,,,,0,0.0,,,,,,0.0,,,,,,0.0
yoloworld,278371,26400,1,laying down,0,0,0,0,0.0,20,0,0.0,,,,,,0.0,,,,,,0,0.0,,,,,,0.0,,,,,,0.0
yoloworld,278371,26400,1,laying down,0,0,0,0,0.0,40,0,0.0,,,,,,0.0,,,,,,0,0.0,,,,,,0.0,,,,,,0.0
yoloworld,105219,40844,1,guy on right,1,4,4,0,0.23516896512604532,5,5,0.6,0.14663279963467318,0.9472550494736831,0.6666666666666666,0.09429932405024612,0.9915962413403874,0.4,0.05274495052631693,0.8533672003653268,0.4,0.2,5.551115123125783e-17,80,0.825,0.7238459604789864,0.9008894901605713,0.3787878787878788,0.2621845769953123,0.5066428227976624,0.3125,0.21347463110876724,0.4258890738564495,0.17500000000000004,0.5125,0.0,0.4
yoloworld,105219,40844,1,guy on right,1,4,4,0,0.23516896512604532,10,10,0.8,0.4439045376923585,0.9747892736731666,0.375,0.08523341413725355,0.7551367836334484,0.3,0.0667395111777345,0.6524528500599973,0.19999999999999996,0.5,0.0,80,0.825,0.7238459604789864,0.9008894901605713,0.3787878787878788,0.2621845769953123,0.5066428227976624,0.3125,0.21347463110876724,0.4258890738564495,0.17500000000000004,0.5125,0.0,0.3
yoloworld,105219,40844,1,guy on right,1,4,4,0,0.23516896512604532,20,20,0.85,0.6210731734546859,0.9679290628145363,0.47058823529411764,0.22983268726599038,0.7218816996688935,0.4,0.1911900607253072,0.6394574126925103,0.15000000000000002,0.45,5.551115123125783e-17,80,0.825,0.7238459604789864,0.9008894901605713,0.3787878787878788,0.2621845769953123,0.5066428227976624,0.3125,0.21347463110876724,0.4258890738564495,0.17500000000000004,0.5125,0.0,0.4
yoloworld,105219,40844,1,guy on right,1,4,4,0,0.23516896512604532,40,40,0.825,0.6722098666384142,0.9266172706479148,0.5151515151515151,0.33544447838855584,0.6920365563952677,0.425,0.2704290312688629,0.5910994195730366,0.17500000000000004,0.39999999999999997,5.551115123125783e-17,80,0.825,0.7238459604789864,0.9008894901605713,0.3787878787878788,0.2621845769953123,0.5066428227976624,0.3125,0.21347463110876724,0.4258890738564495,0.17500000000000004,0.5125,0.0,0.425
yoloworld,121706,39549,1,man red jacket,1,5,5,0,0.10105615307481765,5,5,0.6,0.14663279963467318,0.9472550494736831,1.0,0.29240177382128674,1.0,0.6,0.14663279963467318,0.9472550494736831,0.4,0.0,0.0,80,0.475,0.36213358167715265,0.5897721586232294,1.0,0.9074872385841217,1.0,0.475,0.36213358167715265,0.5897721586232294,0.525,0.0,0.0,0.6
yoloworld,121706,39549,1,man red jacket,1,5,5,0,0.10105615307481765,10,10,0.6,0.2623780766069451,0.8784477418801728,1.0,0.5407418735600996,1.0,0.6,0.2623780766069451,0.8784477418801728,0.4,0.0,0.0,80,0.475,0.36213358167715265,0.5897721586232294,1.0,0.9074872385841217,1.0,0.475,0.36213358167715265,0.5897721586232294,0.525,0.0,0.0,0.6
yoloworld,121706,39549,1,man red jacket,1,5,5,0,0.10105615307481765,20,20,0.5,0.27195784956079183,0.7280421504392082,1.0,0.6915028921812392,1.0,0.5,0.27195784956079183,0.7280421504392082,0.5,0.0,0.0,80,0.475,0.36213358167715265,0.5897721586232294,1.0,0.9074872385841217,1.0,0.475,0.36213358167715265,0.5897721586232294,0.525,0.0,0.0,0.5
yoloworld,121706,39549,1,man red jacket,1,5,5,0,0.10105615307481765,40,40,0.475,0.31511970663498623,0.6387198647359378,1.0,0.8235330881930346,1.0,0.475,0.31511970663498623,0.6387198647359378,0.525,0.0,0.0,80,0.475,0.36213358167715265,0.5897721586232294,1.0,0.9074872385841217,1.0,0.475,0.36213358167715265,0.5897721586232294,0.525,0.0,0.0,0.475
yoloworld,578805,278,1,kid on left in blue,1,5,5,1,0.9523884389259799,5,5,0.4,0.05274495052631693,0.8533672003653268,1.0,0.15811388300841903,1.0,0.4,0.05274495052631693,0.8533672003653268,0.6,0.0,0.0,80,0.3,0.20257392914667277,0.412759323081376,0.9583333333333334,0.7887983165430269,0.9989456475545303,0.2875,0.1917604719719651,0.3995451133120206,0.7,0.012499999999999989,7.806255641895632e-17,0.4
yoloworld,578805,278,1,kid on left in blue,1,5,5,1,0.9523884389259799,10,10,0.3,0.0667395111777345,0.6524528500599973,1.0,0.29240177382128674,1.0,0.3,0.0667395111777345,0.6524528500599973,0.7,0.0,0.0,80,0.3,0.20257392914667277,0.412759323081376,0.9583333333333334,0.7887983165430269,0.9989456475545303,0.2875,0.1917604719719651,0.3995451133120206,0.7,0.012499999999999989,7.806255641895632e-17,0.3
yoloworld,578805,278,1,kid on left in blue,1,5,5,1,0.9523884389259799,20,20,0.4,0.1911900607253072,0.6394574126925103,1.0,0.6305833524471808,1.0,0.4,0.1911900607253072,0.6394574126925103,0.6,0.0,0.0,80,0.3,0.20257392914667277,0.412759323081376,0.9583333333333334,0.7887983165430269,0.9989456475545303,0.2875,0.1917604719719651,0.3995451133120206,0.7,0.012499999999999989,7.806255641895632e-17,0.4
yoloworld,578805,278,1,kid on left in blue,1,5,5,1,0.9523884389259799,40,40,0.325,0.18572896676334988,0.4912948754784484,1.0,0.752947361999529,1.0,0.325,0.18572896676334988,0.4912948754784484,0.675,0.0,0.0,80,0.3,0.20257392914667277,0.412759323081376,0.9583333333333334,0.7887983165430269,0.9989456475545303,0.2875,0.1917604719719651,0.3995451133120206,0.7,0.012499999999999989,7.806255641895632e-17,0.325
yoloworld,325891,22186,1,man in striped shirt,1,4,4,1,0.9129485764937822,5,5,0.6,0.14663279963467318,0.9472550494736831,1.0,0.29240177382128674,1.0,0.6,0.14663279963467318,0.9472550494736831,0.4,0.0,0.0,80,0.6125,0.4969755425018991,0.7194348668752178,1.0,0.9274807363357226,1.0,0.6125,0.4969755425018991,0.7194348668752178,0.38749999999999996,0.0,0.0,0.6
yoloworld,325891,22186,1,man in striped shirt,1,4,4,1,0.9129485764937822,10,10,0.6,0.2623780766069451,0.8784477418801728,1.0,0.5407418735600996,1.0,0.6,0.2623780766069451,0.8784477418801728,0.4,0.0,0.0,80,0.6125,0.4969755425018991,0.7194348668752178,1.0,0.9274807363357226,1.0,0.6125,0.4969755425018991,0.7194348668752178,0.38749999999999996,0.0,0.0,0.6
yoloworld,325891,22186,1,man in striped shirt,1,4,4,1,0.9129485764937822,20,20,0.6,0.3605425873074897,0.8088099392746928,1.0,0.7353515306029488,1.0,0.6,0.3605425873074897,0.8088099392746928,0.4,0.0,0.0,80,0.6125,0.4969755425018991,0.7194348668752178,1.0,0.9274807363357226,1.0,0.6125,0.4969755425018991,0.7194348668752178,0.38749999999999996,0.0,0.0,0.6
yoloworld,325891,22186,1,man in striped shirt,1,4,4,1,0.9129485764937822,40,40,0.55,0.38490679453401333,0.7074116499601201,1.0,0.8456274871844255,1.0,0.55,0.38490679453401333,0.7074116499601201,0.44999999999999996,0.0,0.0,80,0.6125,0.4969755425018991,0.7194348668752178,1.0,0.9274807363357226,1.0,0.6125,0.4969755425018991,0.7194348668752178,0.38749999999999996,0.0,0.0,0.55
yoloworld,226961,30687,25,giraffe in middle,1,6,5,0,0.26371506629000263,5,5,0.8,0.2835820638819106,0.9949492366205319,1.0,0.3976353643835254,1.0,0.8,0.2835820638819106,0.9949492366205319,0.19999999999999996,0.0,0.0,80,0.95,0.876901263556847,0.9862106060235382,0.9868421052631579,0.9288563087482808,0.999666926428897,0.9375,0.8601429247023609,0.9793969276979898,0.050000000000000044,0.012500000000000039,8.326672684688674e-17,0.8
yoloworld,226961,30687,25,giraffe in middle,1,6,5,0,0.26371506629000263,10,10,0.9,0.5549838829718046,0.9974714214555382,1.0,0.6637328831200572,1.0,0.9,0.5549838829718046,0.9974714214555382,0.09999999999999998,0.0,0.0,80,0.95,0.876901263556847,0.9862106060235382,0.9868421052631579,0.9288563087482808,0.999666926428897,0.9375,0.8601429247023609,0.9793969276979898,0.050000000000000044,0.012500000000000039,8.326672684688674e-17,0.9
yoloworld,226961,30687,25,giraffe in middle,1,6,5,0,0.26371506629000263,20,20,0.9,0.6830172859809176,0.9876514728297052,1.0,0.8146980318621478,1.0,0.9,0.6830172859809176,0.9876514728297052,0.09999999999999998,0.0,0.0,80,0.95,0.876901263556847,0.9862106060235382,0.9868421052631579,0.9288563087482808,0.999666926428897,0.9375,0.8601429247023609,0.9793969276979898,0.050000000000000044,0.012500000000000039,8.326672684688674e-17,0.9
yoloworld,226961,30687,25,giraffe in middle,1,6,5,0,0.26371506629000263,40,40,0.825,0.6722098666384142,0.9266172706479148,1.0,0.8942371899254207,1.0,0.825,0.6722098666384142,0.9266172706479148,0.17500000000000004,0.0,0.0,80,0.95,0.876901263556847,0.9862106060235382,0.9868421052631579,0.9288563087482808,0.999666926428897,0.9375,0.8601429247023609,0.9793969276979898,0.050000000000000044,0.012500000000000039,8.326672684688674e-17,0.825
yoloworld,447457,11688,1,lady in black shirt,1,3,3,0,0.0,5,5,0.6,0.14663279963467318,0.9472550494736831,1.0,0.29240177382128674,1.0,0.6,0.14663279963467318,0.9472550494736831,0.4,0.0,0.0,80,0.5875,0.4718483404252045,0.6964754070624058,1.0,0.9245142663089414,1.0,0.5875,0.4718483404252045,0.6964754070624058,0.4125,0.0,0.0,0.6
yoloworld,447457,11688,1,lady in black shirt,1,3,3,0,0.0,10,10,0.6,0.2623780766069451,0.8784477418801728,1.0,0.5407418735600996,1.0,0.6,0.2623780766069451,0.8784477418801728,0.4,0.0,0.0,80,0.5875,0.4718483404252045,0.6964754070624058,1.0,0.9245142663089414,1.0,0.5875,0.4718483404252045,0.6964754070624058,0.4125,0.0,0.0,0.6
yoloworld,447457,11688,1,lady in black shirt,1,3,3,0,0.0,20,20,0.55,0.3152781330405486,0.7694221032240758,1.0,0.7150858470818456,1.0,0.55,0.3152781330405486,0.7694221032240758,0.44999999999999996,0.0,0.0,80,0.5875,0.4718483404252045,0.6964754070624058,1.0,0.9245142663089414,1.0,0.5875,0.4718483404252045,0.6964754070624058,0.4125,0.0,0.0,0.55
yoloworld,447457,11688,1,lady in black shirt,1,3,3,0,0.0,40,40,0.575,0.40890058042696337,0.7295709687311371,0.9565217391304348,0.7805133925465196,0.9988998313695585,0.55,0.38490679453401333,0.7074116499601201,0.42500000000000004,0.02499999999999998,6.938893903907228e-17,80,0.5875,0.4718483404252045,0.6964754070624058,1.0,0.9245142663089414,1.0,0.5875,0.4718483404252045,0.6964754070624058,0.4125,0.0,0.0,0.55
yoloworld,539167,3745,1,boy in a red shirt,1,2,2,1,0.9528131006553651,5,5,1.0,0.47817624989501856,1.0,1.0,0.47817624989501856,1.0,1.0,0.47817624989501856,1.0,0.0,0.0,0.0,80,1.0,0.9549359649323077,1.0,1.0,0.9549359649323077,1.0,1.0,0.9549359649323077,1.0,0.0,0.0,0.0,1.0
yoloworld,539167,3745,1,boy in a red shirt,1,2,2,1,0.9528131006553651,10,10,1.0,0.6915028921812392,1.0,1.0,0.6915028921812392,1.0,1.0,0.6915028921812392,1.0,0.0,0.0,0.0,80,1.0,0.9549359649323077,1.0,1.0,0.9549359649323077,1.0,1.0,0.9549359649323077,1.0,0.0,0.0,0.0,1.0
yoloworld,539167,3745,1,boy in a red shirt,1,2,2,1,0.9528131006553651,20,20,1.0,0.8315665290169146,1.0,1.0,0.8315665290169146,1.0,1.0,0.8315665290169146,1.0,0.0,0.0,0.0,80,1.0,0.9549359649323077,1.0,1.0,0.9549359649323077,1.0,1.0,0.9549359649323077,1.0,0.0,0.0,0.0,1.0
yoloworld,539167,3745,1,boy in a red shirt,1,2,2,1,0.9528131006553651,40,40,1.0,0.9119026971211976,1.0,1.0,0.9119026971211976,1.0,1.0,0.9119026971211976,1.0,0.0,0.0,0.0,80,1.0,0.9549359649323077,1.0,1.0,0.9549359649323077,1.0,1.0,0.9549359649323077,1.0,0.0,0.0,0.0,1.0
yoloworld,68812,43992,1,man in very front,1,3,3,1,0.9505022332665555,5,5,0.8,0.2835820638819106,0.9949492366205319,1.0,0.3976353643835254,1.0,0.8,0.2835820638819106,0.9949492366205319,0.19999999999999996,0.0,0.0,80,0.6625,0.5480943856258318,0.7644738620163491,1.0,0.9327654536936989,1.0,0.6625,0.5480943856258318,0.7644738620163491,0.3375,0.0,0.0,0.8
yoloworld,68812,43992,1,man in very front,1,3,3,1,0.9505022332665555,10,10,0.8,0.4439045376923585,0.9747892736731666,1.0,0.6305833524471808,1.0,0.8,0.4439045376923585,0.9747892736731666,0.19999999999999996,0.0,0.0,80,0.6625,0.5480943856258318,0.7644738620163491,1.0,0.9327654536936989,1.0,0.6625,0.5480943856258318,0.7644738620163491,0.3375,0.0,0.0,0.8
yoloworld,68812,43992,1,man in very front,1,3,3,1,0.9505022332665555,20,20,0.6,0.3605425873074897,0.8088099392746928,1.0,0.7353515306029488,1.0,0.6,0.3605425873074897,0.8088099392746928,0.4,0.0,0.0,80,0.6625,0.5480943856258318,0.7644738620163491,1.0,0.9327654536936989,1.0,0.6625,0.5480943856258318,0.7644738620163491,0.3375,0.0,0.0,0.6
yoloworld,68812,43992,1,man in very front,1,3,3,1,0.9505022332665555,40,40,0.6,0.4332670521932967,0.7513500134122563,1.0,0.8575264022774743,1.0,0.6,0.4332670521932967,0.7513500134122563,0.4,0.0,0.0,80,0.6625,0.5480943856258318,0.7644738620163491,1.0,0.9327654536936989,1.0,0.6625,0.5480943856258318,0.7644738620163491,0.3375,0.0,0.0,0.6
yoloworld,281790,26091,1,left person,1,4,4,1,0.9136959539252503,5,5,0.6,0.14663279963467318,0.9472550494736831,1.0,0.29240177382128674,1.0,0.6,0.14663279963467318,0.9472550494736831,0.4,0.0,0.0,80,0.7375,0.6271491697875681,0.8295907488995917,0.6271186440677966,0.49145475487492246,0.749560430738696,0.4625,0.35027642653839836,0.5775824719951649,0.26249999999999996,0.275,0.0,0.6
yoloworld,281790,26091,1,left person,1,4,4,1,0.9136959539252503,10,10,0.7,0.34754714994000274,0.9332604888222655,1.0,0.5903836027749967,1.0,0.7,0.34754714994000274,0.9332604888222655,0.30000000000000004,0.0,0.0,80,0.7375,0.6271491697875681,0.8295907488995917,0.6271186440677966,0.49145475487492246,0.749560430738696,0.4625,0.35027642653839836,0.5775824719951649,0.26249999999999996,0.275,0.0,0.7
yoloworld,281790,26091,1,left person,1,4,4,1,0.9136959539252503,20,20,0.65,0.4078114654671719,0.8460907952154588,0.8461538461538461,0.5455289443234423,0.9807933280174715,0.55,0.3152781330405486,0.7694221032240758,0.35,0.1,2.7755575615628914e-17,80,0.7375,0.6271491697875681,0.8295907488995917,0.6271186440677966,0.49145475487492246,0.749560430738696,0.4625,0.35027642653839836,0.5775824719951649,0.26249999999999996,0.275,0.0,0.55
yoloworld,281790,26091,1,left person,1,4,4,1,0.9136959539252503,40,40,0.65,0.48315554635100944,0.793717509129233,0.7307692307692307,0.5221252103061684,0.884267786708496,0.475,0.31511970663498623,0.6387198647359378,0.35,0.17500000000000004,0.0,80,0.7375,0.6271491697875681,0.8295907488995917,0.6271186440677966,0.49145475487492246,0.749560430738696,0.4625,0.35027642653839836,0.5775824719951649,0.26249999999999996,0.275,0.0,0.475
yoloworld,168482,35610,10,top traffic light,1,6,5,0,0.004673100114510645,5,5,0.8,0.2835820638819106,0.9949492366205319,1.0,0.3976353643835254,1.0,0.8,0.2835820638819106,0.9949492366205319,0.19999999999999996,0.0,0.0,80,0.7625,0.6542230288597322,0.8505462481433591,0.9344262295081968,0.8405310453592895,0.9818458040240317,0.7125,0.6004548866879794,0.8082395280280349,0.23750000000000004,0.04999999999999997,3.469446951953614e-17,0.8
yoloworld,168482,35610,10,top traffic light,1,6,5,0,0.004673100114510645,10,10,0.8,0.4439045376923585,0.9747892736731666,1.0,0.6305833524471808,1.0,0.8,0.4439045376923585,0.9747892736731666,0.19999999999999996,0.0,0.0,80,0.7625,0.6542230288597322,0.8505462481433591,0.9344262295081968,0.8405310453592895,0.9818458040240317,0.7125,0.6004548866879794,0.8082395280280349,0.23750000000000004,0.04999999999999997,3.469446951953614e-17,0.8
yoloworld,168482,35610,10,top traffic light,1,6,5,0,0.004673100114510645,20,20,0.75,0.5089541282920425,0.9134285308985653,0.9333333333333333,0.6805154334216966,0.9983135697586473,0.7,0.4572108177237109,0.8810684095942722,0.25,0.04999999999999999,5.551115123125783e-17,80,0.7625,0.6542230288597322,0.8505462481433591,0.9344262295081968,0.8405310453592895,0.9818458040240317,0.7125,0.6004548866879794,0.8082395280280349,0.23750000000000004,0.04999999999999997,3.469446951953614e-17,0.7
yoloworld,168482,35610,10,top traffic light,1,6,5,0,0.004673100114510645,40,40,0.725,0.5611170928209519,0.8539910080361344,0.9310344827586207,0.7723381100555139,0.9915360377469982,0.675,0.5087051245215516,0.8142710332366501,0.275,0.05000000000000002,8.326672684688674e-17,80,0.7625,0.6542230288597322,0.8505462481433591,0.9344262295081968,0.8405310453592895,0.9818458040240317,0.7125,0.6004548866879794,0.8082395280280349,0.23750000000000004,0.04999999999999997,3.469446951953614e-17,0.675
yoloworld,78836,43128,1,lady,1,8,5,1,0.8450356992333149,5,5,0.6,0.14663279963467318,0.9472550494736831,0.3333333333333333,0.008403758659612645,0.9057006759497539,0.2,0.005050763379468061,0.7164179361180893,0.4,0.4,0.0,80,0.6625,0.5480943856258318,0.7644738620163491,0.5283018867924528,0.38635520719409944,0.6669753043211035,0.35,0.2466719364725351,0.4647968854793358,0.3375,0.3125,0.0,0.2
yoloworld,78836,43128,1,lady,1,8,5,1,0.8450356992333149,10,10,0.6,0.2623780766069451,0.8784477418801728,0.3333333333333333,0.04327186829274169,0.7772219044964879,0.2,0.02521072632683339,0.5560954623076415,0.4,0.4,0.0,80,0.6625,0.5480943856258318,0.7644738620163491,0.5283018867924528,0.38635520719409944,0.6669753043211035,0.35,0.2466719364725351,0.4647968854793358,0.3375,0.3125,0.0,0.2
yoloworld,78836,43128,1,lady,1,8,5,1,0.8450356992333149,20,20,0.6,0.3605425873074897,0.8088099392746928,0.4166666666666667,0.15165222980843018,0.7233303143178942,0.25,0.08657146910143462,0.49104587170795755,0.4,0.3499999999999999,5.551115123125783e-17,80,0.6625,0.5480943856258318,0.7644738620163491,0.5283018867924528,0.38635520719409944,0.6669753043211035,0.35,0.2466719364725351,0.4647968854793358,0.3375,0.3125,0.0,0.25
yoloworld,78836,43128,1,lady,1,8,5,1,0.8450356992333149,40,40,0.625,0.4580147522326109,0.772737277518174,0.44,0.24402366514720805,0.6507183660086642,0.275,0.14600899196386566,0.43888290717904815,0.375,0.35000000000000003,5.551115123125783e-17,80,0.6625,0.5480943856258318,0.7644738620163491,0.5283018867924528,0.38635520719409944,0.6669753043211035,0.35,0.2466719364725351,0.4647968854793358,0.3375,0.3125,0.0,0.275
yoloworld,273197,26806,19,left horse,1,3,3,0,0.0,5,5,1.0,0.47817624989501856,1.0,1.0,0.47817624989501856,1.0,1.0,0.47817624989501856,1.0,0.0,0.0,0.0,80,0.975,0.9125928440694078,0.9969579138351904,1.0,0.9538075796719513,1.0,0.975,0.9125928440694078,0.9969579138351904,0.025000000000000022,0.0,0.0,1.0
yoloworld,273197,26806,19,left horse,1,3,3,0,0.0,10,10,0.9,0.5549838829718046,0.9974714214555382,1.0,0.6637328831200572,1.0,0.9,0.5549838829718046,0.9974714214555382,0.09999999999999998,0.0,0.0,80,0.975,0.9125928440694078,0.9969579138351904,1.0,0.9538075796719513,1.0,0.975,0.9125928440694078,0.9969579138351904,0.025000000000000022,0.0,0.0,0.9
yoloworld,273197,26806,19,left horse,1,3,3,0,0.0,20,20,0.9,0.6830172859809176,0.9876514728297052,1.0,0.8146980318621478,1.0,0.9,0.6830172859809176,0.9876514728297052,0.09999999999999998,0.0,0.0,80,0.975,0.9125928440694078,0.9969579138351904,1.0,0.9538075796719513,1.0,0.975,0.9125928440694078,0.9969579138351904,0.025000000000000022,0.0,0.0,0.9
yoloworld,273197,26806,19,left horse,1,3,3,0,0.0,40,40,0.925,0.796135251267101,0.9842578201489585,1.0,0.9051094125850101,1.0,0.925,0.796135251267101,0.9842578201489585,0.07499999999999996,0.0,0.0,80,0.975,0.9125928440694078,0.9969579138351904,1.0,0.9538075796719513,1.0,0.975,0.9125928440694078,0.9969579138351904,0.025000000000000022,0.0,0.0,0.925
yoloworld,269890,27039,1,motorcycle driver,1,5,5,0,0.0269127702892947,5,5,0.6,0.14663279963467318,0.9472550494736831,1.0,0.29240177382128674,1.0,0.6,0.14663279963467318,0.9472550494736831,0.4,0.0,0.0,80,0.75,0.64063652409315,0.8401203554931442,1.0,0.9403705077138331,1.0,0.75,0.64063652409315,0.8401203554931442,0.25,0.0,0.0,0.6
yoloworld,269890,27039,1,motorcycle driver,1,5,5,0,0.0269127702892947,10,10,0.6,0.2623780766069451,0.8784477418801728,1.0,0.5407418735600996,1.0,0.6,0.2623780766069451,0.8784477418801728,0.4,0.0,0.0,80,0.75,0.64063652409315,0.8401203554931442,1.0,0.9403705077138331,1.0,0.75,0.64063652409315,0.8401203554931442,0.25,0.0,0.0,0.6
yoloworld,269890,27039,1,motorcycle driver,1,5,5,0,0.0269127702892947,20,20,0.6,0.3605425873074897,0.8088099392746928,1.0,0.7353515306029488,1.0,0.6,0.3605425873074897,0.8088099392746928,0.4,0.0,0.0,80,0.75,0.64063652409315,0.8401203554931442,1.0,0.9403705077138331,1.0,0.75,0.64063652409315,0.8401203554931442,0.25,0.0,0.0,0.6
yoloworld,269890,27039,1,motorcycle driver,1,5,5,0,0.0269127702892947,40,40,0.6,0.4332670521932967,0.7513500134122563,0.9583333333333334,0.7887983165430269,0.9989456475545303,0.575,0.40890058042696337,0.7295709687311371,0.4,0.024999999999999977,4.5102810375396984e-17,80,0.75,0.64063652409315,0.8401203554931442,1.0,0.9403705077138331,1.0,0.75,0.64063652409315,0.8401203554931442,0.25,0.0,0.0,0.575
yoloworld,431400,13069,4,black motocicle,1,9,5,1,0.9547616947793369,5,5,1.0,0.47817624989501856,1.0,1.0,0.47817624989501856,1.0,1.0,0.47817624989501856,1.0,0.0,0.0,0.0,80,1.0,0.9549359649323077,1.0,0.9875,0.9323122155360776,0.9996835774723672,0.9875,0.9323122155360776,0.9996835774723672,0.0,0.012499999999999956,0.0,1.0
yoloworld,431400,13069,4,black motocicle,1,9,5,1,0.9547616947793369,10,10,1.0,0.6915028921812392,1.0,1.0,0.6915028921812392,1.0,1.0,0.6915028921812392,1.0,0.0,0.0,0.0,80,1.0,0.9549359649323077,1.0,0.9875,0.9323122155360776,0.9996835774723672,0.9875,0.9323122155360776,0.9996835774723672,0.0,0.012499999999999956,0.0,1.0
yoloworld,431400,13069,4,black motocicle,1,9,5,1,0.9547616947793369,20,20,1.0,0.8315665290169146,1.0,1.0,0.8315665290169146,1.0,1.0,0.8315665290169146,1.0,0.0,0.0,0.0,80,1.0,0.9549359649323077,1.0,0.9875,0.9323122155360776,0.9996835774723672,0.9875,0.9323122155360776,0.9996835774723672,0.0,0.012499999999999956,0.0,1.0
yoloworld,431400,13069,4,black motocicle,1,9,5,1,0.9547616947793369,40,40,1.0,0.9119026971211976,1.0,0.975,0.8684141415172343,0.9993672550679505,0.975,0.8684141415172343,0.9993672550679505,0.0,0.025000000000000022,0.0,80,1.0,0.9549359649323077,1.0,0.9875,0.9323122155360776,0.9996835774723672,0.9875,0.9323122155360776,0.9996835774723672,0.0,0.012499999999999956,0.0,0.975
yoloworld,215407,31723,1,lol dude on far right,1,4,4,0,0.0,5,5,1.0,0.47817624989501856,1.0,1.0,0.47817624989501856,1.0,1.0,0.47817624989501856,1.0,0.0,0.0,0.0,80,1.0,0.9549359649323077,1.0,0.95,0.876901263556847,0.9862106060235382,0.95,0.876901263556847,0.9862106060235382,0.0,0.050000000000000044,0.0,1.0
yoloworld,215407,31723,1,lol dude on far right,1,4,4,0,0.0,10,10,1.0,0.6915028921812392,1.0,0.9,0.5549838829718046,0.9974714214555382,0.9,0.5549838829718046,0.9974714214555382,0.0,0.09999999999999998,0.0,80,1.0,0.9549359649323077,1.0,0.95,0.876901263556847,0.9862106060235382,0.95,0.876901263556847,0.9862106060235382,0.0,0.050000000000000044,0.0,0.9
yoloworld,215407,31723,1,lol dude on far right,1,4,4,0,0.0,20,20,1.0,0.8315665290169146,1.0,0.95,0.7512672372279723,0.9987349105020502,0.95,0.7512672372279723,0.9987349105020502,0.0,0.050000000000000044,0.0,80,1.0,0.9549359649323077,1.0,0.95,0.876901263556847,0.9862106060235382,0.95,0.876901263556847,0.9862106060235382,0.0,0.050000000000000044,0.0,0.95
yoloworld,215407,31723,1,lol dude on far right,1,4,4,0,0.0,40,40,1.0,0.9119026971211976,1.0,0.95,0.8308031360405824,0.9938863534006491,0.95,0.8308031360405824,0.9938863534006491,0.0,0.050000000000000044,0.0,80,1.0,0.9549359649323077,1.0,0.95,0.876901263556847,0.9862106060235382,0.95,0.876901263556847,0.9862106060235382,0.0,0.050000000000000044,0.0,0.95
yoloworld,388421,16784,1,middle,0,0,0,0,0.0,5,0,0.0,,,,,,0.0,,,,,,0,0.0,,,,,,0.0,,,,,,0.0
yoloworld,388421,16784,1,middle,0,0,0,0,0.0,10,0,0.0,,,,,,0.0,,,,,,0,0.0,,,,,,0.0,,,,,,0.0
yoloworld,388421,16784,1,middle,0,0,0,0,0.0,20,0,0.0,,,,,,0.0,,,,,,0,0.0,,,,,,0.0,,,,,,0.0
yoloworld,388421,16784,1,middle,0,0,0,0,0.0,40,0,0.0,,,,,,0.0,,,,,,0,0.0,,,,,,0.0,,,,,,0.0
yoloworld,580785,102,1,child sitting on womans lap,1,2,2,0,0.2721462465624921,5,5,1.0,0.47817624989501856,1.0,1.0,0.47817624989501856,1.0,1.0,0.47817624989501856,1.0,0.0,0.0,0.0,80,1.0,0.9549359649323077,1.0,1.0,0.9549359649323077,1.0,1.0,0.9549359649323077,1.0,0.0,0.0,0.0,1.0
yoloworld,580785,102,1,child sitting on womans lap,1,2,2,0,0.2721462465624921,10,10,1.0,0.6915028921812392,1.0,1.0,0.6915028921812392,1.0,1.0,0.6915028921812392,1.0,0.0,0.0,0.0,80,1.0,0.9549359649323077,1.0,1.0,0.9549359649323077,1.0,1.0,0.9549359649323077,1.0,0.0,0.0,0.0,1.0
yoloworld,580785,102,1,child sitting on womans lap,1,2,2,0,0.2721462465624921,20,20,1.0,0.8315665290169146,1.0,1.0,0.8315665290169146,1.0,1.0,0.8315665290169146,1.0,0.0,0.0,0.0,80,1.0,0.9549359649323077,1.0,1.0,0.9549359649323077,1.0,1.0,0.9549359649323077,1.0,0.0,0.0,0.0,1.0
yoloworld,580785,102,1,child sitting on womans lap,1,2,2,0,0.2721462465624921,40,40,1.0,0.9119026971211976,1.0,1.0,0.9119026971211976,1.0,1.0,0.9119026971211976,1.0,0.0,0.0,0.0,80,1.0,0.9549359649323077,1.0,1.0,0.9549359649323077,1.0,1.0,0.9549359649323077,1.0,0.0,0.0,0.0,1.0
yoloworld,103510,40983,51,veggies,1,2,2,0,0.1572108258199314,5,5,0.8,0.2835820638819106,0.9949492366205319,1.0,0.3976353643835254,1.0,0.8,0.2835820638819106,0.9949492366205319,0.19999999999999996,0.0,0.0,80,0.8375,0.7381631061748872,0.9105383582774708,1.0,0.9464303458729032,1.0,0.8375,0.7381631061748872,0.9105383582774708,0.16249999999999998,0.0,0.0,0.8
yoloworld,103510,40983,51,veggies,1,2,2,0,0.1572108258199314,10,10,0.8,0.4439045376923585,0.9747892736731666,1.0,0.6305833524471808,1.0,0.8,0.4439045376923585,0.9747892736731666,0.19999999999999996,0.0,0.0,80,0.8375,0.7381631061748872,0.9105383582774708,1.0,0.9464303458729032,1.0,0.8375,0.7381631061748872,0.9105383582774708,0.16249999999999998,0.0,0.0,0.8
yoloworld,103510,40983,51,veggies,1,2,2,0,0.1572108258199314,20,20,0.85,0.6210731734546859,0.9679290628145363,1.0,0.8049356770309068,1.0,0.85,0.6210731734546859,0.9679290628145363,0.15000000000000002,0.0,0.0,80,0.8375,0.7381631061748872,0.9105383582774708,1.0,0.9464303458729032,1.0,0.8375,0.7381631061748872,0.9105383582774708,0.16249999999999998,0.0,0.0,0.85
yoloworld,103510,40983,51,veggies,1,2,2,0,0.1572108258199314,40,40,0.85,0.7016473331604236,0.9428977418454741,1.0,0.8971820757409874,1.0,0.85,0.7016473331604236,0.9428977418454741,0.15000000000000002,0.0,0.0,80,0.8375,0.7381631061748872,0.9105383582774708,1.0,0.9464303458729032,1.0,0.8375,0.7381631061748872,0.9105383582774708,0.16249999999999998,0.0,0.0,0.85
yoloworld,488160,8156,21,left brown one,1,2,2,1,0.9723189768288546,5,5,1.0,0.47817624989501856,1.0,0.8,0.2835820638819106,0.9949492366205319,0.8,0.2835820638819106,0.9949492366205319,0.0,0.19999999999999996,0.0,80,0.925,0.8438720682639279,0.9719794538231588,0.9594594594594594,0.8860627432534374,0.9915602436292356,0.8875,0.7971534080830098,0.9472484868543125,0.07499999999999996,0.037500000000000026,6.245004513516506e-17,0.8
yoloworld,488160,8156,21,left brown one,1,2,2,1,0.9723189768288546,10,10,1.0,0.6915028921812392,1.0,0.9,0.5549838829718046,0.9974714214555382,0.9,0.5549838829718046,0.9974714214555382,0.0,0.09999999999999998,0.0,80,0.925,0.8438720682639279,0.9719794538231588,0.9594594594594594,0.8860627432534374,0.9915602436292356,0.8875,0.7971534080830098,0.9472484868543125,0.07499999999999996,0.037500000000000026,6.245004513516506e-17,0.9
yoloworld,488160,8156,21,left brown one,1,2,2,1,0.9723189768288546,20,20,1.0,0.8315665290169146,1.0,0.95,0.7512672372279723,0.9987349105020502,0.95,0.7512672372279723,0.9987349105020502,0.0,0.050000000000000044,0.0,80,0.925,0.8438720682639279,0.9719794538231588,0.9594594594594594,0.8860627432534374,0.9915602436292356,0.8875,0.7971534080830098,0.9472484868543125,0.07499999999999996,0.037500000000000026,6.245004513516506e-17,0.95
yoloworld,488160,8156,21,left brown one,1,2,2,1,0.9723189768288546,40,40,0.975,0.8684141415172343,0.9993672550679505,0.9743589743589743,0.8652360784405021,0.999351036104518,0.95,0.8308031360405824,0.9938863534006491,0.025000000000000022,0.02500000000000002,3.469446951953614e-18,80,0.925,0.8438720682639279,0.9719794538231588,0.9594594594594594,0.8860627432534374,0.9915602436292356,0.8875,0.7971534080830098,0.9472484868543125,0.07499999999999996,0.037500000000000026,6.245004513516506e-17,0.95
yoloworld,425721,13596,67,stand back right,0,0,0,0,0.0,5,0,0.0,,,,,,0.0,,,,,,0,0.0,,,,,,0.0,,,,,,0.0
yoloworld,425721,13596,67,stand back right,0,0,0,0,0.0,10,0,0.0,,,,,,0.0,,,,,,0,0.0,,,,,,0.0,,,,,,0.0
yoloworld,425721,13596,67,stand back right,0,0,0,0,0.0,20,0,0.0,,,,,,0.0,,,,,,0,0.0,,,,,,0.0,,,,,,0.0
yoloworld,425721,13596,67,stand back right,0,0,0,0,0.0,40,0,0.0,,,,,,0.0,,,,,,0,0.0,,,,,,0.0,,,,,,0.0
yoloworld,432683,12971,1,blue shirt,1,3,3,0,0.39262977844175795,5,5,0.2,0.005050763379468061,0.7164179361180893,1.0,0.025000000000000022,1.0,0.2,0.005050763379468061,0.7164179361180893,0.8,0.0,0.0,80,0.1375,0.0706878327038787,0.2327208708247256,1.0,0.7150858470818456,1.0,0.1375,0.0706878327038787,0.2327208708247256,0.8625,0.0,0.0,0.2
yoloworld,432683,12971,1,blue shirt,1,3,3,0,0.39262977844175795,10,10,0.2,0.02521072632683339,0.5560954623076415,1.0,0.15811388300841903,1.0,0.2,0.02521072632683339,0.5560954623076415,0.8,0.0,0.0,80,0.1375,0.0706878327038787,0.2327208708247256,1.0,0.7150858470818456,1.0,0.1375,0.0706878327038787,0.2327208708247256,0.8625,0.0,0.0,0.2
yoloworld,432683,12971,1,blue shirt,1,3,3,0,0.39262977844175795,20,20,0.2,0.057333997050032774,0.43661400299666825,1.0,0.3976353643835254,1.0,0.2,0.057333997050032774,0.43661400299666825,0.8,0.0,0.0,80,0.1375,0.0706878327038787,0.2327208708247256,1.0,0.7150858470818456,1.0,0.1375,0.0706878327038787,0.2327208708247256,0.8625,0.0,0.0,0.2
yoloworld,432683,12971,1,blue shirt,1,3,3,0,0.39262977844175795,40,40,0.2,0.09052240939999069,0.35647801867923473,1.0,0.6305833524471808,1.0,0.2,0.09052240939999069,0.35647801867923473,0.8,0.0,0.0,80,0.1375,0.0706878327038787,0.2327208708247256,1.0,0.7150858470818456,1.0,0.1375,0.0706878327038787,0.2327208708247256,0.8625,0.0,0.0,0.2
yoloworld,455079,11048,1,boy,1,5,5,0,0.0,5,5,1.0,0.47817624989501856,1.0,0.8,0.2835820638819106,0.9949492366205319,0.8,0.2835820638819106,0.9949492366205319,0.0,0.19999999999999996,0.0,80,1.0,0.9549359649323077,1.0,0.9375,0.8601429247023609,0.9793969276979898,0.9375,0.8601429247023609,0.9793969276979898,0.0,0.0625,0.0,0.8
yoloworld,455079,11048,1,boy,1,5,5,0,0.0,10,10,1.0,0.6915028921812392,1.0,0.8,0.4439045376923585,0.9747892736731666,0.8,0.4439045376923585,0.9747892736731666,0.0,0.19999999999999996,0.0,80,1.0,0.9549359649323077,1.0,0.9375,0.8601429247023609,0.9793969276979898,0.9375,0.8601429247023609,0.9793969276979898,0.0,0.0625,0.0,0.8
yoloworld,455079,11048,1,boy,1,5,5,0,0.0,20,20,1.0,0.8315665290169146,1.0,0.9,0.6830172859809176,0.9876514728297052,0.9,0.6830172859809176,0.9876514728297052,0.0,0.09999999999999998,0.0,80,1.0,0.9549359649323077,1.0,0.9375,0.8601429247023609,0.9793969276979898,0.9375,0.8601429247023609,0.9793969276979898,0.0,0.0625,0.0,0.9
yoloworld,455079,11048,1,boy,1,5,5,0,0.0,40,40,1.0,0.9119026971211976,1.0,0.925,0.796135251267101,0.9842578201489585,0.925,0.796135251267101,0.9842578201489585,0.0,0.07499999999999996,0.0,80,1.0,0.9549359649323077,1.0,0.9375,0.8601429247023609,0.9793969276979898,0.9375,0.8601429247023609,0.9793969276979898,0.0,0.0625,0.0,0.925
yoloworld,297171,24828,72,tv bottom right corner,0,0,0,0,0.0,5,0,0.0,,,,,,0.0,,,,,,0,0.0,,,,,,0.0,,,,,,0.0
yoloworld,297171,24828,72,tv bottom right corner,0,0,0,0,0.0,10,0,0.0,,,,,,0.0,,,,,,0,0.0,,,,,,0.0,,,,,,0.0
yoloworld,297171,24828,72,tv bottom right corner,0,0,0,0,0.0,20,0,0.0,,,,,,0.0,,,,,,0,0.0,,,,,,0.0,,,,,,0.0
yoloworld,297171,24828,72,tv bottom right corner,0,0,0,0,0.0,40,0,0.0,,,,,,0.0,,,,,,0,0.0,,,,,,0.0,,,,,,0.0
yoloworld,561593,1860,1,batter,0,0,0,0,0.0,5,0,0.0,,,,,,0.0,,,,,,0,0.0,,,,,,0.0,,,,,,0.0
yoloworld,561593,1860,1,batter,0,0,0,0,0.0,10,0,0.0,,,,,,0.0,,,,,,0,0.0,,,,,,0.0,,,,,,0.0
yoloworld,561593,1860,1,batter,0,0,0,0,0.0,20,0,0.0,,,,,,0.0,,,,,,0,0.0,,,,,,0.0,,,,,,0.0
yoloworld,561593,1860,1,batter,0,0,0,0,0.0,40,0,0.0,,,,,,0.0,,,,,,0,0.0,,,,,,0.0,,,,,,0.0
yoloworld,96475,41571,61,food on plate,0,1,0,0,0.23759747331912937,5,0,0.0,,,,,,0.0,,,,,,0,0.0,,,,,,0.0,,,,,,0.0
yoloworld,96475,41571,61,food on plate,0,1,0,0,0.23759747331912937,10,0,0.0,,,,,,0.0,,,,,,0,0.0,,,,,,0.0,,,,,,0.0
yoloworld,96475,41571,61,food on plate,0,1,0,0,0.23759747331912937,20,0,0.0,,,,,,0.0,,,,,,0,0.0,,,,,,0.0,,,,,,0.0
yoloworld,96475,41571,61,food on plate,0,1,0,0,0.23759747331912937,40,0,0.0,,,,,,0.0,,,,,,0,0.0,,,,,,0.0,,,,,,0.0
yoloworld,508504,6383,1,person on right,1,4,4,0,0.0,5,5,1.0,0.47817624989501856,1.0,1.0,0.47817624989501856,1.0,1.0,0.47817624989501856,1.0,0.0,0.0,0.0,80,1.0,0.9549359649323077,1.0,0.8875,0.7971534080830098,0.9472484868543125,0.8875,0.7971534080830098,0.9472484868543125,0.0,0.11250000000000004,0.0,1.0
yoloworld,508504,6383,1,person on right,1,4,4,0,0.0,10,10,1.0,0.6915028921812392,1.0,1.0,0.6915028921812392,1.0,1.0,0.6915028921812392,1.0,0.0,0.0,0.0,80,1.0,0.9549359649323077,1.0,0.8875,0.7971534080830098,0.9472484868543125,0.8875,0.7971534080830098,0.9472484868543125,0.0,0.11250000000000004,0.0,1.0
yoloworld,508504,6383,1,person on right,1,4,4,0,0.0,20,20,1.0,0.8315665290169146,1.0,0.95,0.7512672372279723,0.9987349105020502,0.95,0.7512672372279723,0.9987349105020502,0.0,0.050000000000000044,0.0,80,1.0,0.9549359649323077,1.0,0.8875,0.7971534080830098,0.9472484868543125,0.8875,0.7971534080830098,0.9472484868543125,0.0,0.11250000000000004,0.0,0.95
yoloworld,508504,6383,1,person on right,1,4,4,0,0.0,40,40,1.0,0.9119026971211976,1.0,0.9,0.7633626001239001,0.9720745847057807,0.9,0.7633626001239001,0.9720745847057807,0.0,0.09999999999999998,0.0,80,1.0,0.9549359649323077,1.0,0.8875,0.7971534080830098,0.9472484868543125,0.8875,0.7971534080830098,0.9472484868543125,0.0,0.11250000000000004,0.0,0.9
yoloworld,55237,45232,1,guy in center with black shirt,1,5,5,1,0.9751072740842555,5,5,1.0,0.47817624989501856,1.0,0.6,0.14663279963467318,0.9472550494736831,0.6,0.14663279963467318,0.9472550494736831,0.0,0.4,0.0,80,1.0,0.9549359649323077,1.0,0.675,0.5610629543955516,0.7755404148225468,0.675,0.5610629543955516,0.7755404148225468,0.0,0.32499999999999996,0.0,0.6
yoloworld,55237,45232,1,guy in center with black shirt,1,5,5,1,0.9751072740842555,10,10,1.0,0.6915028921812392,1.0,0.6,0.2623780766069451,0.8784477418801728,0.6,0.2623780766069451,0.8784477418801728,0.0,0.4,0.0,80,1.0,0.9549359649323077,1.0,0.675,0.5610629543955516,0.7755404148225468,0.675,0.5610629543955516,0.7755404148225468,0.0,0.32499999999999996,0.0,0.6
yoloworld,55237,45232,1,guy in center with black shirt,1,5,5,1,0.9751072740842555,20,20,1.0,0.8315665290169146,1.0,0.65,0.4078114654671719,0.8460907952154588,0.65,0.4078114654671719,0.8460907952154588,0.0,0.35,0.0,80,1.0,0.9549359649323077,1.0,0.675,0.5610629543955516,0.7755404148225468,0.675,0.5610629543955516,0.7755404148225468,0.0,0.32499999999999996,0.0,0.65
yoloworld,55237,45232,1,guy in center with black shirt,1,5,5,1,0.9751072740842555,40,40,1.0,0.9119026971211976,1.0,0.65,0.48315554635100944,0.793717509129233,0.65,0.48315554635100944,0.793717509129233,0.0,0.35,0.0,80,1.0,0.9549359649323077,1.0,0.675,0.5610629543955516,0.7755404148225468,0.675,0.5610629543955516,0.7755404148225468,0.0,0.32499999999999996,0.0,0.65
yoloworld,324705,22285,1,guy sitting at bottom right,1,4,4,1,0.9873620215828717,5,5,0.8,0.2835820638819106,0.9949492366205319,1.0,0.3976353643835254,1.0,0.8,0.2835820638819106,0.9949492366205319,0.19999999999999996,0.0,0.0,80,0.85,0.7526358884071023,0.9200184386902862,1.0,0.9471969572063602,1.0,0.85,0.7526358884071023,0.9200184386902862,0.15000000000000002,0.0,0.0,0.8
yoloworld,324705,22285,1,guy sitting at bottom right,1,4,4,1,0.9873620215828717,10,10,0.8,0.4439045376923585,0.9747892736731666,1.0,0.6305833524471808,1.0,0.8,0.4439045376923585,0.9747892736731666,0.19999999999999996,0.0,0.0,80,0.85,0.7526358884071023,0.9200184386902862,1.0,0.9471969572063602,1.0,0.85,0.7526358884071023,0.9200184386902862,0.15000000000000002,0.0,0.0,0.8
yoloworld,324705,22285,1,guy sitting at bottom right,1,4,4,1,0.9873620215828717,20,20,0.8,0.5633859970033317,0.9426660029499673,1.0,0.7940927857921773,1.0,0.8,0.5633859970033317,0.9426660029499673,0.19999999999999996,0.0,0.0,80,0.85,0.7526358884071023,0.9200184386902862,1.0,0.9471969572063602,1.0,0.85,0.7526358884071023,0.9200184386902862,0.15000000000000002,0.0,0.0,0.8
yoloworld,324705,22285,1,guy sitting at bottom right,1,4,4,1,0.9873620215828717,40,40,0.9,0.7633626001239001,0.9720745847057807,1.0,0.902606244085508,1.0,0.9,0.7633626001239001,0.9720745847057807,0.09999999999999998,0.0,0.0,80,0.85,0.7526358884071023,0.9200184386902862,1.0,0.9471969572063602,1.0,0.85,0.7526358884071023,0.9200184386902862,0.15000000000000002,0.0,0.0,0.9
yoloworld,136230,38269,72,black space above right monitors,1,17,5,0,0.0,5,5,0.8,0.2835820638819106,0.9949492366205319,1.0,0.3976353643835254,1.0,0.8,0.2835820638819106,0.9949492366205319,0.19999999999999996,0.0,0.0,80,0.9125,0.8279916615801152,0.9640936410104413,1.0,0.9507229391041407,1.0,0.9125,0.8279916615801152,0.9640936410104413,0.08750000000000002,0.0,0.0,0.8
yoloworld,136230,38269,72,black space above right monitors,1,17,5,0,0.0,10,10,0.7,0.34754714994000274,0.9332604888222655,1.0,0.5903836027749967,1.0,0.7,0.34754714994000274,0.9332604888222655,0.30000000000000004,0.0,0.0,80,0.9125,0.8279916615801152,0.9640936410104413,1.0,0.9507229391041407,1.0,0.9125,0.8279916615801152,0.9640936410104413,0.08750000000000002,0.0,0.0,0.7
yoloworld,136230,38269,72,black space above right monitors,1,17,5,0,0.0,20,20,0.8,0.5633859970033317,0.9426660029499673,1.0,0.7940927857921773,1.0,0.8,0.5633859970033317,0.9426660029499673,0.19999999999999996,0.0,0.0,80,0.9125,0.8279916615801152,0.9640936410104413,1.0,0.9507229391041407,1.0,0.9125,0.8279916615801152,0.9640936410104413,0.08750000000000002,0.0,0.0,0.8
yoloworld,136230,38269,72,black space above right monitors,1,17,5,0,0.0,40,40,0.825,0.6722098666384142,0.9266172706479148,1.0,0.8942371899254207,1.0,0.825,0.6722098666384142,0.9266172706479148,0.17500000000000004,0.0,0.0,80,0.9125,0.8279916615801152,0.9640936410104413,1.0,0.9507229391041407,1.0,0.9125,0.8279916615801152,0.9640936410104413,0.08750000000000002,0.0,0.0,0.825
yoloworld,402448,15572,62,chair to left of kat,1,3,3,1,0.9546449277667625,5,5,1.0,0.47817624989501856,1.0,1.0,0.47817624989501856,1.0,1.0,0.47817624989501856,1.0,0.0,0.0,0.0,80,0.7375,0.6271491697875681,0.8295907488995917,1.0,0.9393910990496601,1.0,0.7375,0.6271491697875681,0.8295907488995917,0.26249999999999996,0.0,0.0,1.0
yoloworld,402448,15572,62,chair to left of kat,1,3,3,1,0.9546449277667625,10,10,0.9,0.5549838829718046,0.9974714214555382,1.0,0.6637328831200572,1.0,0.9,0.5549838829718046,0.9974714214555382,0.09999999999999998,0.0,0.0,80,0.7375,0.6271491697875681,0.8295907488995917,1.0,0.9393910990496601,1.0,0.7375,0.6271491697875681,0.8295907488995917,0.26249999999999996,0.0,0.0,0.9
yoloworld,402448,15572,62,chair to left of kat,1,3,3,1,0.9546449277667625,20,20,0.75,0.5089541282920425,0.9134285308985653,1.0,0.781980639089466,1.0,0.75,0.5089541282920425,0.9134285308985653,0.25,0.0,0.0,80,0.7375,0.6271491697875681,0.8295907488995917,1.0,0.9393910990496601,1.0,0.7375,0.6271491697875681,0.8295907488995917,0.26249999999999996,0.0,0.0,0.75
yoloworld,402448,15572,62,chair to left of kat,1,3,3,1,0.9546449277667625,40,40,0.7,0.5346837147458767,0.8343727956067644,1.0,0.8765638814997362,1.0,0.7,0.5346837147458767,0.8343727956067644,0.30000000000000004,0.0,0.0,80,0.7375,0.6271491697875681,0.8295907488995917,1.0,0.9393910990496601,1.0,0.7375,0.6271491697875681,0.8295907488995917,0.26249999999999996,0.0,0.0,0.7
yoloworld,137724,38109,1,purple guy,0,1,0,0,0.0,5,0,0.0,,,,,,0.0,,,,,,0,0.0,,,,,,0.0,,,,,,0.0
yoloworld,137724,38109,1,purple guy,0,1,0,0,0.0,10,0,0.0,,,,,,0.0,,,,,,0,0.0,,,,,,0.0,,,,,,0.0
yoloworld,137724,38109,1,purple guy,0,1,0,0,0.0,20,0,0.0,,,,,,0.0,,,,,,0,0.0,,,,,,0.0,,,,,,0.0
yoloworld,137724,38109,1,purple guy,0,1,0,0,0.0,40,0,0.0,,,,,,0.0,,,,,,0,0.0,,,,,,0.0,,,,,,0.0
yoloworld,254176,28419,4,front of motocycle with two people on it,1,17,5,1,0.5453903127637365,5,5,0.8,0.2835820638819106,0.9949492366205319,0.5,0.06758598648854298,0.932414013511457,0.4,0.05274495052631693,0.8533672003653268,0.19999999999999996,0.4,0.0,80,0.85,0.7526358884071023,0.9200184386902862,0.5882352941176471,0.46226726033645077,0.706264911305879,0.5,0.38604788336490925,0.6139521166350907,0.15000000000000002,0.35,0.0,0.4
yoloworld,254176,28419,4,front of motocycle with two people on it,1,17,5,1,0.5453903127637365,10,10,0.8,0.4439045376923585,0.9747892736731666,0.375,0.08523341413725355,0.7551367836334484,0.3,0.0667395111777345,0.6524528500599973,0.19999999999999996,0.5,0.0,80,0.85,0.7526358884071023,0.9200184386902862,0.5882352941176471,0.46226726033645077,0.706264911305879,0.5,0.38604788336490925,0.6139521166350907,0.15000000000000002,0.35,0.0,0.3
yoloworld,254176,28419,4,front of motocycle with two people on it,1,17,5,1,0.5453903127637365,20,20,0.85,0.6210731734546859,0.9679290628145363,0.4117647058823529,0.1844369617839467,0.6707528460532426,0.35,0.15390920478454118,0.5921885345328282,0.15000000000000002,0.5,0.0,80,0.85,0.7526358884071023,0.9200184386902862,0.5882352941176471,0.46226726033645077,0.706264911305879,0.5,0.38604788336490925,0.6139521166350907,0.15000000000000002,0.35,0.0,0.35
yoloworld,254176,28419,4,front of motocycle with two people on it,1,17,5,1,0.5453903127637365,40,40,0.775,0.6154883226965773,0.891603361015928,0.5161290322580645,0.3306059730517573,0.6984543492876587,0.4,0.24864998658774376,0.5667329478067034,0.22499999999999998,0.375,0.0,80,0.85,0.7526358884071023,0.9200184386902862,0.5882352941176471,0.46226726033645077,0.706264911305879,0.5,0.38604788336490925,0.6139521166350907,0.15000000000000002,0.35,0.0,0.4
yoloworld,432170,13012,1,highest person in white,1,7,5,0,0.0,5,5,1.0,0.47817624989501856,1.0,1.0,0.47817624989501856,1.0,1.0,0.47817624989501856,1.0,0.0,0.0,0.0,80,1.0,0.9549359649323077,1.0,0.9625,0.8942980149834914,0.9921988127342833,0.9625,0.8942980149834914,0.9921988127342833,0.0,0.03749999999999998,0.0,1.0
yoloworld,432170,13012,1,highest person in white,1,7,5,0,0.0,10,10,1.0,0.6915028921812392,1.0,1.0,0.6915028921812392,1.0,1.0,0.6915028921812392,1.0,0.0,0.0,0.0,80,1.0,0.9549359649323077,1.0,0.9625,0.8942980149834914,0.9921988127342833,0.9625,0.8942980149834914,0.9921988127342833,0.0,0.03749999999999998,0.0,1.0
yoloworld,432170,13012,1,highest person in white,1,7,5,0,0.0,20,20,1.0,0.8315665290169146,1.0,0.95,0.7512672372279723,0.9987349105020502,0.95,0.7512672372279723,0.9987349105020502,0.0,0.050000000000000044,0.0,80,1.0,0.9549359649323077,1.0,0.9625,0.8942980149834914,0.9921988127342833,0.9625,0.8942980149834914,0.9921988127342833,0.0,0.03749999999999998,0.0,0.95
yoloworld,432170,13012,1,highest person in white,1,7,5,0,0.0,40,40,1.0,0.9119026971211976,1.0,0.975,0.8684141415172343,0.9993672550679505,0.975,0.8684141415172343,0.9993672550679505,0.0,0.025000000000000022,0.0,80,1.0,0.9549359649323077,1.0,0.9625,0.8942980149834914,0.9921988127342833,0.9625,0.8942980149834914,0.9921988127342833,0.0,0.03749999999999998,0.0,0.975
yoloworld,224168,30928,62,top of chair on left,0,1,0,0,0.15930505226140426,5,0,0.0,,,,,,0.0,,,,,,0,0.0,,,,,,0.0,,,,,,0.0
yoloworld,224168,30928,62,top of chair on left,0,1,0,0,0.15930505226140426,10,0,0.0,,,,,,0.0,,,,,,0,0.0,,,,,,0.0,,,,,,0.0
yoloworld,224168,30928,62,top of chair on left,0,1,0,0,0.15930505226140426,20,0,0.0,,,,,,0.0,,,,,,0,0.0,,,,,,0.0,,,,,,0.0
yoloworld,224168,30928,62,top of chair on left,0,1,0,0,0.15930505226140426,40,0,0.0,,,,,,0.0,,,,,,0,0.0,,,,,,0.0,,,,,,0.0
yoloworld,22890,48065,65,bed by window,1,2,2,1,0.8571372973602119,5,5,1.0,0.47817624989501856,1.0,1.0,0.47817624989501856,1.0,1.0,0.47817624989501856,1.0,0.0,0.0,0.0,80,1.0,0.9549359649323077,1.0,1.0,0.9549359649323077,1.0,1.0,0.9549359649323077,1.0,0.0,0.0,0.0,1.0
yoloworld,22890,48065,65,bed by window,1,2,2,1,0.8571372973602119,10,10,1.0,0.6915028921812392,1.0,1.0,0.6915028921812392,1.0,1.0,0.6915028921812392,1.0,0.0,0.0,0.0,80,1.0,0.9549359649323077,1.0,1.0,0.9549359649323077,1.0,1.0,0.9549359649323077,1.0,0.0,0.0,0.0,1.0
yoloworld,22890,48065,65,bed by window,1,2,2,1,0.8571372973602119,20,20,1.0,0.8315665290169146,1.0,1.0,0.8315665290169146,1.0,1.0,0.8315665290169146,1.0,0.0,0.0,0.0,80,1.0,0.9549359649323077,1.0,1.0,0.9549359649323077,1.0,1.0,0.9549359649323077,1.0,0.0,0.0,0.0,1.0
yoloworld,22890,48065,65,bed by window,1,2,2,1,0.8571372973602119,40,40,1.0,0.9119026971211976,1.0,1.0,0.9119026971211976,1.0,1.0,0.9119026971211976,1.0,0.0,0.0,0.0,80,1.0,0.9549359649323077,1.0,1.0,0.9549359649323077,1.0,1.0,0.9549359649323077,1.0,0.0,0.0,0.0,1.0
yoloworld,243839,29331,1,legs,0,1,0,0,0.0676490806695482,5,0,0.0,,,,,,0.0,,,,,,0,0.0,,,,,,0.0,,,,,,0.0
yoloworld,243839,29331,1,legs,0,1,0,0,0.0676490806695482,10,0,0.0,,,,,,0.0,,,,,,0,0.0,,,,,,0.0,,,,,,0.0
yoloworld,243839,29331,1,legs,0,1,0,0,0.0676490806695482,20,0,0.0,,,,,,0.0,,,,,,0,0.0,,,,,,0.0,,,,,,0.0
yoloworld,243839,29331,1,legs,0,1,0,0,0.0676490806695482,40,0,0.0,,,,,,0.0,,,,,,0,0.0,,,,,,0.0,,,,,,0.0
yoloworld,430731,13112,73,left computer,1,3,3,0,0.0,5,5,1.0,0.47817624989501856,1.0,1.0,0.47817624989501856,1.0,1.0,0.47817624989501856,1.0,0.0,0.0,0.0,80,1.0,0.9549359649323077,1.0,1.0,0.9549359649323077,1.0,1.0,0.9549359649323077,1.0,0.0,0.0,0.0,1.0
yoloworld,430731,13112,73,left computer,1,3,3,0,0.0,10,10,1.0,0.6915028921812392,1.0,1.0,0.6915028921812392,1.0,1.0,0.6915028921812392,1.0,0.0,0.0,0.0,80,1.0,0.9549359649323077,1.0,1.0,0.9549359649323077,1.0,1.0,0.9549359649323077,1.0,0.0,0.0,0.0,1.0
yoloworld,430731,13112,73,left computer,1,3,3,0,0.0,20,20,1.0,0.8315665290169146,1.0,1.0,0.8315665290169146,1.0,1.0,0.8315665290169146,1.0,0.0,0.0,0.0,80,1.0,0.9549359649323077,1.0,1.0,0.9549359649323077,1.0,1.0,0.9549359649323077,1.0,0.0,0.0,0.0,1.0
yoloworld,430731,13112,73,left computer,1,3,3,0,0.0,40,40,1.0,0.9119026971211976,1.0,1.0,0.9119026971211976,1.0,1.0,0.9119026971211976,1.0,0.0,0.0,0.0,80,1.0,0.9549359649323077,1.0,1.0,0.9549359649323077,1.0,1.0,0.9549359649323077,1.0,0.0,0.0,0.0,1.0
yoloworld,507642,6469,25,top giraffe,1,3,3,0,0.0,5,5,1.0,0.47817624989501856,1.0,1.0,0.47817624989501856,1.0,1.0,0.47817624989501856,1.0,0.0,0.0,0.0,80,1.0,0.9549359649323077,1.0,0.975,0.9125928440694078,0.9969579138351904,0.975,0.9125928440694078,0.9969579138351904,0.0,0.025000000000000022,0.0,1.0
yoloworld,507642,6469,25,top giraffe,1,3,3,0,0.0,10,10,1.0,0.6915028921812392,1.0,1.0,0.6915028921812392,1.0,1.0,0.6915028921812392,1.0,0.0,0.0,0.0,80,1.0,0.9549359649323077,1.0,0.975,0.9125928440694078,0.9969579138351904,0.975,0.9125928440694078,0.9969579138351904,0.0,0.025000000000000022,0.0,1.0
yoloworld,507642,6469,25,top giraffe,1,3,3,0,0.0,20,20,1.0,0.8315665290169146,1.0,1.0,0.8315665290169146,1.0,1.0,0.8315665290169146,1.0,0.0,0.0,0.0,80,1.0,0.9549359649323077,1.0,0.975,0.9125928440694078,0.9969579138351904,0.975,0.9125928440694078,0.9969579138351904,0.0,0.025000000000000022,0.0,1.0
yoloworld,507642,6469,25,top giraffe,1,3,3,0,0.0,40,40,1.0,0.9119026971211976,1.0,0.975,0.8684141415172343,0.9993672550679505,0.975,0.8684141415172343,0.9993672550679505,0.0,0.025000000000000022,0.0,80,1.0,0.9549359649323077,1.0,0.975,0.9125928440694078,0.9969579138351904,0.975,0.9125928440694078,0.9969579138351904,0.0,0.025000000000000022,0.0,0.975
yoloworld,127388,39005,1,woman,1,2,2,1,0.9775021278722985,5,5,1.0,0.47817624989501856,1.0,1.0,0.47817624989501856,1.0,1.0,0.47817624989501856,1.0,0.0,0.0,0.0,80,1.0,0.9549359649323077,1.0,0.95,0.876901263556847,0.9862106060235382,0.95,0.876901263556847,0.9862106060235382,0.0,0.050000000000000044,0.0,1.0
yoloworld,127388,39005,1,woman,1,2,2,1,0.9775021278722985,10,10,1.0,0.6915028921812392,1.0,0.9,0.5549838829718046,0.9974714214555382,0.9,0.5549838829718046,0.9974714214555382,0.0,0.09999999999999998,0.0,80,1.0,0.9549359649323077,1.0,0.95,0.876901263556847,0.9862106060235382,0.95,0.876901263556847,0.9862106060235382,0.0,0.050000000000000044,0.0,0.9
yoloworld,127388,39005,1,woman,1,2,2,1,0.9775021278722985,20,20,1.0,0.8315665290169146,1.0,0.95,0.7512672372279723,0.9987349105020502,0.95,0.7512672372279723,0.9987349105020502,0.0,0.050000000000000044,0.0,80,1.0,0.9549359649323077,1.0,0.95,0.876901263556847,0.9862106060235382,0.95,0.876901263556847,0.9862106060235382,0.0,0.050000000000000044,0.0,0.95
yoloworld,127388,39005,1,woman,1,2,2,1,0.9775021278722985,40,40,1.0,0.9119026971211976,1.0,0.925,0.796135251267101,0.9842578201489585,0.925,0.796135251267101,0.9842578201489585,0.0,0.07499999999999996,0.0,80,1.0,0.9549359649323077,1.0,0.95,0.876901263556847,0.9862106060235382,0.95,0.876901263556847,0.9862106060235382,0.0,0.050000000000000044,0.0,0.925
yoloworld,54805,45259,88,teddy bear on right with pink hat,1,4,4,0,0.08074241194750716,5,5,0.8,0.2835820638819106,0.9949492366205319,1.0,0.3976353643835254,1.0,0.8,0.2835820638819106,0.9949492366205319,0.19999999999999996,0.0,0.0,80,0.5625,0.4469975713881803,0.673236046566221,1.0,0.921294899593157,1.0,0.5625,0.4469975713881803,0.673236046566221,0.4375,0.0,0.0,0.8
yoloworld,54805,45259,88,teddy bear on right with pink hat,1,4,4,0,0.08074241194750716,10,10,0.9,0.5549838829718046,0.9974714214555382,1.0,0.6637328831200572,1.0,0.9,0.5549838829718046,0.9974714214555382,0.09999999999999998,0.0,0.0,80,0.5625,0.4469975713881803,0.673236046566221,1.0,0.921294899593157,1.0,0.5625,0.4469975713881803,0.673236046566221,0.4375,0.0,0.0,0.9
yoloworld,54805,45259,88,teddy bear on right with pink hat,1,4,4,0,0.08074241194750716,20,20,0.85,0.6210731734546859,0.9679290628145363,1.0,0.8049356770309068,1.0,0.85,0.6210731734546859,0.9679290628145363,0.15000000000000002,0.0,0.0,80,0.5625,0.4469975713881803,0.673236046566221,1.0,0.921294899593157,1.0,0.5625,0.4469975713881803,0.673236046566221,0.4375,0.0,0.0,0.85
yoloworld,54805,45259,88,teddy bear on right with pink hat,1,4,4,0,0.08074241194750716,40,40,0.775,0.6154883226965773,0.891603361015928,1.0,0.8878112530776301,1.0,0.775,0.6154883226965773,0.891603361015928,0.22499999999999998,0.0,0.0,80,0.5625,0.4469975713881803,0.673236046566221,1.0,0.921294899593157,1.0,0.5625,0.4469975713881803,0.673236046566221,0.4375,0.0,0.0,0.775
yoloworld,325806,22198,62,blue chair,1,8,5,1,0.9720520947327399,5,5,1.0,0.47817624989501856,1.0,1.0,0.47817624989501856,1.0,1.0,0.47817624989501856,1.0,0.0,0.0,0.0,80,0.9625,0.8942980149834914,0.9921988127342833,1.0,0.9532219318395959,1.0,0.9625,0.8942980149834914,0.9921988127342833,0.03749999999999998,0.0,0.0,1.0
yoloworld,325806,22198,62,blue chair,1,8,5,1,0.9720520947327399,10,10,1.0,0.6915028921812392,1.0,1.0,0.6915028921812392,1.0,1.0,0.6915028921812392,1.0,0.0,0.0,0.0,80,0.9625,0.8942980149834914,0.9921988127342833,1.0,0.9532219318395959,1.0,0.9625,0.8942980149834914,0.9921988127342833,0.03749999999999998,0.0,0.0,1.0
yoloworld,325806,22198,62,blue chair,1,8,5,1,0.9720520947327399,20,20,0.95,0.7512672372279723,0.9987349105020502,1.0,0.8235330881930346,1.0,0.95,0.7512672372279723,0.9987349105020502,0.050000000000000044,0.0,0.0,80,0.9625,0.8942980149834914,0.9921988127342833,1.0,0.9532219318395959,1.0,0.9625,0.8942980149834914,0.9921988127342833,0.03749999999999998,0.0,0.0,0.95
yoloworld,325806,22198,62,blue chair,1,8,5,1,0.9720520947327399,40,40,0.9,0.7633626001239001,0.9720745847057807,1.0,0.902606244085508,1.0,0.9,0.7633626001239001,0.9720745847057807,0.09999999999999998,0.0,0.0,80,0.9625,0.8942980149834914,0.9921988127342833,1.0,0.9532219318395959,1.0,0.9625,0.8942980149834914,0.9921988127342833,0.03749999999999998,0.0,0.0,0.9
yoloworld,457976,10768,21,upper right cow,1,4,4,1,0.9259154428199257,5,5,0.0,0.0,0.5218237501049814,,,,0.0,0.0,0.5218237501049814,1.0,0.0,0.0,80,0.1625,0.08946164172252927,0.2618368938251128,1.0,0.752947361999529,1.0,0.1625,0.08946164172252927,0.2618368938251128,0.8375,0.0,0.0,0.0
yoloworld,457976,10768,21,upper right cow,1,4,4,1,0.9259154428199257,10,10,0.1,0.0025285785444617865,0.4450161170281954,1.0,0.025000000000000022,1.0,0.1,0.0025285785444617865,0.4450161170281954,0.9,0.0,0.0,80,0.1625,0.08946164172252927,0.2618368938251128,1.0,0.752947361999529,1.0,0.1625,0.08946164172252927,0.2618368938251128,0.8375,0.0,0.0,0.1
yoloworld,457976,10768,21,upper right cow,1,4,4,1,0.9259154428199257,20,20,0.1,0.012348527170294813,0.31698271401908235,1.0,0.15811388300841903,1.0,0.1,0.012348527170294813,0.31698271401908235,0.9,0.0,0.0,80,0.1625,0.08946164172252927,0.2618368938251128,1.0,0.752947361999529,1.0,0.1625,0.08946164172252927,0.2618368938251128,0.8375,0.0,0.0,0.1
yoloworld,457976,10768,21,upper right cow,1,4,4,1,0.9259154428199257,40,40,0.075,0.015742179851041534,0.20386474873289892,1.0,0.29240177382128674,1.0,0.075,0.015742179851041534,0.20386474873289892,0.925,0.0,0.0,80,0.1625,0.08946164172252927,0.2618368938251128,1.0,0.752947361999529,1.0,0.1625,0.08946164172252927,0.2618368938251128,0.8375,0.0,0.0,0.075
yoloworld,250588,28730,1,right guy,0,1,0,1,0.9641803452652642,5,0,0.0,,,,,,0.0,,,,,,0,0.0,,,,,,0.0,,,,,,0.0
yoloworld,250588,28730,1,right guy,0,1,0,1,0.9641803452652642,10,0,0.0,,,,,,0.0,,,,,,0,0.0,,,,,,0.0,,,,,,0.0
yoloworld,250588,28730,1,right guy,0,1,0,1,0.9641803452652642,20,0,0.0,,,,,,0.0,,,,,,0,0.0,,,,,,0.0,,,,,,0.0
yoloworld,250588,28730,1,right guy,0,1,0,1,0.9641803452652642,40,0,0.0,,,,,,0.0,,,,,,0,0.0,,,,,,0.0,,,,,,0.0
yoloworld,495902,7495,57,carrot in the middle looks like one on top,1,2,2,0,0.09358838389739976,5,5,0.8,0.2835820638819106,0.9949492366205319,0.5,0.06758598648854298,0.932414013511457,0.4,0.05274495052631693,0.8533672003653268,0.19999999999999996,0.4,0.0,80,0.575,0.4593888114309382,0.6848902345476577,0.41304347826086957,0.2699745778106996,0.5677275924379808,0.2375,0.14945375185664092,0.34577697114026784,0.42500000000000004,0.33749999999999997,5.551115123125783e-17,0.4
yoloworld,495902,7495,57,carrot in the middle looks like one on top,1,2,2,0,0.09358838389739976,10,10,0.6,0.2623780766069451,0.8784477418801728,0.5,0.11811724875702523,0.8818827512429748,0.3,0.0667395111777345,0.6524528500599973,0.4,0.3,5.551115123125783e-17,80,0.575,0.4593888114309382,0.6848902345476577,0.41304347826086957,0.2699745778106996,0.5677275924379808,0.2375,0.14945375185664092,0.34577697114026784,0.42500000000000004,0.33749999999999997,5.551115123125783e-17,0.3
yoloworld,495902,7495,57,carrot in the middle looks like one on top,1,2,2,0,0.09358838389739976,20,20,0.55,0.3152781330405486,0.7694221032240758,0.45454545454545453,0.16748809406370715,0.7662064023406547,0.25,0.08657146910143462,0.49104587170795755,0.44999999999999996,0.3,5.551115123125783e-17,80,0.575,0.4593888114309382,0.6848902345476577,0.41304347826086957,0.2699745778106996,0.5677275924379808,0.2375,0.14945375185664092,0.34577697114026784,0.42500000000000004,0.33749999999999997,5.551115123125783e-17,0.25
yoloworld,495902,7495,57,carrot in the middle looks like one on top,1,2,2,0,0.09358838389739976,40,40,0.55,0.38490679453401333,0.7074116499601201,0.5,0.2822105209380929,0.717789479061907,0.275,0.14600899196386566,0.43888290717904815,0.44999999999999996,0.275,0.0,80,0.575,0.4593888114309382,0.6848902345476577,0.41304347826086957,0.2699745778106996,0.5677275924379808,0.2375,0.14945375185664092,0.34577697114026784,0.42500000000000004,0.33749999999999997,5.551115123125783e-17,0.275
yoloworld,411446,14787,18,black white dog,1,5,5,0,0.20843437889179148,5,5,0.6,0.14663279963467318,0.9472550494736831,1.0,0.29240177382128674,1.0,0.6,0.14663279963467318,0.9472550494736831,0.4,0.0,0.0,80,0.375,0.2691931699468049,0.4903547644071125,1.0,0.8842966917779722,1.0,0.375,0.2691931699468049,0.4903547644071125,0.625,0.0,0.0,0.6
yoloworld,411446,14787,18,black white dog,1,5,5,0,0.20843437889179148,10,10,0.6,0.2623780766069451,0.8784477418801728,1.0,0.5407418735600996,1.0,0.6,0.2623780766069451,0.8784477418801728,0.4,0.0,0.0,80,0.375,0.2691931699468049,0.4903547644071125,1.0,0.8842966917779722,1.0,0.375,0.2691931699468049,0.4903547644071125,0.625,0.0,0.0,0.6
yoloworld,411446,14787,18,black white dog,1,5,5,0,0.20843437889179148,20,20,0.7,0.4572108177237109,0.8810684095942722,1.0,0.7683642383498835,1.0,0.7,0.4572108177237109,0.8810684095942722,0.30000000000000004,0.0,0.0,80,0.375,0.2691931699468049,0.4903547644071125,1.0,0.8842966917779722,1.0,0.375,0.2691931699468049,0.4903547644071125,0.625,0.0,0.0,0.7
yoloworld,411446,14787,18,black white dog,1,5,5,0,0.20843437889179148,40,40,0.45,0.29258835003987993,0.6150932054659867,1.0,0.8146980318621478,1.0,0.45,0.29258835003987993,0.6150932054659867,0.55,0.0,0.0,80,0.375,0.2691931699468049,0.4903547644071125,1.0,0.8842966917779722,1.0,0.375,0.2691931699468049,0.4903547644071125,0.625,0.0,0.0,0.45
yoloworld,231320,30341,85,far left clock in top row,1,6,5,1,0.9664503666958626,5,5,1.0,0.47817624989501856,1.0,0.6,0.14663279963467318,0.9472550494736831,0.6,0.14663279963467318,0.9472550494736831,0.0,0.4,0.0,80,0.9375,0.8601429247023609,0.9793969276979898,0.49333333333333335,0.37584816382870095,0.6113610214084806,0.4625,0.35027642653839836,0.5775824719951649,0.0625,0.4749999999999999,5.551115123125783e-17,0.6
yoloworld,231320,30341,85,far left clock in top row,1,6,5,1,0.9664503666958626,10,10,0.9,0.5549838829718046,0.9974714214555382,0.5555555555555556,0.21200850677886804,0.8630043377348335,0.5,0.18708602844739855,0.8129139715526015,0.09999999999999998,0.39999999999999997,5.551115123125783e-17,80,0.9375,0.8601429247023609,0.9793969276979898,0.49333333333333335,0.37584816382870095,0.6113610214084806,0.4625,0.35027642653839836,0.5775824719951649,0.0625,0.4749999999999999,5.551115123125783e-17,0.5
yoloworld,231320,30341,85,far left clock in top row,1,6,5,1,0.9664503666958626,20,20,0.95,0.7512672372279723,0.9987349105020502,0.42105263157894735,0.20252143897716282,0.6650021559882646,0.4,0.1911900607253072,0.6394574126925103,0.050000000000000044,0.55,1.1102230246251565e-16,80,0.9375,0.8601429247023609,0.9793969276979898,0.49333333333333335,0.37584816382870095,0.6113610214084806,0.4625,0.35027642653839836,0.5775824719951649,0.0625,0.4749999999999999,5.551115123125783e-17,0.4
yoloworld,231320,30341,85,far left clock in top row,1,6,5,1,0.9664503666958626,40,40,0.975,0.8684141415172343,0.9993672550679505,0.4358974358974359,0.27810762967640934,0.6037919829857288,0.425,0.2704290312688629,0.5910994195730366,0.025000000000000022,0.5499999999999999,0.0,80,0.9375,0.8601429247023609,0.9793969276979898,0.49333333333333335,0.37584816382870095,0.6113610214084806,0.4625,0.35027642653839836,0.5775824719951649,0.0625,0.4749999999999999,5.551115123125783e-17,0.425
yoloworld,347167,20163,1,left pair legs,0,0,0,0,0.0,5,0,0.0,,,,,,0.0,,,,,,0,0.0,,,,,,0.0,,,,,,0.0
yoloworld,347167,20163,1,left pair legs,0,0,0,0,0.0,10,0,0.0,,,,,,0.0,,,,,,0,0.0,,,,,,0.0,,,,,,0.0
yoloworld,347167,20163,1,left pair legs,0,0,0,0,0.0,20,0,0.0,,,,,,0.0,,,,,,0,0.0,,,,,,0.0,,,,,,0.0
yoloworld,347167,20163,1,left pair legs,0,0,0,0,0.0,40,0,0.0,,,,,,0.0,,,,,,0,0.0,,,,,,0.0,,,,,,0.0
yoloworld,238070,29804,6,left bus window,1,9,5,1,0.6691815902607191,5,5,1.0,0.47817624989501856,1.0,1.0,0.47817624989501856,1.0,1.0,0.47817624989501856,1.0,0.0,0.0,0.0,80,0.9375,0.8601429247023609,0.9793969276979898,1.0,0.9520049359448577,1.0,0.9375,0.8601429247023609,0.9793969276979898,0.0625,0.0,0.0,1.0
yoloworld,238070,29804,6,left bus window,1,9,5,1,0.6691815902607191,10,10,1.0,0.6915028921812392,1.0,1.0,0.6915028921812392,1.0,1.0,0.6915028921812392,1.0,0.0,0.0,0.0,80,0.9375,0.8601429247023609,0.9793969276979898,1.0,0.9520049359448577,1.0,0.9375,0.8601429247023609,0.9793969276979898,0.0625,0.0,0.0,1.0
yoloworld,238070,29804,6,left bus window,1,9,5,1,0.6691815902607191,20,20,0.95,0.7512672372279723,0.9987349105020502,1.0,0.8235330881930346,1.0,0.95,0.7512672372279723,0.9987349105020502,0.050000000000000044,0.0,0.0,80,0.9375,0.8601429247023609,0.9793969276979898,1.0,0.9520049359448577,1.0,0.9375,0.8601429247023609,0.9793969276979898,0.0625,0.0,0.0,0.95
yoloworld,238070,29804,6,left bus window,1,9,5,1,0.6691815902607191,40,40,0.95,0.8308031360405824,0.9938863534006491,1.0,0.9074872385841217,1.0,0.95,0.8308031360405824,0.9938863534006491,0.050000000000000044,0.0,0.0,80,0.9375,0.8601429247023609,0.9793969276979898,1.0,0.9520049359448577,1.0,0.9375,0.8601429247023609,0.9793969276979898,0.0625,0.0,0.0,0.95
yoloworld,110761,40423,1,center guy of the 5,1,4,4,0,0.0,5,5,1.0,0.47817624989501856,1.0,0.8,0.2835820638819106,0.9949492366205319,0.8,0.2835820638819106,0.9949492366205319,0.0,0.19999999999999996,0.0,80,0.925,0.8438720682639279,0.9719794538231588,0.7567567567567568,0.6430857034113102,0.8490182062799786,0.7,0.587240676918624,0.7974260708533272,0.07499999999999996,0.22499999999999998,1.1102230246251565e-16,0.8
yoloworld,110761,40423,1,center guy of the 5,1,4,4,0,0.0,10,10,1.0,0.6915028921812392,1.0,0.8,0.4439045376923585,0.9747892736731666,0.8,0.4439045376923585,0.9747892736731666,0.0,0.19999999999999996,0.0,80,0.925,0.8438720682639279,0.9719794538231588,0.7567567567567568,0.6430857034113102,0.8490182062799786,0.7,0.587240676918624,0.7974260708533272,0.07499999999999996,0.22499999999999998,1.1102230246251565e-16,0.8
yoloworld,110761,40423,1,center guy of the 5,1,4,4,0,0.0,20,20,1.0,0.8315665290169146,1.0,0.8,0.5633859970033317,0.9426660029499673,0.8,0.5633859970033317,0.9426660029499673,0.0,0.19999999999999996,0.0,80,0.925,0.8438720682639279,0.9719794538231588,0.7567567567567568,0.6430857034113102,0.8490182062799786,0.7,0.587240676918624,0.7974260708533272,0.07499999999999996,0.22499999999999998,1.1102230246251565e-16,0.8
yoloworld,110761,40423,1,center guy of the 5,1,4,4,0,0.0,40,40,0.95,0.8308031360405824,0.9938863534006491,0.7894736842105263,0.6268117163983606,0.9044588845441258,0.75,0.5880380198485702,0.873085201067155,0.050000000000000044,0.19999999999999998,2.7755575615628914e-17,80,0.925,0.8438720682639279,0.9719794538231588,0.7567567567567568,0.6430857034113102,0.8490182062799786,0.7,0.587240676918624,0.7974260708533272,0.07499999999999996,0.22499999999999998,1.1102230246251565e-16,0.75
yoloworld,5424,49588,1,man,1,3,3,1,0.8677866028562455,5,5,0.2,0.005050763379468061,0.7164179361180893,1.0,0.025000000000000022,1.0,0.2,0.005050763379468061,0.7164179361180893,0.8,0.0,0.0,80,0.525,0.4102278413767706,0.6378664183228473,1.0,0.9159161450596449,1.0,0.525,0.4102278413767706,0.6378664183228473,0.475,0.0,0.0,0.2
yoloworld,5424,49588,1,man,1,3,3,1,0.8677866028562455,10,10,0.3,0.0667395111777345,0.6524528500599973,1.0,0.29240177382128674,1.0,0.3,0.0667395111777345,0.6524528500599973,0.7,0.0,0.0,80,0.525,0.4102278413767706,0.6378664183228473,1.0,0.9159161450596449,1.0,0.525,0.4102278413767706,0.6378664183228473,0.475,0.0,0.0,0.3
yoloworld,5424,49588,1,man,1,3,3,1,0.8677866028562455,20,20,0.45,0.2305778967759242,0.6847218669594515,1.0,0.6637328831200572,1.0,0.45,0.2305778967759242,0.6847218669594515,0.55,0.0,0.0,80,0.525,0.4102278413767706,0.6378664183228473,1.0,0.9159161450596449,1.0,0.525,0.4102278413767706,0.6378664183228473,0.475,0.0,0.0,0.45
yoloworld,5424,49588,1,man,1,3,3,1,0.8677866028562455,40,40,0.45,0.29258835003987993,0.6150932054659867,1.0,0.8146980318621478,1.0,0.45,0.29258835003987993,0.6150932054659867,0.55,0.0,0.0,80,0.525,0.4102278413767706,0.6378664183228473,1.0,0.9159161450596449,1.0,0.525,0.4102278413767706,0.6378664183228473,0.475,0.0,0.0,0.45
yoloworld,218863,31431,88,top right bear,1,4,4,0,0.0,5,5,0.0,0.0,0.5218237501049814,,,,0.0,0.0,0.5218237501049814,1.0,0.0,0.0,80,0.1875,0.10891368814752946,0.2903278956476912,1.0,0.781980639089466,1.0,0.1875,0.10891368814752946,0.2903278956476912,0.8125,0.0,0.0,0.0
yoloworld,218863,31431,88,top right bear,1,4,4,0,0.0,10,10,0.2,0.02521072632683339,0.5560954623076415,1.0,0.15811388300841903,1.0,0.2,0.02521072632683339,0.5560954623076415,0.8,0.0,0.0,80,0.1875,0.10891368814752946,0.2903278956476912,1.0,0.781980639089466,1.0,0.1875,0.10891368814752946,0.2903278956476912,0.8125,0.0,0.0,0.2
yoloworld,218863,31431,88,top right bear,1,4,4,0,0.0,20,20,0.15,0.032070937185463715,0.378926826545314,1.0,0.29240177382128674,1.0,0.15,0.032070937185463715,0.378926826545314,0.85,0.0,0.0,80,0.1875,0.10891368814752946,0.2903278956476912,1.0,0.781980639089466,1.0,0.1875,0.10891368814752946,0.2903278956476912,0.8125,0.0,0.0,0.15
yoloworld,218863,31431,88,top right bear,1,4,4,0,0.0,40,40,0.1,0.027925415294219314,0.2366373998760999,1.0,0.3976353643835254,1.0,0.1,0.027925415294219314,0.2366373998760999,0.9,0.0,0.0,80,0.1875,0.10891368814752946,0.2903278956476912,1.0,0.781980639089466,1.0,0.1875,0.10891368814752946,0.2903278956476912,0.8125,0.0,0.0,0.1
yoloworld,80590,42969,44,purple bottle,1,10,5,1,0.9334146518107881,5,5,1.0,0.47817624989501856,1.0,0.4,0.05274495052631693,0.8533672003653268,0.4,0.05274495052631693,0.8533672003653268,0.0,0.6,0.0,80,0.9625,0.8942980149834914,0.9921988127342833,0.6883116883116883,0.5725724733066168,0.7890531577440919,0.6625,0.5480943856258318,0.7644738620163491,0.03749999999999998,0.3,5.551115123125783e-17,0.4
yoloworld,80590,42969,44,purple bottle,1,10,5,1,0.9334146518107881,10,10,1.0,0.6915028921812392,1.0,0.5,0.18708602844739855,0.8129139715526015,0.5,0.18708602844739855,0.8129139715526015,0.0,0.5,0.0,80,0.9625,0.8942980149834914,0.9921988127342833,0.6883116883116883,0.5725724733066168,0.7890531577440919,0.6625,0.5480943856258318,0.7644738620163491,0.03749999999999998,0.3,5.551115123125783e-17,0.5
yoloworld,80590,42969,44,purple bottle,1,10,5,1,0.9334146518107881,20,20,1.0,0.8315665290169146,1.0,0.6,0.3605425873074897,0.8088099392746928,0.6,0.3605425873074897,0.8088099392746928,0.0,0.4,0.0,80,0.9625,0.8942980149834914,0.9921988127342833,0.6883116883116883,0.5725724733066168,0.7890531577440919,0.6625,0.5480943856258318,0.7644738620163491,0.03749999999999998,0.3,5.551115123125783e-17,0.6
yoloworld,80590,42969,44,purple bottle,1,10,5,1,0.9334146518107881,40,40,1.0,0.9119026971211976,1.0,0.6,0.4332670521932967,0.7513500134122563,0.6,0.4332670521932967,0.7513500134122563,0.0,0.4,0.0,80,0.9625,0.8942980149834914,0.9921988127342833,0.6883116883116883,0.5725724733066168,0.7890531577440919,0.6625,0.5480943856258318,0.7644738620163491,0.03749999999999998,0.3,5.551115123125783e-17,0.6
yoloworld,80471,42996,1,third from right guy,1,3,3,0,0.0,5,5,1.0,0.47817624989501856,1.0,1.0,0.47817624989501856,1.0,1.0,0.47817624989501856,1.0,0.0,0.0,0.0,80,0.925,0.8438720682639279,0.9719794538231588,0.972972972972973,0.9057556605154807,0.9967099772818934,0.9,0.8124348925365684,0.955829059846371,0.07499999999999996,0.024999999999999953,6.938893903907228e-17,1.0
yoloworld,80471,42996,1,third from right guy,1,3,3,0,0.0,10,10,1.0,0.6915028921812392,1.0,1.0,0.6915028921812392,1.0,1.0,0.6915028921812392,1.0,0.0,0.0,0.0,80,0.925,0.8438720682639279,0.9719794538231588,0.972972972972973,0.9057556605154807,0.9967099772818934,0.9,0.8124348925365684,0.955829059846371,0.07499999999999996,0.024999999999999953,6.938893903907228e-17,1.0
yoloworld,80471,42996,1,third from right guy,1,3,3,0,0.0,20,20,1.0,0.8315665290169146,1.0,1.0,0.8315665290169146,1.0,1.0,0.8315665290169146,1.0,0.0,0.0,0.0,80,0.925,0.8438720682639279,0.9719794538231588,0.972972972972973,0.9057556605154807,0.9967099772818934,0.9,0.8124348925365684,0.955829059846371,0.07499999999999996,0.024999999999999953,6.938893903907228e-17,1.0
yoloworld,80471,42996,1,third from right guy,1,3,3,0,0.0,40,40,0.95,0.8308031360405824,0.9938863534006491,0.9736842105263158,0.8619009702075799,0.9993339637957976,0.925,0.796135251267101,0.9842578201489585,0.050000000000000044,0.02499999999999997,5.898059818321144e-17,80,0.925,0.8438720682639279,0.9719794538231588,0.972972972972973,0.9057556605154807,0.9967099772818934,0.9,0.8124348925365684,0.955829059846371,0.07499999999999996,0.024999999999999953,6.938893903907228e-17,0.925
yoloworld,30203,47409,1,girl,0,1,0,1,0.9665592516413009,5,0,0.0,,,,,,0.0,,,,,,0,0.0,,,,,,0.0,,,,,,0.0
yoloworld,30203,47409,1,girl,0,1,0,1,0.9665592516413009,10,0,0.0,,,,,,0.0,,,,,,0,0.0,,,,,,0.0,,,,,,0.0
yoloworld,30203,47409,1,girl,0,1,0,1,0.9665592516413009,20,0,0.0,,,,,,0.0,,,,,,0,0.0,,,,,,0.0,,,,,,0.0
yoloworld,30203,47409,1,girl,0,1,0,1,0.9665592516413009,40,0,0.0,,,,,,0.0,,,,,,0,0.0,,,,,,0.0,,,,,,0.0
yoloworld,86459,42500,18,koo koo dog,1,2,2,1,0.9601119435701639,5,5,0.8,0.2835820638819106,0.9949492366205319,1.0,0.3976353643835254,1.0,0.8,0.2835820638819106,0.9949492366205319,0.19999999999999996,0.0,0.0,80,0.975,0.9125928440694078,0.9969579138351904,1.0,0.9538075796719513,1.0,0.975,0.9125928440694078,0.9969579138351904,0.025000000000000022,0.0,0.0,0.8
yoloworld,86459,42500,18,koo koo dog,1,2,2,1,0.9601119435701639,10,10,0.9,0.5549838829718046,0.9974714214555382,1.0,0.6637328831200572,1.0,0.9,0.5549838829718046,0.9974714214555382,0.09999999999999998,0.0,0.0,80,0.975,0.9125928440694078,0.9969579138351904,1.0,0.9538075796719513,1.0,0.975,0.9125928440694078,0.9969579138351904,0.025000000000000022,0.0,0.0,0.9
yoloworld,86459,42500,18,koo koo dog,1,2,2,1,0.9601119435701639,20,20,0.95,0.7512672372279723,0.9987349105020502,1.0,0.8235330881930346,1.0,0.95,0.7512672372279723,0.9987349105020502,0.050000000000000044,0.0,0.0,80,0.975,0.9125928440694078,0.9969579138351904,1.0,0.9538075796719513,1.0,0.975,0.9125928440694078,0.9969579138351904,0.025000000000000022,0.0,0.0,0.95
yoloworld,86459,42500,18,koo koo dog,1,2,2,1,0.9601119435701639,40,40,0.95,0.8308031360405824,0.9938863534006491,1.0,0.9074872385841217,1.0,0.95,0.8308031360405824,0.9938863534006491,0.050000000000000044,0.0,0.0,80,0.975,0.9125928440694078,0.9969579138351904,1.0,0.9538075796719513,1.0,0.975,0.9125928440694078,0.9969579138351904,0.025000000000000022,0.0,0.0,0.95
yoloworld,433336,12907,1,person on right,1,3,3,1,0.5381088274712373,5,5,1.0,0.47817624989501856,1.0,1.0,0.47817624989501856,1.0,1.0,0.47817624989501856,1.0,0.0,0.0,0.0,80,1.0,0.9549359649323077,1.0,0.95,0.876901263556847,0.9862106060235382,0.95,0.876901263556847,0.9862106060235382,0.0,0.050000000000000044,0.0,1.0
yoloworld,433336,12907,1,person on right,1,3,3,1,0.5381088274712373,10,10,1.0,0.6915028921812392,1.0,1.0,0.6915028921812392,1.0,1.0,0.6915028921812392,1.0,0.0,0.0,0.0,80,1.0,0.9549359649323077,1.0,0.95,0.876901263556847,0.9862106060235382,0.95,0.876901263556847,0.9862106060235382,0.0,0.050000000000000044,0.0,1.0
yoloworld,433336,12907,1,person on right,1,3,3,1,0.5381088274712373,20,20,1.0,0.8315665290169146,1.0,1.0,0.8315665290169146,1.0,1.0,0.8315665290169146,1.0,0.0,0.0,0.0,80,1.0,0.9549359649323077,1.0,0.95,0.876901263556847,0.9862106060235382,0.95,0.876901263556847,0.9862106060235382,0.0,0.050000000000000044,0.0,1.0
yoloworld,433336,12907,1,person on right,1,3,3,1,0.5381088274712373,40,40,1.0,0.9119026971211976,1.0,1.0,0.9119026971211976,1.0,1.0,0.9119026971211976,1.0,0.0,0.0,0.0,80,1.0,0.9549359649323077,1.0,0.95,0.876901263556847,0.9862106060235382,0.95,0.876901263556847,0.9862106060235382,0.0,0.050000000000000044,0.0,1.0
yoloworld,403197,15505,25,giraffe,1,2,2,1,0.9874081538717544,5,5,0.6,0.14663279963467318,0.9472550494736831,1.0,0.29240177382128674,1.0,0.6,0.14663279963467318,0.9472550494736831,0.4,0.0,0.0,80,0.6375,0.5223872787351915,0.7421051046283819,1.0,0.9302229692504613,1.0,0.6375,0.5223872787351915,0.7421051046283819,0.36250000000000004,0.0,0.0,0.6
yoloworld,403197,15505,25,giraffe,1,2,2,1,0.9874081538717544,10,10,0.7,0.34754714994000274,0.9332604888222655,1.0,0.5903836027749967,1.0,0.7,0.34754714994000274,0.9332604888222655,0.30000000000000004,0.0,0.0,80,0.6375,0.5223872787351915,0.7421051046283819,1.0,0.9302229692504613,1.0,0.6375,0.5223872787351915,0.7421051046283819,0.36250000000000004,0.0,0.0,0.7
yoloworld,403197,15505,25,giraffe,1,2,2,1,0.9874081538717544,20,20,0.6,0.3605425873074897,0.8088099392746928,1.0,0.7353515306029488,1.0,0.6,0.3605425873074897,0.8088099392746928,0.4,0.0,0.0,80,0.6375,0.5223872787351915,0.7421051046283819,1.0,0.9302229692504613,1.0,0.6375,0.5223872787351915,0.7421051046283819,0.36250000000000004,0.0,0.0,0.6
yoloworld,403197,15505,25,giraffe,1,2,2,1,0.9874081538717544,40,40,0.55,0.38490679453401333,0.7074116499601201,1.0,0.8456274871844255,1.0,0.55,0.38490679453401333,0.7074116499601201,0.44999999999999996,0.0,0.0,80,0.6375,0.5223872787351915,0.7421051046283819,1.0,0.9302229692504613,1.0,0.6375,0.5223872787351915,0.7421051046283819,0.36250000000000004,0.0,0.0,0.55
yoloworld,242539,29433,1,man sitting on edge by bats,1,2,2,1,0.9020648283375589,5,5,0.6,0.14663279963467318,0.9472550494736831,1.0,0.29240177382128674,1.0,0.6,0.14663279963467318,0.9472550494736831,0.4,0.0,0.0,80,0.55,0.43467397909415295,0.6615136155101845,1.0,0.9195800602364241,1.0,0.55,0.43467397909415295,0.6615136155101845,0.44999999999999996,0.0,0.0,0.6
yoloworld,242539,29433,1,man sitting on edge by bats,1,2,2,1,0.9020648283375589,10,10,0.5,0.18708602844739855,0.8129139715526015,1.0,0.47817624989501856,1.0,0.5,0.18708602844739855,0.8129139715526015,0.5,0.0,0.0,80,0.55,0.43467397909415295,0.6615136155101845,1.0,0.9195800602364241,1.0,0.55,0.43467397909415295,0.6615136155101845,0.44999999999999996,0.0,0.0,0.5
yoloworld,242539,29433,1,man sitting on edge by bats,1,2,2,1,0.9020648283375589,20,20,0.5,0.27195784956079183,0.7280421504392082,1.0,0.6915028921812392,1.0,0.5,0.27195784956079183,0.7280421504392082,0.5,0.0,0.0,80,0.55,0.43467397909415295,0.6615136155101845,1.0,0.9195800602364241,1.0,0.55,0.43467397909415295,0.6615136155101845,0.44999999999999996,0.0,0.0,0.5
yoloworld,242539,29433,1,man sitting on edge by bats,1,2,2,1,0.9020648283375589,40,40,0.475,0.31511970663498623,0.6387198647359378,1.0,0.8235330881930346,1.0,0.475,0.31511970663498623,0.6387198647359378,0.525,0.0,0.0,80,0.55,0.43467397909415295,0.6615136155101845,1.0,0.9195800602364241,1.0,0.55,0.43467397909415295,0.6615136155101845,0.44999999999999996,0.0,0.0,0.475
yoloworld,392180,16471,6,left front bus,1,6,5,0,0.0215380225796436,5,5,0.8,0.2835820638819106,0.9949492366205319,0.75,0.19412044968324346,0.9936905367902902,0.6,0.14663279963467318,0.9472550494736831,0.19999999999999996,0.2,5.551115123125783e-17,80,0.5875,0.4718483404252045,0.6964754070624058,0.851063829787234,0.7169424657567027,0.9379558818780019,0.5,0.38604788336490925,0.6139521166350907,0.4125,0.0875,2.7755575615628914e-17,0.6
yoloworld,392180,16471,6,left front bus,1,6,5,0,0.0215380225796436,10,10,0.7,0.34754714994000274,0.9332604888222655,0.7142857142857143,0.29042086373734277,0.9633074338239145,0.5,0.18708602844739855,0.8129139715526015,0.30000000000000004,0.19999999999999998,2.7755575615628914e-17,80,0.5875,0.4718483404252045,0.6964754070624058,0.851063829787234,0.7169424657567027,0.9379558818780019,0.5,0.38604788336490925,0.6139521166350907,0.4125,0.0875,2.7755575615628914e-17,0.5
yoloworld,392180,16471,6,left front bus,1,6,5,0,0.0215380225796436,20,20,0.65,0.4078114654671719,0.8460907952154588,0.8461538461538461,0.5455289443234423,0.9807933280174715,0.55,0.3152781330405486,0.7694221032240758,0.35,0.1,2.7755575615628914e-17,80,0.5875,0.4718483404252045,0.6964754070624058,0.851063829787234,0.7169424657567027,0.9379558818780019,0.5,0.38604788336490925,0.6139521166350907,0.4125,0.0875,2.7755575615628914e-17,0.55
yoloworld,392180,16471,6,left front bus,1,6,5,0,0.0215380225796436,40,40,0.65,0.48315554635100944,0.793717509129233,0.9230769230769231,0.7486970833046261,0.9905446089962873,0.6,0.4332670521932967,0.7513500134122563,0.35,0.04999999999999997,7.632783294297951e-17,80,0.5875,0.4718483404252045,0.6964754070624058,0.851063829787234,0.7169424657567027,0.9379558818780019,0.5,0.38604788336490925,0.6139521166350907,0.4125,0.0875,2.7755575615628914e-17,0.6
yoloworld,510680,6222,52,left center banna,0,0,0,0,0.0,5,0,0.0,,,,,,0.0,,,,,,0,0.0,,,,,,0.0,,,,,,0.0
yoloworld,510680,6222,52,left center banna,0,0,0,0,0.0,10,0,0.0,,,,,,0.0,,,,,,0,0.0,,,,,,0.0,,,,,,0.0
yoloworld,510680,6222,52,left center banna,0,0,0,0,0.0,20,0,0.0,,,,,,0.0,,,,,,0,0.0,,,,,,0.0,,,,,,0.0
yoloworld,510680,6222,52,left center banna,0,0,0,0,0.0,40,0,0.0,,,,,,0.0,,,,,,0,0.0,,,,,,0.0,,,,,,0.0
yoloworld,355779,19410,1,girl holding a cat,1,3,3,0,0.2379401779415357,5,5,0.8,0.2835820638819106,0.9949492366205319,0.25,0.0063094632097098705,0.8058795503167565,0.2,0.005050763379468061,0.7164179361180893,0.19999999999999996,0.6000000000000001,0.0,80,0.8875,0.7971534080830098,0.9472484868543125,0.38028169014084506,0.26760355949375386,0.5032792999655202,0.3375,0.23552613798365088,0.4519056143741682,0.11250000000000004,0.55,1.1102230246251565e-16,0.2
yoloworld,355779,19410,1,girl holding a cat,1,3,3,0,0.2379401779415357,10,10,0.9,0.5549838829718046,0.9974714214555382,0.3333333333333333,0.07485463141969183,0.7007049437914596,0.3,0.0667395111777345,0.6524528500599973,0.09999999999999998,0.6000000000000001,1.1102230246251565e-16,80,0.8875,0.7971534080830098,0.9472484868543125,0.38028169014084506,0.26760355949375386,0.5032792999655202,0.3375,0.23552613798365088,0.4519056143741682,0.11250000000000004,0.55,1.1102230246251565e-16,0.3
yoloworld,355779,19410,1,girl holding a cat,1,3,3,0,0.2379401779415357,20,20,0.8,0.5633859970033317,0.9426660029499673,0.4375,0.1975341405326679,0.7012231009168222,0.35,0.15390920478454118,0.5921885345328282,0.19999999999999996,0.45,5.551115123125783e-17,80,0.8875,0.7971534080830098,0.9472484868543125,0.38028169014084506,0.26760355949375386,0.5032792999655202,0.3375,0.23552613798365088,0.4519056143741682,0.11250000000000004,0.55,1.1102230246251565e-16,0.35
yoloworld,355779,19410,1,girl holding a cat,1,3,3,0,0.2379401779415357,40,40,0.9,0.7633626001239001,0.9720745847057807,0.4444444444444444,0.2793541919668476,0.6190232059106163,0.4,0.24864998658774376,0.5667329478067034,0.09999999999999998,0.5,0.0,80,0.8875,0.7971534080830098,0.9472484868543125,0.38028169014084506,0.26760355949375386,0.5032792999655202,0.3375,0.23552613798365088,0.4519056143741682,0.11250000000000004,0.55,1.1102230246251565e-16,0.4
yoloworld,2823,49786,4,red bike on the far left,1,7,5,0,0.2902601751457713,5,5,0.6,0.14663279963467318,0.9472550494736831,1.0,0.29240177382128674,1.0,0.6,0.14663279963467318,0.9472550494736831,0.4,0.0,0.0,80,0.525,0.4102278413767706,0.6378664183228473,0.9285714285714286,0.8051688018435087,0.98502030832929,0.4875,0.37405748144443896,0.6018953312968145,0.475,0.037499999999999985,6.938893903907228e-18,0.6
yoloworld,2823,49786,4,red bike on the far left,1,7,5,0,0.2902601751457713,10,10,0.6,0.2623780766069451,0.8784477418801728,1.0,0.5407418735600996,1.0,0.6,0.2623780766069451,0.8784477418801728,0.4,0.0,0.0,80,0.525,0.4102278413767706,0.6378664183228473,0.9285714285714286,0.8051688018435087,0.98502030832929,0.4875,0.37405748144443896,0.6018953312968145,0.475,0.037499999999999985,6.938893903907228e-18,0.6
yoloworld,2823,49786,4,red bike on the far left,1,7,5,0,0.2902601751457713,20,20,0.55,0.3152781330405486,0.7694221032240758,1.0,0.7150858470818456,1.0,0.55,0.3152781330405486,0.7694221032240758,0.44999999999999996,0.0,0.0,80,0.525,0.4102278413767706,0.6378664183228473,0.9285714285714286,0.8051688018435087,0.98502030832929,0.4875,0.37405748144443896,0.6018953312968145,0.475,0.037499999999999985,6.938893903907228e-18,0.55
yoloworld,2823,49786,4,red bike on the far left,1,7,5,0,0.2902601751457713,40,40,0.625,0.4580147522326109,0.772737277518174,0.92,0.7396941578947859,0.9901604099812025,0.575,0.40890058042696337,0.7295709687311371,0.375,0.049999999999999975,6.938893903907228e-17,80,0.525,0.4102278413767706,0.6378664183228473,0.9285714285714286,0.8051688018435087,0.98502030832929,0.4875,0.37405748144443896,0.6018953312968145,0.475,0.037499999999999985,6.938893903907228e-18,0.575
yoloworld,162283,36086,1,red shirt,1,3,3,0,0.19791780442704307,5,5,0.8,0.2835820638819106,0.9949492366205319,1.0,0.3976353643835254,1.0,0.8,0.2835820638819106,0.9949492366205319,0.19999999999999996,0.0,0.0,80,0.7875,0.6817141914403442,0.8710635049024182,1.0,0.9431276476679837,1.0,0.7875,0.6817141914403442,0.8710635049024182,0.21250000000000002,0.0,0.0,0.8
yoloworld,162283,36086,1,red shirt,1,3,3,0,0.19791780442704307,10,10,0.9,0.5549838829718046,0.9974714214555382,1.0,0.6637328831200572,1.0,0.9,0.5549838829718046,0.9974714214555382,0.09999999999999998,0.0,0.0,80,0.7875,0.6817141914403442,0.8710635049024182,1.0,0.9431276476679837,1.0,0.7875,0.6817141914403442,0.8710635049024182,0.21250000000000002,0.0,0.0,0.9
yoloworld,162283,36086,1,red shirt,1,3,3,0,0.19791780442704307,20,20,0.85,0.6210731734546859,0.9679290628145363,1.0,0.8049356770309068,1.0,0.85,0.6210731734546859,0.9679290628145363,0.15000000000000002,0.0,0.0,80,0.7875,0.6817141914403442,0.8710635049024182,1.0,0.9431276476679837,1.0,0.7875,0.6817141914403442,0.8710635049024182,0.21250000000000002,0.0,0.0,0.85
yoloworld,162283,36086,1,red shirt,1,3,3,0,0.19791780442704307,40,40,0.825,0.6722098666384142,0.9266172706479148,1.0,0.8942371899254207,1.0,0.825,0.6722098666384142,0.9266172706479148,0.17500000000000004,0.0,0.0,80,0.7875,0.6817141914403442,0.8710635049024182,1.0,0.9431276476679837,1.0,0.7875,0.6817141914403442,0.8710635049024182,0.21250000000000002,0.0,0.0,0.825
yoloworld,100209,41256,1,kid,0,1,0,1,0.9572140053402465,5,0,0.0,,,,,,0.0,,,,,,0,0.0,,,,,,0.0,,,,,,0.0
yoloworld,100209,41256,1,kid,0,1,0,1,0.9572140053402465,10,0,0.0,,,,,,0.0,,,,,,0,0.0,,,,,,0.0,,,,,,0.0
yoloworld,100209,41256,1,kid,0,1,0,1,0.9572140053402465,20,0,0.0,,,,,,0.0,,,,,,0,0.0,,,,,,0.0,,,,,,0.0
yoloworld,100209,41256,1,kid,0,1,0,1,0.9572140053402465,40,0,0.0,,,,,,0.0,,,,,,0,0.0,,,,,,0.0,,,,,,0.0
yoloworld,498770,7244,56,brocolli on right front corner,1,3,3,0,0.3801947317533748,5,5,0.6,0.14663279963467318,0.9472550494736831,0.3333333333333333,0.008403758659612645,0.9057006759497539,0.2,0.005050763379468061,0.7164179361180893,0.4,0.4,0.0,80,0.625,0.5096452355928875,0.7308068300531951,0.56,0.4125441229416732,0.7000927790724563,0.35,0.2466719364725351,0.4647968854793358,0.375,0.27499999999999997,5.551115123125783e-17,0.2
yoloworld,498770,7244,56,brocolli on right front corner,1,3,3,0,0.3801947317533748,10,10,0.4,0.1215522581198272,0.7376219233930549,0.25,0.0063094632097098705,0.8058795503167565,0.1,0.0025285785444617865,0.4450161170281954,0.6,0.30000000000000004,0.0,80,0.625,0.5096452355928875,0.7308068300531951,0.56,0.4125441229416732,0.7000927790724563,0.35,0.2466719364725351,0.4647968854793358,0.375,0.27499999999999997,5.551115123125783e-17,0.1
yoloworld,498770,7244,56,brocolli on right front corner,1,3,3,0,0.3801947317533748,20,20,0.5,0.27195784956079183,0.7280421504392082,0.5,0.18708602844739855,0.8129139715526015,0.25,0.08657146910143462,0.49104587170795755,0.5,0.25,0.0,80,0.625,0.5096452355928875,0.7308068300531951,0.56,0.4125441229416732,0.7000927790724563,0.35,0.2466719364725351,0.4647968854793358,0.375,0.27499999999999997,5.551115123125783e-17,0.25
yoloworld,498770,7244,56,brocolli on right front corner,1,3,3,0,0.3801947317533748,40,40,0.55,0.38490679453401333,0.7074116499601201,0.6818181818181818,0.45127557242622957,0.8613534784462021,0.375,0.22726272248182594,0.5419852477673891,0.44999999999999996,0.17500000000000004,0.0,80,0.625,0.5096452355928875,0.7308068300531951,0.56,0.4125441229416732,0.7000927790724563,0.35,0.2466719364725351,0.4647968854793358,0.375,0.27499999999999997,5.551115123125783e-17,0.375
yoloworld,232371,30262,25,taller girraff,0,1,0,1,0.5222102062787032,5,0,0.0,,,,,,0.0,,,,,,0,0.0,,,,,,0.0,,,,,,0.0
yoloworld,232371,30262,25,taller girraff,0,1,0,1,0.5222102062787032,10,0,0.0,,,,,,0.0,,,,,,0,0.0,,,,,,0.0,,,,,,0.0
yoloworld,232371,30262,25,taller girraff,0,1,0,1,0.5222102062787032,20,0,0.0,,,,,,0.0,,,,,,0,0.0,,,,,,0.0,,,,,,0.0
yoloworld,232371,30262,25,taller girraff,0,1,0,1,0.5222102062787032,40,0,0.0,,,,,,0.0,,,,,,0,0.0,,,,,,0.0,,,,,,0.0
yoloworld,203034,32811,82,the fridge,1,5,5,0,0.0,5,5,0.6,0.14663279963467318,0.9472550494736831,0.3333333333333333,0.008403758659612645,0.9057006759497539,0.2,0.005050763379468061,0.7164179361180893,0.4,0.4,0.0,80,0.35,0.2466719364725351,0.4647968854793358,0.5357142857142857,0.33869907611460004,0.7248914397034039,0.1875,0.10891368814752946,0.2903278956476912,0.65,0.1625,2.7755575615628914e-17,0.2
yoloworld,203034,32811,82,the fridge,1,5,5,0,0.0,10,10,0.6,0.2623780766069451,0.8784477418801728,0.3333333333333333,0.04327186829274169,0.7772219044964879,0.2,0.02521072632683339,0.5560954623076415,0.4,0.4,0.0,80,0.35,0.2466719364725351,0.4647968854793358,0.5357142857142857,0.33869907611460004,0.7248914397034039,0.1875,0.10891368814752946,0.2903278956476912,0.65,0.1625,2.7755575615628914e-17,0.2
yoloworld,203034,32811,82,the fridge,1,5,5,0,0.0,20,20,0.6,0.3605425873074897,0.8088099392746928,0.4166666666666667,0.15165222980843018,0.7233303143178942,0.25,0.08657146910143462,0.49104587170795755,0.4,0.3499999999999999,5.551115123125783e-17,80,0.35,0.2466719364725351,0.4647968854793358,0.5357142857142857,0.33869907611460004,0.7248914397034039,0.1875,0.10891368814752946,0.2903278956476912,0.65,0.1625,2.7755575615628914e-17,0.25
yoloworld,203034,32811,82,the fridge,1,5,5,0,0.0,40,40,0.55,0.38490679453401333,0.7074116499601201,0.5909090909090909,0.3635469617297313,0.7929068770028509,0.325,0.18572896676334988,0.4912948754784484,0.44999999999999996,0.225,8.326672684688674e-17,80,0.35,0.2466719364725351,0.4647968854793358,0.5357142857142857,0.33869907611460004,0.7248914397034039,0.1875,0.10891368814752946,0.2903278956476912,0.65,0.1625,2.7755575615628914e-17,0.325
yoloworld,226840,30694,24,zebra on right,1,8,5,0,0.02800709815910137,5,5,0.8,0.2835820638819106,0.9949492366205319,0.25,0.0063094632097098705,0.8058795503167565,0.2,0.005050763379468061,0.7164179361180893,0.19999999999999996,0.6000000000000001,0.0,80,0.625,0.5096452355928875,0.7308068300531951,0.8,0.6628168916165122,0.899697762527429,0.5,0.38604788336490925,0.6139521166350907,0.375,0.12499999999999997,2.7755575615628914e-17,0.2
yoloworld,226840,30694,24,zebra on right,1,8,5,0,0.02800709815910137,10,10,0.8,0.4439045376923585,0.9747892736731666,0.5,0.15701277048705797,0.842987229512942,0.4,0.1215522581198272,0.7376219233930549,0.19999999999999996,0.4,0.0,80,0.625,0.5096452355928875,0.7308068300531951,0.8,0.6628168916165122,0.899697762527429,0.5,0.38604788336490925,0.6139521166350907,0.375,0.12499999999999997,2.7755575615628914e-17,0.4
yoloworld,226840,30694,24,zebra on right,1,8,5,0,0.02800709815910137,20,20,0.75,0.5089541282920425,0.9134285308985653,0.6,0.3228697662062817,0.8366356761404865,0.45,0.2305778967759242,0.6847218669594515,0.25,0.30000000000000004,0.0,80,0.625,0.5096452355928875,0.7308068300531951,0.8,0.6628168916165122,0.899697762527429,0.5,0.38604788336490925,0.6139521166350907,0.375,0.12499999999999997,2.7755575615628914e-17,0.45
yoloworld,226840,30694,24,zebra on right,1,8,5,0,0.02800709815910137,40,40,0.725,0.5611170928209519,0.8539910080361344,0.7931034482758621,0.6027530507727605,0.9200581511239199,0.575,0.40890058042696337,0.7295709687311371,0.275,0.14999999999999997,5.551115123125783e-17,80,0.625,0.5096452355928875,0.7308068300531951,0.8,0.6628168916165122,0.899697762527429,0.5,0.38604788336490925,0.6139521166350907,0.375,0.12499999999999997,2.7755575615628914e-17,0.575
yoloworld,24939,47859,1,wii bowler,0,0,0,0,0.0,5,0,0.0,,,,,,0.0,,,,,,0,0.0,,,,,,0.0,,,,,,0.0
yoloworld,24939,47859,1,wii bowler,0,0,0,0,0.0,10,0,0.0,,,,,,0.0,,,,,,0,0.0,,,,,,0.0,,,,,,0.0
yoloworld,24939,47859,1,wii bowler,0,0,0,0,0.0,20,0,0.0,,,,,,0.0,,,,,,0,0.0,,,,,,0.0,,,,,,0.0
yoloworld,24939,47859,1,wii bowler,0,0,0,0,0.0,40,0,0.0,,,,,,0.0,,,,,,0,0.0,,,,,,0.0,,,,,,0.0
yoloworld,532595,4313,46,wine glass on the left,1,3,3,1,0.9021619416132939,5,5,0.8,0.2835820638819106,0.9949492366205319,0.5,0.06758598648854298,0.932414013511457,0.4,0.05274495052631693,0.8533672003653268,0.19999999999999996,0.4,0.0,80,0.75,0.64063652409315,0.8401203554931442,0.8333333333333334,0.7147807451712973,0.9170711898409363,0.625,0.5096452355928875,0.7308068300531951,0.25,0.12499999999999997,2.7755575615628914e-17,0.4
yoloworld,532595,4313,46,wine glass on the left,1,3,3,1,0.9021619416132939,10,10,0.8,0.4439045376923585,0.9747892736731666,0.75,0.34914420558717585,0.9681459737500557,0.6,0.2623780766069451,0.8784477418801728,0.19999999999999996,0.2,5.551115123125783e-17,80,0.75,0.64063652409315,0.8401203554931442,0.8333333333333334,0.7147807451712973,0.9170711898409363,0.625,0.5096452355928875,0.7308068300531951,0.25,0.12499999999999997,2.7755575615628914e-17,0.6
yoloworld,532595,4313,46,wine glass on the left,1,3,3,1,0.9021619416132939,20,20,0.85,0.6210731734546859,0.9679290628145363,0.5882352941176471,0.3292471539467574,0.8155630382160532,0.5,0.27195784956079183,0.7280421504392082,0.15000000000000002,0.35,0.0,80,0.75,0.64063652409315,0.8401203554931442,0.8333333333333334,0.7147807451712973,0.9170711898409363,0.625,0.5096452355928875,0.7308068300531951,0.25,0.12499999999999997,2.7755575615628914e-17,0.5
yoloworld,532595,4313,46,wine glass on the left,1,3,3,1,0.9021619416132939,40,40,0.775,0.6154883226965773,0.891603361015928,0.7096774193548387,0.5196393417710907,0.857771470902475,0.55,0.38490679453401333,0.7074116499601201,0.22499999999999998,0.22499999999999998,0.0,80,0.75,0.64063652409315,0.8401203554931442,0.8333333333333334,0.7147807451712973,0.9170711898409363,0.625,0.5096452355928875,0.7308068300531951,0.25,0.12499999999999997,2.7755575615628914e-17,0.55
yoloworld,90444,42135,1,guy sitting,1,4,4,0,0.08660976534228323,5,5,1.0,0.47817624989501856,1.0,0.8,0.2835820638819106,0.9949492366205319,0.8,0.2835820638819106,0.9949492366205319,0.0,0.19999999999999996,0.0,80,1.0,0.9549359649323077,1.0,0.5875,0.4718483404252045,0.6964754070624058,0.5875,0.4718483404252045,0.6964754070624058,0.0,0.4125,0.0,0.8
yoloworld,90444,42135,1,guy sitting,1,4,4,0,0.08660976534228323,10,10,1.0,0.6915028921812392,1.0,0.8,0.4439045376923585,0.9747892736731666,0.8,0.4439045376923585,0.9747892736731666,0.0,0.19999999999999996,0.0,80,1.0,0.9549359649323077,1.0,0.5875,0.4718483404252045,0.6964754070624058,0.5875,0.4718483404252045,0.6964754070624058,0.0,0.4125,0.0,0.8
yoloworld,90444,42135,1,guy sitting,1,4,4,0,0.08660976534228323,20,20,1.0,0.8315665290169146,1.0,0.8,0.5633859970033317,0.9426660029499673,0.8,0.5633859970033317,0.9426660029499673,0.0,0.19999999999999996,0.0,80,1.0,0.9549359649323077,1.0,0.5875,0.4718483404252045,0.6964754070624058,0.5875,0.4718483404252045,0.6964754070624058,0.0,0.4125,0.0,0.8
yoloworld,90444,42135,1,guy sitting,1,4,4,0,0.08660976534228323,40,40,1.0,0.9119026971211976,1.0,0.7,0.5346837147458767,0.8343727956067644,0.7,0.5346837147458767,0.8343727956067644,0.0,0.30000000000000004,0.0,80,1.0,0.9549359649323077,1.0,0.5875,0.4718483404252045,0.6964754070624058,0.5875,0.4718483404252045,0.6964754070624058,0.0,0.4125,0.0,0.7
yoloworld,321318,22624,1,right person,1,7,5,0,0.0,5,5,0.6,0.14663279963467318,0.9472550494736831,1.0,0.29240177382128674,1.0,0.6,0.14663279963467318,0.9472550494736831,0.4,0.0,0.0,80,0.6875,0.5741109261435505,0.7865253688912328,1.0,0.9351292391745754,1.0,0.6875,0.5741109261435505,0.7865253688912328,0.3125,0.0,0.0,0.6
yoloworld,321318,22624,1,right person,1,7,5,0,0.0,10,10,0.6,0.2623780766069451,0.8784477418801728,1.0,0.5407418735600996,1.0,0.6,0.2623780766069451,0.8784477418801728,0.4,0.0,0.0,80,0.6875,0.5741109261435505,0.7865253688912328,1.0,0.9351292391745754,1.0,0.6875,0.5741109261435505,0.7865253688912328,0.3125,0.0,0.0,0.6
yoloworld,321318,22624,1,right person,1,7,5,0,0.0,20,20,0.6,0.3605425873074897,0.8088099392746928,1.0,0.7353515306029488,1.0,0.6,0.3605425873074897,0.8088099392746928,0.4,0.0,0.0,80,0.6875,0.5741109261435505,0.7865253688912328,1.0,0.9351292391745754,1.0,0.6875,0.5741109261435505,0.7865253688912328,0.3125,0.0,0.0,0.6
yoloworld,321318,22624,1,right person,1,7,5,0,0.0,40,40,0.675,0.5087051245215516,0.8142710332366501,1.0,0.8722971323845676,1.0,0.675,0.5087051245215516,0.8142710332366501,0.32499999999999996,0.0,0.0,80,0.6875,0.5741109261435505,0.7865253688912328,1.0,0.9351292391745754,1.0,0.6875,0.5741109261435505,0.7865253688912328,0.3125,0.0,0.0,0.675
yoloworld,320137,22746,1,man in white,1,2,2,1,0.9556595333011225,5,5,1.0,0.47817624989501856,1.0,1.0,0.47817624989501856,1.0,1.0,0.47817624989501856,1.0,0.0,0.0,0.0,80,1.0,0.9549359649323077,1.0,1.0,0.9549359649323077,1.0,1.0,0.9549359649323077,1.0,0.0,0.0,0.0,1.0
yoloworld,320137,22746,1,man in white,1,2,2,1,0.9556595333011225,10,10,0.9,0.5549838829718046,0.9974714214555382,1.0,0.6637328831200572,1.0,0.9,0.5549838829718046,0.9974714214555382,0.09999999999999998,0.0,0.0,80,1.0,0.9549359649323077,1.0,1.0,0.9549359649323077,1.0,1.0,0.9549359649323077,1.0,0.0,0.0,0.0,0.9
yoloworld,320137,22746,1,man in white,1,2,2,1,0.9556595333011225,20,20,0.95,0.7512672372279723,0.9987349105020502,1.0,0.8235330881930346,1.0,0.95,0.7512672372279723,0.9987349105020502,0.050000000000000044,0.0,0.0,80,1.0,0.9549359649323077,1.0,1.0,0.9549359649323077,1.0,1.0,0.9549359649323077,1.0,0.0,0.0,0.0,0.95
yoloworld,320137,22746,1,man in white,1,2,2,1,0.9556595333011225,40,40,0.975,0.8684141415172343,0.9993672550679505,1.0,0.9097488990396657,1.0,0.975,0.8684141415172343,0.9993672550679505,0.025000000000000022,0.0,0.0,80,1.0,0.9549359649323077,1.0,1.0,0.9549359649323077,1.0,1.0,0.9549359649323077,1.0,0.0,0.0,0.0,0.975
yoloworld,420831,14049,84,the complete short stories book,0,1,0,0,0.0,5,0,0.0,,,,,,0.0,,,,,,0,0.0,,,,,,0.0,,,,,,0.0
yoloworld,420831,14049,84,the complete short stories book,0,1,0,0,0.0,10,0,0.0,,,,,,0.0,,,,,,0,0.0,,,,,,0.0,,,,,,0.0
yoloworld,420831,14049,84,the complete short stories book,0,1,0,0,0.0,20,0,0.0,,,,,,0.0,,,,,,0,0.0,,,,,,0.0,,,,,,0.0
yoloworld,420831,14049,84,the complete short stories book,0,1,0,0,0.0,40,0,0.0,,,,,,0.0,,,,,,0,0.0,,,,,,0.0,,,,,,0.0
yoloworld,78578,43154,1,far person left in the dark,1,5,5,0,0.0,5,5,0.2,0.005050763379468061,0.7164179361180893,1.0,0.025000000000000022,1.0,0.2,0.005050763379468061,0.7164179361180893,0.8,0.0,0.0,80,0.4,0.29200935625531044,0.5156230595045106,1.0,0.8911188393206472,1.0,0.4,0.29200935625531044,0.5156230595045106,0.6,0.0,0.0,0.2
yoloworld,78578,43154,1,far person left in the dark,1,5,5,0,0.0,10,10,0.2,0.02521072632683339,0.5560954623076415,1.0,0.15811388300841903,1.0,0.2,0.02521072632683339,0.5560954623076415,0.8,0.0,0.0,80,0.4,0.29200935625531044,0.5156230595045106,1.0,0.8911188393206472,1.0,0.4,0.29200935625531044,0.5156230595045106,0.6,0.0,0.0,0.2
yoloworld,78578,43154,1,far person left in the dark,1,5,5,0,0.0,20,20,0.3,0.1189315904057277,0.5427891822762891,1.0,0.5407418735600996,1.0,0.3,0.1189315904057277,0.5427891822762891,0.7,0.0,0.0,80,0.4,0.29200935625531044,0.5156230595045106,1.0,0.8911188393206472,1.0,0.4,0.29200935625531044,0.5156230595045106,0.6,0.0,0.0,0.3
yoloworld,78578,43154,1,far person left in the dark,1,5,5,0,0.0,40,40,0.375,0.22726272248182594,0.5419852477673891,1.0,0.781980639089466,1.0,0.375,0.22726272248182594,0.5419852477673891,0.625,0.0,0.0,80,0.4,0.29200935625531044,0.5156230595045106,1.0,0.8911188393206472,1.0,0.4,0.29200935625531044,0.5156230595045106,0.6,0.0,0.0,0.375
yoloworld,298983,24617,19,right hrse,0,1,0,0,0.3035946949313449,5,0,0.0,,,,,,0.0,,,,,,0,0.0,,,,,,0.0,,,,,,0.0
yoloworld,298983,24617,19,right hrse,0,1,0,0,0.3035946949313449,10,0,0.0,,,,,,0.0,,,,,,0,0.0,,,,,,0.0,,,,,,0.0
yoloworld,298983,24617,19,right hrse,0,1,0,0,0.3035946949313449,20,0,0.0,,,,,,0.0,,,,,,0,0.0,,,,,,0.0,,,,,,0.0
yoloworld,298983,24617,19,right hrse,0,1,0,0,0.3035946949313449,40,0,0.0,,,,,,0.0,,,,,,0,0.0,,,,,,0.0,,,,,,0.0
yoloworld,1298,49892,1,fatty in center frame,0,0,0,0,0.0,5,0,0.0,,,,,,0.0,,,,,,0,0.0,,,,,,0.0,,,,,,0.0
yoloworld,1298,49892,1,fatty in center frame,0,0,0,0,0.0,10,0,0.0,,,,,,0.0,,,,,,0,0.0,,,,,,0.0,,,,,,0.0
yoloworld,1298,49892,1,fatty in center frame,0,0,0,0,0.0,20,0,0.0,,,,,,0.0,,,,,,0,0.0,,,,,,0.0,,,,,,0.0
yoloworld,1298,49892,1,fatty in center frame,0,0,0,0,0.0,40,0,0.0,,,,,,0.0,,,,,,0,0.0,,,,,,0.0,,,,,,0.0
yoloworld,154911,36685,1,guy by the red wall with arms crossed,1,15,5,1,0.9651927094346148,5,5,1.0,0.47817624989501856,1.0,0.4,0.05274495052631693,0.8533672003653268,0.4,0.05274495052631693,0.8533672003653268,0.0,0.6,0.0,80,1.0,0.9549359649323077,1.0,0.2125,0.12893649509758176,0.3182858085596558,0.2125,0.12893649509758176,0.3182858085596558,0.0,0.7875,0.0,0.4
yoloworld,154911,36685,1,guy by the red wall with arms crossed,1,15,5,1,0.9651927094346148,10,10,1.0,0.6915028921812392,1.0,0.3,0.0667395111777345,0.6524528500599973,0.3,0.0667395111777345,0.6524528500599973,0.0,0.7,0.0,80,1.0,0.9549359649323077,1.0,0.2125,0.12893649509758176,0.3182858085596558,0.2125,0.12893649509758176,0.3182858085596558,0.0,0.7875,0.0,0.3
yoloworld,154911,36685,1,guy by the red wall with arms crossed,1,15,5,1,0.9651927094346148,20,20,1.0,0.8315665290169146,1.0,0.3,0.1189315904057277,0.5427891822762891,0.3,0.1189315904057277,0.5427891822762891,0.0,0.7,0.0,80,1.0,0.9549359649323077,1.0,0.2125,0.12893649509758176,0.3182858085596558,0.2125,0.12893649509758176,0.3182858085596558,0.0,0.7875,0.0,0.3
yoloworld,154911,36685,1,guy by the red wall with arms crossed,1,15,5,1,0.9651927094346148,40,40,1.0,0.9119026971211976,1.0,0.275,0.14600899196386566,0.43888290717904815,0.275,0.14600899196386566,0.43888290717904815,0.0,0.725,0.0,80,1.0,0.9549359649323077,1.0,0.2125,0.12893649509758176,0.3182858085596558,0.2125,0.12893649509758176,0.3182858085596558,0.0,0.7875,0.0,0.275
yoloworld,416450,14412,1,guy on left,1,3,3,0,0.13039164462332262,5,5,0.8,0.2835820638819106,0.9949492366205319,0.5,0.06758598648854298,0.932414013511457,0.4,0.05274495052631693,0.8533672003653268,0.19999999999999996,0.4,0.0,80,0.8375,0.7381631061748872,0.9105383582774708,0.6119402985074627,0.4850181325667385,0.7286319457595101,0.5125,0.39810466870318545,0.625942518555561,0.16249999999999998,0.325,5.551115123125783e-17,0.4
yoloworld,416450,14412,1,guy on left,1,3,3,0,0.13039164462332262,10,10,0.8,0.4439045376923585,0.9747892736731666,0.625,0.24486321636655167,0.9147665858627465,0.5,0.18708602844739855,0.8129139715526015,0.19999999999999996,0.30000000000000004,0.0,80,0.8375,0.7381631061748872,0.9105383582774708,0.6119402985074627,0.4850181325667385,0.7286319457595101,0.5125,0.39810466870318545,0.625942518555561,0.16249999999999998,0.325,5.551115123125783e-17,0.5
yoloworld,416450,14412,1,guy on left,1,3,3,0,0.13039164462332262,20,20,0.85,0.6210731734546859,0.9679290628145363,0.7058823529411765,0.4404172812456629,0.8968644856296799,0.6,0.3605425873074897,0.8088099392746928,0.15000000000000002,0.24999999999999994,5.551115123125783e-17,80,0.8375,0.7381631061748872,0.9105383582774708,0.6119402985074627,0.4850181325667385,0.7286319457595101,0.5125,0.39810466870318545,0.625942518555561,0.16249999999999998,0.325,5.551115123125783e-17,0.6
yoloworld,416450,14412,1,guy on left,1,3,3,0,0.13039164462332262,40,40,0.825,0.6722098666384142,0.9266172706479148,0.696969696969697,0.5128893024616068,0.8440833976030141,0.575,0.40890058042696337,0.7295709687311371,0.17500000000000004,0.24999999999999994,5.551115123125783e-17,80,0.8375,0.7381631061748872,0.9105383582774708,0.6119402985074627,0.4850181325667385,0.7286319457595101,0.5125,0.39810466870318545,0.625942518555561,0.16249999999999998,0.325,5.551115123125783e-17,0.575
yoloworld,35817,46961,1,girl in middle with necklace,1,12,5,0,0.0,5,5,0.8,0.2835820638819106,0.9949492366205319,1.0,0.3976353643835254,1.0,0.8,0.2835820638819106,0.9949492366205319,0.19999999999999996,0.0,0.0,80,0.9375,0.8601429247023609,0.9793969276979898,1.0,0.9520049359448577,1.0,0.9375,0.8601429247023609,0.9793969276979898,0.0625,0.0,0.0,0.8
yoloworld,35817,46961,1,girl in middle with necklace,1,12,5,0,0.0,10,10,0.9,0.5549838829718046,0.9974714214555382,1.0,0.6637328831200572,1.0,0.9,0.5549838829718046,0.9974714214555382,0.09999999999999998,0.0,0.0,80,0.9375,0.8601429247023609,0.9793969276979898,1.0,0.9520049359448577,1.0,0.9375,0.8601429247023609,0.9793969276979898,0.0625,0.0,0.0,0.9
yoloworld,35817,46961,1,girl in middle with necklace,1,12,5,0,0.0,20,20,0.95,0.7512672372279723,0.9987349105020502,1.0,0.8235330881930346,1.0,0.95,0.7512672372279723,0.9987349105020502,0.050000000000000044,0.0,0.0,80,0.9375,0.8601429247023609,0.9793969276979898,1.0,0.9520049359448577,1.0,0.9375,0.8601429247023609,0.9793969276979898,0.0625,0.0,0.0,0.95
yoloworld,35817,46961,1,girl in middle with necklace,1,12,5,0,0.0,40,40,0.975,0.8684141415172343,0.9993672550679505,1.0,0.9097488990396657,1.0,0.975,0.8684141415172343,0.9993672550679505,0.025000000000000022,0.0,0.0,80,0.9375,0.8601429247023609,0.9793969276979898,1.0,0.9520049359448577,1.0,0.9375,0.8601429247023609,0.9793969276979898,0.0625,0.0,0.0,0.975
yoloworld,439303,12431,88,top of photo partial bear,0,0,0,0,0.0,5,0,0.0,,,,,,0.0,,,,,,0,0.0,,,,,,0.0,,,,,,0.0
yoloworld,439303,12431,88,top of photo partial bear,0,0,0,0,0.0,10,0,0.0,,,,,,0.0,,,,,,0,0.0,,,,,,0.0,,,,,,0.0
yoloworld,439303,12431,88,top of photo partial bear,0,0,0,0,0.0,20,0,0.0,,,,,,0.0,,,,,,0,0.0,,,,,,0.0,,,,,,0.0
yoloworld,439303,12431,88,top of photo partial bear,0,0,0,0,0.0,40,0,0.0,,,,,,0.0,,,,,,0,0.0,,,,,,0.0,,,,,,0.0
yoloworld,38890,46712,24,zebra on right,1,4,4,0,0.16645287615796184,5,5,0.2,0.005050763379468061,0.7164179361180893,1.0,0.025000000000000022,1.0,0.2,0.005050763379468061,0.7164179361180893,0.8,0.0,0.0,80,0.2625,0.17040925110040828,0.3728508302124319,1.0,0.8389023847809204,1.0,0.2625,0.17040925110040828,0.3728508302124319,0.7375,0.0,0.0,0.2
yoloworld,38890,46712,24,zebra on right,1,4,4,0,0.16645287615796184,10,10,0.3,0.0667395111777345,0.6524528500599973,1.0,0.29240177382128674,1.0,0.3,0.0667395111777345,0.6524528500599973,0.7,0.0,0.0,80,0.2625,0.17040925110040828,0.3728508302124319,1.0,0.8389023847809204,1.0,0.2625,0.17040925110040828,0.3728508302124319,0.7375,0.0,0.0,0.3
yoloworld,38890,46712,24,zebra on right,1,4,4,0,0.16645287615796184,20,20,0.4,0.1911900607253072,0.6394574126925103,1.0,0.6305833524471808,1.0,0.4,0.1911900607253072,0.6394574126925103,0.6,0.0,0.0,80,0.2625,0.17040925110040828,0.3728508302124319,1.0,0.8389023847809204,1.0,0.2625,0.17040925110040828,0.3728508302124319,0.7375,0.0,0.0,0.4
yoloworld,38890,46712,24,zebra on right,1,4,4,0,0.16645287615796184,40,40,0.325,0.18572896676334988,0.4912948754784484,1.0,0.752947361999529,1.0,0.325,0.18572896676334988,0.4912948754784484,0.675,0.0,0.0,80,0.2625,0.17040925110040828,0.3728508302124319,1.0,0.8389023847809204,1.0,0.2625,0.17040925110040828,0.3728508302124319,0.7375,0.0,0.0,0.325
yoloworld,576581,492,24,the fully visible zebra,1,5,5,1,0.9405852740547003,5,5,0.8,0.2835820638819106,0.9949492366205319,1.0,0.3976353643835254,1.0,0.8,0.2835820638819106,0.9949492366205319,0.19999999999999996,0.0,0.0,80,0.725,0.6137565791555908,0.8189623614429612,1.0,0.9383789910960801,1.0,0.725,0.6137565791555908,0.8189623614429612,0.275,0.0,0.0,0.8
yoloworld,576581,492,24,the fully visible zebra,1,5,5,1,0.9405852740547003,10,10,0.7,0.34754714994000274,0.9332604888222655,1.0,0.5903836027749967,1.0,0.7,0.34754714994000274,0.9332604888222655,0.30000000000000004,0.0,0.0,80,0.725,0.6137565791555908,0.8189623614429612,1.0,0.9383789910960801,1.0,0.725,0.6137565791555908,0.8189623614429612,0.275,0.0,0.0,0.7
yoloworld,576581,492,24,the fully visible zebra,1,5,5,1,0.9405852740547003,20,20,0.75,0.5089541282920425,0.9134285308985653,1.0,0.781980639089466,1.0,0.75,0.5089541282920425,0.9134285308985653,0.25,0.0,0.0,80,0.725,0.6137565791555908,0.8189623614429612,1.0,0.9383789910960801,1.0,0.725,0.6137565791555908,0.8189623614429612,0.275,0.0,0.0,0.75
yoloworld,576581,492,24,the fully visible zebra,1,5,5,1,0.9405852740547003,40,40,0.75,0.5880380198485702,0.873085201067155,1.0,0.8842966917779722,1.0,0.75,0.5880380198485702,0.873085201067155,0.25,0.0,0.0,80,0.725,0.6137565791555908,0.8189623614429612,1.0,0.9383789910960801,1.0,0.725,0.6137565791555908,0.8189623614429612,0.275,0.0,0.0,0.75
yoloworld,475037,9317,1,girl,0,1,0,1,0.9198654705226937,5,0,0.0,,,,,,0.0,,,,,,0,0.0,,,,,,0.0,,,,,,0.0
yoloworld,475037,9317,1,girl,0,1,0,1,0.9198654705226937,10,0,0.0,,,,,,0.0,,,,,,0,0.0,,,,,,0.0,,,,,,0.0
yoloworld,475037,9317,1,girl,0,1,0,1,0.9198654705226937,20,0,0.0,,,,,,0.0,,,,,,0,0.0,,,,,,0.0,,,,,,0.0
yoloworld,475037,9317,1,girl,0,1,0,1,0.9198654705226937,40,0,0.0,,,,,,0.0,,,,,,0,0.0,,,,,,0.0,,,,,,0.0
yoloworld,56677,45043,1,girl in front,1,4,4,0,0.0,5,5,1.0,0.47817624989501856,1.0,0.8,0.2835820638819106,0.9949492366205319,0.8,0.2835820638819106,0.9949492366205319,0.0,0.19999999999999996,0.0,80,1.0,0.9549359649323077,1.0,0.725,0.6137565791555908,0.8189623614429612,0.725,0.6137565791555908,0.8189623614429612,0.0,0.275,0.0,0.8
yoloworld,56677,45043,1,girl in front,1,4,4,0,0.0,10,10,1.0,0.6915028921812392,1.0,0.8,0.4439045376923585,0.9747892736731666,0.8,0.4439045376923585,0.9747892736731666,0.0,0.19999999999999996,0.0,80,1.0,0.9549359649323077,1.0,0.725,0.6137565791555908,0.8189623614429612,0.725,0.6137565791555908,0.8189623614429612,0.0,0.275,0.0,0.8
yoloworld,56677,45043,1,girl in front,1,4,4,0,0.0,20,20,1.0,0.8315665290169146,1.0,0.75,0.5089541282920425,0.9134285308985653,0.75,0.5089541282920425,0.9134285308985653,0.0,0.25,0.0,80,1.0,0.9549359649323077,1.0,0.725,0.6137565791555908,0.8189623614429612,0.725,0.6137565791555908,0.8189623614429612,0.0,0.275,0.0,0.75
yoloworld,56677,45043,1,girl in front,1,4,4,0,0.0,40,40,1.0,0.9119026971211976,1.0,0.725,0.5611170928209519,0.8539910080361344,0.725,0.5611170928209519,0.8539910080361344,0.0,0.275,0.0,80,1.0,0.9549359649323077,1.0,0.725,0.6137565791555908,0.8189623614429612,0.725,0.6137565791555908,0.8189623614429612,0.0,0.275,0.0,0.725
yoloworld,352892,19645,1,bride,0,1,0,1,0.8689292576327478,5,0,0.0,,,,,,0.0,,,,,,0,0.0,,,,,,0.0,,,,,,0.0
yoloworld,352892,19645,1,bride,0,1,0,1,0.8689292576327478,10,0,0.0,,,,,,0.0,,,,,,0,0.0,,,,,,0.0,,,,,,0.0
yoloworld,352892,19645,1,bride,0,1,0,1,0.8689292576327478,20,0,0.0,,,,,,0.0,,,,,,0,0.0,,,,,,0.0,,,,,,0.0
yoloworld,352892,19645,1,bride,0,1,0,1,0.8689292576327478,40,0,0.0,,,,,,0.0,,,,,,0,0.0,,,,,,0.0,,,,,,0.0
yoloworld,358789,19159,1,spectator far left,0,1,0,0,0.0,5,0,0.0,,,,,,0.0,,,,,,0,0.0,,,,,,0.0,,,,,,0.0
yoloworld,358789,19159,1,spectator far left,0,1,0,0,0.0,10,0,0.0,,,,,,0.0,,,,,,0,0.0,,,,,,0.0,,,,,,0.0
yoloworld,358789,19159,1,spectator far left,0,1,0,0,0.0,20,0,0.0,,,,,,0.0,,,,,,0,0.0,,,,,,0.0,,,,,,0.0
yoloworld,358789,19159,1,spectator far left,0,1,0,0,0.0,40,0,0.0,,,,,,0.0,,,,,,0,0.0,,,,,,0.0,,,,,,0.0
yoloworld,523907,5033,1,polka dot person on left,0,0,0,0,0.0,5,0,0.0,,,,,,0.0,,,,,,0,0.0,,,,,,0.0,,,,,,0.0
yoloworld,523907,5033,1,polka dot person on left,0,0,0,0,0.0,10,0,0.0,,,,,,0.0,,,,,,0,0.0,,,,,,0.0,,,,,,0.0
yoloworld,523907,5033,1,polka dot person on left,0,0,0,0,0.0,20,0,0.0,,,,,,0.0,,,,,,0,0.0,,,,,,0.0,,,,,,0.0
yoloworld,523907,5033,1,polka dot person on left,0,0,0,0,0.0,40,0,0.0,,,,,,0.0,,,,,,0,0.0,,,,,,0.0,,,,,,0.0
yoloworld,274770,26706,55,left orange,1,2,2,0,0.02129928976142984,5,5,1.0,0.47817624989501856,1.0,0.6,0.14663279963467318,0.9472550494736831,0.6,0.14663279963467318,0.9472550494736831,0.0,0.4,0.0,80,1.0,0.9549359649323077,1.0,0.5625,0.4469975713881803,0.673236046566221,0.5625,0.4469975713881803,0.673236046566221,0.0,0.4375,0.0,0.6
yoloworld,274770,26706,55,left orange,1,2,2,0,0.02129928976142984,10,10,1.0,0.6915028921812392,1.0,0.6,0.2623780766069451,0.8784477418801728,0.6,0.2623780766069451,0.8784477418801728,0.0,0.4,0.0,80,1.0,0.9549359649323077,1.0,0.5625,0.4469975713881803,0.673236046566221,0.5625,0.4469975713881803,0.673236046566221,0.0,0.4375,0.0,0.6
yoloworld,274770,26706,55,left orange,1,2,2,0,0.02129928976142984,20,20,1.0,0.8315665290169146,1.0,0.6,0.3605425873074897,0.8088099392746928,0.6,0.3605425873074897,0.8088099392746928,0.0,0.4,0.0,80,1.0,0.9549359649323077,1.0,0.5625,0.4469975713881803,0.673236046566221,0.5625,0.4469975713881803,0.673236046566221,0.0,0.4375,0.0,0.6
yoloworld,274770,26706,55,left orange,1,2,2,0,0.02129928976142984,40,40,1.0,0.9119026971211976,1.0,0.6,0.4332670521932967,0.7513500134122563,0.6,0.4332670521932967,0.7513500134122563,0.0,0.4,0.0,80,1.0,0.9549359649323077,1.0,0.5625,0.4469975713881803,0.673236046566221,0.5625,0.4469975713881803,0.673236046566221,0.0,0.4375,0.0,0.6
yoloworld,284964,25842,1,girl on the right giving high five,1,2,2,0,0.10441170145557595,5,5,1.0,0.47817624989501856,1.0,1.0,0.47817624989501856,1.0,1.0,0.47817624989501856,1.0,0.0,0.0,0.0,80,1.0,0.9549359649323077,1.0,0.975,0.9125928440694078,0.9969579138351904,0.975,0.9125928440694078,0.9969579138351904,0.0,0.025000000000000022,0.0,1.0
yoloworld,284964,25842,1,girl on the right giving high five,1,2,2,0,0.10441170145557595,10,10,1.0,0.6915028921812392,1.0,1.0,0.6915028921812392,1.0,1.0,0.6915028921812392,1.0,0.0,0.0,0.0,80,1.0,0.9549359649323077,1.0,0.975,0.9125928440694078,0.9969579138351904,0.975,0.9125928440694078,0.9969579138351904,0.0,0.025000000000000022,0.0,1.0
yoloworld,284964,25842,1,girl on the right giving high five,1,2,2,0,0.10441170145557595,20,20,1.0,0.8315665290169146,1.0,1.0,0.8315665290169146,1.0,1.0,0.8315665290169146,1.0,0.0,0.0,0.0,80,1.0,0.9549359649323077,1.0,0.975,0.9125928440694078,0.9969579138351904,0.975,0.9125928440694078,0.9969579138351904,0.0,0.025000000000000022,0.0,1.0
yoloworld,284964,25842,1,girl on the right giving high five,1,2,2,0,0.10441170145557595,40,40,1.0,0.9119026971211976,1.0,1.0,0.9119026971211976,1.0,1.0,0.9119026971211976,1.0,0.0,0.0,0.0,80,1.0,0.9549359649323077,1.0,0.975,0.9125928440694078,0.9969579138351904,0.975,0.9125928440694078,0.9969579138351904,0.0,0.025000000000000022,0.0,1.0
yoloworld,324677,22291,1,man in red,1,2,2,1,0.9818045222730009,5,5,1.0,0.47817624989501856,1.0,1.0,0.47817624989501856,1.0,1.0,0.47817624989501856,1.0,0.0,0.0,0.0,80,1.0,0.9549359649323077,1.0,1.0,0.9549359649323077,1.0,1.0,0.9549359649323077,1.0,0.0,0.0,0.0,1.0
yoloworld,324677,22291,1,man in red,1,2,2,1,0.9818045222730009,10,10,1.0,0.6915028921812392,1.0,1.0,0.6915028921812392,1.0,1.0,0.6915028921812392,1.0,0.0,0.0,0.0,80,1.0,0.9549359649323077,1.0,1.0,0.9549359649323077,1.0,1.0,0.9549359649323077,1.0,0.0,0.0,0.0,1.0
yoloworld,324677,22291,1,man in red,1,2,2,1,0.9818045222730009,20,20,1.0,0.8315665290169146,1.0,1.0,0.8315665290169146,1.0,1.0,0.8315665290169146,1.0,0.0,0.0,0.0,80,1.0,0.9549359649323077,1.0,1.0,0.9549359649323077,1.0,1.0,0.9549359649323077,1.0,0.0,0.0,0.0,1.0
yoloworld,324677,22291,1,man in red,1,2,2,1,0.9818045222730009,40,40,1.0,0.9119026971211976,1.0,1.0,0.9119026971211976,1.0,1.0,0.9119026971211976,1.0,0.0,0.0,0.0,80,1.0,0.9549359649323077,1.0,1.0,0.9549359649323077,1.0,1.0,0.9549359649323077,1.0,0.0,0.0,0.0,1.0
yoloworld,91604,42041,1,the umpire in white wearing black mask,1,3,3,0,0.04052649979564791,5,5,1.0,0.47817624989501856,1.0,1.0,0.47817624989501856,1.0,1.0,0.47817624989501856,1.0,0.0,0.0,0.0,80,1.0,0.9549359649323077,1.0,0.95,0.876901263556847,0.9862106060235382,0.95,0.876901263556847,0.9862106060235382,0.0,0.050000000000000044,0.0,1.0
yoloworld,91604,42041,1,the umpire in white wearing black mask,1,3,3,0,0.04052649979564791,10,10,1.0,0.6915028921812392,1.0,1.0,0.6915028921812392,1.0,1.0,0.6915028921812392,1.0,0.0,0.0,0.0,80,1.0,0.9549359649323077,1.0,0.95,0.876901263556847,0.9862106060235382,0.95,0.876901263556847,0.9862106060235382,0.0,0.050000000000000044,0.0,1.0
yoloworld,91604,42041,1,the umpire in white wearing black mask,1,3,3,0,0.04052649979564791,20,20,1.0,0.8315665290169146,1.0,0.9,0.6830172859809176,0.9876514728297052,0.9,0.6830172859809176,0.9876514728297052,0.0,0.09999999999999998,0.0,80,1.0,0.9549359649323077,1.0,0.95,0.876901263556847,0.9862106060235382,0.95,0.876901263556847,0.9862106060235382,0.0,0.050000000000000044,0.0,0.9
yoloworld,91604,42041,1,the umpire in white wearing black mask,1,3,3,0,0.04052649979564791,40,40,1.0,0.9119026971211976,1.0,0.9,0.7633626001239001,0.9720745847057807,0.9,0.7633626001239001,0.9720745847057807,0.0,0.09999999999999998,0.0,80,1.0,0.9549359649323077,1.0,0.95,0.876901263556847,0.9862106060235382,0.95,0.876901263556847,0.9862106060235382,0.0,0.050000000000000044,0.0,0.9
yoloworld,87248,42422,1,purple girl left,1,5,5,0,0.08411283277869577,5,5,0.2,0.005050763379468061,0.7164179361180893,1.0,0.025000000000000022,1.0,0.2,0.005050763379468061,0.7164179361180893,0.8,0.0,0.0,80,0.55,0.43467397909415295,0.6615136155101845,0.7954545454545454,0.6469549432217505,0.9019568236394089,0.4375,0.32676395343377895,0.5530024286118197,0.44999999999999996,0.11250000000000003,1.3877787807814457e-17,0.2
yoloworld,87248,42422,1,purple girl left,1,5,5,0,0.08411283277869577,10,10,0.4,0.1215522581198272,0.7376219233930549,1.0,0.3976353643835254,1.0,0.4,0.1215522581198272,0.7376219233930549,0.6,0.0,0.0,80,0.55,0.43467397909415295,0.6615136155101845,0.7954545454545454,0.6469549432217505,0.9019568236394089,0.4375,0.32676395343377895,0.5530024286118197,0.44999999999999996,0.11250000000000003,1.3877787807814457e-17,0.4
yoloworld,87248,42422,1,purple girl left,1,5,5,0,0.08411283277869577,20,20,0.5,0.27195784956079183,0.7280421504392082,0.9,0.5549838829718046,0.9974714214555382,0.45,0.2305778967759242,0.6847218669594515,0.5,0.04999999999999999,5.551115123125783e-17,80,0.55,0.43467397909415295,0.6615136155101845,0.7954545454545454,0.6469549432217505,0.9019568236394089,0.4375,0.32676395343377895,0.5530024286118197,0.44999999999999996,0.11250000000000003,1.3877787807814457e-17,0.45
yoloworld,87248,42422,1,purple girl left,1,5,5,0,0.08411283277869577,40,40,0.525,0.36128013526406216,0.6848802933650138,0.8571428571428571,0.636576012983019,0.9695110323784845,0.45,0.29258835003987993,0.6150932054659867,0.475,0.07500000000000002,4.163336342344337e-17,80,0.55,0.43467397909415295,0.6615136155101845,0.7954545454545454,0.6469549432217505,0.9019568236394089,0.4375,0.32676395343377895,0.5530024286118197,0.44999999999999996,0.11250000000000003,1.3877787807814457e-17,0.45
yoloworld,267871,27216,62,empty chair beside gib guy closest to us,1,20,5,0,0.0,5,5,0.6,0.14663279963467318,0.9472550494736831,0.3333333333333333,0.008403758659612645,0.9057006759497539,0.2,0.005050763379468061,0.7164179361180893,0.4,0.4,0.0,80,0.525,0.4102278413767706,0.6378664183228473,0.6428571428571429,0.4802605583854622,0.7844922585742125,0.3375,0.23552613798365088,0.4519056143741682,0.475,0.18749999999999997,2.7755575615628914e-17,0.2
yoloworld,267871,27216,62,empty chair beside gib guy closest to us,1,20,5,0,0.0,10,10,0.6,0.2623780766069451,0.8784477418801728,0.5,0.11811724875702523,0.8818827512429748,0.3,0.0667395111777345,0.6524528500599973,0.4,0.3,5.551115123125783e-17,80,0.525,0.4102278413767706,0.6378664183228473,0.6428571428571429,0.4802605583854622,0.7844922585742125,0.3375,0.23552613798365088,0.4519056143741682,0.475,0.18749999999999997,2.7755575615628914e-17,0.3
yoloworld,267871,27216,62,empty chair beside gib guy closest to us,1,20,5,0,0.0,20,20,0.55,0.3152781330405486,0.7694221032240758,0.7272727272727273,0.39025744042757887,0.9397822658270933,0.4,0.1911900607253072,0.6394574126925103,0.44999999999999996,0.15,2.7755575615628914e-17,80,0.525,0.4102278413767706,0.6378664183228473,0.6428571428571429,0.4802605583854622,0.7844922585742125,0.3375,0.23552613798365088,0.4519056143741682,0.475,0.18749999999999997,2.7755575615628914e-17,0.4
yoloworld,267871,27216,62,empty chair beside gib guy closest to us,1,20,5,0,0.0,40,40,0.575,0.40890058042696337,0.7295709687311371,0.5652173913043478,0.34494660745237465,0.7680858004617686,0.325,0.18572896676334988,0.4912948754784484,0.42500000000000004,0.25,0.0,80,0.525,0.4102278413767706,0.6378664183228473,0.6428571428571429,0.4802605583854622,0.7844922585742125,0.3375,0.23552613798365088,0.4519056143741682,0.475,0.18749999999999997,2.7755575615628914e-17,0.325
yoloworld,428109,13356,52,top third from left banana,1,6,5,0,0.08927356383810356,5,5,0.4,0.05274495052631693,0.8533672003653268,1.0,0.15811388300841903,1.0,0.4,0.05274495052631693,0.8533672003653268,0.6,0.0,0.0,80,0.5625,0.4469975713881803,0.673236046566221,0.7555555555555555,0.6046290712401734,0.871177185396492,0.425,0.3151097654523422,0.5406111885690619,0.4375,0.1375,5.551115123125783e-17,0.4
yoloworld,428109,13356,52,top third from left banana,1,6,5,0,0.08927356383810356,10,10,0.4,0.1215522581198272,0.7376219233930549,0.75,0.19412044968324346,0.9936905367902902,0.3,0.0667395111777345,0.6524528500599973,0.6,0.1,2.7755575615628914e-17,80,0.5625,0.4469975713881803,0.673236046566221,0.7555555555555555,0.6046290712401734,0.871177185396492,0.425,0.3151097654523422,0.5406111885690619,0.4375,0.1375,5.551115123125783e-17,0.3
yoloworld,428109,13356,52,top third from left banana,1,6,5,0,0.08927356383810356,20,20,0.35,0.15390920478454118,0.5921885345328282,0.8571428571428571,0.4212768029568048,0.9963897031380994,0.3,0.1189315904057277,0.5427891822762891,0.65,0.05000000000000002,8.326672684688674e-17,80,0.5625,0.4469975713881803,0.673236046566221,0.7555555555555555,0.6046290712401734,0.871177185396492,0.425,0.3151097654523422,0.5406111885690619,0.4375,0.1375,5.551115123125783e-17,0.3
yoloworld,428109,13356,52,top third from left banana,1,6,5,0,0.08927356383810356,40,40,0.425,0.2704290312688629,0.5910994195730366,0.8235294117647058,0.565682127155716,0.962014931929374,0.35,0.20628249087076694,0.5168444536489906,0.575,0.07500000000000001,5.551115123125783e-17,80,0.5625,0.4469975713881803,0.673236046566221,0.7555555555555555,0.6046290712401734,0.871177185396492,0.425,0.3151097654523422,0.5406111885690619,0.4375,0.1375,5.551115123125783e-17,0.35
yoloworld,568272,1233,24,bigger zebra,1,2,2,0,0.14135579806893672,5,5,1.0,0.47817624989501856,1.0,0.6,0.14663279963467318,0.9472550494736831,0.6,0.14663279963467318,0.9472550494736831,0.0,0.4,0.0,80,1.0,0.9549359649323077,1.0,0.9,0.8124348925365684,0.955829059846371,0.9,0.8124348925365684,0.955829059846371,0.0,0.09999999999999998,0.0,0.6
yoloworld,568272,1233,24,bigger zebra,1,2,2,0,0.14135579806893672,10,10,1.0,0.6915028921812392,1.0,0.8,0.4439045376923585,0.9747892736731666,0.8,0.4439045376923585,0.9747892736731666,0.0,0.19999999999999996,0.0,80,1.0,0.9549359649323077,1.0,0.9,0.8124348925365684,0.955829059846371,0.9,0.8124348925365684,0.955829059846371,0.0,0.09999999999999998,0.0,0.8
yoloworld,568272,1233,24,bigger zebra,1,2,2,0,0.14135579806893672,20,20,1.0,0.8315665290169146,1.0,0.85,0.6210731734546859,0.9679290628145363,0.85,0.6210731734546859,0.9679290628145363,0.0,0.15000000000000002,0.0,80,1.0,0.9549359649323077,1.0,0.9,0.8124348925365684,0.955829059846371,0.9,0.8124348925365684,0.955829059846371,0.0,0.09999999999999998,0.0,0.85
yoloworld,568272,1233,24,bigger zebra,1,2,2,0,0.14135579806893672,40,40,1.0,0.9119026971211976,1.0,0.85,0.7016473331604236,0.9428977418454741,0.85,0.7016473331604236,0.9428977418454741,0.0,0.15000000000000002,0.0,80,1.0,0.9549359649323077,1.0,0.9,0.8124348925365684,0.955829059846371,0.9,0.8124348925365684,0.955829059846371,0.0,0.09999999999999998,0.0,0.85
yoloworld,326092,22161,1,hands,1,8,5,0,0.15855064856951176,5,5,1.0,0.47817624989501856,1.0,1.0,0.47817624989501856,1.0,1.0,0.47817624989501856,1.0,0.0,0.0,0.0,80,0.9625,0.8942980149834914,0.9921988127342833,1.0,0.9532219318395959,1.0,0.9625,0.8942980149834914,0.9921988127342833,0.03749999999999998,0.0,0.0,1.0
yoloworld,326092,22161,1,hands,1,8,5,0,0.15855064856951176,10,10,1.0,0.6915028921812392,1.0,1.0,0.6915028921812392,1.0,1.0,0.6915028921812392,1.0,0.0,0.0,0.0,80,0.9625,0.8942980149834914,0.9921988127342833,1.0,0.9532219318395959,1.0,0.9625,0.8942980149834914,0.9921988127342833,0.03749999999999998,0.0,0.0,1.0
yoloworld,326092,22161,1,hands,1,8,5,0,0.15855064856951176,20,20,0.95,0.7512672372279723,0.9987349105020502,1.0,0.8235330881930346,1.0,0.95,0.7512672372279723,0.9987349105020502,0.050000000000000044,0.0,0.0,80,0.9625,0.8942980149834914,0.9921988127342833,1.0,0.9532219318395959,1.0,0.9625,0.8942980149834914,0.9921988127342833,0.03749999999999998,0.0,0.0,0.95
yoloworld,326092,22161,1,hands,1,8,5,0,0.15855064856951176,40,40,0.925,0.796135251267101,0.9842578201489585,1.0,0.9051094125850101,1.0,0.925,0.796135251267101,0.9842578201489585,0.07499999999999996,0.0,0.0,80,0.9625,0.8942980149834914,0.9921988127342833,1.0,0.9532219318395959,1.0,0.9625,0.8942980149834914,0.9921988127342833,0.03749999999999998,0.0,0.0,0.925
yoloworld,198704,33127,3,car closest to us,1,4,4,0,0.0,5,5,1.0,0.47817624989501856,1.0,1.0,0.47817624989501856,1.0,1.0,0.47817624989501856,1.0,0.0,0.0,0.0,80,0.8625,0.7672791291752744,0.9293121672961213,1.0,0.9479419421369203,1.0,0.8625,0.7672791291752744,0.9293121672961213,0.13749999999999996,0.0,0.0,1.0
yoloworld,198704,33127,3,car closest to us,1,4,4,0,0.0,10,10,0.9,0.5549838829718046,0.9974714214555382,1.0,0.6637328831200572,1.0,0.9,0.5549838829718046,0.9974714214555382,0.09999999999999998,0.0,0.0,80,0.8625,0.7672791291752744,0.9293121672961213,1.0,0.9479419421369203,1.0,0.8625,0.7672791291752744,0.9293121672961213,0.13749999999999996,0.0,0.0,0.9
yoloworld,198704,33127,3,car closest to us,1,4,4,0,0.0,20,20,0.95,0.7512672372279723,0.9987349105020502,1.0,0.8235330881930346,1.0,0.95,0.7512672372279723,0.9987349105020502,0.050000000000000044,0.0,0.0,80,0.8625,0.7672791291752744,0.9293121672961213,1.0,0.9479419421369203,1.0,0.8625,0.7672791291752744,0.9293121672961213,0.13749999999999996,0.0,0.0,0.95
yoloworld,198704,33127,3,car closest to us,1,4,4,0,0.0,40,40,0.95,0.8308031360405824,0.9938863534006491,1.0,0.9074872385841217,1.0,0.95,0.8308031360405824,0.9938863534006491,0.050000000000000044,0.0,0.0,80,0.8625,0.7672791291752744,0.9293121672961213,1.0,0.9479419421369203,1.0,0.8625,0.7672791291752744,0.9293121672961213,0.13749999999999996,0.0,0.0,0.95
yoloworld,44437,46237,1,orioles player,0,0,0,0,0.0,5,0,0.0,,,,,,0.0,,,,,,0,0.0,,,,,,0.0,,,,,,0.0
yoloworld,44437,46237,1,orioles player,0,0,0,0,0.0,10,0,0.0,,,,,,0.0,,,,,,0,0.0,,,,,,0.0,,,,,,0.0
yoloworld,44437,46237,1,orioles player,0,0,0,0,0.0,20,0,0.0,,,,,,0.0,,,,,,0,0.0,,,,,,0.0,,,,,,0.0
yoloworld,44437,46237,1,orioles player,0,0,0,0,0.0,40,0,0.0,,,,,,0.0,,,,,,0,0.0,,,,,,0.0,,,,,,0.0
yoloworld,344259,20397,55,orange in front of banana,1,11,5,0,0.2082780657800024,5,5,0.8,0.2835820638819106,0.9949492366205319,0.5,0.06758598648854298,0.932414013511457,0.4,0.05274495052631693,0.8533672003653268,0.19999999999999996,0.4,0.0,80,0.9875,0.9323122155360776,0.9996835774723672,0.569620253164557,0.45328583538068007,0.6805764526913778,0.5625,0.4469975713881803,0.673236046566221,0.012499999999999956,0.425,5.551115123125783e-17,0.4
yoloworld,344259,20397,55,orange in front of banana,1,11,5,0,0.2082780657800024,10,10,0.9,0.5549838829718046,0.9974714214555382,0.5555555555555556,0.21200850677886804,0.8630043377348335,0.5,0.18708602844739855,0.8129139715526015,0.09999999999999998,0.39999999999999997,5.551115123125783e-17,80,0.9875,0.9323122155360776,0.9996835774723672,0.569620253164557,0.45328583538068007,0.6805764526913778,0.5625,0.4469975713881803,0.673236046566221,0.012499999999999956,0.425,5.551115123125783e-17,0.5
yoloworld,344259,20397,55,orange in front of banana,1,11,5,0,0.2082780657800024,20,20,0.95,0.7512672372279723,0.9987349105020502,0.5789473684210527,0.3349978440117354,0.7974785610228372,0.55,0.3152781330405486,0.7694221032240758,0.050000000000000044,0.39999999999999997,5.551115123125783e-17,80,0.9875,0.9323122155360776,0.9996835774723672,0.569620253164557,0.45328583538068007,0.6805764526913778,0.5625,0.4469975713881803,0.673236046566221,0.012499999999999956,0.425,5.551115123125783e-17,0.55
yoloworld,344259,20397,55,orange in front of banana,1,11,5,0,0.2082780657800024,40,40,0.975,0.8684141415172343,0.9993672550679505,0.5384615384615384,0.3718107472065188,0.6990521969924921,0.525,0.36128013526406216,0.6848802933650138,0.025000000000000022,0.45,5.551115123125783e-17,80,0.9875,0.9323122155360776,0.9996835774723672,0.569620253164557,0.45328583538068007,0.6805764526913778,0.5625,0.4469975713881803,0.673236046566221,0.012499999999999956,0.425,5.551115123125783e-17,0.525
yoloworld,184761,34263,21,light cow on left no baby,1,5,5,0,0.11911852903885022,5,5,1.0,0.47817624989501856,1.0,1.0,0.47817624989501856,1.0,1.0,0.47817624989501856,1.0,0.0,0.0,0.0,80,0.975,0.9125928440694078,0.9969579138351904,1.0,0.9538075796719513,1.0,0.975,0.9125928440694078,0.9969579138351904,0.025000000000000022,0.0,0.0,1.0
yoloworld,184761,34263,21,light cow on left no baby,1,5,5,0,0.11911852903885022,10,10,1.0,0.6915028921812392,1.0,1.0,0.6915028921812392,1.0,1.0,0.6915028921812392,1.0,0.0,0.0,0.0,80,0.975,0.9125928440694078,0.9969579138351904,1.0,0.9538075796719513,1.0,0.975,0.9125928440694078,0.9969579138351904,0.025000000000000022,0.0,0.0,1.0
yoloworld,184761,34263,21,light cow on left no baby,1,5,5,0,0.11911852903885022,20,20,1.0,0.8315665290169146,1.0,1.0,0.8315665290169146,1.0,1.0,0.8315665290169146,1.0,0.0,0.0,0.0,80,0.975,0.9125928440694078,0.9969579138351904,1.0,0.9538075796719513,1.0,0.975,0.9125928440694078,0.9969579138351904,0.025000000000000022,0.0,0.0,1.0
yoloworld,184761,34263,21,light cow on left no baby,1,5,5,0,0.11911852903885022,40,40,1.0,0.9119026971211976,1.0,1.0,0.9119026971211976,1.0,1.0,0.9119026971211976,1.0,0.0,0.0,0.0,80,0.975,0.9125928440694078,0.9969579138351904,1.0,0.9538075796719513,1.0,0.975,0.9125928440694078,0.9969579138351904,0.025000000000000022,0.0,0.0,1.0
yoloworld,121938,39529,1,woman on left in front ooking at camera or phone with black shirt on,1,3,3,0,0.0,5,5,1.0,0.47817624989501856,1.0,0.4,0.05274495052631693,0.8533672003653268,0.4,0.05274495052631693,0.8533672003653268,0.0,0.6,0.0,80,1.0,0.9549359649323077,1.0,0.425,0.3151097654523422,0.5406111885690619,0.425,0.3151097654523422,0.5406111885690619,0.0,0.575,0.0,0.4
yoloworld,121938,39529,1,woman on left in front ooking at camera or phone with black shirt on,1,3,3,0,0.0,10,10,1.0,0.6915028921812392,1.0,0.4,0.1215522581198272,0.7376219233930549,0.4,0.1215522581198272,0.7376219233930549,0.0,0.6,0.0,80,1.0,0.9549359649323077,1.0,0.425,0.3151097654523422,0.5406111885690619,0.425,0.3151097654523422,0.5406111885690619,0.0,0.575,0.0,0.4
yoloworld,121938,39529,1,woman on left in front ooking at camera or phone with black shirt on,1,3,3,0,0.0,20,20,1.0,0.8315665290169146,1.0,0.35,0.15390920478454118,0.5921885345328282,0.35,0.15390920478454118,0.5921885345328282,0.0,0.65,0.0,80,1.0,0.9549359649323077,1.0,0.425,0.3151097654523422,0.5406111885690619,0.425,0.3151097654523422,0.5406111885690619,0.0,0.575,0.0,0.35
yoloworld,121938,39529,1,woman on left in front ooking at camera or phone with black shirt on,1,3,3,0,0.0,40,40,1.0,0.9119026971211976,1.0,0.425,0.2704290312688629,0.5910994195730366,0.425,0.2704290312688629,0.5910994195730366,0.0,0.575,0.0,80,1.0,0.9549359649323077,1.0,0.425,0.3151097654523422,0.5406111885690619,0.425,0.3151097654523422,0.5406111885690619,0.0,0.575,0.0,0.425
yoloworld,278055,26436,1,right kid,1,3,3,0,0.0,5,5,0.6,0.14663279963467318,0.9472550494736831,1.0,0.29240177382128674,1.0,0.6,0.14663279963467318,0.9472550494736831,0.4,0.0,0.0,80,0.6375,0.5223872787351915,0.7421051046283819,1.0,0.9302229692504613,1.0,0.6375,0.5223872787351915,0.7421051046283819,0.36250000000000004,0.0,0.0,0.6
yoloworld,278055,26436,1,right kid,1,3,3,0,0.0,10,10,0.7,0.34754714994000274,0.9332604888222655,1.0,0.5903836027749967,1.0,0.7,0.34754714994000274,0.9332604888222655,0.30000000000000004,0.0,0.0,80,0.6375,0.5223872787351915,0.7421051046283819,1.0,0.9302229692504613,1.0,0.6375,0.5223872787351915,0.7421051046283819,0.36250000000000004,0.0,0.0,0.7
yoloworld,278055,26436,1,right kid,1,3,3,0,0.0,20,20,0.6,0.3605425873074897,0.8088099392746928,1.0,0.7353515306029488,1.0,0.6,0.3605425873074897,0.8088099392746928,0.4,0.0,0.0,80,0.6375,0.5223872787351915,0.7421051046283819,1.0,0.9302229692504613,1.0,0.6375,0.5223872787351915,0.7421051046283819,0.36250000000000004,0.0,0.0,0.6
yoloworld,278055,26436,1,right kid,1,3,3,0,0.0,40,40,0.675,0.5087051245215516,0.8142710332366501,1.0,0.8722971323845676,1.0,0.675,0.5087051245215516,0.8142710332366501,0.32499999999999996,0.0,0.0,80,0.6375,0.5223872787351915,0.7421051046283819,1.0,0.9302229692504613,1.0,0.6375,0.5223872787351915,0.7421051046283819,0.36250000000000004,0.0,0.0,0.675
yoloworld,78322,43190,1,second player from right,0,1,0,0,0.2872562711058015,5,0,0.0,,,,,,0.0,,,,,,0,0.0,,,,,,0.0,,,,,,0.0
yoloworld,78322,43190,1,second player from right,0,1,0,0,0.2872562711058015,10,0,0.0,,,,,,0.0,,,,,,0,0.0,,,,,,0.0,,,,,,0.0
yoloworld,78322,43190,1,second player from right,0,1,0,0,0.2872562711058015,20,0,0.0,,,,,,0.0,,,,,,0,0.0,,,,,,0.0,,,,,,0.0
yoloworld,78322,43190,1,second player from right,0,1,0,0,0.2872562711058015,40,0,0.0,,,,,,0.0,,,,,,0,0.0,,,,,,0.0,,,,,,0.0
yoloworld,218984,31421,86,vase with flowers second from right,1,15,5,1,0.9678217448052119,5,5,1.0,0.47817624989501856,1.0,0.8,0.2835820638819106,0.9949492366205319,0.8,0.2835820638819106,0.9949492366205319,0.0,0.19999999999999996,0.0,80,0.9375,0.8601429247023609,0.9793969276979898,0.9866666666666667,0.9279365027568325,0.9996624861974789,0.925,0.8438720682639279,0.9719794538231588,0.0625,0.012499999999999976,2.0816681711721685e-17,0.8
yoloworld,218984,31421,86,vase with flowers second from right,1,15,5,1,0.9678217448052119,10,10,0.9,0.5549838829718046,0.9974714214555382,0.8888888888888888,0.517503485082663,0.9971908632534008,0.8,0.4439045376923585,0.9747892736731666,0.09999999999999998,0.10000000000000005,6.938893903907228e-17,80,0.9375,0.8601429247023609,0.9793969276979898,0.9866666666666667,0.9279365027568325,0.9996624861974789,0.925,0.8438720682639279,0.9719794538231588,0.0625,0.012499999999999976,2.0816681711721685e-17,0.8
yoloworld,218984,31421,86,vase with flowers second from right,1,15,5,1,0.9678217448052119,20,20,0.95,0.7512672372279723,0.9987349105020502,0.8947368421052632,0.6686233355432342,0.9869878356282226,0.85,0.6210731734546859,0.9679290628145363,0.050000000000000044,0.09999999999999999,1.3877787807814457e-17,80,0.9375,0.8601429247023609,0.9793969276979898,0.9866666666666667,0.9279365027568325,0.9996624861974789,0.925,0.8438720682639279,0.9719794538231588,0.0625,0.012499999999999976,2.0816681711721685e-17,0.85
yoloworld,218984,31421,86,vase with flowers second from right,1,15,5,1,0.9678217448052119,40,40,0.975,0.8684141415172343,0.9993672550679505,0.8974358974358975,0.7577902730493822,0.9713398948739037,0.875,0.7319670826382796,0.9581403738613833,0.025000000000000022,0.09999999999999996,1.3877787807814457e-17,80,0.9375,0.8601429247023609,0.9793969276979898,0.9866666666666667,0.9279365027568325,0.9996624861974789,0.925,0.8438720682639279,0.9719794538231588,0.0625,0.012499999999999976,2.0816681711721685e-17,0.875
yoloworld,276666,26566,25,left giraffe,1,2,2,0,0.0,5,5,1.0,0.47817624989501856,1.0,1.0,0.47817624989501856,1.0,1.0,0.47817624989501856,1.0,0.0,0.0,0.0,80,1.0,0.9549359649323077,1.0,0.725,0.6137565791555908,0.8189623614429612,0.725,0.6137565791555908,0.8189623614429612,0.0,0.275,0.0,1.0
yoloworld,276666,26566,25,left giraffe,1,2,2,0,0.0,10,10,1.0,0.6915028921812392,1.0,0.9,0.5549838829718046,0.9974714214555382,0.9,0.5549838829718046,0.9974714214555382,0.0,0.09999999999999998,0.0,80,1.0,0.9549359649323077,1.0,0.725,0.6137565791555908,0.8189623614429612,0.725,0.6137565791555908,0.8189623614429612,0.0,0.275,0.0,0.9
yoloworld,276666,26566,25,left giraffe,1,2,2,0,0.0,20,20,1.0,0.8315665290169146,1.0,0.9,0.6830172859809176,0.9876514728297052,0.9,0.6830172859809176,0.9876514728297052,0.0,0.09999999999999998,0.0,80,1.0,0.9549359649323077,1.0,0.725,0.6137565791555908,0.8189623614429612,0.725,0.6137565791555908,0.8189623614429612,0.0,0.275,0.0,0.9
yoloworld,276666,26566,25,left giraffe,1,2,2,0,0.0,40,40,1.0,0.9119026971211976,1.0,0.825,0.6722098666384142,0.9266172706479148,0.825,0.6722098666384142,0.9266172706479148,0.0,0.17500000000000004,0.0,80,1.0,0.9549359649323077,1.0,0.725,0.6137565791555908,0.8189623614429612,0.725,0.6137565791555908,0.8189623614429612,0.0,0.275,0.0,0.825
yoloworld,35045,47025,84,paper bottom right,0,0,0,0,0.0,5,0,0.0,,,,,,0.0,,,,,,0,0.0,,,,,,0.0,,,,,,0.0
yoloworld,35045,47025,84,paper bottom right,0,0,0,0,0.0,10,0,0.0,,,,,,0.0,,,,,,0,0.0,,,,,,0.0,,,,,,0.0
yoloworld,35045,47025,84,paper bottom right,0,0,0,0,0.0,20,0,0.0,,,,,,0.0,,,,,,0,0.0,,,,,,0.0,,,,,,0.0
yoloworld,35045,47025,84,paper bottom right,0,0,0,0,0.0,40,0,0.0,,,,,,0.0,,,,,,0,0.0,,,,,,0.0,,,,,,0.0
yoloworld,339453,20824,8,truck in middle,1,8,5,1,0.9768987045791184,5,5,0.8,0.2835820638819106,0.9949492366205319,0.75,0.19412044968324346,0.9936905367902902,0.6,0.14663279963467318,0.9472550494736831,0.19999999999999996,0.2,5.551115123125783e-17,80,0.9625,0.8942980149834914,0.9921988127342833,0.5064935064935064,0.39004936781928307,0.6224231284406125,0.4875,0.37405748144443896,0.6018953312968145,0.03749999999999998,0.4750000000000001,1.1102230246251565e-16,0.6
yoloworld,339453,20824,8,truck in middle,1,8,5,1,0.9768987045791184,10,10,0.9,0.5549838829718046,0.9974714214555382,0.6666666666666666,0.2992950562085404,0.9251453685803082,0.6,0.2623780766069451,0.8784477418801728,0.09999999999999998,0.30000000000000004,0.0,80,0.9625,0.8942980149834914,0.9921988127342833,0.5064935064935064,0.39004936781928307,0.6224231284406125,0.4875,0.37405748144443896,0.6018953312968145,0.03749999999999998,0.4750000000000001,1.1102230246251565e-16,0.6
yoloworld,339453,20824,8,truck in middle,1,8,5,1,0.9768987045791184,20,20,0.9,0.6830172859809176,0.9876514728297052,0.6666666666666666,0.4099252381720745,0.8665725974938765,0.6,0.3605425873074897,0.8088099392746928,0.09999999999999998,0.30000000000000004,0.0,80,0.9625,0.8942980149834914,0.9921988127342833,0.5064935064935064,0.39004936781928307,0.6224231284406125,0.4875,0.37405748144443896,0.6018953312968145,0.03749999999999998,0.4750000000000001,1.1102230246251565e-16,0.6
yoloworld,339453,20824,8,truck in middle,1,8,5,1,0.9768987045791184,40,40,0.9,0.7633626001239001,0.9720745847057807,0.5833333333333334,0.40756524089177654,0.7448589516735322,0.525,0.36128013526406216,0.6848802933650138,0.09999999999999998,0.375,0.0,80,0.9625,0.8942980149834914,0.9921988127342833,0.5064935064935064,0.39004936781928307,0.6224231284406125,0.4875,0.37405748144443896,0.6018953312968145,0.03749999999999998,0.4750000000000001,1.1102230246251565e-16,0.525
yoloworld,13318,48934,1,lady left brown purse,1,3,3,0,0.14010113622097395,5,5,0.6,0.14663279963467318,0.9472550494736831,0.6666666666666666,0.09429932405024612,0.9915962413403874,0.4,0.05274495052631693,0.8533672003653268,0.4,0.2,5.551115123125783e-17,80,0.9375,0.8601429247023609,0.9793969276979898,0.32,0.2169263485813335,0.43779051684894127,0.3,0.20257392914667277,0.412759323081376,0.0625,0.6375,0.0,0.4
yoloworld,13318,48934,1,lady left brown purse,1,3,3,0,0.14010113622097395,10,10,0.7,0.34754714994000274,0.9332604888222655,0.42857142857142855,0.09898827844250789,0.815948432359917,0.3,0.0667395111777345,0.6524528500599973,0.30000000000000004,0.39999999999999997,5.551115123125783e-17,80,0.9375,0.8601429247023609,0.9793969276979898,0.32,0.2169263485813335,0.43779051684894127,0.3,0.20257392914667277,0.412759323081376,0.0625,0.6375,0.0,0.3
yoloworld,13318,48934,1,lady left brown purse,1,3,3,0,0.14010113622097395,20,20,0.85,0.6210731734546859,0.9679290628145363,0.4117647058823529,0.1844369617839467,0.6707528460532426,0.35,0.15390920478454118,0.5921885345328282,0.15000000000000002,0.5,0.0,80,0.9375,0.8601429247023609,0.9793969276979898,0.32,0.2169263485813335,0.43779051684894127,0.3,0.20257392914667277,0.412759323081376,0.0625,0.6375,0.0,0.35
yoloworld,13318,48934,1,lady left brown purse,1,3,3,0,0.14010113622097395,40,40,0.925,0.796135251267101,0.9842578201489585,0.32432432432432434,0.18013864805205673,0.49785328351339675,0.3,0.16562720439323564,0.4653162852541233,0.07499999999999996,0.625,0.0,80,0.9375,0.8601429247023609,0.9793969276979898,0.32,0.2169263485813335,0.43779051684894127,0.3,0.20257392914667277,0.412759323081376,0.0625,0.6375,0.0,0.3
yoloworld,50994,45612,24,left bottom,0,0,0,0,0.0,5,0,0.0,,,,,,0.0,,,,,,0,0.0,,,,,,0.0,,,,,,0.0
yoloworld,50994,45612,24,left bottom,0,0,0,0,0.0,10,0,0.0,,,,,,0.0,,,,,,0,0.0,,,,,,0.0,,,,,,0.0
yoloworld,50994,45612,24,left bottom,0,0,0,0,0.0,20,0,0.0,,,,,,0.0,,,,,,0,0.0,,,,,,0.0,,,,,,0.0
yoloworld,50994,45612,24,left bottom,0,0,0,0,0.0,40,0,0.0,,,,,,0.0,,,,,,0,0.0,,,,,,0.0,,,,,,0.0
yoloworld,542452,3480,1,blue shirt bottom left,1,3,3,0,0.0,5,5,0.6,0.14663279963467318,0.9472550494736831,1.0,0.29240177382128674,1.0,0.6,0.14663279963467318,0.9472550494736831,0.4,0.0,0.0,80,0.5875,0.4718483404252045,0.6964754070624058,1.0,0.9245142663089414,1.0,0.5875,0.4718483404252045,0.6964754070624058,0.4125,0.0,0.0,0.6
yoloworld,542452,3480,1,blue shirt bottom left,1,3,3,0,0.0,10,10,0.6,0.2623780766069451,0.8784477418801728,1.0,0.5407418735600996,1.0,0.6,0.2623780766069451,0.8784477418801728,0.4,0.0,0.0,80,0.5875,0.4718483404252045,0.6964754070624058,1.0,0.9245142663089414,1.0,0.5875,0.4718483404252045,0.6964754070624058,0.4125,0.0,0.0,0.6
yoloworld,542452,3480,1,blue shirt bottom left,1,3,3,0,0.0,20,20,0.55,0.3152781330405486,0.7694221032240758,1.0,0.7150858470818456,1.0,0.55,0.3152781330405486,0.7694221032240758,0.44999999999999996,0.0,0.0,80,0.5875,0.4718483404252045,0.6964754070624058,1.0,0.9245142663089414,1.0,0.5875,0.4718483404252045,0.6964754070624058,0.4125,0.0,0.0,0.55
yoloworld,542452,3480,1,blue shirt bottom left,1,3,3,0,0.0,40,40,0.6,0.4332670521932967,0.7513500134122563,1.0,0.8575264022774743,1.0,0.6,0.4332670521932967,0.7513500134122563,0.4,0.0,0.0,80,0.5875,0.4718483404252045,0.6964754070624058,1.0,0.9245142663089414,1.0,0.5875,0.4718483404252045,0.6964754070624058,0.4125,0.0,0.0,0.6
yoloworld,274667,26715,4,bike in the background top left,0,1,0,0,0.07583458101170924,5,0,0.0,,,,,,0.0,,,,,,0,0.0,,,,,,0.0,,,,,,0.0
yoloworld,274667,26715,4,bike in the background top left,0,1,0,0,0.07583458101170924,10,0,0.0,,,,,,0.0,,,,,,0,0.0,,,,,,0.0,,,,,,0.0
yoloworld,274667,26715,4,bike in the background top left,0,1,0,0,0.07583458101170924,20,0,0.0,,,,,,0.0,,,,,,0,0.0,,,,,,0.0,,,,,,0.0
yoloworld,274667,26715,4,bike in the background top left,0,1,0,0,0.07583458101170924,40,0,0.0,,,,,,0.0,,,,,,0,0.0,,,,,,0.0,,,,,,0.0
yoloworld,488127,8164,1,man in hat on the right next to guy in white shirt,1,10,5,0,0.06800934806280824,5,5,1.0,0.47817624989501856,1.0,0.6,0.14663279963467318,0.9472550494736831,0.6,0.14663279963467318,0.9472550494736831,0.0,0.4,0.0,80,0.975,0.9125928440694078,0.9969579138351904,0.46153846153846156,0.3479274443815508,0.5781579580297724,0.45,0.3384863844898155,0.565326020905847,0.025000000000000022,0.5249999999999999,1.1102230246251565e-16,0.6
yoloworld,488127,8164,1,man in hat on the right next to guy in white shirt,1,10,5,0,0.06800934806280824,10,10,1.0,0.6915028921812392,1.0,0.5,0.18708602844739855,0.8129139715526015,0.5,0.18708602844739855,0.8129139715526015,0.0,0.5,0.0,80,0.975,0.9125928440694078,0.9969579138351904,0.46153846153846156,0.3479274443815508,0.5781579580297724,0.45,0.3384863844898155,0.565326020905847,0.025000000000000022,0.5249999999999999,1.1102230246251565e-16,0.5
yoloworld,488127,8164,1,man in hat on the right next to guy in white shirt,1,10,5,0,0.06800934806280824,20,20,1.0,0.8315665290169146,1.0,0.45,0.2305778967759242,0.6847218669594515,0.45,0.2305778967759242,0.6847218669594515,0.0,0.55,0.0,80,0.975,0.9125928440694078,0.9969579138351904,0.46153846153846156,0.3479274443815508,0.5781579580297724,0.45,0.3384863844898155,0.565326020905847,0.025000000000000022,0.5249999999999999,1.1102230246251565e-16,0.45
yoloworld,488127,8164,1,man in hat on the right next to guy in white shirt,1,10,5,0,0.06800934806280824,40,40,1.0,0.9119026971211976,1.0,0.525,0.36128013526406216,0.6848802933650138,0.525,0.36128013526406216,0.6848802933650138,0.0,0.475,0.0,80,0.975,0.9125928440694078,0.9969579138351904,0.46153846153846156,0.3479274443815508,0.5781579580297724,0.45,0.3384863844898155,0.565326020905847,0.025000000000000022,0.5249999999999999,1.1102230246251565e-16,0.525
yoloworld,53601,45386,1,right boy,0,0,0,0,0.0,5,0,0.0,,,,,,0.0,,,,,,0,0.0,,,,,,0.0,,,,,,0.0
yoloworld,53601,45386,1,right boy,0,0,0,0,0.0,10,0,0.0,,,,,,0.0,,,,,,0,0.0,,,,,,0.0,,,,,,0.0
yoloworld,53601,45386,1,right boy,0,0,0,0,0.0,20,0,0.0,,,,,,0.0,,,,,,0,0.0,,,,,,0.0,,,,,,0.0
yoloworld,53601,45386,1,right boy,0,0,0,0,0.0,40,0,0.0,,,,,,0.0,,,,,,0,0.0,,,,,,0.0,,,,,,0.0
yoloworld,540464,3642,52,right bannana on cluster,1,3,3,0,0.32177659030187705,5,5,0.4,0.05274495052631693,0.8533672003653268,1.0,0.15811388300841903,1.0,0.4,0.05274495052631693,0.8533672003653268,0.6,0.0,0.0,80,0.35,0.2466719364725351,0.4647968854793358,0.9642857142857143,0.8165224024553763,0.999096201244342,0.3375,0.23552613798365088,0.4519056143741682,0.65,0.012499999999999994,3.8163916471489756e-17,0.4
yoloworld,540464,3642,52,right bannana on cluster,1,3,3,0,0.32177659030187705,10,10,0.6,0.2623780766069451,0.8784477418801728,1.0,0.5407418735600996,1.0,0.6,0.2623780766069451,0.8784477418801728,0.4,0.0,0.0,80,0.35,0.2466719364725351,0.4647968854793358,0.9642857142857143,0.8165224024553763,0.999096201244342,0.3375,0.23552613798365088,0.4519056143741682,0.65,0.012499999999999994,3.8163916471489756e-17,0.6
yoloworld,540464,3642,52,right bannana on cluster,1,3,3,0,0.32177659030187705,20,20,0.55,0.3152781330405486,0.7694221032240758,1.0,0.7150858470818456,1.0,0.55,0.3152781330405486,0.7694221032240758,0.44999999999999996,0.0,0.0,80,0.35,0.2466719364725351,0.4647968854793358,0.9642857142857143,0.8165224024553763,0.999096201244342,0.3375,0.23552613798365088,0.4519056143741682,0.65,0.012499999999999994,3.8163916471489756e-17,0.55
yoloworld,540464,3642,52,right bannana on cluster,1,3,3,0,0.32177659030187705,40,40,0.45,0.29258835003987993,0.6150932054659867,1.0,0.8146980318621478,1.0,0.45,0.29258835003987993,0.6150932054659867,0.55,0.0,0.0,80,0.35,0.2466719364725351,0.4647968854793358,0.9642857142857143,0.8165224024553763,0.999096201244342,0.3375,0.23552613798365088,0.4519056143741682,0.65,0.012499999999999994,3.8163916471489756e-17,0.45
yoloworld,406988,15206,25,left gir,1,2,2,0,0.13364214915175945,5,5,0.8,0.2835820638819106,0.9949492366205319,1.0,0.3976353643835254,1.0,0.8,0.2835820638819106,0.9949492366205319,0.19999999999999996,0.0,0.0,80,0.7125,0.6004548866879794,0.8082395280280349,1.0,0.9373325190855151,1.0,0.7125,0.6004548866879794,0.8082395280280349,0.2875,0.0,0.0,0.8
yoloworld,406988,15206,25,left gir,1,2,2,0,0.13364214915175945,10,10,0.7,0.34754714994000274,0.9332604888222655,1.0,0.5903836027749967,1.0,0.7,0.34754714994000274,0.9332604888222655,0.30000000000000004,0.0,0.0,80,0.7125,0.6004548866879794,0.8082395280280349,1.0,0.9373325190855151,1.0,0.7125,0.6004548866879794,0.8082395280280349,0.2875,0.0,0.0,0.7
yoloworld,406988,15206,25,left gir,1,2,2,0,0.13364214915175945,20,20,0.75,0.5089541282920425,0.9134285308985653,1.0,0.781980639089466,1.0,0.75,0.5089541282920425,0.9134285308985653,0.25,0.0,0.0,80,0.7125,0.6004548866879794,0.8082395280280349,1.0,0.9373325190855151,1.0,0.7125,0.6004548866879794,0.8082395280280349,0.2875,0.0,0.0,0.75
yoloworld,406988,15206,25,left gir,1,2,2,0,0.13364214915175945,40,40,0.75,0.5880380198485702,0.873085201067155,1.0,0.8842966917779722,1.0,0.75,0.5880380198485702,0.873085201067155,0.25,0.0,0.0,80,0.7125,0.6004548866879794,0.8082395280280349,1.0,0.9373325190855151,1.0,0.7125,0.6004548866879794,0.8082395280280349,0.2875,0.0,0.0,0.75
yoloworld,376454,17844,67,table,0,1,0,1,0.892341191011221,5,0,0.0,,,,,,0.0,,,,,,0,0.0,,,,,,0.0,,,,,,0.0
yoloworld,376454,17844,67,table,0,1,0,1,0.892341191011221,10,0,0.0,,,,,,0.0,,,,,,0,0.0,,,,,,0.0,,,,,,0.0
yoloworld,376454,17844,67,table,0,1,0,1,0.892341191011221,20,0,0.0,,,,,,0.0,,,,,,0,0.0,,,,,,0.0,,,,,,0.0
yoloworld,376454,17844,67,table,0,1,0,1,0.892341191011221,40,0,0.0,,,,,,0.0,,,,,,0,0.0,,,,,,0.0,,,,,,0.0
yoloworld,128136,38935,22,the elephant to the right back by himself,1,9,5,1,0.9215619662318912,5,5,0.8,0.2835820638819106,0.9949492366205319,0.75,0.19412044968324346,0.9936905367902902,0.6,0.14663279963467318,0.9472550494736831,0.19999999999999996,0.2,5.551115123125783e-17,80,0.825,0.7238459604789864,0.9008894901605713,0.5909090909090909,0.4629365635585883,0.7104508976039902,0.4875,0.37405748144443896,0.6018953312968145,0.17500000000000004,0.33749999999999997,5.551115123125783e-17,0.6
yoloworld,128136,38935,22,the elephant to the right back by himself,1,9,5,1,0.9215619662318912,10,10,0.9,0.5549838829718046,0.9974714214555382,0.6666666666666666,0.2992950562085404,0.9251453685803082,0.6,0.2623780766069451,0.8784477418801728,0.09999999999999998,0.30000000000000004,0.0,80,0.825,0.7238459604789864,0.9008894901605713,0.5909090909090909,0.4629365635585883,0.7104508976039902,0.4875,0.37405748144443896,0.6018953312968145,0.17500000000000004,0.33749999999999997,5.551115123125783e-17,0.6
yoloworld,128136,38935,22,the elephant to the right back by himself,1,9,5,1,0.9215619662318912,20,20,0.85,0.6210731734546859,0.9679290628145363,0.7058823529411765,0.4404172812456629,0.8968644856296799,0.6,0.3605425873074897,0.8088099392746928,0.15000000000000002,0.24999999999999994,5.551115123125783e-17,80,0.825,0.7238459604789864,0.9008894901605713,0.5909090909090909,0.4629365635585883,0.7104508976039902,0.4875,0.37405748144443896,0.6018953312968145,0.17500000000000004,0.33749999999999997,5.551115123125783e-17,0.6
yoloworld,128136,38935,22,the elephant to the right back by himself,1,9,5,1,0.9215619662318912,40,40,0.8,0.6435219813207653,0.9094775906000093,0.71875,0.5325289003570653,0.8625430967044982,0.575,0.40890058042696337,0.7295709687311371,0.19999999999999996,0.225,8.326672684688674e-17,80,0.825,0.7238459604789864,0.9008894901605713,0.5909090909090909,0.4629365635585883,0.7104508976039902,0.4875,0.37405748144443896,0.6018953312968145,0.17500000000000004,0.33749999999999997,5.551115123125783e-17,0.575
yoloworld,191068,33728,67,candles bottom,0,0,0,0,0.0,5,0,0.0,,,,,,0.0,,,,,,0,0.0,,,,,,0.0,,,,,,0.0
yoloworld,191068,33728,67,candles bottom,0,0,0,0,0.0,10,0,0.0,,,,,,0.0,,,,,,0,0.0,,,,,,0.0,,,,,,0.0
yoloworld,191068,33728,67,candles bottom,0,0,0,0,0.0,20,0,0.0,,,,,,0.0,,,,,,0,0.0,,,,,,0.0,,,,,,0.0
yoloworld,191068,33728,67,candles bottom,0,0,0,0,0.0,40,0,0.0,,,,,,0.0,,,,,,0,0.0,,,,,,0.0,,,,,,0.0
yoloworld,498295,7296,46,wine glass,1,6,5,1,0.7528760930892024,5,5,0.6,0.14663279963467318,0.9472550494736831,0.3333333333333333,0.008403758659612645,0.9057006759497539,0.2,0.005050763379468061,0.7164179361180893,0.4,0.4,0.0,80,0.3625,0.25789489537161814,0.47761272126480847,0.8275862068965517,0.642252445585356,0.9415439170273656,0.3,0.20257392914667277,0.412759323081376,0.6375,0.0625,0.0,0.2
yoloworld,498295,7296,46,wine glass,1,6,5,1,0.7528760930892024,10,10,0.5,0.18708602844739855,0.8129139715526015,0.6,0.14663279963467318,0.9472550494736831,0.3,0.0667395111777345,0.6524528500599973,0.5,0.2,5.551115123125783e-17,80,0.3625,0.25789489537161814,0.47761272126480847,0.8275862068965517,0.642252445585356,0.9415439170273656,0.3,0.20257392914667277,0.412759323081376,0.6375,0.0625,0.0,0.3
yoloworld,498295,7296,46,wine glass,1,6,5,1,0.7528760930892024,20,20,0.4,0.1911900607253072,0.6394574126925103,0.75,0.34914420558717585,0.9681459737500557,0.3,0.1189315904057277,0.5427891822762891,0.6,0.1,2.7755575615628914e-17,80,0.3625,0.25789489537161814,0.47761272126480847,0.8275862068965517,0.642252445585356,0.9415439170273656,0.3,0.20257392914667277,0.412759323081376,0.6375,0.0625,0.0,0.3
yoloworld,498295,7296,46,wine glass,1,6,5,1,0.7528760930892024,40,40,0.425,0.2704290312688629,0.5910994195730366,0.6470588235294118,0.3832836634434029,0.857902516889779,0.275,0.14600899196386566,0.43888290717904815,0.575,0.15,2.7755575615628914e-17,80,0.3625,0.25789489537161814,0.47761272126480847,0.8275862068965517,0.642252445585356,0.9415439170273656,0.3,0.20257392914667277,0.412759323081376,0.6375,0.0625,0.0,0.275
yoloworld,84712,42623,1,girl in the white shirt,0,1,0,1,0.8607780596628909,5,0,0.0,,,,,,0.0,,,,,,0,0.0,,,,,,0.0,,,,,,0.0
yoloworld,84712,42623,1,girl in the white shirt,0,1,0,1,0.8607780596628909,10,0,0.0,,,,,,0.0,,,,,,0,0.0,,,,,,0.0,,,,,,0.0
yoloworld,84712,42623,1,girl in the white shirt,0,1,0,1,0.8607780596628909,20,0,0.0,,,,,,0.0,,,,,,0,0.0,,,,,,0.0,,,,,,0.0
yoloworld,84712,42623,1,girl in the white shirt,0,1,0,1,0.8607780596628909,40,0,0.0,,,,,,0.0,,,,,,0,0.0,,,,,,0.0,,,,,,0.0
yoloworld,354791,19507,1,the bottom head,0,1,0,0,0.005611091508022203,5,0,0.0,,,,,,0.0,,,,,,0,0.0,,,,,,0.0,,,,,,0.0
yoloworld,354791,19507,1,the bottom head,0,1,0,0,0.005611091508022203,10,0,0.0,,,,,,0.0,,,,,,0,0.0,,,,,,0.0,,,,,,0.0
yoloworld,354791,19507,1,the bottom head,0,1,0,0,0.005611091508022203,20,0,0.0,,,,,,0.0,,,,,,0,0.0,,,,,,0.0,,,,,,0.0
yoloworld,354791,19507,1,the bottom head,0,1,0,0,0.005611091508022203,40,0,0.0,,,,,,0.0,,,,,,0,0.0,,,,,,0.0,,,,,,0.0
yoloworld,530750,4474,1,woman on left,1,3,3,0,0.0,5,5,1.0,0.47817624989501856,1.0,1.0,0.47817624989501856,1.0,1.0,0.47817624989501856,1.0,0.0,0.0,0.0,80,1.0,0.9549359649323077,1.0,0.8375,0.7381631061748872,0.9105383582774708,0.8375,0.7381631061748872,0.9105383582774708,0.0,0.16249999999999998,0.0,1.0
yoloworld,530750,4474,1,woman on left,1,3,3,0,0.0,10,10,1.0,0.6915028921812392,1.0,1.0,0.6915028921812392,1.0,1.0,0.6915028921812392,1.0,0.0,0.0,0.0,80,1.0,0.9549359649323077,1.0,0.8375,0.7381631061748872,0.9105383582774708,0.8375,0.7381631061748872,0.9105383582774708,0.0,0.16249999999999998,0.0,1.0
yoloworld,530750,4474,1,woman on left,1,3,3,0,0.0,20,20,1.0,0.8315665290169146,1.0,0.95,0.7512672372279723,0.9987349105020502,0.95,0.7512672372279723,0.9987349105020502,0.0,0.050000000000000044,0.0,80,1.0,0.9549359649323077,1.0,0.8375,0.7381631061748872,0.9105383582774708,0.8375,0.7381631061748872,0.9105383582774708,0.0,0.16249999999999998,0.0,0.95
yoloworld,530750,4474,1,woman on left,1,3,3,0,0.0,40,40,1.0,0.9119026971211976,1.0,0.875,0.7319670826382796,0.9581403738613833,0.875,0.7319670826382796,0.9581403738613833,0.0,0.125,0.0,80,1.0,0.9549359649323077,1.0,0.8375,0.7381631061748872,0.9105383582774708,0.8375,0.7381631061748872,0.9105383582774708,0.0,0.16249999999999998,0.0,0.875
yoloworld,259443,27982,1,right guy,0,0,0,0,0.0,5,0,0.0,,,,,,0.0,,,,,,0,0.0,,,,,,0.0,,,,,,0.0
yoloworld,259443,27982,1,right guy,0,0,0,0,0.0,10,0,0.0,,,,,,0.0,,,,,,0,0.0,,,,,,0.0,,,,,,0.0
yoloworld,259443,27982,1,right guy,0,0,0,0,0.0,20,0,0.0,,,,,,0.0,,,,,,0,0.0,,,,,,0.0,,,,,,0.0
yoloworld,259443,27982,1,right guy,0,0,0,0,0.0,40,0,0.0,,,,,,0.0,,,,,,0,0.0,,,,,,0.0,,,,,,0.0
yoloworld,296614,24900,1,batter,0,0,0,0,0.0,5,0,0.0,,,,,,0.0,,,,,,0,0.0,,,,,,0.0,,,,,,0.0
yoloworld,296614,24900,1,batter,0,0,0,0,0.0,10,0,0.0,,,,,,0.0,,,,,,0,0.0,,,,,,0.0,,,,,,0.0
yoloworld,296614,24900,1,batter,0,0,0,0,0.0,20,0,0.0,,,,,,0.0,,,,,,0,0.0,,,,,,0.0,,,,,,0.0
yoloworld,296614,24900,1,batter,0,0,0,0,0.0,40,0,0.0,,,,,,0.0,,,,,,0,0.0,,,,,,0.0,,,,,,0.0
yoloworld,53672,45374,1,red player on left,1,3,3,0,0.0,5,5,0.6,0.14663279963467318,0.9472550494736831,1.0,0.29240177382128674,1.0,0.6,0.14663279963467318,0.9472550494736831,0.4,0.0,0.0,80,0.5375,0.4224175280048351,0.6497235734616016,1.0,0.9177888788458616,1.0,0.5375,0.4224175280048351,0.6497235734616016,0.4625,0.0,0.0,0.6
yoloworld,53672,45374,1,red player on left,1,3,3,0,0.0,10,10,0.6,0.2623780766069451,0.8784477418801728,1.0,0.5407418735600996,1.0,0.6,0.2623780766069451,0.8784477418801728,0.4,0.0,0.0,80,0.5375,0.4224175280048351,0.6497235734616016,1.0,0.9177888788458616,1.0,0.5375,0.4224175280048351,0.6497235734616016,0.4625,0.0,0.0,0.6
yoloworld,53672,45374,1,red player on left,1,3,3,0,0.0,20,20,0.55,0.3152781330405486,0.7694221032240758,1.0,0.7150858470818456,1.0,0.55,0.3152781330405486,0.7694221032240758,0.44999999999999996,0.0,0.0,80,0.5375,0.4224175280048351,0.6497235734616016,1.0,0.9177888788458616,1.0,0.5375,0.4224175280048351,0.6497235734616016,0.4625,0.0,0.0,0.55
yoloworld,53672,45374,1,red player on left,1,3,3,0,0.0,40,40,0.525,0.36128013526406216,0.6848802933650138,1.0,0.8389023847809204,1.0,0.525,0.36128013526406216,0.6848802933650138,0.475,0.0,0.0,80,0.5375,0.4224175280048351,0.6497235734616016,1.0,0.9177888788458616,1.0,0.5375,0.4224175280048351,0.6497235734616016,0.4625,0.0,0.0,0.525
yoloworld,544831,3281,84,book on left,0,1,0,0,0.0,5,0,0.0,,,,,,0.0,,,,,,0,0.0,,,,,,0.0,,,,,,0.0
yoloworld,544831,3281,84,book on left,0,1,0,0,0.0,10,0,0.0,,,,,,0.0,,,,,,0,0.0,,,,,,0.0,,,,,,0.0
yoloworld,544831,3281,84,book on left,0,1,0,0,0.0,20,0,0.0,,,,,,0.0,,,,,,0,0.0,,,,,,0.0,,,,,,0.0
yoloworld,544831,3281,84,book on left,0,1,0,0,0.0,40,0,0.0,,,,,,0.0,,,,,,0,0.0,,,,,,0.0,,,,,,0.0
yoloworld,80634,42957,59,left portion of pizza,0,1,0,0,0.34543901488689444,5,0,0.0,,,,,,0.0,,,,,,0,0.0,,,,,,0.0,,,,,,0.0
yoloworld,80634,42957,59,left portion of pizza,0,1,0,0,0.34543901488689444,10,0,0.0,,,,,,0.0,,,,,,0,0.0,,,,,,0.0,,,,,,0.0
yoloworld,80634,42957,59,left portion of pizza,0,1,0,0,0.34543901488689444,20,0,0.0,,,,,,0.0,,,,,,0,0.0,,,,,,0.0,,,,,,0.0
yoloworld,80634,42957,59,left portion of pizza,0,1,0,0,0.34543901488689444,40,0,0.0,,,,,,0.0,,,,,,0,0.0,,,,,,0.0,,,,,,0.0
yoloworld,335697,21173,22,elephant back left,1,4,4,0,0.10250331980724606,5,5,0.6,0.14663279963467318,0.9472550494736831,1.0,0.29240177382128674,1.0,0.6,0.14663279963467318,0.9472550494736831,0.4,0.0,0.0,80,0.375,0.2691931699468049,0.4903547644071125,1.0,0.8842966917779722,1.0,0.375,0.2691931699468049,0.4903547644071125,0.625,0.0,0.0,0.6
yoloworld,335697,21173,22,elephant back left,1,4,4,0,0.10250331980724606,10,10,0.6,0.2623780766069451,0.8784477418801728,1.0,0.5407418735600996,1.0,0.6,0.2623780766069451,0.8784477418801728,0.4,0.0,0.0,80,0.375,0.2691931699468049,0.4903547644071125,1.0,0.8842966917779722,1.0,0.375,0.2691931699468049,0.4903547644071125,0.625,0.0,0.0,0.6
yoloworld,335697,21173,22,elephant back left,1,4,4,0,0.10250331980724606,20,20,0.5,0.27195784956079183,0.7280421504392082,1.0,0.6915028921812392,1.0,0.5,0.27195784956079183,0.7280421504392082,0.5,0.0,0.0,80,0.375,0.2691931699468049,0.4903547644071125,1.0,0.8842966917779722,1.0,0.375,0.2691931699468049,0.4903547644071125,0.625,0.0,0.0,0.5
yoloworld,335697,21173,22,elephant back left,1,4,4,0,0.10250331980724606,40,40,0.4,0.24864998658774376,0.5667329478067034,1.0,0.7940927857921773,1.0,0.4,0.24864998658774376,0.5667329478067034,0.6,0.0,0.0,80,0.375,0.2691931699468049,0.4903547644071125,1.0,0.8842966917779722,1.0,0.375,0.2691931699468049,0.4903547644071125,0.625,0.0,0.0,0.4
yoloworld,181054,34594,1,dude in white,1,2,2,1,0.9728831874930746,5,5,1.0,0.47817624989501856,1.0,1.0,0.47817624989501856,1.0,1.0,0.47817624989501856,1.0,0.0,0.0,0.0,80,1.0,0.9549359649323077,1.0,1.0,0.9549359649323077,1.0,1.0,0.9549359649323077,1.0,0.0,0.0,0.0,1.0
yoloworld,181054,34594,1,dude in white,1,2,2,1,0.9728831874930746,10,10,1.0,0.6915028921812392,1.0,1.0,0.6915028921812392,1.0,1.0,0.6915028921812392,1.0,0.0,0.0,0.0,80,1.0,0.9549359649323077,1.0,1.0,0.9549359649323077,1.0,1.0,0.9549359649323077,1.0,0.0,0.0,0.0,1.0
yoloworld,181054,34594,1,dude in white,1,2,2,1,0.9728831874930746,20,20,1.0,0.8315665290169146,1.0,1.0,0.8315665290169146,1.0,1.0,0.8315665290169146,1.0,0.0,0.0,0.0,80,1.0,0.9549359649323077,1.0,1.0,0.9549359649323077,1.0,1.0,0.9549359649323077,1.0,0.0,0.0,0.0,1.0
yoloworld,181054,34594,1,dude in white,1,2,2,1,0.9728831874930746,40,40,1.0,0.9119026971211976,1.0,1.0,0.9119026971211976,1.0,1.0,0.9119026971211976,1.0,0.0,0.0,0.0,80,1.0,0.9549359649323077,1.0,1.0,0.9549359649323077,1.0,1.0,0.9549359649323077,1.0,0.0,0.0,0.0,1.0
yoloworld,318333,22911,1,catcher in gray,0,1,0,1,0.9353957005885563,5,0,0.0,,,,,,0.0,,,,,,0,0.0,,,,,,0.0,,,,,,0.0
yoloworld,318333,22911,1,catcher in gray,0,1,0,1,0.9353957005885563,10,0,0.0,,,,,,0.0,,,,,,0,0.0,,,,,,0.0,,,,,,0.0
yoloworld,318333,22911,1,catcher in gray,0,1,0,1,0.9353957005885563,20,0,0.0,,,,,,0.0,,,,,,0,0.0,,,,,,0.0,,,,,,0.0
yoloworld,318333,22911,1,catcher in gray,0,1,0,1,0.9353957005885563,40,0,0.0,,,,,,0.0,,,,,,0,0.0,,,,,,0.0,,,,,,0.0
yoloworld,47774,45878,64,plants at top left corner,0,0,0,0,0.0,5,0,0.0,,,,,,0.0,,,,,,0,0.0,,,,,,0.0,,,,,,0.0
yoloworld,47774,45878,64,plants at top left corner,0,0,0,0,0.0,10,0,0.0,,,,,,0.0,,,,,,0,0.0,,,,,,0.0,,,,,,0.0
yoloworld,47774,45878,64,plants at top left corner,0,0,0,0,0.0,20,0,0.0,,,,,,0.0,,,,,,0,0.0,,,,,,0.0,,,,,,0.0
yoloworld,47774,45878,64,plants at top left corner,0,0,0,0,0.0,40,0,0.0,,,,,,0.0,,,,,,0,0.0,,,,,,0.0,,,,,,0.0
yoloworld,214563,31792,73,laptop on left,1,5,5,0,0.14422329667619666,5,5,0.4,0.05274495052631693,0.8533672003653268,1.0,0.15811388300841903,1.0,0.4,0.05274495052631693,0.8533672003653268,0.6,0.0,0.0,80,0.325,0.22445958517745324,0.4389370456044483,0.8846153846153846,0.6984595998924323,0.9755419246820378,0.2875,0.1917604719719651,0.3995451133120206,0.675,0.03750000000000001,3.469446951953614e-17,0.4
yoloworld,214563,31792,73,laptop on left,1,5,5,0,0.14422329667619666,10,10,0.5,0.18708602844739855,0.8129139715526015,1.0,0.47817624989501856,1.0,0.5,0.18708602844739855,0.8129139715526015,0.5,0.0,0.0,80,0.325,0.22445958517745324,0.4389370456044483,0.8846153846153846,0.6984595998924323,0.9755419246820378,0.2875,0.1917604719719651,0.3995451133120206,0.675,0.03750000000000001,3.469446951953614e-17,0.5
yoloworld,214563,31792,73,laptop on left,1,5,5,0,0.14422329667619666,20,20,0.4,0.1911900607253072,0.6394574126925103,1.0,0.6305833524471808,1.0,0.4,0.1911900607253072,0.6394574126925103,0.6,0.0,0.0,80,0.325,0.22445958517745324,0.4389370456044483,0.8846153846153846,0.6984595998924323,0.9755419246820378,0.2875,0.1917604719719651,0.3995451133120206,0.675,0.03750000000000001,3.469446951953614e-17,0.4
yoloworld,214563,31792,73,laptop on left,1,5,5,0,0.14422329667619666,40,40,0.35,0.20628249087076694,0.5168444536489906,1.0,0.7683642383498835,1.0,0.35,0.20628249087076694,0.5168444536489906,0.65,0.0,0.0,80,0.325,0.22445958517745324,0.4389370456044483,0.8846153846153846,0.6984595998924323,0.9755419246820378,0.2875,0.1917604719719651,0.3995451133120206,0.675,0.03750000000000001,3.469446951953614e-17,0.35
yoloworld,381961,17371,22,baby elephant on right,1,9,5,0,0.11125367017701371,5,5,1.0,0.47817624989501856,1.0,1.0,0.47817624989501856,1.0,1.0,0.47817624989501856,1.0,0.0,0.0,0.0,80,1.0,0.9549359649323077,1.0,1.0,0.9549359649323077,1.0,1.0,0.9549359649323077,1.0,0.0,0.0,0.0,1.0
yoloworld,381961,17371,22,baby elephant on right,1,9,5,0,0.11125367017701371,10,10,1.0,0.6915028921812392,1.0,1.0,0.6915028921812392,1.0,1.0,0.6915028921812392,1.0,0.0,0.0,0.0,80,1.0,0.9549359649323077,1.0,1.0,0.9549359649323077,1.0,1.0,0.9549359649323077,1.0,0.0,0.0,0.0,1.0
yoloworld,381961,17371,22,baby elephant on right,1,9,5,0,0.11125367017701371,20,20,1.0,0.8315665290169146,1.0,1.0,0.8315665290169146,1.0,1.0,0.8315665290169146,1.0,0.0,0.0,0.0,80,1.0,0.9549359649323077,1.0,1.0,0.9549359649323077,1.0,1.0,0.9549359649323077,1.0,0.0,0.0,0.0,1.0
yoloworld,381961,17371,22,baby elephant on right,1,9,5,0,0.11125367017701371,40,40,1.0,0.9119026971211976,1.0,1.0,0.9119026971211976,1.0,1.0,0.9119026971211976,1.0,0.0,0.0,0.0,80,1.0,0.9549359649323077,1.0,1.0,0.9549359649323077,1.0,1.0,0.9549359649323077,1.0,0.0,0.0,0.0,1.0
yoloworld,340345,20703,25,right giraffe,1,4,4,0,0.0,5,5,1.0,0.47817624989501856,1.0,0.8,0.2835820638819106,0.9949492366205319,0.8,0.2835820638819106,0.9949492366205319,0.0,0.19999999999999996,0.0,80,0.925,0.8438720682639279,0.9719794538231588,1.0,0.9513723837620105,1.0,0.925,0.8438720682639279,0.9719794538231588,0.07499999999999996,0.0,0.0,0.8
yoloworld,340345,20703,25,right giraffe,1,4,4,0,0.0,10,10,1.0,0.6915028921812392,1.0,0.9,0.5549838829718046,0.9974714214555382,0.9,0.5549838829718046,0.9974714214555382,0.0,0.09999999999999998,0.0,80,0.925,0.8438720682639279,0.9719794538231588,1.0,0.9513723837620105,1.0,0.925,0.8438720682639279,0.9719794538231588,0.07499999999999996,0.0,0.0,0.9
yoloworld,340345,20703,25,right giraffe,1,4,4,0,0.0,20,20,0.95,0.7512672372279723,0.9987349105020502,0.9473684210526315,0.7397193458047859,0.9986683711958205,0.9,0.6830172859809176,0.9876514728297052,0.050000000000000044,0.050000000000000044,1.1102230246251565e-16,80,0.925,0.8438720682639279,0.9719794538231588,1.0,0.9513723837620105,1.0,0.925,0.8438720682639279,0.9719794538231588,0.07499999999999996,0.0,0.0,0.9
yoloworld,340345,20703,25,right giraffe,1,4,4,0,0.0,40,40,0.925,0.796135251267101,0.9842578201489585,0.972972972972973,0.858396904388842,0.9993159689753053,0.9,0.7633626001239001,0.9720745847057807,0.07499999999999996,0.024999999999999953,6.938893903907228e-17,80,0.925,0.8438720682639279,0.9719794538231588,1.0,0.9513723837620105,1.0,0.925,0.8438720682639279,0.9719794538231588,0.07499999999999996,0.0,0.0,0.9
yoloworld,129722,38788,1,guy in red,1,3,3,1,0.949838142075341,5,5,0.6,0.14663279963467318,0.9472550494736831,1.0,0.29240177382128674,1.0,0.6,0.14663279963467318,0.9472550494736831,0.4,0.0,0.0,80,0.8375,0.7381631061748872,0.9105383582774708,1.0,0.9464303458729032,1.0,0.8375,0.7381631061748872,0.9105383582774708,0.16249999999999998,0.0,0.0,0.6
yoloworld,129722,38788,1,guy in red,1,3,3,1,0.949838142075341,10,10,0.8,0.4439045376923585,0.9747892736731666,1.0,0.6305833524471808,1.0,0.8,0.4439045376923585,0.9747892736731666,0.19999999999999996,0.0,0.0,80,0.8375,0.7381631061748872,0.9105383582774708,1.0,0.9464303458729032,1.0,0.8375,0.7381631061748872,0.9105383582774708,0.16249999999999998,0.0,0.0,0.8
yoloworld,129722,38788,1,guy in red,1,3,3,1,0.949838142075341,20,20,0.8,0.5633859970033317,0.9426660029499673,1.0,0.7940927857921773,1.0,0.8,0.5633859970033317,0.9426660029499673,0.19999999999999996,0.0,0.0,80,0.8375,0.7381631061748872,0.9105383582774708,1.0,0.9464303458729032,1.0,0.8375,0.7381631061748872,0.9105383582774708,0.16249999999999998,0.0,0.0,0.8
yoloworld,129722,38788,1,guy in red,1,3,3,1,0.949838142075341,40,40,0.775,0.6154883226965773,0.891603361015928,1.0,0.8878112530776301,1.0,0.775,0.6154883226965773,0.891603361015928,0.22499999999999998,0.0,0.0,80,0.8375,0.7381631061748872,0.9105383582774708,1.0,0.9464303458729032,1.0,0.8375,0.7381631061748872,0.9105383582774708,0.16249999999999998,0.0,0.0,0.775
yoloworld,252567,28556,1,catcher,0,0,0,0,0.0,5,0,0.0,,,,,,0.0,,,,,,0,0.0,,,,,,0.0,,,,,,0.0
yoloworld,252567,28556,1,catcher,0,0,0,0,0.0,10,0,0.0,,,,,,0.0,,,,,,0,0.0,,,,,,0.0,,,,,,0.0
yoloworld,252567,28556,1,catcher,0,0,0,0,0.0,20,0,0.0,,,,,,0.0,,,,,,0,0.0,,,,,,0.0,,,,,,0.0
yoloworld,252567,28556,1,catcher,0,0,0,0,0.0,40,0,0.0,,,,,,0.0,,,,,,0,0.0,,,,,,0.0,,,,,,0.0
yoloworld,119974,39681,5,plane on top,1,18,5,0,0.0,5,5,0.8,0.2835820638819106,0.9949492366205319,0.75,0.19412044968324346,0.9936905367902902,0.6,0.14663279963467318,0.9472550494736831,0.19999999999999996,0.2,5.551115123125783e-17,80,0.5125,0.39810466870318545,0.625942518555561,0.7073170731707317,0.5446260168346369,0.8387014302856923,0.3625,0.25789489537161814,0.47761272126480847,0.48750000000000004,0.15,8.326672684688674e-17,0.6
yoloworld,119974,39681,5,plane on top,1,18,5,0,0.0,10,10,0.7,0.34754714994000274,0.9332604888222655,0.8571428571428571,0.4212768029568048,0.9963897031380994,0.6,0.2623780766069451,0.8784477418801728,0.30000000000000004,0.10000000000000003,5.551115123125783e-17,80,0.5125,0.39810466870318545,0.625942518555561,0.7073170731707317,0.5446260168346369,0.8387014302856923,0.3625,0.25789489537161814,0.47761272126480847,0.48750000000000004,0.15,8.326672684688674e-17,0.6
yoloworld,119974,39681,5,plane on top,1,18,5,0,0.0,20,20,0.6,0.3605425873074897,0.8088099392746928,0.75,0.4281415381218109,0.9451393554720072,0.45,0.2305778967759242,0.6847218669594515,0.4,0.15,2.7755575615628914e-17,80,0.5125,0.39810466870318545,0.625942518555561,0.7073170731707317,0.5446260168346369,0.8387014302856923,0.3625,0.25789489537161814,0.47761272126480847,0.48750000000000004,0.15,8.326672684688674e-17,0.45
yoloworld,119974,39681,5,plane on top,1,18,5,0,0.0,40,40,0.55,0.38490679453401333,0.7074116499601201,0.7272727272727273,0.49777879873365116,0.892710751629603,0.4,0.24864998658774376,0.5667329478067034,0.44999999999999996,0.15,2.7755575615628914e-17,80,0.5125,0.39810466870318545,0.625942518555561,0.7073170731707317,0.5446260168346369,0.8387014302856923,0.3625,0.25789489537161814,0.47761272126480847,0.48750000000000004,0.15,8.326672684688674e-17,0.4
yoloworld,75843,43376,63,couch by window,1,8,5,1,0.9349585816793774,5,5,1.0,0.47817624989501856,1.0,0.8,0.2835820638819106,0.9949492366205319,0.8,0.2835820638819106,0.9949492366205319,0.0,0.19999999999999996,0.0,80,1.0,0.9549359649323077,1.0,0.8,0.6956311329945355,0.8811409135950147,0.8,0.6956311329945355,0.8811409135950147,0.0,0.19999999999999996,0.0,0.8
yoloworld,75843,43376,63,couch by window,1,8,5,1,0.9349585816793774,10,10,1.0,0.6915028921812392,1.0,0.8,0.4439045376923585,0.9747892736731666,0.8,0.4439045376923585,0.9747892736731666,0.0,0.19999999999999996,0.0,80,1.0,0.9549359649323077,1.0,0.8,0.6956311329945355,0.8811409135950147,0.8,0.6956311329945355,0.8811409135950147,0.0,0.19999999999999996,0.0,0.8
yoloworld,75843,43376,63,couch by window,1,8,5,1,0.9349585816793774,20,20,1.0,0.8315665290169146,1.0,0.75,0.5089541282920425,0.9134285308985653,0.75,0.5089541282920425,0.9134285308985653,0.0,0.25,0.0,80,1.0,0.9549359649323077,1.0,0.8,0.6956311329945355,0.8811409135950147,0.8,0.6956311329945355,0.8811409135950147,0.0,0.19999999999999996,0.0,0.75
yoloworld,75843,43376,63,couch by window,1,8,5,1,0.9349585816793774,40,40,1.0,0.9119026971211976,1.0,0.825,0.6722098666384142,0.9266172706479148,0.825,0.6722098666384142,0.9266172706479148,0.0,0.17500000000000004,0.0,80,1.0,0.9549359649323077,1.0,0.8,0.6956311329945355,0.8811409135950147,0.8,0.6956311329945355,0.8811409135950147,0.0,0.19999999999999996,0.0,0.825
yoloworld,390963,16600,1,guy right,1,3,3,0,0.0,5,5,1.0,0.47817624989501856,1.0,0.6,0.14663279963467318,0.9472550494736831,0.6,0.14663279963467318,0.9472550494736831,0.0,0.4,0.0,80,1.0,0.9549359649323077,1.0,0.5125,0.39810466870318545,0.625942518555561,0.5125,0.39810466870318545,0.625942518555561,0.0,0.48750000000000004,0.0,0.6
yoloworld,390963,16600,1,guy right,1,3,3,0,0.0,10,10,1.0,0.6915028921812392,1.0,0.6,0.2623780766069451,0.8784477418801728,0.6,0.2623780766069451,0.8784477418801728,0.0,0.4,0.0,80,1.0,0.9549359649323077,1.0,0.5125,0.39810466870318545,0.625942518555561,0.5125,0.39810466870318545,0.625942518555561,0.0,0.48750000000000004,0.0,0.6
yoloworld,390963,16600,1,guy right,1,3,3,0,0.0,20,20,1.0,0.8315665290169146,1.0,0.55,0.3152781330405486,0.7694221032240758,0.55,0.3152781330405486,0.7694221032240758,0.0,0.44999999999999996,0.0,80,1.0,0.9549359649323077,1.0,0.5125,0.39810466870318545,0.625942518555561,0.5125,0.39810466870318545,0.625942518555561,0.0,0.48750000000000004,0.0,0.55
yoloworld,390963,16600,1,guy right,1,3,3,0,0.0,40,40,1.0,0.9119026971211976,1.0,0.55,0.38490679453401333,0.7074116499601201,0.55,0.38490679453401333,0.7074116499601201,0.0,0.44999999999999996,0.0,80,1.0,0.9549359649323077,1.0,0.5125,0.39810466870318545,0.625942518555561,0.5125,0.39810466870318545,0.625942518555561,0.0,0.48750000000000004,0.0,0.55
yoloworld,169653,35514,1,umpire,0,0,0,0,0.0,5,0,0.0,,,,,,0.0,,,,,,0,0.0,,,,,,0.0,,,,,,0.0
yoloworld,169653,35514,1,umpire,0,0,0,0,0.0,10,0,0.0,,,,,,0.0,,,,,,0,0.0,,,,,,0.0,,,,,,0.0
yoloworld,169653,35514,1,umpire,0,0,0,0,0.0,20,0,0.0,,,,,,0.0,,,,,,0,0.0,,,,,,0.0,,,,,,0.0
yoloworld,169653,35514,1,umpire,0,0,0,0,0.0,40,0,0.0,,,,,,0.0,,,,,,0,0.0,,,,,,0.0,,,,,,0.0
yoloworld,372588,18151,65,bed farthest from the tv,1,4,4,0,0.0,5,5,1.0,0.47817624989501856,1.0,0.2,0.005050763379468061,0.7164179361180893,0.2,0.005050763379468061,0.7164179361180893,0.0,0.8,0.0,80,1.0,0.9549359649323077,1.0,0.65,0.5352031145206642,0.7533280635274648,0.65,0.5352031145206642,0.7533280635274648,0.0,0.35,0.0,0.2
yoloworld,372588,18151,65,bed farthest from the tv,1,4,4,0,0.0,10,10,1.0,0.6915028921812392,1.0,0.2,0.02521072632683339,0.5560954623076415,0.2,0.02521072632683339,0.5560954623076415,0.0,0.8,0.0,80,1.0,0.9549359649323077,1.0,0.65,0.5352031145206642,0.7533280635274648,0.65,0.5352031145206642,0.7533280635274648,0.0,0.35,0.0,0.2
yoloworld,372588,18151,65,bed farthest from the tv,1,4,4,0,0.0,20,20,1.0,0.8315665290169146,1.0,0.35,0.15390920478454118,0.5921885345328282,0.35,0.15390920478454118,0.5921885345328282,0.0,0.65,0.0,80,1.0,0.9549359649323077,1.0,0.65,0.5352031145206642,0.7533280635274648,0.65,0.5352031145206642,0.7533280635274648,0.0,0.35,0.0,0.35
yoloworld,372588,18151,65,bed farthest from the tv,1,4,4,0,0.0,40,40,0.975,0.8684141415172343,0.9993672550679505,0.46153846153846156,0.30094780300750784,0.6281892527934811,0.45,0.29258835003987993,0.6150932054659867,0.025000000000000022,0.5249999999999999,1.1102230246251565e-16,80,1.0,0.9549359649323077,1.0,0.65,0.5352031145206642,0.7533280635274648,0.65,0.5352031145206642,0.7533280635274648,0.0,0.35,0.0,0.45
yoloworld,112040,40309,6,farthest left truck,1,6,5,0,0.032039278205664934,5,5,1.0,0.47817624989501856,1.0,1.0,0.47817624989501856,1.0,1.0,0.47817624989501856,1.0,0.0,0.0,0.0,80,1.0,0.9549359649323077,1.0,0.975,0.9125928440694078,0.9969579138351904,0.975,0.9125928440694078,0.9969579138351904,0.0,0.025000000000000022,0.0,1.0
yoloworld,112040,40309,6,farthest left truck,1,6,5,0,0.032039278205664934,10,10,1.0,0.6915028921812392,1.0,1.0,0.6915028921812392,1.0,1.0,0.6915028921812392,1.0,0.0,0.0,0.0,80,1.0,0.9549359649323077,1.0,0.975,0.9125928440694078,0.9969579138351904,0.975,0.9125928440694078,0.9969579138351904,0.0,0.025000000000000022,0.0,1.0
yoloworld,112040,40309,6,farthest left truck,1,6,5,0,0.032039278205664934,20,20,1.0,0.8315665290169146,1.0,1.0,0.8315665290169146,1.0,1.0,0.8315665290169146,1.0,0.0,0.0,0.0,80,1.0,0.9549359649323077,1.0,0.975,0.9125928440694078,0.9969579138351904,0.975,0.9125928440694078,0.9969579138351904,0.0,0.025000000000000022,0.0,1.0
yoloworld,112040,40309,6,farthest left truck,1,6,5,0,0.032039278205664934,40,40,1.0,0.9119026971211976,1.0,1.0,0.9119026971211976,1.0,1.0,0.9119026971211976,1.0,0.0,0.0,0.0,80,1.0,0.9549359649323077,1.0,0.975,0.9125928440694078,0.9969579138351904,0.975,0.9125928440694078,0.9969579138351904,0.0,0.025000000000000022,0.0,1.0
yoloworld,425063,13648,60,front chocolate covered donut on right,1,17,5,0,0.0,5,5,0.8,0.2835820638819106,0.9949492366205319,0.25,0.0063094632097098705,0.8058795503167565,0.2,0.005050763379468061,0.7164179361180893,0.19999999999999996,0.6000000000000001,0.0,80,0.825,0.7238459604789864,0.9008894901605713,0.42424242424242425,0.3034019330383384,0.5521059622912406,0.35,0.2466719364725351,0.4647968854793358,0.17500000000000004,0.4749999999999999,5.551115123125783e-17,0.2
yoloworld,425063,13648,60,front chocolate covered donut on right,1,17,5,0,0.0,10,10,0.7,0.34754714994000274,0.9332604888222655,0.2857142857142857,0.03669256617608557,0.7095791362626572,0.2,0.02521072632683339,0.5560954623076415,0.30000000000000004,0.5,0.0,80,0.825,0.7238459604789864,0.9008894901605713,0.42424242424242425,0.3034019330383384,0.5521059622912406,0.35,0.2466719364725351,0.4647968854793358,0.17500000000000004,0.4749999999999999,5.551115123125783e-17,0.2
yoloworld,425063,13648,60,front chocolate covered donut on right,1,17,5,0,0.0,20,20,0.8,0.5633859970033317,0.9426660029499673,0.4375,0.1975341405326679,0.7012231009168222,0.35,0.15390920478454118,0.5921885345328282,0.19999999999999996,0.45,5.551115123125783e-17,80,0.825,0.7238459604789864,0.9008894901605713,0.42424242424242425,0.3034019330383384,0.5521059622912406,0.35,0.2466719364725351,0.4647968854793358,0.17500000000000004,0.4749999999999999,5.551115123125783e-17,0.35
yoloworld,425063,13648,60,front chocolate covered donut on right,1,17,5,0,0.0,40,40,0.8,0.6435219813207653,0.9094775906000093,0.40625,0.2369841005517431,0.5935507534235236,0.325,0.18572896676334988,0.4912948754784484,0.19999999999999996,0.47500000000000003,5.551115123125783e-17,80,0.825,0.7238459604789864,0.9008894901605713,0.42424242424242425,0.3034019330383384,0.5521059622912406,0.35,0.2466719364725351,0.4647968854793358,0.17500000000000004,0.4749999999999999,5.551115123125783e-17,0.325
yoloworld,443084,12142,1,sitting person,1,3,3,0,0.44763030655944597,5,5,1.0,0.47817624989501856,1.0,1.0,0.47817624989501856,1.0,1.0,0.47817624989501856,1.0,0.0,0.0,0.0,80,1.0,0.9549359649323077,1.0,0.8875,0.7971534080830098,0.9472484868543125,0.8875,0.7971534080830098,0.9472484868543125,0.0,0.11250000000000004,0.0,1.0
yoloworld,443084,12142,1,sitting person,1,3,3,0,0.44763030655944597,10,10,1.0,0.6915028921812392,1.0,0.9,0.5549838829718046,0.9974714214555382,0.9,0.5549838829718046,0.9974714214555382,0.0,0.09999999999999998,0.0,80,1.0,0.9549359649323077,1.0,0.8875,0.7971534080830098,0.9472484868543125,0.8875,0.7971534080830098,0.9472484868543125,0.0,0.11250000000000004,0.0,0.9
yoloworld,443084,12142,1,sitting person,1,3,3,0,0.44763030655944597,20,20,1.0,0.8315665290169146,1.0,0.9,0.6830172859809176,0.9876514728297052,0.9,0.6830172859809176,0.9876514728297052,0.0,0.09999999999999998,0.0,80,1.0,0.9549359649323077,1.0,0.8875,0.7971534080830098,0.9472484868543125,0.8875,0.7971534080830098,0.9472484868543125,0.0,0.11250000000000004,0.0,0.9
yoloworld,443084,12142,1,sitting person,1,3,3,0,0.44763030655944597,40,40,1.0,0.9119026971211976,1.0,0.925,0.796135251267101,0.9842578201489585,0.925,0.796135251267101,0.9842578201489585,0.0,0.07499999999999996,0.0,80,1.0,0.9549359649323077,1.0,0.8875,0.7971534080830098,0.9472484868543125,0.8875,0.7971534080830098,0.9472484868543125,0.0,0.11250000000000004,0.0,0.925
yoloworld,504878,6710,82,far bottomright fridge,1,19,5,1,0.5472401322810565,5,5,0.6,0.14663279963467318,0.9472550494736831,1.0,0.29240177382128674,1.0,0.6,0.14663279963467318,0.9472550494736831,0.4,0.0,0.0,80,0.875,0.7821108659305637,0.9383979034415657,0.8857142857142857,0.7871719578309097,0.9493478012096436,0.775,0.6679136799387491,0.8608627895010682,0.125,0.10000000000000003,5.551115123125783e-17,0.6
yoloworld,504878,6710,82,far bottomright fridge,1,19,5,1,0.5472401322810565,10,10,0.8,0.4439045376923585,0.9747892736731666,0.875,0.4734903291247935,0.9968402764687481,0.7,0.34754714994000274,0.9332604888222655,0.19999999999999996,0.1,8.326672684688674e-17,80,0.875,0.7821108659305637,0.9383979034415657,0.8857142857142857,0.7871719578309097,0.9493478012096436,0.775,0.6679136799387491,0.8608627895010682,0.125,0.10000000000000003,5.551115123125783e-17,0.7
yoloworld,504878,6710,82,far bottomright fridge,1,19,5,1,0.5472401322810565,20,20,0.9,0.6830172859809176,0.9876514728297052,0.7777777777777778,0.52362723426352,0.9359079522823335,0.7,0.4572108177237109,0.8810684095942722,0.09999999999999998,0.19999999999999998,8.326672684688674e-17,80,0.875,0.7821108659305637,0.9383979034415657,0.8857142857142857,0.7871719578309097,0.9493478012096436,0.775,0.6679136799387491,0.8608627895010682,0.125,0.10000000000000003,5.551115123125783e-17,0.7
yoloworld,504878,6710,82,far bottomright fridge,1,19,5,1,0.5472401322810565,40,40,0.9,0.7633626001239001,0.9720745847057807,0.7222222222222222,0.5481388549321609,0.857997552736598,0.65,0.48315554635100944,0.793717509129233,0.09999999999999998,0.25,0.0,80,0.875,0.7821108659305637,0.9383979034415657,0.8857142857142857,0.7871719578309097,0.9493478012096436,0.775,0.6679136799387491,0.8608627895010682,0.125,0.10000000000000003,5.551115123125783e-17,0.65
yoloworld,16814,48551,28,white umbrella,1,3,3,0,0.010862028456636872,5,5,1.0,0.47817624989501856,1.0,1.0,0.47817624989501856,1.0,1.0,0.47817624989501856,1.0,0.0,0.0,0.0,80,1.0,0.9549359649323077,1.0,1.0,0.9549359649323077,1.0,1.0,0.9549359649323077,1.0,0.0,0.0,0.0,1.0
yoloworld,16814,48551,28,white umbrella,1,3,3,0,0.010862028456636872,10,10,1.0,0.6915028921812392,1.0,1.0,0.6915028921812392,1.0,1.0,0.6915028921812392,1.0,0.0,0.0,0.0,80,1.0,0.9549359649323077,1.0,1.0,0.9549359649323077,1.0,1.0,0.9549359649323077,1.0,0.0,0.0,0.0,1.0
yoloworld,16814,48551,28,white umbrella,1,3,3,0,0.010862028456636872,20,20,1.0,0.8315665290169146,1.0,1.0,0.8315665290169146,1.0,1.0,0.8315665290169146,1.0,0.0,0.0,0.0,80,1.0,0.9549359649323077,1.0,1.0,0.9549359649323077,1.0,1.0,0.9549359649323077,1.0,0.0,0.0,0.0,1.0
yoloworld,16814,48551,28,white umbrella,1,3,3,0,0.010862028456636872,40,40,1.0,0.9119026971211976,1.0,1.0,0.9119026971211976,1.0,1.0,0.9119026971211976,1.0,0.0,0.0,0.0,80,1.0,0.9549359649323077,1.0,1.0,0.9549359649323077,1.0,1.0,0.9549359649323077,1.0,0.0,0.0,0.0,1.0
yoloworld,372112,18196,25,closest giraffe,1,2,2,1,0.9896823761308715,5,5,1.0,0.47817624989501856,1.0,1.0,0.47817624989501856,1.0,1.0,0.47817624989501856,1.0,0.0,0.0,0.0,80,1.0,0.9549359649323077,1.0,1.0,0.9549359649323077,1.0,1.0,0.9549359649323077,1.0,0.0,0.0,0.0,1.0
yoloworld,372112,18196,25,closest giraffe,1,2,2,1,0.9896823761308715,10,10,1.0,0.6915028921812392,1.0,1.0,0.6915028921812392,1.0,1.0,0.6915028921812392,1.0,0.0,0.0,0.0,80,1.0,0.9549359649323077,1.0,1.0,0.9549359649323077,1.0,1.0,0.9549359649323077,1.0,0.0,0.0,0.0,1.0
yoloworld,372112,18196,25,closest giraffe,1,2,2,1,0.9896823761308715,20,20,1.0,0.8315665290169146,1.0,1.0,0.8315665290169146,1.0,1.0,0.8315665290169146,1.0,0.0,0.0,0.0,80,1.0,0.9549359649323077,1.0,1.0,0.9549359649323077,1.0,1.0,0.9549359649323077,1.0,0.0,0.0,0.0,1.0
yoloworld,372112,18196,25,closest giraffe,1,2,2,1,0.9896823761308715,40,40,1.0,0.9119026971211976,1.0,1.0,0.9119026971211976,1.0,1.0,0.9119026971211976,1.0,0.0,0.0,0.0,80,1.0,0.9549359649323077,1.0,1.0,0.9549359649323077,1.0,1.0,0.9549359649323077,1.0,0.0,0.0,0.0,1.0
yoloworld,556399,2283,52,right top object,1,2,2,0,0.011157476858035493,5,5,0.2,0.005050763379468061,0.7164179361180893,1.0,0.025000000000000022,1.0,0.2,0.005050763379468061,0.7164179361180893,0.8,0.0,0.0,80,0.35,0.2466719364725351,0.4647968854793358,1.0,0.8765638814997362,1.0,0.35,0.2466719364725351,0.4647968854793358,0.65,0.0,0.0,0.2
yoloworld,556399,2283,52,right top object,1,2,2,0,0.011157476858035493,10,10,0.3,0.0667395111777345,0.6524528500599973,1.0,0.29240177382128674,1.0,0.3,0.0667395111777345,0.6524528500599973,0.7,0.0,0.0,80,0.35,0.2466719364725351,0.4647968854793358,1.0,0.8765638814997362,1.0,0.35,0.2466719364725351,0.4647968854793358,0.65,0.0,0.0,0.3
yoloworld,556399,2283,52,right top object,1,2,2,0,0.011157476858035493,20,20,0.35,0.15390920478454118,0.5921885345328282,1.0,0.5903836027749967,1.0,0.35,0.15390920478454118,0.5921885345328282,0.65,0.0,0.0,80,0.35,0.2466719364725351,0.4647968854793358,1.0,0.8765638814997362,1.0,0.35,0.2466719364725351,0.4647968854793358,0.65,0.0,0.0,0.35
yoloworld,556399,2283,52,right top object,1,2,2,0,0.011157476858035493,40,40,0.325,0.18572896676334988,0.4912948754784484,1.0,0.752947361999529,1.0,0.325,0.18572896676334988,0.4912948754784484,0.675,0.0,0.0,80,0.35,0.2466719364725351,0.4647968854793358,1.0,0.8765638814997362,1.0,0.35,0.2466719364725351,0.4647968854793358,0.65,0.0,0.0,0.325
yoloworld,114249,40166,1,25,0,0,0,0,0.0,5,0,0.0,,,,,,0.0,,,,,,0,0.0,,,,,,0.0,,,,,,0.0
yoloworld,114249,40166,1,25,0,0,0,0,0.0,10,0,0.0,,,,,,0.0,,,,,,0,0.0,,,,,,0.0,,,,,,0.0
yoloworld,114249,40166,1,25,0,0,0,0,0.0,20,0,0.0,,,,,,0.0,,,,,,0,0.0,,,,,,0.0,,,,,,0.0
yoloworld,114249,40166,1,25,0,0,0,0,0.0,40,0,0.0,,,,,,0.0,,,,,,0,0.0,,,,,,0.0,,,,,,0.0
yoloworld,38033,46779,54,the right half of the left sandwich,0,0,0,0,0.0,5,0,0.0,,,,,,0.0,,,,,,0,0.0,,,,,,0.0,,,,,,0.0
yoloworld,38033,46779,54,the right half of the left sandwich,0,0,0,0,0.0,10,0,0.0,,,,,,0.0,,,,,,0,0.0,,,,,,0.0,,,,,,0.0
yoloworld,38033,46779,54,the right half of the left sandwich,0,0,0,0,0.0,20,0,0.0,,,,,,0.0,,,,,,0,0.0,,,,,,0.0,,,,,,0.0
yoloworld,38033,46779,54,the right half of the left sandwich,0,0,0,0,0.0,40,0,0.0,,,,,,0.0,,,,,,0,0.0,,,,,,0.0,,,,,,0.0
yoloworld,29456,47472,6,rear bus next to old dude in brown,1,13,5,0,0.34145496051268176,5,5,1.0,0.47817624989501856,1.0,1.0,0.47817624989501856,1.0,1.0,0.47817624989501856,1.0,0.0,0.0,0.0,80,0.975,0.9125928440694078,0.9969579138351904,1.0,0.9538075796719513,1.0,0.975,0.9125928440694078,0.9969579138351904,0.025000000000000022,0.0,0.0,1.0
yoloworld,29456,47472,6,rear bus next to old dude in brown,1,13,5,0,0.34145496051268176,10,10,1.0,0.6915028921812392,1.0,1.0,0.6915028921812392,1.0,1.0,0.6915028921812392,1.0,0.0,0.0,0.0,80,0.975,0.9125928440694078,0.9969579138351904,1.0,0.9538075796719513,1.0,0.975,0.9125928440694078,0.9969579138351904,0.025000000000000022,0.0,0.0,1.0
yoloworld,29456,47472,6,rear bus next to old dude in brown,1,13,5,0,0.34145496051268176,20,20,1.0,0.8315665290169146,1.0,1.0,0.8315665290169146,1.0,1.0,0.8315665290169146,1.0,0.0,0.0,0.0,80,0.975,0.9125928440694078,0.9969579138351904,1.0,0.9538075796719513,1.0,0.975,0.9125928440694078,0.9969579138351904,0.025000000000000022,0.0,0.0,1.0
yoloworld,29456,47472,6,rear bus next to old dude in brown,1,13,5,0,0.34145496051268176,40,40,1.0,0.9119026971211976,1.0,1.0,0.9119026971211976,1.0,1.0,0.9119026971211976,1.0,0.0,0.0,0.0,80,0.975,0.9125928440694078,0.9969579138351904,1.0,0.9538075796719513,1.0,0.975,0.9125928440694078,0.9969579138351904,0.025000000000000022,0.0,0.0,1.0
yoloworld,222086,31118,1,girl with brown hair closest to camera hair in a bun,0,1,0,0,0.0,5,0,0.0,,,,,,0.0,,,,,,0,0.0,,,,,,0.0,,,,,,0.0
yoloworld,222086,31118,1,girl with brown hair closest to camera hair in a bun,0,1,0,0,0.0,10,0,0.0,,,,,,0.0,,,,,,0,0.0,,,,,,0.0,,,,,,0.0
yoloworld,222086,31118,1,girl with brown hair closest to camera hair in a bun,0,1,0,0,0.0,20,0,0.0,,,,,,0.0,,,,,,0,0.0,,,,,,0.0,,,,,,0.0
yoloworld,222086,31118,1,girl with brown hair closest to camera hair in a bun,0,1,0,0,0.0,40,0,0.0,,,,,,0.0,,,,,,0,0.0,,,,,,0.0,,,,,,0.0
yoloworld,52928,45438,1,guy in middle cutting cake,1,3,3,0,0.0043068302466134694,5,5,0.6,0.14663279963467318,0.9472550494736831,1.0,0.29240177382128674,1.0,0.6,0.14663279963467318,0.9472550494736831,0.4,0.0,0.0,80,0.5125,0.39810466870318545,0.625942518555561,1.0,0.9139561637059715,1.0,0.5125,0.39810466870318545,0.625942518555561,0.48750000000000004,0.0,0.0,0.6
yoloworld,52928,45438,1,guy in middle cutting cake,1,3,3,0,0.0043068302466134694,10,10,0.6,0.2623780766069451,0.8784477418801728,1.0,0.5407418735600996,1.0,0.6,0.2623780766069451,0.8784477418801728,0.4,0.0,0.0,80,0.5125,0.39810466870318545,0.625942518555561,1.0,0.9139561637059715,1.0,0.5125,0.39810466870318545,0.625942518555561,0.48750000000000004,0.0,0.0,0.6
yoloworld,52928,45438,1,guy in middle cutting cake,1,3,3,0,0.0043068302466134694,20,20,0.6,0.3605425873074897,0.8088099392746928,1.0,0.7353515306029488,1.0,0.6,0.3605425873074897,0.8088099392746928,0.4,0.0,0.0,80,0.5125,0.39810466870318545,0.625942518555561,1.0,0.9139561637059715,1.0,0.5125,0.39810466870318545,0.625942518555561,0.48750000000000004,0.0,0.0,0.6
yoloworld,52928,45438,1,guy in middle cutting cake,1,3,3,0,0.0043068302466134694,40,40,0.55,0.38490679453401333,0.7074116499601201,1.0,0.8456274871844255,1.0,0.55,0.38490679453401333,0.7074116499601201,0.44999999999999996,0.0,0.0,80,0.5125,0.39810466870318545,0.625942518555561,1.0,0.9139561637059715,1.0,0.5125,0.39810466870318545,0.625942518555561,0.48750000000000004,0.0,0.0,0.55
yoloworld,269532,27072,20,front sheep,1,11,5,1,0.9399154260510348,5,5,1.0,0.47817624989501856,1.0,0.4,0.05274495052631693,0.8533672003653268,0.4,0.05274495052631693,0.8533672003653268,0.0,0.6,0.0,80,0.8,0.6956311329945355,0.8811409135950147,0.546875,0.4174763153160475,0.6717928854962819,0.4375,0.32676395343377895,0.5530024286118197,0.19999999999999996,0.36250000000000004,0.0,0.4
yoloworld,269532,27072,20,front sheep,1,11,5,1,0.9399154260510348,10,10,0.9,0.5549838829718046,0.9974714214555382,0.4444444444444444,0.13699566226516652,0.7879914932211319,0.4,0.1215522581198272,0.7376219233930549,0.09999999999999998,0.5,0.0,80,0.8,0.6956311329945355,0.8811409135950147,0.546875,0.4174763153160475,0.6717928854962819,0.4375,0.32676395343377895,0.5530024286118197,0.19999999999999996,0.36250000000000004,0.0,0.4
yoloworld,269532,27072,20,front sheep,1,11,5,1,0.9399154260510348,20,20,0.9,0.6830172859809176,0.9876514728297052,0.3333333333333333,0.13342740250612353,0.5900747618279255,0.3,0.1189315904057277,0.5427891822762891,0.09999999999999998,0.6000000000000001,1.1102230246251565e-16,80,0.8,0.6956311329945355,0.8811409135950147,0.546875,0.4174763153160475,0.6717928854962819,0.4375,0.32676395343377895,0.5530024286118197,0.19999999999999996,0.36250000000000004,0.0,0.3
yoloworld,269532,27072,20,front sheep,1,11,5,1,0.9399154260510348,40,40,0.8,0.6435219813207653,0.9094775906000093,0.4375,0.2636381244109848,0.623374268409906,0.35,0.20628249087076694,0.5168444536489906,0.19999999999999996,0.45,5.551115123125783e-17,80,0.8,0.6956311329945355,0.8811409135950147,0.546875,0.4174763153160475,0.6717928854962819,0.4375,0.32676395343377895,0.5530024286118197,0.19999999999999996,0.36250000000000004,0.0,0.35
yoloworld,238007,29805,51,mushrooms,1,7,5,0,0.011070724433077501,5,5,0.6,0.14663279963467318,0.9472550494736831,1.0,0.29240177382128674,1.0,0.6,0.14663279963467318,0.9472550494736831,0.4,0.0,0.0,80,0.3125,0.21347463110876724,0.4258890738564495,0.96,0.796483086077586,0.9989878003006891,0.3,0.20257392914667277,0.412759323081376,0.6875,0.012500000000000011,5.551115123125783e-17,0.6
yoloworld,238007,29805,51,mushrooms,1,7,5,0,0.011070724433077501,10,10,0.4,0.1215522581198272,0.7376219233930549,1.0,0.3976353643835254,1.0,0.4,0.1215522581198272,0.7376219233930549,0.6,0.0,0.0,80,0.3125,0.21347463110876724,0.4258890738564495,0.96,0.796483086077586,0.9989878003006891,0.3,0.20257392914667277,0.412759323081376,0.6875,0.012500000000000011,5.551115123125783e-17,0.4
yoloworld,238007,29805,51,mushrooms,1,7,5,0,0.011070724433077501,20,20,0.3,0.1189315904057277,0.5427891822762891,1.0,0.5407418735600996,1.0,0.3,0.1189315904057277,0.5427891822762891,0.7,0.0,0.0,80,0.3125,0.21347463110876724,0.4258890738564495,0.96,0.796483086077586,0.9989878003006891,0.3,0.20257392914667277,0.412759323081376,0.6875,0.012500000000000011,5.551115123125783e-17,0.3
yoloworld,238007,29805,51,mushrooms,1,7,5,0,0.011070724433077501,40,40,0.35,0.20628249087076694,0.5168444536489906,1.0,0.7683642383498835,1.0,0.35,0.20628249087076694,0.5168444536489906,0.65,0.0,0.0,80,0.3125,0.21347463110876724,0.4258890738564495,0.96,0.796483086077586,0.9989878003006891,0.3,0.20257392914667277,0.412759323081376,0.6875,0.012500000000000011,5.551115123125783e-17,0.35
yoloworld,515401,5817,33,suitcase right,1,4,4,0,0.0,5,5,0.4,0.05274495052631693,0.8533672003653268,1.0,0.15811388300841903,1.0,0.4,0.05274495052631693,0.8533672003653268,0.6,0.0,0.0,80,0.425,0.3151097654523422,0.5406111885690619,1.0,0.8971820757409874,1.0,0.425,0.3151097654523422,0.5406111885690619,0.575,0.0,0.0,0.4
yoloworld,515401,5817,33,suitcase right,1,4,4,0,0.0,10,10,0.4,0.1215522581198272,0.7376219233930549,1.0,0.3976353643835254,1.0,0.4,0.1215522581198272,0.7376219233930549,0.6,0.0,0.0,80,0.425,0.3151097654523422,0.5406111885690619,1.0,0.8971820757409874,1.0,0.425,0.3151097654523422,0.5406111885690619,0.575,0.0,0.0,0.4
yoloworld,515401,5817,33,suitcase right,1,4,4,0,0.0,20,20,0.5,0.27195784956079183,0.7280421504392082,1.0,0.6915028921812392,1.0,0.5,0.27195784956079183,0.7280421504392082,0.5,0.0,0.0,80,0.425,0.3151097654523422,0.5406111885690619,1.0,0.8971820757409874,1.0,0.425,0.3151097654523422,0.5406111885690619,0.575,0.0,0.0,0.5
yoloworld,515401,5817,33,suitcase right,1,4,4,0,0.0,40,40,0.475,0.31511970663498623,0.6387198647359378,1.0,0.8235330881930346,1.0,0.475,0.31511970663498623,0.6387198647359378,0.525,0.0,0.0,80,0.425,0.3151097654523422,0.5406111885690619,1.0,0.8971820757409874,1.0,0.425,0.3151097654523422,0.5406111885690619,0.575,0.0,0.0,0.475
yoloworld,80826,42925,1,blue shirt,0,1,0,1,0.6081615666971438,5,0,0.0,,,,,,0.0,,,,,,0,0.0,,,,,,0.0,,,,,,0.0
yoloworld,80826,42925,1,blue shirt,0,1,0,1,0.6081615666971438,10,0,0.0,,,,,,0.0,,,,,,0,0.0,,,,,,0.0,,,,,,0.0
yoloworld,80826,42925,1,blue shirt,0,1,0,1,0.6081615666971438,20,0,0.0,,,,,,0.0,,,,,,0,0.0,,,,,,0.0,,,,,,0.0
yoloworld,80826,42925,1,blue shirt,0,1,0,1,0.6081615666971438,40,0,0.0,,,,,,0.0,,,,,,0,0.0,,,,,,0.0,,,,,,0.0
yoloworld,249429,28820,62,lounge chair on back left side,0,1,0,0,0.05931738617399938,5,0,0.0,,,,,,0.0,,,,,,0,0.0,,,,,,0.0,,,,,,0.0
yoloworld,249429,28820,62,lounge chair on back left side,0,1,0,0,0.05931738617399938,10,0,0.0,,,,,,0.0,,,,,,0,0.0,,,,,,0.0,,,,,,0.0
yoloworld,249429,28820,62,lounge chair on back left side,0,1,0,0,0.05931738617399938,20,0,0.0,,,,,,0.0,,,,,,0,0.0,,,,,,0.0,,,,,,0.0
yoloworld,249429,28820,62,lounge chair on back left side,0,1,0,0,0.05931738617399938,40,0,0.0,,,,,,0.0,,,,,,0,0.0,,,,,,0.0,,,,,,0.0
yoloworld,544109,3343,1,woman sitting on floor with legs apart,1,6,5,1,0.6987606837067895,5,5,0.8,0.2835820638819106,0.9949492366205319,1.0,0.3976353643835254,1.0,0.8,0.2835820638819106,0.9949492366205319,0.19999999999999996,0.0,0.0,80,0.875,0.7821108659305637,0.9383979034415657,0.9857142857142858,0.9229562376632335,0.9996383824281968,0.8625,0.7672791291752744,0.9293121672961213,0.125,0.012499999999999956,0.0,0.8
yoloworld,544109,3343,1,woman sitting on floor with legs apart,1,6,5,1,0.6987606837067895,10,10,0.9,0.5549838829718046,0.9974714214555382,1.0,0.6637328831200572,1.0,0.9,0.5549838829718046,0.9974714214555382,0.09999999999999998,0.0,0.0,80,0.875,0.7821108659305637,0.9383979034415657,0.9857142857142858,0.9229562376632335,0.9996383824281968,0.8625,0.7672791291752744,0.9293121672961213,0.125,0.012499999999999956,0.0,0.9
yoloworld,544109,3343,1,woman sitting on floor with legs apart,1,6,5,1,0.6987606837067895,20,20,0.85,0.6210731734546859,0.9679290628145363,0.9411764705882353,0.7131106033327794,0.9985118256087334,0.8,0.5633859970033317,0.9426660029499673,0.15000000000000002,0.05000000000000001,7.632783294297951e-17,80,0.875,0.7821108659305637,0.9383979034415657,0.9857142857142858,0.9229562376632335,0.9996383824281968,0.8625,0.7672791291752744,0.9293121672961213,0.125,0.012499999999999956,0.0,0.8
yoloworld,544109,3343,1,woman sitting on floor with legs apart,1,6,5,1,0.6987606837067895,40,40,0.85,0.7016473331604236,0.9428977418454741,0.9705882352941176,0.8467323304396823,0.9992556357653097,0.825,0.6722098666384142,0.9266172706479148,0.15000000000000002,0.025000000000000005,1.734723475976807e-17,80,0.875,0.7821108659305637,0.9383979034415657,0.9857142857142858,0.9229562376632335,0.9996383824281968,0.8625,0.7672791291752744,0.9293121672961213,0.125,0.012499999999999956,0.0,0.825
yoloworld,348382,20051,25,right giraffe,1,4,4,0,0.3186791055752462,5,5,1.0,0.47817624989501856,1.0,1.0,0.47817624989501856,1.0,1.0,0.47817624989501856,1.0,0.0,0.0,0.0,80,0.8125,0.7096721043523089,0.8910863118524706,1.0,0.9448283656811867,1.0,0.8125,0.7096721043523089,0.8910863118524706,0.1875,0.0,0.0,1.0
yoloworld,348382,20051,25,right giraffe,1,4,4,0,0.3186791055752462,10,10,1.0,0.6915028921812392,1.0,1.0,0.6915028921812392,1.0,1.0,0.6915028921812392,1.0,0.0,0.0,0.0,80,0.8125,0.7096721043523089,0.8910863118524706,1.0,0.9448283656811867,1.0,0.8125,0.7096721043523089,0.8910863118524706,0.1875,0.0,0.0,1.0
yoloworld,348382,20051,25,right giraffe,1,4,4,0,0.3186791055752462,20,20,0.85,0.6210731734546859,0.9679290628145363,1.0,0.8049356770309068,1.0,0.85,0.6210731734546859,0.9679290628145363,0.15000000000000002,0.0,0.0,80,0.8125,0.7096721043523089,0.8910863118524706,1.0,0.9448283656811867,1.0,0.8125,0.7096721043523089,0.8910863118524706,0.1875,0.0,0.0,0.85
yoloworld,348382,20051,25,right giraffe,1,4,4,0,0.3186791055752462,40,40,0.875,0.7319670826382796,0.9581403738613833,1.0,0.8999675644278949,1.0,0.875,0.7319670826382796,0.9581403738613833,0.125,0.0,0.0,80,0.8125,0.7096721043523089,0.8910863118524706,1.0,0.9448283656811867,1.0,0.8125,0.7096721043523089,0.8910863118524706,0.1875,0.0,0.0,0.875
yoloworld,28451,47579,55,left lemon,1,3,3,0,0.03716160437315357,5,5,1.0,0.47817624989501856,1.0,0.4,0.05274495052631693,0.8533672003653268,0.4,0.05274495052631693,0.8533672003653268,0.0,0.6,0.0,80,1.0,0.9549359649323077,1.0,0.5,0.38604788336490925,0.6139521166350907,0.5,0.38604788336490925,0.6139521166350907,0.0,0.5,0.0,0.4
yoloworld,28451,47579,55,left lemon,1,3,3,0,0.03716160437315357,10,10,1.0,0.6915028921812392,1.0,0.5,0.18708602844739855,0.8129139715526015,0.5,0.18708602844739855,0.8129139715526015,0.0,0.5,0.0,80,1.0,0.9549359649323077,1.0,0.5,0.38604788336490925,0.6139521166350907,0.5,0.38604788336490925,0.6139521166350907,0.0,0.5,0.0,0.5
yoloworld,28451,47579,55,left lemon,1,3,3,0,0.03716160437315357,20,20,1.0,0.8315665290169146,1.0,0.55,0.3152781330405486,0.7694221032240758,0.55,0.3152781330405486,0.7694221032240758,0.0,0.44999999999999996,0.0,80,1.0,0.9549359649323077,1.0,0.5,0.38604788336490925,0.6139521166350907,0.5,0.38604788336490925,0.6139521166350907,0.0,0.5,0.0,0.55
yoloworld,28451,47579,55,left lemon,1,3,3,0,0.03716160437315357,40,40,1.0,0.9119026971211976,1.0,0.5,0.33801781373723455,0.6619821862627655,0.5,0.33801781373723455,0.6619821862627655,0.0,0.5,0.0,80,1.0,0.9549359649323077,1.0,0.5,0.38604788336490925,0.6139521166350907,0.5,0.38604788336490925,0.6139521166350907,0.0,0.5,0.0,0.5
yoloworld,209993,32154,20,left animal,1,2,2,1,0.9500166289006508,5,5,1.0,0.47817624989501856,1.0,1.0,0.47817624989501856,1.0,1.0,0.47817624989501856,1.0,0.0,0.0,0.0,80,1.0,0.9549359649323077,1.0,1.0,0.9549359649323077,1.0,1.0,0.9549359649323077,1.0,0.0,0.0,0.0,1.0
yoloworld,209993,32154,20,left animal,1,2,2,1,0.9500166289006508,10,10,1.0,0.6915028921812392,1.0,1.0,0.6915028921812392,1.0,1.0,0.6915028921812392,1.0,0.0,0.0,0.0,80,1.0,0.9549359649323077,1.0,1.0,0.9549359649323077,1.0,1.0,0.9549359649323077,1.0,0.0,0.0,0.0,1.0
yoloworld,209993,32154,20,left animal,1,2,2,1,0.9500166289006508,20,20,1.0,0.8315665290169146,1.0,1.0,0.8315665290169146,1.0,1.0,0.8315665290169146,1.0,0.0,0.0,0.0,80,1.0,0.9549359649323077,1.0,1.0,0.9549359649323077,1.0,1.0,0.9549359649323077,1.0,0.0,0.0,0.0,1.0
yoloworld,209993,32154,20,left animal,1,2,2,1,0.9500166289006508,40,40,1.0,0.9119026971211976,1.0,1.0,0.9119026971211976,1.0,1.0,0.9119026971211976,1.0,0.0,0.0,0.0,80,1.0,0.9549359649323077,1.0,1.0,0.9549359649323077,1.0,1.0,0.9549359649323077,1.0,0.0,0.0,0.0,1.0
yoloworld,175162,35094,56,broccoli on right side of bowl,1,2,2,1,0.6137732668102789,5,5,0.8,0.2835820638819106,0.9949492366205319,1.0,0.3976353643835254,1.0,0.8,0.2835820638819106,0.9949492366205319,0.19999999999999996,0.0,0.0,80,0.925,0.8438720682639279,0.9719794538231588,1.0,0.9513723837620105,1.0,0.925,0.8438720682639279,0.9719794538231588,0.07499999999999996,0.0,0.0,0.8
yoloworld,175162,35094,56,broccoli on right side of bowl,1,2,2,1,0.6137732668102789,10,10,0.8,0.4439045376923585,0.9747892736731666,1.0,0.6305833524471808,1.0,0.8,0.4439045376923585,0.9747892736731666,0.19999999999999996,0.0,0.0,80,0.925,0.8438720682639279,0.9719794538231588,1.0,0.9513723837620105,1.0,0.925,0.8438720682639279,0.9719794538231588,0.07499999999999996,0.0,0.0,0.8
yoloworld,175162,35094,56,broccoli on right side of bowl,1,2,2,1,0.6137732668102789,20,20,0.85,0.6210731734546859,0.9679290628145363,1.0,0.8049356770309068,1.0,0.85,0.6210731734546859,0.9679290628145363,0.15000000000000002,0.0,0.0,80,0.925,0.8438720682639279,0.9719794538231588,1.0,0.9513723837620105,1.0,0.925,0.8438720682639279,0.9719794538231588,0.07499999999999996,0.0,0.0,0.85
yoloworld,175162,35094,56,broccoli on right side of bowl,1,2,2,1,0.6137732668102789,40,40,0.875,0.7319670826382796,0.9581403738613833,1.0,0.8999675644278949,1.0,0.875,0.7319670826382796,0.9581403738613833,0.125,0.0,0.0,80,0.925,0.8438720682639279,0.9719794538231588,1.0,0.9513723837620105,1.0,0.925,0.8438720682639279,0.9719794538231588,0.07499999999999996,0.0,0.0,0.875
yoloworld,558372,2134,1,arm of the man with backpack,1,7,5,0,0.0,5,5,1.0,0.47817624989501856,1.0,0.6,0.14663279963467318,0.9472550494736831,0.6,0.14663279963467318,0.9472550494736831,0.0,0.4,0.0,80,0.975,0.9125928440694078,0.9969579138351904,0.5384615384615384,0.4218420419702276,0.6520725556184492,0.525,0.4102278413767706,0.6378664183228473,0.025000000000000022,0.45,5.551115123125783e-17,0.6
yoloworld,558372,2134,1,arm of the man with backpack,1,7,5,0,0.0,10,10,1.0,0.6915028921812392,1.0,0.6,0.2623780766069451,0.8784477418801728,0.6,0.2623780766069451,0.8784477418801728,0.0,0.4,0.0,80,0.975,0.9125928440694078,0.9969579138351904,0.5384615384615384,0.4218420419702276,0.6520725556184492,0.525,0.4102278413767706,0.6378664183228473,0.025000000000000022,0.45,5.551115123125783e-17,0.6
yoloworld,558372,2134,1,arm of the man with backpack,1,7,5,0,0.0,20,20,0.95,0.7512672372279723,0.9987349105020502,0.5789473684210527,0.3349978440117354,0.7974785610228372,0.55,0.3152781330405486,0.7694221032240758,0.050000000000000044,0.39999999999999997,5.551115123125783e-17,80,0.975,0.9125928440694078,0.9969579138351904,0.5384615384615384,0.4218420419702276,0.6520725556184492,0.525,0.4102278413767706,0.6378664183228473,0.025000000000000022,0.45,5.551115123125783e-17,0.55
yoloworld,558372,2134,1,arm of the man with backpack,1,7,5,0,0.0,40,40,0.95,0.8308031360405824,0.9938863534006491,0.5,0.33378900611309653,0.6662109938869034,0.475,0.31511970663498623,0.6387198647359378,0.050000000000000044,0.475,0.0,80,0.975,0.9125928440694078,0.9969579138351904,0.5384615384615384,0.4218420419702276,0.6520725556184492,0.525,0.4102278413767706,0.6378664183228473,0.025000000000000022,0.45,5.551115123125783e-17,0.475
yoloworld,387849,16848,7,train,1,2,2,1,0.9483712536152444,5,5,1.0,0.47817624989501856,1.0,1.0,0.47817624989501856,1.0,1.0,0.47817624989501856,1.0,0.0,0.0,0.0,80,0.925,0.8438720682639279,0.9719794538231588,1.0,0.9513723837620105,1.0,0.925,0.8438720682639279,0.9719794538231588,0.07499999999999996,0.0,0.0,1.0
yoloworld,387849,16848,7,train,1,2,2,1,0.9483712536152444,10,10,0.9,0.5549838829718046,0.9974714214555382,1.0,0.6637328831200572,1.0,0.9,0.5549838829718046,0.9974714214555382,0.09999999999999998,0.0,0.0,80,0.925,0.8438720682639279,0.9719794538231588,1.0,0.9513723837620105,1.0,0.925,0.8438720682639279,0.9719794538231588,0.07499999999999996,0.0,0.0,0.9
yoloworld,387849,16848,7,train,1,2,2,1,0.9483712536152444,20,20,0.9,0.6830172859809176,0.9876514728297052,1.0,0.8146980318621478,1.0,0.9,0.6830172859809176,0.9876514728297052,0.09999999999999998,0.0,0.0,80,0.925,0.8438720682639279,0.9719794538231588,1.0,0.9513723837620105,1.0,0.925,0.8438720682639279,0.9719794538231588,0.07499999999999996,0.0,0.0,0.9
yoloworld,387849,16848,7,train,1,2,2,1,0.9483712536152444,40,40,0.95,0.8308031360405824,0.9938863534006491,1.0,0.9074872385841217,1.0,0.95,0.8308031360405824,0.9938863534006491,0.050000000000000044,0.0,0.0,80,0.925,0.8438720682639279,0.9719794538231588,1.0,0.9513723837620105,1.0,0.925,0.8438720682639279,0.9719794538231588,0.07499999999999996,0.0,0.0,0.95
yoloworld,396536,16060,8,blue truck being towed,1,5,5,1,0.9577041955562696,5,5,1.0,0.47817624989501856,1.0,1.0,0.47817624989501856,1.0,1.0,0.47817624989501856,1.0,0.0,0.0,0.0,80,0.8875,0.7971534080830098,0.9472484868543125,1.0,0.9493705920455963,1.0,0.8875,0.7971534080830098,0.9472484868543125,0.11250000000000004,0.0,0.0,1.0
yoloworld,396536,16060,8,blue truck being towed,1,5,5,1,0.9577041955562696,10,10,1.0,0.6915028921812392,1.0,1.0,0.6915028921812392,1.0,1.0,0.6915028921812392,1.0,0.0,0.0,0.0,80,0.8875,0.7971534080830098,0.9472484868543125,1.0,0.9493705920455963,1.0,0.8875,0.7971534080830098,0.9472484868543125,0.11250000000000004,0.0,0.0,1.0
yoloworld,396536,16060,8,blue truck being towed,1,5,5,1,0.9577041955562696,20,20,0.95,0.7512672372279723,0.9987349105020502,1.0,0.8235330881930346,1.0,0.95,0.7512672372279723,0.9987349105020502,0.050000000000000044,0.0,0.0,80,0.8875,0.7971534080830098,0.9472484868543125,1.0,0.9493705920455963,1.0,0.8875,0.7971534080830098,0.9472484868543125,0.11250000000000004,0.0,0.0,0.95
yoloworld,396536,16060,8,blue truck being towed,1,5,5,1,0.9577041955562696,40,40,0.9,0.7633626001239001,0.9720745847057807,1.0,0.902606244085508,1.0,0.9,0.7633626001239001,0.9720745847057807,0.09999999999999998,0.0,0.0,80,0.8875,0.7971534080830098,0.9472484868543125,1.0,0.9493705920455963,1.0,0.8875,0.7971534080830098,0.9472484868543125,0.11250000000000004,0.0,0.0,0.9
yoloworld,86754,42465,1,green shorts,0,0,0,0,0.0,5,0,0.0,,,,,,0.0,,,,,,0,0.0,,,,,,0.0,,,,,,0.0
yoloworld,86754,42465,1,green shorts,0,0,0,0,0.0,10,0,0.0,,,,,,0.0,,,,,,0,0.0,,,,,,0.0,,,,,,0.0
yoloworld,86754,42465,1,green shorts,0,0,0,0,0.0,20,0,0.0,,,,,,0.0,,,,,,0,0.0,,,,,,0.0,,,,,,0.0
yoloworld,86754,42465,1,green shorts,0,0,0,0,0.0,40,0,0.0,,,,,,0.0,,,,,,0,0.0,,,,,,0.0,,,,,,0.0
yoloworld,531752,4402,58,second hotdogt from right,1,10,5,1,0.7795508662990838,5,5,1.0,0.47817624989501856,1.0,1.0,0.47817624989501856,1.0,1.0,0.47817624989501856,1.0,0.0,0.0,0.0,80,0.95,0.876901263556847,0.9862106060235382,0.9868421052631579,0.9288563087482808,0.999666926428897,0.9375,0.8601429247023609,0.9793969276979898,0.050000000000000044,0.012500000000000039,8.326672684688674e-17,1.0
yoloworld,531752,4402,58,second hotdogt from right,1,10,5,1,0.7795508662990838,10,10,1.0,0.6915028921812392,1.0,1.0,0.6915028921812392,1.0,1.0,0.6915028921812392,1.0,0.0,0.0,0.0,80,0.95,0.876901263556847,0.9862106060235382,0.9868421052631579,0.9288563087482808,0.999666926428897,0.9375,0.8601429247023609,0.9793969276979898,0.050000000000000044,0.012500000000000039,8.326672684688674e-17,1.0
yoloworld,531752,4402,58,second hotdogt from right,1,10,5,1,0.7795508662990838,20,20,1.0,0.8315665290169146,1.0,0.95,0.7512672372279723,0.9987349105020502,0.95,0.7512672372279723,0.9987349105020502,0.0,0.050000000000000044,0.0,80,0.95,0.876901263556847,0.9862106060235382,0.9868421052631579,0.9288563087482808,0.999666926428897,0.9375,0.8601429247023609,0.9793969276979898,0.050000000000000044,0.012500000000000039,8.326672684688674e-17,0.95
yoloworld,531752,4402,58,second hotdogt from right,1,10,5,1,0.7795508662990838,40,40,0.95,0.8308031360405824,0.9938863534006491,0.9473684210526315,0.8225094096523593,0.9935612832849081,0.9,0.7633626001239001,0.9720745847057807,0.050000000000000044,0.050000000000000044,1.1102230246251565e-16,80,0.95,0.876901263556847,0.9862106060235382,0.9868421052631579,0.9288563087482808,0.999666926428897,0.9375,0.8601429247023609,0.9793969276979898,0.050000000000000044,0.012500000000000039,8.326672684688674e-17,0.9
yoloworld,18780,48386,59,first pizza,1,2,2,1,0.9103082292695203,5,5,1.0,0.47817624989501856,1.0,1.0,0.47817624989501856,1.0,1.0,0.47817624989501856,1.0,0.0,0.0,0.0,80,1.0,0.9549359649323077,1.0,1.0,0.9549359649323077,1.0,1.0,0.9549359649323077,1.0,0.0,0.0,0.0,1.0
yoloworld,18780,48386,59,first pizza,1,2,2,1,0.9103082292695203,10,10,1.0,0.6915028921812392,1.0,1.0,0.6915028921812392,1.0,1.0,0.6915028921812392,1.0,0.0,0.0,0.0,80,1.0,0.9549359649323077,1.0,1.0,0.9549359649323077,1.0,1.0,0.9549359649323077,1.0,0.0,0.0,0.0,1.0
yoloworld,18780,48386,59,first pizza,1,2,2,1,0.9103082292695203,20,20,1.0,0.8315665290169146,1.0,1.0,0.8315665290169146,1.0,1.0,0.8315665290169146,1.0,0.0,0.0,0.0,80,1.0,0.9549359649323077,1.0,1.0,0.9549359649323077,1.0,1.0,0.9549359649323077,1.0,0.0,0.0,0.0,1.0
yoloworld,18780,48386,59,first pizza,1,2,2,1,0.9103082292695203,40,40,1.0,0.9119026971211976,1.0,1.0,0.9119026971211976,1.0,1.0,0.9119026971211976,1.0,0.0,0.0,0.0,80,1.0,0.9549359649323077,1.0,1.0,0.9549359649323077,1.0,1.0,0.9549359649323077,1.0,0.0,0.0,0.0,1.0
yoloworld,43998,46267,4,full bike on right at front,1,20,5,1,0.951431279799739,5,5,1.0,0.47817624989501856,1.0,1.0,0.47817624989501856,1.0,1.0,0.47817624989501856,1.0,0.0,0.0,0.0,80,1.0,0.9549359649323077,1.0,0.9375,0.8601429247023609,0.9793969276979898,0.9375,0.8601429247023609,0.9793969276979898,0.0,0.0625,0.0,1.0
yoloworld,43998,46267,4,full bike on right at front,1,20,5,1,0.951431279799739,10,10,0.9,0.5549838829718046,0.9974714214555382,1.0,0.6637328831200572,1.0,0.9,0.5549838829718046,0.9974714214555382,0.09999999999999998,0.0,0.0,80,1.0,0.9549359649323077,1.0,0.9375,0.8601429247023609,0.9793969276979898,0.9375,0.8601429247023609,0.9793969276979898,0.0,0.0625,0.0,0.9
yoloworld,43998,46267,4,full bike on right at front,1,20,5,1,0.951431279799739,20,20,0.95,0.7512672372279723,0.9987349105020502,1.0,0.8235330881930346,1.0,0.95,0.7512672372279723,0.9987349105020502,0.050000000000000044,0.0,0.0,80,1.0,0.9549359649323077,1.0,0.9375,0.8601429247023609,0.9793969276979898,0.9375,0.8601429247023609,0.9793969276979898,0.0,0.0625,0.0,0.95
yoloworld,43998,46267,4,full bike on right at front,1,20,5,1,0.951431279799739,40,40,0.975,0.8684141415172343,0.9993672550679505,0.9743589743589743,0.8652360784405021,0.999351036104518,0.95,0.8308031360405824,0.9938863534006491,0.025000000000000022,0.02500000000000002,3.469446951953614e-18,80,1.0,0.9549359649323077,1.0,0.9375,0.8601429247023609,0.9793969276979898,0.9375,0.8601429247023609,0.9793969276979898,0.0,0.0625,0.0,0.95
yoloworld,325494,22216,1,gray shirted man,1,2,2,1,0.7533056153448895,5,5,1.0,0.47817624989501856,1.0,0.8,0.2835820638819106,0.9949492366205319,0.8,0.2835820638819106,0.9949492366205319,0.0,0.19999999999999996,0.0,80,1.0,0.9549359649323077,1.0,0.7875,0.6817141914403442,0.8710635049024182,0.7875,0.6817141914403442,0.8710635049024182,0.0,0.21250000000000002,0.0,0.8
yoloworld,325494,22216,1,gray shirted man,1,2,2,1,0.7533056153448895,10,10,1.0,0.6915028921812392,1.0,0.7,0.34754714994000274,0.9332604888222655,0.7,0.34754714994000274,0.9332604888222655,0.0,0.30000000000000004,0.0,80,1.0,0.9549359649323077,1.0,0.7875,0.6817141914403442,0.8710635049024182,0.7875,0.6817141914403442,0.8710635049024182,0.0,0.21250000000000002,0.0,0.7
yoloworld,325494,22216,1,gray shirted man,1,2,2,1,0.7533056153448895,20,20,1.0,0.8315665290169146,1.0,0.7,0.4572108177237109,0.8810684095942722,0.7,0.4572108177237109,0.8810684095942722,0.0,0.30000000000000004,0.0,80,1.0,0.9549359649323077,1.0,0.7875,0.6817141914403442,0.8710635049024182,0.7875,0.6817141914403442,0.8710635049024182,0.0,0.21250000000000002,0.0,0.7
yoloworld,325494,22216,1,gray shirted man,1,2,2,1,0.7533056153448895,40,40,1.0,0.9119026971211976,1.0,0.75,0.5880380198485702,0.873085201067155,0.75,0.5880380198485702,0.873085201067155,0.0,0.25,0.0,80,1.0,0.9549359649323077,1.0,0.7875,0.6817141914403442,0.8710635049024182,0.7875,0.6817141914403442,0.8710635049024182,0.0,0.21250000000000002,0.0,0.75
yoloworld,351397,19784,88,white teddt far left,0,1,0,0,0.04347858134789802,5,0,0.0,,,,,,0.0,,,,,,0,0.0,,,,,,0.0,,,,,,0.0
yoloworld,351397,19784,88,white teddt far left,0,1,0,0,0.04347858134789802,10,0,0.0,,,,,,0.0,,,,,,0,0.0,,,,,,0.0,,,,,,0.0
yoloworld,351397,19784,88,white teddt far left,0,1,0,0,0.04347858134789802,20,0,0.0,,,,,,0.0,,,,,,0,0.0,,,,,,0.0,,,,,,0.0
yoloworld,351397,19784,88,white teddt far left,0,1,0,0,0.04347858134789802,40,0,0.0,,,,,,0.0,,,,,,0,0.0,,,,,,0.0,,,,,,0.0
yoloworld,139324,37987,1,left kid,0,1,0,1,0.9658278217183976,5,0,0.0,,,,,,0.0,,,,,,0,0.0,,,,,,0.0,,,,,,0.0
yoloworld,139324,37987,1,left kid,0,1,0,1,0.9658278217183976,10,0,0.0,,,,,,0.0,,,,,,0,0.0,,,,,,0.0,,,,,,0.0
yoloworld,139324,37987,1,left kid,0,1,0,1,0.9658278217183976,20,0,0.0,,,,,,0.0,,,,,,0,0.0,,,,,,0.0,,,,,,0.0
yoloworld,139324,37987,1,left kid,0,1,0,1,0.9658278217183976,40,0,0.0,,,,,,0.0,,,,,,0,0.0,,,,,,0.0,,,,,,0.0
yoloworld,260129,27912,1,guy looking at phone,1,2,2,1,0.9833558560173515,5,5,0.8,0.2835820638819106,0.9949492366205319,1.0,0.3976353643835254,1.0,0.8,0.2835820638819106,0.9949492366205319,0.19999999999999996,0.0,0.0,80,0.9,0.8124348925365684,0.955829059846371,1.0,0.9500559162941453,1.0,0.9,0.8124348925365684,0.955829059846371,0.09999999999999998,0.0,0.0,0.8
yoloworld,260129,27912,1,guy looking at phone,1,2,2,1,0.9833558560173515,10,10,0.8,0.4439045376923585,0.9747892736731666,1.0,0.6305833524471808,1.0,0.8,0.4439045376923585,0.9747892736731666,0.19999999999999996,0.0,0.0,80,0.9,0.8124348925365684,0.955829059846371,1.0,0.9500559162941453,1.0,0.9,0.8124348925365684,0.955829059846371,0.09999999999999998,0.0,0.0,0.8
yoloworld,260129,27912,1,guy looking at phone,1,2,2,1,0.9833558560173515,20,20,0.9,0.6830172859809176,0.9876514728297052,1.0,0.8146980318621478,1.0,0.9,0.6830172859809176,0.9876514728297052,0.09999999999999998,0.0,0.0,80,0.9,0.8124348925365684,0.955829059846371,1.0,0.9500559162941453,1.0,0.9,0.8124348925365684,0.955829059846371,0.09999999999999998,0.0,0.0,0.9
yoloworld,260129,27912,1,guy looking at phone,1,2,2,1,0.9833558560173515,40,40,0.925,0.796135251267101,0.9842578201489585,1.0,0.9051094125850101,1.0,0.925,0.796135251267101,0.9842578201489585,0.07499999999999996,0.0,0.0,80,0.9,0.8124348925365684,0.955829059846371,1.0,0.9500559162941453,1.0,0.9,0.8124348925365684,0.955829059846371,0.09999999999999998,0.0,0.0,0.925
yoloworld,106383,40755,78,bottom box right,0,0,0,0,0.0,5,0,0.0,,,,,,0.0,,,,,,0,0.0,,,,,,0.0,,,,,,0.0
yoloworld,106383,40755,78,bottom box right,0,0,0,0,0.0,10,0,0.0,,,,,,0.0,,,,,,0,0.0,,,,,,0.0,,,,,,0.0
yoloworld,106383,40755,78,bottom box right,0,0,0,0,0.0,20,0,0.0,,,,,,0.0,,,,,,0,0.0,,,,,,0.0,,,,,,0.0
yoloworld,106383,40755,78,bottom box right,0,0,0,0,0.0,40,0,0.0,,,,,,0.0,,,,,,0,0.0,,,,,,0.0,,,,,,0.0
yoloworld,68287,44038,1,bottom man in blue,1,5,5,0,0.0,5,5,1.0,0.47817624989501856,1.0,0.8,0.2835820638819106,0.9949492366205319,0.8,0.2835820638819106,0.9949492366205319,0.0,0.19999999999999996,0.0,80,0.9625,0.8942980149834914,0.9921988127342833,0.7922077922077922,0.6846081768951549,0.8763091745733127,0.7625,0.6542230288597322,0.8505462481433591,0.03749999999999998,0.19999999999999996,1.1102230246251565e-16,0.8
yoloworld,68287,44038,1,bottom man in blue,1,5,5,0,0.0,10,10,1.0,0.6915028921812392,1.0,0.8,0.4439045376923585,0.9747892736731666,0.8,0.4439045376923585,0.9747892736731666,0.0,0.19999999999999996,0.0,80,0.9625,0.8942980149834914,0.9921988127342833,0.7922077922077922,0.6846081768951549,0.8763091745733127,0.7625,0.6542230288597322,0.8505462481433591,0.03749999999999998,0.19999999999999996,1.1102230246251565e-16,0.8
yoloworld,68287,44038,1,bottom man in blue,1,5,5,0,0.0,20,20,0.95,0.7512672372279723,0.9987349105020502,0.7894736842105263,0.5443469181084944,0.9394754622907102,0.75,0.5089541282920425,0.9134285308985653,0.050000000000000044,0.19999999999999998,2.7755575615628914e-17,80,0.9625,0.8942980149834914,0.9921988127342833,0.7922077922077922,0.6846081768951549,0.8763091745733127,0.7625,0.6542230288597322,0.8505462481433591,0.03749999999999998,0.19999999999999996,1.1102230246251565e-16,0.75
yoloworld,68287,44038,1,bottom man in blue,1,5,5,0,0.0,40,40,0.925,0.796135251267101,0.9842578201489585,0.7837837837837838,0.6178635082284506,0.9017343641645508,0.725,0.5611170928209519,0.8539910080361344,0.07499999999999996,0.2,5.551115123125783e-17,80,0.9625,0.8942980149834914,0.9921988127342833,0.7922077922077922,0.6846081768951549,0.8763091745733127,0.7625,0.6542230288597322,0.8505462481433591,0.03749999999999998,0.19999999999999996,1.1102230246251565e-16,0.725
yoloworld,111992,40317,8,far left crate,1,2,2,1,0.9004054954566022,5,5,0.6,0.14663279963467318,0.9472550494736831,1.0,0.29240177382128674,1.0,0.6,0.14663279963467318,0.9472550494736831,0.4,0.0,0.0,80,0.6125,0.4969755425018991,0.7194348668752178,1.0,0.9274807363357226,1.0,0.6125,0.4969755425018991,0.7194348668752178,0.38749999999999996,0.0,0.0,0.6
yoloworld,111992,40317,8,far left crate,1,2,2,1,0.9004054954566022,10,10,0.6,0.2623780766069451,0.8784477418801728,1.0,0.5407418735600996,1.0,0.6,0.2623780766069451,0.8784477418801728,0.4,0.0,0.0,80,0.6125,0.4969755425018991,0.7194348668752178,1.0,0.9274807363357226,1.0,0.6125,0.4969755425018991,0.7194348668752178,0.38749999999999996,0.0,0.0,0.6
yoloworld,111992,40317,8,far left crate,1,2,2,1,0.9004054954566022,20,20,0.55,0.3152781330405486,0.7694221032240758,1.0,0.7150858470818456,1.0,0.55,0.3152781330405486,0.7694221032240758,0.44999999999999996,0.0,0.0,80,0.6125,0.4969755425018991,0.7194348668752178,1.0,0.9274807363357226,1.0,0.6125,0.4969755425018991,0.7194348668752178,0.38749999999999996,0.0,0.0,0.55
yoloworld,111992,40317,8,far left crate,1,2,2,1,0.9004054954566022,40,40,0.6,0.4332670521932967,0.7513500134122563,0.9583333333333334,0.7887983165430269,0.9989456475545303,0.575,0.40890058042696337,0.7295709687311371,0.4,0.024999999999999977,4.5102810375396984e-17,80,0.6125,0.4969755425018991,0.7194348668752178,1.0,0.9274807363357226,1.0,0.6125,0.4969755425018991,0.7194348668752178,0.38749999999999996,0.0,0.0,0.575
yoloworld,92165,41976,60,pink donut,1,2,2,1,0.9765440285782336,5,5,1.0,0.47817624989501856,1.0,1.0,0.47817624989501856,1.0,1.0,0.47817624989501856,1.0,0.0,0.0,0.0,80,0.7875,0.6817141914403442,0.8710635049024182,1.0,0.9431276476679837,1.0,0.7875,0.6817141914403442,0.8710635049024182,0.21250000000000002,0.0,0.0,1.0
yoloworld,92165,41976,60,pink donut,1,2,2,1,0.9765440285782336,10,10,0.8,0.4439045376923585,0.9747892736731666,1.0,0.6305833524471808,1.0,0.8,0.4439045376923585,0.9747892736731666,0.19999999999999996,0.0,0.0,80,0.7875,0.6817141914403442,0.8710635049024182,1.0,0.9431276476679837,1.0,0.7875,0.6817141914403442,0.8710635049024182,0.21250000000000002,0.0,0.0,0.8
yoloworld,92165,41976,60,pink donut,1,2,2,1,0.9765440285782336,20,20,0.8,0.5633859970033317,0.9426660029499673,1.0,0.7940927857921773,1.0,0.8,0.5633859970033317,0.9426660029499673,0.19999999999999996,0.0,0.0,80,0.7875,0.6817141914403442,0.8710635049024182,1.0,0.9431276476679837,1.0,0.7875,0.6817141914403442,0.8710635049024182,0.21250000000000002,0.0,0.0,0.8
yoloworld,92165,41976,60,pink donut,1,2,2,1,0.9765440285782336,40,40,0.825,0.6722098666384142,0.9266172706479148,1.0,0.8942371899254207,1.0,0.825,0.6722098666384142,0.9266172706479148,0.17500000000000004,0.0,0.0,80,0.7875,0.6817141914403442,0.8710635049024182,1.0,0.9431276476679837,1.0,0.7875,0.6817141914403442,0.8710635049024182,0.21250000000000002,0.0,0.0,0.825
yoloworld,67748,44074,65,wood floor at the bottom of photo,0,1,0,1,0.6354906277363125,5,0,0.0,,,,,,0.0,,,,,,0,0.0,,,,,,0.0,,,,,,0.0
yoloworld,67748,44074,65,wood floor at the bottom of photo,0,1,0,1,0.6354906277363125,10,0,0.0,,,,,,0.0,,,,,,0,0.0,,,,,,0.0,,,,,,0.0
yoloworld,67748,44074,65,wood floor at the bottom of photo,0,1,0,1,0.6354906277363125,20,0,0.0,,,,,,0.0,,,,,,0,0.0,,,,,,0.0,,,,,,0.0
yoloworld,67748,44074,65,wood floor at the bottom of photo,0,1,0,1,0.6354906277363125,40,0,0.0,,,,,,0.0,,,,,,0,0.0,,,,,,0.0,,,,,,0.0
yoloworld,208612,32283,62,empty chair middle,1,6,5,0,0.3784762694971874,5,5,0.8,0.2835820638819106,0.9949492366205319,0.5,0.06758598648854298,0.932414013511457,0.4,0.05274495052631693,0.8533672003653268,0.19999999999999996,0.4,0.0,80,0.8625,0.7672791291752744,0.9293121672961213,0.7101449275362319,0.588424880541794,0.8131280501943902,0.6125,0.4969755425018991,0.7194348668752178,0.13749999999999996,0.24999999999999997,2.7755575615628914e-17,0.4
yoloworld,208612,32283,62,empty chair middle,1,6,5,0,0.3784762694971874,10,10,0.9,0.5549838829718046,0.9974714214555382,0.6666666666666666,0.2992950562085404,0.9251453685803082,0.6,0.2623780766069451,0.8784477418801728,0.09999999999999998,0.30000000000000004,0.0,80,0.8625,0.7672791291752744,0.9293121672961213,0.7101449275362319,0.588424880541794,0.8131280501943902,0.6125,0.4969755425018991,0.7194348668752178,0.13749999999999996,0.24999999999999997,2.7755575615628914e-17,0.6
yoloworld,208612,32283,62,empty chair middle,1,6,5,0,0.3784762694971874,20,20,0.9,0.6830172859809176,0.9876514728297052,0.7777777777777778,0.52362723426352,0.9359079522823335,0.7,0.4572108177237109,0.8810684095942722,0.09999999999999998,0.19999999999999998,8.326672684688674e-17,80,0.8625,0.7672791291752744,0.9293121672961213,0.7101449275362319,0.588424880541794,0.8131280501943902,0.6125,0.4969755425018991,0.7194348668752178,0.13749999999999996,0.24999999999999997,2.7755575615628914e-17,0.7
yoloworld,208612,32283,62,empty chair middle,1,6,5,0,0.3784762694971874,40,40,0.875,0.7319670826382796,0.9581403738613833,0.7142857142857143,0.5369553554455799,0.8536452547209407,0.625,0.4580147522326109,0.772737277518174,0.125,0.25,0.0,80,0.8625,0.7672791291752744,0.9293121672961213,0.7101449275362319,0.588424880541794,0.8131280501943902,0.6125,0.4969755425018991,0.7194348668752178,0.13749999999999996,0.24999999999999997,2.7755575615628914e-17,0.625
yoloworld,502504,6934,1,boy in stripes apron,1,3,3,0,0.2040887832382506,5,5,1.0,0.47817624989501856,1.0,0.6,0.14663279963467318,0.9472550494736831,0.6,0.14663279963467318,0.9472550494736831,0.0,0.4,0.0,80,1.0,0.9549359649323077,1.0,0.575,0.4593888114309382,0.6848902345476577,0.575,0.4593888114309382,0.6848902345476577,0.0,0.42500000000000004,0.0,0.6
yoloworld,502504,6934,1,boy in stripes apron,1,3,3,0,0.2040887832382506,10,10,1.0,0.6915028921812392,1.0,0.5,0.18708602844739855,0.8129139715526015,0.5,0.18708602844739855,0.8129139715526015,0.0,0.5,0.0,80,1.0,0.9549359649323077,1.0,0.575,0.4593888114309382,0.6848902345476577,0.575,0.4593888114309382,0.6848902345476577,0.0,0.42500000000000004,0.0,0.5
yoloworld,502504,6934,1,boy in stripes apron,1,3,3,0,0.2040887832382506,20,20,1.0,0.8315665290169146,1.0,0.55,0.3152781330405486,0.7694221032240758,0.55,0.3152781330405486,0.7694221032240758,0.0,0.44999999999999996,0.0,80,1.0,0.9549359649323077,1.0,0.575,0.4593888114309382,0.6848902345476577,0.575,0.4593888114309382,0.6848902345476577,0.0,0.42500000000000004,0.0,0.55
yoloworld,502504,6934,1,boy in stripes apron,1,3,3,0,0.2040887832382506,40,40,1.0,0.9119026971211976,1.0,0.575,0.40890058042696337,0.7295709687311371,0.575,0.40890058042696337,0.7295709687311371,0.0,0.42500000000000004,0.0,80,1.0,0.9549359649323077,1.0,0.575,0.4593888114309382,0.6848902345476577,0.575,0.4593888114309382,0.6848902345476577,0.0,0.42500000000000004,0.0,0.575
yoloworld,508140,6421,3,second car from left blue,1,11,5,0,0.0016130140355494586,5,5,1.0,0.47817624989501856,1.0,1.0,0.47817624989501856,1.0,1.0,0.47817624989501856,1.0,0.0,0.0,0.0,80,1.0,0.9549359649323077,1.0,0.8375,0.7381631061748872,0.9105383582774708,0.8375,0.7381631061748872,0.9105383582774708,0.0,0.16249999999999998,0.0,1.0
yoloworld,508140,6421,3,second car from left blue,1,11,5,0,0.0016130140355494586,10,10,1.0,0.6915028921812392,1.0,0.9,0.5549838829718046,0.9974714214555382,0.9,0.5549838829718046,0.9974714214555382,0.0,0.09999999999999998,0.0,80,1.0,0.9549359649323077,1.0,0.8375,0.7381631061748872,0.9105383582774708,0.8375,0.7381631061748872,0.9105383582774708,0.0,0.16249999999999998,0.0,0.9
yoloworld,508140,6421,3,second car from left blue,1,11,5,0,0.0016130140355494586,20,20,1.0,0.8315665290169146,1.0,0.9,0.6830172859809176,0.9876514728297052,0.9,0.6830172859809176,0.9876514728297052,0.0,0.09999999999999998,0.0,80,1.0,0.9549359649323077,1.0,0.8375,0.7381631061748872,0.9105383582774708,0.8375,0.7381631061748872,0.9105383582774708,0.0,0.16249999999999998,0.0,0.9
yoloworld,508140,6421,3,second car from left blue,1,11,5,0,0.0016130140355494586,40,40,1.0,0.9119026971211976,1.0,0.9,0.7633626001239001,0.9720745847057807,0.9,0.7633626001239001,0.9720745847057807,0.0,0.09999999999999998,0.0,80,1.0,0.9549359649323077,1.0,0.8375,0.7381631061748872,0.9105383582774708,0.8375,0.7381631061748872,0.9105383582774708,0.0,0.16249999999999998,0.0,0.9
yoloworld,237193,29904,1,person far right,1,3,3,1,0.9697278633589331,5,5,1.0,0.47817624989501856,1.0,1.0,0.47817624989501856,1.0,1.0,0.47817624989501856,1.0,0.0,0.0,0.0,80,0.9875,0.9323122155360776,0.9996835774723672,0.9746835443037974,0.9115230072043964,0.99691921921458,0.9625,0.8942980149834914,0.9921988127342833,0.012499999999999956,0.025000000000000026,3.469446951953614e-18,1.0
yoloworld,237193,29904,1,person far right,1,3,3,1,0.9697278633589331,10,10,1.0,0.6915028921812392,1.0,0.9,0.5549838829718046,0.9974714214555382,0.9,0.5549838829718046,0.9974714214555382,0.0,0.09999999999999998,0.0,80,0.9875,0.9323122155360776,0.9996835774723672,0.9746835443037974,0.9115230072043964,0.99691921921458,0.9625,0.8942980149834914,0.9921988127342833,0.012499999999999956,0.025000000000000026,3.469446951953614e-18,0.9
yoloworld,237193,29904,1,person far right,1,3,3,1,0.9697278633589331,20,20,1.0,0.8315665290169146,1.0,0.9,0.6830172859809176,0.9876514728297052,0.9,0.6830172859809176,0.9876514728297052,0.0,0.09999999999999998,0.0,80,0.9875,0.9323122155360776,0.9996835774723672,0.9746835443037974,0.9115230072043964,0.99691921921458,0.9625,0.8942980149834914,0.9921988127342833,0.012499999999999956,0.025000000000000026,3.469446951953614e-18,0.9
yoloworld,237193,29904,1,person far right,1,3,3,1,0.9697278633589331,40,40,0.975,0.8684141415172343,0.9993672550679505,0.8717948717948718,0.7257005895552842,0.9570316569982108,0.85,0.7016473331604236,0.9428977418454741,0.025000000000000022,0.12499999999999999,1.3877787807814457e-17,80,0.9875,0.9323122155360776,0.9996835774723672,0.9746835443037974,0.9115230072043964,0.99691921921458,0.9625,0.8942980149834914,0.9921988127342833,0.012499999999999956,0.025000000000000026,3.469446951953614e-18,0.85
yoloworld,323149,22467,2,bike thing in front,1,4,4,0,0.13165396151527978,5,5,0.6,0.14663279963467318,0.9472550494736831,0.6666666666666666,0.09429932405024612,0.9915962413403874,0.4,0.05274495052631693,0.8533672003653268,0.4,0.2,5.551115123125783e-17,80,0.325,0.22445958517745324,0.4389370456044483,0.8846153846153846,0.6984595998924323,0.9755419246820378,0.2875,0.1917604719719651,0.3995451133120206,0.675,0.03750000000000001,3.469446951953614e-17,0.4
yoloworld,323149,22467,2,bike thing in front,1,4,4,0,0.13165396151527978,10,10,0.5,0.18708602844739855,0.8129139715526015,0.8,0.2835820638819106,0.9949492366205319,0.4,0.1215522581198272,0.7376219233930549,0.5,0.09999999999999998,0.0,80,0.325,0.22445958517745324,0.4389370456044483,0.8846153846153846,0.6984595998924323,0.9755419246820378,0.2875,0.1917604719719651,0.3995451133120206,0.675,0.03750000000000001,3.469446951953614e-17,0.4
yoloworld,323149,22467,2,bike thing in front,1,4,4,0,0.13165396151527978,20,20,0.35,0.15390920478454118,0.5921885345328282,0.8571428571428571,0.4212768029568048,0.9963897031380994,0.3,0.1189315904057277,0.5427891822762891,0.65,0.05000000000000002,8.326672684688674e-17,80,0.325,0.22445958517745324,0.4389370456044483,0.8846153846153846,0.6984595998924323,0.9755419246820378,0.2875,0.1917604719719651,0.3995451133120206,0.675,0.03750000000000001,3.469446951953614e-17,0.3
yoloworld,323149,22467,2,bike thing in front,1,4,4,0,0.13165396151527978,40,40,0.3,0.16562720439323564,0.4653162852541233,0.9166666666666666,0.6152038348490559,0.9978924067681397,0.275,0.14600899196386566,0.43888290717904815,0.7,0.025000000000000012,1.0408340855860843e-17,80,0.325,0.22445958517745324,0.4389370456044483,0.8846153846153846,0.6984595998924323,0.9755419246820378,0.2875,0.1917604719719651,0.3995451133120206,0.675,0.03750000000000001,3.469446951953614e-17,0.275
yoloworld,244171,29305,1,person right in the middle,1,7,5,0,0.0,5,5,1.0,0.47817624989501856,1.0,1.0,0.47817624989501856,1.0,1.0,0.47817624989501856,1.0,0.0,0.0,0.0,80,1.0,0.9549359649323077,1.0,1.0,0.9549359649323077,1.0,1.0,0.9549359649323077,1.0,0.0,0.0,0.0,1.0
yoloworld,244171,29305,1,person right in the middle,1,7,5,0,0.0,10,10,1.0,0.6915028921812392,1.0,1.0,0.6915028921812392,1.0,1.0,0.6915028921812392,1.0,0.0,0.0,0.0,80,1.0,0.9549359649323077,1.0,1.0,0.9549359649323077,1.0,1.0,0.9549359649323077,1.0,0.0,0.0,0.0,1.0
yoloworld,244171,29305,1,person right in the middle,1,7,5,0,0.0,20,20,1.0,0.8315665290169146,1.0,1.0,0.8315665290169146,1.0,1.0,0.8315665290169146,1.0,0.0,0.0,0.0,80,1.0,0.9549359649323077,1.0,1.0,0.9549359649323077,1.0,1.0,0.9549359649323077,1.0,0.0,0.0,0.0,1.0
yoloworld,244171,29305,1,person right in the middle,1,7,5,0,0.0,40,40,1.0,0.9119026971211976,1.0,1.0,0.9119026971211976,1.0,1.0,0.9119026971211976,1.0,0.0,0.0,0.0,80,1.0,0.9549359649323077,1.0,1.0,0.9549359649323077,1.0,1.0,0.9549359649323077,1.0,0.0,0.0,0.0,1.0
yoloworld,62348,44529,62,something bottom right with a white stripe,0,0,0,0,0.0,5,0,0.0,,,,,,0.0,,,,,,0,0.0,,,,,,0.0,,,,,,0.0
yoloworld,62348,44529,62,something bottom right with a white stripe,0,0,0,0,0.0,10,0,0.0,,,,,,0.0,,,,,,0,0.0,,,,,,0.0,,,,,,0.0
yoloworld,62348,44529,62,something bottom right with a white stripe,0,0,0,0,0.0,20,0,0.0,,,,,,0.0,,,,,,0,0.0,,,,,,0.0,,,,,,0.0
yoloworld,62348,44529,62,something bottom right with a white stripe,0,0,0,0,0.0,40,0,0.0,,,,,,0.0,,,,,,0,0.0,,,,,,0.0,,,,,,0.0
yoloworld,126381,39083,22,elephant in back,1,2,2,0,0.10081409103257019,5,5,1.0,0.47817624989501856,1.0,1.0,0.47817624989501856,1.0,1.0,0.47817624989501856,1.0,0.0,0.0,0.0,80,1.0,0.9549359649323077,1.0,1.0,0.9549359649323077,1.0,1.0,0.9549359649323077,1.0,0.0,0.0,0.0,1.0
yoloworld,126381,39083,22,elephant in back,1,2,2,0,0.10081409103257019,10,10,1.0,0.6915028921812392,1.0,1.0,0.6915028921812392,1.0,1.0,0.6915028921812392,1.0,0.0,0.0,0.0,80,1.0,0.9549359649323077,1.0,1.0,0.9549359649323077,1.0,1.0,0.9549359649323077,1.0,0.0,0.0,0.0,1.0
yoloworld,126381,39083,22,elephant in back,1,2,2,0,0.10081409103257019,20,20,1.0,0.8315665290169146,1.0,1.0,0.8315665290169146,1.0,1.0,0.8315665290169146,1.0,0.0,0.0,0.0,80,1.0,0.9549359649323077,1.0,1.0,0.9549359649323077,1.0,1.0,0.9549359649323077,1.0,0.0,0.0,0.0,1.0
yoloworld,126381,39083,22,elephant in back,1,2,2,0,0.10081409103257019,40,40,1.0,0.9119026971211976,1.0,1.0,0.9119026971211976,1.0,1.0,0.9119026971211976,1.0,0.0,0.0,0.0,80,1.0,0.9549359649323077,1.0,1.0,0.9549359649323077,1.0,1.0,0.9549359649323077,1.0,0.0,0.0,0.0,1.0
yoloworld,314051,23278,21,cow on left,1,2,2,1,0.9819185955237864,5,5,1.0,0.47817624989501856,1.0,0.6,0.14663279963467318,0.9472550494736831,0.6,0.14663279963467318,0.9472550494736831,0.0,0.4,0.0,80,1.0,0.9549359649323077,1.0,0.65,0.5352031145206642,0.7533280635274648,0.65,0.5352031145206642,0.7533280635274648,0.0,0.35,0.0,0.6
yoloworld,314051,23278,21,cow on left,1,2,2,1,0.9819185955237864,10,10,1.0,0.6915028921812392,1.0,0.6,0.2623780766069451,0.8784477418801728,0.6,0.2623780766069451,0.8784477418801728,0.0,0.4,0.0,80,1.0,0.9549359649323077,1.0,0.65,0.5352031145206642,0.7533280635274648,0.65,0.5352031145206642,0.7533280635274648,0.0,0.35,0.0,0.6
yoloworld,314051,23278,21,cow on left,1,2,2,1,0.9819185955237864,20,20,1.0,0.8315665290169146,1.0,0.6,0.3605425873074897,0.8088099392746928,0.6,0.3605425873074897,0.8088099392746928,0.0,0.4,0.0,80,1.0,0.9549359649323077,1.0,0.65,0.5352031145206642,0.7533280635274648,0.65,0.5352031145206642,0.7533280635274648,0.0,0.35,0.0,0.6
yoloworld,314051,23278,21,cow on left,1,2,2,1,0.9819185955237864,40,40,1.0,0.9119026971211976,1.0,0.6,0.4332670521932967,0.7513500134122563,0.6,0.4332670521932967,0.7513500134122563,0.0,0.4,0.0,80,1.0,0.9549359649323077,1.0,0.65,0.5352031145206642,0.7533280635274648,0.65,0.5352031145206642,0.7533280635274648,0.0,0.35,0.0,0.6
yoloworld,439374,12430,24,right zebra,1,2,2,0,0.0,5,5,1.0,0.47817624989501856,1.0,1.0,0.47817624989501856,1.0,1.0,0.47817624989501856,1.0,0.0,0.0,0.0,80,1.0,0.9549359649323077,1.0,1.0,0.9549359649323077,1.0,1.0,0.9549359649323077,1.0,0.0,0.0,0.0,1.0
yoloworld,439374,12430,24,right zebra,1,2,2,0,0.0,10,10,1.0,0.6915028921812392,1.0,1.0,0.6915028921812392,1.0,1.0,0.6915028921812392,1.0,0.0,0.0,0.0,80,1.0,0.9549359649323077,1.0,1.0,0.9549359649323077,1.0,1.0,0.9549359649323077,1.0,0.0,0.0,0.0,1.0
yoloworld,439374,12430,24,right zebra,1,2,2,0,0.0,20,20,1.0,0.8315665290169146,1.0,1.0,0.8315665290169146,1.0,1.0,0.8315665290169146,1.0,0.0,0.0,0.0,80,1.0,0.9549359649323077,1.0,1.0,0.9549359649323077,1.0,1.0,0.9549359649323077,1.0,0.0,0.0,0.0,1.0
yoloworld,439374,12430,24,right zebra,1,2,2,0,0.0,40,40,1.0,0.9119026971211976,1.0,1.0,0.9119026971211976,1.0,1.0,0.9119026971211976,1.0,0.0,0.0,0.0,80,1.0,0.9549359649323077,1.0,1.0,0.9549359649323077,1.0,1.0,0.9549359649323077,1.0,0.0,0.0,0.0,1.0
yoloworld,484208,8540,20,right sheep,1,4,4,1,0.7726287054061824,5,5,0.6,0.14663279963467318,0.9472550494736831,1.0,0.29240177382128674,1.0,0.6,0.14663279963467318,0.9472550494736831,0.4,0.0,0.0,80,0.7,0.587240676918624,0.7974260708533272,0.9464285714285714,0.8513255490528089,0.9888130291658255,0.6625,0.5480943856258318,0.7644738620163491,0.30000000000000004,0.03750000000000002,4.163336342344337e-17,0.6
yoloworld,484208,8540,20,right sheep,1,4,4,1,0.7726287054061824,10,10,0.7,0.34754714994000274,0.9332604888222655,1.0,0.5903836027749967,1.0,0.7,0.34754714994000274,0.9332604888222655,0.30000000000000004,0.0,0.0,80,0.7,0.587240676918624,0.7974260708533272,0.9464285714285714,0.8513255490528089,0.9888130291658255,0.6625,0.5480943856258318,0.7644738620163491,0.30000000000000004,0.03750000000000002,4.163336342344337e-17,0.7
yoloworld,484208,8540,20,right sheep,1,4,4,1,0.7726287054061824,20,20,0.75,0.5089541282920425,0.9134285308985653,1.0,0.781980639089466,1.0,0.75,0.5089541282920425,0.9134285308985653,0.25,0.0,0.0,80,0.7,0.587240676918624,0.7974260708533272,0.9464285714285714,0.8513255490528089,0.9888130291658255,0.6625,0.5480943856258318,0.7644738620163491,0.30000000000000004,0.03750000000000002,4.163336342344337e-17,0.75
yoloworld,484208,8540,20,right sheep,1,4,4,1,0.7726287054061824,40,40,0.725,0.5611170928209519,0.8539910080361344,1.0,0.8805551309304973,1.0,0.725,0.5611170928209519,0.8539910080361344,0.275,0.0,0.0,80,0.7,0.587240676918624,0.7974260708533272,0.9464285714285714,0.8513255490528089,0.9888130291658255,0.6625,0.5480943856258318,0.7644738620163491,0.30000000000000004,0.03750000000000002,4.163336342344337e-17,0.725
yoloworld,424821,13677,1,old man in crowd,1,7,5,0,0.0,5,5,0.8,0.2835820638819106,0.9949492366205319,1.0,0.3976353643835254,1.0,0.8,0.2835820638819106,0.9949492366205319,0.19999999999999996,0.0,0.0,80,0.9125,0.8279916615801152,0.9640936410104413,1.0,0.9507229391041407,1.0,0.9125,0.8279916615801152,0.9640936410104413,0.08750000000000002,0.0,0.0,0.8
yoloworld,424821,13677,1,old man in crowd,1,7,5,0,0.0,10,10,0.8,0.4439045376923585,0.9747892736731666,1.0,0.6305833524471808,1.0,0.8,0.4439045376923585,0.9747892736731666,0.19999999999999996,0.0,0.0,80,0.9125,0.8279916615801152,0.9640936410104413,1.0,0.9507229391041407,1.0,0.9125,0.8279916615801152,0.9640936410104413,0.08750000000000002,0.0,0.0,0.8
yoloworld,424821,13677,1,old man in crowd,1,7,5,0,0.0,20,20,0.85,0.6210731734546859,0.9679290628145363,1.0,0.8049356770309068,1.0,0.85,0.6210731734546859,0.9679290628145363,0.15000000000000002,0.0,0.0,80,0.9125,0.8279916615801152,0.9640936410104413,1.0,0.9507229391041407,1.0,0.9125,0.8279916615801152,0.9640936410104413,0.08750000000000002,0.0,0.0,0.85
yoloworld,424821,13677,1,old man in crowd,1,7,5,0,0.0,40,40,0.85,0.7016473331604236,0.9428977418454741,1.0,0.8971820757409874,1.0,0.85,0.7016473331604236,0.9428977418454741,0.15000000000000002,0.0,0.0,80,0.9125,0.8279916615801152,0.9640936410104413,1.0,0.9507229391041407,1.0,0.9125,0.8279916615801152,0.9640936410104413,0.08750000000000002,0.0,0.0,0.85
yoloworld,149566,37113,67,white area behind bears head,0,1,0,0,0.20395186768036214,5,0,0.0,,,,,,0.0,,,,,,0,0.0,,,,,,0.0,,,,,,0.0
yoloworld,149566,37113,67,white area behind bears head,0,1,0,0,0.20395186768036214,10,0,0.0,,,,,,0.0,,,,,,0,0.0,,,,,,0.0,,,,,,0.0
yoloworld,149566,37113,67,white area behind bears head,0,1,0,0,0.20395186768036214,20,0,0.0,,,,,,0.0,,,,,,0,0.0,,,,,,0.0,,,,,,0.0
yoloworld,149566,37113,67,white area behind bears head,0,1,0,0,0.20395186768036214,40,0,0.0,,,,,,0.0,,,,,,0,0.0,,,,,,0.0,,,,,,0.0
yoloworld,288559,25507,1,catcher in white,1,2,2,1,0.8745183897241159,5,5,1.0,0.47817624989501856,1.0,1.0,0.47817624989501856,1.0,1.0,0.47817624989501856,1.0,0.0,0.0,0.0,80,1.0,0.9549359649323077,1.0,1.0,0.9549359649323077,1.0,1.0,0.9549359649323077,1.0,0.0,0.0,0.0,1.0
yoloworld,288559,25507,1,catcher in white,1,2,2,1,0.8745183897241159,10,10,1.0,0.6915028921812392,1.0,1.0,0.6915028921812392,1.0,1.0,0.6915028921812392,1.0,0.0,0.0,0.0,80,1.0,0.9549359649323077,1.0,1.0,0.9549359649323077,1.0,1.0,0.9549359649323077,1.0,0.0,0.0,0.0,1.0
yoloworld,288559,25507,1,catcher in white,1,2,2,1,0.8745183897241159,20,20,1.0,0.8315665290169146,1.0,1.0,0.8315665290169146,1.0,1.0,0.8315665290169146,1.0,0.0,0.0,0.0,80,1.0,0.9549359649323077,1.0,1.0,0.9549359649323077,1.0,1.0,0.9549359649323077,1.0,0.0,0.0,0.0,1.0
yoloworld,288559,25507,1,catcher in white,1,2,2,1,0.8745183897241159,40,40,1.0,0.9119026971211976,1.0,1.0,0.9119026971211976,1.0,1.0,0.9119026971211976,1.0,0.0,0.0,0.0,80,1.0,0.9549359649323077,1.0,1.0,0.9549359649323077,1.0,1.0,0.9549359649323077,1.0,0.0,0.0,0.0,1.0
yoloworld,430244,13171,1,stripes guy,0,1,0,1,0.9608597472488652,5,0,0.0,,,,,,0.0,,,,,,0,0.0,,,,,,0.0,,,,,,0.0
yoloworld,430244,13171,1,stripes guy,0,1,0,1,0.9608597472488652,10,0,0.0,,,,,,0.0,,,,,,0,0.0,,,,,,0.0,,,,,,0.0
yoloworld,430244,13171,1,stripes guy,0,1,0,1,0.9608597472488652,20,0,0.0,,,,,,0.0,,,,,,0,0.0,,,,,,0.0,,,,,,0.0
yoloworld,430244,13171,1,stripes guy,0,1,0,1,0.9608597472488652,40,0,0.0,,,,,,0.0,,,,,,0,0.0,,,,,,0.0,,,,,,0.0
yoloworld,314462,23231,1,left girl,0,1,0,0,0.022494018152800634,5,0,0.0,,,,,,0.0,,,,,,0,0.0,,,,,,0.0,,,,,,0.0
yoloworld,314462,23231,1,left girl,0,1,0,0,0.022494018152800634,10,0,0.0,,,,,,0.0,,,,,,0,0.0,,,,,,0.0,,,,,,0.0
yoloworld,314462,23231,1,left girl,0,1,0,0,0.022494018152800634,20,0,0.0,,,,,,0.0,,,,,,0,0.0,,,,,,0.0,,,,,,0.0
yoloworld,314462,23231,1,left girl,0,1,0,0,0.022494018152800634,40,0,0.0,,,,,,0.0,,,,,,0,0.0,,,,,,0.0,,,,,,0.0
yoloworld,545832,3199,3,white car on the left,1,5,5,1,0.9821686768802612,5,5,0.6,0.14663279963467318,0.9472550494736831,1.0,0.29240177382128674,1.0,0.6,0.14663279963467318,0.9472550494736831,0.4,0.0,0.0,80,0.4375,0.32676395343377895,0.5530024286118197,1.0,0.8999675644278949,1.0,0.4375,0.32676395343377895,0.5530024286118197,0.5625,0.0,0.0,0.6
yoloworld,545832,3199,3,white car on the left,1,5,5,1,0.9821686768802612,10,10,0.6,0.2623780766069451,0.8784477418801728,1.0,0.5407418735600996,1.0,0.6,0.2623780766069451,0.8784477418801728,0.4,0.0,0.0,80,0.4375,0.32676395343377895,0.5530024286118197,1.0,0.8999675644278949,1.0,0.4375,0.32676395343377895,0.5530024286118197,0.5625,0.0,0.0,0.6
yoloworld,545832,3199,3,white car on the left,1,5,5,1,0.9821686768802612,20,20,0.6,0.3605425873074897,0.8088099392746928,1.0,0.7353515306029488,1.0,0.6,0.3605425873074897,0.8088099392746928,0.4,0.0,0.0,80,0.4375,0.32676395343377895,0.5530024286118197,1.0,0.8999675644278949,1.0,0.4375,0.32676395343377895,0.5530024286118197,0.5625,0.0,0.0,0.6
yoloworld,545832,3199,3,white car on the left,1,5,5,1,0.9821686768802612,40,40,0.55,0.38490679453401333,0.7074116499601201,1.0,0.8456274871844255,1.0,0.55,0.38490679453401333,0.7074116499601201,0.44999999999999996,0.0,0.0,80,0.4375,0.32676395343377895,0.5530024286118197,1.0,0.8999675644278949,1.0,0.4375,0.32676395343377895,0.5530024286118197,0.5625,0.0,0.0,0.55
yoloworld,497311,7352,67,far left center area,0,0,0,0,0.0,5,0,0.0,,,,,,0.0,,,,,,0,0.0,,,,,,0.0,,,,,,0.0
yoloworld,497311,7352,67,far left center area,0,0,0,0,0.0,10,0,0.0,,,,,,0.0,,,,,,0,0.0,,,,,,0.0,,,,,,0.0
yoloworld,497311,7352,67,far left center area,0,0,0,0,0.0,20,0,0.0,,,,,,0.0,,,,,,0,0.0,,,,,,0.0,,,,,,0.0
yoloworld,497311,7352,67,far left center area,0,0,0,0,0.0,40,0,0.0,,,,,,0.0,,,,,,0,0.0,,,,,,0.0,,,,,,0.0
yoloworld,260932,27825,1,player,0,0,0,0,0.0,5,0,0.0,,,,,,0.0,,,,,,0,0.0,,,,,,0.0,,,,,,0.0
yoloworld,260932,27825,1,player,0,0,0,0,0.0,10,0,0.0,,,,,,0.0,,,,,,0,0.0,,,,,,0.0,,,,,,0.0
yoloworld,260932,27825,1,player,0,0,0,0,0.0,20,0,0.0,,,,,,0.0,,,,,,0,0.0,,,,,,0.0,,,,,,0.0
yoloworld,260932,27825,1,player,0,0,0,0,0.0,40,0,0.0,,,,,,0.0,,,,,,0,0.0,,,,,,0.0,,,,,,0.0
yoloworld,120155,39663,1,backgroun boy wjhite shirt,0,1,0,0,0.04660814369142919,5,0,0.0,,,,,,0.0,,,,,,0,0.0,,,,,,0.0,,,,,,0.0
yoloworld,120155,39663,1,backgroun boy wjhite shirt,0,1,0,0,0.04660814369142919,10,0,0.0,,,,,,0.0,,,,,,0,0.0,,,,,,0.0,,,,,,0.0
yoloworld,120155,39663,1,backgroun boy wjhite shirt,0,1,0,0,0.04660814369142919,20,0,0.0,,,,,,0.0,,,,,,0,0.0,,,,,,0.0,,,,,,0.0
yoloworld,120155,39663,1,backgroun boy wjhite shirt,0,1,0,0,0.04660814369142919,40,0,0.0,,,,,,0.0,,,,,,0,0.0,,,,,,0.0,,,,,,0.0
yoloworld,385505,17085,1,purple hoodie,1,2,2,1,0.5766246795127398,5,5,1.0,0.47817624989501856,1.0,1.0,0.47817624989501856,1.0,1.0,0.47817624989501856,1.0,0.0,0.0,0.0,80,1.0,0.9549359649323077,1.0,1.0,0.9549359649323077,1.0,1.0,0.9549359649323077,1.0,0.0,0.0,0.0,1.0
yoloworld,385505,17085,1,purple hoodie,1,2,2,1,0.5766246795127398,10,10,1.0,0.6915028921812392,1.0,1.0,0.6915028921812392,1.0,1.0,0.6915028921812392,1.0,0.0,0.0,0.0,80,1.0,0.9549359649323077,1.0,1.0,0.9549359649323077,1.0,1.0,0.9549359649323077,1.0,0.0,0.0,0.0,1.0
yoloworld,385505,17085,1,purple hoodie,1,2,2,1,0.5766246795127398,20,20,1.0,0.8315665290169146,1.0,1.0,0.8315665290169146,1.0,1.0,0.8315665290169146,1.0,0.0,0.0,0.0,80,1.0,0.9549359649323077,1.0,1.0,0.9549359649323077,1.0,1.0,0.9549359649323077,1.0,0.0,0.0,0.0,1.0
yoloworld,385505,17085,1,purple hoodie,1,2,2,1,0.5766246795127398,40,40,1.0,0.9119026971211976,1.0,1.0,0.9119026971211976,1.0,1.0,0.9119026971211976,1.0,0.0,0.0,0.0,80,1.0,0.9549359649323077,1.0,1.0,0.9549359649323077,1.0,1.0,0.9549359649323077,1.0,0.0,0.0,0.0,1.0
yoloworld,52086,45521,1,girl eating,1,2,2,1,0.9803540386379236,5,5,1.0,0.47817624989501856,1.0,1.0,0.47817624989501856,1.0,1.0,0.47817624989501856,1.0,0.0,0.0,0.0,80,1.0,0.9549359649323077,1.0,0.9,0.8124348925365684,0.955829059846371,0.9,0.8124348925365684,0.955829059846371,0.0,0.09999999999999998,0.0,1.0
yoloworld,52086,45521,1,girl eating,1,2,2,1,0.9803540386379236,10,10,1.0,0.6915028921812392,1.0,1.0,0.6915028921812392,1.0,1.0,0.6915028921812392,1.0,0.0,0.0,0.0,80,1.0,0.9549359649323077,1.0,0.9,0.8124348925365684,0.955829059846371,0.9,0.8124348925365684,0.955829059846371,0.0,0.09999999999999998,0.0,1.0
yoloworld,52086,45521,1,girl eating,1,2,2,1,0.9803540386379236,20,20,1.0,0.8315665290169146,1.0,0.95,0.7512672372279723,0.9987349105020502,0.95,0.7512672372279723,0.9987349105020502,0.0,0.050000000000000044,0.0,80,1.0,0.9549359649323077,1.0,0.9,0.8124348925365684,0.955829059846371,0.9,0.8124348925365684,0.955829059846371,0.0,0.09999999999999998,0.0,0.95
yoloworld,52086,45521,1,girl eating,1,2,2,1,0.9803540386379236,40,40,1.0,0.9119026971211976,1.0,0.925,0.796135251267101,0.9842578201489585,0.925,0.796135251267101,0.9842578201489585,0.0,0.07499999999999996,0.0,80,1.0,0.9549359649323077,1.0,0.9,0.8124348925365684,0.955829059846371,0.9,0.8124348925365684,0.955829059846371,0.0,0.09999999999999998,0.0,0.925
yoloworld,300624,24484,1,blue shirt,1,2,2,0,0.21618728687165456,5,5,0.8,0.2835820638819106,0.9949492366205319,1.0,0.3976353643835254,1.0,0.8,0.2835820638819106,0.9949492366205319,0.19999999999999996,0.0,0.0,80,0.65,0.5352031145206642,0.7533280635274648,1.0,0.9315177912966804,1.0,0.65,0.5352031145206642,0.7533280635274648,0.35,0.0,0.0,0.8
yoloworld,300624,24484,1,blue shirt,1,2,2,0,0.21618728687165456,10,10,0.8,0.4439045376923585,0.9747892736731666,1.0,0.6305833524471808,1.0,0.8,0.4439045376923585,0.9747892736731666,0.19999999999999996,0.0,0.0,80,0.65,0.5352031145206642,0.7533280635274648,1.0,0.9315177912966804,1.0,0.65,0.5352031145206642,0.7533280635274648,0.35,0.0,0.0,0.8
yoloworld,300624,24484,1,blue shirt,1,2,2,0,0.21618728687165456,20,20,0.7,0.4572108177237109,0.8810684095942722,1.0,0.7683642383498835,1.0,0.7,0.4572108177237109,0.8810684095942722,0.30000000000000004,0.0,0.0,80,0.65,0.5352031145206642,0.7533280635274648,1.0,0.9315177912966804,1.0,0.65,0.5352031145206642,0.7533280635274648,0.35,0.0,0.0,0.7
yoloworld,300624,24484,1,blue shirt,1,2,2,0,0.21618728687165456,40,40,0.65,0.48315554635100944,0.793717509129233,1.0,0.8677253955022459,1.0,0.65,0.48315554635100944,0.793717509129233,0.35,0.0,0.0,80,0.65,0.5352031145206642,0.7533280635274648,1.0,0.9315177912966804,1.0,0.65,0.5352031145206642,0.7533280635274648,0.35,0.0,0.0,0.65
yoloworld,327970,21949,1,ref,0,0,0,0,0.0,5,0,0.0,,,,,,0.0,,,,,,0,0.0,,,,,,0.0,,,,,,0.0
yoloworld,327970,21949,1,ref,0,0,0,0,0.0,10,0,0.0,,,,,,0.0,,,,,,0,0.0,,,,,,0.0,,,,,,0.0
yoloworld,327970,21949,1,ref,0,0,0,0,0.0,20,0,0.0,,,,,,0.0,,,,,,0,0.0,,,,,,0.0,,,,,,0.0
yoloworld,327970,21949,1,ref,0,0,0,0,0.0,40,0,0.0,,,,,,0.0,,,,,,0,0.0,,,,,,0.0,,,,,,0.0
yoloworld,331900,21561,21,baby cow,1,5,5,1,0.9252705171130815,5,5,0.8,0.2835820638819106,0.9949492366205319,1.0,0.3976353643835254,1.0,0.8,0.2835820638819106,0.9949492366205319,0.19999999999999996,0.0,0.0,80,0.8,0.6956311329945355,0.8811409135950147,0.984375,0.9159896735656463,0.9996044874859493,0.7875,0.6817141914403442,0.8710635049024182,0.19999999999999996,0.0125,6.591949208711867e-17,0.8
yoloworld,331900,21561,21,baby cow,1,5,5,1,0.9252705171130815,10,10,0.8,0.4439045376923585,0.9747892736731666,1.0,0.6305833524471808,1.0,0.8,0.4439045376923585,0.9747892736731666,0.19999999999999996,0.0,0.0,80,0.8,0.6956311329945355,0.8811409135950147,0.984375,0.9159896735656463,0.9996044874859493,0.7875,0.6817141914403442,0.8710635049024182,0.19999999999999996,0.0125,6.591949208711867e-17,0.8
yoloworld,331900,21561,21,baby cow,1,5,5,1,0.9252705171130815,20,20,0.8,0.5633859970033317,0.9426660029499673,1.0,0.7940927857921773,1.0,0.8,0.5633859970033317,0.9426660029499673,0.19999999999999996,0.0,0.0,80,0.8,0.6956311329945355,0.8811409135950147,0.984375,0.9159896735656463,0.9996044874859493,0.7875,0.6817141914403442,0.8710635049024182,0.19999999999999996,0.0125,6.591949208711867e-17,0.8
yoloworld,331900,21561,21,baby cow,1,5,5,1,0.9252705171130815,40,40,0.8,0.6435219813207653,0.9094775906000093,1.0,0.8911188393206472,1.0,0.8,0.6435219813207653,0.9094775906000093,0.19999999999999996,0.0,0.0,80,0.8,0.6956311329945355,0.8811409135950147,0.984375,0.9159896735656463,0.9996044874859493,0.7875,0.6817141914403442,0.8710635049024182,0.19999999999999996,0.0125,6.591949208711867e-17,0.8
yoloworld,329058,21846,1,right lady,1,2,2,0,0.0,5,5,1.0,0.47817624989501856,1.0,1.0,0.47817624989501856,1.0,1.0,0.47817624989501856,1.0,0.0,0.0,0.0,80,1.0,0.9549359649323077,1.0,1.0,0.9549359649323077,1.0,1.0,0.9549359649323077,1.0,0.0,0.0,0.0,1.0
yoloworld,329058,21846,1,right lady,1,2,2,0,0.0,10,10,1.0,0.6915028921812392,1.0,1.0,0.6915028921812392,1.0,1.0,0.6915028921812392,1.0,0.0,0.0,0.0,80,1.0,0.9549359649323077,1.0,1.0,0.9549359649323077,1.0,1.0,0.9549359649323077,1.0,0.0,0.0,0.0,1.0
yoloworld,329058,21846,1,right lady,1,2,2,0,0.0,20,20,1.0,0.8315665290169146,1.0,1.0,0.8315665290169146,1.0,1.0,0.8315665290169146,1.0,0.0,0.0,0.0,80,1.0,0.9549359649323077,1.0,1.0,0.9549359649323077,1.0,1.0,0.9549359649323077,1.0,0.0,0.0,0.0,1.0
yoloworld,329058,21846,1,right lady,1,2,2,0,0.0,40,40,1.0,0.9119026971211976,1.0,1.0,0.9119026971211976,1.0,1.0,0.9119026971211976,1.0,0.0,0.0,0.0,80,1.0,0.9549359649323077,1.0,1.0,0.9549359649323077,1.0,1.0,0.9549359649323077,1.0,0.0,0.0,0.0,1.0
yoloworld,494032,7672,1,tennis player in front,0,0,0,0,0.0,5,0,0.0,,,,,,0.0,,,,,,0,0.0,,,,,,0.0,,,,,,0.0
yoloworld,494032,7672,1,tennis player in front,0,0,0,0,0.0,10,0,0.0,,,,,,0.0,,,,,,0,0.0,,,,,,0.0,,,,,,0.0
yoloworld,494032,7672,1,tennis player in front,0,0,0,0,0.0,20,0,0.0,,,,,,0.0,,,,,,0,0.0,,,,,,0.0,,,,,,0.0
yoloworld,494032,7672,1,tennis player in front,0,0,0,0,0.0,40,0,0.0,,,,,,0.0,,,,,,0,0.0,,,,,,0.0,,,,,,0.0
yoloworld,382069,17361,1,weekender skateboard douce,1,2,2,0,0.060857565476256315,5,5,0.2,0.005050763379468061,0.7164179361180893,1.0,0.025000000000000022,1.0,0.2,0.005050763379468061,0.7164179361180893,0.8,0.0,0.0,80,0.6,0.48437694049548946,0.7079906437446896,1.0,0.9260272146527198,1.0,0.6,0.48437694049548946,0.7079906437446896,0.4,0.0,0.0,0.2
yoloworld,382069,17361,1,weekender skateboard douce,1,2,2,0,0.060857565476256315,10,10,0.5,0.18708602844739855,0.8129139715526015,1.0,0.47817624989501856,1.0,0.5,0.18708602844739855,0.8129139715526015,0.5,0.0,0.0,80,0.6,0.48437694049548946,0.7079906437446896,1.0,0.9260272146527198,1.0,0.6,0.48437694049548946,0.7079906437446896,0.4,0.0,0.0,0.5
yoloworld,382069,17361,1,weekender skateboard douce,1,2,2,0,0.060857565476256315,20,20,0.6,0.3605425873074897,0.8088099392746928,1.0,0.7353515306029488,1.0,0.6,0.3605425873074897,0.8088099392746928,0.4,0.0,0.0,80,0.6,0.48437694049548946,0.7079906437446896,1.0,0.9260272146527198,1.0,0.6,0.48437694049548946,0.7079906437446896,0.4,0.0,0.0,0.6
yoloworld,382069,17361,1,weekender skateboard douce,1,2,2,0,0.060857565476256315,40,40,0.55,0.38490679453401333,0.7074116499601201,1.0,0.8456274871844255,1.0,0.55,0.38490679453401333,0.7074116499601201,0.44999999999999996,0.0,0.0,80,0.6,0.48437694049548946,0.7079906437446896,1.0,0.9260272146527198,1.0,0.6,0.48437694049548946,0.7079906437446896,0.4,0.0,0.0,0.55
yoloworld,67615,44086,1,hitter,0,0,0,0,0.0,5,0,0.0,,,,,,0.0,,,,,,0,0.0,,,,,,0.0,,,,,,0.0
yoloworld,67615,44086,1,hitter,0,0,0,0,0.0,10,0,0.0,,,,,,0.0,,,,,,0,0.0,,,,,,0.0,,,,,,0.0
yoloworld,67615,44086,1,hitter,0,0,0,0,0.0,20,0,0.0,,,,,,0.0,,,,,,0,0.0,,,,,,0.0,,,,,,0.0
yoloworld,67615,44086,1,hitter,0,0,0,0,0.0,40,0,0.0,,,,,,0.0,,,,,,0,0.0,,,,,,0.0,,,,,,0.0
yoloworld,240331,29594,1,kid,0,1,0,1,0.8688868745638263,5,0,0.0,,,,,,0.0,,,,,,0,0.0,,,,,,0.0,,,,,,0.0
yoloworld,240331,29594,1,kid,0,1,0,1,0.8688868745638263,10,0,0.0,,,,,,0.0,,,,,,0,0.0,,,,,,0.0,,,,,,0.0
yoloworld,240331,29594,1,kid,0,1,0,1,0.8688868745638263,20,0,0.0,,,,,,0.0,,,,,,0,0.0,,,,,,0.0,,,,,,0.0
yoloworld,240331,29594,1,kid,0,1,0,1,0.8688868745638263,40,0,0.0,,,,,,0.0,,,,,,0,0.0,,,,,,0.0,,,,,,0.0
yoloworld,437547,12592,7,train on right,1,4,4,0,0.0,5,5,0.6,0.14663279963467318,0.9472550494736831,1.0,0.29240177382128674,1.0,0.6,0.14663279963467318,0.9472550494736831,0.4,0.0,0.0,80,0.525,0.4102278413767706,0.6378664183228473,1.0,0.9159161450596449,1.0,0.525,0.4102278413767706,0.6378664183228473,0.475,0.0,0.0,0.6
yoloworld,437547,12592,7,train on right,1,4,4,0,0.0,10,10,0.5,0.18708602844739855,0.8129139715526015,1.0,0.47817624989501856,1.0,0.5,0.18708602844739855,0.8129139715526015,0.5,0.0,0.0,80,0.525,0.4102278413767706,0.6378664183228473,1.0,0.9159161450596449,1.0,0.525,0.4102278413767706,0.6378664183228473,0.475,0.0,0.0,0.5
yoloworld,437547,12592,7,train on right,1,4,4,0,0.0,20,20,0.55,0.3152781330405486,0.7694221032240758,1.0,0.7150858470818456,1.0,0.55,0.3152781330405486,0.7694221032240758,0.44999999999999996,0.0,0.0,80,0.525,0.4102278413767706,0.6378664183228473,1.0,0.9159161450596449,1.0,0.525,0.4102278413767706,0.6378664183228473,0.475,0.0,0.0,0.55
yoloworld,437547,12592,7,train on right,1,4,4,0,0.0,40,40,0.525,0.36128013526406216,0.6848802933650138,1.0,0.8389023847809204,1.0,0.525,0.36128013526406216,0.6848802933650138,0.475,0.0,0.0,80,0.525,0.4102278413767706,0.6378664183228473,1.0,0.9159161450596449,1.0,0.525,0.4102278413767706,0.6378664183228473,0.475,0.0,0.0,0.525
yoloworld,560525,1969,84,open book left of man,1,3,3,0,0.13791472126061224,5,5,0.4,0.05274495052631693,0.8533672003653268,1.0,0.15811388300841903,1.0,0.4,0.05274495052631693,0.8533672003653268,0.6,0.0,0.0,80,0.5125,0.39810466870318545,0.625942518555561,0.926829268292683,0.800754021623337,0.9846485284665834,0.475,0.36213358167715265,0.5897721586232294,0.48750000000000004,0.03749999999999997,6.938893903907228e-18,0.4
yoloworld,560525,1969,84,open book left of man,1,3,3,0,0.13791472126061224,10,10,0.5,0.18708602844739855,0.8129139715526015,1.0,0.47817624989501856,1.0,0.5,0.18708602844739855,0.8129139715526015,0.5,0.0,0.0,80,0.5125,0.39810466870318545,0.625942518555561,0.926829268292683,0.800754021623337,0.9846485284665834,0.475,0.36213358167715265,0.5897721586232294,0.48750000000000004,0.03749999999999997,6.938893903907228e-18,0.5
yoloworld,560525,1969,84,open book left of man,1,3,3,0,0.13791472126061224,20,20,0.55,0.3152781330405486,0.7694221032240758,1.0,0.7150858470818456,1.0,0.55,0.3152781330405486,0.7694221032240758,0.44999999999999996,0.0,0.0,80,0.5125,0.39810466870318545,0.625942518555561,0.926829268292683,0.800754021623337,0.9846485284665834,0.475,0.36213358167715265,0.5897721586232294,0.48750000000000004,0.03749999999999997,6.938893903907228e-18,0.55
yoloworld,560525,1969,84,open book left of man,1,3,3,0,0.13791472126061224,40,40,0.525,0.36128013526406216,0.6848802933650138,1.0,0.8389023847809204,1.0,0.525,0.36128013526406216,0.6848802933650138,0.475,0.0,0.0,80,0.5125,0.39810466870318545,0.625942518555561,0.926829268292683,0.800754021623337,0.9846485284665834,0.475,0.36213358167715265,0.5897721586232294,0.48750000000000004,0.03749999999999997,6.938893903907228e-18,0.525
yoloworld,131913,38583,1,shirtless man,1,2,2,1,0.7742096011656144,5,5,1.0,0.47817624989501856,1.0,1.0,0.47817624989501856,1.0,1.0,0.47817624989501856,1.0,0.0,0.0,0.0,80,1.0,0.9549359649323077,1.0,1.0,0.9549359649323077,1.0,1.0,0.9549359649323077,1.0,0.0,0.0,0.0,1.0
yoloworld,131913,38583,1,shirtless man,1,2,2,1,0.7742096011656144,10,10,1.0,0.6915028921812392,1.0,1.0,0.6915028921812392,1.0,1.0,0.6915028921812392,1.0,0.0,0.0,0.0,80,1.0,0.9549359649323077,1.0,1.0,0.9549359649323077,1.0,1.0,0.9549359649323077,1.0,0.0,0.0,0.0,1.0
yoloworld,131913,38583,1,shirtless man,1,2,2,1,0.7742096011656144,20,20,1.0,0.8315665290169146,1.0,1.0,0.8315665290169146,1.0,1.0,0.8315665290169146,1.0,0.0,0.0,0.0,80,1.0,0.9549359649323077,1.0,1.0,0.9549359649323077,1.0,1.0,0.9549359649323077,1.0,0.0,0.0,0.0,1.0
yoloworld,131913,38583,1,shirtless man,1,2,2,1,0.7742096011656144,40,40,1.0,0.9119026971211976,1.0,1.0,0.9119026971211976,1.0,1.0,0.9119026971211976,1.0,0.0,0.0,0.0,80,1.0,0.9549359649323077,1.0,1.0,0.9549359649323077,1.0,1.0,0.9549359649323077,1.0,0.0,0.0,0.0,1.0
yoloworld,17451,48517,14,not closest half meter but number 32,0,1,0,0,0.14056380864802143,5,0,0.0,,,,,,0.0,,,,,,0,0.0,,,,,,0.0,,,,,,0.0
yoloworld,17451,48517,14,not closest half meter but number 32,0,1,0,0,0.14056380864802143,10,0,0.0,,,,,,0.0,,,,,,0,0.0,,,,,,0.0,,,,,,0.0
yoloworld,17451,48517,14,not closest half meter but number 32,0,1,0,0,0.14056380864802143,20,0,0.0,,,,,,0.0,,,,,,0,0.0,,,,,,0.0,,,,,,0.0
yoloworld,17451,48517,14,not closest half meter but number 32,0,1,0,0,0.14056380864802143,40,0,0.0,,,,,,0.0,,,,,,0,0.0,,,,,,0.0,,,,,,0.0
yoloworld,192319,33640,1,the person to the left of the man in white shorts,0,0,0,0,0.0,5,0,0.0,,,,,,0.0,,,,,,0,0.0,,,,,,0.0,,,,,,0.0
yoloworld,192319,33640,1,the person to the left of the man in white shorts,0,0,0,0,0.0,10,0,0.0,,,,,,0.0,,,,,,0,0.0,,,,,,0.0,,,,,,0.0
yoloworld,192319,33640,1,the person to the left of the man in white shorts,0,0,0,0,0.0,20,0,0.0,,,,,,0.0,,,,,,0,0.0,,,,,,0.0,,,,,,0.0
yoloworld,192319,33640,1,the person to the left of the man in white shorts,0,0,0,0,0.0,40,0,0.0,,,,,,0.0,,,,,,0,0.0,,,,,,0.0,,,,,,0.0
yoloworld,409825,14952,1,blond woman,1,4,4,1,0.9346514012219015,5,5,0.6,0.14663279963467318,0.9472550494736831,1.0,0.29240177382128674,1.0,0.6,0.14663279963467318,0.9472550494736831,0.4,0.0,0.0,80,0.6,0.48437694049548946,0.7079906437446896,0.9583333333333334,0.8574590267986226,0.994913532069967,0.575,0.4593888114309382,0.6848902345476577,0.4,0.024999999999999977,4.5102810375396984e-17,0.6
yoloworld,409825,14952,1,blond woman,1,4,4,1,0.9346514012219015,10,10,0.6,0.2623780766069451,0.8784477418801728,1.0,0.5407418735600996,1.0,0.6,0.2623780766069451,0.8784477418801728,0.4,0.0,0.0,80,0.6,0.48437694049548946,0.7079906437446896,0.9583333333333334,0.8574590267986226,0.994913532069967,0.575,0.4593888114309382,0.6848902345476577,0.4,0.024999999999999977,4.5102810375396984e-17,0.6
yoloworld,409825,14952,1,blond woman,1,4,4,1,0.9346514012219015,20,20,0.55,0.3152781330405486,0.7694221032240758,1.0,0.7150858470818456,1.0,0.55,0.3152781330405486,0.7694221032240758,0.44999999999999996,0.0,0.0,80,0.6,0.48437694049548946,0.7079906437446896,0.9583333333333334,0.8574590267986226,0.994913532069967,0.575,0.4593888114309382,0.6848902345476577,0.4,0.024999999999999977,4.5102810375396984e-17,0.55
yoloworld,409825,14952,1,blond woman,1,4,4,1,0.9346514012219015,40,40,0.6,0.4332670521932967,0.7513500134122563,0.9583333333333334,0.7887983165430269,0.9989456475545303,0.575,0.40890058042696337,0.7295709687311371,0.4,0.024999999999999977,4.5102810375396984e-17,80,0.6,0.48437694049548946,0.7079906437446896,0.9583333333333334,0.8574590267986226,0.994913532069967,0.575,0.4593888114309382,0.6848902345476577,0.4,0.024999999999999977,4.5102810375396984e-17,0.575
yoloworld,279762,26254,1,man on bottom screen,1,4,4,0,0.0,5,5,0.8,0.2835820638819106,0.9949492366205319,0.75,0.19412044968324346,0.9936905367902902,0.6,0.14663279963467318,0.9472550494736831,0.19999999999999996,0.2,5.551115123125783e-17,80,0.9125,0.8279916615801152,0.9640936410104413,0.863013698630137,0.7624713452632966,0.9323059331231339,0.7875,0.6817141914403442,0.8710635049024182,0.08750000000000002,0.12499999999999999,1.3877787807814457e-17,0.6
yoloworld,279762,26254,1,man on bottom screen,1,4,4,0,0.0,10,10,0.8,0.4439045376923585,0.9747892736731666,0.75,0.34914420558717585,0.9681459737500557,0.6,0.2623780766069451,0.8784477418801728,0.19999999999999996,0.2,5.551115123125783e-17,80,0.9125,0.8279916615801152,0.9640936410104413,0.863013698630137,0.7624713452632966,0.9323059331231339,0.7875,0.6817141914403442,0.8710635049024182,0.08750000000000002,0.12499999999999999,1.3877787807814457e-17,0.6
yoloworld,279762,26254,1,man on bottom screen,1,4,4,0,0.0,20,20,0.85,0.6210731734546859,0.9679290628145363,0.8235294117647058,0.565682127155716,0.962014931929374,0.7,0.4572108177237109,0.8810684095942722,0.15000000000000002,0.15000000000000002,0.0,80,0.9125,0.8279916615801152,0.9640936410104413,0.863013698630137,0.7624713452632966,0.9323059331231339,0.7875,0.6817141914403442,0.8710635049024182,0.08750000000000002,0.12499999999999999,1.3877787807814457e-17,0.7
yoloworld,279762,26254,1,man on bottom screen,1,4,4,0,0.0,40,40,0.875,0.7319670826382796,0.9581403738613833,0.8285714285714286,0.6635016999818029,0.9343781988437493,0.725,0.5611170928209519,0.8539910080361344,0.125,0.14999999999999997,5.551115123125783e-17,80,0.9125,0.8279916615801152,0.9640936410104413,0.863013698630137,0.7624713452632966,0.9323059331231339,0.7875,0.6817141914403442,0.8710635049024182,0.08750000000000002,0.12499999999999999,1.3877787807814457e-17,0.725
yoloworld,521064,5282,52,banana bottom right corner,1,2,2,0,0.4144647833217768,5,5,0.6,0.14663279963467318,0.9472550494736831,1.0,0.29240177382128674,1.0,0.6,0.14663279963467318,0.9472550494736831,0.4,0.0,0.0,80,0.5,0.38604788336490925,0.6139521166350907,1.0,0.9119026971211976,1.0,0.5,0.38604788336490925,0.6139521166350907,0.5,0.0,0.0,0.6
yoloworld,521064,5282,52,banana bottom right corner,1,2,2,0,0.4144647833217768,10,10,0.6,0.2623780766069451,0.8784477418801728,1.0,0.5407418735600996,1.0,0.6,0.2623780766069451,0.8784477418801728,0.4,0.0,0.0,80,0.5,0.38604788336490925,0.6139521166350907,1.0,0.9119026971211976,1.0,0.5,0.38604788336490925,0.6139521166350907,0.5,0.0,0.0,0.6
yoloworld,521064,5282,52,banana bottom right corner,1,2,2,0,0.4144647833217768,20,20,0.55,0.3152781330405486,0.7694221032240758,1.0,0.7150858470818456,1.0,0.55,0.3152781330405486,0.7694221032240758,0.44999999999999996,0.0,0.0,80,0.5,0.38604788336490925,0.6139521166350907,1.0,0.9119026971211976,1.0,0.5,0.38604788336490925,0.6139521166350907,0.5,0.0,0.0,0.55
yoloworld,521064,5282,52,banana bottom right corner,1,2,2,0,0.4144647833217768,40,40,0.55,0.38490679453401333,0.7074116499601201,1.0,0.8456274871844255,1.0,0.55,0.38490679453401333,0.7074116499601201,0.44999999999999996,0.0,0.0,80,0.5,0.38604788336490925,0.6139521166350907,1.0,0.9119026971211976,1.0,0.5,0.38604788336490925,0.6139521166350907,0.5,0.0,0.0,0.55
yoloworld,322517,22516,1,center polka,0,0,0,0,0.0,5,0,0.0,,,,,,0.0,,,,,,0,0.0,,,,,,0.0,,,,,,0.0
yoloworld,322517,22516,1,center polka,0,0,0,0,0.0,10,0,0.0,,,,,,0.0,,,,,,0,0.0,,,,,,0.0,,,,,,0.0
yoloworld,322517,22516,1,center polka,0,0,0,0,0.0,20,0,0.0,,,,,,0.0,,,,,,0,0.0,,,,,,0.0,,,,,,0.0
yoloworld,322517,22516,1,center polka,0,0,0,0,0.0,40,0,0.0,,,,,,0.0,,,,,,0,0.0,,,,,,0.0,,,,,,0.0
yoloworld,203069,32802,53,pice of fruit at very front second from left,1,16,5,0,0.0,5,5,0.4,0.05274495052631693,0.8533672003653268,1.0,0.15811388300841903,1.0,0.4,0.05274495052631693,0.8533672003653268,0.6,0.0,0.0,80,0.575,0.4593888114309382,0.6848902345476577,1.0,0.9229381729480993,1.0,0.575,0.4593888114309382,0.6848902345476577,0.42500000000000004,0.0,0.0,0.4
yoloworld,203069,32802,53,pice of fruit at very front second from left,1,16,5,0,0.0,10,10,0.6,0.2623780766069451,0.8784477418801728,1.0,0.5407418735600996,1.0,0.6,0.2623780766069451,0.8784477418801728,0.4,0.0,0.0,80,0.575,0.4593888114309382,0.6848902345476577,1.0,0.9229381729480993,1.0,0.575,0.4593888114309382,0.6848902345476577,0.42500000000000004,0.0,0.0,0.6
yoloworld,203069,32802,53,pice of fruit at very front second from left,1,16,5,0,0.0,20,20,0.6,0.3605425873074897,0.8088099392746928,1.0,0.7353515306029488,1.0,0.6,0.3605425873074897,0.8088099392746928,0.4,0.0,0.0,80,0.575,0.4593888114309382,0.6848902345476577,1.0,0.9229381729480993,1.0,0.575,0.4593888114309382,0.6848902345476577,0.42500000000000004,0.0,0.0,0.6
yoloworld,203069,32802,53,pice of fruit at very front second from left,1,16,5,0,0.0,40,40,0.575,0.40890058042696337,0.7295709687311371,1.0,0.8518148710847756,1.0,0.575,0.40890058042696337,0.7295709687311371,0.42500000000000004,0.0,0.0,80,0.575,0.4593888114309382,0.6848902345476577,1.0,0.9229381729480993,1.0,0.575,0.4593888114309382,0.6848902345476577,0.42500000000000004,0.0,0.0,0.575
yoloworld,563679,1643,24,middle,1,2,2,0,0.19153283309653585,5,5,0.2,0.005050763379468061,0.7164179361180893,1.0,0.025000000000000022,1.0,0.2,0.005050763379468061,0.7164179361180893,0.8,0.0,0.0,80,0.225,0.13913721049893182,0.33208632006125094,1.0,0.8146980318621478,1.0,0.225,0.13913721049893182,0.33208632006125094,0.775,0.0,0.0,0.2
yoloworld,563679,1643,24,middle,1,2,2,0,0.19153283309653585,10,10,0.2,0.02521072632683339,0.5560954623076415,1.0,0.15811388300841903,1.0,0.2,0.02521072632683339,0.5560954623076415,0.8,0.0,0.0,80,0.225,0.13913721049893182,0.33208632006125094,1.0,0.8146980318621478,1.0,0.225,0.13913721049893182,0.33208632006125094,0.775,0.0,0.0,0.2
yoloworld,563679,1643,24,middle,1,2,2,0,0.19153283309653585,20,20,0.2,0.057333997050032774,0.43661400299666825,1.0,0.3976353643835254,1.0,0.2,0.057333997050032774,0.43661400299666825,0.8,0.0,0.0,80,0.225,0.13913721049893182,0.33208632006125094,1.0,0.8146980318621478,1.0,0.225,0.13913721049893182,0.33208632006125094,0.775,0.0,0.0,0.2
yoloworld,563679,1643,24,middle,1,2,2,0,0.19153283309653585,40,40,0.2,0.09052240939999069,0.35647801867923473,1.0,0.6305833524471808,1.0,0.2,0.09052240939999069,0.35647801867923473,0.8,0.0,0.0,80,0.225,0.13913721049893182,0.33208632006125094,1.0,0.8146980318621478,1.0,0.225,0.13913721049893182,0.33208632006125094,0.775,0.0,0.0,0.2
yoloworld,316238,23095,1,black woman on the far right not sitting,1,5,5,0,0.0,5,5,0.2,0.005050763379468061,0.7164179361180893,1.0,0.025000000000000022,1.0,0.2,0.005050763379468061,0.7164179361180893,0.8,0.0,0.0,80,0.275,0.1810376385570388,0.38624342084440927,1.0,0.8456274871844255,1.0,0.275,0.1810376385570388,0.38624342084440927,0.725,0.0,0.0,0.2
yoloworld,316238,23095,1,black woman on the far right not sitting,1,5,5,0,0.0,10,10,0.2,0.02521072632683339,0.5560954623076415,1.0,0.15811388300841903,1.0,0.2,0.02521072632683339,0.5560954623076415,0.8,0.0,0.0,80,0.275,0.1810376385570388,0.38624342084440927,1.0,0.8456274871844255,1.0,0.275,0.1810376385570388,0.38624342084440927,0.725,0.0,0.0,0.2
yoloworld,316238,23095,1,black woman on the far right not sitting,1,5,5,0,0.0,20,20,0.3,0.1189315904057277,0.5427891822762891,1.0,0.5407418735600996,1.0,0.3,0.1189315904057277,0.5427891822762891,0.7,0.0,0.0,80,0.275,0.1810376385570388,0.38624342084440927,1.0,0.8456274871844255,1.0,0.275,0.1810376385570388,0.38624342084440927,0.725,0.0,0.0,0.3
yoloworld,316238,23095,1,black woman on the far right not sitting,1,5,5,0,0.0,40,40,0.25,0.126914798932845,0.4119619801514298,1.0,0.6915028921812392,1.0,0.25,0.126914798932845,0.4119619801514298,0.75,0.0,0.0,80,0.275,0.1810376385570388,0.38624342084440927,1.0,0.8456274871844255,1.0,0.275,0.1810376385570388,0.38624342084440927,0.725,0.0,0.0,0.25
yoloworld,190513,33789,4,bike on left,1,5,5,0,0.09580194711314827,5,5,0.6,0.14663279963467318,0.9472550494736831,1.0,0.29240177382128674,1.0,0.6,0.14663279963467318,0.9472550494736831,0.4,0.0,0.0,80,0.5625,0.4469975713881803,0.673236046566221,0.8666666666666667,0.7320750459065521,0.9494576240866738,0.4875,0.37405748144443896,0.6018953312968145,0.4375,0.07499999999999998,2.7755575615628914e-17,0.6
yoloworld,190513,33789,4,bike on left,1,5,5,0,0.09580194711314827,10,10,0.6,0.2623780766069451,0.8784477418801728,1.0,0.5407418735600996,1.0,0.6,0.2623780766069451,0.8784477418801728,0.4,0.0,0.0,80,0.5625,0.4469975713881803,0.673236046566221,0.8666666666666667,0.7320750459065521,0.9494576240866738,0.4875,0.37405748144443896,0.6018953312968145,0.4375,0.07499999999999998,2.7755575615628914e-17,0.6
yoloworld,190513,33789,4,bike on left,1,5,5,0,0.09580194711314827,20,20,0.65,0.4078114654671719,0.8460907952154588,0.9230769230769231,0.6397025647321226,0.9980543715026533,0.6,0.3605425873074897,0.8088099392746928,0.35,0.04999999999999997,7.632783294297951e-17,80,0.5625,0.4469975713881803,0.673236046566221,0.8666666666666667,0.7320750459065521,0.9494576240866738,0.4875,0.37405748144443896,0.6018953312968145,0.4375,0.07499999999999998,2.7755575615628914e-17,0.6
yoloworld,190513,33789,4,bike on left,1,5,5,0,0.09580194711314827,40,40,0.6,0.4332670521932967,0.7513500134122563,0.9583333333333334,0.7887983165430269,0.9989456475545303,0.575,0.40890058042696337,0.7295709687311371,0.4,0.024999999999999977,4.5102810375396984e-17,80,0.5625,0.4469975713881803,0.673236046566221,0.8666666666666667,0.7320750459065521,0.9494576240866738,0.4875,0.37405748144443896,0.6018953312968145,0.4375,0.07499999999999998,2.7755575615628914e-17,0.575
yoloworld,264502,27509,1,person in hat,1,4,4,1,0.9481539965474277,5,5,0.8,0.2835820638819106,0.9949492366205319,0.75,0.19412044968324346,0.9936905367902902,0.6,0.14663279963467318,0.9472550494736831,0.19999999999999996,0.2,5.551115123125783e-17,80,0.975,0.9125928440694078,0.9969579138351904,0.7435897435897436,0.6321417565393073,0.8358102803859818,0.725,0.6137565791555908,0.8189623614429612,0.025000000000000022,0.24999999999999997,2.7755575615628914e-17,0.6
yoloworld,264502,27509,1,person in hat,1,4,4,1,0.9481539965474277,10,10,0.8,0.4439045376923585,0.9747892736731666,0.75,0.34914420558717585,0.9681459737500557,0.6,0.2623780766069451,0.8784477418801728,0.19999999999999996,0.2,5.551115123125783e-17,80,0.975,0.9125928440694078,0.9969579138351904,0.7435897435897436,0.6321417565393073,0.8358102803859818,0.725,0.6137565791555908,0.8189623614429612,0.025000000000000022,0.24999999999999997,2.7755575615628914e-17,0.6
yoloworld,264502,27509,1,person in hat,1,4,4,1,0.9481539965474277,20,20,0.9,0.6830172859809176,0.9876514728297052,0.8333333333333334,0.585822508605226,0.9642149168784253,0.75,0.5089541282920425,0.9134285308985653,0.09999999999999998,0.14999999999999997,5.551115123125783e-17,80,0.975,0.9125928440694078,0.9969579138351904,0.7435897435897436,0.6321417565393073,0.8358102803859818,0.725,0.6137565791555908,0.8189623614429612,0.025000000000000022,0.24999999999999997,2.7755575615628914e-17,0.75
yoloworld,264502,27509,1,person in hat,1,4,4,1,0.9481539965474277,40,40,0.925,0.796135251267101,0.9842578201489585,0.8108108108108109,0.6484476216307458,0.9203788791471231,0.75,0.5880380198485702,0.873085201067155,0.07499999999999996,0.17499999999999996,8.326672684688674e-17,80,0.975,0.9125928440694078,0.9969579138351904,0.7435897435897436,0.6321417565393073,0.8358102803859818,0.725,0.6137565791555908,0.8189623614429612,0.025000000000000022,0.24999999999999997,2.7755575615628914e-17,0.75
yoloworld,579667,199,17,under,0,1,0,1,0.9634522411763997,5,0,0.0,,,,,,0.0,,,,,,0,0.0,,,,,,0.0,,,,,,0.0
yoloworld,579667,199,17,under,0,1,0,1,0.9634522411763997,10,0,0.0,,,,,,0.0,,,,,,0,0.0,,,,,,0.0,,,,,,0.0
yoloworld,579667,199,17,under,0,1,0,1,0.9634522411763997,20,0,0.0,,,,,,0.0,,,,,,0,0.0,,,,,,0.0,,,,,,0.0
yoloworld,579667,199,17,under,0,1,0,1,0.9634522411763997,40,0,0.0,,,,,,0.0,,,,,,0,0.0,,,,,,0.0,,,,,,0.0
yoloworld,295864,24963,73,black laptop left,1,2,2,1,0.9485029001654638,5,5,1.0,0.47817624989501856,1.0,1.0,0.47817624989501856,1.0,1.0,0.47817624989501856,1.0,0.0,0.0,0.0,80,1.0,0.9549359649323077,1.0,1.0,0.9549359649323077,1.0,1.0,0.9549359649323077,1.0,0.0,0.0,0.0,1.0
yoloworld,295864,24963,73,black laptop left,1,2,2,1,0.9485029001654638,10,10,1.0,0.6915028921812392,1.0,1.0,0.6915028921812392,1.0,1.0,0.6915028921812392,1.0,0.0,0.0,0.0,80,1.0,0.9549359649323077,1.0,1.0,0.9549359649323077,1.0,1.0,0.9549359649323077,1.0,0.0,0.0,0.0,1.0
yoloworld,295864,24963,73,black laptop left,1,2,2,1,0.9485029001654638,20,20,1.0,0.8315665290169146,1.0,1.0,0.8315665290169146,1.0,1.0,0.8315665290169146,1.0,0.0,0.0,0.0,80,1.0,0.9549359649323077,1.0,1.0,0.9549359649323077,1.0,1.0,0.9549359649323077,1.0,0.0,0.0,0.0,1.0
yoloworld,295864,24963,73,black laptop left,1,2,2,1,0.9485029001654638,40,40,1.0,0.9119026971211976,1.0,1.0,0.9119026971211976,1.0,1.0,0.9119026971211976,1.0,0.0,0.0,0.0,80,1.0,0.9549359649323077,1.0,1.0,0.9549359649323077,1.0,1.0,0.9549359649323077,1.0,0.0,0.0,0.0,1.0
yoloworld,217959,31496,21,dark cow,1,2,2,1,0.7176742382982385,5,5,0.6,0.14663279963467318,0.9472550494736831,1.0,0.29240177382128674,1.0,0.6,0.14663279963467318,0.9472550494736831,0.4,0.0,0.0,80,0.6375,0.5223872787351915,0.7421051046283819,1.0,0.9302229692504613,1.0,0.6375,0.5223872787351915,0.7421051046283819,0.36250000000000004,0.0,0.0,0.6
yoloworld,217959,31496,21,dark cow,1,2,2,1,0.7176742382982385,10,10,0.7,0.34754714994000274,0.9332604888222655,1.0,0.5903836027749967,1.0,0.7,0.34754714994000274,0.9332604888222655,0.30000000000000004,0.0,0.0,80,0.6375,0.5223872787351915,0.7421051046283819,1.0,0.9302229692504613,1.0,0.6375,0.5223872787351915,0.7421051046283819,0.36250000000000004,0.0,0.0,0.7
yoloworld,217959,31496,21,dark cow,1,2,2,1,0.7176742382982385,20,20,0.65,0.4078114654671719,0.8460907952154588,1.0,0.752947361999529,1.0,0.65,0.4078114654671719,0.8460907952154588,0.35,0.0,0.0,80,0.6375,0.5223872787351915,0.7421051046283819,1.0,0.9302229692504613,1.0,0.6375,0.5223872787351915,0.7421051046283819,0.36250000000000004,0.0,0.0,0.65
yoloworld,217959,31496,21,dark cow,1,2,2,1,0.7176742382982385,40,40,0.625,0.4580147522326109,0.772737277518174,1.0,0.8628148284692875,1.0,0.625,0.4580147522326109,0.772737277518174,0.375,0.0,0.0,80,0.6375,0.5223872787351915,0.7421051046283819,1.0,0.9302229692504613,1.0,0.6375,0.5223872787351915,0.7421051046283819,0.36250000000000004,0.0,0.0,0.625
yoloworld,18211,48451,17,soft kitty warm kitty little ball of fur in kitty bed,1,4,4,0,0.1081292418632793,5,5,1.0,0.47817624989501856,1.0,0.4,0.05274495052631693,0.8533672003653268,0.4,0.05274495052631693,0.8533672003653268,0.0,0.6,0.0,80,0.9875,0.9323122155360776,0.9996835774723672,0.759493670886076,0.6501743008997021,0.8485626060549639,0.75,0.64063652409315,0.8401203554931442,0.012499999999999956,0.23749999999999996,8.326672684688674e-17,0.4
yoloworld,18211,48451,17,soft kitty warm kitty little ball of fur in kitty bed,1,4,4,0,0.1081292418632793,10,10,1.0,0.6915028921812392,1.0,0.5,0.18708602844739855,0.8129139715526015,0.5,0.18708602844739855,0.8129139715526015,0.0,0.5,0.0,80,0.9875,0.9323122155360776,0.9996835774723672,0.759493670886076,0.6501743008997021,0.8485626060549639,0.75,0.64063652409315,0.8401203554931442,0.012499999999999956,0.23749999999999996,8.326672684688674e-17,0.5
yoloworld,18211,48451,17,soft kitty warm kitty little ball of fur in kitty bed,1,4,4,0,0.1081292418632793,20,20,1.0,0.8315665290169146,1.0,0.6,0.3605425873074897,0.8088099392746928,0.6,0.3605425873074897,0.8088099392746928,0.0,0.4,0.0,80,0.9875,0.9323122155360776,0.9996835774723672,0.759493670886076,0.6501743008997021,0.8485626060549639,0.75,0.64063652409315,0.8401203554931442,0.012499999999999956,0.23749999999999996,8.326672684688674e-17,0.6
yoloworld,18211,48451,17,soft kitty warm kitty little ball of fur in kitty bed,1,4,4,0,0.1081292418632793,40,40,1.0,0.9119026971211976,1.0,0.725,0.5611170928209519,0.8539910080361344,0.725,0.5611170928209519,0.8539910080361344,0.0,0.275,0.0,80,0.9875,0.9323122155360776,0.9996835774723672,0.759493670886076,0.6501743008997021,0.8485626060549639,0.75,0.64063652409315,0.8401203554931442,0.012499999999999956,0.23749999999999996,8.326672684688674e-17,0.725
yoloworld,292315,25213,1,right person,1,4,4,0,0.03384127329004475,5,5,1.0,0.47817624989501856,1.0,1.0,0.47817624989501856,1.0,1.0,0.47817624989501856,1.0,0.0,0.0,0.0,80,1.0,0.9549359649323077,1.0,0.9625,0.8942980149834914,0.9921988127342833,0.9625,0.8942980149834914,0.9921988127342833,0.0,0.03749999999999998,0.0,1.0
yoloworld,292315,25213,1,right person,1,4,4,0,0.03384127329004475,10,10,1.0,0.6915028921812392,1.0,1.0,0.6915028921812392,1.0,1.0,0.6915028921812392,1.0,0.0,0.0,0.0,80,1.0,0.9549359649323077,1.0,0.9625,0.8942980149834914,0.9921988127342833,0.9625,0.8942980149834914,0.9921988127342833,0.0,0.03749999999999998,0.0,1.0
yoloworld,292315,25213,1,right person,1,4,4,0,0.03384127329004475,20,20,1.0,0.8315665290169146,1.0,1.0,0.8315665290169146,1.0,1.0,0.8315665290169146,1.0,0.0,0.0,0.0,80,1.0,0.9549359649323077,1.0,0.9625,0.8942980149834914,0.9921988127342833,0.9625,0.8942980149834914,0.9921988127342833,0.0,0.03749999999999998,0.0,1.0
yoloworld,292315,25213,1,right person,1,4,4,0,0.03384127329004475,40,40,1.0,0.9119026971211976,1.0,1.0,0.9119026971211976,1.0,1.0,0.9119026971211976,1.0,0.0,0.0,0.0,80,1.0,0.9549359649323077,1.0,0.9625,0.8942980149834914,0.9921988127342833,0.9625,0.8942980149834914,0.9921988127342833,0.0,0.03749999999999998,0.0,1.0
yoloworld,140850,37830,33,right suitcase,1,3,3,1,0.911125187957939,5,5,1.0,0.47817624989501856,1.0,0.8,0.2835820638819106,0.9949492366205319,0.8,0.2835820638819106,0.9949492366205319,0.0,0.19999999999999996,0.0,80,1.0,0.9549359649323077,1.0,0.7125,0.6004548866879794,0.8082395280280349,0.7125,0.6004548866879794,0.8082395280280349,0.0,0.2875,0.0,0.8
yoloworld,140850,37830,33,right suitcase,1,3,3,1,0.911125187957939,10,10,1.0,0.6915028921812392,1.0,0.8,0.4439045376923585,0.9747892736731666,0.8,0.4439045376923585,0.9747892736731666,0.0,0.19999999999999996,0.0,80,1.0,0.9549359649323077,1.0,0.7125,0.6004548866879794,0.8082395280280349,0.7125,0.6004548866879794,0.8082395280280349,0.0,0.2875,0.0,0.8
yoloworld,140850,37830,33,right suitcase,1,3,3,1,0.911125187957939,20,20,1.0,0.8315665290169146,1.0,0.7,0.4572108177237109,0.8810684095942722,0.7,0.4572108177237109,0.8810684095942722,0.0,0.30000000000000004,0.0,80,1.0,0.9549359649323077,1.0,0.7125,0.6004548866879794,0.8082395280280349,0.7125,0.6004548866879794,0.8082395280280349,0.0,0.2875,0.0,0.7
yoloworld,140850,37830,33,right suitcase,1,3,3,1,0.911125187957939,40,40,1.0,0.9119026971211976,1.0,0.75,0.5880380198485702,0.873085201067155,0.75,0.5880380198485702,0.873085201067155,0.0,0.25,0.0,80,1.0,0.9549359649323077,1.0,0.7125,0.6004548866879794,0.8082395280280349,0.7125,0.6004548866879794,0.8082395280280349,0.0,0.2875,0.0,0.75
yoloworld,257804,28107,1,face on right,1,2,2,1,0.5184238463573744,5,5,1.0,0.47817624989501856,1.0,0.8,0.2835820638819106,0.9949492366205319,0.8,0.2835820638819106,0.9949492366205319,0.0,0.19999999999999996,0.0,80,0.675,0.5610629543955516,0.7755404148225468,0.7037037037037037,0.5639092707025991,0.8202196254887402,0.475,0.36213358167715265,0.5897721586232294,0.32499999999999996,0.2,5.551115123125783e-17,0.8
yoloworld,257804,28107,1,face on right,1,2,2,1,0.5184238463573744,10,10,0.9,0.5549838829718046,0.9974714214555382,0.6666666666666666,0.2992950562085404,0.9251453685803082,0.6,0.2623780766069451,0.8784477418801728,0.09999999999999998,0.30000000000000004,0.0,80,0.675,0.5610629543955516,0.7755404148225468,0.7037037037037037,0.5639092707025991,0.8202196254887402,0.475,0.36213358167715265,0.5897721586232294,0.32499999999999996,0.2,5.551115123125783e-17,0.6
yoloworld,257804,28107,1,face on right,1,2,2,1,0.5184238463573744,20,20,0.85,0.6210731734546859,0.9679290628145363,0.5294117647058824,0.27811830033110657,0.7701673127340096,0.45,0.2305778967759242,0.6847218669594515,0.15000000000000002,0.39999999999999997,5.551115123125783e-17,80,0.675,0.5610629543955516,0.7755404148225468,0.7037037037037037,0.5639092707025991,0.8202196254887402,0.475,0.36213358167715265,0.5897721586232294,0.32499999999999996,0.2,5.551115123125783e-17,0.45
yoloworld,257804,28107,1,face on right,1,2,2,1,0.5184238463573744,40,40,0.75,0.5880380198485702,0.873085201067155,0.5666666666666667,0.3742734506092208,0.7453924500967369,0.425,0.2704290312688629,0.5910994195730366,0.25,0.325,5.551115123125783e-17,80,0.675,0.5610629543955516,0.7755404148225468,0.7037037037037037,0.5639092707025991,0.8202196254887402,0.475,0.36213358167715265,0.5897721586232294,0.32499999999999996,0.2,5.551115123125783e-17,0.425
yoloworld,404828,15373,1,man left side standing closest to us,1,6,5,1,0.9504394223977537,5,5,0.4,0.05274495052631693,0.8533672003653268,1.0,0.15811388300841903,1.0,0.4,0.05274495052631693,0.8533672003653268,0.6,0.0,0.0,80,0.7,0.587240676918624,0.7974260708533272,1.0,0.9362499033376378,1.0,0.7,0.587240676918624,0.7974260708533272,0.30000000000000004,0.0,0.0,0.4
yoloworld,404828,15373,1,man left side standing closest to us,1,6,5,1,0.9504394223977537,10,10,0.5,0.18708602844739855,0.8129139715526015,1.0,0.47817624989501856,1.0,0.5,0.18708602844739855,0.8129139715526015,0.5,0.0,0.0,80,0.7,0.587240676918624,0.7974260708533272,1.0,0.9362499033376378,1.0,0.7,0.587240676918624,0.7974260708533272,0.30000000000000004,0.0,0.0,0.5
yoloworld,404828,15373,1,man left side standing closest to us,1,6,5,1,0.9504394223977537,20,20,0.55,0.3152781330405486,0.7694221032240758,1.0,0.7150858470818456,1.0,0.55,0.3152781330405486,0.7694221032240758,0.44999999999999996,0.0,0.0,80,0.7,0.587240676918624,0.7974260708533272,1.0,0.9362499033376378,1.0,0.7,0.587240676918624,0.7974260708533272,0.30000000000000004,0.0,0.0,0.55
yoloworld,404828,15373,1,man left side standing closest to us,1,6,5,1,0.9504394223977537,40,40,0.625,0.4580147522326109,0.772737277518174,1.0,0.8628148284692875,1.0,0.625,0.4580147522326109,0.772737277518174,0.375,0.0,0.0,80,0.7,0.587240676918624,0.7974260708533272,1.0,0.9362499033376378,1.0,0.7,0.587240676918624,0.7974260708533272,0.30000000000000004,0.0,0.0,0.625
yoloworld,343201,20493,60,right donut,1,2,2,0,0.0,5,5,1.0,0.47817624989501856,1.0,1.0,0.47817624989501856,1.0,1.0,0.47817624989501856,1.0,0.0,0.0,0.0,80,1.0,0.9549359649323077,1.0,1.0,0.9549359649323077,1.0,1.0,0.9549359649323077,1.0,0.0,0.0,0.0,1.0
yoloworld,343201,20493,60,right donut,1,2,2,0,0.0,10,10,1.0,0.6915028921812392,1.0,1.0,0.6915028921812392,1.0,1.0,0.6915028921812392,1.0,0.0,0.0,0.0,80,1.0,0.9549359649323077,1.0,1.0,0.9549359649323077,1.0,1.0,0.9549359649323077,1.0,0.0,0.0,0.0,1.0
yoloworld,343201,20493,60,right donut,1,2,2,0,0.0,20,20,1.0,0.8315665290169146,1.0,1.0,0.8315665290169146,1.0,1.0,0.8315665290169146,1.0,0.0,0.0,0.0,80,1.0,0.9549359649323077,1.0,1.0,0.9549359649323077,1.0,1.0,0.9549359649323077,1.0,0.0,0.0,0.0,1.0
yoloworld,343201,20493,60,right donut,1,2,2,0,0.0,40,40,1.0,0.9119026971211976,1.0,1.0,0.9119026971211976,1.0,1.0,0.9119026971211976,1.0,0.0,0.0,0.0,80,1.0,0.9549359649323077,1.0,1.0,0.9549359649323077,1.0,1.0,0.9549359649323077,1.0,0.0,0.0,0.0,1.0
yoloworld,314065,23275,1,left guy,1,2,2,1,0.9293712091555777,5,5,1.0,0.47817624989501856,1.0,0.4,0.05274495052631693,0.8533672003653268,0.4,0.05274495052631693,0.8533672003653268,0.0,0.6,0.0,80,1.0,0.9549359649323077,1.0,0.675,0.5610629543955516,0.7755404148225468,0.675,0.5610629543955516,0.7755404148225468,0.0,0.32499999999999996,0.0,0.4
yoloworld,314065,23275,1,left guy,1,2,2,1,0.9293712091555777,10,10,1.0,0.6915028921812392,1.0,0.5,0.18708602844739855,0.8129139715526015,0.5,0.18708602844739855,0.8129139715526015,0.0,0.5,0.0,80,1.0,0.9549359649323077,1.0,0.675,0.5610629543955516,0.7755404148225468,0.675,0.5610629543955516,0.7755404148225468,0.0,0.32499999999999996,0.0,0.5
yoloworld,314065,23275,1,left guy,1,2,2,1,0.9293712091555777,20,20,1.0,0.8315665290169146,1.0,0.5,0.27195784956079183,0.7280421504392082,0.5,0.27195784956079183,0.7280421504392082,0.0,0.5,0.0,80,1.0,0.9549359649323077,1.0,0.675,0.5610629543955516,0.7755404148225468,0.675,0.5610629543955516,0.7755404148225468,0.0,0.32499999999999996,0.0,0.5
yoloworld,314065,23275,1,left guy,1,2,2,1,0.9293712091555777,40,40,1.0,0.9119026971211976,1.0,0.575,0.40890058042696337,0.7295709687311371,0.575,0.40890058042696337,0.7295709687311371,0.0,0.42500000000000004,0.0,80,1.0,0.9549359649323077,1.0,0.675,0.5610629543955516,0.7755404148225468,0.675,0.5610629543955516,0.7755404148225468,0.0,0.32499999999999996,0.0,0.575
yoloworld,215569,31702,1,left bottom chick,0,0,0,0,0.0,5,0,0.0,,,,,,0.0,,,,,,0,0.0,,,,,,0.0,,,,,,0.0
yoloworld,215569,31702,1,left bottom chick,0,0,0,0,0.0,10,0,0.0,,,,,,0.0,,,,,,0,0.0,,,,,,0.0,,,,,,0.0
yoloworld,215569,31702,1,left bottom chick,0,0,0,0,0.0,20,0,0.0,,,,,,0.0,,,,,,0,0.0,,,,,,0.0,,,,,,0.0
yoloworld,215569,31702,1,left bottom chick,0,0,0,0,0.0,40,0,0.0,,,,,,0.0,,,,,,0,0.0,,,,,,0.0,,,,,,0.0
yoloworld,150704,37024,22,left e,0,0,0,0,0.0,5,0,0.0,,,,,,0.0,,,,,,0,0.0,,,,,,0.0,,,,,,0.0
yoloworld,150704,37024,22,left e,0,0,0,0,0.0,10,0,0.0,,,,,,0.0,,,,,,0,0.0,,,,,,0.0,,,,,,0.0
yoloworld,150704,37024,22,left e,0,0,0,0,0.0,20,0,0.0,,,,,,0.0,,,,,,0,0.0,,,,,,0.0,,,,,,0.0
yoloworld,150704,37024,22,left e,0,0,0,0,0.0,40,0,0.0,,,,,,0.0,,,,,,0,0.0,,,,,,0.0,,,,,,0.0
yoloworld,150197,37054,2,bottom right wheel,0,0,0,0,0.0,5,0,0.0,,,,,,0.0,,,,,,0,0.0,,,,,,0.0,,,,,,0.0
yoloworld,150197,37054,2,bottom right wheel,0,0,0,0,0.0,10,0,0.0,,,,,,0.0,,,,,,0,0.0,,,,,,0.0,,,,,,0.0
yoloworld,150197,37054,2,bottom right wheel,0,0,0,0,0.0,20,0,0.0,,,,,,0.0,,,,,,0,0.0,,,,,,0.0,,,,,,0.0
yoloworld,150197,37054,2,bottom right wheel,0,0,0,0,0.0,40,0,0.0,,,,,,0.0,,,,,,0,0.0,,,,,,0.0,,,,,,0.0
yoloworld,25628,47818,1,person left,1,10,5,1,0.9450271747312333,5,5,1.0,0.47817624989501856,1.0,1.0,0.47817624989501856,1.0,1.0,0.47817624989501856,1.0,0.0,0.0,0.0,80,1.0,0.9549359649323077,1.0,1.0,0.9549359649323077,1.0,1.0,0.9549359649323077,1.0,0.0,0.0,0.0,1.0
yoloworld,25628,47818,1,person left,1,10,5,1,0.9450271747312333,10,10,1.0,0.6915028921812392,1.0,1.0,0.6915028921812392,1.0,1.0,0.6915028921812392,1.0,0.0,0.0,0.0,80,1.0,0.9549359649323077,1.0,1.0,0.9549359649323077,1.0,1.0,0.9549359649323077,1.0,0.0,0.0,0.0,1.0
yoloworld,25628,47818,1,person left,1,10,5,1,0.9450271747312333,20,20,1.0,0.8315665290169146,1.0,1.0,0.8315665290169146,1.0,1.0,0.8315665290169146,1.0,0.0,0.0,0.0,80,1.0,0.9549359649323077,1.0,1.0,0.9549359649323077,1.0,1.0,0.9549359649323077,1.0,0.0,0.0,0.0,1.0
yoloworld,25628,47818,1,person left,1,10,5,1,0.9450271747312333,40,40,1.0,0.9119026971211976,1.0,1.0,0.9119026971211976,1.0,1.0,0.9119026971211976,1.0,0.0,0.0,0.0,80,1.0,0.9549359649323077,1.0,1.0,0.9549359649323077,1.0,1.0,0.9549359649323077,1.0,0.0,0.0,0.0,1.0
yoloworld,287249,25611,1,second sitting person from left,1,4,4,1,0.67747377140611,5,5,1.0,0.47817624989501856,1.0,0.8,0.2835820638819106,0.9949492366205319,0.8,0.2835820638819106,0.9949492366205319,0.0,0.19999999999999996,0.0,80,0.9875,0.9323122155360776,0.9996835774723672,0.8860759493670886,0.7947221518723621,0.9465631276984409,0.875,0.7821108659305637,0.9383979034415657,0.012499999999999956,0.11250000000000006,1.3877787807814457e-17,0.8
yoloworld,287249,25611,1,second sitting person from left,1,4,4,1,0.67747377140611,10,10,1.0,0.6915028921812392,1.0,0.9,0.5549838829718046,0.9974714214555382,0.9,0.5549838829718046,0.9974714214555382,0.0,0.09999999999999998,0.0,80,0.9875,0.9323122155360776,0.9996835774723672,0.8860759493670886,0.7947221518723621,0.9465631276984409,0.875,0.7821108659305637,0.9383979034415657,0.012499999999999956,0.11250000000000006,1.3877787807814457e-17,0.9
yoloworld,287249,25611,1,second sitting person from left,1,4,4,1,0.67747377140611,20,20,1.0,0.8315665290169146,1.0,0.95,0.7512672372279723,0.9987349105020502,0.95,0.7512672372279723,0.9987349105020502,0.0,0.050000000000000044,0.0,80,0.9875,0.9323122155360776,0.9996835774723672,0.8860759493670886,0.7947221518723621,0.9465631276984409,0.875,0.7821108659305637,0.9383979034415657,0.012499999999999956,0.11250000000000006,1.3877787807814457e-17,0.95
yoloworld,287249,25611,1,second sitting person from left,1,4,4,1,0.67747377140611,40,40,1.0,0.9119026971211976,1.0,0.95,0.8308031360405824,0.9938863534006491,0.95,0.8308031360405824,0.9938863534006491,0.0,0.050000000000000044,0.0,80,0.9875,0.9323122155360776,0.9996835774723672,0.8860759493670886,0.7947221518723621,0.9465631276984409,0.875,0.7821108659305637,0.9383979034415657,0.012499999999999956,0.11250000000000006,1.3877787807814457e-17,0.95
yoloworld,309519,23766,3,top car,0,0,0,0,0.0,5,0,0.0,,,,,,0.0,,,,,,0,0.0,,,,,,0.0,,,,,,0.0
yoloworld,309519,23766,3,top car,0,0,0,0,0.0,10,0,0.0,,,,,,0.0,,,,,,0,0.0,,,,,,0.0,,,,,,0.0
yoloworld,309519,23766,3,top car,0,0,0,0,0.0,20,0,0.0,,,,,,0.0,,,,,,0,0.0,,,,,,0.0,,,,,,0.0
yoloworld,309519,23766,3,top car,0,0,0,0,0.0,40,0,0.0,,,,,,0.0,,,,,,0,0.0,,,,,,0.0,,,,,,0.0
yoloworld,521366,5248,1,the guy,1,2,2,0,0.15440942283170006,5,5,1.0,0.47817624989501856,1.0,1.0,0.47817624989501856,1.0,1.0,0.47817624989501856,1.0,0.0,0.0,0.0,80,1.0,0.9549359649323077,1.0,1.0,0.9549359649323077,1.0,1.0,0.9549359649323077,1.0,0.0,0.0,0.0,1.0
yoloworld,521366,5248,1,the guy,1,2,2,0,0.15440942283170006,10,10,1.0,0.6915028921812392,1.0,1.0,0.6915028921812392,1.0,1.0,0.6915028921812392,1.0,0.0,0.0,0.0,80,1.0,0.9549359649323077,1.0,1.0,0.9549359649323077,1.0,1.0,0.9549359649323077,1.0,0.0,0.0,0.0,1.0
yoloworld,521366,5248,1,the guy,1,2,2,0,0.15440942283170006,20,20,1.0,0.8315665290169146,1.0,1.0,0.8315665290169146,1.0,1.0,0.8315665290169146,1.0,0.0,0.0,0.0,80,1.0,0.9549359649323077,1.0,1.0,0.9549359649323077,1.0,1.0,0.9549359649323077,1.0,0.0,0.0,0.0,1.0
yoloworld,521366,5248,1,the guy,1,2,2,0,0.15440942283170006,40,40,1.0,0.9119026971211976,1.0,1.0,0.9119026971211976,1.0,1.0,0.9119026971211976,1.0,0.0,0.0,0.0,80,1.0,0.9549359649323077,1.0,1.0,0.9549359649323077,1.0,1.0,0.9549359649323077,1.0,0.0,0.0,0.0,1.0
yoloworld,545214,3254,1,arms up,1,5,5,0,0.012962298073816637,5,5,0.4,0.05274495052631693,0.8533672003653268,0.5,0.01257911709342506,0.9874208829065749,0.2,0.005050763379468061,0.7164179361180893,0.6,0.2,5.551115123125783e-17,80,0.7875,0.6817141914403442,0.8710635049024182,0.5714285714285714,0.4404709678767688,0.6954456595353612,0.45,0.3384863844898155,0.565326020905847,0.21250000000000002,0.3375,0.0,0.2
yoloworld,545214,3254,1,arms up,1,5,5,0,0.012962298073816637,10,10,0.5,0.18708602844739855,0.8129139715526015,0.6,0.14663279963467318,0.9472550494736831,0.3,0.0667395111777345,0.6524528500599973,0.5,0.2,5.551115123125783e-17,80,0.7875,0.6817141914403442,0.8710635049024182,0.5714285714285714,0.4404709678767688,0.6954456595353612,0.45,0.3384863844898155,0.565326020905847,0.21250000000000002,0.3375,0.0,0.3
yoloworld,545214,3254,1,arms up,1,5,5,0,0.012962298073816637,20,20,0.55,0.3152781330405486,0.7694221032240758,0.45454545454545453,0.16748809406370715,0.7662064023406547,0.25,0.08657146910143462,0.49104587170795755,0.44999999999999996,0.3,5.551115123125783e-17,80,0.7875,0.6817141914403442,0.8710635049024182,0.5714285714285714,0.4404709678767688,0.6954456595353612,0.45,0.3384863844898155,0.565326020905847,0.21250000000000002,0.3375,0.0,0.25
yoloworld,545214,3254,1,arms up,1,5,5,0,0.012962298073816637,40,40,0.675,0.5087051245215516,0.8142710332366501,0.5185185185185185,0.3194965461333836,0.7133274518680603,0.35,0.20628249087076694,0.5168444536489906,0.32499999999999996,0.32500000000000007,0.0,80,0.7875,0.6817141914403442,0.8710635049024182,0.5714285714285714,0.4404709678767688,0.6954456595353612,0.45,0.3384863844898155,0.565326020905847,0.21250000000000002,0.3375,0.0,0.35
yoloworld,167169,35720,1,softball pitcher,0,0,0,0,0.0,5,0,0.0,,,,,,0.0,,,,,,0,0.0,,,,,,0.0,,,,,,0.0
yoloworld,167169,35720,1,softball pitcher,0,0,0,0,0.0,10,0,0.0,,,,,,0.0,,,,,,0,0.0,,,,,,0.0,,,,,,0.0
yoloworld,167169,35720,1,softball pitcher,0,0,0,0,0.0,20,0,0.0,,,,,,0.0,,,,,,0,0.0,,,,,,0.0,,,,,,0.0
yoloworld,167169,35720,1,softball pitcher,0,0,0,0,0.0,40,0,0.0,,,,,,0.0,,,,,,0,0.0,,,,,,0.0,,,,,,0.0
yoloworld,573125,769,1,guy white shirt with shorts and strap,1,2,2,1,0.9195785873804975,5,5,0.2,0.005050763379468061,0.7164179361180893,1.0,0.025000000000000022,1.0,0.2,0.005050763379468061,0.7164179361180893,0.8,0.0,0.0,80,0.4125,0.30352459293759415,0.5281516595747955,1.0,0.8942371899254207,1.0,0.4125,0.30352459293759415,0.5281516595747955,0.5875,0.0,0.0,0.2
yoloworld,573125,769,1,guy white shirt with shorts and strap,1,2,2,1,0.9195785873804975,10,10,0.4,0.1215522581198272,0.7376219233930549,1.0,0.3976353643835254,1.0,0.4,0.1215522581198272,0.7376219233930549,0.6,0.0,0.0,80,0.4125,0.30352459293759415,0.5281516595747955,1.0,0.8942371899254207,1.0,0.4125,0.30352459293759415,0.5281516595747955,0.5875,0.0,0.0,0.4
yoloworld,573125,769,1,guy white shirt with shorts and strap,1,2,2,1,0.9195785873804975,20,20,0.45,0.2305778967759242,0.6847218669594515,1.0,0.6637328831200572,1.0,0.45,0.2305778967759242,0.6847218669594515,0.55,0.0,0.0,80,0.4125,0.30352459293759415,0.5281516595747955,1.0,0.8942371899254207,1.0,0.4125,0.30352459293759415,0.5281516595747955,0.5875,0.0,0.0,0.45
yoloworld,573125,769,1,guy white shirt with shorts and strap,1,2,2,1,0.9195785873804975,40,40,0.475,0.31511970663498623,0.6387198647359378,1.0,0.8235330881930346,1.0,0.475,0.31511970663498623,0.6387198647359378,0.525,0.0,0.0,80,0.4125,0.30352459293759415,0.5281516595747955,1.0,0.8942371899254207,1.0,0.4125,0.30352459293759415,0.5281516595747955,0.5875,0.0,0.0,0.475
yoloworld,6747,49473,1,left person,1,3,3,0,0.0,5,5,1.0,0.47817624989501856,1.0,1.0,0.47817624989501856,1.0,1.0,0.47817624989501856,1.0,0.0,0.0,0.0,80,1.0,0.9549359649323077,1.0,1.0,0.9549359649323077,1.0,1.0,0.9549359649323077,1.0,0.0,0.0,0.0,1.0
yoloworld,6747,49473,1,left person,1,3,3,0,0.0,10,10,1.0,0.6915028921812392,1.0,1.0,0.6915028921812392,1.0,1.0,0.6915028921812392,1.0,0.0,0.0,0.0,80,1.0,0.9549359649323077,1.0,1.0,0.9549359649323077,1.0,1.0,0.9549359649323077,1.0,0.0,0.0,0.0,1.0
yoloworld,6747,49473,1,left person,1,3,3,0,0.0,20,20,1.0,0.8315665290169146,1.0,1.0,0.8315665290169146,1.0,1.0,0.8315665290169146,1.0,0.0,0.0,0.0,80,1.0,0.9549359649323077,1.0,1.0,0.9549359649323077,1.0,1.0,0.9549359649323077,1.0,0.0,0.0,0.0,1.0
yoloworld,6747,49473,1,left person,1,3,3,0,0.0,40,40,1.0,0.9119026971211976,1.0,1.0,0.9119026971211976,1.0,1.0,0.9119026971211976,1.0,0.0,0.0,0.0,80,1.0,0.9549359649323077,1.0,1.0,0.9549359649323077,1.0,1.0,0.9549359649323077,1.0,0.0,0.0,0.0,1.0
yoloworld,344319,20394,19,horse on right,1,20,5,1,0.8973495145315394,5,5,1.0,0.47817624989501856,1.0,0.8,0.2835820638819106,0.9949492366205319,0.8,0.2835820638819106,0.9949492366205319,0.0,0.19999999999999996,0.0,80,1.0,0.9549359649323077,1.0,0.825,0.7238459604789864,0.9008894901605713,0.825,0.7238459604789864,0.9008894901605713,0.0,0.17500000000000004,0.0,0.8
yoloworld,344319,20394,19,horse on right,1,20,5,1,0.8973495145315394,10,10,1.0,0.6915028921812392,1.0,0.8,0.4439045376923585,0.9747892736731666,0.8,0.4439045376923585,0.9747892736731666,0.0,0.19999999999999996,0.0,80,1.0,0.9549359649323077,1.0,0.825,0.7238459604789864,0.9008894901605713,0.825,0.7238459604789864,0.9008894901605713,0.0,0.17500000000000004,0.0,0.8
yoloworld,344319,20394,19,horse on right,1,20,5,1,0.8973495145315394,20,20,1.0,0.8315665290169146,1.0,0.75,0.5089541282920425,0.9134285308985653,0.75,0.5089541282920425,0.9134285308985653,0.0,0.25,0.0,80,1.0,0.9549359649323077,1.0,0.825,0.7238459604789864,0.9008894901605713,0.825,0.7238459604789864,0.9008894901605713,0.0,0.17500000000000004,0.0,0.75
yoloworld,344319,20394,19,horse on right,1,20,5,1,0.8973495145315394,40,40,1.0,0.9119026971211976,1.0,0.775,0.6154883226965773,0.891603361015928,0.775,0.6154883226965773,0.891603361015928,0.0,0.22499999999999998,0.0,80,1.0,0.9549359649323077,1.0,0.825,0.7238459604789864,0.9008894901605713,0.825,0.7238459604789864,0.9008894901605713,0.0,0.17500000000000004,0.0,0.775
yoloworld,533293,4250,32,top tie,0,1,0,0,0.11520197031452598,5,0,0.0,,,,,,0.0,,,,,,0,0.0,,,,,,0.0,,,,,,0.0
yoloworld,533293,4250,32,top tie,0,1,0,0,0.11520197031452598,10,0,0.0,,,,,,0.0,,,,,,0,0.0,,,,,,0.0,,,,,,0.0
yoloworld,533293,4250,32,top tie,0,1,0,0,0.11520197031452598,20,0,0.0,,,,,,0.0,,,,,,0,0.0,,,,,,0.0,,,,,,0.0
yoloworld,533293,4250,32,top tie,0,1,0,0,0.11520197031452598,40,0,0.0,,,,,,0.0,,,,,,0,0.0,,,,,,0.0,,,,,,0.0
yoloworld,349212,19974,88,red,0,0,0,0,0.0,5,0,0.0,,,,,,0.0,,,,,,0,0.0,,,,,,0.0,,,,,,0.0
yoloworld,349212,19974,88,red,0,0,0,0,0.0,10,0,0.0,,,,,,0.0,,,,,,0,0.0,,,,,,0.0,,,,,,0.0
yoloworld,349212,19974,88,red,0,0,0,0,0.0,20,0,0.0,,,,,,0.0,,,,,,0,0.0,,,,,,0.0,,,,,,0.0
yoloworld,349212,19974,88,red,0,0,0,0,0.0,40,0,0.0,,,,,,0.0,,,,,,0,0.0,,,,,,0.0,,,,,,0.0
yoloworld,202657,32846,28,left umbrella,1,5,5,0,0.21426631550422803,5,5,0.8,0.2835820638819106,0.9949492366205319,1.0,0.3976353643835254,1.0,0.8,0.2835820638819106,0.9949492366205319,0.19999999999999996,0.0,0.0,80,0.925,0.8438720682639279,0.9719794538231588,0.9459459459459459,0.8673448587781756,0.9850776548078481,0.875,0.7821108659305637,0.9383979034415657,0.07499999999999996,0.05,4.163336342344337e-17,0.8
yoloworld,202657,32846,28,left umbrella,1,5,5,0,0.21426631550422803,10,10,0.9,0.5549838829718046,0.9974714214555382,1.0,0.6637328831200572,1.0,0.9,0.5549838829718046,0.9974714214555382,0.09999999999999998,0.0,0.0,80,0.925,0.8438720682639279,0.9719794538231588,0.9459459459459459,0.8673448587781756,0.9850776548078481,0.875,0.7821108659305637,0.9383979034415657,0.07499999999999996,0.05,4.163336342344337e-17,0.9
yoloworld,202657,32846,28,left umbrella,1,5,5,0,0.21426631550422803,20,20,0.9,0.6830172859809176,0.9876514728297052,1.0,0.8146980318621478,1.0,0.9,0.6830172859809176,0.9876514728297052,0.09999999999999998,0.0,0.0,80,0.925,0.8438720682639279,0.9719794538231588,0.9459459459459459,0.8673448587781756,0.9850776548078481,0.875,0.7821108659305637,0.9383979034415657,0.07499999999999996,0.05,4.163336342344337e-17,0.9
yoloworld,202657,32846,28,left umbrella,1,5,5,0,0.21426631550422803,40,40,0.95,0.8308031360405824,0.9938863534006491,0.9210526315789473,0.7862267088193818,0.9834135241354705,0.875,0.7319670826382796,0.9581403738613833,0.050000000000000044,0.07500000000000002,6.938893903907228e-17,80,0.925,0.8438720682639279,0.9719794538231588,0.9459459459459459,0.8673448587781756,0.9850776548078481,0.875,0.7821108659305637,0.9383979034415657,0.07499999999999996,0.05,4.163336342344337e-17,0.875
yoloworld,381889,17379,1,black fellow,0,0,0,0,0.0,5,0,0.0,,,,,,0.0,,,,,,0,0.0,,,,,,0.0,,,,,,0.0
yoloworld,381889,17379,1,black fellow,0,0,0,0,0.0,10,0,0.0,,,,,,0.0,,,,,,0,0.0,,,,,,0.0,,,,,,0.0
yoloworld,381889,17379,1,black fellow,0,0,0,0,0.0,20,0,0.0,,,,,,0.0,,,,,,0,0.0,,,,,,0.0,,,,,,0.0
yoloworld,381889,17379,1,black fellow,0,0,0,0,0.0,40,0,0.0,,,,,,0.0,,,,,,0,0.0,,,,,,0.0,,,,,,0.0
yoloworld,253522,28474,1,second person from left bottom row,1,3,3,0,0.0,5,5,0.6,0.14663279963467318,0.9472550494736831,0.0,0.0,0.7075982261787133,0.0,0.0,0.5218237501049814,0.4,0.6,0.0,80,0.5375,0.4224175280048351,0.6497235734616016,0.37209302325581395,0.2297516962992876,0.5327490545855,0.2,0.11885908640498533,0.30436886700546445,0.4625,0.33749999999999997,5.551115123125783e-17,0.0
yoloworld,253522,28474,1,second person from left bottom row,1,3,3,0,0.0,10,10,0.5,0.18708602844739855,0.8129139715526015,0.0,0.0,0.5218237501049814,0.0,0.0,0.3084971078187608,0.5,0.5,0.0,80,0.5375,0.4224175280048351,0.6497235734616016,0.37209302325581395,0.2297516962992876,0.5327490545855,0.2,0.11885908640498533,0.30436886700546445,0.4625,0.33749999999999997,5.551115123125783e-17,0.0
yoloworld,253522,28474,1,second person from left bottom row,1,3,3,0,0.0,20,20,0.55,0.3152781330405486,0.7694221032240758,0.18181818181818182,0.022831198299959665,0.5177558523601726,0.1,0.012348527170294813,0.31698271401908235,0.44999999999999996,0.45,5.551115123125783e-17,80,0.5375,0.4224175280048351,0.6497235734616016,0.37209302325581395,0.2297516962992876,0.5327490545855,0.2,0.11885908640498533,0.30436886700546445,0.4625,0.33749999999999997,5.551115123125783e-17,0.1
yoloworld,253522,28474,1,second person from left bottom row,1,3,3,0,0.0,40,40,0.575,0.40890058042696337,0.7295709687311371,0.391304347826087,0.1970764239690144,0.6145810426111503,0.225,0.10839663898407204,0.3845116773034227,0.42500000000000004,0.35,0.0,80,0.5375,0.4224175280048351,0.6497235734616016,0.37209302325581395,0.2297516962992876,0.5327490545855,0.2,0.11885908640498533,0.30436886700546445,0.4625,0.33749999999999997,5.551115123125783e-17,0.225
