dataset,model,image_id,ref_id,clean_eligible,clean_correct,reference_successes,reference_trials,reference_mean,lower_95,upper_95,interval_width
refcoco,groundingdino,346712,20202,1,0,80,80,1.0,0.9549359649323077,1.0,0.0450640350676923
refcoco,groundingdino,125350,39201,1,1,80,80,1.0,0.9549359649323077,1.0,0.0450640350676923
refcoco,groundingdino,23967,47975,1,1,80,80,1.0,0.9549359649323077,1.0,0.0450640350676923
refcoco,groundingdino,65842,44225,1,0,69,80,0.8625,0.7672791291752744,0.9293121672961213,0.1620330381208469
refcoco,groundingdino,448531,11612,1,0,80,80,1.0,0.9549359649323077,1.0,0.0450640350676923
refcoco,groundingdino,53643,45379,1,1,80,80,1.0,0.9549359649323077,1.0,0.0450640350676923
refcoco,groundingdino,119534,39732,1,0,78,80,0.975,0.9125928440694077,0.9969579138351904,0.08436506976578273
refcoco,groundingdino,279882,26241,1,0,80,80,1.0,0.9549359649323077,1.0,0.0450640350676923
refcoco,groundingdino,84313,42654,1,0,49,80,0.6125,0.4969755425018991,0.7194348668752178,0.22245932437331872
refcoco,groundingdino,243153,29382,1,0,37,80,0.4625,0.3502764265383982,0.5775824719951649,0.2273060454567667
refcoco,groundingdino,83353,42756,1,0,55,80,0.6875,0.5741109261435505,0.7865253688912328,0.21241444274768229
refcoco,groundingdino,457555,10797,1,0,79,80,0.9875,0.9323122155360776,0.9996835774723672,0.06737136193628968
refcoco,groundingdino,467145,9958,1,1,78,80,0.975,0.9125928440694077,0.9969579138351904,0.08436506976578273
refcoco,groundingdino,389498,16696,1,1,48,80,0.6,0.4843769404954894,0.7079906437446896,0.22361370324920016
refcoco,groundingdino,339454,20822,1,1,76,80,0.95,0.876901263556847,0.9862106060235382,0.1093093424666911
refcoco,groundingdino,218447,31468,1,0,79,80,0.9875,0.9323122155360776,0.9996835774723672,0.06737136193628968
refcoco,groundingdino,55618,45176,1,1,80,80,1.0,0.9549359649323077,1.0,0.0450640350676923
refcoco,groundingdino,226348,30735,1,0,39,80,0.4875,0.37405748144443896,0.6018953312968145,0.22783784985237554
refcoco,groundingdino,226594,30712,1,1,80,80,1.0,0.9549359649323077,1.0,0.0450640350676923
refcoco,groundingdino,15750,48658,1,1,73,80,0.9125,0.8279916615801152,0.9640936410104413,0.1361019794303261
refcoco,groundingdino,34810,47052,1,0,39,80,0.4875,0.37405748144443896,0.6018953312968145,0.22783784985237554
refcoco,groundingdino,550760,2766,1,1,20,80,0.25,0.1598796445068557,0.35936347590685,0.19948383139999432
refcoco,groundingdino,52109,45518,1,0,77,80,0.9625,0.8942980149834914,0.9921988127342833,0.09790079775079197
refcoco,groundingdino,369805,18360,1,1,68,80,0.85,0.7526358884071023,0.9200184386902862,0.16738255028318394
refcoco,groundingdino,446670,11759,1,0,43,80,0.5375,0.4224175280048351,0.6497235734616016,0.22730604545676647
refcoco,groundingdino,156258,36577,1,0,57,80,0.7125,0.6004548866879794,0.8082395280280349,0.20778464134005548
refcoco,groundingdino,291493,25281,1,1,59,80,0.7375,0.6271491697875681,0.8295907488995917,0.20244157911202365
refcoco,groundingdino,520831,5305,1,1,80,80,1.0,0.9549359649323077,1.0,0.0450640350676923
refcoco,groundingdino,83093,42773,1,1,80,80,1.0,0.9549359649323077,1.0,0.0450640350676923
refcoco,groundingdino,458633,10693,1,0,72,80,0.9,0.8124348925365683,0.955829059846371,0.1433941673098027
refcoco,groundingdino,77417,43254,1,1,80,80,1.0,0.9549359649323077,1.0,0.0450640350676923
refcoco,groundingdino,184835,34252,1,0,78,80,0.975,0.9125928440694077,0.9969579138351904,0.08436506976578273
refcoco,groundingdino,35995,46945,1,1,42,80,0.525,0.4102278413767706,0.6378664183228473,0.2276385769460767
refcoco,groundingdino,103430,40996,1,0,52,80,0.65,0.5352031145206643,0.7533280635274648,0.21812494900680057
refcoco,groundingdino,340971,20658,1,0,75,80,0.9375,0.860142924702361,0.9793969276979898,0.11925400299562883
refcoco,groundingdino,97939,41436,1,0,77,80,0.9625,0.8942980149834914,0.9921988127342833,0.09790079775079197
refcoco,groundingdino,199640,33072,1,0,80,80,1.0,0.9549359649323077,1.0,0.0450640350676923
refcoco,groundingdino,124030,39320,1,0,39,80,0.4875,0.37405748144443896,0.6018953312968145,0.22783784985237554
refcoco,groundingdino,298481,24663,1,0,42,80,0.525,0.4102278413767706,0.6378664183228473,0.2276385769460767
refcoco,groundingdino,481804,8752,1,0,51,80,0.6375,0.5223872787351916,0.7421051046283819,0.21971782589319022
refcoco,groundingdino,24026,47963,1,0,52,80,0.65,0.5352031145206643,0.7533280635274648,0.21812494900680057
refcoco,groundingdino,391088,16582,1,1,58,80,0.725,0.6137565791555909,0.8189623614429612,0.2052057822873703
refcoco,groundingdino,152556,36857,1,1,56,80,0.7,0.5872406769186242,0.7974260708533272,0.21018539393470292
refcoco,groundingdino,498639,7265,1,1,63,80,0.7875,0.6817141914403442,0.8710635049024182,0.18934931346207406
refcoco,groundingdino,472954,9478,1,1,80,80,1.0,0.9549359649323077,1.0,0.0450640350676923
refcoco,groundingdino,410845,14864,1,0,80,80,1.0,0.9549359649323077,1.0,0.0450640350676923
refcoco,groundingdino,223909,30957,1,0,17,80,0.2125,0.1289364950975817,0.3182858085596558,0.18934931346207412
refcoco,groundingdino,29915,47432,1,1,77,80,0.9625,0.8942980149834914,0.9921988127342833,0.09790079775079197
refcoco,groundingdino,261381,27789,1,0,80,80,1.0,0.9549359649323077,1.0,0.0450640350676923
refcoco,groundingdino,31812,47281,1,0,29,80,0.3625,0.2578948953716181,0.47761272126480847,0.2197178258931904
refcoco,groundingdino,235316,30050,1,0,57,80,0.7125,0.6004548866879794,0.8082395280280349,0.20778464134005548
refcoco,groundingdino,566798,1350,1,1,80,80,1.0,0.9549359649323077,1.0,0.0450640350676923
refcoco,groundingdino,197289,33252,1,0,43,80,0.5375,0.4224175280048351,0.6497235734616016,0.22730604545676647
refcoco,groundingdino,426478,13513,1,0,31,80,0.3875,0.28056513312478215,0.5030244574981009,0.22245932437331872
refcoco,groundingdino,521618,5230,1,1,80,80,1.0,0.9549359649323077,1.0,0.0450640350676923
refcoco,groundingdino,453602,11189,1,0,60,80,0.75,0.64063652409315,0.8401203554931442,0.19948383139999426
refcoco,groundingdino,17578,48497,1,0,80,80,1.0,0.9549359649323077,1.0,0.0450640350676923
refcoco,groundingdino,95812,41649,1,1,80,80,1.0,0.9549359649323077,1.0,0.0450640350676923
refcoco,groundingdino,163506,36006,1,1,80,80,1.0,0.9549359649323077,1.0,0.0450640350676923
refcoco,groundingdino,530132,4519,1,0,80,80,1.0,0.9549359649323077,1.0,0.0450640350676923
refcoco,groundingdino,492293,7822,1,1,80,80,1.0,0.9549359649323077,1.0,0.0450640350676923
refcoco,groundingdino,372003,18201,1,1,80,80,1.0,0.9549359649323077,1.0,0.0450640350676923
refcoco,groundingdino,348609,20035,1,1,80,80,1.0,0.9549359649323077,1.0,0.0450640350676923
refcoco,groundingdino,260010,27940,1,1,80,80,1.0,0.9549359649323077,1.0,0.0450640350676923
refcoco,groundingdino,380034,17534,1,1,26,80,0.325,0.22445958517745324,0.4389370456044483,0.21447746042699506
refcoco,groundingdino,115604,40058,1,1,80,80,1.0,0.9549359649323077,1.0,0.0450640350676923
refcoco,groundingdino,161865,36122,1,1,54,80,0.675,0.5610629543955516,0.7755404148225468,0.21447746042699511
refcoco,groundingdino,506030,6611,1,1,70,80,0.875,0.7821108659305637,0.9383979034415657,0.15628703751100204
refcoco,groundingdino,292498,25206,1,1,80,80,1.0,0.9549359649323077,1.0,0.0450640350676923
refcoco,groundingdino,206628,32456,1,1,52,80,0.65,0.5352031145206643,0.7533280635274648,0.21812494900680057
refcoco,groundingdino,177917,34869,1,0,46,80,0.575,0.45938881143093807,0.6848902345476577,0.22550142311671967
refcoco,groundingdino,420620,14062,1,0,79,80,0.9875,0.9323122155360776,0.9996835774723672,0.06737136193628968
refcoco,groundingdino,75881,43371,1,1,80,80,1.0,0.9549359649323077,1.0,0.0450640350676923
refcoco,groundingdino,555022,2369,1,1,80,80,1.0,0.9549359649323077,1.0,0.0450640350676923
refcoco,groundingdino,22928,48064,1,0,59,80,0.7375,0.6271491697875681,0.8295907488995917,0.20244157911202365
refcoco,groundingdino,349144,19982,1,1,58,80,0.725,0.6137565791555909,0.8189623614429612,0.2052057822873703
refcoco,groundingdino,233153,30199,1,1,65,80,0.8125,0.7096721043523089,0.8910863118524706,0.18141420750016168
refcoco,groundingdino,128599,38888,1,1,80,80,1.0,0.9549359649323077,1.0,0.0450640350676923
refcoco,groundingdino,521800,5217,1,0,80,80,1.0,0.9549359649323077,1.0,0.0450640350676923
refcoco,groundingdino,177658,34885,1,0,71,80,0.8875,0.7971534080830098,0.9472484868543125,0.15009507877130268
refcoco,groundingdino,139763,37936,1,0,80,80,1.0,0.9549359649323077,1.0,0.0450640350676923
refcoco,groundingdino,74183,43524,1,0,80,80,1.0,0.9549359649323077,1.0,0.0450640350676923
refcoco,groundingdino,275707,26641,1,0,67,80,0.8375,0.7381631061748871,0.9105383582774708,0.17237525210258364
refcoco,groundingdino,163828,35981,1,0,80,80,1.0,0.9549359649323077,1.0,0.0450640350676923
refcoco,groundingdino,71989,43765,1,0,72,80,0.9,0.8124348925365683,0.955829059846371,0.1433941673098027
refcoco,groundingdino,77174,43277,1,0,77,80,0.9625,0.8942980149834914,0.9921988127342833,0.09790079775079197
refcoco,groundingdino,289782,25388,1,0,67,80,0.8375,0.7381631061748871,0.9105383582774708,0.17237525210258364
refcoco,groundingdino,61877,44578,1,0,79,80,0.9875,0.9323122155360776,0.9996835774723672,0.06737136193628968
refcoco,groundingdino,158051,36394,1,1,53,80,0.6625,0.5480943856258318,0.7644738620163491,0.21637947639051736
refcoco,groundingdino,553586,2501,1,0,35,80,0.4375,0.3267639534337789,0.5530024286118197,0.2262384751780408
refcoco,groundingdino,135348,38331,1,0,80,80,1.0,0.9549359649323077,1.0,0.0450640350676923
refcoco,groundingdino,474123,9388,1,1,70,80,0.875,0.7821108659305637,0.9383979034415657,0.15628703751100204
refcoco,groundingdino,538398,3810,1,1,77,80,0.9625,0.8942980149834914,0.9921988127342833,0.09790079775079197
refcoco,groundingdino,116882,39938,1,1,80,80,1.0,0.9549359649323077,1.0,0.0450640350676923
refcoco,groundingdino,176945,34939,1,0,78,80,0.975,0.9125928440694077,0.9969579138351904,0.08436506976578273
refcoco,groundingdino,394992,16234,1,0,72,80,0.9,0.8124348925365683,0.955829059846371,0.1433941673098027
refcoco,groundingdino,132617,38525,1,0,55,80,0.6875,0.5741109261435505,0.7865253688912328,0.21241444274768229
refcoco,groundingdino,547348,3059,1,1,79,80,0.9875,0.9323122155360776,0.9996835774723672,0.06737136193628968
refcoco,groundingdino,74925,43450,1,0,57,80,0.7125,0.6004548866879794,0.8082395280280349,0.20778464134005548
refcoco,groundingdino,233871,30147,1,0,77,80,0.9625,0.8942980149834914,0.9921988127342833,0.09790079775079197
refcoco,groundingdino,476934,9180,1,0,37,80,0.4625,0.3502764265383982,0.5775824719951649,0.2273060454567667
refcoco,groundingdino,550129,2813,1,1,77,80,0.9625,0.8942980149834914,0.9921988127342833,0.09790079775079197
refcoco,groundingdino,276460,26582,1,1,70,80,0.875,0.7821108659305637,0.9383979034415657,0.15628703751100204
refcoco,groundingdino,450162,11481,1,1,60,80,0.75,0.64063652409315,0.8401203554931442,0.19948383139999426
refcoco,groundingdino,85939,42549,1,0,77,80,0.9625,0.8942980149834914,0.9921988127342833,0.09790079775079197
refcoco,groundingdino,360302,19049,1,1,76,80,0.95,0.876901263556847,0.9862106060235382,0.1093093424666911
refcoco,groundingdino,270460,26990,1,1,80,80,1.0,0.9549359649323077,1.0,0.0450640350676923
refcoco,groundingdino,464744,10169,1,0,80,80,1.0,0.9549359649323077,1.0,0.0450640350676923
refcoco,groundingdino,221794,31152,1,1,80,80,1.0,0.9549359649323077,1.0,0.0450640350676923
refcoco,groundingdino,280018,26223,1,0,54,80,0.675,0.5610629543955516,0.7755404148225468,0.21447746042699511
refcoco,groundingdino,197068,33280,1,0,80,80,1.0,0.9549359649323077,1.0,0.0450640350676923
refcoco,groundingdino,5638,49560,1,1,80,80,1.0,0.9549359649323077,1.0,0.0450640350676923
refcoco,groundingdino,108375,40612,1,1,67,80,0.8375,0.7381631061748871,0.9105383582774708,0.17237525210258364
refcoco,groundingdino,102290,41091,1,1,70,80,0.875,0.7821108659305637,0.9383979034415657,0.15628703751100204
refcoco,groundingdino,26052,47798,1,0,53,80,0.6625,0.5480943856258318,0.7644738620163491,0.21637947639051736
refcoco,groundingdino,539647,3700,1,1,80,80,1.0,0.9549359649323077,1.0,0.0450640350676923
refcoco,groundingdino,421208,14012,1,0,47,80,0.5875,0.47184834042520446,0.6964754070624058,0.2246270666372014
refcoco,groundingdino,387105,16916,1,1,70,80,0.875,0.7821108659305637,0.9383979034415657,0.15628703751100204
refcoco,groundingdino,531873,4392,1,1,72,80,0.9,0.8124348925365683,0.955829059846371,0.1433941673098027
refcoco,groundingdino,232957,30218,1,1,80,80,1.0,0.9549359649323077,1.0,0.0450640350676923
refcoco,groundingdino,132991,38500,1,0,77,80,0.9625,0.8942980149834914,0.9921988127342833,0.09790079775079197
refcoco,groundingdino,458827,10669,1,0,80,80,1.0,0.9549359649323077,1.0,0.0450640350676923
refcoco,groundingdino,43892,46280,1,0,80,80,1.0,0.9549359649323077,1.0,0.0450640350676923
refcoco,groundingdino,335865,21147,1,1,56,80,0.7,0.5872406769186242,0.7974260708533272,0.21018539393470292
refcoco,groundingdino,86750,42466,1,1,80,80,1.0,0.9549359649323077,1.0,0.0450640350676923
refcoco,groundingdino,351654,19757,1,1,80,80,1.0,0.9549359649323077,1.0,0.0450640350676923
refcoco,groundingdino,461996,10421,1,1,80,80,1.0,0.9549359649323077,1.0,0.0450640350676923
refcoco,groundingdino,106832,40711,1,0,80,80,1.0,0.9549359649323077,1.0,0.0450640350676923
refcoco,groundingdino,456545,10882,1,1,60,80,0.75,0.64063652409315,0.8401203554931442,0.19948383139999426
refcoco,groundingdino,180559,34644,1,1,80,80,1.0,0.9549359649323077,1.0,0.0450640350676923
refcoco,groundingdino,359339,19128,1,1,80,80,1.0,0.9549359649323077,1.0,0.0450640350676923
refcoco,groundingdino,283479,25971,1,1,80,80,1.0,0.9549359649323077,1.0,0.0450640350676923
refcoco,groundingdino,298306,24697,1,1,80,80,1.0,0.9549359649323077,1.0,0.0450640350676923
refcoco,groundingdino,375133,17922,1,1,80,80,1.0,0.9549359649323077,1.0,0.0450640350676923
refcoco,groundingdino,252277,28579,1,1,76,80,0.95,0.876901263556847,0.9862106060235382,0.1093093424666911
refcoco,groundingdino,215421,31720,1,0,66,80,0.825,0.7238459604789864,0.9008894901605713,0.17704352968158488
refcoco,groundingdino,219169,31407,1,1,80,80,1.0,0.9549359649323077,1.0,0.0450640350676923
refcoco,groundingdino,55232,45238,1,0,57,80,0.7125,0.6004548866879794,0.8082395280280349,0.20778464134005548
refcoco,groundingdino,11292,49090,1,1,60,80,0.75,0.64063652409315,0.8401203554931442,0.19948383139999426
refcoco,groundingdino,79722,43046,1,1,78,80,0.975,0.9125928440694077,0.9969579138351904,0.08436506976578273
refcoco,groundingdino,258705,28035,1,0,51,80,0.6375,0.5223872787351916,0.7421051046283819,0.21971782589319022
refcoco,groundingdino,128974,38853,1,0,16,80,0.2,0.11885908640498531,0.30436886700546445,0.18550978060047912
refcoco,groundingdino,242807,29419,1,0,76,80,0.95,0.876901263556847,0.9862106060235382,0.1093093424666911
refcoco,groundingdino,76781,43308,1,1,67,80,0.8375,0.7381631061748871,0.9105383582774708,0.17237525210258364
refcoco,groundingdino,250978,28705,1,1,80,80,1.0,0.9549359649323077,1.0,0.0450640350676923
refcoco,groundingdino,534772,4136,1,0,63,80,0.7875,0.6817141914403442,0.8710635049024182,0.18934931346207406
refcoco,groundingdino,62038,44565,1,1,80,80,1.0,0.9549359649323077,1.0,0.0450640350676923
refcoco,groundingdino,454002,11146,1,1,47,80,0.5875,0.47184834042520446,0.6964754070624058,0.2246270666372014
refcoco,groundingdino,183923,34338,1,0,80,80,1.0,0.9549359649323077,1.0,0.0450640350676923
refcoco,groundingdino,175745,35052,1,1,80,80,1.0,0.9549359649323077,1.0,0.0450640350676923
refcoco,groundingdino,177214,34908,1,0,80,80,1.0,0.9549359649323077,1.0,0.0450640350676923
refcoco,groundingdino,1958,49846,1,1,73,80,0.9125,0.8279916615801152,0.9640936410104413,0.1361019794303261
refcoco,groundingdino,73610,43595,1,1,40,80,0.5,0.3860478833649093,0.6139521166350907,0.22790423327018144
refcoco,groundingdino,511036,6193,1,1,80,80,1.0,0.9549359649323077,1.0,0.0450640350676923
refcoco,groundingdino,264741,27481,1,0,77,80,0.9625,0.8942980149834914,0.9921988127342833,0.09790079775079197
refcoco,groundingdino,247126,29015,1,0,69,80,0.8625,0.7672791291752744,0.9293121672961213,0.1620330381208469
refcoco,groundingdino,554699,2394,1,0,80,80,1.0,0.9549359649323077,1.0,0.0450640350676923
refcoco,groundingdino,194056,33509,1,1,80,80,1.0,0.9549359649323077,1.0,0.0450640350676923
refcoco,groundingdino,193168,33579,1,0,67,80,0.8375,0.7381631061748871,0.9105383582774708,0.17237525210258364
refcoco,groundingdino,6051,49530,1,0,74,80,0.925,0.8438720682639279,0.9719794538231588,0.12810738555923085
refcoco,groundingdino,469825,9745,1,0,76,80,0.95,0.876901263556847,0.9862106060235382,0.1093093424666911
refcoco,groundingdino,130869,38678,1,1,77,80,0.9625,0.8942980149834914,0.9921988127342833,0.09790079775079197
refcoco,groundingdino,8436,49328,1,0,48,80,0.6,0.4843769404954894,0.7079906437446896,0.22361370324920016
refcoco,groundingdino,194550,33474,1,0,42,80,0.525,0.4102278413767706,0.6378664183228473,0.2276385769460767
refcoco,groundingdino,253049,28511,1,0,48,80,0.6,0.4843769404954894,0.7079906437446896,0.22361370324920016
refcoco,groundingdino,278931,26336,1,0,80,80,1.0,0.9549359649323077,1.0,0.0450640350676923
refcoco,groundingdino,20513,48271,1,1,80,80,1.0,0.9549359649323077,1.0,0.0450640350676923
refcoco,groundingdino,402041,15613,1,0,69,80,0.8625,0.7672791291752744,0.9293121672961213,0.1620330381208469
refcoco,groundingdino,66637,44150,1,1,80,80,1.0,0.9549359649323077,1.0,0.0450640350676923
refcoco,groundingdino,438045,12543,1,0,19,80,0.2375,0.1494537518566408,0.34577697114026784,0.19632321928362703
refcoco,groundingdino,409653,14975,1,1,35,80,0.4375,0.3267639534337789,0.5530024286118197,0.2262384751780408
refcoco,groundingdino,222893,31057,1,1,80,80,1.0,0.9549359649323077,1.0,0.0450640350676923
refcoco,groundingdino,449780,11512,1,1,80,80,1.0,0.9549359649323077,1.0,0.0450640350676923
refcoco,groundingdino,116088,40006,1,1,61,80,0.7625,0.6542230288597322,0.8505462481433591,0.19632321928362695
refcoco,groundingdino,377609,17714,1,1,48,80,0.6,0.4843769404954894,0.7079906437446896,0.22361370324920016
refcoco,groundingdino,57689,44962,1,1,73,80,0.9125,0.8279916615801152,0.9640936410104413,0.1361019794303261
refcoco,groundingdino,567199,1305,1,0,59,80,0.7375,0.6271491697875681,0.8295907488995917,0.20244157911202365
refcoco,groundingdino,207467,32374,1,0,77,80,0.9625,0.8942980149834914,0.9921988127342833,0.09790079775079197
refcoco,groundingdino,185229,34215,1,0,80,80,1.0,0.9549359649323077,1.0,0.0450640350676923
refcoco,groundingdino,24086,47956,1,1,80,80,1.0,0.9549359649323077,1.0,0.0450640350676923
refcoco,groundingdino,184578,34279,1,0,80,80,1.0,0.9549359649323077,1.0,0.0450640350676923
refcoco,groundingdino,147753,37276,1,1,31,80,0.3875,0.28056513312478215,0.5030244574981009,0.22245932437331872
refcoco,groundingdino,64092,44384,1,0,79,80,0.9875,0.9323122155360776,0.9996835774723672,0.06737136193628968
refcoco,groundingdino,224056,30946,1,1,49,80,0.6125,0.4969755425018991,0.7194348668752178,0.22245932437331872
refcoco,groundingdino,578808,277,1,1,80,80,1.0,0.9549359649323077,1.0,0.0450640350676923
refcoco,groundingdino,420183,14096,1,0,80,80,1.0,0.9549359649323077,1.0,0.0450640350676923
refcoco,groundingdino,272194,26864,1,0,80,80,1.0,0.9549359649323077,1.0,0.0450640350676923
refcoco,groundingdino,238589,29758,1,0,80,80,1.0,0.9549359649323077,1.0,0.0450640350676923
refcoco,groundingdino,197662,33210,1,1,80,80,1.0,0.9549359649323077,1.0,0.0450640350676923
refcoco,groundingdino,143258,37655,1,1,80,80,1.0,0.9549359649323077,1.0,0.0450640350676923
refcoco,groundingdino,101552,41166,1,0,61,80,0.7625,0.6542230288597322,0.8505462481433591,0.19632321928362695
refcoco,groundingdino,38122,46767,1,0,80,80,1.0,0.9549359649323077,1.0,0.0450640350676923
refcoco,groundingdino,376806,17825,1,0,80,80,1.0,0.9549359649323077,1.0,0.0450640350676923
refcoco,groundingdino,30274,47406,1,0,47,80,0.5875,0.47184834042520446,0.6964754070624058,0.2246270666372014
refcoco,groundingdino,290072,25364,1,1,80,80,1.0,0.9549359649323077,1.0,0.0450640350676923
refcoco,groundingdino,51001,45608,1,0,70,80,0.875,0.7821108659305637,0.9383979034415657,0.15628703751100204
refcoco,groundingdino,565769,1435,1,0,80,80,1.0,0.9549359649323077,1.0,0.0450640350676923
refcoco,groundingdino,158201,36383,1,1,80,80,1.0,0.9549359649323077,1.0,0.0450640350676923
refcoco,groundingdino,486936,8272,1,1,80,80,1.0,0.9549359649323077,1.0,0.0450640350676923
refcoco,groundingdino,253251,28488,1,0,78,80,0.975,0.9125928440694077,0.9969579138351904,0.08436506976578273
refcoco,groundingdino,83178,42764,1,1,74,80,0.925,0.8438720682639279,0.9719794538231588,0.12810738555923085
refcoco,groundingdino,399922,15789,1,0,58,80,0.725,0.6137565791555909,0.8189623614429612,0.2052057822873703
refcoco,groundingdino,270369,26993,1,1,73,80,0.9125,0.8279916615801152,0.9640936410104413,0.1361019794303261
refcoco,groundingdino,417220,14332,1,0,80,80,1.0,0.9549359649323077,1.0,0.0450640350676923
refcoco,groundingdino,251368,28680,1,0,80,80,1.0,0.9549359649323077,1.0,0.0450640350676923
refcoco,groundingdino,478712,9015,1,1,76,80,0.95,0.876901263556847,0.9862106060235382,0.1093093424666911
refcoco,groundingdino,279415,26295,1,0,70,80,0.875,0.7821108659305637,0.9383979034415657,0.15628703751100204
refcoco,groundingdino,438196,12529,1,0,56,80,0.7,0.5872406769186242,0.7974260708533272,0.21018539393470292
refcoco,groundingdino,199888,33052,1,1,80,80,1.0,0.9549359649323077,1.0,0.0450640350676923
refcoco,groundingdino,369019,18441,1,0,80,80,1.0,0.9549359649323077,1.0,0.0450640350676923
refcoco,groundingdino,180179,34674,1,1,80,80,1.0,0.9549359649323077,1.0,0.0450640350676923
refcoco,groundingdino,233878,30137,1,1,77,80,0.9625,0.8942980149834914,0.9921988127342833,0.09790079775079197
refcoco,groundingdino,383512,17235,1,0,49,80,0.6125,0.4969755425018991,0.7194348668752178,0.22245932437331872
refcoco,groundingdino,224891,30859,1,0,80,80,1.0,0.9549359649323077,1.0,0.0450640350676923
refcoco,groundingdino,540436,3652,1,0,80,80,1.0,0.9549359649323077,1.0,0.0450640350676923
refcoco,groundingdino,535561,4053,1,1,80,80,1.0,0.9549359649323077,1.0,0.0450640350676923
refcoco,groundingdino,254821,28366,1,1,79,80,0.9875,0.9323122155360776,0.9996835774723672,0.06737136193628968
refcoco,groundingdino,3518,49728,1,0,64,80,0.8,0.6956311329945355,0.8811409135950147,0.18550978060047918
refcoco,groundingdino,227825,30602,1,1,66,80,0.825,0.7238459604789864,0.9008894901605713,0.17704352968158488
refcoco,groundingdino,264781,27477,1,0,67,80,0.8375,0.7381631061748871,0.9105383582774708,0.17237525210258364
refcoco,groundingdino,103419,41004,1,0,67,80,0.8375,0.7381631061748871,0.9105383582774708,0.17237525210258364
refcoco,groundingdino,77650,43240,1,0,53,80,0.6625,0.5480943856258318,0.7644738620163491,0.21637947639051736
refcoco,groundingdino,574251,682,1,0,80,80,1.0,0.9549359649323077,1.0,0.0450640350676923
refcoco,groundingdino,270391,26991,1,0,48,80,0.6,0.4843769404954894,0.7079906437446896,0.22361370324920016
refcoco,groundingdino,10710,49125,1,1,20,80,0.25,0.1598796445068557,0.35936347590685,0.19948383139999432
refcoco,groundingdino,222209,31110,1,0,67,80,0.8375,0.7381631061748871,0.9105383582774708,0.17237525210258364
refcoco,groundingdino,573632,746,1,1,58,80,0.725,0.6137565791555909,0.8189623614429612,0.2052057822873703
refcoco,groundingdino,242506,29438,1,0,79,80,0.9875,0.9323122155360776,0.9996835774723672,0.06737136193628968
refcoco,groundingdino,31112,47333,1,1,53,80,0.6625,0.5480943856258318,0.7644738620163491,0.21637947639051736
refcoco,groundingdino,323213,22457,1,1,80,80,1.0,0.9549359649323077,1.0,0.0450640350676923
refcoco,groundingdino,264296,27543,1,1,80,80,1.0,0.9549359649323077,1.0,0.0450640350676923
refcoco,groundingdino,483611,8607,1,1,78,80,0.975,0.9125928440694077,0.9969579138351904,0.08436506976578273
refcoco,groundingdino,118848,39790,1,1,80,80,1.0,0.9549359649323077,1.0,0.0450640350676923
refcoco,groundingdino,105685,40801,1,0,60,80,0.75,0.64063652409315,0.8401203554931442,0.19948383139999426
refcoco,groundingdino,364683,18721,1,0,80,80,1.0,0.9549359649323077,1.0,0.0450640350676923
refcoco,groundingdino,258237,28066,1,0,80,80,1.0,0.9549359649323077,1.0,0.0450640350676923
refcoco,groundingdino,493504,7703,1,1,80,80,1.0,0.9549359649323077,1.0,0.0450640350676923
refcoco,groundingdino,289212,25436,1,1,80,80,1.0,0.9549359649323077,1.0,0.0450640350676923
refcoco,groundingdino,113152,40242,1,0,56,80,0.7,0.5872406769186242,0.7974260708533272,0.21018539393470292
refcoco,groundingdino,419001,14207,1,0,79,80,0.9875,0.9323122155360776,0.9996835774723672,0.06737136193628968
refcoco,groundingdino,92646,41928,1,0,80,80,1.0,0.9549359649323077,1.0,0.0450640350676923
refcoco,groundingdino,266600,27332,1,0,80,80,1.0,0.9549359649323077,1.0,0.0450640350676923
refcoco,groundingdino,14686,48786,1,0,62,80,0.775,0.6679136799387491,0.8608627895010682,0.19294910956231914
refcoco,groundingdino,387717,16860,1,1,80,80,1.0,0.9549359649323077,1.0,0.0450640350676923
refcoco,groundingdino,485800,8371,1,1,80,80,1.0,0.9549359649323077,1.0,0.0450640350676923
refcoco,groundingdino,433240,12925,1,1,36,80,0.45,0.33848638448981544,0.565326020905847,0.2268396364160316
refcoco,groundingdino,376988,17795,1,0,73,80,0.9125,0.8279916615801152,0.9640936410104413,0.1361019794303261
refcoco,groundingdino,289482,25416,1,0,70,80,0.875,0.7821108659305637,0.9383979034415657,0.15628703751100204
refcoco,groundingdino,278371,26400,1,1,75,80,0.9375,0.860142924702361,0.9793969276979898,0.11925400299562883
refcoco,groundingdino,105219,40844,1,0,63,80,0.7875,0.6817141914403442,0.8710635049024182,0.18934931346207406
refcoco,groundingdino,121706,39549,1,0,31,80,0.3875,0.28056513312478215,0.5030244574981009,0.22245932437331872
refcoco,groundingdino,578805,278,1,1,29,80,0.3625,0.2578948953716181,0.47761272126480847,0.2197178258931904
refcoco,groundingdino,325891,22186,1,1,73,80,0.9125,0.8279916615801152,0.9640936410104413,0.1361019794303261
refcoco,groundingdino,226961,30687,1,0,80,80,1.0,0.9549359649323077,1.0,0.0450640350676923
refcoco,groundingdino,447457,11688,1,1,80,80,1.0,0.9549359649323077,1.0,0.0450640350676923
refcoco,groundingdino,539167,3745,1,1,80,80,1.0,0.9549359649323077,1.0,0.0450640350676923
refcoco,groundingdino,68812,43992,1,1,80,80,1.0,0.9549359649323077,1.0,0.0450640350676923
refcoco,groundingdino,281790,26091,1,0,40,80,0.5,0.3860478833649093,0.6139521166350907,0.22790423327018144
refcoco,groundingdino,168482,35610,1,0,26,80,0.325,0.22445958517745324,0.4389370456044483,0.21447746042699506
refcoco,groundingdino,78836,43128,1,1,74,80,0.925,0.8438720682639279,0.9719794538231588,0.12810738555923085
refcoco,groundingdino,273197,26806,1,1,71,80,0.8875,0.7971534080830098,0.9472484868543125,0.15009507877130268
refcoco,groundingdino,269890,27039,1,1,69,80,0.8625,0.7672791291752744,0.9293121672961213,0.1620330381208469
refcoco,groundingdino,431400,13069,1,0,41,80,0.5125,0.39810466870318556,0.625942518555561,0.22783784985237548
refcoco,groundingdino,215407,31723,1,0,79,80,0.9875,0.9323122155360776,0.9996835774723672,0.06737136193628968
refcoco,groundingdino,388421,16784,1,1,54,80,0.675,0.5610629543955516,0.7755404148225468,0.21447746042699511
refcoco,groundingdino,580785,102,1,1,80,80,1.0,0.9549359649323077,1.0,0.0450640350676923
refcoco,groundingdino,103510,40983,1,1,80,80,1.0,0.9549359649323077,1.0,0.0450640350676923
refcoco,groundingdino,488160,8156,1,1,80,80,1.0,0.9549359649323077,1.0,0.0450640350676923
refcoco,groundingdino,425721,13596,1,0,78,80,0.975,0.9125928440694077,0.9969579138351904,0.08436506976578273
refcoco,groundingdino,432683,12971,1,0,80,80,1.0,0.9549359649323077,1.0,0.0450640350676923
refcoco,groundingdino,455079,11048,1,1,80,80,1.0,0.9549359649323077,1.0,0.0450640350676923
refcoco,groundingdino,297171,24828,1,0,45,80,0.5625,0.44699757138818025,0.673236046566221,0.2262384751780408
refcoco,groundingdino,561593,1860,1,1,8,80,0.1,0.04417094015362904,0.1875651074634316,0.14339416730980256
refcoco,groundingdino,96475,41571,1,0,79,80,0.9875,0.9323122155360776,0.9996835774723672,0.06737136193628968
refcoco,groundingdino,508504,6383,1,0,74,80,0.925,0.8438720682639279,0.9719794538231588,0.12810738555923085
refcoco,groundingdino,55237,45232,1,1,80,80,1.0,0.9549359649323077,1.0,0.0450640350676923
refcoco,groundingdino,324705,22285,1,1,80,80,1.0,0.9549359649323077,1.0,0.0450640350676923
refcoco,groundingdino,136230,38269,1,0,78,80,0.975,0.9125928440694077,0.9969579138351904,0.08436506976578273
refcoco,groundingdino,402448,15572,1,1,74,80,0.925,0.8438720682639279,0.9719794538231588,0.12810738555923085
refcoco,groundingdino,137724,38109,1,0,80,80,1.0,0.9549359649323077,1.0,0.0450640350676923
refcoco,groundingdino,254176,28419,1,0,56,80,0.7,0.5872406769186242,0.7974260708533272,0.21018539393470292
refcoco,groundingdino,432170,13012,1,1,80,80,1.0,0.9549359649323077,1.0,0.0450640350676923
refcoco,groundingdino,224168,30928,1,0,80,80,1.0,0.9549359649323077,1.0,0.0450640350676923
refcoco,groundingdino,22890,48065,1,1,80,80,1.0,0.9549359649323077,1.0,0.0450640350676923
refcoco,groundingdino,243839,29331,1,0,80,80,1.0,0.9549359649323077,1.0,0.0450640350676923
refcoco,groundingdino,430731,13112,1,0,73,80,0.9125,0.8279916615801152,0.9640936410104413,0.1361019794303261
refcoco,groundingdino,507642,6469,1,1,78,80,0.975,0.9125928440694077,0.9969579138351904,0.08436506976578273
refcoco,groundingdino,127388,39005,1,1,78,80,0.975,0.9125928440694077,0.9969579138351904,0.08436506976578273
refcoco,groundingdino,54805,45259,1,1,79,80,0.9875,0.9323122155360776,0.9996835774723672,0.06737136193628968
refcoco,groundingdino,325806,22198,1,1,62,80,0.775,0.6679136799387491,0.8608627895010682,0.19294910956231914
refcoco,groundingdino,457976,10768,1,0,80,80,1.0,0.9549359649323077,1.0,0.0450640350676923
refcoco,groundingdino,250588,28730,1,1,18,80,0.225,0.13913721049893182,0.33208632006125094,0.19294910956231912
refcoco,groundingdino,495902,7495,1,0,75,80,0.9375,0.860142924702361,0.9793969276979898,0.11925400299562883
refcoco,groundingdino,411446,14787,1,0,74,80,0.925,0.8438720682639279,0.9719794538231588,0.12810738555923085
refcoco,groundingdino,231320,30341,1,0,80,80,1.0,0.9549359649323077,1.0,0.0450640350676923
refcoco,groundingdino,347167,20163,1,1,76,80,0.95,0.876901263556847,0.9862106060235382,0.1093093424666911
refcoco,groundingdino,238070,29804,1,1,80,80,1.0,0.9549359649323077,1.0,0.0450640350676923
refcoco,groundingdino,110761,40423,1,1,64,80,0.8,0.6956311329945355,0.8811409135950147,0.18550978060047918
refcoco,groundingdino,5424,49588,1,1,79,80,0.9875,0.9323122155360776,0.9996835774723672,0.06737136193628968
refcoco,groundingdino,218863,31431,1,0,64,80,0.8,0.6956311329945355,0.8811409135950147,0.18550978060047918
refcoco,groundingdino,80590,42969,1,0,76,80,0.95,0.876901263556847,0.9862106060235382,0.1093093424666911
refcoco,groundingdino,80471,42996,1,1,80,80,1.0,0.9549359649323077,1.0,0.0450640350676923
refcoco,groundingdino,30203,47409,1,1,44,80,0.55,0.43467397909415284,0.6615136155101845,0.22683963641603166
refcoco,groundingdino,86459,42500,1,1,80,80,1.0,0.9549359649323077,1.0,0.0450640350676923
refcoco,groundingdino,433336,12907,1,1,80,80,1.0,0.9549359649323077,1.0,0.0450640350676923
refcoco,groundingdino,403197,15505,1,1,80,80,1.0,0.9549359649323077,1.0,0.0450640350676923
refcoco,groundingdino,242539,29433,1,1,80,80,1.0,0.9549359649323077,1.0,0.0450640350676923
refcoco,groundingdino,392180,16471,1,1,80,80,1.0,0.9549359649323077,1.0,0.0450640350676923
refcoco,groundingdino,510680,6222,1,0,80,80,1.0,0.9549359649323077,1.0,0.0450640350676923
refcoco,groundingdino,355779,19410,1,1,80,80,1.0,0.9549359649323077,1.0,0.0450640350676923
refcoco,groundingdino,2823,49786,1,0,80,80,1.0,0.9549359649323077,1.0,0.0450640350676923
refcoco,groundingdino,162283,36086,1,0,66,80,0.825,0.7238459604789864,0.9008894901605713,0.17704352968158488
refcoco,groundingdino,100209,41256,1,1,52,80,0.65,0.5352031145206643,0.7533280635274648,0.21812494900680057
refcoco,groundingdino,498770,7244,1,0,80,80,1.0,0.9549359649323077,1.0,0.0450640350676923
refcoco,groundingdino,232371,30262,1,1,79,80,0.9875,0.9323122155360776,0.9996835774723672,0.06737136193628968
refcoco,groundingdino,203034,32811,1,0,79,80,0.9875,0.9323122155360776,0.9996835774723672,0.06737136193628968
refcoco,groundingdino,226840,30694,1,1,50,80,0.625,0.5096452355928875,0.7308068300531951,0.2211615944603076
refcoco,groundingdino,24939,47859,1,1,80,80,1.0,0.9549359649323077,1.0,0.0450640350676923
refcoco,groundingdino,532595,4313,1,1,49,80,0.6125,0.4969755425018991,0.7194348668752178,0.22245932437331872
refcoco,groundingdino,90444,42135,1,1,49,80,0.6125,0.4969755425018991,0.7194348668752178,0.22245932437331872
refcoco,groundingdino,321318,22624,1,0,80,80,1.0,0.9549359649323077,1.0,0.0450640350676923
refcoco,groundingdino,320137,22746,1,1,72,80,0.9,0.8124348925365683,0.955829059846371,0.1433941673098027
refcoco,groundingdino,420831,14049,1,0,57,80,0.7125,0.6004548866879794,0.8082395280280349,0.20778464134005548
refcoco,groundingdino,78578,43154,1,0,60,80,0.75,0.64063652409315,0.8401203554931442,0.19948383139999426
refcoco,groundingdino,298983,24617,1,0,79,80,0.9875,0.9323122155360776,0.9996835774723672,0.06737136193628968
refcoco,groundingdino,1298,49892,1,1,40,80,0.5,0.3860478833649093,0.6139521166350907,0.22790423327018144
refcoco,groundingdino,154911,36685,1,0,41,80,0.5125,0.39810466870318556,0.625942518555561,0.22783784985237548
refcoco,groundingdino,416450,14412,1,0,80,80,1.0,0.9549359649323077,1.0,0.0450640350676923
refcoco,groundingdino,35817,46961,1,0,47,80,0.5875,0.47184834042520446,0.6964754070624058,0.2246270666372014
refcoco,groundingdino,439303,12431,1,0,33,80,0.4125,0.30352459293759415,0.5281516595747955,0.22462706663720133
refcoco,groundingdino,38890,46712,1,0,80,80,1.0,0.9549359649323077,1.0,0.0450640350676923
refcoco,groundingdino,576581,492,1,1,70,80,0.875,0.7821108659305637,0.9383979034415657,0.15628703751100204
refcoco,groundingdino,475037,9317,1,1,22,80,0.275,0.18103763855703875,0.38624342084440927,0.20520578228737052
refcoco,groundingdino,56677,45043,1,0,61,80,0.7625,0.6542230288597322,0.8505462481433591,0.19632321928362695
refcoco,groundingdino,352892,19645,1,1,80,80,1.0,0.9549359649323077,1.0,0.0450640350676923
refcoco,groundingdino,358789,19159,1,0,80,80,1.0,0.9549359649323077,1.0,0.0450640350676923
refcoco,groundingdino,523907,5033,1,1,68,80,0.85,0.7526358884071023,0.9200184386902862,0.16738255028318394
refcoco,groundingdino,274770,26706,1,1,80,80,1.0,0.9549359649323077,1.0,0.0450640350676923
refcoco,groundingdino,284964,25842,1,1,80,80,1.0,0.9549359649323077,1.0,0.0450640350676923
refcoco,groundingdino,324677,22291,1,1,80,80,1.0,0.9549359649323077,1.0,0.0450640350676923
refcoco,groundingdino,91604,42041,1,0,78,80,0.975,0.9125928440694077,0.9969579138351904,0.08436506976578273
refcoco,groundingdino,87248,42422,1,1,73,80,0.9125,0.8279916615801152,0.9640936410104413,0.1361019794303261
refcoco,groundingdino,267871,27216,1,1,80,80,1.0,0.9549359649323077,1.0,0.0450640350676923
refcoco,groundingdino,428109,13356,1,0,80,80,1.0,0.9549359649323077,1.0,0.0450640350676923
refcoco,groundingdino,568272,1233,1,0,37,80,0.4625,0.3502764265383982,0.5775824719951649,0.2273060454567667
refcoco,groundingdino,326092,22161,1,0,63,80,0.7875,0.6817141914403442,0.8710635049024182,0.18934931346207406
refcoco,groundingdino,198704,33127,1,0,63,80,0.7875,0.6817141914403442,0.8710635049024182,0.18934931346207406
refcoco,groundingdino,44437,46237,1,1,59,80,0.7375,0.6271491697875681,0.8295907488995917,0.20244157911202365
refcoco,groundingdino,344259,20397,1,0,60,80,0.75,0.64063652409315,0.8401203554931442,0.19948383139999426
refcoco,groundingdino,184761,34263,1,0,80,80,1.0,0.9549359649323077,1.0,0.0450640350676923
refcoco,groundingdino,121938,39529,1,0,80,80,1.0,0.9549359649323077,1.0,0.0450640350676923
refcoco,groundingdino,278055,26436,1,0,63,80,0.7875,0.6817141914403442,0.8710635049024182,0.18934931346207406
refcoco,groundingdino,78322,43190,1,0,62,80,0.775,0.6679136799387491,0.8608627895010682,0.19294910956231914
refcoco,groundingdino,218984,31421,1,1,80,80,1.0,0.9549359649323077,1.0,0.0450640350676923
refcoco,groundingdino,276666,26566,1,0,63,80,0.7875,0.6817141914403442,0.8710635049024182,0.18934931346207406
refcoco,groundingdino,35045,47025,1,0,59,80,0.7375,0.6271491697875681,0.8295907488995917,0.20244157911202365
refcoco,groundingdino,339453,20824,1,1,80,80,1.0,0.9549359649323077,1.0,0.0450640350676923
refcoco,groundingdino,13318,48934,1,1,79,80,0.9875,0.9323122155360776,0.9996835774723672,0.06737136193628968
refcoco,groundingdino,50994,45612,1,1,54,80,0.675,0.5610629543955516,0.7755404148225468,0.21447746042699511
refcoco,groundingdino,542452,3480,1,0,72,80,0.9,0.8124348925365683,0.955829059846371,0.1433941673098027
refcoco,groundingdino,274667,26715,1,0,74,80,0.925,0.8438720682639279,0.9719794538231588,0.12810738555923085
refcoco,groundingdino,488127,8164,1,1,75,80,0.9375,0.860142924702361,0.9793969276979898,0.11925400299562883
refcoco,groundingdino,53601,45386,1,1,79,80,0.9875,0.9323122155360776,0.9996835774723672,0.06737136193628968
refcoco,groundingdino,540464,3642,1,1,40,80,0.5,0.3860478833649093,0.6139521166350907,0.22790423327018144
refcoco,groundingdino,406988,15206,1,0,80,80,1.0,0.9549359649323077,1.0,0.0450640350676923
refcoco,groundingdino,376454,17844,1,1,80,80,1.0,0.9549359649323077,1.0,0.0450640350676923
refcoco,groundingdino,128136,38935,1,1,80,80,1.0,0.9549359649323077,1.0,0.0450640350676923
refcoco,groundingdino,191068,33728,1,0,46,80,0.575,0.45938881143093807,0.6848902345476577,0.22550142311671967
refcoco,groundingdino,498295,7296,1,1,56,80,0.7,0.5872406769186242,0.7974260708533272,0.21018539393470292
refcoco,groundingdino,84712,42623,1,1,79,80,0.9875,0.9323122155360776,0.9996835774723672,0.06737136193628968
refcoco,groundingdino,354791,19507,1,0,80,80,1.0,0.9549359649323077,1.0,0.0450640350676923
refcoco,groundingdino,530750,4474,1,1,64,80,0.8,0.6956311329945355,0.8811409135950147,0.18550978060047918
refcoco,groundingdino,259443,27982,1,1,28,80,0.35,0.24667193647253513,0.4647968854793358,0.21812494900680066
refcoco,groundingdino,296614,24900,1,1,80,80,1.0,0.9549359649323077,1.0,0.0450640350676923
refcoco,groundingdino,53672,45374,1,0,47,80,0.5875,0.47184834042520446,0.6964754070624058,0.2246270666372014
refcoco,groundingdino,544831,3281,1,1,78,80,0.975,0.9125928440694077,0.9969579138351904,0.08436506976578273
refcoco,groundingdino,80634,42957,1,0,80,80,1.0,0.9549359649323077,1.0,0.0450640350676923
refcoco,groundingdino,335697,21173,1,0,79,80,0.9875,0.9323122155360776,0.9996835774723672,0.06737136193628968
refcoco,groundingdino,181054,34594,1,1,80,80,1.0,0.9549359649323077,1.0,0.0450640350676923
refcoco,groundingdino,318333,22911,1,1,79,80,0.9875,0.9323122155360776,0.9996835774723672,0.06737136193628968
refcoco,groundingdino,47774,45878,1,0,45,80,0.5625,0.44699757138818025,0.673236046566221,0.2262384751780408
refcoco,groundingdino,214563,31792,1,1,78,80,0.975,0.9125928440694077,0.9969579138351904,0.08436506976578273
refcoco,groundingdino,381961,17371,1,0,75,80,0.9375,0.860142924702361,0.9793969276979898,0.11925400299562883
refcoco,groundingdino,340345,20703,1,0,76,80,0.95,0.876901263556847,0.9862106060235382,0.1093093424666911
refcoco,groundingdino,129722,38788,1,1,80,80,1.0,0.9549359649323077,1.0,0.0450640350676923
refcoco,groundingdino,252567,28556,1,1,80,80,1.0,0.9549359649323077,1.0,0.0450640350676923
refcoco,groundingdino,119974,39681,1,1,61,80,0.7625,0.6542230288597322,0.8505462481433591,0.19632321928362695
refcoco,groundingdino,75843,43376,1,1,80,80,1.0,0.9549359649323077,1.0,0.0450640350676923
refcoco,groundingdino,390963,16600,1,1,80,80,1.0,0.9549359649323077,1.0,0.0450640350676923
refcoco,groundingdino,169653,35514,1,1,80,80,1.0,0.9549359649323077,1.0,0.0450640350676923
refcoco,groundingdino,372588,18151,1,0,61,80,0.7625,0.6542230288597322,0.8505462481433591,0.19632321928362695
refcoco,groundingdino,112040,40309,1,0,32,80,0.4,0.2920093562553105,0.5156230595045106,0.2236137032492001
refcoco,groundingdino,425063,13648,1,0,60,80,0.75,0.64063652409315,0.8401203554931442,0.19948383139999426
refcoco,groundingdino,443084,12142,1,0,60,80,0.75,0.64063652409315,0.8401203554931442,0.19948383139999426
refcoco,groundingdino,504878,6710,1,0,53,80,0.6625,0.5480943856258318,0.7644738620163491,0.21637947639051736
refcoco,groundingdino,16814,48551,1,1,80,80,1.0,0.9549359649323077,1.0,0.0450640350676923
refcoco,groundingdino,372112,18196,1,1,80,80,1.0,0.9549359649323077,1.0,0.0450640350676923
refcoco,groundingdino,556399,2283,1,0,79,80,0.9875,0.9323122155360776,0.9996835774723672,0.06737136193628968
refcoco,groundingdino,114249,40166,0,0,0,0,0.0,0.0,0.0,0.0
refcoco,groundingdino,38033,46779,1,1,68,80,0.85,0.7526358884071023,0.9200184386902862,0.16738255028318394
refcoco,groundingdino,29456,47472,1,0,80,80,1.0,0.9549359649323077,1.0,0.0450640350676923
refcoco,groundingdino,222086,31118,1,0,78,80,0.975,0.9125928440694077,0.9969579138351904,0.08436506976578273
refcoco,groundingdino,52928,45438,1,0,65,80,0.8125,0.7096721043523089,0.8910863118524706,0.18141420750016168
refcoco,groundingdino,269532,27072,1,1,80,80,1.0,0.9549359649323077,1.0,0.0450640350676923
refcoco,groundingdino,238007,29805,1,1,51,80,0.6375,0.5223872787351916,0.7421051046283819,0.21971782589319022
refcoco,groundingdino,515401,5817,1,0,80,80,1.0,0.9549359649323077,1.0,0.0450640350676923
refcoco,groundingdino,80826,42925,1,1,80,80,1.0,0.9549359649323077,1.0,0.0450640350676923
refcoco,groundingdino,249429,28820,1,0,35,80,0.4375,0.3267639534337789,0.5530024286118197,0.2262384751780408
refcoco,groundingdino,544109,3343,1,1,80,80,1.0,0.9549359649323077,1.0,0.0450640350676923
refcoco,groundingdino,348382,20051,1,0,72,80,0.9,0.8124348925365683,0.955829059846371,0.1433941673098027
refcoco,groundingdino,28451,47579,1,1,37,80,0.4625,0.3502764265383982,0.5775824719951649,0.2273060454567667
refcoco,groundingdino,209993,32154,1,0,80,80,1.0,0.9549359649323077,1.0,0.0450640350676923
refcoco,groundingdino,175162,35094,1,1,80,80,1.0,0.9549359649323077,1.0,0.0450640350676923
refcoco,groundingdino,558372,2134,1,0,63,80,0.7875,0.6817141914403442,0.8710635049024182,0.18934931346207406
refcoco,groundingdino,387849,16848,1,1,55,80,0.6875,0.5741109261435505,0.7865253688912328,0.21241444274768229
refcoco,groundingdino,396536,16060,1,0,76,80,0.95,0.876901263556847,0.9862106060235382,0.1093093424666911
refcoco,groundingdino,86754,42465,1,0,80,80,1.0,0.9549359649323077,1.0,0.0450640350676923
refcoco,groundingdino,531752,4402,1,0,70,80,0.875,0.7821108659305637,0.9383979034415657,0.15628703751100204
refcoco,groundingdino,18780,48386,1,1,51,80,0.6375,0.5223872787351916,0.7421051046283819,0.21971782589319022
refcoco,groundingdino,43998,46267,1,1,78,80,0.975,0.9125928440694077,0.9969579138351904,0.08436506976578273
refcoco,groundingdino,325494,22216,1,1,79,80,0.9875,0.9323122155360776,0.9996835774723672,0.06737136193628968
refcoco,groundingdino,351397,19784,1,0,71,80,0.8875,0.7971534080830098,0.9472484868543125,0.15009507877130268
refcoco,groundingdino,139324,37987,1,0,35,80,0.4375,0.3267639534337789,0.5530024286118197,0.2262384751780408
refcoco,groundingdino,260129,27912,1,1,77,80,0.9625,0.8942980149834914,0.9921988127342833,0.09790079775079197
refcoco,groundingdino,106383,40755,1,0,70,80,0.875,0.7821108659305637,0.9383979034415657,0.15628703751100204
refcoco,groundingdino,68287,44038,1,1,80,80,1.0,0.9549359649323077,1.0,0.0450640350676923
refcoco,groundingdino,111992,40317,1,0,79,80,0.9875,0.9323122155360776,0.9996835774723672,0.06737136193628968
refcoco,groundingdino,92165,41976,1,1,57,80,0.7125,0.6004548866879794,0.8082395280280349,0.20778464134005548
refcoco,groundingdino,67748,44074,1,1,69,80,0.8625,0.7672791291752744,0.9293121672961213,0.1620330381208469
refcoco,groundingdino,208612,32283,1,0,68,80,0.85,0.7526358884071023,0.9200184386902862,0.16738255028318394
refcoco,groundingdino,502504,6934,1,1,77,80,0.9625,0.8942980149834914,0.9921988127342833,0.09790079775079197
refcoco,groundingdino,508140,6421,1,1,54,80,0.675,0.5610629543955516,0.7755404148225468,0.21447746042699511
refcoco,groundingdino,237193,29904,1,1,77,80,0.9625,0.8942980149834914,0.9921988127342833,0.09790079775079197
refcoco,groundingdino,323149,22467,1,1,73,80,0.9125,0.8279916615801152,0.9640936410104413,0.1361019794303261
refcoco,groundingdino,244171,29305,1,0,58,80,0.725,0.6137565791555909,0.8189623614429612,0.2052057822873703
refcoco,groundingdino,62348,44529,1,0,72,80,0.9,0.8124348925365683,0.955829059846371,0.1433941673098027
refcoco,groundingdino,126381,39083,1,0,80,80,1.0,0.9549359649323077,1.0,0.0450640350676923
refcoco,groundingdino,314051,23278,1,0,76,80,0.95,0.876901263556847,0.9862106060235382,0.1093093424666911
refcoco,groundingdino,439374,12430,1,0,38,80,0.475,0.3621335816771527,0.5897721586232294,0.2276385769460767
refcoco,groundingdino,484208,8540,1,1,75,80,0.9375,0.860142924702361,0.9793969276979898,0.11925400299562883
refcoco,groundingdino,424821,13677,1,0,80,80,1.0,0.9549359649323077,1.0,0.0450640350676923
refcoco,groundingdino,149566,37113,1,0,80,80,1.0,0.9549359649323077,1.0,0.0450640350676923
refcoco,groundingdino,288559,25507,1,1,69,80,0.8625,0.7672791291752744,0.9293121672961213,0.1620330381208469
refcoco,groundingdino,430244,13171,1,0,39,80,0.4875,0.37405748144443896,0.6018953312968145,0.22783784985237554
refcoco,groundingdino,314462,23231,1,1,80,80,1.0,0.9549359649323077,1.0,0.0450640350676923
refcoco,groundingdino,545832,3199,1,1,80,80,1.0,0.9549359649323077,1.0,0.0450640350676923
refcoco,groundingdino,497311,7352,1,0,79,80,0.9875,0.9323122155360776,0.9996835774723672,0.06737136193628968
refcoco,groundingdino,260932,27825,1,1,67,80,0.8375,0.7381631061748871,0.9105383582774708,0.17237525210258364
refcoco,groundingdino,120155,39663,1,0,78,80,0.975,0.9125928440694077,0.9969579138351904,0.08436506976578273
refcoco,groundingdino,385505,17085,1,1,29,80,0.3625,0.2578948953716181,0.47761272126480847,0.2197178258931904
refcoco,groundingdino,52086,45521,1,1,58,80,0.725,0.6137565791555909,0.8189623614429612,0.2052057822873703
refcoco,groundingdino,300624,24484,1,0,64,80,0.8,0.6956311329945355,0.8811409135950147,0.18550978060047918
refcoco,groundingdino,327970,21949,1,1,68,80,0.85,0.7526358884071023,0.9200184386902862,0.16738255028318394
refcoco,groundingdino,331900,21561,1,1,76,80,0.95,0.876901263556847,0.9862106060235382,0.1093093424666911
refcoco,groundingdino,329058,21846,1,0,66,80,0.825,0.7238459604789864,0.9008894901605713,0.17704352968158488
refcoco,groundingdino,494032,7672,1,1,80,80,1.0,0.9549359649323077,1.0,0.0450640350676923
refcoco,groundingdino,382069,17361,1,0,64,80,0.8,0.6956311329945355,0.8811409135950147,0.18550978060047918
refcoco,groundingdino,67615,44086,1,1,66,80,0.825,0.7238459604789864,0.9008894901605713,0.17704352968158488
refcoco,groundingdino,240331,29594,1,1,68,80,0.85,0.7526358884071023,0.9200184386902862,0.16738255028318394
refcoco,groundingdino,437547,12592,1,1,80,80,1.0,0.9549359649323077,1.0,0.0450640350676923
refcoco,groundingdino,560525,1969,1,0,67,80,0.8375,0.7381631061748871,0.9105383582774708,0.17237525210258364
refcoco,groundingdino,131913,38583,1,1,80,80,1.0,0.9549359649323077,1.0,0.0450640350676923
refcoco,groundingdino,17451,48517,1,0,80,80,1.0,0.9549359649323077,1.0,0.0450640350676923
refcoco,groundingdino,192319,33640,1,0,74,80,0.925,0.8438720682639279,0.9719794538231588,0.12810738555923085
refcoco,groundingdino,409825,14952,1,1,80,80,1.0,0.9549359649323077,1.0,0.0450640350676923
refcoco,groundingdino,279762,26254,1,1,80,80,1.0,0.9549359649323077,1.0,0.0450640350676923
refcoco,groundingdino,521064,5282,1,0,76,80,0.95,0.876901263556847,0.9862106060235382,0.1093093424666911
refcoco,groundingdino,322517,22516,1,0,52,80,0.65,0.5352031145206643,0.7533280635274648,0.21812494900680057
refcoco,groundingdino,203069,32802,1,0,67,80,0.8375,0.7381631061748871,0.9105383582774708,0.17237525210258364
refcoco,groundingdino,563679,1643,1,0,80,80,1.0,0.9549359649323077,1.0,0.0450640350676923
refcoco,groundingdino,316238,23095,1,0,66,80,0.825,0.7238459604789864,0.9008894901605713,0.17704352968158488
refcoco,groundingdino,190513,33789,1,1,76,80,0.95,0.876901263556847,0.9862106060235382,0.1093093424666911
refcoco,groundingdino,264502,27509,1,1,80,80,1.0,0.9549359649323077,1.0,0.0450640350676923
refcoco,groundingdino,579667,199,1,1,78,80,0.975,0.9125928440694077,0.9969579138351904,0.08436506976578273
refcoco,groundingdino,295864,24963,1,1,80,80,1.0,0.9549359649323077,1.0,0.0450640350676923
refcoco,groundingdino,217959,31496,1,1,57,80,0.7125,0.6004548866879794,0.8082395280280349,0.20778464134005548
refcoco,groundingdino,18211,48451,1,0,80,80,1.0,0.9549359649323077,1.0,0.0450640350676923
refcoco,groundingdino,292315,25213,1,0,80,80,1.0,0.9549359649323077,1.0,0.0450640350676923
refcoco,groundingdino,140850,37830,1,0,65,80,0.8125,0.7096721043523089,0.8910863118524706,0.18141420750016168
refcoco,groundingdino,257804,28107,1,0,45,80,0.5625,0.44699757138818025,0.673236046566221,0.2262384751780408
refcoco,groundingdino,404828,15373,1,0,80,80,1.0,0.9549359649323077,1.0,0.0450640350676923
refcoco,groundingdino,343201,20493,1,0,21,80,0.2625,0.1704092511004083,0.3728508302124319,0.20244157911202362
refcoco,groundingdino,314065,23275,1,0,67,80,0.8375,0.7381631061748871,0.9105383582774708,0.17237525210258364
refcoco,groundingdino,215569,31702,1,0,44,80,0.55,0.43467397909415284,0.6615136155101845,0.22683963641603166
refcoco,groundingdino,150704,37024,1,0,77,80,0.9625,0.8942980149834914,0.9921988127342833,0.09790079775079197
refcoco,groundingdino,150197,37054,1,1,42,80,0.525,0.4102278413767706,0.6378664183228473,0.2276385769460767
refcoco,groundingdino,25628,47818,1,1,80,80,1.0,0.9549359649323077,1.0,0.0450640350676923
refcoco,groundingdino,287249,25611,1,1,58,80,0.725,0.6137565791555909,0.8189623614429612,0.2052057822873703
refcoco,groundingdino,309519,23766,1,0,48,80,0.6,0.4843769404954894,0.7079906437446896,0.22361370324920016
refcoco,groundingdino,521366,5248,1,1,80,80,1.0,0.9549359649323077,1.0,0.0450640350676923
refcoco,groundingdino,545214,3254,1,0,45,80,0.5625,0.44699757138818025,0.673236046566221,0.2262384751780408
refcoco,groundingdino,167169,35720,1,1,80,80,1.0,0.9549359649323077,1.0,0.0450640350676923
refcoco,groundingdino,573125,769,1,1,80,80,1.0,0.9549359649323077,1.0,0.0450640350676923
refcoco,groundingdino,6747,49473,1,1,68,80,0.85,0.7526358884071023,0.9200184386902862,0.16738255028318394
refcoco,groundingdino,344319,20394,1,0,75,80,0.9375,0.860142924702361,0.9793969276979898,0.11925400299562883
refcoco,groundingdino,533293,4250,1,0,76,80,0.95,0.876901263556847,0.9862106060235382,0.1093093424666911
refcoco,groundingdino,349212,19974,1,1,67,80,0.8375,0.7381631061748871,0.9105383582774708,0.17237525210258364
refcoco,groundingdino,202657,32846,1,0,80,80,1.0,0.9549359649323077,1.0,0.0450640350676923
refcoco,groundingdino,381889,17379,1,1,66,80,0.825,0.7238459604789864,0.9008894901605713,0.17704352968158488
refcoco,groundingdino,253522,28474,1,0,79,80,0.9875,0.9323122155360776,0.9996835774723672,0.06737136193628968
refcoco,owlv2,346712,20202,1,0,66,80,0.825,0.7238459604789864,0.9008894901605713,0.17704352968158488
refcoco,owlv2,125350,39201,1,1,60,80,0.75,0.64063652409315,0.8401203554931442,0.19948383139999426
refcoco,owlv2,23967,47975,1,1,79,80,0.9875,0.9323122155360776,0.9996835774723672,0.06737136193628968
refcoco,owlv2,65842,44225,1,1,80,80,1.0,0.9549359649323077,1.0,0.0450640350676923
refcoco,owlv2,448531,11612,1,0,44,80,0.55,0.43467397909415284,0.6615136155101845,0.22683963641603166
refcoco,owlv2,53643,45379,1,1,35,80,0.4375,0.3267639534337789,0.5530024286118197,0.2262384751780408
refcoco,owlv2,119534,39732,0,0,0,0,0.0,0.0,0.0,0.0
refcoco,owlv2,279882,26241,1,0,59,80,0.7375,0.6271491697875681,0.8295907488995917,0.20244157911202365
refcoco,owlv2,84313,42654,1,0,66,80,0.825,0.7238459604789864,0.9008894901605713,0.17704352968158488
refcoco,owlv2,243153,29382,1,0,60,80,0.75,0.64063652409315,0.8401203554931442,0.19948383139999426
refcoco,owlv2,83353,42756,1,1,43,80,0.5375,0.4224175280048351,0.6497235734616016,0.22730604545676647
refcoco,owlv2,457555,10797,1,1,60,80,0.75,0.64063652409315,0.8401203554931442,0.19948383139999426
refcoco,owlv2,467145,9958,1,1,80,80,1.0,0.9549359649323077,1.0,0.0450640350676923
refcoco,owlv2,389498,16696,1,1,24,80,0.3,0.20257392914667274,0.412759323081376,0.21018539393470323
refcoco,owlv2,339454,20822,1,0,77,80,0.9625,0.8942980149834914,0.9921988127342833,0.09790079775079197
refcoco,owlv2,218447,31468,1,0,37,80,0.4625,0.3502764265383982,0.5775824719951649,0.2273060454567667
refcoco,owlv2,55618,45176,1,1,74,80,0.925,0.8438720682639279,0.9719794538231588,0.12810738555923085
refcoco,owlv2,226348,30735,0,0,0,0,0.0,0.0,0.0,0.0
refcoco,owlv2,226594,30712,1,0,73,80,0.9125,0.8279916615801152,0.9640936410104413,0.1361019794303261
refcoco,owlv2,15750,48658,1,0,78,80,0.975,0.9125928440694077,0.9969579138351904,0.08436506976578273
refcoco,owlv2,34810,47052,1,0,76,80,0.95,0.876901263556847,0.9862106060235382,0.1093093424666911
refcoco,owlv2,550760,2766,1,1,74,80,0.925,0.8438720682639279,0.9719794538231588,0.12810738555923085
refcoco,owlv2,52109,45518,1,0,49,80,0.6125,0.4969755425018991,0.7194348668752178,0.22245932437331872
refcoco,owlv2,369805,18360,1,1,79,80,0.9875,0.9323122155360776,0.9996835774723672,0.06737136193628968
refcoco,owlv2,446670,11759,1,0,78,80,0.975,0.9125928440694077,0.9969579138351904,0.08436506976578273
refcoco,owlv2,156258,36577,1,0,80,80,1.0,0.9549359649323077,1.0,0.0450640350676923
refcoco,owlv2,291493,25281,1,1,76,80,0.95,0.876901263556847,0.9862106060235382,0.1093093424666911
refcoco,owlv2,520831,5305,1,0,41,80,0.5125,0.39810466870318556,0.625942518555561,0.22783784985237548
refcoco,owlv2,83093,42773,1,0,68,80,0.85,0.7526358884071023,0.9200184386902862,0.16738255028318394
refcoco,owlv2,458633,10693,1,1,65,80,0.8125,0.7096721043523089,0.8910863118524706,0.18141420750016168
refcoco,owlv2,77417,43254,1,0,78,80,0.975,0.9125928440694077,0.9969579138351904,0.08436506976578273
refcoco,owlv2,184835,34252,1,1,48,80,0.6,0.4843769404954894,0.7079906437446896,0.22361370324920016
refcoco,owlv2,35995,46945,1,0,63,80,0.7875,0.6817141914403442,0.8710635049024182,0.18934931346207406
refcoco,owlv2,103430,40996,1,0,70,80,0.875,0.7821108659305637,0.9383979034415657,0.15628703751100204
refcoco,owlv2,340971,20658,1,1,76,80,0.95,0.876901263556847,0.9862106060235382,0.1093093424666911
refcoco,owlv2,97939,41436,1,0,62,80,0.775,0.6679136799387491,0.8608627895010682,0.19294910956231914
refcoco,owlv2,199640,33072,1,0,59,80,0.7375,0.6271491697875681,0.8295907488995917,0.20244157911202365
refcoco,owlv2,124030,39320,1,1,49,80,0.6125,0.4969755425018991,0.7194348668752178,0.22245932437331872
refcoco,owlv2,298481,24663,1,0,28,80,0.35,0.24667193647253513,0.4647968854793358,0.21812494900680066
refcoco,owlv2,481804,8752,1,0,67,80,0.8375,0.7381631061748871,0.9105383582774708,0.17237525210258364
refcoco,owlv2,24026,47963,1,0,21,80,0.2625,0.1704092511004083,0.3728508302124319,0.20244157911202362
refcoco,owlv2,391088,16582,1,1,80,80,1.0,0.9549359649323077,1.0,0.0450640350676923
refcoco,owlv2,152556,36857,1,0,46,80,0.575,0.45938881143093807,0.6848902345476577,0.22550142311671967
refcoco,owlv2,498639,7265,1,0,38,80,0.475,0.3621335816771527,0.5897721586232294,0.2276385769460767
refcoco,owlv2,472954,9478,1,1,31,80,0.3875,0.28056513312478215,0.5030244574981009,0.22245932437331872
refcoco,owlv2,410845,14864,1,0,50,80,0.625,0.5096452355928875,0.7308068300531951,0.2211615944603076
refcoco,owlv2,223909,30957,1,1,78,80,0.975,0.9125928440694077,0.9969579138351904,0.08436506976578273
refcoco,owlv2,29915,47432,1,0,60,80,0.75,0.64063652409315,0.8401203554931442,0.19948383139999426
refcoco,owlv2,261381,27789,1,0,46,80,0.575,0.45938881143093807,0.6848902345476577,0.22550142311671967
refcoco,owlv2,31812,47281,1,0,68,80,0.85,0.7526358884071023,0.9200184386902862,0.16738255028318394
refcoco,owlv2,235316,30050,1,0,77,80,0.9625,0.8942980149834914,0.9921988127342833,0.09790079775079197
refcoco,owlv2,566798,1350,1,1,40,80,0.5,0.3860478833649093,0.6139521166350907,0.22790423327018144
refcoco,owlv2,197289,33252,1,0,61,80,0.7625,0.6542230288597322,0.8505462481433591,0.19632321928362695
refcoco,owlv2,426478,13513,1,0,80,80,1.0,0.9549359649323077,1.0,0.0450640350676923
refcoco,owlv2,521618,5230,1,1,60,80,0.75,0.64063652409315,0.8401203554931442,0.19948383139999426
refcoco,owlv2,453602,11189,1,0,71,80,0.8875,0.7971534080830098,0.9472484868543125,0.15009507877130268
refcoco,owlv2,17578,48497,1,0,55,80,0.6875,0.5741109261435505,0.7865253688912328,0.21241444274768229
refcoco,owlv2,95812,41649,1,0,79,80,0.9875,0.9323122155360776,0.9996835774723672,0.06737136193628968
refcoco,owlv2,163506,36006,1,1,80,80,1.0,0.9549359649323077,1.0,0.0450640350676923
refcoco,owlv2,530132,4519,1,0,63,80,0.7875,0.6817141914403442,0.8710635049024182,0.18934931346207406
refcoco,owlv2,492293,7822,1,0,56,80,0.7,0.5872406769186242,0.7974260708533272,0.21018539393470292
refcoco,owlv2,372003,18201,1,1,74,80,0.925,0.8438720682639279,0.9719794538231588,0.12810738555923085
refcoco,owlv2,348609,20035,1,1,31,80,0.3875,0.28056513312478215,0.5030244574981009,0.22245932437331872
refcoco,owlv2,260010,27940,1,1,71,80,0.8875,0.7971534080830098,0.9472484868543125,0.15009507877130268
refcoco,owlv2,380034,17534,1,1,77,80,0.9625,0.8942980149834914,0.9921988127342833,0.09790079775079197
refcoco,owlv2,115604,40058,1,1,80,80,1.0,0.9549359649323077,1.0,0.0450640350676923
refcoco,owlv2,161865,36122,1,0,51,80,0.6375,0.5223872787351916,0.7421051046283819,0.21971782589319022
refcoco,owlv2,506030,6611,1,1,72,80,0.9,0.8124348925365683,0.955829059846371,0.1433941673098027
refcoco,owlv2,292498,25206,1,1,27,80,0.3375,0.23552613798365082,0.4519056143741682,0.21637947639051738
refcoco,owlv2,206628,32456,1,0,28,80,0.35,0.24667193647253513,0.4647968854793358,0.21812494900680066
refcoco,owlv2,177917,34869,1,0,52,80,0.65,0.5352031145206643,0.7533280635274648,0.21812494900680057
refcoco,owlv2,420620,14062,1,0,76,80,0.95,0.876901263556847,0.9862106060235382,0.1093093424666911
refcoco,owlv2,75881,43371,1,1,63,80,0.7875,0.6817141914403442,0.8710635049024182,0.18934931346207406
refcoco,owlv2,555022,2369,1,0,71,80,0.8875,0.7971534080830098,0.9472484868543125,0.15009507877130268
refcoco,owlv2,22928,48064,1,0,65,80,0.8125,0.7096721043523089,0.8910863118524706,0.18141420750016168
refcoco,owlv2,349144,19982,1,1,62,80,0.775,0.6679136799387491,0.8608627895010682,0.19294910956231914
refcoco,owlv2,233153,30199,1,1,80,80,1.0,0.9549359649323077,1.0,0.0450640350676923
refcoco,owlv2,128599,38888,1,1,70,80,0.875,0.7821108659305637,0.9383979034415657,0.15628703751100204
refcoco,owlv2,521800,5217,1,0,80,80,1.0,0.9549359649323077,1.0,0.0450640350676923
refcoco,owlv2,177658,34885,1,1,27,80,0.3375,0.23552613798365082,0.4519056143741682,0.21637947639051738
refcoco,owlv2,139763,37936,1,0,73,80,0.9125,0.8279916615801152,0.9640936410104413,0.1361019794303261
refcoco,owlv2,74183,43524,1,0,80,80,1.0,0.9549359649323077,1.0,0.0450640350676923
refcoco,owlv2,275707,26641,1,0,59,80,0.7375,0.6271491697875681,0.8295907488995917,0.20244157911202365
refcoco,owlv2,163828,35981,1,0,60,80,0.75,0.64063652409315,0.8401203554931442,0.19948383139999426
refcoco,owlv2,71989,43765,1,1,66,80,0.825,0.7238459604789864,0.9008894901605713,0.17704352968158488
refcoco,owlv2,77174,43277,1,0,37,80,0.4625,0.3502764265383982,0.5775824719951649,0.2273060454567667
refcoco,owlv2,289782,25388,1,1,80,80,1.0,0.9549359649323077,1.0,0.0450640350676923
refcoco,owlv2,61877,44578,1,0,13,80,0.1625,0.08946164172252925,0.2618368938251128,0.1723752521025836
refcoco,owlv2,158051,36394,1,1,55,80,0.6875,0.5741109261435505,0.7865253688912328,0.21241444274768229
refcoco,owlv2,553586,2501,1,1,80,80,1.0,0.9549359649323077,1.0,0.0450640350676923
refcoco,owlv2,135348,38331,1,0,38,80,0.475,0.3621335816771527,0.5897721586232294,0.2276385769460767
refcoco,owlv2,474123,9388,1,0,68,80,0.85,0.7526358884071023,0.9200184386902862,0.16738255028318394
refcoco,owlv2,538398,3810,1,0,59,80,0.7375,0.6271491697875681,0.8295907488995917,0.20244157911202365
refcoco,owlv2,116882,39938,1,1,61,80,0.7625,0.6542230288597322,0.8505462481433591,0.19632321928362695
refcoco,owlv2,176945,34939,1,1,72,80,0.9,0.8124348925365683,0.955829059846371,0.1433941673098027
refcoco,owlv2,394992,16234,1,0,72,80,0.9,0.8124348925365683,0.955829059846371,0.1433941673098027
refcoco,owlv2,132617,38525,1,0,50,80,0.625,0.5096452355928875,0.7308068300531951,0.2211615944603076
refcoco,owlv2,547348,3059,0,0,0,0,0.0,0.0,0.0,0.0
refcoco,owlv2,74925,43450,1,0,80,80,1.0,0.9549359649323077,1.0,0.0450640350676923
refcoco,owlv2,233871,30147,1,0,22,80,0.275,0.18103763855703875,0.38624342084440927,0.20520578228737052
refcoco,owlv2,476934,9180,1,0,57,80,0.7125,0.6004548866879794,0.8082395280280349,0.20778464134005548
refcoco,owlv2,550129,2813,1,1,24,80,0.3,0.20257392914667274,0.412759323081376,0.21018539393470323
refcoco,owlv2,276460,26582,1,1,77,80,0.9625,0.8942980149834914,0.9921988127342833,0.09790079775079197
refcoco,owlv2,450162,11481,1,0,61,80,0.7625,0.6542230288597322,0.8505462481433591,0.19632321928362695
refcoco,owlv2,85939,42549,0,0,0,0,0.0,0.0,0.0,0.0
refcoco,owlv2,360302,19049,1,0,47,80,0.5875,0.47184834042520446,0.6964754070624058,0.2246270666372014
refcoco,owlv2,270460,26990,1,1,51,80,0.6375,0.5223872787351916,0.7421051046283819,0.21971782589319022
refcoco,owlv2,464744,10169,1,0,36,80,0.45,0.33848638448981544,0.565326020905847,0.2268396364160316
refcoco,owlv2,221794,31152,1,0,9,80,0.1125,0.052751513145687524,0.20284659191699012,0.1500950787713026
refcoco,owlv2,280018,26223,1,1,80,80,1.0,0.9549359649323077,1.0,0.0450640350676923
refcoco,owlv2,197068,33280,1,0,80,80,1.0,0.9549359649323077,1.0,0.0450640350676923
refcoco,owlv2,5638,49560,1,0,52,80,0.65,0.5352031145206643,0.7533280635274648,0.21812494900680057
refcoco,owlv2,108375,40612,1,0,38,80,0.475,0.3621335816771527,0.5897721586232294,0.2276385769460767
refcoco,owlv2,102290,41091,1,1,37,80,0.4625,0.3502764265383982,0.5775824719951649,0.2273060454567667
refcoco,owlv2,26052,47798,1,0,69,80,0.8625,0.7672791291752744,0.9293121672961213,0.1620330381208469
refcoco,owlv2,539647,3700,1,0,25,80,0.3125,0.21347463110876716,0.4258890738564495,0.2124144427476823
refcoco,owlv2,421208,14012,1,1,64,80,0.8,0.6956311329945355,0.8811409135950147,0.18550978060047918
refcoco,owlv2,387105,16916,1,0,56,80,0.7,0.5872406769186242,0.7974260708533272,0.21018539393470292
refcoco,owlv2,531873,4392,1,1,80,80,1.0,0.9549359649323077,1.0,0.0450640350676923
refcoco,owlv2,232957,30218,1,1,68,80,0.85,0.7526358884071023,0.9200184386902862,0.16738255028318394
refcoco,owlv2,132991,38500,1,0,20,80,0.25,0.1598796445068557,0.35936347590685,0.19948383139999432
refcoco,owlv2,458827,10669,1,0,24,80,0.3,0.20257392914667274,0.412759323081376,0.21018539393470323
refcoco,owlv2,43892,46280,1,0,74,80,0.925,0.8438720682639279,0.9719794538231588,0.12810738555923085
refcoco,owlv2,335865,21147,1,1,76,80,0.95,0.876901263556847,0.9862106060235382,0.1093093424666911
refcoco,owlv2,86750,42466,1,0,57,80,0.7125,0.6004548866879794,0.8082395280280349,0.20778464134005548
refcoco,owlv2,351654,19757,1,0,30,80,0.375,0.2691931699468049,0.4903547644071125,0.2211615944603076
refcoco,owlv2,461996,10421,1,0,70,80,0.875,0.7821108659305637,0.9383979034415657,0.15628703751100204
refcoco,owlv2,106832,40711,1,0,74,80,0.925,0.8438720682639279,0.9719794538231588,0.12810738555923085
refcoco,owlv2,456545,10882,1,1,62,80,0.775,0.6679136799387491,0.8608627895010682,0.19294910956231914
refcoco,owlv2,180559,34644,1,0,44,80,0.55,0.43467397909415284,0.6615136155101845,0.22683963641603166
refcoco,owlv2,359339,19128,1,1,78,80,0.975,0.9125928440694077,0.9969579138351904,0.08436506976578273
refcoco,owlv2,283479,25971,1,1,72,80,0.9,0.8124348925365683,0.955829059846371,0.1433941673098027
refcoco,owlv2,298306,24697,1,0,72,80,0.9,0.8124348925365683,0.955829059846371,0.1433941673098027
refcoco,owlv2,375133,17922,1,1,79,80,0.9875,0.9323122155360776,0.9996835774723672,0.06737136193628968
refcoco,owlv2,252277,28579,1,1,79,80,0.9875,0.9323122155360776,0.9996835774723672,0.06737136193628968
refcoco,owlv2,215421,31720,1,1,80,80,1.0,0.9549359649323077,1.0,0.0450640350676923
refcoco,owlv2,219169,31407,1,0,50,80,0.625,0.5096452355928875,0.7308068300531951,0.2211615944603076
refcoco,owlv2,55232,45238,1,0,77,80,0.9625,0.8942980149834914,0.9921988127342833,0.09790079775079197
refcoco,owlv2,11292,49090,1,1,67,80,0.8375,0.7381631061748871,0.9105383582774708,0.17237525210258364
refcoco,owlv2,79722,43046,1,1,67,80,0.8375,0.7381631061748871,0.9105383582774708,0.17237525210258364
refcoco,owlv2,258705,28035,0,0,0,0,0.0,0.0,0.0,0.0
refcoco,owlv2,128974,38853,1,0,55,80,0.6875,0.5741109261435505,0.7865253688912328,0.21241444274768229
refcoco,owlv2,242807,29419,1,0,36,80,0.45,0.33848638448981544,0.565326020905847,0.2268396364160316
refcoco,owlv2,76781,43308,1,1,56,80,0.7,0.5872406769186242,0.7974260708533272,0.21018539393470292
refcoco,owlv2,250978,28705,1,1,75,80,0.9375,0.860142924702361,0.9793969276979898,0.11925400299562883
refcoco,owlv2,534772,4136,1,0,42,80,0.525,0.4102278413767706,0.6378664183228473,0.2276385769460767
refcoco,owlv2,62038,44565,1,0,32,80,0.4,0.2920093562553105,0.5156230595045106,0.2236137032492001
refcoco,owlv2,454002,11146,1,1,28,80,0.35,0.24667193647253513,0.4647968854793358,0.21812494900680066
refcoco,owlv2,183923,34338,1,0,37,80,0.4625,0.3502764265383982,0.5775824719951649,0.2273060454567667
refcoco,owlv2,175745,35052,1,0,80,80,1.0,0.9549359649323077,1.0,0.0450640350676923
refcoco,owlv2,177214,34908,1,0,73,80,0.9125,0.8279916615801152,0.9640936410104413,0.1361019794303261
refcoco,owlv2,1958,49846,1,0,63,80,0.7875,0.6817141914403442,0.8710635049024182,0.18934931346207406
refcoco,owlv2,73610,43595,1,1,3,80,0.0375,0.0078011872657166945,0.10570198501650858,0.09790079775079188
refcoco,owlv2,511036,6193,1,1,80,80,1.0,0.9549359649323077,1.0,0.0450640350676923
refcoco,owlv2,264741,27481,1,0,51,80,0.6375,0.5223872787351916,0.7421051046283819,0.21971782589319022
refcoco,owlv2,247126,29015,1,0,80,80,1.0,0.9549359649323077,1.0,0.0450640350676923
refcoco,owlv2,554699,2394,1,0,80,80,1.0,0.9549359649323077,1.0,0.0450640350676923
refcoco,owlv2,194056,33509,1,0,40,80,0.5,0.3860478833649093,0.6139521166350907,0.22790423327018144
refcoco,owlv2,193168,33579,1,0,58,80,0.725,0.6137565791555909,0.8189623614429612,0.2052057822873703
refcoco,owlv2,6051,49530,1,0,80,80,1.0,0.9549359649323077,1.0,0.0450640350676923
refcoco,owlv2,469825,9745,1,0,67,80,0.8375,0.7381631061748871,0.9105383582774708,0.17237525210258364
refcoco,owlv2,130869,38678,1,0,70,80,0.875,0.7821108659305637,0.9383979034415657,0.15628703751100204
refcoco,owlv2,8436,49328,1,1,61,80,0.7625,0.6542230288597322,0.8505462481433591,0.19632321928362695
refcoco,owlv2,194550,33474,1,0,80,80,1.0,0.9549359649323077,1.0,0.0450640350676923
refcoco,owlv2,253049,28511,1,0,69,80,0.8625,0.7672791291752744,0.9293121672961213,0.1620330381208469
refcoco,owlv2,278931,26336,1,1,80,80,1.0,0.9549359649323077,1.0,0.0450640350676923
refcoco,owlv2,20513,48271,1,1,44,80,0.55,0.43467397909415284,0.6615136155101845,0.22683963641603166
refcoco,owlv2,402041,15613,1,0,80,80,1.0,0.9549359649323077,1.0,0.0450640350676923
refcoco,owlv2,66637,44150,1,0,50,80,0.625,0.5096452355928875,0.7308068300531951,0.2211615944603076
refcoco,owlv2,438045,12543,1,1,57,80,0.7125,0.6004548866879794,0.8082395280280349,0.20778464134005548
refcoco,owlv2,409653,14975,1,1,50,80,0.625,0.5096452355928875,0.7308068300531951,0.2211615944603076
refcoco,owlv2,222893,31057,1,0,80,80,1.0,0.9549359649323077,1.0,0.0450640350676923
refcoco,owlv2,449780,11512,1,1,74,80,0.925,0.8438720682639279,0.9719794538231588,0.12810738555923085
refcoco,owlv2,116088,40006,1,0,69,80,0.8625,0.7672791291752744,0.9293121672961213,0.1620330381208469
refcoco,owlv2,377609,17714,1,0,40,80,0.5,0.3860478833649093,0.6139521166350907,0.22790423327018144
refcoco,owlv2,57689,44962,1,1,62,80,0.775,0.6679136799387491,0.8608627895010682,0.19294910956231914
refcoco,owlv2,567199,1305,1,0,37,80,0.4625,0.3502764265383982,0.5775824719951649,0.2273060454567667
refcoco,owlv2,207467,32374,1,0,32,80,0.4,0.2920093562553105,0.5156230595045106,0.2236137032492001
refcoco,owlv2,185229,34215,1,0,52,80,0.65,0.5352031145206643,0.7533280635274648,0.21812494900680057
refcoco,owlv2,24086,47956,1,1,71,80,0.8875,0.7971534080830098,0.9472484868543125,0.15009507877130268
refcoco,owlv2,184578,34279,1,1,17,80,0.2125,0.1289364950975817,0.3182858085596558,0.18934931346207412
refcoco,owlv2,147753,37276,1,1,44,80,0.55,0.43467397909415284,0.6615136155101845,0.22683963641603166
refcoco,owlv2,64092,44384,1,0,80,80,1.0,0.9549359649323077,1.0,0.0450640350676923
refcoco,owlv2,224056,30946,1,1,72,80,0.9,0.8124348925365683,0.955829059846371,0.1433941673098027
refcoco,owlv2,578808,277,1,0,56,80,0.7,0.5872406769186242,0.7974260708533272,0.21018539393470292
refcoco,owlv2,420183,14096,1,1,79,80,0.9875,0.9323122155360776,0.9996835774723672,0.06737136193628968
refcoco,owlv2,272194,26864,1,0,60,80,0.75,0.64063652409315,0.8401203554931442,0.19948383139999426
refcoco,owlv2,238589,29758,1,0,42,80,0.525,0.4102278413767706,0.6378664183228473,0.2276385769460767
refcoco,owlv2,197662,33210,1,0,65,80,0.8125,0.7096721043523089,0.8910863118524706,0.18141420750016168
refcoco,owlv2,143258,37655,1,1,79,80,0.9875,0.9323122155360776,0.9996835774723672,0.06737136193628968
refcoco,owlv2,101552,41166,1,0,74,80,0.925,0.8438720682639279,0.9719794538231588,0.12810738555923085
refcoco,owlv2,38122,46767,1,0,64,80,0.8,0.6956311329945355,0.8811409135950147,0.18550978060047918
refcoco,owlv2,376806,17825,1,0,80,80,1.0,0.9549359649323077,1.0,0.0450640350676923
refcoco,owlv2,30274,47406,1,0,58,80,0.725,0.6137565791555909,0.8189623614429612,0.2052057822873703
refcoco,owlv2,290072,25364,1,1,64,80,0.8,0.6956311329945355,0.8811409135950147,0.18550978060047918
refcoco,owlv2,51001,45608,1,1,80,80,1.0,0.9549359649323077,1.0,0.0450640350676923
refcoco,owlv2,565769,1435,1,0,77,80,0.9625,0.8942980149834914,0.9921988127342833,0.09790079775079197
refcoco,owlv2,158201,36383,1,0,66,80,0.825,0.7238459604789864,0.9008894901605713,0.17704352968158488
refcoco,owlv2,486936,8272,1,0,55,80,0.6875,0.5741109261435505,0.7865253688912328,0.21241444274768229
refcoco,owlv2,253251,28488,1,0,75,80,0.9375,0.860142924702361,0.9793969276979898,0.11925400299562883
refcoco,owlv2,83178,42764,1,1,56,80,0.7,0.5872406769186242,0.7974260708533272,0.21018539393470292
refcoco,owlv2,399922,15789,1,0,58,80,0.725,0.6137565791555909,0.8189623614429612,0.2052057822873703
refcoco,owlv2,270369,26993,1,0,72,80,0.9,0.8124348925365683,0.955829059846371,0.1433941673098027
refcoco,owlv2,417220,14332,1,0,80,80,1.0,0.9549359649323077,1.0,0.0450640350676923
refcoco,owlv2,251368,28680,1,0,65,80,0.8125,0.7096721043523089,0.8910863118524706,0.18141420750016168
refcoco,owlv2,478712,9015,1,1,70,80,0.875,0.7821108659305637,0.9383979034415657,0.15628703751100204
refcoco,owlv2,279415,26295,1,1,49,80,0.6125,0.4969755425018991,0.7194348668752178,0.22245932437331872
refcoco,owlv2,438196,12529,1,0,79,80,0.9875,0.9323122155360776,0.9996835774723672,0.06737136193628968
refcoco,owlv2,199888,33052,1,0,80,80,1.0,0.9549359649323077,1.0,0.0450640350676923
refcoco,owlv2,369019,18441,1,0,43,80,0.5375,0.4224175280048351,0.6497235734616016,0.22730604545676647
refcoco,owlv2,180179,34674,1,1,76,80,0.95,0.876901263556847,0.9862106060235382,0.1093093424666911
refcoco,owlv2,233878,30137,1,1,80,80,1.0,0.9549359649323077,1.0,0.0450640350676923
refcoco,owlv2,383512,17235,1,0,78,80,0.975,0.9125928440694077,0.9969579138351904,0.08436506976578273
refcoco,owlv2,224891,30859,1,1,79,80,0.9875,0.9323122155360776,0.9996835774723672,0.06737136193628968
refcoco,owlv2,540436,3652,1,0,79,80,0.9875,0.9323122155360776,0.9996835774723672,0.06737136193628968
refcoco,owlv2,535561,4053,1,1,13,80,0.1625,0.08946164172252925,0.2618368938251128,0.1723752521025836
refcoco,owlv2,254821,28366,1,1,80,80,1.0,0.9549359649323077,1.0,0.0450640350676923
refcoco,owlv2,3518,49728,1,1,65,80,0.8125,0.7096721043523089,0.8910863118524706,0.18141420750016168
refcoco,owlv2,227825,30602,1,1,60,80,0.75,0.64063652409315,0.8401203554931442,0.19948383139999426
refcoco,owlv2,264781,27477,1,1,36,80,0.45,0.33848638448981544,0.565326020905847,0.2268396364160316
refcoco,owlv2,103419,41004,1,1,80,80,1.0,0.9549359649323077,1.0,0.0450640350676923
refcoco,owlv2,77650,43240,1,0,61,80,0.7625,0.6542230288597322,0.8505462481433591,0.19632321928362695
refcoco,owlv2,574251,682,1,0,80,80,1.0,0.9549359649323077,1.0,0.0450640350676923
refcoco,owlv2,270391,26991,1,0,80,80,1.0,0.9549359649323077,1.0,0.0450640350676923
refcoco,owlv2,10710,49125,1,1,59,80,0.7375,0.6271491697875681,0.8295907488995917,0.20244157911202365
refcoco,owlv2,222209,31110,1,0,80,80,1.0,0.9549359649323077,1.0,0.0450640350676923
refcoco,owlv2,573632,746,1,1,24,80,0.3,0.20257392914667274,0.412759323081376,0.21018539393470323
refcoco,owlv2,242506,29438,1,0,43,80,0.5375,0.4224175280048351,0.6497235734616016,0.22730604545676647
refcoco,owlv2,31112,47333,1,0,57,80,0.7125,0.6004548866879794,0.8082395280280349,0.20778464134005548
refcoco,owlv2,323213,22457,1,1,80,80,1.0,0.9549359649323077,1.0,0.0450640350676923
refcoco,owlv2,264296,27543,1,1,80,80,1.0,0.9549359649323077,1.0,0.0450640350676923
refcoco,owlv2,483611,8607,1,1,80,80,1.0,0.9549359649323077,1.0,0.0450640350676923
refcoco,owlv2,118848,39790,1,0,76,80,0.95,0.876901263556847,0.9862106060235382,0.1093093424666911
refcoco,owlv2,105685,40801,1,0,79,80,0.9875,0.9323122155360776,0.9996835774723672,0.06737136193628968
refcoco,owlv2,364683,18721,1,1,44,80,0.55,0.43467397909415284,0.6615136155101845,0.22683963641603166
refcoco,owlv2,258237,28066,1,0,63,80,0.7875,0.6817141914403442,0.8710635049024182,0.18934931346207406
refcoco,owlv2,493504,7703,1,1,32,80,0.4,0.2920093562553105,0.5156230595045106,0.2236137032492001
refcoco,owlv2,289212,25436,1,1,80,80,1.0,0.9549359649323077,1.0,0.0450640350676923
refcoco,owlv2,113152,40242,1,0,38,80,0.475,0.3621335816771527,0.5897721586232294,0.2276385769460767
refcoco,owlv2,419001,14207,1,0,65,80,0.8125,0.7096721043523089,0.8910863118524706,0.18141420750016168
refcoco,owlv2,92646,41928,1,0,64,80,0.8,0.6956311329945355,0.8811409135950147,0.18550978060047918
refcoco,owlv2,266600,27332,1,0,66,80,0.825,0.7238459604789864,0.9008894901605713,0.17704352968158488
refcoco,owlv2,14686,48786,1,0,69,80,0.8625,0.7672791291752744,0.9293121672961213,0.1620330381208469
refcoco,owlv2,387717,16860,1,0,80,80,1.0,0.9549359649323077,1.0,0.0450640350676923
refcoco,owlv2,485800,8371,1,1,80,80,1.0,0.9549359649323077,1.0,0.0450640350676923
refcoco,owlv2,433240,12925,1,1,80,80,1.0,0.9549359649323077,1.0,0.0450640350676923
refcoco,owlv2,376988,17795,1,0,77,80,0.9625,0.8942980149834914,0.9921988127342833,0.09790079775079197
refcoco,owlv2,289482,25416,1,0,22,80,0.275,0.18103763855703875,0.38624342084440927,0.20520578228737052
refcoco,owlv2,278371,26400,1,0,77,80,0.9625,0.8942980149834914,0.9921988127342833,0.09790079775079197
refcoco,owlv2,105219,40844,1,0,67,80,0.8375,0.7381631061748871,0.9105383582774708,0.17237525210258364
refcoco,owlv2,121706,39549,1,0,80,80,1.0,0.9549359649323077,1.0,0.0450640350676923
refcoco,owlv2,578805,278,1,0,11,80,0.1375,0.07068783270387868,0.2327208708247256,0.1620330381208469
refcoco,owlv2,325891,22186,1,0,75,80,0.9375,0.860142924702361,0.9793969276979898,0.11925400299562883
refcoco,owlv2,226961,30687,1,0,47,80,0.5875,0.47184834042520446,0.6964754070624058,0.2246270666372014
refcoco,owlv2,447457,11688,1,0,80,80,1.0,0.9549359649323077,1.0,0.0450640350676923
refcoco,owlv2,539167,3745,1,0,73,80,0.9125,0.8279916615801152,0.9640936410104413,0.1361019794303261
refcoco,owlv2,68812,43992,1,0,79,80,0.9875,0.9323122155360776,0.9996835774723672,0.06737136193628968
refcoco,owlv2,281790,26091,1,1,38,80,0.475,0.3621335816771527,0.5897721586232294,0.2276385769460767
refcoco,owlv2,168482,35610,1,0,68,80,0.85,0.7526358884071023,0.9200184386902862,0.16738255028318394
refcoco,owlv2,78836,43128,1,1,55,80,0.6875,0.5741109261435505,0.7865253688912328,0.21241444274768229
refcoco,owlv2,273197,26806,1,1,56,80,0.7,0.5872406769186242,0.7974260708533272,0.21018539393470292
refcoco,owlv2,269890,27039,1,1,74,80,0.925,0.8438720682639279,0.9719794538231588,0.12810738555923085
refcoco,owlv2,431400,13069,1,1,44,80,0.55,0.43467397909415284,0.6615136155101845,0.22683963641603166
refcoco,owlv2,215407,31723,1,0,31,80,0.3875,0.28056513312478215,0.5030244574981009,0.22245932437331872
refcoco,owlv2,388421,16784,0,0,0,0,0.0,0.0,0.0,0.0
refcoco,owlv2,580785,102,1,0,68,80,0.85,0.7526358884071023,0.9200184386902862,0.16738255028318394
refcoco,owlv2,103510,40983,1,0,62,80,0.775,0.6679136799387491,0.8608627895010682,0.19294910956231914
refcoco,owlv2,488160,8156,1,0,40,80,0.5,0.3860478833649093,0.6139521166350907,0.22790423327018144
refcoco,owlv2,425721,13596,1,0,70,80,0.875,0.7821108659305637,0.9383979034415657,0.15628703751100204
refcoco,owlv2,432683,12971,1,0,41,80,0.5125,0.39810466870318556,0.625942518555561,0.22783784985237548
refcoco,owlv2,455079,11048,1,1,80,80,1.0,0.9549359649323077,1.0,0.0450640350676923
refcoco,owlv2,297171,24828,1,0,50,80,0.625,0.5096452355928875,0.7308068300531951,0.2211615944603076
refcoco,owlv2,561593,1860,1,1,32,80,0.4,0.2920093562553105,0.5156230595045106,0.2236137032492001
refcoco,owlv2,96475,41571,1,0,64,80,0.8,0.6956311329945355,0.8811409135950147,0.18550978060047918
refcoco,owlv2,508504,6383,1,0,38,80,0.475,0.3621335816771527,0.5897721586232294,0.2276385769460767
refcoco,owlv2,55237,45232,1,0,0,80,0.0,0.0,0.045064035067692285,0.045064035067692285
refcoco,owlv2,324705,22285,1,1,80,80,1.0,0.9549359649323077,1.0,0.0450640350676923
refcoco,owlv2,136230,38269,1,0,63,80,0.7875,0.6817141914403442,0.8710635049024182,0.18934931346207406
refcoco,owlv2,402448,15572,1,0,41,80,0.5125,0.39810466870318556,0.625942518555561,0.22783784985237548
refcoco,owlv2,137724,38109,1,0,24,80,0.3,0.20257392914667274,0.412759323081376,0.21018539393470323
refcoco,owlv2,254176,28419,1,0,71,80,0.8875,0.7971534080830098,0.9472484868543125,0.15009507877130268
refcoco,owlv2,432170,13012,1,0,70,80,0.875,0.7821108659305637,0.9383979034415657,0.15628703751100204
refcoco,owlv2,224168,30928,1,0,58,80,0.725,0.6137565791555909,0.8189623614429612,0.2052057822873703
refcoco,owlv2,22890,48065,1,0,43,80,0.5375,0.4224175280048351,0.6497235734616016,0.22730604545676647
refcoco,owlv2,243839,29331,1,0,63,80,0.7875,0.6817141914403442,0.8710635049024182,0.18934931346207406
refcoco,owlv2,430731,13112,1,0,73,80,0.9125,0.8279916615801152,0.9640936410104413,0.1361019794303261
refcoco,owlv2,507642,6469,1,1,66,80,0.825,0.7238459604789864,0.9008894901605713,0.17704352968158488
refcoco,owlv2,127388,39005,1,1,80,80,1.0,0.9549359649323077,1.0,0.0450640350676923
refcoco,owlv2,54805,45259,1,0,80,80,1.0,0.9549359649323077,1.0,0.0450640350676923
refcoco,owlv2,325806,22198,1,1,74,80,0.925,0.8438720682639279,0.9719794538231588,0.12810738555923085
refcoco,owlv2,457976,10768,1,1,42,80,0.525,0.4102278413767706,0.6378664183228473,0.2276385769460767
refcoco,owlv2,250588,28730,1,0,61,80,0.7625,0.6542230288597322,0.8505462481433591,0.19632321928362695
refcoco,owlv2,495902,7495,1,0,80,80,1.0,0.9549359649323077,1.0,0.0450640350676923
refcoco,owlv2,411446,14787,1,1,80,80,1.0,0.9549359649323077,1.0,0.0450640350676923
refcoco,owlv2,231320,30341,1,0,34,80,0.425,0.31510976545234215,0.5406111885690619,0.22550142311671972
refcoco,owlv2,347167,20163,1,0,28,80,0.35,0.24667193647253513,0.4647968854793358,0.21812494900680066
refcoco,owlv2,238070,29804,1,0,39,80,0.4875,0.37405748144443896,0.6018953312968145,0.22783784985237554
refcoco,owlv2,110761,40423,1,0,76,80,0.95,0.876901263556847,0.9862106060235382,0.1093093424666911
refcoco,owlv2,5424,49588,1,1,63,80,0.7875,0.6817141914403442,0.8710635049024182,0.18934931346207406
refcoco,owlv2,218863,31431,1,0,35,80,0.4375,0.3267639534337789,0.5530024286118197,0.2262384751780408
refcoco,owlv2,80590,42969,1,1,80,80,1.0,0.9549359649323077,1.0,0.0450640350676923
refcoco,owlv2,80471,42996,1,0,72,80,0.9,0.8124348925365683,0.955829059846371,0.1433941673098027
refcoco,owlv2,30203,47409,1,1,32,80,0.4,0.2920093562553105,0.5156230595045106,0.2236137032492001
refcoco,owlv2,86459,42500,1,0,77,80,0.9625,0.8942980149834914,0.9921988127342833,0.09790079775079197
refcoco,owlv2,433336,12907,1,0,59,80,0.7375,0.6271491697875681,0.8295907488995917,0.20244157911202365
refcoco,owlv2,403197,15505,1,1,79,80,0.9875,0.9323122155360776,0.9996835774723672,0.06737136193628968
refcoco,owlv2,242539,29433,1,0,50,80,0.625,0.5096452355928875,0.7308068300531951,0.2211615944603076
refcoco,owlv2,392180,16471,1,1,65,80,0.8125,0.7096721043523089,0.8910863118524706,0.18141420750016168
refcoco,owlv2,510680,6222,1,0,32,80,0.4,0.2920093562553105,0.5156230595045106,0.2236137032492001
refcoco,owlv2,355779,19410,1,0,47,80,0.5875,0.47184834042520446,0.6964754070624058,0.2246270666372014
refcoco,owlv2,2823,49786,1,1,80,80,1.0,0.9549359649323077,1.0,0.0450640350676923
refcoco,owlv2,162283,36086,1,0,70,80,0.875,0.7821108659305637,0.9383979034415657,0.15628703751100204
refcoco,owlv2,100209,41256,1,1,29,80,0.3625,0.2578948953716181,0.47761272126480847,0.2197178258931904
refcoco,owlv2,498770,7244,1,1,80,80,1.0,0.9549359649323077,1.0,0.0450640350676923
refcoco,owlv2,232371,30262,1,0,69,80,0.8625,0.7672791291752744,0.9293121672961213,0.1620330381208469
refcoco,owlv2,203034,32811,1,0,61,80,0.7625,0.6542230288597322,0.8505462481433591,0.19632321928362695
refcoco,owlv2,226840,30694,1,0,79,80,0.9875,0.9323122155360776,0.9996835774723672,0.06737136193628968
refcoco,owlv2,24939,47859,1,0,20,80,0.25,0.1598796445068557,0.35936347590685,0.19948383139999432
refcoco,owlv2,532595,4313,1,0,51,80,0.6375,0.5223872787351916,0.7421051046283819,0.21971782589319022
refcoco,owlv2,90444,42135,1,1,80,80,1.0,0.9549359649323077,1.0,0.0450640350676923
refcoco,owlv2,321318,22624,1,0,64,80,0.8,0.6956311329945355,0.8811409135950147,0.18550978060047918
refcoco,owlv2,320137,22746,1,1,37,80,0.4625,0.3502764265383982,0.5775824719951649,0.2273060454567667
refcoco,owlv2,420831,14049,1,0,75,80,0.9375,0.860142924702361,0.9793969276979898,0.11925400299562883
refcoco,owlv2,78578,43154,1,1,24,80,0.3,0.20257392914667274,0.412759323081376,0.21018539393470323
refcoco,owlv2,298983,24617,1,0,15,80,0.1875,0.10891368814752944,0.2903278956476912,0.18141420750016174
refcoco,owlv2,1298,49892,1,0,24,80,0.3,0.20257392914667274,0.412759323081376,0.21018539393470323
refcoco,owlv2,154911,36685,1,0,36,80,0.45,0.33848638448981544,0.565326020905847,0.2268396364160316
refcoco,owlv2,416450,14412,1,1,69,80,0.8625,0.7672791291752744,0.9293121672961213,0.1620330381208469
refcoco,owlv2,35817,46961,1,0,41,80,0.5125,0.39810466870318556,0.625942518555561,0.22783784985237548
refcoco,owlv2,439303,12431,1,0,40,80,0.5,0.3860478833649093,0.6139521166350907,0.22790423327018144
refcoco,owlv2,38890,46712,1,0,77,80,0.9625,0.8942980149834914,0.9921988127342833,0.09790079775079197
refcoco,owlv2,576581,492,1,0,28,80,0.35,0.24667193647253513,0.4647968854793358,0.21812494900680066
refcoco,owlv2,475037,9317,1,1,48,80,0.6,0.4843769404954894,0.7079906437446896,0.22361370324920016
refcoco,owlv2,56677,45043,1,1,63,80,0.7875,0.6817141914403442,0.8710635049024182,0.18934931346207406
refcoco,owlv2,352892,19645,1,1,77,80,0.9625,0.8942980149834914,0.9921988127342833,0.09790079775079197
refcoco,owlv2,358789,19159,1,1,79,80,0.9875,0.9323122155360776,0.9996835774723672,0.06737136193628968
refcoco,owlv2,523907,5033,1,1,66,80,0.825,0.7238459604789864,0.9008894901605713,0.17704352968158488
refcoco,owlv2,274770,26706,1,1,12,80,0.15,0.07998156130971382,0.24736411159289767,0.16738255028318386
refcoco,owlv2,284964,25842,1,0,56,80,0.7,0.5872406769186242,0.7974260708533272,0.21018539393470292
refcoco,owlv2,324677,22291,1,1,26,80,0.325,0.22445958517745324,0.4389370456044483,0.21447746042699506
refcoco,owlv2,91604,42041,1,0,27,80,0.3375,0.23552613798365082,0.4519056143741682,0.21637947639051738
refcoco,owlv2,87248,42422,1,1,41,80,0.5125,0.39810466870318556,0.625942518555561,0.22783784985237548
refcoco,owlv2,267871,27216,1,0,76,80,0.95,0.876901263556847,0.9862106060235382,0.1093093424666911
refcoco,owlv2,428109,13356,1,0,65,80,0.8125,0.7096721043523089,0.8910863118524706,0.18141420750016168
refcoco,owlv2,568272,1233,1,0,78,80,0.975,0.9125928440694077,0.9969579138351904,0.08436506976578273
refcoco,owlv2,326092,22161,1,0,76,80,0.95,0.876901263556847,0.9862106060235382,0.1093093424666911
refcoco,owlv2,198704,33127,1,1,60,80,0.75,0.64063652409315,0.8401203554931442,0.19948383139999426
refcoco,owlv2,44437,46237,1,1,80,80,1.0,0.9549359649323077,1.0,0.0450640350676923
refcoco,owlv2,344259,20397,1,0,68,80,0.85,0.7526358884071023,0.9200184386902862,0.16738255028318394
refcoco,owlv2,184761,34263,1,0,80,80,1.0,0.9549359649323077,1.0,0.0450640350676923
refcoco,owlv2,121938,39529,1,0,73,80,0.9125,0.8279916615801152,0.9640936410104413,0.1361019794303261
refcoco,owlv2,278055,26436,1,0,72,80,0.9,0.8124348925365683,0.955829059846371,0.1433941673098027
refcoco,owlv2,78322,43190,1,1,41,80,0.5125,0.39810466870318556,0.625942518555561,0.22783784985237548
refcoco,owlv2,218984,31421,1,0,80,80,1.0,0.9549359649323077,1.0,0.0450640350676923
refcoco,owlv2,276666,26566,1,0,31,80,0.3875,0.28056513312478215,0.5030244574981009,0.22245932437331872
refcoco,owlv2,35045,47025,1,0,31,80,0.3875,0.28056513312478215,0.5030244574981009,0.22245932437331872
refcoco,owlv2,339453,20824,1,1,79,80,0.9875,0.9323122155360776,0.9996835774723672,0.06737136193628968
refcoco,owlv2,13318,48934,1,0,67,80,0.8375,0.7381631061748871,0.9105383582774708,0.17237525210258364
refcoco,owlv2,50994,45612,0,0,0,0,0.0,0.0,0.0,0.0
refcoco,owlv2,542452,3480,1,0,68,80,0.85,0.7526358884071023,0.9200184386902862,0.16738255028318394
refcoco,owlv2,274667,26715,1,0,73,80,0.9125,0.8279916615801152,0.9640936410104413,0.1361019794303261
refcoco,owlv2,488127,8164,1,0,55,80,0.6875,0.5741109261435505,0.7865253688912328,0.21241444274768229
refcoco,owlv2,53601,45386,1,0,62,80,0.775,0.6679136799387491,0.8608627895010682,0.19294910956231914
refcoco,owlv2,540464,3642,1,0,80,80,1.0,0.9549359649323077,1.0,0.0450640350676923
refcoco,owlv2,406988,15206,0,0,0,0,0.0,0.0,0.0,0.0
refcoco,owlv2,376454,17844,1,1,80,80,1.0,0.9549359649323077,1.0,0.0450640350676923
refcoco,owlv2,128136,38935,1,0,75,80,0.9375,0.860142924702361,0.9793969276979898,0.11925400299562883
refcoco,owlv2,191068,33728,1,0,37,80,0.4625,0.3502764265383982,0.5775824719951649,0.2273060454567667
refcoco,owlv2,498295,7296,1,1,77,80,0.9625,0.8942980149834914,0.9921988127342833,0.09790079775079197
refcoco,owlv2,84712,42623,1,0,31,80,0.3875,0.28056513312478215,0.5030244574981009,0.22245932437331872
refcoco,owlv2,354791,19507,1,0,31,80,0.3875,0.28056513312478215,0.5030244574981009,0.22245932437331872
refcoco,owlv2,530750,4474,1,1,70,80,0.875,0.7821108659305637,0.9383979034415657,0.15628703751100204
refcoco,owlv2,259443,27982,1,1,57,80,0.7125,0.6004548866879794,0.8082395280280349,0.20778464134005548
refcoco,owlv2,296614,24900,1,0,70,80,0.875,0.7821108659305637,0.9383979034415657,0.15628703751100204
refcoco,owlv2,53672,45374,1,0,79,80,0.9875,0.9323122155360776,0.9996835774723672,0.06737136193628968
refcoco,owlv2,544831,3281,1,1,80,80,1.0,0.9549359649323077,1.0,0.0450640350676923
refcoco,owlv2,80634,42957,1,0,80,80,1.0,0.9549359649323077,1.0,0.0450640350676923
refcoco,owlv2,335697,21173,1,0,24,80,0.3,0.20257392914667274,0.412759323081376,0.21018539393470323
refcoco,owlv2,181054,34594,1,1,71,80,0.8875,0.7971534080830098,0.9472484868543125,0.15009507877130268
refcoco,owlv2,318333,22911,1,0,62,80,0.775,0.6679136799387491,0.8608627895010682,0.19294910956231914
refcoco,owlv2,47774,45878,1,0,65,80,0.8125,0.7096721043523089,0.8910863118524706,0.18141420750016168
refcoco,owlv2,214563,31792,1,1,77,80,0.9625,0.8942980149834914,0.9921988127342833,0.09790079775079197
refcoco,owlv2,381961,17371,1,0,36,80,0.45,0.33848638448981544,0.565326020905847,0.2268396364160316
refcoco,owlv2,340345,20703,1,0,80,80,1.0,0.9549359649323077,1.0,0.0450640350676923
refcoco,owlv2,129722,38788,1,1,40,80,0.5,0.3860478833649093,0.6139521166350907,0.22790423327018144
refcoco,owlv2,252567,28556,1,0,69,80,0.8625,0.7672791291752744,0.9293121672961213,0.1620330381208469
refcoco,owlv2,119974,39681,1,0,75,80,0.9375,0.860142924702361,0.9793969276979898,0.11925400299562883
refcoco,owlv2,75843,43376,1,1,79,80,0.9875,0.9323122155360776,0.9996835774723672,0.06737136193628968
refcoco,owlv2,390963,16600,1,1,80,80,1.0,0.9549359649323077,1.0,0.0450640350676923
refcoco,owlv2,169653,35514,1,1,80,80,1.0,0.9549359649323077,1.0,0.0450640350676923
refcoco,owlv2,372588,18151,1,0,72,80,0.9,0.8124348925365683,0.955829059846371,0.1433941673098027
refcoco,owlv2,112040,40309,1,0,59,80,0.7375,0.6271491697875681,0.8295907488995917,0.20244157911202365
refcoco,owlv2,425063,13648,1,0,55,80,0.6875,0.5741109261435505,0.7865253688912328,0.21241444274768229
refcoco,owlv2,443084,12142,1,0,27,80,0.3375,0.23552613798365082,0.4519056143741682,0.21637947639051738
refcoco,owlv2,504878,6710,1,0,29,80,0.3625,0.2578948953716181,0.47761272126480847,0.2197178258931904
refcoco,owlv2,16814,48551,1,1,67,80,0.8375,0.7381631061748871,0.9105383582774708,0.17237525210258364
refcoco,owlv2,372112,18196,1,0,56,80,0.7,0.5872406769186242,0.7974260708533272,0.21018539393470292
refcoco,owlv2,556399,2283,1,0,60,80,0.75,0.64063652409315,0.8401203554931442,0.19948383139999426
refcoco,owlv2,114249,40166,1,0,71,80,0.8875,0.7971534080830098,0.9472484868543125,0.15009507877130268
refcoco,owlv2,38033,46779,1,1,52,80,0.65,0.5352031145206643,0.7533280635274648,0.21812494900680057
refcoco,owlv2,29456,47472,1,0,55,80,0.6875,0.5741109261435505,0.7865253688912328,0.21241444274768229
refcoco,owlv2,222086,31118,1,0,70,80,0.875,0.7821108659305637,0.9383979034415657,0.15628703751100204
refcoco,owlv2,52928,45438,1,0,77,80,0.9625,0.8942980149834914,0.9921988127342833,0.09790079775079197
refcoco,owlv2,269532,27072,1,1,38,80,0.475,0.3621335816771527,0.5897721586232294,0.2276385769460767
refcoco,owlv2,238007,29805,1,0,79,80,0.9875,0.9323122155360776,0.9996835774723672,0.06737136193628968
refcoco,owlv2,515401,5817,1,0,79,80,0.9875,0.9323122155360776,0.9996835774723672,0.06737136193628968
refcoco,owlv2,80826,42925,1,1,80,80,1.0,0.9549359649323077,1.0,0.0450640350676923
refcoco,owlv2,249429,28820,1,0,74,80,0.925,0.8438720682639279,0.9719794538231588,0.12810738555923085
refcoco,owlv2,544109,3343,1,0,34,80,0.425,0.31510976545234215,0.5406111885690619,0.22550142311671972
refcoco,owlv2,348382,20051,1,0,68,80,0.85,0.7526358884071023,0.9200184386902862,0.16738255028318394
refcoco,owlv2,28451,47579,1,1,24,80,0.3,0.20257392914667274,0.412759323081376,0.21018539393470323
refcoco,owlv2,209993,32154,1,0,55,80,0.6875,0.5741109261435505,0.7865253688912328,0.21241444274768229
refcoco,owlv2,175162,35094,1,1,72,80,0.9,0.8124348925365683,0.955829059846371,0.1433941673098027
refcoco,owlv2,558372,2134,1,0,68,80,0.85,0.7526358884071023,0.9200184386902862,0.16738255028318394
refcoco,owlv2,387849,16848,1,1,80,80,1.0,0.9549359649323077,1.0,0.0450640350676923
refcoco,owlv2,396536,16060,1,1,63,80,0.7875,0.6817141914403442,0.8710635049024182,0.18934931346207406
refcoco,owlv2,86754,42465,1,0,80,80,1.0,0.9549359649323077,1.0,0.0450640350676923
refcoco,owlv2,531752,4402,1,1,52,80,0.65,0.5352031145206643,0.7533280635274648,0.21812494900680057
refcoco,owlv2,18780,48386,1,0,78,80,0.975,0.9125928440694077,0.9969579138351904,0.08436506976578273
refcoco,owlv2,43998,46267,1,1,73,80,0.9125,0.8279916615801152,0.9640936410104413,0.1361019794303261
refcoco,owlv2,325494,22216,1,1,58,80,0.725,0.6137565791555909,0.8189623614429612,0.2052057822873703
refcoco,owlv2,351397,19784,1,0,78,80,0.975,0.9125928440694077,0.9969579138351904,0.08436506976578273
refcoco,owlv2,139324,37987,1,1,39,80,0.4875,0.37405748144443896,0.6018953312968145,0.22783784985237554
refcoco,owlv2,260129,27912,1,0,33,80,0.4125,0.30352459293759415,0.5281516595747955,0.22462706663720133
refcoco,owlv2,106383,40755,1,1,76,80,0.95,0.876901263556847,0.9862106060235382,0.1093093424666911
refcoco,owlv2,68287,44038,1,1,64,80,0.8,0.6956311329945355,0.8811409135950147,0.18550978060047918
refcoco,owlv2,111992,40317,1,0,13,80,0.1625,0.08946164172252925,0.2618368938251128,0.1723752521025836
refcoco,owlv2,92165,41976,1,1,80,80,1.0,0.9549359649323077,1.0,0.0450640350676923
refcoco,owlv2,67748,44074,1,0,53,80,0.6625,0.5480943856258318,0.7644738620163491,0.21637947639051736
refcoco,owlv2,208612,32283,1,1,68,80,0.85,0.7526358884071023,0.9200184386902862,0.16738255028318394
refcoco,owlv2,502504,6934,1,1,75,80,0.9375,0.860142924702361,0.9793969276979898,0.11925400299562883
refcoco,owlv2,508140,6421,1,0,80,80,1.0,0.9549359649323077,1.0,0.0450640350676923
refcoco,owlv2,237193,29904,1,1,61,80,0.7625,0.6542230288597322,0.8505462481433591,0.19632321928362695
refcoco,owlv2,323149,22467,1,1,80,80,1.0,0.9549359649323077,1.0,0.0450640350676923
refcoco,owlv2,244171,29305,1,0,74,80,0.925,0.8438720682639279,0.9719794538231588,0.12810738555923085
refcoco,owlv2,62348,44529,1,0,34,80,0.425,0.31510976545234215,0.5406111885690619,0.22550142311671972
refcoco,owlv2,126381,39083,1,1,62,80,0.775,0.6679136799387491,0.8608627895010682,0.19294910956231914
refcoco,owlv2,314051,23278,1,1,58,80,0.725,0.6137565791555909,0.8189623614429612,0.2052057822873703
refcoco,owlv2,439374,12430,1,0,69,80,0.8625,0.7672791291752744,0.9293121672961213,0.1620330381208469
refcoco,owlv2,484208,8540,1,0,77,80,0.9625,0.8942980149834914,0.9921988127342833,0.09790079775079197
refcoco,owlv2,424821,13677,1,1,72,80,0.9,0.8124348925365683,0.955829059846371,0.1433941673098027
refcoco,owlv2,149566,37113,1,0,24,80,0.3,0.20257392914667274,0.412759323081376,0.21018539393470323
refcoco,owlv2,288559,25507,1,1,76,80,0.95,0.876901263556847,0.9862106060235382,0.1093093424666911
refcoco,owlv2,430244,13171,1,1,69,80,0.8625,0.7672791291752744,0.9293121672961213,0.1620330381208469
refcoco,owlv2,314462,23231,1,0,36,80,0.45,0.33848638448981544,0.565326020905847,0.2268396364160316
refcoco,owlv2,545832,3199,1,1,80,80,1.0,0.9549359649323077,1.0,0.0450640350676923
refcoco,owlv2,497311,7352,1,0,44,80,0.55,0.43467397909415284,0.6615136155101845,0.22683963641603166
refcoco,owlv2,260932,27825,1,1,80,80,1.0,0.9549359649323077,1.0,0.0450640350676923
refcoco,owlv2,120155,39663,1,0,80,80,1.0,0.9549359649323077,1.0,0.0450640350676923
refcoco,owlv2,385505,17085,1,1,63,80,0.7875,0.6817141914403442,0.8710635049024182,0.18934931346207406
refcoco,owlv2,52086,45521,1,1,77,80,0.9625,0.8942980149834914,0.9921988127342833,0.09790079775079197
refcoco,owlv2,300624,24484,1,0,32,80,0.4,0.2920093562553105,0.5156230595045106,0.2236137032492001
refcoco,owlv2,327970,21949,1,1,77,80,0.9625,0.8942980149834914,0.9921988127342833,0.09790079775079197
refcoco,owlv2,331900,21561,1,1,80,80,1.0,0.9549359649323077,1.0,0.0450640350676923
refcoco,owlv2,329058,21846,1,0,37,80,0.4625,0.3502764265383982,0.5775824719951649,0.2273060454567667
refcoco,owlv2,494032,7672,1,1,63,80,0.7875,0.6817141914403442,0.8710635049024182,0.18934931346207406
refcoco,owlv2,382069,17361,1,0,73,80,0.9125,0.8279916615801152,0.9640936410104413,0.1361019794303261
refcoco,owlv2,67615,44086,1,1,52,80,0.65,0.5352031145206643,0.7533280635274648,0.21812494900680057
refcoco,owlv2,240331,29594,1,1,78,80,0.975,0.9125928440694077,0.9969579138351904,0.08436506976578273
refcoco,owlv2,437547,12592,1,0,67,80,0.8375,0.7381631061748871,0.9105383582774708,0.17237525210258364
refcoco,owlv2,560525,1969,1,0,75,80,0.9375,0.860142924702361,0.9793969276979898,0.11925400299562883
refcoco,owlv2,131913,38583,1,1,74,80,0.925,0.8438720682639279,0.9719794538231588,0.12810738555923085
refcoco,owlv2,17451,48517,1,0,73,80,0.9125,0.8279916615801152,0.9640936410104413,0.1361019794303261
refcoco,owlv2,192319,33640,1,0,77,80,0.9625,0.8942980149834914,0.9921988127342833,0.09790079775079197
refcoco,owlv2,409825,14952,1,1,71,80,0.8875,0.7971534080830098,0.9472484868543125,0.15009507877130268
refcoco,owlv2,279762,26254,1,0,45,80,0.5625,0.44699757138818025,0.673236046566221,0.2262384751780408
refcoco,owlv2,521064,5282,1,1,39,80,0.4875,0.37405748144443896,0.6018953312968145,0.22783784985237554
refcoco,owlv2,322517,22516,1,1,36,80,0.45,0.33848638448981544,0.565326020905847,0.2268396364160316
refcoco,owlv2,203069,32802,1,0,80,80,1.0,0.9549359649323077,1.0,0.0450640350676923
refcoco,owlv2,563679,1643,0,0,0,0,0.0,0.0,0.0,0.0
refcoco,owlv2,316238,23095,1,0,40,80,0.5,0.3860478833649093,0.6139521166350907,0.22790423327018144
refcoco,owlv2,190513,33789,1,0,76,80,0.95,0.876901263556847,0.9862106060235382,0.1093093424666911
refcoco,owlv2,264502,27509,1,0,56,80,0.7,0.5872406769186242,0.7974260708533272,0.21018539393470292
refcoco,owlv2,579667,199,1,0,70,80,0.875,0.7821108659305637,0.9383979034415657,0.15628703751100204
refcoco,owlv2,295864,24963,1,1,79,80,0.9875,0.9323122155360776,0.9996835774723672,0.06737136193628968
refcoco,owlv2,217959,31496,1,1,79,80,0.9875,0.9323122155360776,0.9996835774723672,0.06737136193628968
refcoco,owlv2,18211,48451,1,1,73,80,0.9125,0.8279916615801152,0.9640936410104413,0.1361019794303261
refcoco,owlv2,292315,25213,1,1,44,80,0.55,0.43467397909415284,0.6615136155101845,0.22683963641603166
refcoco,owlv2,140850,37830,1,1,51,80,0.6375,0.5223872787351916,0.7421051046283819,0.21971782589319022
refcoco,owlv2,257804,28107,1,0,75,80,0.9375,0.860142924702361,0.9793969276979898,0.11925400299562883
refcoco,owlv2,404828,15373,1,0,27,80,0.3375,0.23552613798365082,0.4519056143741682,0.21637947639051738
refcoco,owlv2,343201,20493,1,1,55,80,0.6875,0.5741109261435505,0.7865253688912328,0.21241444274768229
refcoco,owlv2,314065,23275,1,1,55,80,0.6875,0.5741109261435505,0.7865253688912328,0.21241444274768229
refcoco,owlv2,215569,31702,0,0,0,0,0.0,0.0,0.0,0.0
refcoco,owlv2,150704,37024,0,0,0,0,0.0,0.0,0.0,0.0
refcoco,owlv2,150197,37054,1,0,69,80,0.8625,0.7672791291752744,0.9293121672961213,0.1620330381208469
refcoco,owlv2,25628,47818,1,1,78,80,0.975,0.9125928440694077,0.9969579138351904,0.08436506976578273
refcoco,owlv2,287249,25611,1,0,74,80,0.925,0.8438720682639279,0.9719794538231588,0.12810738555923085
refcoco,owlv2,309519,23766,1,1,38,80,0.475,0.3621335816771527,0.5897721586232294,0.2276385769460767
refcoco,owlv2,521366,5248,1,1,45,80,0.5625,0.44699757138818025,0.673236046566221,0.2262384751780408
refcoco,owlv2,545214,3254,1,0,48,80,0.6,0.4843769404954894,0.7079906437446896,0.22361370324920016
refcoco,owlv2,167169,35720,1,1,45,80,0.5625,0.44699757138818025,0.673236046566221,0.2262384751780408
refcoco,owlv2,573125,769,1,0,76,80,0.95,0.876901263556847,0.9862106060235382,0.1093093424666911
refcoco,owlv2,6747,49473,1,1,32,80,0.4,0.2920093562553105,0.5156230595045106,0.2236137032492001
refcoco,owlv2,344319,20394,1,1,80,80,1.0,0.9549359649323077,1.0,0.0450640350676923
refcoco,owlv2,533293,4250,1,0,75,80,0.9375,0.860142924702361,0.9793969276979898,0.11925400299562883
refcoco,owlv2,349212,19974,0,0,0,0,0.0,0.0,0.0,0.0
refcoco,owlv2,202657,32846,1,1,76,80,0.95,0.876901263556847,0.9862106060235382,0.1093093424666911
refcoco,owlv2,381889,17379,1,1,70,80,0.875,0.7821108659305637,0.9383979034415657,0.15628703751100204
refcoco,owlv2,253522,28474,1,0,79,80,0.9875,0.9323122155360776,0.9996835774723672,0.06737136193628968
refcoco,yoloworld,346712,20202,1,0,47,80,0.5875,0.47184834042520446,0.6964754070624058,0.2246270666372014
refcoco,yoloworld,125350,39201,0,0,0,0,0.0,0.0,0.0,0.0
refcoco,yoloworld,23967,47975,1,1,57,80,0.7125,0.6004548866879794,0.8082395280280349,0.20778464134005548
refcoco,yoloworld,65842,44225,1,0,34,80,0.425,0.31510976545234215,0.5406111885690619,0.22550142311671972
refcoco,yoloworld,448531,11612,0,0,0,0,0.0,0.0,0.0,0.0
refcoco,yoloworld,53643,45379,1,1,28,80,0.35,0.24667193647253513,0.4647968854793358,0.21812494900680066
refcoco,yoloworld,119534,39732,0,0,0,0,0.0,0.0,0.0,0.0
refcoco,yoloworld,279882,26241,1,0,71,80,0.8875,0.7971534080830098,0.9472484868543125,0.15009507877130268
refcoco,yoloworld,84313,42654,1,0,69,80,0.8625,0.7672791291752744,0.9293121672961213,0.1620330381208469
refcoco,yoloworld,243153,29382,1,0,69,80,0.8625,0.7672791291752744,0.9293121672961213,0.1620330381208469
refcoco,yoloworld,83353,42756,0,0,0,0,0.0,0.0,0.0,0.0
refcoco,yoloworld,457555,10797,1,0,69,80,0.8625,0.7672791291752744,0.9293121672961213,0.1620330381208469
refcoco,yoloworld,467145,9958,1,1,49,80,0.6125,0.4969755425018991,0.7194348668752178,0.22245932437331872
refcoco,yoloworld,389498,16696,1,1,80,80,1.0,0.9549359649323077,1.0,0.0450640350676923
refcoco,yoloworld,339454,20822,1,0,42,80,0.525,0.4102278413767706,0.6378664183228473,0.2276385769460767
refcoco,yoloworld,218447,31468,0,0,0,0,0.0,0.0,0.0,0.0
refcoco,yoloworld,55618,45176,1,1,27,80,0.3375,0.23552613798365082,0.4519056143741682,0.21637947639051738
refcoco,yoloworld,226348,30735,0,0,0,0,0.0,0.0,0.0,0.0
refcoco,yoloworld,226594,30712,1,1,30,80,0.375,0.2691931699468049,0.4903547644071125,0.2211615944603076
refcoco,yoloworld,15750,48658,1,0,46,80,0.575,0.45938881143093807,0.6848902345476577,0.22550142311671967
refcoco,yoloworld,34810,47052,1,1,79,80,0.9875,0.9323122155360776,0.9996835774723672,0.06737136193628968
refcoco,yoloworld,550760,2766,1,0,72,80,0.9,0.8124348925365683,0.955829059846371,0.1433941673098027
refcoco,yoloworld,52109,45518,1,0,30,80,0.375,0.2691931699468049,0.4903547644071125,0.2211615944603076
refcoco,yoloworld,369805,18360,0,0,0,0,0.0,0.0,0.0,0.0
refcoco,yoloworld,446670,11759,1,0,73,80,0.9125,0.8279916615801152,0.9640936410104413,0.1361019794303261
refcoco,yoloworld,156258,36577,0,0,0,0,0.0,0.0,0.0,0.0
refcoco,yoloworld,291493,25281,0,0,0,0,0.0,0.0,0.0,0.0
refcoco,yoloworld,520831,5305,1,1,49,80,0.6125,0.4969755425018991,0.7194348668752178,0.22245932437331872
refcoco,yoloworld,83093,42773,1,0,80,80,1.0,0.9549359649323077,1.0,0.0450640350676923
refcoco,yoloworld,458633,10693,1,0,79,80,0.9875,0.9323122155360776,0.9996835774723672,0.06737136193628968
refcoco,yoloworld,77417,43254,1,0,43,80,0.5375,0.4224175280048351,0.6497235734616016,0.22730604545676647
refcoco,yoloworld,184835,34252,1,0,42,80,0.525,0.4102278413767706,0.6378664183228473,0.2276385769460767
refcoco,yoloworld,35995,46945,1,1,77,80,0.9625,0.8942980149834914,0.9921988127342833,0.09790079775079197
refcoco,yoloworld,103430,40996,0,0,0,0,0.0,0.0,0.0,0.0
refcoco,yoloworld,340971,20658,1,0,39,80,0.4875,0.37405748144443896,0.6018953312968145,0.22783784985237554
refcoco,yoloworld,97939,41436,0,0,0,0,0.0,0.0,0.0,0.0
refcoco,yoloworld,199640,33072,1,0,45,80,0.5625,0.44699757138818025,0.673236046566221,0.2262384751780408
refcoco,yoloworld,124030,39320,1,1,61,80,0.7625,0.6542230288597322,0.8505462481433591,0.19632321928362695
refcoco,yoloworld,298481,24663,1,0,79,80,0.9875,0.9323122155360776,0.9996835774723672,0.06737136193628968
refcoco,yoloworld,481804,8752,0,0,0,0,0.0,0.0,0.0,0.0
refcoco,yoloworld,24026,47963,1,0,20,80,0.25,0.1598796445068557,0.35936347590685,0.19948383139999432
refcoco,yoloworld,391088,16582,1,1,62,80,0.775,0.6679136799387491,0.8608627895010682,0.19294910956231914
refcoco,yoloworld,152556,36857,1,1,80,80,1.0,0.9549359649323077,1.0,0.0450640350676923
refcoco,yoloworld,498639,7265,1,1,64,80,0.8,0.6956311329945355,0.8811409135950147,0.18550978060047918
refcoco,yoloworld,472954,9478,1,1,80,80,1.0,0.9549359649323077,1.0,0.0450640350676923
refcoco,yoloworld,410845,14864,1,1,57,80,0.7125,0.6004548866879794,0.8082395280280349,0.20778464134005548
refcoco,yoloworld,223909,30957,1,0,80,80,1.0,0.9549359649323077,1.0,0.0450640350676923
refcoco,yoloworld,29915,47432,0,0,0,0,0.0,0.0,0.0,0.0
refcoco,yoloworld,261381,27789,1,0,40,80,0.5,0.3860478833649093,0.6139521166350907,0.22790423327018144
refcoco,yoloworld,31812,47281,1,1,69,80,0.8625,0.7672791291752744,0.9293121672961213,0.1620330381208469
refcoco,yoloworld,235316,30050,0,0,0,0,0.0,0.0,0.0,0.0
refcoco,yoloworld,566798,1350,0,0,0,0,0.0,0.0,0.0,0.0
refcoco,yoloworld,197289,33252,1,0,56,80,0.7,0.5872406769186242,0.7974260708533272,0.21018539393470292
refcoco,yoloworld,426478,13513,0,0,0,0,0.0,0.0,0.0,0.0
refcoco,yoloworld,521618,5230,0,0,0,0,0.0,0.0,0.0,0.0
refcoco,yoloworld,453602,11189,1,0,65,80,0.8125,0.7096721043523089,0.8910863118524706,0.18141420750016168
refcoco,yoloworld,17578,48497,0,0,0,0,0.0,0.0,0.0,0.0
refcoco,yoloworld,95812,41649,1,0,40,80,0.5,0.3860478833649093,0.6139521166350907,0.22790423327018144
refcoco,yoloworld,163506,36006,1,1,57,80,0.7125,0.6004548866879794,0.8082395280280349,0.20778464134005548
refcoco,yoloworld,530132,4519,1,0,76,80,0.95,0.876901263556847,0.9862106060235382,0.1093093424666911
refcoco,yoloworld,492293,7822,1,1,45,80,0.5625,0.44699757138818025,0.673236046566221,0.2262384751780408
refcoco,yoloworld,372003,18201,1,1,50,80,0.625,0.5096452355928875,0.7308068300531951,0.2211615944603076
refcoco,yoloworld,348609,20035,1,0,66,80,0.825,0.7238459604789864,0.9008894901605713,0.17704352968158488
refcoco,yoloworld,260010,27940,0,0,0,0,0.0,0.0,0.0,0.0
refcoco,yoloworld,380034,17534,1,1,53,80,0.6625,0.5480943856258318,0.7644738620163491,0.21637947639051736
refcoco,yoloworld,115604,40058,1,1,57,80,0.7125,0.6004548866879794,0.8082395280280349,0.20778464134005548
refcoco,yoloworld,161865,36122,1,1,68,80,0.85,0.7526358884071023,0.9200184386902862,0.16738255028318394
refcoco,yoloworld,506030,6611,0,0,0,0,0.0,0.0,0.0,0.0
refcoco,yoloworld,292498,25206,1,1,65,80,0.8125,0.7096721043523089,0.8910863118524706,0.18141420750016168
refcoco,yoloworld,206628,32456,1,1,19,80,0.2375,0.1494537518566408,0.34577697114026784,0.19632321928362703
refcoco,yoloworld,177917,34869,1,0,41,80,0.5125,0.39810466870318556,0.625942518555561,0.22783784985237548
refcoco,yoloworld,420620,14062,1,0,49,80,0.6125,0.4969755425018991,0.7194348668752178,0.22245932437331872
refcoco,yoloworld,75881,43371,1,1,80,80,1.0,0.9549359649323077,1.0,0.0450640350676923
refcoco,yoloworld,555022,2369,1,1,46,80,0.575,0.45938881143093807,0.6848902345476577,0.22550142311671967
refcoco,yoloworld,22928,48064,1,1,49,80,0.6125,0.4969755425018991,0.7194348668752178,0.22245932437331872
refcoco,yoloworld,349144,19982,0,0,0,0,0.0,0.0,0.0,0.0
refcoco,yoloworld,233153,30199,1,1,80,80,1.0,0.9549359649323077,1.0,0.0450640350676923
refcoco,yoloworld,128599,38888,1,1,80,80,1.0,0.9549359649323077,1.0,0.0450640350676923
refcoco,yoloworld,521800,5217,1,0,68,80,0.85,0.7526358884071023,0.9200184386902862,0.16738255028318394
refcoco,yoloworld,177658,34885,1,0,60,80,0.75,0.64063652409315,0.8401203554931442,0.19948383139999426
refcoco,yoloworld,139763,37936,1,0,39,80,0.4875,0.37405748144443896,0.6018953312968145,0.22783784985237554
refcoco,yoloworld,74183,43524,1,1,59,80,0.7375,0.6271491697875681,0.8295907488995917,0.20244157911202365
refcoco,yoloworld,275707,26641,1,0,46,80,0.575,0.45938881143093807,0.6848902345476577,0.22550142311671967
refcoco,yoloworld,163828,35981,0,0,0,0,0.0,0.0,0.0,0.0
refcoco,yoloworld,71989,43765,1,0,80,80,1.0,0.9549359649323077,1.0,0.0450640350676923
refcoco,yoloworld,77174,43277,1,0,45,80,0.5625,0.44699757138818025,0.673236046566221,0.2262384751780408
refcoco,yoloworld,289782,25388,1,0,47,80,0.5875,0.47184834042520446,0.6964754070624058,0.2246270666372014
refcoco,yoloworld,61877,44578,1,0,45,80,0.5625,0.44699757138818025,0.673236046566221,0.2262384751780408
refcoco,yoloworld,158051,36394,1,1,80,80,1.0,0.9549359649323077,1.0,0.0450640350676923
refcoco,yoloworld,553586,2501,1,0,13,80,0.1625,0.08946164172252925,0.2618368938251128,0.1723752521025836
refcoco,yoloworld,135348,38331,1,0,34,80,0.425,0.31510976545234215,0.5406111885690619,0.22550142311671972
refcoco,yoloworld,474123,9388,0,0,0,0,0.0,0.0,0.0,0.0
refcoco,yoloworld,538398,3810,0,0,0,0,0.0,0.0,0.0,0.0
refcoco,yoloworld,116882,39938,1,1,69,80,0.8625,0.7672791291752744,0.9293121672961213,0.1620330381208469
refcoco,yoloworld,176945,34939,1,1,31,80,0.3875,0.28056513312478215,0.5030244574981009,0.22245932437331872
refcoco,yoloworld,394992,16234,0,0,0,0,0.0,0.0,0.0,0.0
refcoco,yoloworld,132617,38525,1,0,79,80,0.9875,0.9323122155360776,0.9996835774723672,0.06737136193628968
refcoco,yoloworld,547348,3059,0,0,0,0,0.0,0.0,0.0,0.0
refcoco,yoloworld,74925,43450,1,0,80,80,1.0,0.9549359649323077,1.0,0.0450640350676923
refcoco,yoloworld,233871,30147,1,0,23,80,0.2875,0.19176047197196505,0.3995451133120206,0.20778464134005553
refcoco,yoloworld,476934,9180,1,0,60,80,0.75,0.64063652409315,0.8401203554931442,0.19948383139999426
refcoco,yoloworld,550129,2813,1,1,77,80,0.9625,0.8942980149834914,0.9921988127342833,0.09790079775079197
refcoco,yoloworld,276460,26582,1,1,26,80,0.325,0.22445958517745324,0.4389370456044483,0.21447746042699506
refcoco,yoloworld,450162,11481,1,1,72,80,0.9,0.8124348925365683,0.955829059846371,0.1433941673098027
refcoco,yoloworld,85939,42549,0,0,0,0,0.0,0.0,0.0,0.0
refcoco,yoloworld,360302,19049,1,1,80,80,1.0,0.9549359649323077,1.0,0.0450640350676923
refcoco,yoloworld,270460,26990,1,1,70,80,0.875,0.7821108659305637,0.9383979034415657,0.15628703751100204
refcoco,yoloworld,464744,10169,0,0,0,0,0.0,0.0,0.0,0.0
refcoco,yoloworld,221794,31152,0,0,0,0,0.0,0.0,0.0,0.0
refcoco,yoloworld,280018,26223,0,0,0,0,0.0,0.0,0.0,0.0
refcoco,yoloworld,197068,33280,1,0,80,80,1.0,0.9549359649323077,1.0,0.0450640350676923
refcoco,yoloworld,5638,49560,1,0,37,80,0.4625,0.3502764265383982,0.5775824719951649,0.2273060454567667
refcoco,yoloworld,108375,40612,1,0,36,80,0.45,0.33848638448981544,0.565326020905847,0.2268396364160316
refcoco,yoloworld,102290,41091,0,0,0,0,0.0,0.0,0.0,0.0
refcoco,yoloworld,26052,47798,1,1,63,80,0.7875,0.6817141914403442,0.8710635049024182,0.18934931346207406
refcoco,yoloworld,539647,3700,1,1,42,80,0.525,0.4102278413767706,0.6378664183228473,0.2276385769460767
refcoco,yoloworld,421208,14012,1,0,71,80,0.8875,0.7971534080830098,0.9472484868543125,0.15009507877130268
refcoco,yoloworld,387105,16916,0,0,0,0,0.0,0.0,0.0,0.0
refcoco,yoloworld,531873,4392,1,1,79,80,0.9875,0.9323122155360776,0.9996835774723672,0.06737136193628968
refcoco,yoloworld,232957,30218,1,1,45,80,0.5625,0.44699757138818025,0.673236046566221,0.2262384751780408
refcoco,yoloworld,132991,38500,1,1,49,80,0.6125,0.4969755425018991,0.7194348668752178,0.22245932437331872
refcoco,yoloworld,458827,10669,0,0,0,0,0.0,0.0,0.0,0.0
refcoco,yoloworld,43892,46280,1,0,80,80,1.0,0.9549359649323077,1.0,0.0450640350676923
refcoco,yoloworld,335865,21147,0,0,0,0,0.0,0.0,0.0,0.0
refcoco,yoloworld,86750,42466,1,0,80,80,1.0,0.9549359649323077,1.0,0.0450640350676923
refcoco,yoloworld,351654,19757,1,0,62,80,0.775,0.6679136799387491,0.8608627895010682,0.19294910956231914
refcoco,yoloworld,461996,10421,1,1,78,80,0.975,0.9125928440694077,0.9969579138351904,0.08436506976578273
refcoco,yoloworld,106832,40711,0,0,0,0,0.0,0.0,0.0,0.0
refcoco,yoloworld,456545,10882,1,0,43,80,0.5375,0.4224175280048351,0.6497235734616016,0.22730604545676647
refcoco,yoloworld,180559,34644,1,0,78,80,0.975,0.9125928440694077,0.9969579138351904,0.08436506976578273
refcoco,yoloworld,359339,19128,1,1,67,80,0.8375,0.7381631061748871,0.9105383582774708,0.17237525210258364
refcoco,yoloworld,283479,25971,0,0,0,0,0.0,0.0,0.0,0.0
refcoco,yoloworld,298306,24697,1,0,43,80,0.5375,0.4224175280048351,0.6497235734616016,0.22730604545676647
refcoco,yoloworld,375133,17922,1,1,79,80,0.9875,0.9323122155360776,0.9996835774723672,0.06737136193628968
refcoco,yoloworld,252277,28579,0,0,0,0,0.0,0.0,0.0,0.0
refcoco,yoloworld,215421,31720,1,1,42,80,0.525,0.4102278413767706,0.6378664183228473,0.2276385769460767
refcoco,yoloworld,219169,31407,1,0,23,80,0.2875,0.19176047197196505,0.3995451133120206,0.20778464134005553
refcoco,yoloworld,55232,45238,1,0,34,80,0.425,0.31510976545234215,0.5406111885690619,0.22550142311671972
refcoco,yoloworld,11292,49090,0,0,0,0,0.0,0.0,0.0,0.0
refcoco,yoloworld,79722,43046,1,1,41,80,0.5125,0.39810466870318556,0.625942518555561,0.22783784985237548
refcoco,yoloworld,258705,28035,0,0,0,0,0.0,0.0,0.0,0.0
refcoco,yoloworld,128974,38853,1,1,37,80,0.4625,0.3502764265383982,0.5775824719951649,0.2273060454567667
refcoco,yoloworld,242807,29419,1,1,79,80,0.9875,0.9323122155360776,0.9996835774723672,0.06737136193628968
refcoco,yoloworld,76781,43308,1,1,80,80,1.0,0.9549359649323077,1.0,0.0450640350676923
refcoco,yoloworld,250978,28705,1,1,40,80,0.5,0.3860478833649093,0.6139521166350907,0.22790423327018144
refcoco,yoloworld,534772,4136,0,0,0,0,0.0,0.0,0.0,0.0
refcoco,yoloworld,62038,44565,1,1,65,80,0.8125,0.7096721043523089,0.8910863118524706,0.18141420750016168
refcoco,yoloworld,454002,11146,0,0,0,0,0.0,0.0,0.0,0.0
refcoco,yoloworld,183923,34338,1,0,70,80,0.875,0.7821108659305637,0.9383979034415657,0.15628703751100204
refcoco,yoloworld,175745,35052,1,1,61,80,0.7625,0.6542230288597322,0.8505462481433591,0.19632321928362695
refcoco,yoloworld,177214,34908,1,0,70,80,0.875,0.7821108659305637,0.9383979034415657,0.15628703751100204
refcoco,yoloworld,1958,49846,1,0,62,80,0.775,0.6679136799387491,0.8608627895010682,0.19294910956231914
refcoco,yoloworld,73610,43595,1,1,80,80,1.0,0.9549359649323077,1.0,0.0450640350676923
refcoco,yoloworld,511036,6193,1,1,76,80,0.95,0.876901263556847,0.9862106060235382,0.1093093424666911
refcoco,yoloworld,264741,27481,1,0,56,80,0.7,0.5872406769186242,0.7974260708533272,0.21018539393470292
refcoco,yoloworld,247126,29015,1,0,79,80,0.9875,0.9323122155360776,0.9996835774723672,0.06737136193628968
refcoco,yoloworld,554699,2394,1,0,21,80,0.2625,0.1704092511004083,0.3728508302124319,0.20244157911202362
refcoco,yoloworld,194056,33509,1,1,68,80,0.85,0.7526358884071023,0.9200184386902862,0.16738255028318394
refcoco,yoloworld,193168,33579,1,0,69,80,0.8625,0.7672791291752744,0.9293121672961213,0.1620330381208469
refcoco,yoloworld,6051,49530,1,0,72,80,0.9,0.8124348925365683,0.955829059846371,0.1433941673098027
refcoco,yoloworld,469825,9745,0,0,0,0,0.0,0.0,0.0,0.0
refcoco,yoloworld,130869,38678,1,1,80,80,1.0,0.9549359649323077,1.0,0.0450640350676923
refcoco,yoloworld,8436,49328,1,0,52,80,0.65,0.5352031145206643,0.7533280635274648,0.21812494900680057
refcoco,yoloworld,194550,33474,0,0,0,0,0.0,0.0,0.0,0.0
refcoco,yoloworld,253049,28511,0,0,0,0,0.0,0.0,0.0,0.0
refcoco,yoloworld,278931,26336,1,0,80,80,1.0,0.9549359649323077,1.0,0.0450640350676923
refcoco,yoloworld,20513,48271,0,0,0,0,0.0,0.0,0.0,0.0
refcoco,yoloworld,402041,15613,1,0,80,80,1.0,0.9549359649323077,1.0,0.0450640350676923
refcoco,yoloworld,66637,44150,1,0,76,80,0.95,0.876901263556847,0.9862106060235382,0.1093093424666911
refcoco,yoloworld,438045,12543,1,0,80,80,1.0,0.9549359649323077,1.0,0.0450640350676923
refcoco,yoloworld,409653,14975,1,0,17,80,0.2125,0.1289364950975817,0.3182858085596558,0.18934931346207412
refcoco,yoloworld,222893,31057,1,1,60,80,0.75,0.64063652409315,0.8401203554931442,0.19948383139999426
refcoco,yoloworld,449780,11512,1,0,37,80,0.4625,0.3502764265383982,0.5775824719951649,0.2273060454567667
refcoco,yoloworld,116088,40006,1,0,33,80,0.4125,0.30352459293759415,0.5281516595747955,0.22462706663720133
refcoco,yoloworld,377609,17714,1,0,26,80,0.325,0.22445958517745324,0.4389370456044483,0.21447746042699506
refcoco,yoloworld,57689,44962,1,1,66,80,0.825,0.7238459604789864,0.9008894901605713,0.17704352968158488
refcoco,yoloworld,567199,1305,0,0,0,0,0.0,0.0,0.0,0.0
refcoco,yoloworld,207467,32374,1,0,79,80,0.9875,0.9323122155360776,0.9996835774723672,0.06737136193628968
refcoco,yoloworld,185229,34215,1,0,35,80,0.4375,0.3267639534337789,0.5530024286118197,0.2262384751780408
refcoco,yoloworld,24086,47956,1,1,73,80,0.9125,0.8279916615801152,0.9640936410104413,0.1361019794303261
refcoco,yoloworld,184578,34279,1,1,48,80,0.6,0.4843769404954894,0.7079906437446896,0.22361370324920016
refcoco,yoloworld,147753,37276,0,0,0,0,0.0,0.0,0.0,0.0
refcoco,yoloworld,64092,44384,1,1,41,80,0.5125,0.39810466870318556,0.625942518555561,0.22783784985237548
refcoco,yoloworld,224056,30946,1,1,79,80,0.9875,0.9323122155360776,0.9996835774723672,0.06737136193628968
refcoco,yoloworld,578808,277,1,0,40,80,0.5,0.3860478833649093,0.6139521166350907,0.22790423327018144
refcoco,yoloworld,420183,14096,1,1,80,80,1.0,0.9549359649323077,1.0,0.0450640350676923
refcoco,yoloworld,272194,26864,1,0,71,80,0.8875,0.7971534080830098,0.9472484868543125,0.15009507877130268
refcoco,yoloworld,238589,29758,1,0,57,80,0.7125,0.6004548866879794,0.8082395280280349,0.20778464134005548
refcoco,yoloworld,197662,33210,1,1,44,80,0.55,0.43467397909415284,0.6615136155101845,0.22683963641603166
refcoco,yoloworld,143258,37655,0,0,0,0,0.0,0.0,0.0,0.0
refcoco,yoloworld,101552,41166,1,1,54,80,0.675,0.5610629543955516,0.7755404148225468,0.21447746042699511
refcoco,yoloworld,38122,46767,1,0,61,80,0.7625,0.6542230288597322,0.8505462481433591,0.19632321928362695
refcoco,yoloworld,376806,17825,0,0,0,0,0.0,0.0,0.0,0.0
refcoco,yoloworld,30274,47406,1,0,74,80,0.925,0.8438720682639279,0.9719794538231588,0.12810738555923085
refcoco,yoloworld,290072,25364,1,0,24,80,0.3,0.20257392914667274,0.412759323081376,0.21018539393470323
refcoco,yoloworld,51001,45608,0,0,0,0,0.0,0.0,0.0,0.0
refcoco,yoloworld,565769,1435,1,0,80,80,1.0,0.9549359649323077,1.0,0.0450640350676923
refcoco,yoloworld,158201,36383,1,0,42,80,0.525,0.4102278413767706,0.6378664183228473,0.2276385769460767
refcoco,yoloworld,486936,8272,1,1,79,80,0.9875,0.9323122155360776,0.9996835774723672,0.06737136193628968
refcoco,yoloworld,253251,28488,1,1,40,80,0.5,0.3860478833649093,0.6139521166350907,0.22790423327018144
refcoco,yoloworld,83178,42764,0,0,0,0,0.0,0.0,0.0,0.0
refcoco,yoloworld,399922,15789,1,1,68,80,0.85,0.7526358884071023,0.9200184386902862,0.16738255028318394
refcoco,yoloworld,270369,26993,1,0,78,80,0.975,0.9125928440694077,0.9969579138351904,0.08436506976578273
refcoco,yoloworld,417220,14332,1,0,43,80,0.5375,0.4224175280048351,0.6497235734616016,0.22730604545676647
refcoco,yoloworld,251368,28680,1,0,50,80,0.625,0.5096452355928875,0.7308068300531951,0.2211615944603076
refcoco,yoloworld,478712,9015,1,1,33,80,0.4125,0.30352459293759415,0.5281516595747955,0.22462706663720133
refcoco,yoloworld,279415,26295,1,0,80,80,1.0,0.9549359649323077,1.0,0.0450640350676923
refcoco,yoloworld,438196,12529,1,0,50,80,0.625,0.5096452355928875,0.7308068300531951,0.2211615944603076
refcoco,yoloworld,199888,33052,1,0,66,80,0.825,0.7238459604789864,0.9008894901605713,0.17704352968158488
refcoco,yoloworld,369019,18441,1,0,59,80,0.7375,0.6271491697875681,0.8295907488995917,0.20244157911202365
refcoco,yoloworld,180179,34674,1,0,32,80,0.4,0.2920093562553105,0.5156230595045106,0.2236137032492001
refcoco,yoloworld,233878,30137,1,0,39,80,0.4875,0.37405748144443896,0.6018953312968145,0.22783784985237554
refcoco,yoloworld,383512,17235,1,0,20,80,0.25,0.1598796445068557,0.35936347590685,0.19948383139999432
refcoco,yoloworld,224891,30859,1,1,61,80,0.7625,0.6542230288597322,0.8505462481433591,0.19632321928362695
refcoco,yoloworld,540436,3652,0,0,0,0,0.0,0.0,0.0,0.0
refcoco,yoloworld,535561,4053,1,1,33,80,0.4125,0.30352459293759415,0.5281516595747955,0.22462706663720133
refcoco,yoloworld,254821,28366,1,1,80,80,1.0,0.9549359649323077,1.0,0.0450640350676923
refcoco,yoloworld,3518,49728,1,1,45,80,0.5625,0.44699757138818025,0.673236046566221,0.2262384751780408
refcoco,yoloworld,227825,30602,0,0,0,0,0.0,0.0,0.0,0.0
refcoco,yoloworld,264781,27477,1,1,80,80,1.0,0.9549359649323077,1.0,0.0450640350676923
refcoco,yoloworld,103419,41004,1,0,11,80,0.1375,0.07068783270387868,0.2327208708247256,0.1620330381208469
refcoco,yoloworld,77650,43240,0,0,0,0,0.0,0.0,0.0,0.0
refcoco,yoloworld,574251,682,1,0,68,80,0.85,0.7526358884071023,0.9200184386902862,0.16738255028318394
refcoco,yoloworld,270391,26991,0,0,0,0,0.0,0.0,0.0,0.0
refcoco,yoloworld,10710,49125,0,0,0,0,0.0,0.0,0.0,0.0
refcoco,yoloworld,222209,31110,1,0,24,80,0.3,0.20257392914667274,0.412759323081376,0.21018539393470323
refcoco,yoloworld,573632,746,1,0,79,80,0.9875,0.9323122155360776,0.9996835774723672,0.06737136193628968
refcoco,yoloworld,242506,29438,0,0,0,0,0.0,0.0,0.0,0.0
refcoco,yoloworld,31112,47333,1,1,42,80,0.525,0.4102278413767706,0.6378664183228473,0.2276385769460767
refcoco,yoloworld,323213,22457,1,1,80,80,1.0,0.9549359649323077,1.0,0.0450640350676923
refcoco,yoloworld,264296,27543,1,0,72,80,0.9,0.8124348925365683,0.955829059846371,0.1433941673098027
refcoco,yoloworld,483611,8607,1,0,48,80,0.6,0.4843769404954894,0.7079906437446896,0.22361370324920016
refcoco,yoloworld,118848,39790,0,0,0,0,0.0,0.0,0.0,0.0
refcoco,yoloworld,105685,40801,1,0,80,80,1.0,0.9549359649323077,1.0,0.0450640350676923
refcoco,yoloworld,364683,18721,1,0,80,80,1.0,0.9549359649323077,1.0,0.0450640350676923
refcoco,yoloworld,258237,28066,1,0,42,80,0.525,0.4102278413767706,0.6378664183228473,0.2276385769460767
refcoco,yoloworld,493504,7703,1,1,57,80,0.7125,0.6004548866879794,0.8082395280280349,0.20778464134005548
refcoco,yoloworld,289212,25436,1,1,63,80,0.7875,0.6817141914403442,0.8710635049024182,0.18934931346207406
refcoco,yoloworld,113152,40242,1,0,70,80,0.875,0.7821108659305637,0.9383979034415657,0.15628703751100204
refcoco,yoloworld,419001,14207,1,0,69,80,0.8625,0.7672791291752744,0.9293121672961213,0.1620330381208469
refcoco,yoloworld,92646,41928,0,0,0,0,0.0,0.0,0.0,0.0
refcoco,yoloworld,266600,27332,1,0,43,80,0.5375,0.4224175280048351,0.6497235734616016,0.22730604545676647
refcoco,yoloworld,14686,48786,1,0,53,80,0.6625,0.5480943856258318,0.7644738620163491,0.21637947639051736
refcoco,yoloworld,387717,16860,0,0,0,0,0.0,0.0,0.0,0.0
refcoco,yoloworld,485800,8371,1,1,37,80,0.4625,0.3502764265383982,0.5775824719951649,0.2273060454567667
refcoco,yoloworld,433240,12925,0,0,0,0,0.0,0.0,0.0,0.0
refcoco,yoloworld,376988,17795,1,0,40,80,0.5,0.3860478833649093,0.6139521166350907,0.22790423327018144
refcoco,yoloworld,289482,25416,1,0,60,80,0.75,0.64063652409315,0.8401203554931442,0.19948383139999426
refcoco,yoloworld,278371,26400,0,0,0,0,0.0,0.0,0.0,0.0
refcoco,yoloworld,105219,40844,1,0,25,80,0.3125,0.21347463110876716,0.4258890738564495,0.2124144427476823
refcoco,yoloworld,121706,39549,1,0,38,80,0.475,0.3621335816771527,0.5897721586232294,0.2276385769460767
refcoco,yoloworld,578805,278,1,1,23,80,0.2875,0.19176047197196505,0.3995451133120206,0.20778464134005553
refcoco,yoloworld,325891,22186,1,1,49,80,0.6125,0.4969755425018991,0.7194348668752178,0.22245932437331872
refcoco,yoloworld,226961,30687,1,0,75,80,0.9375,0.860142924702361,0.9793969276979898,0.11925400299562883
refcoco,yoloworld,447457,11688,1,0,47,80,0.5875,0.47184834042520446,0.6964754070624058,0.2246270666372014
refcoco,yoloworld,539167,3745,1,1,80,80,1.0,0.9549359649323077,1.0,0.0450640350676923
refcoco,yoloworld,68812,43992,1,1,53,80,0.6625,0.5480943856258318,0.7644738620163491,0.21637947639051736
refcoco,yoloworld,281790,26091,1,1,37,80,0.4625,0.3502764265383982,0.5775824719951649,0.2273060454567667
refcoco,yoloworld,168482,35610,1,0,57,80,0.7125,0.6004548866879794,0.8082395280280349,0.20778464134005548
refcoco,yoloworld,78836,43128,1,1,28,80,0.35,0.24667193647253513,0.4647968854793358,0.21812494900680066
refcoco,yoloworld,273197,26806,1,0,78,80,0.975,0.9125928440694077,0.9969579138351904,0.08436506976578273
refcoco,yoloworld,269890,27039,1,0,60,80,0.75,0.64063652409315,0.8401203554931442,0.19948383139999426
refcoco,yoloworld,431400,13069,1,1,79,80,0.9875,0.9323122155360776,0.9996835774723672,0.06737136193628968
refcoco,yoloworld,215407,31723,1,0,76,80,0.95,0.876901263556847,0.9862106060235382,0.1093093424666911
refcoco,yoloworld,388421,16784,0,0,0,0,0.0,0.0,0.0,0.0
refcoco,yoloworld,580785,102,1,0,80,80,1.0,0.9549359649323077,1.0,0.0450640350676923
refcoco,yoloworld,103510,40983,1,0,67,80,0.8375,0.7381631061748871,0.9105383582774708,0.17237525210258364
refcoco,yoloworld,488160,8156,1,1,71,80,0.8875,0.7971534080830098,0.9472484868543125,0.15009507877130268
refcoco,yoloworld,425721,13596,0,0,0,0,0.0,0.0,0.0,0.0
refcoco,yoloworld,432683,12971,1,0,11,80,0.1375,0.07068783270387868,0.2327208708247256,0.1620330381208469
refcoco,yoloworld,455079,11048,1,0,75,80,0.9375,0.860142924702361,0.9793969276979898,0.11925400299562883
refcoco,yoloworld,297171,24828,0,0,0,0,0.0,0.0,0.0,0.0
refcoco,yoloworld,561593,1860,0,0,0,0,0.0,0.0,0.0,0.0
refcoco,yoloworld,96475,41571,0,0,0,0,0.0,0.0,0.0,0.0
refcoco,yoloworld,508504,6383,1,0,71,80,0.8875,0.7971534080830098,0.9472484868543125,0.15009507877130268
refcoco,yoloworld,55237,45232,1,1,54,80,0.675,0.5610629543955516,0.7755404148225468,0.21447746042699511
refcoco,yoloworld,324705,22285,1,1,68,80,0.85,0.7526358884071023,0.9200184386902862,0.16738255028318394
refcoco,yoloworld,136230,38269,1,0,73,80,0.9125,0.8279916615801152,0.9640936410104413,0.1361019794303261
refcoco,yoloworld,402448,15572,1,1,59,80,0.7375,0.6271491697875681,0.8295907488995917,0.20244157911202365
refcoco,yoloworld,137724,38109,0,0,0,0,0.0,0.0,0.0,0.0
refcoco,yoloworld,254176,28419,1,1,40,80,0.5,0.3860478833649093,0.6139521166350907,0.22790423327018144
refcoco,yoloworld,432170,13012,1,0,77,80,0.9625,0.8942980149834914,0.9921988127342833,0.09790079775079197
refcoco,yoloworld,224168,30928,0,0,0,0,0.0,0.0,0.0,0.0
refcoco,yoloworld,22890,48065,1,1,80,80,1.0,0.9549359649323077,1.0,0.0450640350676923
refcoco,yoloworld,243839,29331,0,0,0,0,0.0,0.0,0.0,0.0
refcoco,yoloworld,430731,13112,1,0,80,80,1.0,0.9549359649323077,1.0,0.0450640350676923
refcoco,yoloworld,507642,6469,1,0,78,80,0.975,0.9125928440694077,0.9969579138351904,0.08436506976578273
refcoco,yoloworld,127388,39005,1,1,76,80,0.95,0.876901263556847,0.9862106060235382,0.1093093424666911
refcoco,yoloworld,54805,45259,1,0,45,80,0.5625,0.44699757138818025,0.673236046566221,0.2262384751780408
refcoco,yoloworld,325806,22198,1,1,77,80,0.9625,0.8942980149834914,0.9921988127342833,0.09790079775079197
refcoco,yoloworld,457976,10768,1,1,13,80,0.1625,0.08946164172252925,0.2618368938251128,0.1723752521025836
refcoco,yoloworld,250588,28730,0,0,0,0,0.0,0.0,0.0,0.0
refcoco,yoloworld,495902,7495,1,0,19,80,0.2375,0.1494537518566408,0.34577697114026784,0.19632321928362703
refcoco,yoloworld,411446,14787,1,0,30,80,0.375,0.2691931699468049,0.4903547644071125,0.2211615944603076
refcoco,yoloworld,231320,30341,1,1,37,80,0.4625,0.3502764265383982,0.5775824719951649,0.2273060454567667
refcoco,yoloworld,347167,20163,0,0,0,0,0.0,0.0,0.0,0.0
refcoco,yoloworld,238070,29804,1,1,75,80,0.9375,0.860142924702361,0.9793969276979898,0.11925400299562883
refcoco,yoloworld,110761,40423,1,0,56,80,0.7,0.5872406769186242,0.7974260708533272,0.21018539393470292
refcoco,yoloworld,5424,49588,1,1,42,80,0.525,0.4102278413767706,0.6378664183228473,0.2276385769460767
refcoco,yoloworld,218863,31431,1,0,15,80,0.1875,0.10891368814752944,0.2903278956476912,0.18141420750016174
refcoco,yoloworld,80590,42969,1,1,53,80,0.6625,0.5480943856258318,0.7644738620163491,0.21637947639051736
refcoco,yoloworld,80471,42996,1,0,72,80,0.9,0.8124348925365683,0.955829059846371,0.1433941673098027
refcoco,yoloworld,30203,47409,0,0,0,0,0.0,0.0,0.0,0.0
refcoco,yoloworld,86459,42500,1,1,78,80,0.975,0.9125928440694077,0.9969579138351904,0.08436506976578273
refcoco,yoloworld,433336,12907,1,1,76,80,0.95,0.876901263556847,0.9862106060235382,0.1093093424666911
refcoco,yoloworld,403197,15505,1,1,51,80,0.6375,0.5223872787351916,0.7421051046283819,0.21971782589319022
refcoco,yoloworld,242539,29433,1,1,44,80,0.55,0.43467397909415284,0.6615136155101845,0.22683963641603166
refcoco,yoloworld,392180,16471,1,0,40,80,0.5,0.3860478833649093,0.6139521166350907,0.22790423327018144
refcoco,yoloworld,510680,6222,0,0,0,0,0.0,0.0,0.0,0.0
refcoco,yoloworld,355779,19410,1,0,27,80,0.3375,0.23552613798365082,0.4519056143741682,0.21637947639051738
refcoco,yoloworld,2823,49786,1,0,39,80,0.4875,0.37405748144443896,0.6018953312968145,0.22783784985237554
refcoco,yoloworld,162283,36086,1,0,63,80,0.7875,0.6817141914403442,0.8710635049024182,0.18934931346207406
refcoco,yoloworld,100209,41256,0,0,0,0,0.0,0.0,0.0,0.0
refcoco,yoloworld,498770,7244,1,0,28,80,0.35,0.24667193647253513,0.4647968854793358,0.21812494900680066
refcoco,yoloworld,232371,30262,0,0,0,0,0.0,0.0,0.0,0.0
refcoco,yoloworld,203034,32811,1,0,15,80,0.1875,0.10891368814752944,0.2903278956476912,0.18141420750016174
refcoco,yoloworld,226840,30694,1,0,40,80,0.5,0.3860478833649093,0.6139521166350907,0.22790423327018144
refcoco,yoloworld,24939,47859,0,0,0,0,0.0,0.0,0.0,0.0
refcoco,yoloworld,532595,4313,1,1,50,80,0.625,0.5096452355928875,0.7308068300531951,0.2211615944603076
refcoco,yoloworld,90444,42135,1,0,47,80,0.5875,0.47184834042520446,0.6964754070624058,0.2246270666372014
refcoco,yoloworld,321318,22624,1,0,55,80,0.6875,0.5741109261435505,0.7865253688912328,0.21241444274768229
refcoco,yoloworld,320137,22746,1,1,80,80,1.0,0.9549359649323077,1.0,0.0450640350676923
refcoco,yoloworld,420831,14049,0,0,0,0,0.0,0.0,0.0,0.0
refcoco,yoloworld,78578,43154,1,0,32,80,0.4,0.2920093562553105,0.5156230595045106,0.2236137032492001
refcoco,yoloworld,298983,24617,0,0,0,0,0.0,0.0,0.0,0.0
refcoco,yoloworld,1298,49892,0,0,0,0,0.0,0.0,0.0,0.0
refcoco,yoloworld,154911,36685,1,1,17,80,0.2125,0.1289364950975817,0.3182858085596558,0.18934931346207412
refcoco,yoloworld,416450,14412,1,0,41,80,0.5125,0.39810466870318556,0.625942518555561,0.22783784985237548
refcoco,yoloworld,35817,46961,1,0,75,80,0.9375,0.860142924702361,0.9793969276979898,0.11925400299562883
refcoco,yoloworld,439303,12431,0,0,0,0,0.0,0.0,0.0,0.0
refcoco,yoloworld,38890,46712,1,0,21,80,0.2625,0.1704092511004083,0.3728508302124319,0.20244157911202362
refcoco,yoloworld,576581,492,1,1,58,80,0.725,0.6137565791555909,0.8189623614429612,0.2052057822873703
refcoco,yoloworld,475037,9317,0,0,0,0,0.0,0.0,0.0,0.0
refcoco,yoloworld,56677,45043,1,0,58,80,0.725,0.6137565791555909,0.8189623614429612,0.2052057822873703
refcoco,yoloworld,352892,19645,0,0,0,0,0.0,0.0,0.0,0.0
refcoco,yoloworld,358789,19159,0,0,0,0,0.0,0.0,0.0,0.0
refcoco,yoloworld,523907,5033,0,0,0,0,0.0,0.0,0.0,0.0
refcoco,yoloworld,274770,26706,1,0,45,80,0.5625,0.44699757138818025,0.673236046566221,0.2262384751780408
refcoco,yoloworld,284964,25842,1,0,78,80,0.975,0.9125928440694077,0.9969579138351904,0.08436506976578273
refcoco,yoloworld,324677,22291,1,1,80,80,1.0,0.9549359649323077,1.0,0.0450640350676923
refcoco,yoloworld,91604,42041,1,0,76,80,0.95,0.876901263556847,0.9862106060235382,0.1093093424666911
refcoco,yoloworld,87248,42422,1,0,35,80,0.4375,0.3267639534337789,0.5530024286118197,0.2262384751780408
refcoco,yoloworld,267871,27216,1,0,27,80,0.3375,0.23552613798365082,0.4519056143741682,0.21637947639051738
refcoco,yoloworld,428109,13356,1,0,34,80,0.425,0.31510976545234215,0.5406111885690619,0.22550142311671972
refcoco,yoloworld,568272,1233,1,0,72,80,0.9,0.8124348925365683,0.955829059846371,0.1433941673098027
refcoco,yoloworld,326092,22161,1,0,77,80,0.9625,0.8942980149834914,0.9921988127342833,0.09790079775079197
refcoco,yoloworld,198704,33127,1,0,69,80,0.8625,0.7672791291752744,0.9293121672961213,0.1620330381208469
refcoco,yoloworld,44437,46237,0,0,0,0,0.0,0.0,0.0,0.0
refcoco,yoloworld,344259,20397,1,0,45,80,0.5625,0.44699757138818025,0.673236046566221,0.2262384751780408
refcoco,yoloworld,184761,34263,1,0,78,80,0.975,0.9125928440694077,0.9969579138351904,0.08436506976578273
refcoco,yoloworld,121938,39529,1,0,34,80,0.425,0.31510976545234215,0.5406111885690619,0.22550142311671972
refcoco,yoloworld,278055,26436,1,0,51,80,0.6375,0.5223872787351916,0.7421051046283819,0.21971782589319022
refcoco,yoloworld,78322,43190,0,0,0,0,0.0,0.0,0.0,0.0
refcoco,yoloworld,218984,31421,1,1,74,80,0.925,0.8438720682639279,0.9719794538231588,0.12810738555923085
refcoco,yoloworld,276666,26566,1,0,58,80,0.725,0.6137565791555909,0.8189623614429612,0.2052057822873703
refcoco,yoloworld,35045,47025,0,0,0,0,0.0,0.0,0.0,0.0
refcoco,yoloworld,339453,20824,1,1,39,80,0.4875,0.37405748144443896,0.6018953312968145,0.22783784985237554
refcoco,yoloworld,13318,48934,1,0,24,80,0.3,0.20257392914667274,0.412759323081376,0.21018539393470323
refcoco,yoloworld,50994,45612,0,0,0,0,0.0,0.0,0.0,0.0
refcoco,yoloworld,542452,3480,1,0,47,80,0.5875,0.47184834042520446,0.6964754070624058,0.2246270666372014
refcoco,yoloworld,274667,26715,0,0,0,0,0.0,0.0,0.0,0.0
refcoco,yoloworld,488127,8164,1,0,36,80,0.45,0.33848638448981544,0.565326020905847,0.2268396364160316
refcoco,yoloworld,53601,45386,0,0,0,0,0.0,0.0,0.0,0.0
refcoco,yoloworld,540464,3642,1,0,27,80,0.3375,0.23552613798365082,0.4519056143741682,0.21637947639051738
refcoco,yoloworld,406988,15206,1,0,57,80,0.7125,0.6004548866879794,0.8082395280280349,0.20778464134005548
refcoco,yoloworld,376454,17844,0,0,0,0,0.0,0.0,0.0,0.0
refcoco,yoloworld,128136,38935,1,1,39,80,0.4875,0.37405748144443896,0.6018953312968145,0.22783784985237554
refcoco,yoloworld,191068,33728,0,0,0,0,0.0,0.0,0.0,0.0
refcoco,yoloworld,498295,7296,1,1,24,80,0.3,0.20257392914667274,0.412759323081376,0.21018539393470323
refcoco,yoloworld,84712,42623,0,0,0,0,0.0,0.0,0.0,0.0
refcoco,yoloworld,354791,19507,0,0,0,0,0.0,0.0,0.0,0.0
refcoco,yoloworld,530750,4474,1,0,67,80,0.8375,0.7381631061748871,0.9105383582774708,0.17237525210258364
refcoco,yoloworld,259443,27982,0,0,0,0,0.0,0.0,0.0,0.0
refcoco,yoloworld,296614,24900,0,0,0,0,0.0,0.0,0.0,0.0
refcoco,yoloworld,53672,45374,1,0,43,80,0.5375,0.4224175280048351,0.6497235734616016,0.22730604545676647
refcoco,yoloworld,544831,3281,0,0,0,0,0.0,0.0,0.0,0.0
refcoco,yoloworld,80634,42957,0,0,0,0,0.0,0.0,0.0,0.0
refcoco,yoloworld,335697,21173,1,0,30,80,0.375,0.2691931699468049,0.4903547644071125,0.2211615944603076
refcoco,yoloworld,181054,34594,1,1,80,80,1.0,0.9549359649323077,1.0,0.0450640350676923
refcoco,yoloworld,318333,22911,0,0,0,0,0.0,0.0,0.0,0.0
refcoco,yoloworld,47774,45878,0,0,0,0,0.0,0.0,0.0,0.0
refcoco,yoloworld,214563,31792,1,0,23,80,0.2875,0.19176047197196505,0.3995451133120206,0.20778464134005553
refcoco,yoloworld,381961,17371,1,0,80,80,1.0,0.9549359649323077,1.0,0.0450640350676923
refcoco,yoloworld,340345,20703,1,0,74,80,0.925,0.8438720682639279,0.9719794538231588,0.12810738555923085
refcoco,yoloworld,129722,38788,1,1,67,80,0.8375,0.7381631061748871,0.9105383582774708,0.17237525210258364
refcoco,yoloworld,252567,28556,0,0,0,0,0.0,0.0,0.0,0.0
refcoco,yoloworld,119974,39681,1,0,29,80,0.3625,0.2578948953716181,0.47761272126480847,0.2197178258931904
refcoco,yoloworld,75843,43376,1,1,64,80,0.8,0.6956311329945355,0.8811409135950147,0.18550978060047918
refcoco,yoloworld,390963,16600,1,0,41,80,0.5125,0.39810466870318556,0.625942518555561,0.22783784985237548
refcoco,yoloworld,169653,35514,0,0,0,0,0.0,0.0,0.0,0.0
refcoco,yoloworld,372588,18151,1,0,52,80,0.65,0.5352031145206643,0.7533280635274648,0.21812494900680057
refcoco,yoloworld,112040,40309,1,0,78,80,0.975,0.9125928440694077,0.9969579138351904,0.08436506976578273
refcoco,yoloworld,425063,13648,1,0,28,80,0.35,0.24667193647253513,0.4647968854793358,0.21812494900680066
refcoco,yoloworld,443084,12142,1,0,71,80,0.8875,0.7971534080830098,0.9472484868543125,0.15009507877130268
refcoco,yoloworld,504878,6710,1,1,62,80,0.775,0.6679136799387491,0.8608627895010682,0.19294910956231914
refcoco,yoloworld,16814,48551,1,0,80,80,1.0,0.9549359649323077,1.0,0.0450640350676923
refcoco,yoloworld,372112,18196,1,1,80,80,1.0,0.9549359649323077,1.0,0.0450640350676923
refcoco,yoloworld,556399,2283,1,0,28,80,0.35,0.24667193647253513,0.4647968854793358,0.21812494900680066
refcoco,yoloworld,114249,40166,0,0,0,0,0.0,0.0,0.0,0.0
refcoco,yoloworld,38033,46779,0,0,0,0,0.0,0.0,0.0,0.0
refcoco,yoloworld,29456,47472,1,0,78,80,0.975,0.9125928440694077,0.9969579138351904,0.08436506976578273
refcoco,yoloworld,222086,31118,0,0,0,0,0.0,0.0,0.0,0.0
refcoco,yoloworld,52928,45438,1,0,41,80,0.5125,0.39810466870318556,0.625942518555561,0.22783784985237548
refcoco,yoloworld,269532,27072,1,1,35,80,0.4375,0.3267639534337789,0.5530024286118197,0.2262384751780408
refcoco,yoloworld,238007,29805,1,0,24,80,0.3,0.20257392914667274,0.412759323081376,0.21018539393470323
refcoco,yoloworld,515401,5817,1,0,34,80,0.425,0.31510976545234215,0.5406111885690619,0.22550142311671972
refcoco,yoloworld,80826,42925,0,0,0,0,0.0,0.0,0.0,0.0
refcoco,yoloworld,249429,28820,0,0,0,0,0.0,0.0,0.0,0.0
refcoco,yoloworld,544109,3343,1,1,69,80,0.8625,0.7672791291752744,0.9293121672961213,0.1620330381208469
refcoco,yoloworld,348382,20051,1,0,65,80,0.8125,0.7096721043523089,0.8910863118524706,0.18141420750016168
refcoco,yoloworld,28451,47579,1,0,40,80,0.5,0.3860478833649093,0.6139521166350907,0.22790423327018144
refcoco,yoloworld,209993,32154,1,1,80,80,1.0,0.9549359649323077,1.0,0.0450640350676923
refcoco,yoloworld,175162,35094,1,1,74,80,0.925,0.8438720682639279,0.9719794538231588,0.12810738555923085
refcoco,yoloworld,558372,2134,1,0,42,80,0.525,0.4102278413767706,0.6378664183228473,0.2276385769460767
refcoco,yoloworld,387849,16848,1,1,74,80,0.925,0.8438720682639279,0.9719794538231588,0.12810738555923085
refcoco,yoloworld,396536,16060,1,1,71,80,0.8875,0.7971534080830098,0.9472484868543125,0.15009507877130268
refcoco,yoloworld,86754,42465,0,0,0,0,0.0,0.0,0.0,0.0
refcoco,yoloworld,531752,4402,1,1,75,80,0.9375,0.860142924702361,0.9793969276979898,0.11925400299562883
refcoco,yoloworld,18780,48386,1,1,80,80,1.0,0.9549359649323077,1.0,0.0450640350676923
refcoco,yoloworld,43998,46267,1,1,75,80,0.9375,0.860142924702361,0.9793969276979898,0.11925400299562883
refcoco,yoloworld,325494,22216,1,1,63,80,0.7875,0.6817141914403442,0.8710635049024182,0.18934931346207406
refcoco,yoloworld,351397,19784,0,0,0,0,0.0,0.0,0.0,0.0
refcoco,yoloworld,139324,37987,0,0,0,0,0.0,0.0,0.0,0.0
refcoco,yoloworld,260129,27912,1,1,72,80,0.9,0.8124348925365683,0.955829059846371,0.1433941673098027
refcoco,yoloworld,106383,40755,0,0,0,0,0.0,0.0,0.0,0.0
refcoco,yoloworld,68287,44038,1,0,61,80,0.7625,0.6542230288597322,0.8505462481433591,0.19632321928362695
refcoco,yoloworld,111992,40317,1,1,49,80,0.6125,0.4969755425018991,0.7194348668752178,0.22245932437331872
refcoco,yoloworld,92165,41976,1,1,63,80,0.7875,0.6817141914403442,0.8710635049024182,0.18934931346207406
refcoco,yoloworld,67748,44074,0,0,0,0,0.0,0.0,0.0,0.0
refcoco,yoloworld,208612,32283,1,0,49,80,0.6125,0.4969755425018991,0.7194348668752178,0.22245932437331872
refcoco,yoloworld,502504,6934,1,0,46,80,0.575,0.45938881143093807,0.6848902345476577,0.22550142311671967
refcoco,yoloworld,508140,6421,1,0,67,80,0.8375,0.7381631061748871,0.9105383582774708,0.17237525210258364
refcoco,yoloworld,237193,29904,1,1,77,80,0.9625,0.8942980149834914,0.9921988127342833,0.09790079775079197
refcoco,yoloworld,323149,22467,1,0,23,80,0.2875,0.19176047197196505,0.3995451133120206,0.20778464134005553
refcoco,yoloworld,244171,29305,1,0,80,80,1.0,0.9549359649323077,1.0,0.0450640350676923
refcoco,yoloworld,62348,44529,0,0,0,0,0.0,0.0,0.0,0.0
refcoco,yoloworld,126381,39083,1,0,80,80,1.0,0.9549359649323077,1.0,0.0450640350676923
refcoco,yoloworld,314051,23278,1,1,52,80,0.65,0.5352031145206643,0.7533280635274648,0.21812494900680057
refcoco,yoloworld,439374,12430,1,0,80,80,1.0,0.9549359649323077,1.0,0.0450640350676923
refcoco,yoloworld,484208,8540,1,1,53,80,0.6625,0.5480943856258318,0.7644738620163491,0.21637947639051736
refcoco,yoloworld,424821,13677,1,0,73,80,0.9125,0.8279916615801152,0.9640936410104413,0.1361019794303261
refcoco,yoloworld,149566,37113,0,0,0,0,0.0,0.0,0.0,0.0
refcoco,yoloworld,288559,25507,1,1,80,80,1.0,0.9549359649323077,1.0,0.0450640350676923
refcoco,yoloworld,430244,13171,0,0,0,0,0.0,0.0,0.0,0.0
refcoco,yoloworld,314462,23231,0,0,0,0,0.0,0.0,0.0,0.0
refcoco,yoloworld,545832,3199,1,1,35,80,0.4375,0.3267639534337789,0.5530024286118197,0.2262384751780408
refcoco,yoloworld,497311,7352,0,0,0,0,0.0,0.0,0.0,0.0
refcoco,yoloworld,260932,27825,0,0,0,0,0.0,0.0,0.0,0.0
refcoco,yoloworld,120155,39663,0,0,0,0,0.0,0.0,0.0,0.0
refcoco,yoloworld,385505,17085,1,1,80,80,1.0,0.9549359649323077,1.0,0.0450640350676923
refcoco,yoloworld,52086,45521,1,1,72,80,0.9,0.8124348925365683,0.955829059846371,0.1433941673098027
refcoco,yoloworld,300624,24484,1,0,52,80,0.65,0.5352031145206643,0.7533280635274648,0.21812494900680057
refcoco,yoloworld,327970,21949,0,0,0,0,0.0,0.0,0.0,0.0
refcoco,yoloworld,331900,21561,1,1,63,80,0.7875,0.6817141914403442,0.8710635049024182,0.18934931346207406
refcoco,yoloworld,329058,21846,1,0,80,80,1.0,0.9549359649323077,1.0,0.0450640350676923
refcoco,yoloworld,494032,7672,0,0,0,0,0.0,0.0,0.0,0.0
refcoco,yoloworld,382069,17361,1,0,48,80,0.6,0.4843769404954894,0.7079906437446896,0.22361370324920016
refcoco,yoloworld,67615,44086,0,0,0,0,0.0,0.0,0.0,0.0
refcoco,yoloworld,240331,29594,0,0,0,0,0.0,0.0,0.0,0.0
refcoco,yoloworld,437547,12592,1,0,42,80,0.525,0.4102278413767706,0.6378664183228473,0.2276385769460767
refcoco,yoloworld,560525,1969,1,0,38,80,0.475,0.3621335816771527,0.5897721586232294,0.2276385769460767
refcoco,yoloworld,131913,38583,1,1,80,80,1.0,0.9549359649323077,1.0,0.0450640350676923
refcoco,yoloworld,17451,48517,0,0,0,0,0.0,0.0,0.0,0.0
refcoco,yoloworld,192319,33640,0,0,0,0,0.0,0.0,0.0,0.0
refcoco,yoloworld,409825,14952,1,1,46,80,0.575,0.45938881143093807,0.6848902345476577,0.22550142311671967
refcoco,yoloworld,279762,26254,1,0,63,80,0.7875,0.6817141914403442,0.8710635049024182,0.18934931346207406
refcoco,yoloworld,521064,5282,1,0,40,80,0.5,0.3860478833649093,0.6139521166350907,0.22790423327018144
refcoco,yoloworld,322517,22516,0,0,0,0,0.0,0.0,0.0,0.0
refcoco,yoloworld,203069,32802,1,0,46,80,0.575,0.45938881143093807,0.6848902345476577,0.22550142311671967
refcoco,yoloworld,563679,1643,1,0,18,80,0.225,0.13913721049893182,0.33208632006125094,0.19294910956231912
refcoco,yoloworld,316238,23095,1,0,22,80,0.275,0.18103763855703875,0.38624342084440927,0.20520578228737052
refcoco,yoloworld,190513,33789,1,0,39,80,0.4875,0.37405748144443896,0.6018953312968145,0.22783784985237554
refcoco,yoloworld,264502,27509,1,1,58,80,0.725,0.6137565791555909,0.8189623614429612,0.2052057822873703
refcoco,yoloworld,579667,199,0,0,0,0,0.0,0.0,0.0,0.0
refcoco,yoloworld,295864,24963,1,1,80,80,1.0,0.9549359649323077,1.0,0.0450640350676923
refcoco,yoloworld,217959,31496,1,1,51,80,0.6375,0.5223872787351916,0.7421051046283819,0.21971782589319022
refcoco,yoloworld,18211,48451,1,0,60,80,0.75,0.64063652409315,0.8401203554931442,0.19948383139999426
refcoco,yoloworld,292315,25213,1,0,77,80,0.9625,0.8942980149834914,0.9921988127342833,0.09790079775079197
refcoco,yoloworld,140850,37830,1,1,57,80,0.7125,0.6004548866879794,0.8082395280280349,0.20778464134005548
refcoco,yoloworld,257804,28107,1,1,38,80,0.475,0.3621335816771527,0.5897721586232294,0.2276385769460767
refcoco,yoloworld,404828,15373,1,1,56,80,0.7,0.5872406769186242,0.7974260708533272,0.21018539393470292
refcoco,yoloworld,343201,20493,1,0,80,80,1.0,0.9549359649323077,1.0,0.0450640350676923
refcoco,yoloworld,314065,23275,1,1,54,80,0.675,0.5610629543955516,0.7755404148225468,0.21447746042699511
refcoco,yoloworld,215569,31702,0,0,0,0,0.0,0.0,0.0,0.0
refcoco,yoloworld,150704,37024,0,0,0,0,0.0,0.0,0.0,0.0
refcoco,yoloworld,150197,37054,0,0,0,0,0.0,0.0,0.0,0.0
refcoco,yoloworld,25628,47818,1,1,80,80,1.0,0.9549359649323077,1.0,0.0450640350676923
refcoco,yoloworld,287249,25611,1,1,70,80,0.875,0.7821108659305637,0.9383979034415657,0.15628703751100204
refcoco,yoloworld,309519,23766,0,0,0,0,0.0,0.0,0.0,0.0
refcoco,yoloworld,521366,5248,1,0,80,80,1.0,0.9549359649323077,1.0,0.0450640350676923
refcoco,yoloworld,545214,3254,1,0,36,80,0.45,0.33848638448981544,0.565326020905847,0.2268396364160316
refcoco,yoloworld,167169,35720,0,0,0,0,0.0,0.0,0.0,0.0
refcoco,yoloworld,573125,769,1,1,33,80,0.4125,0.30352459293759415,0.5281516595747955,0.22462706663720133
refcoco,yoloworld,6747,49473,1,0,80,80,1.0,0.9549359649323077,1.0,0.0450640350676923
refcoco,yoloworld,344319,20394,1,1,66,80,0.825,0.7238459604789864,0.9008894901605713,0.17704352968158488
refcoco,yoloworld,533293,4250,0,0,0,0,0.0,0.0,0.0,0.0
refcoco,yoloworld,349212,19974,0,0,0,0,0.0,0.0,0.0,0.0
refcoco,yoloworld,202657,32846,1,0,70,80,0.875,0.7821108659305637,0.9383979034415657,0.15628703751100204
refcoco,yoloworld,381889,17379,0,0,0,0,0.0,0.0,0.0,0.0
refcoco,yoloworld,253522,28474,1,0,16,80,0.2,0.11885908640498531,0.30436886700546445,0.18550978060047912
refcocoplus,groundingdino,456389,494854,1,0,53,80,0.6625,0.5480943856258318,0.7644738620163491,0.21637947639051736
refcocoplus,groundingdino,285220,457770,1,1,31,80,0.3875,0.28056513312478215,0.5030244574981009,0.22245932437331872
refcocoplus,groundingdino,576188,425901,1,1,59,80,0.7375,0.6271491697875681,0.8295907488995917,0.20244157911202365
refcocoplus,groundingdino,76590,1759890,1,0,79,80,0.9875,0.9323122155360776,0.9996835774723672,0.06737136193628968
refcocoplus,groundingdino,425325,2154546,1,0,65,80,0.8125,0.7096721043523089,0.8910863118524706,0.18141420750016168
refcocoplus,groundingdino,248830,480067,1,1,79,80,0.9875,0.9323122155360776,0.9996835774723672,0.06737136193628968
refcocoplus,groundingdino,492096,1259440,1,0,79,80,0.9875,0.9323122155360776,0.9996835774723672,0.06737136193628968
refcocoplus,groundingdino,571563,474473,1,0,80,80,1.0,0.9549359649323077,1.0,0.0450640350676923
refcocoplus,groundingdino,485954,55004,1,1,80,80,1.0,0.9549359649323077,1.0,0.0450640350676923
refcocoplus,groundingdino,410107,446571,1,1,80,80,1.0,0.9549359649323077,1.0,0.0450640350676923
refcocoplus,groundingdino,89882,525768,1,0,64,80,0.8,0.6956311329945355,0.8811409135950147,0.18550978060047918
refcocoplus,groundingdino,192524,198314,1,1,77,80,0.9625,0.8942980149834914,0.9921988127342833,0.09790079775079197
refcocoplus,groundingdino,173631,1212812,1,1,80,80,1.0,0.9549359649323077,1.0,0.0450640350676923
refcocoplus,groundingdino,179753,1216219,1,1,80,80,1.0,0.9549359649323077,1.0,0.0450640350676923
refcocoplus,groundingdino,512941,429031,1,1,76,80,0.95,0.876901263556847,0.9862106060235382,0.1093093424666911
refcocoplus,groundingdino,26583,450055,1,1,62,80,0.775,0.6679136799387491,0.8608627895010682,0.19294910956231914
refcocoplus,groundingdino,408266,1959062,1,0,80,80,1.0,0.9549359649323077,1.0,0.0450640350676923
refcocoplus,groundingdino,92974,2203893,1,0,76,80,0.95,0.876901263556847,0.9862106060235382,0.1093093424666911
refcocoplus,groundingdino,63683,470988,1,1,78,80,0.975,0.9125928440694077,0.9969579138351904,0.08436506976578273
refcocoplus,groundingdino,414961,457496,1,1,40,80,0.5,0.3860478833649093,0.6139521166350907,0.22790423327018144
refcocoplus,groundingdino,215003,499094,1,0,80,80,1.0,0.9549359649323077,1.0,0.0450640350676923
refcocoplus,groundingdino,435453,478153,1,1,76,80,0.95,0.876901263556847,0.9862106060235382,0.1093093424666911
refcocoplus,groundingdino,68797,1267104,1,0,80,80,1.0,0.9549359649323077,1.0,0.0450640350676923
refcocoplus,groundingdino,494733,1725533,1,1,65,80,0.8125,0.7096721043523089,0.8910863118524706,0.18141420750016168
refcocoplus,groundingdino,111754,490486,1,1,79,80,0.9875,0.9323122155360776,0.9996835774723672,0.06737136193628968
refcocoplus,groundingdino,132529,185712,1,0,80,80,1.0,0.9549359649323077,1.0,0.0450640350676923
refcocoplus,groundingdino,217925,506560,1,1,74,80,0.925,0.8438720682639279,0.9719794538231588,0.12810738555923085
refcocoplus,groundingdino,571661,556260,1,1,67,80,0.8375,0.7381631061748871,0.9105383582774708,0.17237525210258364
refcocoplus,groundingdino,487502,520316,1,0,72,80,0.9,0.8124348925365683,0.955829059846371,0.1433941673098027
refcocoplus,groundingdino,34223,537445,1,1,78,80,0.975,0.9125928440694077,0.9969579138351904,0.08436506976578273
refcocoplus,groundingdino,344399,445249,1,1,80,80,1.0,0.9549359649323077,1.0,0.0450640350676923
refcocoplus,groundingdino,231047,462806,1,0,50,80,0.625,0.5096452355928875,0.7308068300531951,0.2211615944603076
refcocoplus,groundingdino,461530,1684475,1,0,50,80,0.625,0.5096452355928875,0.7308068300531951,0.2211615944603076
refcocoplus,groundingdino,78425,1697173,1,1,28,80,0.35,0.24667193647253513,0.4647968854793358,0.21812494900680066
refcocoplus,groundingdino,469024,497575,1,1,76,80,0.95,0.876901263556847,0.9862106060235382,0.1093093424666911
refcocoplus,groundingdino,285395,183336,1,0,80,80,1.0,0.9549359649323077,1.0,0.0450640350676923
refcocoplus,groundingdino,395271,471478,1,1,64,80,0.8,0.6956311329945355,0.8811409135950147,0.18550978060047918
refcocoplus,groundingdino,44901,421659,1,0,78,80,0.975,0.9125928440694077,0.9969579138351904,0.08436506976578273
refcocoplus,groundingdino,42804,1265839,1,0,52,80,0.65,0.5352031145206643,0.7533280635274648,0.21812494900680057
refcocoplus,groundingdino,17945,1752448,1,1,71,80,0.8875,0.7971534080830098,0.9472484868543125,0.15009507877130268
refcocoplus,groundingdino,431704,509043,1,0,79,80,0.9875,0.9323122155360776,0.9996835774723672,0.06737136193628968
refcocoplus,groundingdino,563364,1331492,1,1,80,80,1.0,0.9549359649323077,1.0,0.0450640350676923
refcocoplus,groundingdino,203036,477590,1,0,73,80,0.9125,0.8279916615801152,0.9640936410104413,0.1361019794303261
refcocoplus,groundingdino,37286,1239915,1,1,80,80,1.0,0.9549359649323077,1.0,0.0450640350676923
refcocoplus,groundingdino,141101,1223252,1,1,38,80,0.475,0.3621335816771527,0.5897721586232294,0.2276385769460767
refcocoplus,groundingdino,333461,620612,1,0,80,80,1.0,0.9549359649323077,1.0,0.0450640350676923
refcocoplus,groundingdino,100667,460001,1,0,77,80,0.9625,0.8942980149834914,0.9921988127342833,0.09790079775079197
refcocoplus,groundingdino,145351,426906,1,1,80,80,1.0,0.9549359649323077,1.0,0.0450640350676923
refcocoplus,groundingdino,536145,1256733,1,0,69,80,0.8625,0.7672791291752744,0.9293121672961213,0.1620330381208469
refcocoplus,groundingdino,529016,190477,1,1,80,80,1.0,0.9549359649323077,1.0,0.0450640350676923
refcocoplus,groundingdino,17938,468257,1,0,77,80,0.9625,0.8942980149834914,0.9921988127342833,0.09790079775079197
refcocoplus,groundingdino,308470,1280600,1,0,80,80,1.0,0.9549359649323077,1.0,0.0450640350676923
refcocoplus,groundingdino,190087,1297272,1,1,75,80,0.9375,0.860142924702361,0.9793969276979898,0.11925400299562883
refcocoplus,groundingdino,409616,475018,1,0,80,80,1.0,0.9549359649323077,1.0,0.0450640350676923
refcocoplus,groundingdino,322634,471138,1,1,62,80,0.775,0.6679136799387491,0.8608627895010682,0.19294910956231914
refcocoplus,groundingdino,77377,1612050,1,1,75,80,0.9375,0.860142924702361,0.9793969276979898,0.11925400299562883
refcocoplus,groundingdino,165606,2156760,1,1,80,80,1.0,0.9549359649323077,1.0,0.0450640350676923
refcocoplus,groundingdino,56676,1264566,1,0,70,80,0.875,0.7821108659305637,0.9383979034415657,0.15628703751100204
refcocoplus,groundingdino,154888,474332,1,1,54,80,0.675,0.5610629543955516,0.7755404148225468,0.21447746042699511
refcocoplus,groundingdino,319712,226868,1,1,54,80,0.675,0.5610629543955516,0.7755404148225468,0.21447746042699511
refcocoplus,groundingdino,73174,1678300,1,0,65,80,0.8125,0.7096721043523089,0.8910863118524706,0.18141420750016168
refcocoplus,groundingdino,359308,1751511,1,0,80,80,1.0,0.9549359649323077,1.0,0.0450640350676923
refcocoplus,groundingdino,315168,470034,1,0,60,80,0.75,0.64063652409315,0.8401203554931442,0.19948383139999426
refcocoplus,groundingdino,60182,492541,1,1,43,80,0.5375,0.4224175280048351,0.6497235734616016,0.22730604545676647
refcocoplus,groundingdino,223871,474354,1,0,80,80,1.0,0.9549359649323077,1.0,0.0450640350676923
refcocoplus,groundingdino,332547,568922,1,1,77,80,0.9625,0.8942980149834914,0.9921988127342833,0.09790079775079197
refcocoplus,groundingdino,205313,1737321,1,1,80,80,1.0,0.9549359649323077,1.0,0.0450640350676923
refcocoplus,groundingdino,331616,2162783,1,0,41,80,0.5125,0.39810466870318556,0.625942518555561,0.22783784985237548
refcocoplus,groundingdino,95455,1208825,1,0,54,80,0.675,0.5610629543955516,0.7755404148225468,0.21447746042699511
refcocoplus,groundingdino,374553,500888,1,0,80,80,1.0,0.9549359649323077,1.0,0.0450640350676923
refcocoplus,groundingdino,175118,466963,1,0,80,80,1.0,0.9549359649323077,1.0,0.0450640350676923
refcocoplus,groundingdino,346250,518130,1,1,80,80,1.0,0.9549359649323077,1.0,0.0450640350676923
refcocoplus,groundingdino,188585,462346,1,1,80,80,1.0,0.9549359649323077,1.0,0.0450640350676923
refcocoplus,groundingdino,436515,1746819,1,0,61,80,0.7625,0.6542230288597322,0.8505462481433591,0.19632321928362695
refcocoplus,groundingdino,357010,1270393,1,0,78,80,0.975,0.9125928440694077,0.9969579138351904,0.08436506976578273
refcocoplus,groundingdino,463474,465941,1,0,75,80,0.9375,0.860142924702361,0.9793969276979898,0.11925400299562883
refcocoplus,groundingdino,288039,470088,1,1,80,80,1.0,0.9549359649323077,1.0,0.0450640350676923
refcocoplus,groundingdino,219535,459208,1,1,80,80,1.0,0.9549359649323077,1.0,0.0450640350676923
refcocoplus,groundingdino,194677,495168,1,1,80,80,1.0,0.9549359649323077,1.0,0.0450640350676923
refcocoplus,groundingdino,340897,1287561,1,1,80,80,1.0,0.9549359649323077,1.0,0.0450640350676923
refcocoplus,groundingdino,534292,565491,1,1,68,80,0.85,0.7526358884071023,0.9200184386902862,0.16738255028318394
refcocoplus,groundingdino,327063,544365,1,0,80,80,1.0,0.9549359649323077,1.0,0.0450640350676923
refcocoplus,groundingdino,9846,461033,1,0,50,80,0.625,0.5096452355928875,0.7308068300531951,0.2211615944603076
refcocoplus,groundingdino,152309,1724621,1,0,80,80,1.0,0.9549359649323077,1.0,0.0450640350676923
refcocoplus,groundingdino,564349,444940,1,1,80,80,1.0,0.9549359649323077,1.0,0.0450640350676923
refcocoplus,groundingdino,54402,2157832,1,1,80,80,1.0,0.9549359649323077,1.0,0.0450640350676923
refcocoplus,groundingdino,351807,209697,1,1,79,80,0.9875,0.9323122155360776,0.9996835774723672,0.06737136193628968
refcocoplus,groundingdino,339597,1745539,1,1,65,80,0.8125,0.7096721043523089,0.8910863118524706,0.18141420750016168
refcocoplus,groundingdino,560155,501662,1,1,80,80,1.0,0.9549359649323077,1.0,0.0450640350676923
refcocoplus,groundingdino,177821,530639,1,0,61,80,0.7625,0.6542230288597322,0.8505462481433591,0.19632321928362695
refcocoplus,groundingdino,375331,199993,1,1,80,80,1.0,0.9549359649323077,1.0,0.0450640350676923
refcocoplus,groundingdino,535289,1733627,1,1,74,80,0.925,0.8438720682639279,0.9719794538231588,0.12810738555923085
refcocoplus,groundingdino,445405,484755,1,1,80,80,1.0,0.9549359649323077,1.0,0.0450640350676923
refcocoplus,groundingdino,515702,1690898,1,0,72,80,0.9,0.8124348925365683,0.955829059846371,0.1433941673098027
refcocoplus,groundingdino,369801,280490,1,1,32,80,0.4,0.2920093562553105,0.5156230595045106,0.2236137032492001
refcocoplus,groundingdino,453930,1223382,1,0,77,80,0.9625,0.8942980149834914,0.9921988127342833,0.09790079775079197
refcocoplus,groundingdino,490801,449795,1,1,68,80,0.85,0.7526358884071023,0.9200184386902862,0.16738255028318394
refcocoplus,groundingdino,261990,489792,1,0,80,80,1.0,0.9549359649323077,1.0,0.0450640350676923
refcocoplus,groundingdino,354738,512798,1,0,60,80,0.75,0.64063652409315,0.8401203554931442,0.19948383139999426
refcocoplus,groundingdino,481667,2153347,1,0,45,80,0.5625,0.44699757138818025,0.673236046566221,0.2262384751780408
refcocoplus,groundingdino,22102,1742822,1,1,80,80,1.0,0.9549359649323077,1.0,0.0450640350676923
refcocoplus,groundingdino,400343,187380,1,0,54,80,0.675,0.5610629543955516,0.7755404148225468,0.21447746042699511
refcocoplus,groundingdino,135242,223440,1,0,54,80,0.675,0.5610629543955516,0.7755404148225468,0.21447746042699511
refcocoplus,groundingdino,354771,435113,1,0,80,80,1.0,0.9549359649323077,1.0,0.0450640350676923
refcocoplus,groundingdino,266240,524389,1,0,80,80,1.0,0.9549359649323077,1.0,0.0450640350676923
refcocoplus,groundingdino,141702,487242,1,0,80,80,1.0,0.9549359649323077,1.0,0.0450640350676923
refcocoplus,groundingdino,399442,469634,1,0,80,80,1.0,0.9549359649323077,1.0,0.0450640350676923
refcocoplus,groundingdino,114801,462020,1,0,80,80,1.0,0.9549359649323077,1.0,0.0450640350676923
refcocoplus,groundingdino,336078,1241982,1,1,80,80,1.0,0.9549359649323077,1.0,0.0450640350676923
refcocoplus,groundingdino,839,482127,1,1,61,80,0.7625,0.6542230288597322,0.8505462481433591,0.19632321928362695
refcocoplus,groundingdino,496942,237015,1,1,78,80,0.975,0.9125928440694077,0.9969579138351904,0.08436506976578273
refcocoplus,groundingdino,202567,471546,1,1,79,80,0.9875,0.9323122155360776,0.9996835774723672,0.06737136193628968
refcocoplus,groundingdino,174059,1728227,1,0,60,80,0.75,0.64063652409315,0.8401203554931442,0.19948383139999426
refcocoplus,groundingdino,106637,449679,1,1,80,80,1.0,0.9549359649323077,1.0,0.0450640350676923
refcocoplus,groundingdino,61459,511856,1,1,80,80,1.0,0.9549359649323077,1.0,0.0450640350676923
refcocoplus,groundingdino,520978,1225418,1,1,80,80,1.0,0.9549359649323077,1.0,0.0450640350676923
refcocoplus,groundingdino,60155,1216316,1,0,80,80,1.0,0.9549359649323077,1.0,0.0450640350676923
refcocoplus,groundingdino,247271,486238,1,0,75,80,0.9375,0.860142924702361,0.9793969276979898,0.11925400299562883
refcocoplus,groundingdino,529352,252498,1,0,65,80,0.8125,0.7096721043523089,0.8910863118524706,0.18141420750016168
refcocoplus,groundingdino,329551,202206,1,1,80,80,1.0,0.9549359649323077,1.0,0.0450640350676923
refcocoplus,groundingdino,111998,1319873,1,0,74,80,0.925,0.8438720682639279,0.9719794538231588,0.12810738555923085
refcocoplus,groundingdino,136184,1738983,1,0,37,80,0.4625,0.3502764265383982,0.5775824719951649,0.2273060454567667
refcocoplus,groundingdino,320432,1232873,1,1,42,80,0.525,0.4102278413767706,0.6378664183228473,0.2276385769460767
refcocoplus,groundingdino,512458,191782,1,0,68,80,0.85,0.7526358884071023,0.9200184386902862,0.16738255028318394
refcocoplus,groundingdino,265186,1216381,1,1,75,80,0.9375,0.860142924702361,0.9793969276979898,0.11925400299562883
refcocoplus,groundingdino,451336,1754301,1,1,76,80,0.95,0.876901263556847,0.9862106060235382,0.1093093424666911
refcocoplus,groundingdino,78583,440327,1,1,58,80,0.725,0.6137565791555909,0.8189623614429612,0.2052057822873703
refcocoplus,groundingdino,43232,1285752,1,1,80,80,1.0,0.9549359649323077,1.0,0.0450640350676923
refcocoplus,groundingdino,81135,1256487,1,0,51,80,0.6375,0.5223872787351916,0.7421051046283819,0.21971782589319022
refcocoplus,groundingdino,303471,515673,1,0,78,80,0.975,0.9125928440694077,0.9969579138351904,0.08436506976578273
refcocoplus,groundingdino,331331,1923208,1,0,80,80,1.0,0.9549359649323077,1.0,0.0450640350676923
refcocoplus,groundingdino,120431,2204971,1,1,80,80,1.0,0.9549359649323077,1.0,0.0450640350676923
refcocoplus,groundingdino,370802,2167684,1,1,78,80,0.975,0.9125928440694077,0.9969579138351904,0.08436506976578273
refcocoplus,groundingdino,259809,1303931,1,0,42,80,0.525,0.4102278413767706,0.6378664183228473,0.2276385769460767
refcocoplus,groundingdino,314247,1204131,1,1,61,80,0.7625,0.6542230288597322,0.8505462481433591,0.19632321928362695
refcocoplus,groundingdino,351719,2167791,1,1,80,80,1.0,0.9549359649323077,1.0,0.0450640350676923
refcocoplus,groundingdino,396495,453006,1,1,80,80,1.0,0.9549359649323077,1.0,0.0450640350676923
refcocoplus,groundingdino,320957,556468,1,1,55,80,0.6875,0.5741109261435505,0.7865253688912328,0.21241444274768229
refcocoplus,groundingdino,18885,1747039,1,0,34,80,0.425,0.31510976545234215,0.5406111885690619,0.22550142311671972
refcocoplus,groundingdino,556176,499719,1,1,50,80,0.625,0.5096452355928875,0.7308068300531951,0.2211615944603076
refcocoplus,groundingdino,379820,197836,1,0,78,80,0.975,0.9125928440694077,0.9969579138351904,0.08436506976578273
refcocoplus,groundingdino,53335,189204,1,0,80,80,1.0,0.9549359649323077,1.0,0.0450640350676923
refcocoplus,groundingdino,395853,1269487,1,0,80,80,1.0,0.9549359649323077,1.0,0.0450640350676923
refcocoplus,groundingdino,502288,460977,1,1,63,80,0.7875,0.6817141914403442,0.8710635049024182,0.18934931346207406
refcocoplus,groundingdino,333492,1254825,1,0,80,80,1.0,0.9549359649323077,1.0,0.0450640350676923
refcocoplus,groundingdino,472602,1228756,1,0,80,80,1.0,0.9549359649323077,1.0,0.0450640350676923
refcocoplus,groundingdino,318937,483364,1,1,80,80,1.0,0.9549359649323077,1.0,0.0450640350676923
refcocoplus,groundingdino,199836,508067,1,0,80,80,1.0,0.9549359649323077,1.0,0.0450640350676923
refcocoplus,groundingdino,239461,441589,1,0,74,80,0.925,0.8438720682639279,0.9719794538231588,0.12810738555923085
refcocoplus,groundingdino,163991,1730322,1,0,55,80,0.6875,0.5741109261435505,0.7865253688912328,0.21241444274768229
refcocoplus,groundingdino,33572,213648,1,0,42,80,0.525,0.4102278413767706,0.6378664183228473,0.2276385769460767
refcocoplus,groundingdino,131030,493291,1,1,80,80,1.0,0.9549359649323077,1.0,0.0450640350676923
refcocoplus,groundingdino,534224,193611,1,1,69,80,0.8625,0.7672791291752744,0.9293121672961213,0.1620330381208469
refcocoplus,groundingdino,19123,198676,1,1,68,80,0.85,0.7526358884071023,0.9200184386902862,0.16738255028318394
refcocoplus,groundingdino,334714,1741687,1,1,44,80,0.55,0.43467397909415284,0.6615136155101845,0.22683963641603166
refcocoplus,groundingdino,125550,474150,1,0,52,80,0.65,0.5352031145206643,0.7533280635274648,0.21812494900680057
refcocoplus,groundingdino,76245,357941,1,0,76,80,0.95,0.876901263556847,0.9862106060235382,0.1093093424666911
refcocoplus,groundingdino,170809,511033,1,0,33,80,0.4125,0.30352459293759415,0.5281516595747955,0.22462706663720133
refcocoplus,groundingdino,275741,1704929,1,0,52,80,0.65,0.5352031145206643,0.7533280635274648,0.21812494900680057
refcocoplus,groundingdino,26438,189113,1,1,52,80,0.65,0.5352031145206643,0.7533280635274648,0.21812494900680057
refcocoplus,groundingdino,308524,2162553,1,1,80,80,1.0,0.9549359649323077,1.0,0.0450640350676923
refcocoplus,groundingdino,337164,428996,1,1,76,80,0.95,0.876901263556847,0.9862106060235382,0.1093093424666911
refcocoplus,groundingdino,456554,479375,1,0,71,80,0.8875,0.7971534080830098,0.9472484868543125,0.15009507877130268
refcocoplus,groundingdino,432754,492632,1,0,51,80,0.6375,0.5223872787351916,0.7421051046283819,0.21971782589319022
refcocoplus,groundingdino,373444,210391,1,1,47,80,0.5875,0.47184834042520446,0.6964754070624058,0.2246270666372014
refcocoplus,groundingdino,484385,1718117,1,0,68,80,0.85,0.7526358884071023,0.9200184386902862,0.16738255028318394
refcocoplus,groundingdino,354772,1718732,1,1,80,80,1.0,0.9549359649323077,1.0,0.0450640350676923
refcocoplus,groundingdino,151729,1392487,1,0,80,80,1.0,0.9549359649323077,1.0,0.0450640350676923
refcocoplus,groundingdino,372352,489571,1,1,71,80,0.8875,0.7971534080830098,0.9472484868543125,0.15009507877130268
refcocoplus,groundingdino,259655,442848,1,1,69,80,0.8625,0.7672791291752744,0.9293121672961213,0.1620330381208469
refcocoplus,groundingdino,388403,490893,1,0,48,80,0.6,0.4843769404954894,0.7079906437446896,0.22361370324920016
refcocoplus,groundingdino,349663,447906,1,1,76,80,0.95,0.876901263556847,0.9862106060235382,0.1093093424666911
refcocoplus,groundingdino,414916,535146,1,1,79,80,0.9875,0.9323122155360776,0.9996835774723672,0.06737136193628968
refcocoplus,groundingdino,534440,516617,1,1,80,80,1.0,0.9549359649323077,1.0,0.0450640350676923
refcocoplus,groundingdino,105633,2159406,1,1,76,80,0.95,0.876901263556847,0.9862106060235382,0.1093093424666911
refcocoplus,groundingdino,133654,1706674,1,1,51,80,0.6375,0.5223872787351916,0.7421051046283819,0.21971782589319022
refcocoplus,groundingdino,447681,2229179,1,0,79,80,0.9875,0.9323122155360776,0.9996835774723672,0.06737136193628968
refcocoplus,groundingdino,35964,2207391,1,0,80,80,1.0,0.9549359649323077,1.0,0.0450640350676923
refcocoplus,groundingdino,545187,568955,1,0,62,80,0.775,0.6679136799387491,0.8608627895010682,0.19294910956231914
refcocoplus,groundingdino,576286,451559,1,0,80,80,1.0,0.9549359649323077,1.0,0.0450640350676923
refcocoplus,groundingdino,382341,448246,1,1,49,80,0.6125,0.4969755425018991,0.7194348668752178,0.22245932437331872
refcocoplus,groundingdino,279632,617952,1,1,80,80,1.0,0.9549359649323077,1.0,0.0450640350676923
refcocoplus,groundingdino,414002,1726002,1,1,39,80,0.4875,0.37405748144443896,0.6018953312968145,0.22783784985237554
refcocoplus,groundingdino,258165,467696,1,1,80,80,1.0,0.9549359649323077,1.0,0.0450640350676923
refcocoplus,groundingdino,379093,503652,1,0,58,80,0.725,0.6137565791555909,0.8189623614429612,0.2052057822873703
refcocoplus,groundingdino,538872,1294784,1,1,71,80,0.8875,0.7971534080830098,0.9472484868543125,0.15009507877130268
refcocoplus,groundingdino,350070,562484,1,0,68,80,0.85,0.7526358884071023,0.9200184386902862,0.16738255028318394
refcocoplus,groundingdino,480196,234569,1,1,80,80,1.0,0.9549359649323077,1.0,0.0450640350676923
refcocoplus,groundingdino,161381,1263360,1,1,80,80,1.0,0.9549359649323077,1.0,0.0450640350676923
refcocoplus,groundingdino,274267,384333,1,0,70,80,0.875,0.7821108659305637,0.9383979034415657,0.15628703751100204
refcocoplus,groundingdino,206198,1230890,1,1,51,80,0.6375,0.5223872787351916,0.7421051046283819,0.21971782589319022
refcocoplus,groundingdino,464174,479107,1,0,80,80,1.0,0.9549359649323077,1.0,0.0450640350676923
refcocoplus,groundingdino,68159,554353,1,0,78,80,0.975,0.9125928440694077,0.9969579138351904,0.08436506976578273
refcocoplus,groundingdino,337976,1740631,1,0,79,80,0.9875,0.9323122155360776,0.9996835774723672,0.06737136193628968
refcocoplus,groundingdino,224541,495494,1,0,67,80,0.8375,0.7381631061748871,0.9105383582774708,0.17237525210258364
refcocoplus,groundingdino,104752,487734,1,1,79,80,0.9875,0.9323122155360776,0.9996835774723672,0.06737136193628968
refcocoplus,groundingdino,468465,193564,1,0,79,80,0.9875,0.9323122155360776,0.9996835774723672,0.06737136193628968
refcocoplus,groundingdino,242453,471989,1,1,39,80,0.4875,0.37405748144443896,0.6018953312968145,0.22783784985237554
refcocoplus,groundingdino,412691,463602,1,1,46,80,0.575,0.45938881143093807,0.6848902345476577,0.22550142311671967
refcocoplus,groundingdino,144851,1725452,1,1,40,80,0.5,0.3860478833649093,0.6139521166350907,0.22790423327018144
refcocoplus,groundingdino,372309,230467,1,0,80,80,1.0,0.9549359649323077,1.0,0.0450640350676923
refcocoplus,groundingdino,275180,2166236,1,1,76,80,0.95,0.876901263556847,0.9862106060235382,0.1093093424666911
refcocoplus,groundingdino,139429,201350,1,0,77,80,0.9625,0.8942980149834914,0.9921988127342833,0.09790079775079197
refcocoplus,groundingdino,339918,516584,1,0,77,80,0.9625,0.8942980149834914,0.9921988127342833,0.09790079775079197
refcocoplus,groundingdino,495875,428481,1,0,80,80,1.0,0.9549359649323077,1.0,0.0450640350676923
refcocoplus,groundingdino,95257,583172,1,0,43,80,0.5375,0.4224175280048351,0.6497235734616016,0.22730604545676647
refcocoplus,groundingdino,303923,1710626,1,1,29,80,0.3625,0.2578948953716181,0.47761272126480847,0.2197178258931904
refcocoplus,groundingdino,212532,2156623,1,1,70,80,0.875,0.7821108659305637,0.9383979034415657,0.15628703751100204
refcocoplus,groundingdino,182947,537870,1,1,73,80,0.9125,0.8279916615801152,0.9640936410104413,0.1361019794303261
refcocoplus,groundingdino,121683,1100091,1,1,73,80,0.9125,0.8279916615801152,0.9640936410104413,0.1361019794303261
refcocoplus,groundingdino,296635,570458,1,0,49,80,0.6125,0.4969755425018991,0.7194348668752178,0.22245932437331872
refcocoplus,groundingdino,482454,190254,1,1,78,80,0.975,0.9125928440694077,0.9969579138351904,0.08436506976578273
refcocoplus,groundingdino,536055,486835,1,0,80,80,1.0,0.9549359649323077,1.0,0.0450640350676923
refcocoplus,groundingdino,3293,1721891,1,1,69,80,0.8625,0.7672791291752744,0.9293121672961213,0.1620330381208469
refcocoplus,groundingdino,76937,209202,1,1,74,80,0.925,0.8438720682639279,0.9719794538231588,0.12810738555923085
refcocoplus,groundingdino,19789,445145,1,1,65,80,0.8125,0.7096721043523089,0.8910863118524706,0.18141420750016168
refcocoplus,groundingdino,532260,1261503,1,1,70,80,0.875,0.7821108659305637,0.9383979034415657,0.15628703751100204
refcocoplus,groundingdino,84167,431117,1,1,80,80,1.0,0.9549359649323077,1.0,0.0450640350676923
refcocoplus,groundingdino,106994,456865,1,0,80,80,1.0,0.9549359649323077,1.0,0.0450640350676923
refcocoplus,groundingdino,354557,1679072,1,0,66,80,0.825,0.7238459604789864,0.9008894901605713,0.17704352968158488
refcocoplus,groundingdino,338872,443845,1,1,70,80,0.875,0.7821108659305637,0.9383979034415657,0.15628703751100204
refcocoplus,groundingdino,355440,223500,1,1,67,80,0.8375,0.7381631061748871,0.9105383582774708,0.17237525210258364
refcocoplus,groundingdino,355571,236682,1,1,80,80,1.0,0.9549359649323077,1.0,0.0450640350676923
refcocoplus,groundingdino,180285,1726578,1,0,73,80,0.9125,0.8279916615801152,0.9640936410104413,0.1361019794303261
refcocoplus,groundingdino,36017,1498960,1,0,51,80,0.6375,0.5223872787351916,0.7421051046283819,0.21971782589319022
refcocoplus,groundingdino,377594,1707742,1,0,76,80,0.95,0.876901263556847,0.9862106060235382,0.1093093424666911
refcocoplus,groundingdino,307881,512780,1,1,80,80,1.0,0.9549359649323077,1.0,0.0450640350676923
refcocoplus,groundingdino,410779,438588,1,1,60,80,0.75,0.64063652409315,0.8401203554931442,0.19948383139999426
refcocoplus,groundingdino,168349,1237999,1,1,80,80,1.0,0.9549359649323077,1.0,0.0450640350676923
refcocoplus,groundingdino,444445,437977,1,1,60,80,0.75,0.64063652409315,0.8401203554931442,0.19948383139999426
refcocoplus,groundingdino,12424,498399,1,0,80,80,1.0,0.9549359649323077,1.0,0.0450640350676923
refcocoplus,groundingdino,342963,556811,1,1,80,80,1.0,0.9549359649323077,1.0,0.0450640350676923
refcocoplus,groundingdino,62455,1727746,1,1,78,80,0.975,0.9125928440694077,0.9969579138351904,0.08436506976578273
refcocoplus,groundingdino,515815,201409,1,0,69,80,0.8625,0.7672791291752744,0.9293121672961213,0.1620330381208469
refcocoplus,groundingdino,521437,215568,1,1,78,80,0.975,0.9125928440694077,0.9969579138351904,0.08436506976578273
refcocoplus,groundingdino,121181,1231175,1,0,78,80,0.975,0.9125928440694077,0.9969579138351904,0.08436506976578273
refcocoplus,groundingdino,575980,424789,1,1,52,80,0.65,0.5352031145206643,0.7533280635274648,0.21812494900680057
refcocoplus,groundingdino,499141,217761,1,0,23,80,0.2875,0.19176047197196505,0.3995451133120206,0.20778464134005553
refcocoplus,groundingdino,310865,2217385,1,1,47,80,0.5875,0.47184834042520446,0.6964754070624058,0.2246270666372014
refcocoplus,groundingdino,531778,2150525,1,0,59,80,0.7375,0.6271491697875681,0.8295907488995917,0.20244157911202365
refcocoplus,groundingdino,519616,520346,1,1,38,80,0.475,0.3621335816771527,0.5897721586232294,0.2276385769460767
refcocoplus,groundingdino,304125,491064,1,1,46,80,0.575,0.45938881143093807,0.6848902345476577,0.22550142311671967
refcocoplus,groundingdino,204792,195577,1,0,80,80,1.0,0.9549359649323077,1.0,0.0450640350676923
refcocoplus,groundingdino,485364,229674,1,1,41,80,0.5125,0.39810466870318556,0.625942518555561,0.22783784985237548
refcocoplus,groundingdino,61328,2204504,1,1,80,80,1.0,0.9549359649323077,1.0,0.0450640350676923
refcocoplus,groundingdino,257301,257907,1,0,28,80,0.35,0.24667193647253513,0.4647968854793358,0.21812494900680066
refcocoplus,groundingdino,77005,1255434,1,1,80,80,1.0,0.9549359649323077,1.0,0.0450640350676923
refcocoplus,groundingdino,91056,441159,1,1,80,80,1.0,0.9549359649323077,1.0,0.0450640350676923
refcocoplus,groundingdino,520590,459587,1,1,80,80,1.0,0.9549359649323077,1.0,0.0450640350676923
refcocoplus,groundingdino,20044,488511,1,1,80,80,1.0,0.9549359649323077,1.0,0.0450640350676923
refcocoplus,groundingdino,281840,1723251,1,1,80,80,1.0,0.9549359649323077,1.0,0.0450640350676923
refcocoplus,groundingdino,54003,503695,1,1,80,80,1.0,0.9549359649323077,1.0,0.0450640350676923
refcocoplus,groundingdino,481736,183105,1,1,72,80,0.9,0.8124348925365683,0.955829059846371,0.1433941673098027
refcocoplus,groundingdino,347796,1103398,1,0,74,80,0.925,0.8438720682639279,0.9719794538231588,0.12810738555923085
refcocoplus,groundingdino,120333,425303,1,1,80,80,1.0,0.9549359649323077,1.0,0.0450640350676923
refcocoplus,groundingdino,261521,561551,1,1,64,80,0.8,0.6956311329945355,0.8811409135950147,0.18550978060047918
refcocoplus,groundingdino,111045,482960,1,1,76,80,0.95,0.876901263556847,0.9862106060235382,0.1093093424666911
refcocoplus,groundingdino,450878,444397,1,1,41,80,0.5125,0.39810466870318556,0.625942518555561,0.22783784985237548
refcocoplus,groundingdino,4993,434943,1,1,41,80,0.5125,0.39810466870318556,0.625942518555561,0.22783784985237548
refcocoplus,groundingdino,462067,1205518,1,0,80,80,1.0,0.9549359649323077,1.0,0.0450640350676923
refcocoplus,groundingdino,125882,380258,1,1,41,80,0.5125,0.39810466870318556,0.625942518555561,0.22783784985237548
refcocoplus,groundingdino,28953,1710361,1,0,67,80,0.8375,0.7381631061748871,0.9105383582774708,0.17237525210258364
refcocoplus,groundingdino,76746,515193,1,0,74,80,0.925,0.8438720682639279,0.9719794538231588,0.12810738555923085
refcocoplus,groundingdino,380395,1723565,1,0,58,80,0.725,0.6137565791555909,0.8189623614429612,0.2052057822873703
refcocoplus,groundingdino,323030,507717,1,1,80,80,1.0,0.9549359649323077,1.0,0.0450640350676923
refcocoplus,groundingdino,361907,1580238,1,1,72,80,0.9,0.8124348925365683,0.955829059846371,0.1433941673098027
refcocoplus,groundingdino,420028,1740534,1,1,80,80,1.0,0.9549359649323077,1.0,0.0450640350676923
refcocoplus,groundingdino,524155,544355,1,1,80,80,1.0,0.9549359649323077,1.0,0.0450640350676923
refcocoplus,groundingdino,164042,422202,1,1,72,80,0.9,0.8124348925365683,0.955829059846371,0.1433941673098027
refcocoplus,groundingdino,420864,252049,1,1,61,80,0.7625,0.6542230288597322,0.8505462481433591,0.19632321928362695
refcocoplus,groundingdino,185153,195009,1,0,80,80,1.0,0.9549359649323077,1.0,0.0450640350676923
refcocoplus,groundingdino,60378,240712,1,1,79,80,0.9875,0.9323122155360776,0.9996835774723672,0.06737136193628968
refcocoplus,groundingdino,14502,464637,1,0,68,80,0.85,0.7526358884071023,0.9200184386902862,0.16738255028318394
refcocoplus,groundingdino,410963,525760,1,1,80,80,1.0,0.9549359649323077,1.0,0.0450640350676923
refcocoplus,groundingdino,488676,477767,1,1,80,80,1.0,0.9549359649323077,1.0,0.0450640350676923
refcocoplus,groundingdino,493448,549269,1,1,80,80,1.0,0.9549359649323077,1.0,0.0450640350676923
refcocoplus,groundingdino,343407,524836,1,1,67,80,0.8375,0.7381631061748871,0.9105383582774708,0.17237525210258364
refcocoplus,groundingdino,560476,2167280,1,0,79,80,0.9875,0.9323122155360776,0.9996835774723672,0.06737136193628968
refcocoplus,groundingdino,74065,1710821,1,0,70,80,0.875,0.7821108659305637,0.9383979034415657,0.15628703751100204
refcocoplus,groundingdino,548175,1236132,1,1,79,80,0.9875,0.9323122155360776,0.9996835774723672,0.06737136193628968
refcocoplus,groundingdino,16322,479631,1,1,74,80,0.925,0.8438720682639279,0.9719794538231588,0.12810738555923085
refcocoplus,groundingdino,132889,1214012,1,1,80,80,1.0,0.9549359649323077,1.0,0.0450640350676923
refcocoplus,groundingdino,464917,1318246,1,0,41,80,0.5125,0.39810466870318556,0.625942518555561,0.22783784985237548
refcocoplus,groundingdino,306359,1726013,1,1,69,80,0.8625,0.7672791291752744,0.9293121672961213,0.1620330381208469
refcocoplus,groundingdino,355593,448997,1,0,69,80,0.8625,0.7672791291752744,0.9293121672961213,0.1620330381208469
refcocoplus,groundingdino,489145,1721831,1,0,80,80,1.0,0.9549359649323077,1.0,0.0450640350676923
refcocoplus,groundingdino,254585,450738,1,0,80,80,1.0,0.9549359649323077,1.0,0.0450640350676923
refcocoplus,groundingdino,444285,224505,1,0,52,80,0.65,0.5352031145206643,0.7533280635274648,0.21812494900680057
refcocoplus,groundingdino,16659,513756,1,0,48,80,0.6,0.4843769404954894,0.7079906437446896,0.22361370324920016
refcocoplus,groundingdino,228356,1270122,1,0,53,80,0.6625,0.5480943856258318,0.7644738620163491,0.21637947639051736
refcocoplus,groundingdino,569255,528800,1,1,57,80,0.7125,0.6004548866879794,0.8082395280280349,0.20778464134005548
refcocoplus,groundingdino,556698,459043,1,1,67,80,0.8375,0.7381631061748871,0.9105383582774708,0.17237525210258364
refcocoplus,groundingdino,47093,494270,1,0,80,80,1.0,0.9549359649323077,1.0,0.0450640350676923
refcocoplus,groundingdino,352389,488310,1,1,80,80,1.0,0.9549359649323077,1.0,0.0450640350676923
refcocoplus,groundingdino,404852,2152446,1,1,20,80,0.25,0.1598796445068557,0.35936347590685,0.19948383139999432
refcocoplus,groundingdino,258249,533443,1,1,80,80,1.0,0.9549359649323077,1.0,0.0450640350676923
refcocoplus,groundingdino,446539,472813,1,1,58,80,0.725,0.6137565791555909,0.8189623614429612,0.2052057822873703
refcocoplus,groundingdino,119263,227985,1,1,60,80,0.75,0.64063652409315,0.8401203554931442,0.19948383139999426
refcocoplus,groundingdino,23539,2155328,1,0,77,80,0.9625,0.8942980149834914,0.9921988127342833,0.09790079775079197
refcocoplus,groundingdino,469559,529782,1,0,80,80,1.0,0.9549359649323077,1.0,0.0450640350676923
refcocoplus,groundingdino,109008,1701660,1,1,80,80,1.0,0.9549359649323077,1.0,0.0450640350676923
refcocoplus,groundingdino,427779,537261,1,1,54,80,0.675,0.5610629543955516,0.7755404148225468,0.21447746042699511
refcocoplus,groundingdino,296093,459768,1,1,80,80,1.0,0.9549359649323077,1.0,0.0450640350676923
refcocoplus,groundingdino,498702,504492,1,1,55,80,0.6875,0.5741109261435505,0.7865253688912328,0.21241444274768229
refcocoplus,groundingdino,134447,1728699,1,0,40,80,0.5,0.3860478833649093,0.6139521166350907,0.22790423327018144
refcocoplus,groundingdino,147701,488802,1,1,79,80,0.9875,0.9323122155360776,0.9996835774723672,0.06737136193628968
refcocoplus,groundingdino,217151,489684,1,0,30,80,0.375,0.2691931699468049,0.4903547644071125,0.2211615944603076
refcocoplus,groundingdino,179823,2163956,1,0,71,80,0.8875,0.7971534080830098,0.9472484868543125,0.15009507877130268
refcocoplus,groundingdino,431178,455025,1,0,80,80,1.0,0.9549359649323077,1.0,0.0450640350676923
refcocoplus,groundingdino,2083,206653,1,1,80,80,1.0,0.9549359649323077,1.0,0.0450640350676923
refcocoplus,groundingdino,246390,517234,1,1,67,80,0.8375,0.7381631061748871,0.9105383582774708,0.17237525210258364
refcocoplus,groundingdino,364862,1245422,1,1,78,80,0.975,0.9125928440694077,0.9969579138351904,0.08436506976578273
refcocoplus,groundingdino,335525,533796,1,1,69,80,0.8625,0.7672791291752744,0.9293121672961213,0.1620330381208469
refcocoplus,groundingdino,444214,1285030,1,0,56,80,0.7,0.5872406769186242,0.7974260708533272,0.21018539393470292
refcocoplus,groundingdino,515470,201858,1,1,72,80,0.9,0.8124348925365683,0.955829059846371,0.1433941673098027
refcocoplus,groundingdino,517685,457473,1,1,34,80,0.425,0.31510976545234215,0.5406111885690619,0.22550142311671972
refcocoplus,groundingdino,367869,447817,1,1,76,80,0.95,0.876901263556847,0.9862106060235382,0.1093093424666911
refcocoplus,groundingdino,472749,538325,1,0,77,80,0.9625,0.8942980149834914,0.9921988127342833,0.09790079775079197
refcocoplus,groundingdino,482326,531416,1,0,80,80,1.0,0.9549359649323077,1.0,0.0450640350676923
refcocoplus,groundingdino,290620,440573,1,1,79,80,0.9875,0.9323122155360776,0.9996835774723672,0.06737136193628968
refcocoplus,groundingdino,306393,522262,1,1,80,80,1.0,0.9549359649323077,1.0,0.0450640350676923
refcocoplus,groundingdino,487228,464676,1,1,80,80,1.0,0.9549359649323077,1.0,0.0450640350676923
refcocoplus,groundingdino,12614,2160566,1,1,63,80,0.7875,0.6817141914403442,0.8710635049024182,0.18934931346207406
refcocoplus,groundingdino,28560,1373363,1,1,75,80,0.9375,0.860142924702361,0.9793969276979898,0.11925400299562883
refcocoplus,groundingdino,362157,230253,1,1,80,80,1.0,0.9549359649323077,1.0,0.0450640350676923
refcocoplus,groundingdino,416723,497628,1,1,80,80,1.0,0.9549359649323077,1.0,0.0450640350676923
refcocoplus,groundingdino,180354,228063,1,1,62,80,0.775,0.6679136799387491,0.8608627895010682,0.19294910956231914
refcocoplus,groundingdino,353200,472031,1,1,80,80,1.0,0.9549359649323077,1.0,0.0450640350676923
refcocoplus,groundingdino,239784,1746978,1,0,63,80,0.7875,0.6817141914403442,0.8710635049024182,0.18934931346207406
refcocoplus,groundingdino,503906,1208151,1,0,73,80,0.9125,0.8279916615801152,0.9640936410104413,0.1361019794303261
refcocoplus,groundingdino,186476,1240996,1,1,17,80,0.2125,0.1289364950975817,0.3182858085596558,0.18934931346207412
refcocoplus,groundingdino,105063,496504,1,1,59,80,0.7375,0.6271491697875681,0.8295907488995917,0.20244157911202365
refcocoplus,groundingdino,564449,1727045,1,0,50,80,0.625,0.5096452355928875,0.7308068300531951,0.2211615944603076
refcocoplus,groundingdino,237137,421379,1,1,40,80,0.5,0.3860478833649093,0.6139521166350907,0.22790423327018144
refcocoplus,groundingdino,117677,513035,1,1,80,80,1.0,0.9549359649323077,1.0,0.0450640350676923
refcocoplus,groundingdino,570211,199280,1,0,80,80,1.0,0.9549359649323077,1.0,0.0450640350676923
refcocoplus,groundingdino,465101,186998,1,0,74,80,0.925,0.8438720682639279,0.9719794538231588,0.12810738555923085
refcocoplus,groundingdino,116049,1265888,1,1,80,80,1.0,0.9549359649323077,1.0,0.0450640350676923
refcocoplus,groundingdino,289425,459375,1,1,79,80,0.9875,0.9323122155360776,0.9996835774723672,0.06737136193628968
refcocoplus,groundingdino,514295,713506,1,0,71,80,0.8875,0.7971534080830098,0.9472484868543125,0.15009507877130268
refcocoplus,groundingdino,337975,499184,1,1,80,80,1.0,0.9549359649323077,1.0,0.0450640350676923
refcocoplus,groundingdino,495169,114964,1,0,37,80,0.4625,0.3502764265383982,0.5775824719951649,0.2273060454567667
refcocoplus,groundingdino,427555,484670,1,1,42,80,0.525,0.4102278413767706,0.6378664183228473,0.2276385769460767
refcocoplus,groundingdino,27299,1301951,1,1,70,80,0.875,0.7821108659305637,0.9383979034415657,0.15628703751100204
refcocoplus,groundingdino,403888,429840,1,1,80,80,1.0,0.9549359649323077,1.0,0.0450640350676923
refcocoplus,groundingdino,389157,549393,1,1,60,80,0.75,0.64063652409315,0.8401203554931442,0.19948383139999426
refcocoplus,groundingdino,53729,1302378,1,0,57,80,0.7125,0.6004548866879794,0.8082395280280349,0.20778464134005548
refcocoplus,groundingdino,264567,58131,1,0,80,80,1.0,0.9549359649323077,1.0,0.0450640350676923
refcocoplus,groundingdino,486606,426136,1,1,63,80,0.7875,0.6817141914403442,0.8710635049024182,0.18934931346207406
refcocoplus,groundingdino,505020,1243798,1,1,80,80,1.0,0.9549359649323077,1.0,0.0450640350676923
refcocoplus,groundingdino,370152,470112,1,1,80,80,1.0,0.9549359649323077,1.0,0.0450640350676923
refcocoplus,groundingdino,532376,194591,1,0,80,80,1.0,0.9549359649323077,1.0,0.0450640350676923
refcocoplus,groundingdino,495987,466715,1,1,77,80,0.9625,0.8942980149834914,0.9921988127342833,0.09790079775079197
refcocoplus,groundingdino,581282,1313895,1,0,38,80,0.475,0.3621335816771527,0.5897721586232294,0.2276385769460767
refcocoplus,groundingdino,40346,448119,1,1,44,80,0.55,0.43467397909415284,0.6615136155101845,0.22683963641603166
refcocoplus,groundingdino,503844,427048,1,1,80,80,1.0,0.9549359649323077,1.0,0.0450640350676923
refcocoplus,groundingdino,494706,1732430,1,0,71,80,0.8875,0.7971534080830098,0.9472484868543125,0.15009507877130268
refcocoplus,groundingdino,4714,504738,1,0,80,80,1.0,0.9549359649323077,1.0,0.0450640350676923
refcocoplus,groundingdino,316446,474195,1,1,80,80,1.0,0.9549359649323077,1.0,0.0450640350676923
refcocoplus,groundingdino,221252,423971,1,0,80,80,1.0,0.9549359649323077,1.0,0.0450640350676923
refcocoplus,groundingdino,234637,548461,1,0,57,80,0.7125,0.6004548866879794,0.8082395280280349,0.20778464134005548
refcocoplus,groundingdino,397390,513577,1,1,69,80,0.8625,0.7672791291752744,0.9293121672961213,0.1620330381208469
refcocoplus,groundingdino,29752,462801,1,1,64,80,0.8,0.6956311329945355,0.8811409135950147,0.18550978060047918
refcocoplus,groundingdino,209089,220849,1,1,64,80,0.8,0.6956311329945355,0.8811409135950147,0.18550978060047918
refcocoplus,groundingdino,91055,256495,1,1,80,80,1.0,0.9549359649323077,1.0,0.0450640350676923
refcocoplus,groundingdino,421086,1077251,1,0,76,80,0.95,0.876901263556847,0.9862106060235382,0.1093093424666911
refcocoplus,groundingdino,148047,474228,1,0,66,80,0.825,0.7238459604789864,0.9008894901605713,0.17704352968158488
refcocoplus,groundingdino,306561,204788,1,0,75,80,0.9375,0.860142924702361,0.9793969276979898,0.11925400299562883
refcocoplus,groundingdino,522288,219473,1,0,80,80,1.0,0.9549359649323077,1.0,0.0450640350676923
refcocoplus,groundingdino,43813,517456,1,1,69,80,0.8625,0.7672791291752744,0.9293121672961213,0.1620330381208469
refcocoplus,groundingdino,23420,471105,1,1,46,80,0.575,0.45938881143093807,0.6848902345476577,0.22550142311671967
refcocoplus,groundingdino,40708,440218,1,0,80,80,1.0,0.9549359649323077,1.0,0.0450640350676923
refcocoplus,groundingdino,249869,206776,1,1,71,80,0.8875,0.7971534080830098,0.9472484868543125,0.15009507877130268
refcocoplus,groundingdino,205354,463684,1,1,41,80,0.5125,0.39810466870318556,0.625942518555561,0.22783784985237548
refcocoplus,groundingdino,167765,254764,1,0,76,80,0.95,0.876901263556847,0.9862106060235382,0.1093093424666911
refcocoplus,groundingdino,229193,472104,1,1,34,80,0.425,0.31510976545234215,0.5406111885690619,0.22550142311671972
refcocoplus,groundingdino,250295,485219,1,1,80,80,1.0,0.9549359649323077,1.0,0.0450640350676923
refcocoplus,groundingdino,435869,497937,1,1,74,80,0.925,0.8438720682639279,0.9719794538231588,0.12810738555923085
refcocoplus,groundingdino,214265,2154778,1,0,26,80,0.325,0.22445958517745324,0.4389370456044483,0.21447746042699506
refcocoplus,groundingdino,485757,477171,1,1,76,80,0.95,0.876901263556847,0.9862106060235382,0.1093093424666911
refcocoplus,groundingdino,372788,448303,1,1,80,80,1.0,0.9549359649323077,1.0,0.0450640350676923
refcocoplus,groundingdino,130081,492578,1,1,62,80,0.775,0.6679136799387491,0.8608627895010682,0.19294910956231914
refcocoplus,groundingdino,217461,498803,1,1,73,80,0.9125,0.8279916615801152,0.9640936410104413,0.1361019794303261
refcocoplus,groundingdino,355159,2166645,1,0,80,80,1.0,0.9549359649323077,1.0,0.0450640350676923
refcocoplus,groundingdino,227520,1706734,1,0,75,80,0.9375,0.860142924702361,0.9793969276979898,0.11925400299562883
refcocoplus,groundingdino,8630,435099,1,1,80,80,1.0,0.9549359649323077,1.0,0.0450640350676923
refcocoplus,groundingdino,455369,1713640,1,0,77,80,0.9625,0.8942980149834914,0.9921988127342833,0.09790079775079197
refcocoplus,groundingdino,314414,1282486,1,0,35,80,0.4375,0.3267639534337789,0.5530024286118197,0.2262384751780408
refcocoplus,groundingdino,491707,468376,1,1,80,80,1.0,0.9549359649323077,1.0,0.0450640350676923
refcocoplus,groundingdino,419019,384263,1,0,54,80,0.675,0.5610629543955516,0.7755404148225468,0.21447746042699511
refcocoplus,groundingdino,89181,514884,1,1,80,80,1.0,0.9549359649323077,1.0,0.0450640350676923
refcocoplus,groundingdino,356702,440555,1,1,80,80,1.0,0.9549359649323077,1.0,0.0450640350676923
refcocoplus,groundingdino,288943,1740994,1,0,80,80,1.0,0.9549359649323077,1.0,0.0450640350676923
refcocoplus,groundingdino,534711,2206857,1,1,78,80,0.975,0.9125928440694077,0.9969579138351904,0.08436506976578273
refcocoplus,groundingdino,5962,470890,1,1,80,80,1.0,0.9549359649323077,1.0,0.0450640350676923
refcocoplus,groundingdino,121174,539551,1,0,61,80,0.7625,0.6542230288597322,0.8505462481433591,0.19632321928362695
refcocoplus,groundingdino,512561,513172,1,1,59,80,0.7375,0.6271491697875681,0.8295907488995917,0.20244157911202365
refcocoplus,groundingdino,307757,204610,1,1,80,80,1.0,0.9549359649323077,1.0,0.0450640350676923
refcocoplus,groundingdino,462899,461023,1,1,54,80,0.675,0.5610629543955516,0.7755404148225468,0.21447746042699511
refcocoplus,groundingdino,446726,487343,1,1,80,80,1.0,0.9549359649323077,1.0,0.0450640350676923
refcocoplus,groundingdino,405246,538334,1,0,70,80,0.875,0.7821108659305637,0.9383979034415657,0.15628703751100204
refcocoplus,groundingdino,360017,459466,1,1,80,80,1.0,0.9549359649323077,1.0,0.0450640350676923
refcocoplus,groundingdino,389145,450907,1,1,80,80,1.0,0.9549359649323077,1.0,0.0450640350676923
refcocoplus,groundingdino,490610,214754,1,1,71,80,0.8875,0.7971534080830098,0.9472484868543125,0.15009507877130268
refcocoplus,groundingdino,423806,1232692,1,0,77,80,0.9625,0.8942980149834914,0.9921988127342833,0.09790079775079197
refcocoplus,groundingdino,97795,450102,1,1,66,80,0.825,0.7238459604789864,0.9008894901605713,0.17704352968158488
refcocoplus,groundingdino,31230,211374,1,1,79,80,0.9875,0.9323122155360776,0.9996835774723672,0.06737136193628968
refcocoplus,groundingdino,286000,456927,1,0,18,80,0.225,0.13913721049893182,0.33208632006125094,0.19294910956231912
refcocoplus,groundingdino,47953,444328,1,1,80,80,1.0,0.9549359649323077,1.0,0.0450640350676923
refcocoplus,groundingdino,311773,1247241,1,1,80,80,1.0,0.9549359649323077,1.0,0.0450640350676923
refcocoplus,groundingdino,404473,458457,1,0,72,80,0.9,0.8124348925365683,0.955829059846371,0.1433941673098027
refcocoplus,groundingdino,117114,493499,1,1,48,80,0.6,0.4843769404954894,0.7079906437446896,0.22361370324920016
refcocoplus,groundingdino,314257,211783,1,0,54,80,0.675,0.5610629543955516,0.7755404148225468,0.21447746042699511
refcocoplus,groundingdino,462445,477451,1,0,74,80,0.925,0.8438720682639279,0.9719794538231588,0.12810738555923085
refcocoplus,groundingdino,21276,497365,1,1,28,80,0.35,0.24667193647253513,0.4647968854793358,0.21812494900680066
refcocoplus,groundingdino,217429,466008,1,1,77,80,0.9625,0.8942980149834914,0.9921988127342833,0.09790079775079197
refcocoplus,groundingdino,336491,211440,1,0,80,80,1.0,0.9549359649323077,1.0,0.0450640350676923
refcocoplus,groundingdino,102667,229105,1,1,73,80,0.9125,0.8279916615801152,0.9640936410104413,0.1361019794303261
refcocoplus,groundingdino,295257,1247053,1,1,80,80,1.0,0.9549359649323077,1.0,0.0450640350676923
refcocoplus,groundingdino,455406,219019,1,0,79,80,0.9875,0.9323122155360776,0.9996835774723672,0.06737136193628968
refcocoplus,groundingdino,36658,421457,1,1,47,80,0.5875,0.47184834042520446,0.6964754070624058,0.2246270666372014
refcocoplus,groundingdino,561907,440721,1,0,80,80,1.0,0.9549359649323077,1.0,0.0450640350676923
refcocoplus,groundingdino,402632,253866,1,1,80,80,1.0,0.9549359649323077,1.0,0.0450640350676923
refcocoplus,groundingdino,391439,1271260,1,1,39,80,0.4875,0.37405748144443896,0.6018953312968145,0.22783784985237554
refcocoplus,groundingdino,108501,1268000,1,0,80,80,1.0,0.9549359649323077,1.0,0.0450640350676923
refcocoplus,groundingdino,427756,490450,1,0,67,80,0.8375,0.7381631061748871,0.9105383582774708,0.17237525210258364
refcocoplus,groundingdino,237355,522033,1,0,79,80,0.9875,0.9323122155360776,0.9996835774723672,0.06737136193628968
refcocoplus,groundingdino,289791,2151612,1,0,74,80,0.925,0.8438720682639279,0.9719794538231588,0.12810738555923085
refcocoplus,groundingdino,151163,458461,1,1,66,80,0.825,0.7238459604789864,0.9008894901605713,0.17704352968158488
refcocoplus,groundingdino,577725,1219171,1,0,80,80,1.0,0.9549359649323077,1.0,0.0450640350676923
refcocoplus,groundingdino,490182,543487,1,1,80,80,1.0,0.9549359649323077,1.0,0.0450640350676923
refcocoplus,groundingdino,352357,191259,1,1,67,80,0.8375,0.7381631061748871,0.9105383582774708,0.17237525210258364
refcocoplus,groundingdino,551172,567534,1,1,66,80,0.825,0.7238459604789864,0.9008894901605713,0.17704352968158488
refcocoplus,groundingdino,249384,490576,1,1,73,80,0.9125,0.8279916615801152,0.9640936410104413,0.1361019794303261
refcocoplus,groundingdino,51052,195383,1,1,77,80,0.9625,0.8942980149834914,0.9921988127342833,0.09790079775079197
refcocoplus,groundingdino,93078,422692,1,0,80,80,1.0,0.9549359649323077,1.0,0.0450640350676923
refcocoplus,groundingdino,302415,505906,1,1,80,80,1.0,0.9549359649323077,1.0,0.0450640350676923
refcocoplus,groundingdino,221187,1717602,1,1,59,80,0.7375,0.6271491697875681,0.8295907488995917,0.20244157911202365
refcocoplus,groundingdino,122918,422754,1,1,73,80,0.9125,0.8279916615801152,0.9640936410104413,0.1361019794303261
refcocoplus,groundingdino,561590,186142,1,1,80,80,1.0,0.9549359649323077,1.0,0.0450640350676923
refcocoplus,groundingdino,69488,457848,1,0,52,80,0.65,0.5352031145206643,0.7533280635274648,0.21812494900680057
refcocoplus,groundingdino,558444,1307758,1,0,67,80,0.8375,0.7381631061748871,0.9105383582774708,0.17237525210258364
refcocoplus,groundingdino,360811,214315,1,0,80,80,1.0,0.9549359649323077,1.0,0.0450640350676923
refcocoplus,groundingdino,199963,569519,1,1,61,80,0.7625,0.6542230288597322,0.8505462481433591,0.19632321928362695
refcocoplus,groundingdino,384745,223263,1,1,70,80,0.875,0.7821108659305637,0.9383979034415657,0.15628703751100204
refcocoplus,groundingdino,243071,150952,1,0,80,80,1.0,0.9549359649323077,1.0,0.0450640350676923
refcocoplus,groundingdino,492114,536403,1,1,80,80,1.0,0.9549359649323077,1.0,0.0450640350676923
refcocoplus,groundingdino,187577,1707054,1,1,64,80,0.8,0.6956311329945355,0.8811409135950147,0.18550978060047918
refcocoplus,groundingdino,42297,1684208,1,0,54,80,0.675,0.5610629543955516,0.7755404148225468,0.21447746042699511
refcocoplus,groundingdino,131816,1724981,1,0,80,80,1.0,0.9549359649323077,1.0,0.0450640350676923
refcocoplus,groundingdino,364455,1728907,1,0,34,80,0.425,0.31510976545234215,0.5406111885690619,0.22550142311671972
refcocoplus,groundingdino,208379,493975,1,1,76,80,0.95,0.876901263556847,0.9862106060235382,0.1093093424666911
refcocoplus,groundingdino,171943,1710978,1,1,63,80,0.7875,0.6817141914403442,0.8710635049024182,0.18934931346207406
refcocoplus,groundingdino,44625,1219181,1,1,80,80,1.0,0.9549359649323077,1.0,0.0450640350676923
refcocoplus,groundingdino,392520,1730739,1,1,67,80,0.8375,0.7381631061748871,0.9105383582774708,0.17237525210258364
refcocoplus,groundingdino,580668,344471,1,1,76,80,0.95,0.876901263556847,0.9862106060235382,0.1093093424666911
refcocoplus,groundingdino,114185,462867,1,1,80,80,1.0,0.9549359649323077,1.0,0.0450640350676923
refcocoplus,groundingdino,429745,255915,1,1,77,80,0.9625,0.8942980149834914,0.9921988127342833,0.09790079775079197
refcocoplus,groundingdino,76740,212911,1,1,66,80,0.825,0.7238459604789864,0.9008894901605713,0.17704352968158488
refcocoplus,groundingdino,191561,469147,1,0,69,80,0.8625,0.7672791291752744,0.9293121672961213,0.1620330381208469
refcocoplus,groundingdino,522827,485999,1,0,80,80,1.0,0.9549359649323077,1.0,0.0450640350676923
refcocoplus,groundingdino,61372,1232274,1,0,61,80,0.7625,0.6542230288597322,0.8505462481433591,0.19632321928362695
refcocoplus,groundingdino,363150,1217802,1,0,80,80,1.0,0.9549359649323077,1.0,0.0450640350676923
refcocoplus,groundingdino,406187,426445,1,1,70,80,0.875,0.7821108659305637,0.9383979034415657,0.15628703751100204
refcocoplus,groundingdino,515928,208395,1,1,78,80,0.975,0.9125928440694077,0.9969579138351904,0.08436506976578273
refcocoplus,groundingdino,534166,195730,1,0,41,80,0.5125,0.39810466870318556,0.625942518555561,0.22783784985237548
refcocoplus,groundingdino,104973,1238418,1,1,80,80,1.0,0.9549359649323077,1.0,0.0450640350676923
refcocoplus,groundingdino,429437,715286,1,1,80,80,1.0,0.9549359649323077,1.0,0.0450640350676923
refcocoplus,groundingdino,357340,214688,1,1,42,80,0.525,0.4102278413767706,0.6378664183228473,0.2276385769460767
refcocoplus,groundingdino,517403,197469,1,1,70,80,0.875,0.7821108659305637,0.9383979034415657,0.15628703751100204
refcocoplus,groundingdino,411862,1713600,1,1,46,80,0.575,0.45938881143093807,0.6848902345476577,0.22550142311671967
refcocoplus,groundingdino,511869,1254599,1,1,80,80,1.0,0.9549359649323077,1.0,0.0450640350676923
refcocoplus,groundingdino,314951,426889,1,0,80,80,1.0,0.9549359649323077,1.0,0.0450640350676923
refcocoplus,groundingdino,213408,439911,1,1,74,80,0.925,0.8438720682639279,0.9719794538231588,0.12810738555923085
refcocoplus,groundingdino,534559,2153460,1,1,80,80,1.0,0.9549359649323077,1.0,0.0450640350676923
refcocoplus,groundingdino,573476,1713014,1,1,71,80,0.8875,0.7971534080830098,0.9472484868543125,0.15009507877130268
refcocoplus,groundingdino,378916,423871,1,1,47,80,0.5875,0.47184834042520446,0.6964754070624058,0.2246270666372014
refcocoplus,groundingdino,29799,542728,1,1,80,80,1.0,0.9549359649323077,1.0,0.0450640350676923
refcocoplus,groundingdino,209844,468525,1,1,58,80,0.725,0.6137565791555909,0.8189623614429612,0.2052057822873703
refcocoplus,groundingdino,179504,525200,1,0,80,80,1.0,0.9549359649323077,1.0,0.0450640350676923
refcocoplus,groundingdino,554950,200400,1,1,80,80,1.0,0.9549359649323077,1.0,0.0450640350676923
refcocoplus,groundingdino,301988,190992,1,1,80,80,1.0,0.9549359649323077,1.0,0.0450640350676923
refcocoplus,groundingdino,465829,673819,1,1,79,80,0.9875,0.9323122155360776,0.9996835774723672,0.06737136193628968
refcocoplus,groundingdino,449414,457259,1,1,70,80,0.875,0.7821108659305637,0.9383979034415657,0.15628703751100204
refcocoplus,groundingdino,41840,486333,1,1,78,80,0.975,0.9125928440694077,0.9969579138351904,0.08436506976578273
refcocoplus,groundingdino,331409,1295154,1,1,73,80,0.9125,0.8279916615801152,0.9640936410104413,0.1361019794303261
refcocoplus,groundingdino,296631,494675,1,1,79,80,0.9875,0.9323122155360776,0.9996835774723672,0.06737136193628968
refcocoplus,groundingdino,301109,2161826,1,0,38,80,0.475,0.3621335816771527,0.5897721586232294,0.2276385769460767
refcocoplus,groundingdino,402563,1268625,1,0,61,80,0.7625,0.6542230288597322,0.8505462481433591,0.19632321928362695
refcocoplus,groundingdino,372404,551004,1,0,61,80,0.7625,0.6542230288597322,0.8505462481433591,0.19632321928362695
refcocoplus,groundingdino,482330,1611140,1,1,76,80,0.95,0.876901263556847,0.9862106060235382,0.1093093424666911
refcocoplus,groundingdino,334529,435196,1,1,57,80,0.7125,0.6004548866879794,0.8082395280280349,0.20778464134005548
refcocoplus,groundingdino,440313,2204628,1,1,54,80,0.675,0.5610629543955516,0.7755404148225468,0.21447746042699511
refcocoplus,groundingdino,510342,424792,1,0,61,80,0.7625,0.6542230288597322,0.8505462481433591,0.19632321928362695
refcocoplus,groundingdino,418065,151032,1,1,80,80,1.0,0.9549359649323077,1.0,0.0450640350676923
refcocoplus,groundingdino,396380,485581,1,1,80,80,1.0,0.9549359649323077,1.0,0.0450640350676923
refcocoplus,groundingdino,150100,461684,1,1,50,80,0.625,0.5096452355928875,0.7308068300531951,0.2211615944603076
refcocoplus,groundingdino,8657,215789,1,1,71,80,0.8875,0.7971534080830098,0.9472484868543125,0.15009507877130268
refcocoplus,groundingdino,377513,195640,1,1,80,80,1.0,0.9549359649323077,1.0,0.0450640350676923
refcocoplus,groundingdino,171729,2198710,1,1,80,80,1.0,0.9549359649323077,1.0,0.0450640350676923
refcocoplus,groundingdino,104114,1544258,1,0,80,80,1.0,0.9549359649323077,1.0,0.0450640350676923
refcocoplus,groundingdino,409918,587118,1,1,80,80,1.0,0.9549359649323077,1.0,0.0450640350676923
refcocoplus,groundingdino,492354,1056044,1,1,79,80,0.9875,0.9323122155360776,0.9996835774723672,0.06737136193628968
refcocoplus,groundingdino,227554,1184124,1,1,80,80,1.0,0.9549359649323077,1.0,0.0450640350676923
refcocoplus,groundingdino,430759,1081573,1,0,79,80,0.9875,0.9323122155360776,0.9996835774723672,0.06737136193628968
refcocoplus,groundingdino,466024,587961,1,1,79,80,0.9875,0.9323122155360776,0.9996835774723672,0.06737136193628968
refcocoplus,groundingdino,431376,166746,1,0,46,80,0.575,0.45938881143093807,0.6848902345476577,0.22550142311671967
refcocoplus,groundingdino,400124,1050952,1,0,58,80,0.725,0.6137565791555909,0.8189623614429612,0.2052057822873703
refcocoplus,groundingdino,453563,1562047,1,0,80,80,1.0,0.9549359649323077,1.0,0.0450640350676923
refcocoplus,groundingdino,38558,133235,1,0,58,80,0.725,0.6137565791555909,0.8189623614429612,0.2052057822873703
refcocoplus,groundingdino,388031,1871286,1,0,80,80,1.0,0.9549359649323077,1.0,0.0450640350676923
refcocoplus,groundingdino,390567,2171933,1,1,60,80,0.75,0.64063652409315,0.8401203554931442,0.19948383139999426
refcocoplus,groundingdino,518455,1674248,1,0,56,80,0.7,0.5872406769186242,0.7974260708533272,0.21018539393470292
refcocoplus,groundingdino,373393,171936,1,0,71,80,0.8875,0.7971534080830098,0.9472484868543125,0.15009507877130268
refcocoplus,groundingdino,173538,38578,1,1,64,80,0.8,0.6956311329945355,0.8811409135950147,0.18550978060047918
refcocoplus,groundingdino,63485,1910775,1,0,69,80,0.8625,0.7672791291752744,0.9293121672961213,0.1620330381208469
refcocoplus,groundingdino,328298,683534,1,0,52,80,0.65,0.5352031145206643,0.7533280635274648,0.21812494900680057
refcocoplus,groundingdino,443093,1572366,1,0,28,80,0.35,0.24667193647253513,0.4647968854793358,0.21812494900680066
refcocoplus,groundingdino,605,670466,1,1,80,80,1.0,0.9549359649323077,1.0,0.0450640350676923
refcocoplus,groundingdino,481218,64221,1,0,24,80,0.3,0.20257392914667274,0.412759323081376,0.21018539393470323
refcocoplus,groundingdino,41233,401649,1,1,68,80,0.85,0.7526358884071023,0.9200184386902862,0.16738255028318394
refcocoplus,groundingdino,536823,1673876,1,0,52,80,0.65,0.5352031145206643,0.7533280635274648,0.21812494900680057
refcocoplus,groundingdino,384691,59547,1,0,80,80,1.0,0.9549359649323077,1.0,0.0450640350676923
refcocoplus,groundingdino,71221,2186260,1,0,60,80,0.75,0.64063652409315,0.8401203554931442,0.19948383139999426
refcocoplus,groundingdino,326056,1546143,1,0,47,80,0.5875,0.47184834042520446,0.6964754070624058,0.2246270666372014
refcocoplus,groundingdino,428208,2217454,1,0,80,80,1.0,0.9549359649323077,1.0,0.0450640350676923
refcocoplus,groundingdino,400534,1942568,1,0,53,80,0.6625,0.5480943856258318,0.7644738620163491,0.21637947639051736
refcocoplus,groundingdino,320077,102968,1,0,70,80,0.875,0.7821108659305637,0.9383979034415657,0.15628703751100204
refcocoplus,groundingdino,290265,59370,1,1,80,80,1.0,0.9549359649323077,1.0,0.0450640350676923
refcocoplus,groundingdino,537127,117394,1,0,32,80,0.4,0.2920093562553105,0.5156230595045106,0.2236137032492001
refcocoplus,groundingdino,197407,88799,1,0,33,80,0.4125,0.30352459293759415,0.5281516595747955,0.22462706663720133
refcocoplus,groundingdino,61144,1675118,1,0,73,80,0.9125,0.8279916615801152,0.9640936410104413,0.1361019794303261
refcocoplus,groundingdino,317054,573163,1,0,41,80,0.5125,0.39810466870318556,0.625942518555561,0.22783784985237548
refcocoplus,groundingdino,153845,663915,1,0,71,80,0.8875,0.7971534080830098,0.9472484868543125,0.15009507877130268
refcocoplus,groundingdino,549605,47683,1,1,73,80,0.9125,0.8279916615801152,0.9640936410104413,0.1361019794303261
refcocoplus,groundingdino,550993,1662754,1,0,80,80,1.0,0.9549359649323077,1.0,0.0450640350676923
refcocoplus,groundingdino,532419,589143,1,1,80,80,1.0,0.9549359649323077,1.0,0.0450640350676923
refcocoplus,groundingdino,451818,1944036,1,1,43,80,0.5375,0.4224175280048351,0.6497235734616016,0.22730604545676647
refcocoplus,groundingdino,88726,38630,1,1,80,80,1.0,0.9549359649323077,1.0,0.0450640350676923
refcocoplus,groundingdino,316293,711879,1,0,30,80,0.375,0.2691931699468049,0.4903547644071125,0.2211615944603076
refcocoplus,groundingdino,517123,62713,1,1,46,80,0.575,0.45938881143093807,0.6848902345476577,0.22550142311671967
refcocoplus,groundingdino,439906,121215,1,0,67,80,0.8375,0.7381631061748871,0.9105383582774708,0.17237525210258364
refcocoplus,groundingdino,57828,419453,1,0,69,80,0.8625,0.7672791291752744,0.9293121672961213,0.1620330381208469
refcocoplus,groundingdino,143003,1040728,1,1,72,80,0.9,0.8124348925365683,0.955829059846371,0.1433941673098027
refcocoplus,groundingdino,360555,1039353,1,0,35,80,0.4375,0.3267639534337789,0.5530024286118197,0.2262384751780408
refcocoplus,groundingdino,372748,1957851,1,1,52,80,0.65,0.5352031145206643,0.7533280635274648,0.21812494900680057
refcocoplus,groundingdino,175195,1971537,1,0,49,80,0.6125,0.4969755425018991,0.7194348668752178,0.22245932437331872
refcocoplus,groundingdino,573825,1616333,1,0,77,80,0.9625,0.8942980149834914,0.9921988127342833,0.09790079775079197
refcocoplus,groundingdino,113244,1089675,1,0,79,80,0.9875,0.9323122155360776,0.9996835774723672,0.06737136193628968
refcocoplus,groundingdino,243120,596319,1,0,53,80,0.6625,0.5480943856258318,0.7644738620163491,0.21637947639051736
refcocoplus,groundingdino,581518,1082811,1,1,59,80,0.7375,0.6271491697875681,0.8295907488995917,0.20244157911202365
refcocoplus,groundingdino,321305,590645,1,1,80,80,1.0,0.9549359649323077,1.0,0.0450640350676923
refcocoplus,groundingdino,544516,56505,1,1,80,80,1.0,0.9549359649323077,1.0,0.0450640350676923
refcocoplus,groundingdino,439060,155627,1,0,20,80,0.25,0.1598796445068557,0.35936347590685,0.19948383139999432
refcocoplus,groundingdino,58405,1675418,1,0,77,80,0.9625,0.8942980149834914,0.9921988127342833,0.09790079775079197
refcocoplus,groundingdino,410024,115138,1,1,55,80,0.6875,0.5741109261435505,0.7865253688912328,0.21241444274768229
refcocoplus,groundingdino,426383,167237,1,0,66,80,0.825,0.7238459604789864,0.9008894901605713,0.17704352968158488
refcocoplus,groundingdino,548559,173743,1,1,80,80,1.0,0.9549359649323077,1.0,0.0450640350676923
refcocoplus,groundingdino,571654,1968985,1,1,80,80,1.0,0.9549359649323077,1.0,0.0450640350676923
refcocoplus,groundingdino,578734,1912853,1,0,69,80,0.8625,0.7672791291752744,0.9293121672961213,0.1620330381208469
refcocoplus,groundingdino,409111,275828,1,0,46,80,0.575,0.45938881143093807,0.6848902345476577,0.22550142311671967
refcocoplus,groundingdino,481428,74856,1,0,79,80,0.9875,0.9323122155360776,0.9996835774723672,0.06737136193628968
refcocoplus,groundingdino,117969,591583,1,0,75,80,0.9375,0.860142924702361,0.9793969276979898,0.11925400299562883
refcocoplus,groundingdino,454174,397751,1,0,80,80,1.0,0.9549359649323077,1.0,0.0450640350676923
refcocoplus,groundingdino,473588,249593,1,0,80,80,1.0,0.9549359649323077,1.0,0.0450640350676923
refcocoplus,groundingdino,375568,385868,1,1,80,80,1.0,0.9549359649323077,1.0,0.0450640350676923
refcocoplus,groundingdino,157744,1119592,1,1,73,80,0.9125,0.8279916615801152,0.9640936410104413,0.1361019794303261
refcocoplus,groundingdino,90350,273670,1,0,80,80,1.0,0.9549359649323077,1.0,0.0450640350676923
refcocoplus,groundingdino,429887,1990990,1,0,78,80,0.975,0.9125928440694077,0.9969579138351904,0.08436506976578273
refcocoplus,groundingdino,8936,596072,1,0,78,80,0.975,0.9125928440694077,0.9969579138351904,0.08436506976578273
refcocoplus,groundingdino,222113,594711,1,1,79,80,0.9875,0.9323122155360776,0.9996835774723672,0.06737136193628968
refcocoplus,groundingdino,492155,66219,1,0,80,80,1.0,0.9549359649323077,1.0,0.0450640350676923
refcocoplus,groundingdino,571694,298741,1,0,71,80,0.8875,0.7971534080830098,0.9472484868543125,0.15009507877130268
refcocoplus,groundingdino,364653,62512,1,1,49,80,0.6125,0.4969755425018991,0.7194348668752178,0.22245932437331872
refcocoplus,groundingdino,312454,589780,1,1,48,80,0.6,0.4843769404954894,0.7079906437446896,0.22361370324920016
refcocoplus,groundingdino,106315,1911604,1,1,66,80,0.825,0.7238459604789864,0.9008894901605713,0.17704352968158488
refcocoplus,groundingdino,431211,587102,1,1,80,80,1.0,0.9549359649323077,1.0,0.0450640350676923
refcocoplus,groundingdino,170712,378908,1,0,55,80,0.6875,0.5741109261435505,0.7865253688912328,0.21241444274768229
refcocoplus,groundingdino,485984,35730,1,0,78,80,0.975,0.9125928440694077,0.9969579138351904,0.08436506976578273
refcocoplus,groundingdino,242350,1161110,1,0,44,80,0.55,0.43467397909415284,0.6615136155101845,0.22683963641603166
refcocoplus,groundingdino,433405,1500360,1,0,80,80,1.0,0.9549359649323077,1.0,0.0450640350676923
refcocoplus,groundingdino,561545,313632,1,0,69,80,0.8625,0.7672791291752744,0.9293121672961213,0.1620330381208469
refcocoplus,groundingdino,118543,1049848,1,1,78,80,0.975,0.9125928440694077,0.9969579138351904,0.08436506976578273
refcocoplus,groundingdino,330607,1870880,1,0,69,80,0.8625,0.7672791291752744,0.9293121672961213,0.1620330381208469
refcocoplus,groundingdino,225069,48687,1,1,80,80,1.0,0.9549359649323077,1.0,0.0450640350676923
refcocoplus,groundingdino,392197,160390,1,1,76,80,0.95,0.876901263556847,0.9862106060235382,0.1093093424666911
refcocoplus,groundingdino,277867,1378849,1,0,80,80,1.0,0.9549359649323077,1.0,0.0450640350676923
refcocoplus,groundingdino,209794,1068918,1,1,77,80,0.9625,0.8942980149834914,0.9921988127342833,0.09790079775079197
refcocoplus,groundingdino,244528,309760,1,0,72,80,0.9,0.8124348925365683,0.955829059846371,0.1433941673098027
refcocoplus,groundingdino,267697,593325,1,0,78,80,0.975,0.9125928440694077,0.9969579138351904,0.08436506976578273
refcocoplus,groundingdino,510027,311169,1,1,80,80,1.0,0.9549359649323077,1.0,0.0450640350676923
refcocoplus,groundingdino,391733,1983249,1,0,79,80,0.9875,0.9323122155360776,0.9996835774723672,0.06737136193628968
refcocoplus,groundingdino,524340,51266,1,1,55,80,0.6875,0.5741109261435505,0.7865253688912328,0.21241444274768229
refcocoplus,groundingdino,122959,1675684,1,0,78,80,0.975,0.9125928440694077,0.9969579138351904,0.08436506976578273
refcocoplus,groundingdino,409824,599682,1,0,76,80,0.95,0.876901263556847,0.9862106060235382,0.1093093424666911
refcocoplus,groundingdino,118780,1820214,1,1,80,80,1.0,0.9549359649323077,1.0,0.0450640350676923
refcocoplus,groundingdino,548704,2110679,1,0,55,80,0.6875,0.5741109261435505,0.7865253688912328,0.21241444274768229
refcocoplus,groundingdino,230321,316215,1,1,30,80,0.375,0.2691931699468049,0.4903547644071125,0.2211615944603076
refcocoplus,groundingdino,558576,1573734,1,0,21,80,0.2625,0.1704092511004083,0.3728508302124319,0.20244157911202362
refcocoplus,groundingdino,73602,1184009,1,0,38,80,0.475,0.3621335816771527,0.5897721586232294,0.2276385769460767
refcocoplus,groundingdino,101479,34791,1,1,79,80,0.9875,0.9323122155360776,0.9996835774723672,0.06737136193628968
refcocoplus,groundingdino,137320,1042719,1,1,80,80,1.0,0.9549359649323077,1.0,0.0450640350676923
refcocoplus,groundingdino,215026,1817979,1,0,71,80,0.8875,0.7971534080830098,0.9472484868543125,0.15009507877130268
refcocoplus,groundingdino,286190,168083,1,0,80,80,1.0,0.9549359649323077,1.0,0.0450640350676923
refcocoplus,groundingdino,423341,135320,1,1,69,80,0.8625,0.7672791291752744,0.9293121672961213,0.1620330381208469
refcocoplus,groundingdino,345207,133290,1,1,73,80,0.9125,0.8279916615801152,0.9640936410104413,0.1361019794303261
refcocoplus,groundingdino,62477,349851,1,1,76,80,0.95,0.876901263556847,0.9862106060235382,0.1093093424666911
refcocoplus,groundingdino,66566,1900979,1,0,29,80,0.3625,0.2578948953716181,0.47761272126480847,0.2197178258931904
refcocoplus,groundingdino,260668,1075645,1,1,80,80,1.0,0.9549359649323077,1.0,0.0450640350676923
refcocoplus,groundingdino,522856,1908647,1,0,75,80,0.9375,0.860142924702361,0.9793969276979898,0.11925400299562883
refcocoplus,groundingdino,229041,73971,1,1,79,80,0.9875,0.9323122155360776,0.9996835774723672,0.06737136193628968
refcocoplus,groundingdino,7944,711793,1,1,80,80,1.0,0.9549359649323077,1.0,0.0450640350676923
refcocoplus,groundingdino,311388,2219142,1,0,80,80,1.0,0.9549359649323077,1.0,0.0450640350676923
refcocoplus,groundingdino,208845,1122937,1,1,80,80,1.0,0.9549359649323077,1.0,0.0450640350676923
refcocoplus,groundingdino,35796,1607968,1,1,80,80,1.0,0.9549359649323077,1.0,0.0450640350676923
refcocoplus,groundingdino,127282,1154727,1,1,76,80,0.95,0.876901263556847,0.9862106060235382,0.1093093424666911
refcocoplus,groundingdino,340703,1186784,1,0,62,80,0.775,0.6679136799387491,0.8608627895010682,0.19294910956231914
refcocoplus,groundingdino,93992,1531551,1,0,75,80,0.9375,0.860142924702361,0.9793969276979898,0.11925400299562883
refcocoplus,groundingdino,142426,1183958,1,1,80,80,1.0,0.9549359649323077,1.0,0.0450640350676923
refcocoplus,groundingdino,51835,582886,1,0,80,80,1.0,0.9549359649323077,1.0,0.0450640350676923
refcocoplus,groundingdino,80818,592744,1,1,80,80,1.0,0.9549359649323077,1.0,0.0450640350676923
refcocoplus,groundingdino,2281,1772721,1,0,79,80,0.9875,0.9323122155360776,0.9996835774723672,0.06737136193628968
refcocoplus,groundingdino,154895,313105,1,1,79,80,0.9875,0.9323122155360776,0.9996835774723672,0.06737136193628968
refcocoplus,groundingdino,109114,1552953,1,0,54,80,0.675,0.5610629543955516,0.7755404148225468,0.21447746042699511
refcocoplus,groundingdino,191754,164447,1,0,80,80,1.0,0.9549359649323077,1.0,0.0450640350676923
refcocoplus,groundingdino,162046,399413,1,1,39,80,0.4875,0.37405748144443896,0.6018953312968145,0.22783784985237554
refcocoplus,groundingdino,148602,160832,1,0,80,80,1.0,0.9549359649323077,1.0,0.0450640350676923
refcocoplus,groundingdino,153591,1874931,1,1,80,80,1.0,0.9549359649323077,1.0,0.0450640350676923
refcocoplus,groundingdino,438099,577501,1,1,26,80,0.325,0.22445958517745324,0.4389370456044483,0.21447746042699506
refcocoplus,groundingdino,409166,1085984,1,0,80,80,1.0,0.9549359649323077,1.0,0.0450640350676923
refcocoplus,groundingdino,311709,74088,1,0,69,80,0.8625,0.7672791291752744,0.9293121672961213,0.1620330381208469
refcocoplus,groundingdino,66669,1161123,1,1,64,80,0.8,0.6956311329945355,0.8811409135950147,0.18550978060047918
refcocoplus,groundingdino,73680,1094643,1,0,69,80,0.8625,0.7672791291752744,0.9293121672961213,0.1620330381208469
refcocoplus,groundingdino,362031,1626509,1,1,56,80,0.7,0.5872406769186242,0.7974260708533272,0.21018539393470292
refcocoplus,groundingdino,299041,283245,1,0,79,80,0.9875,0.9323122155360776,0.9996835774723672,0.06737136193628968
refcocoplus,groundingdino,309252,56416,1,1,76,80,0.95,0.876901263556847,0.9862106060235382,0.1093093424666911
refcocoplus,groundingdino,240662,683661,1,1,21,80,0.2625,0.1704092511004083,0.3728508302124319,0.20244157911202362
refcocoplus,groundingdino,117578,1073951,1,0,11,80,0.1375,0.07068783270387868,0.2327208708247256,0.1620330381208469
refcocoplus,groundingdino,320963,1599759,1,0,69,80,0.8625,0.7672791291752744,0.9293121672961213,0.1620330381208469
refcocoplus,groundingdino,471332,1805380,1,0,80,80,1.0,0.9549359649323077,1.0,0.0450640350676923
refcocoplus,groundingdino,492408,285987,1,1,80,80,1.0,0.9549359649323077,1.0,0.0450640350676923
refcocoplus,groundingdino,391332,1626319,1,0,80,80,1.0,0.9549359649323077,1.0,0.0450640350676923
refcocoplus,groundingdino,411803,174682,1,0,80,80,1.0,0.9549359649323077,1.0,0.0450640350676923
refcocoplus,groundingdino,303804,1668058,1,0,58,80,0.725,0.6137565791555909,0.8189623614429612,0.2052057822873703
refcocoplus,groundingdino,260317,1139000,1,0,29,80,0.3625,0.2578948953716181,0.47761272126480847,0.2197178258931904
refcocoplus,groundingdino,415235,72812,1,0,66,80,0.825,0.7238459604789864,0.9008894901605713,0.17704352968158488
refcocoplus,groundingdino,419171,1044154,1,0,18,80,0.225,0.13913721049893182,0.33208632006125094,0.19294910956231912
refcocoplus,groundingdino,278816,319729,1,0,55,80,0.6875,0.5741109261435505,0.7865253688912328,0.21241444274768229
refcocoplus,groundingdino,518785,345627,1,1,80,80,1.0,0.9549359649323077,1.0,0.0450640350676923
refcocoplus,groundingdino,384029,2222000,1,1,75,80,0.9375,0.860142924702361,0.9793969276979898,0.11925400299562883
refcocoplus,groundingdino,575519,249393,1,1,79,80,0.9875,0.9323122155360776,0.9996835774723672,0.06737136193628968
refcocoplus,groundingdino,345388,1187196,1,0,62,80,0.775,0.6679136799387491,0.8608627895010682,0.19294910956231914
refcocoplus,groundingdino,537188,1184638,1,0,58,80,0.725,0.6137565791555909,0.8189623614429612,0.2052057822873703
refcocoplus,groundingdino,315057,1560826,1,0,48,80,0.6,0.4843769404954894,0.7079906437446896,0.22361370324920016
refcocoplus,groundingdino,2400,6277,1,0,35,80,0.4375,0.3267639534337789,0.5530024286118197,0.2262384751780408
refcocoplus,groundingdino,94084,1562655,1,0,80,80,1.0,0.9549359649323077,1.0,0.0450640350676923
refcocoplus,groundingdino,522240,711838,1,1,80,80,1.0,0.9549359649323077,1.0,0.0450640350676923
refcocoplus,groundingdino,215357,598843,1,0,80,80,1.0,0.9549359649323077,1.0,0.0450640350676923
refcocoplus,groundingdino,210710,1409556,1,1,70,80,0.875,0.7821108659305637,0.9383979034415657,0.15628703751100204
refcocoplus,groundingdino,148809,1585604,1,1,75,80,0.9375,0.860142924702361,0.9793969276979898,0.11925400299562883
refcocoplus,groundingdino,192476,1078514,1,1,80,80,1.0,0.9549359649323077,1.0,0.0450640350676923
refcocoplus,groundingdino,338120,175345,1,0,75,80,0.9375,0.860142924702361,0.9793969276979898,0.11925400299562883
refcocoplus,groundingdino,525342,1907837,1,0,34,80,0.425,0.31510976545234215,0.5406111885690619,0.22550142311671972
refcocoplus,groundingdino,329993,36422,1,1,80,80,1.0,0.9549359649323077,1.0,0.0450640350676923
refcocoplus,groundingdino,87878,1624255,1,0,69,80,0.8625,0.7672791291752744,0.9293121672961213,0.1620330381208469
refcocoplus,groundingdino,187566,1070006,1,0,80,80,1.0,0.9549359649323077,1.0,0.0450640350676923
refcocoplus,groundingdino,277188,401531,1,0,49,80,0.6125,0.4969755425018991,0.7194348668752178,0.22245932437331872
refcocoplus,groundingdino,323475,1049783,1,0,79,80,0.9875,0.9323122155360776,0.9996835774723672,0.06737136193628968
refcocoplus,groundingdino,15485,108341,1,0,71,80,0.8875,0.7971534080830098,0.9472484868543125,0.15009507877130268
refcocoplus,groundingdino,236397,1945263,1,0,80,80,1.0,0.9549359649323077,1.0,0.0450640350676923
refcocoplus,groundingdino,423412,1081885,1,0,78,80,0.975,0.9125928440694077,0.9969579138351904,0.08436506976578273
refcocoplus,groundingdino,510334,75268,1,1,80,80,1.0,0.9549359649323077,1.0,0.0450640350676923
refcocoplus,groundingdino,16496,1361813,1,1,77,80,0.9625,0.8942980149834914,0.9921988127342833,0.09790079775079197
refcocoplus,groundingdino,502148,314756,1,1,72,80,0.9,0.8124348925365683,0.955829059846371,0.1433941673098027
refcocoplus,groundingdino,304757,1103622,1,1,80,80,1.0,0.9549359649323077,1.0,0.0450640350676923
refcocoplus,groundingdino,96586,1823321,1,1,80,80,1.0,0.9549359649323077,1.0,0.0450640350676923
refcocoplus,groundingdino,188621,1055694,1,0,80,80,1.0,0.9549359649323077,1.0,0.0450640350676923
refcocoplus,groundingdino,305546,52136,1,0,29,80,0.3625,0.2578948953716181,0.47761272126480847,0.2197178258931904
refcocoplus,groundingdino,225468,2109357,1,1,67,80,0.8375,0.7381631061748871,0.9105383582774708,0.17237525210258364
refcocoplus,groundingdino,536039,313512,1,0,53,80,0.6625,0.5480943856258318,0.7644738620163491,0.21637947639051736
refcocoplus,groundingdino,537807,1586508,1,0,75,80,0.9375,0.860142924702361,0.9793969276979898,0.11925400299562883
refcocoplus,groundingdino,318117,132352,1,1,79,80,0.9875,0.9323122155360776,0.9996835774723672,0.06737136193628968
refcocoplus,groundingdino,31382,716515,1,0,65,80,0.8125,0.7096721043523089,0.8910863118524706,0.18141420750016168
refcocoplus,groundingdino,376802,174169,1,1,74,80,0.925,0.8438720682639279,0.9719794538231588,0.12810738555923085
refcocoplus,groundingdino,16089,310911,1,0,80,80,1.0,0.9549359649323077,1.0,0.0450640350676923
refcocoplus,groundingdino,65085,1565136,1,1,73,80,0.9125,0.8279916615801152,0.9640936410104413,0.1361019794303261
refcocoplus,groundingdino,476347,39457,1,0,69,80,0.8625,0.7672791291752744,0.9293121672961213,0.1620330381208469
refcocoplus,groundingdino,226541,155317,1,0,75,80,0.9375,0.860142924702361,0.9793969276979898,0.11925400299562883
refcocoplus,groundingdino,110230,17252,1,1,80,80,1.0,0.9549359649323077,1.0,0.0450640350676923
refcocoplus,groundingdino,192337,590456,1,0,36,80,0.45,0.33848638448981544,0.565326020905847,0.2268396364160316
refcocoplus,groundingdino,89005,39939,1,0,68,80,0.85,0.7526358884071023,0.9200184386902862,0.16738255028318394
refcocoplus,groundingdino,353997,1545082,1,0,80,80,1.0,0.9549359649323077,1.0,0.0450640350676923
refcocoplus,groundingdino,309087,1484082,1,0,79,80,0.9875,0.9323122155360776,0.9996835774723672,0.06737136193628968
refcocoplus,groundingdino,318183,1153336,1,1,38,80,0.475,0.3621335816771527,0.5897721586232294,0.2276385769460767
refcocoplus,groundingdino,423481,660173,1,0,77,80,0.9625,0.8942980149834914,0.9921988127342833,0.09790079775079197
refcocoplus,groundingdino,232167,321223,1,1,68,80,0.85,0.7526358884071023,0.9200184386902862,0.16738255028318394
refcocoplus,groundingdino,173882,1060707,1,0,63,80,0.7875,0.6817141914403442,0.8710635049024182,0.18934931346207406
refcocoplus,groundingdino,381858,597262,1,1,71,80,0.8875,0.7971534080830098,0.9472484868543125,0.15009507877130268
refcocoplus,groundingdino,530406,591041,1,0,65,80,0.8125,0.7096721043523089,0.8910863118524706,0.18141420750016168
refcocoplus,groundingdino,536960,79247,1,1,80,80,1.0,0.9549359649323077,1.0,0.0450640350676923
refcocoplus,groundingdino,576758,170968,1,1,80,80,1.0,0.9549359649323077,1.0,0.0450640350676923
refcocoplus,groundingdino,548875,584131,1,0,58,80,0.725,0.6137565791555909,0.8189623614429612,0.2052057822873703
refcocoplus,groundingdino,189957,668932,1,0,64,80,0.8,0.6956311329945355,0.8811409135950147,0.18550978060047918
refcocoplus,groundingdino,27679,1126266,1,1,27,80,0.3375,0.23552613798365082,0.4519056143741682,0.21637947639051738
refcocoplus,groundingdino,267189,1118647,1,1,80,80,1.0,0.9549359649323077,1.0,0.0450640350676923
refcocoplus,groundingdino,327881,591076,1,0,80,80,1.0,0.9549359649323077,1.0,0.0450640350676923
refcocoplus,groundingdino,128286,1465870,1,0,45,80,0.5625,0.44699757138818025,0.673236046566221,0.2262384751780408
refcocoplus,groundingdino,223650,419367,1,0,80,80,1.0,0.9549359649323077,1.0,0.0450640350676923
refcocoplus,groundingdino,503497,2231896,1,0,80,80,1.0,0.9549359649323077,1.0,0.0450640350676923
refcocoplus,groundingdino,46997,311799,1,0,76,80,0.95,0.876901263556847,0.9862106060235382,0.1093093424666911
refcocoplus,groundingdino,4032,164266,1,1,64,80,0.8,0.6956311329945355,0.8811409135950147,0.18550978060047918
refcocoplus,groundingdino,408390,1058739,1,0,79,80,0.9875,0.9323122155360776,0.9996835774723672,0.06737136193628968
refcocoplus,groundingdino,402298,419214,1,0,80,80,1.0,0.9549359649323077,1.0,0.0450640350676923
refcocoplus,groundingdino,173814,52112,1,0,80,80,1.0,0.9549359649323077,1.0,0.0450640350676923
refcocoplus,groundingdino,55966,1842304,1,0,78,80,0.975,0.9125928440694077,0.9969579138351904,0.08436506976578273
refcocoplus,groundingdino,164855,591075,1,0,71,80,0.8875,0.7971534080830098,0.9472484868543125,0.15009507877130268
refcocoplus,groundingdino,452380,1497786,1,0,51,80,0.6375,0.5223872787351916,0.7421051046283819,0.21971782589319022
refcocoplus,groundingdino,336688,117410,1,1,80,80,1.0,0.9549359649323077,1.0,0.0450640350676923
refcocoplus,groundingdino,412194,1911757,1,0,67,80,0.8375,0.7381631061748871,0.9105383582774708,0.17237525210258364
refcocoplus,groundingdino,196971,52189,1,0,80,80,1.0,0.9549359649323077,1.0,0.0450640350676923
refcocoplus,groundingdino,285093,581273,1,1,67,80,0.8375,0.7381631061748871,0.9105383582774708,0.17237525210258364
refcocoplus,groundingdino,140320,115080,1,1,22,80,0.275,0.18103763855703875,0.38624342084440927,0.20520578228737052
refcocoplus,groundingdino,25414,319653,1,0,80,80,1.0,0.9549359649323077,1.0,0.0450640350676923
refcocoplus,groundingdino,576153,583088,1,0,80,80,1.0,0.9549359649323077,1.0,0.0450640350676923
refcocoplus,groundingdino,111705,120013,1,0,79,80,0.9875,0.9323122155360776,0.9996835774723672,0.06737136193628968
refcocoplus,groundingdino,411191,1559681,1,0,60,80,0.75,0.64063652409315,0.8401203554931442,0.19948383139999426
refcocoplus,groundingdino,323896,134796,1,0,80,80,1.0,0.9549359649323077,1.0,0.0450640350676923
refcocoplus,groundingdino,525459,1079321,1,1,80,80,1.0,0.9549359649323077,1.0,0.0450640350676923
refcocoplus,groundingdino,426510,175108,1,1,28,80,0.35,0.24667193647253513,0.4647968854793358,0.21812494900680066
refcocoplus,groundingdino,364913,276268,1,1,72,80,0.9,0.8124348925365683,0.955829059846371,0.1433941673098027
refcocoplus,groundingdino,310158,584732,1,0,38,80,0.475,0.3621335816771527,0.5897721586232294,0.2276385769460767
refcocoplus,groundingdino,444598,1575952,1,0,80,80,1.0,0.9549359649323077,1.0,0.0450640350676923
refcocoplus,groundingdino,160503,1076205,1,1,80,80,1.0,0.9549359649323077,1.0,0.0450640350676923
refcocoplus,groundingdino,543490,42331,1,0,42,80,0.525,0.4102278413767706,0.6378664183228473,0.2276385769460767
refcocoplus,groundingdino,520456,53927,1,0,56,80,0.7,0.5872406769186242,0.7974260708533272,0.21018539393470292
refcocoplus,groundingdino,14025,1084500,1,1,66,80,0.825,0.7238459604789864,0.9008894901605713,0.17704352968158488
refcocoplus,groundingdino,204800,16319,1,1,69,80,0.8625,0.7672791291752744,0.9293121672961213,0.1620330381208469
refcocoplus,groundingdino,176810,1779443,1,1,79,80,0.9875,0.9323122155360776,0.9996835774723672,0.06737136193628968
refcocoplus,groundingdino,215289,66709,1,0,80,80,1.0,0.9549359649323077,1.0,0.0450640350676923
refcocoplus,groundingdino,284639,35379,1,1,65,80,0.8125,0.7096721043523089,0.8910863118524706,0.18141420750016168
refcocoplus,groundingdino,9017,1081899,1,0,80,80,1.0,0.9549359649323077,1.0,0.0450640350676923
refcocoplus,groundingdino,360585,57173,1,0,79,80,0.9875,0.9323122155360776,0.9996835774723672,0.06737136193628968
refcocoplus,groundingdino,265292,1555209,1,0,80,80,1.0,0.9549359649323077,1.0,0.0450640350676923
refcocoplus,groundingdino,99159,2096586,1,1,80,80,1.0,0.9549359649323077,1.0,0.0450640350676923
refcocoplus,groundingdino,139811,368701,1,0,75,80,0.9375,0.860142924702361,0.9793969276979898,0.11925400299562883
refcocoplus,groundingdino,113123,1842623,1,0,61,80,0.7625,0.6542230288597322,0.8505462481433591,0.19632321928362695
refcocoplus,groundingdino,253904,314096,1,0,80,80,1.0,0.9549359649323077,1.0,0.0450640350676923
refcocoplus,groundingdino,389425,23781,1,0,80,80,1.0,0.9549359649323077,1.0,0.0450640350676923
refcocoplus,groundingdino,219248,58355,1,1,80,80,1.0,0.9549359649323077,1.0,0.0450640350676923
refcocoplus,groundingdino,239933,152477,1,0,48,80,0.6,0.4843769404954894,0.7079906437446896,0.22361370324920016
refcocoplus,groundingdino,579299,1571106,1,0,74,80,0.925,0.8438720682639279,0.9719794538231588,0.12810738555923085
refcocoplus,groundingdino,566592,70678,1,1,75,80,0.9375,0.860142924702361,0.9793969276979898,0.11925400299562883
refcocoplus,groundingdino,174896,1586864,1,0,78,80,0.975,0.9125928440694077,0.9969579138351904,0.08436506976578273
refcocoplus,groundingdino,392015,601380,1,0,39,80,0.4875,0.37405748144443896,0.6018953312968145,0.22783784985237554
refcocoplus,groundingdino,545411,2217613,1,0,8,80,0.1,0.04417094015362904,0.1875651074634316,0.14339416730980256
refcocoplus,groundingdino,63820,161285,1,0,40,80,0.5,0.3860478833649093,0.6139521166350907,0.22790423327018144
refcocoplus,groundingdino,300392,1967859,1,0,49,80,0.6125,0.4969755425018991,0.7194348668752178,0.22245932437331872
refcocoplus,groundingdino,443916,1674457,1,1,80,80,1.0,0.9549359649323077,1.0,0.0450640350676923
refcocoplus,groundingdino,318953,1840310,1,0,78,80,0.975,0.9125928440694077,0.9969579138351904,0.08436506976578273
refcocoplus,groundingdino,200181,2117607,1,0,80,80,1.0,0.9549359649323077,1.0,0.0450640350676923
refcocoplus,groundingdino,427868,40253,1,1,80,80,1.0,0.9549359649323077,1.0,0.0450640350676923
refcocoplus,groundingdino,574299,154399,1,1,80,80,1.0,0.9549359649323077,1.0,0.0450640350676923
refcocoplus,groundingdino,194193,580599,1,1,61,80,0.7625,0.6542230288597322,0.8505462481433591,0.19632321928362695
refcocoplus,groundingdino,194564,1570367,1,0,80,80,1.0,0.9549359649323077,1.0,0.0450640350676923
refcocoplus,groundingdino,323052,172005,1,1,58,80,0.725,0.6137565791555909,0.8189623614429612,0.2052057822873703
refcocoplus,groundingdino,553176,32719,1,0,78,80,0.975,0.9125928440694077,0.9969579138351904,0.08436506976578273
refcocoplus,groundingdino,229541,22508,1,0,73,80,0.9125,0.8279916615801152,0.9640936410104413,0.1361019794303261
refcocoplus,groundingdino,424485,2227458,1,0,80,80,1.0,0.9549359649323077,1.0,0.0450640350676923
refcocoplus,groundingdino,20052,1412017,1,1,80,80,1.0,0.9549359649323077,1.0,0.0450640350676923
refcocoplus,groundingdino,72701,313450,1,1,80,80,1.0,0.9549359649323077,1.0,0.0450640350676923
refcocoplus,groundingdino,83959,1078968,1,1,80,80,1.0,0.9549359649323077,1.0,0.0450640350676923
refcocoplus,groundingdino,536730,1161343,1,0,41,80,0.5125,0.39810466870318556,0.625942518555561,0.22783784985237548
refcocoplus,groundingdino,18276,310752,1,0,63,80,0.7875,0.6817141914403442,0.8710635049024182,0.18934931346207406
refcocoplus,groundingdino,207629,1537435,1,0,80,80,1.0,0.9549359649323077,1.0,0.0450640350676923
refcocoplus,groundingdino,37800,1076748,1,0,80,80,1.0,0.9549359649323077,1.0,0.0450640350676923
refcocoplus,groundingdino,276244,28843,1,1,58,80,0.725,0.6137565791555909,0.8189623614429612,0.2052057822873703
refcocoplus,groundingdino,280873,1114893,1,1,80,80,1.0,0.9549359649323077,1.0,0.0450640350676923
refcocoplus,groundingdino,285897,1624184,1,0,78,80,0.975,0.9125928440694077,0.9969579138351904,0.08436506976578273
refcocoplus,groundingdino,276845,153342,1,1,80,80,1.0,0.9549359649323077,1.0,0.0450640350676923
refcocoplus,groundingdino,10229,399754,1,1,60,80,0.75,0.64063652409315,0.8401203554931442,0.19948383139999426
refcocoplus,groundingdino,345835,1407594,1,0,80,80,1.0,0.9549359649323077,1.0,0.0450640350676923
refcocoplus,groundingdino,299123,57406,1,1,61,80,0.7625,0.6542230288597322,0.8505462481433591,0.19632321928362695
refcocoplus,groundingdino,487510,113175,1,1,80,80,1.0,0.9549359649323077,1.0,0.0450640350676923
refcocoplus,groundingdino,581346,591091,1,0,44,80,0.55,0.43467397909415284,0.6615136155101845,0.22683963641603166
refcocoplus,groundingdino,406295,1867158,1,1,69,80,0.8625,0.7672791291752744,0.9293121672961213,0.1620330381208469
refcocoplus,groundingdino,578002,666957,1,1,65,80,0.8125,0.7096721043523089,0.8910863118524706,0.18141420750016168
refcocoplus,groundingdino,219349,2099621,1,1,80,80,1.0,0.9549359649323077,1.0,0.0450640350676923
refcocoplus,groundingdino,264885,1402086,1,0,79,80,0.9875,0.9323122155360776,0.9996835774723672,0.06737136193628968
refcocoplus,groundingdino,105620,1905402,1,0,62,80,0.775,0.6679136799387491,0.8608627895010682,0.19294910956231914
refcocoplus,groundingdino,219943,313306,1,1,76,80,0.95,0.876901263556847,0.9862106060235382,0.1093093424666911
refcocoplus,groundingdino,270269,1385828,1,0,65,80,0.8125,0.7096721043523089,0.8910863118524706,0.18141420750016168
refcocoplus,groundingdino,308222,1070835,1,0,80,80,1.0,0.9549359649323077,1.0,0.0450640350676923
refcocoplus,groundingdino,471962,600186,1,0,80,80,1.0,0.9549359649323077,1.0,0.0450640350676923
refcocoplus,groundingdino,567616,1051876,1,0,80,80,1.0,0.9549359649323077,1.0,0.0450640350676923
refcocoplus,groundingdino,6332,1862563,1,0,57,80,0.7125,0.6004548866879794,0.8082395280280349,0.20778464134005548
refcocoplus,groundingdino,310780,1402085,1,0,80,80,1.0,0.9549359649323077,1.0,0.0450640350676923
refcocoplus,groundingdino,31885,1065905,1,0,32,80,0.4,0.2920093562553105,0.5156230595045106,0.2236137032492001
refcocoplus,groundingdino,54806,673295,1,1,44,80,0.55,0.43467397909415284,0.6615136155101845,0.22683963641603166
refcocoplus,groundingdino,523795,598622,1,1,76,80,0.95,0.876901263556847,0.9862106060235382,0.1093093424666911
refcocoplus,groundingdino,282930,1060954,1,0,78,80,0.975,0.9125928440694077,0.9969579138351904,0.08436506976578273
refcocoplus,groundingdino,441972,56491,1,1,80,80,1.0,0.9549359649323077,1.0,0.0450640350676923
refcocoplus,groundingdino,35529,1185133,1,0,29,80,0.3625,0.2578948953716181,0.47761272126480847,0.2197178258931904
refcocoplus,groundingdino,117447,1102591,1,1,61,80,0.7625,0.6542230288597322,0.8505462481433591,0.19632321928362695
refcocoplus,groundingdino,468760,59789,1,0,80,80,1.0,0.9549359649323077,1.0,0.0450640350676923
refcocoplus,groundingdino,500036,1060108,1,0,49,80,0.6125,0.4969755425018991,0.7194348668752178,0.22245932437331872
refcocoplus,groundingdino,131074,318235,1,1,59,80,0.7375,0.6271491697875681,0.8295907488995917,0.20244157911202365
refcocoplus,groundingdino,304833,580137,1,0,80,80,1.0,0.9549359649323077,1.0,0.0450640350676923
refcocoplus,groundingdino,321673,599557,1,0,69,80,0.8625,0.7672791291752744,0.9293121672961213,0.1620330381208469
refcocoplus,groundingdino,359357,1912952,1,0,55,80,0.6875,0.5741109261435505,0.7865253688912328,0.21241444274768229
refcocoplus,groundingdino,188184,1078975,1,1,80,80,1.0,0.9549359649323077,1.0,0.0450640350676923
refcocoplus,groundingdino,517451,1093189,1,1,60,80,0.75,0.64063652409315,0.8401203554931442,0.19948383139999426
refcocoplus,groundingdino,272463,167161,1,1,58,80,0.725,0.6137565791555909,0.8189623614429612,0.2052057822873703
refcocoplus,groundingdino,127214,585727,1,0,75,80,0.9375,0.860142924702361,0.9793969276979898,0.11925400299562883
refcocoplus,groundingdino,324401,1052188,1,0,80,80,1.0,0.9549359649323077,1.0,0.0450640350676923
refcocoplus,groundingdino,502553,316143,1,1,79,80,0.9875,0.9323122155360776,0.9996835774723672,0.06737136193628968
refcocoplus,groundingdino,392394,1822988,1,0,76,80,0.95,0.876901263556847,0.9862106060235382,0.1093093424666911
refcocoplus,groundingdino,319866,62709,1,1,64,80,0.8,0.6956311329945355,0.8811409135950147,0.18550978060047918
refcocoplus,groundingdino,494382,40361,1,1,56,80,0.7,0.5872406769186242,0.7974260708533272,0.21018539393470292
refcocoplus,groundingdino,24319,601162,1,0,36,80,0.45,0.33848638448981544,0.565326020905847,0.2268396364160316
refcocoplus,groundingdino,286469,1162496,1,0,80,80,1.0,0.9549359649323077,1.0,0.0450640350676923
refcocoplus,groundingdino,394975,1969587,1,0,80,80,1.0,0.9549359649323077,1.0,0.0450640350676923
refcocoplus,groundingdino,340160,12489,1,1,80,80,1.0,0.9549359649323077,1.0,0.0450640350676923
refcocoplus,groundingdino,552549,1554857,1,1,80,80,1.0,0.9549359649323077,1.0,0.0450640350676923
refcocoplus,groundingdino,75691,38030,1,1,80,80,1.0,0.9549359649323077,1.0,0.0450640350676923
refcocoplus,groundingdino,129771,91780,1,0,73,80,0.9125,0.8279916615801152,0.9640936410104413,0.1361019794303261
refcocoplus,groundingdino,267604,139308,1,0,80,80,1.0,0.9549359649323077,1.0,0.0450640350676923
refcocoplus,groundingdino,165868,114360,1,0,80,80,1.0,0.9549359649323077,1.0,0.0450640350676923
refcocoplus,groundingdino,392747,1163224,1,1,80,80,1.0,0.9549359649323077,1.0,0.0450640350676923
refcocoplus,groundingdino,41913,1546785,1,0,77,80,0.9625,0.8942980149834914,0.9921988127342833,0.09790079775079197
refcocoplus,groundingdino,551994,1610129,1,0,80,80,1.0,0.9549359649323077,1.0,0.0450640350676923
refcocoplus,groundingdino,31374,175167,1,0,76,80,0.95,0.876901263556847,0.9862106060235382,0.1093093424666911
refcocoplus,groundingdino,527822,675723,1,0,26,80,0.325,0.22445958517745324,0.4389370456044483,0.21447746042699506
refcocoplus,groundingdino,365205,47886,1,0,19,80,0.2375,0.1494537518566408,0.34577697114026784,0.19632321928362703
refcocoplus,groundingdino,245946,597086,1,0,80,80,1.0,0.9549359649323077,1.0,0.0450640350676923
refcocoplus,groundingdino,536902,1085309,1,0,80,80,1.0,0.9549359649323077,1.0,0.0450640350676923
refcocoplus,groundingdino,392145,290410,1,1,80,80,1.0,0.9549359649323077,1.0,0.0450640350676923
refcocoplus,groundingdino,297011,127357,1,1,80,80,1.0,0.9549359649323077,1.0,0.0450640350676923
refcocoplus,groundingdino,200971,332867,1,0,80,80,1.0,0.9549359649323077,1.0,0.0450640350676923
refcocoplus,groundingdino,171120,1171640,1,0,80,80,1.0,0.9549359649323077,1.0,0.0450640350676923
refcocoplus,groundingdino,512658,2110281,1,0,77,80,0.9625,0.8942980149834914,0.9921988127342833,0.09790079775079197
refcocoplus,groundingdino,148044,26283,1,0,69,80,0.8625,0.7672791291752744,0.9293121672961213,0.1620330381208469
refcocoplus,groundingdino,138772,2195989,1,0,24,80,0.3,0.20257392914667274,0.412759323081376,0.21018539393470323
refcocoplus,groundingdino,369016,583279,1,0,80,80,1.0,0.9549359649323077,1.0,0.0450640350676923
refcocoplus,groundingdino,569234,1071601,1,1,74,80,0.925,0.8438720682639279,0.9719794538231588,0.12810738555923085
refcocoplus,groundingdino,266207,66436,1,0,71,80,0.8875,0.7971534080830098,0.9472484868543125,0.15009507877130268
refcocoplus,groundingdino,260029,1140815,1,0,70,80,0.875,0.7821108659305637,0.9383979034415657,0.15628703751100204
refcocoplus,groundingdino,125690,51172,1,0,65,80,0.8125,0.7096721043523089,0.8910863118524706,0.18141420750016168
refcocoplus,groundingdino,439509,366106,1,0,64,80,0.8,0.6956311329945355,0.8811409135950147,0.18550978060047918
refcocoplus,groundingdino,131595,341029,1,1,80,80,1.0,0.9549359649323077,1.0,0.0450640350676923
refcocoplus,groundingdino,436362,179543,1,1,62,80,0.775,0.6679136799387491,0.8608627895010682,0.19294910956231914
refcocoplus,groundingdino,403730,1410211,1,0,80,80,1.0,0.9549359649323077,1.0,0.0450640350676923
refcocoplus,groundingdino,221674,64139,1,1,80,80,1.0,0.9549359649323077,1.0,0.0450640350676923
refcocoplus,groundingdino,417844,588628,1,0,53,80,0.6625,0.5480943856258318,0.7644738620163491,0.21637947639051736
refcocoplus,groundingdino,50105,1578001,1,0,52,80,0.65,0.5352031145206643,0.7533280635274648,0.21812494900680057
refcocoplus,groundingdino,116603,1052136,1,1,70,80,0.875,0.7821108659305637,0.9383979034415657,0.15628703751100204
refcocoplus,groundingdino,382620,116918,1,0,79,80,0.9875,0.9323122155360776,0.9996835774723672,0.06737136193628968
refcocoplus,groundingdino,275932,40745,1,0,65,80,0.8125,0.7096721043523089,0.8910863118524706,0.18141420750016168
refcocoplus,groundingdino,432615,601566,1,1,62,80,0.775,0.6679136799387491,0.8608627895010682,0.19294910956231914
refcocoplus,groundingdino,459747,39140,1,0,80,80,1.0,0.9549359649323077,1.0,0.0450640350676923
refcocoplus,groundingdino,367164,595218,1,0,74,80,0.925,0.8438720682639279,0.9719794538231588,0.12810738555923085
refcocoplus,groundingdino,212450,1925038,1,0,59,80,0.7375,0.6271491697875681,0.8295907488995917,0.20244157911202365
refcocoplus,groundingdino,353284,586064,1,1,68,80,0.85,0.7526358884071023,0.9200184386902862,0.16738255028318394
refcocoplus,groundingdino,308210,1184087,1,0,80,80,1.0,0.9549359649323077,1.0,0.0450640350676923
refcocoplus,groundingdino,393325,369894,1,0,72,80,0.9,0.8124348925365683,0.955829059846371,0.1433941673098027
refcocoplus,groundingdino,473352,1793269,1,1,62,80,0.775,0.6679136799387491,0.8608627895010682,0.19294910956231914
refcocoplus,groundingdino,243373,1918147,1,0,80,80,1.0,0.9549359649323077,1.0,0.0450640350676923
refcocoplus,groundingdino,315521,1049766,1,0,76,80,0.95,0.876901263556847,0.9862106060235382,0.1093093424666911
refcocoplus,groundingdino,213005,61846,1,1,80,80,1.0,0.9549359649323077,1.0,0.0450640350676923
refcocoplus,groundingdino,105660,598281,1,0,44,80,0.55,0.43467397909415284,0.6615136155101845,0.22683963641603166
refcocoplus,groundingdino,579057,1050727,1,1,76,80,0.95,0.876901263556847,0.9862106060235382,0.1093093424666911
refcocoplus,groundingdino,74549,309956,1,0,52,80,0.65,0.5352031145206643,0.7533280635274648,0.21812494900680057
refcocoplus,groundingdino,354608,1143973,1,0,77,80,0.9625,0.8942980149834914,0.9921988127342833,0.09790079775079197
refcocoplus,groundingdino,376945,76073,1,0,59,80,0.7375,0.6271491697875681,0.8295907488995917,0.20244157911202365
refcocoplus,groundingdino,520272,2175072,1,0,73,80,0.9125,0.8279916615801152,0.9640936410104413,0.1361019794303261
refcocoplus,groundingdino,223270,321275,1,0,80,80,1.0,0.9549359649323077,1.0,0.0450640350676923
refcocoplus,groundingdino,216579,401265,1,0,67,80,0.8375,0.7381631061748871,0.9105383582774708,0.17237525210258364
refcocoplus,groundingdino,535399,1491433,1,0,80,80,1.0,0.9549359649323077,1.0,0.0450640350676923
refcocoplus,groundingdino,246342,1092233,1,0,37,80,0.4625,0.3502764265383982,0.5775824719951649,0.2273060454567667
refcocoplus,groundingdino,410992,332289,1,0,47,80,0.5875,0.47184834042520446,0.6964754070624058,0.2246270666372014
refcocoplus,groundingdino,526695,1183179,1,1,79,80,0.9875,0.9323122155360776,0.9996835774723672,0.06737136193628968
refcocoplus,groundingdino,237515,1937131,1,0,80,80,1.0,0.9549359649323077,1.0,0.0450640350676923
refcocoplus,groundingdino,68866,1444754,1,0,80,80,1.0,0.9549359649323077,1.0,0.0450640350676923
refcocoplus,groundingdino,81799,172382,1,1,72,80,0.9,0.8124348925365683,0.955829059846371,0.1433941673098027
refcocoplus,groundingdino,136232,312770,1,0,57,80,0.7125,0.6004548866879794,0.8082395280280349,0.20778464134005548
refcocoplus,groundingdino,482472,143458,1,0,74,80,0.925,0.8438720682639279,0.9719794538231588,0.12810738555923085
refcocoplus,groundingdino,52248,1544415,1,0,48,80,0.6,0.4843769404954894,0.7079906437446896,0.22361370324920016
refcocoplus,groundingdino,248957,374134,1,0,45,80,0.5625,0.44699757138818025,0.673236046566221,0.2262384751780408
refcocoplus,groundingdino,566992,331333,1,1,59,80,0.7375,0.6271491697875681,0.8295907488995917,0.20244157911202365
refcocoplus,groundingdino,390286,1675820,1,1,78,80,0.975,0.9125928440694077,0.9969579138351904,0.08436506976578273
refcocoplus,groundingdino,482775,2107800,1,1,21,80,0.2625,0.1704092511004083,0.3728508302124319,0.20244157911202362
refcocoplus,groundingdino,272773,587505,1,1,49,80,0.6125,0.4969755425018991,0.7194348668752178,0.22245932437331872
refcocoplus,groundingdino,439692,595738,1,1,80,80,1.0,0.9549359649323077,1.0,0.0450640350676923
refcocoplus,groundingdino,422969,102897,1,0,78,80,0.975,0.9125928440694077,0.9969579138351904,0.08436506976578273
refcocoplus,groundingdino,176386,1570533,1,0,72,80,0.9,0.8124348925365683,0.955829059846371,0.1433941673098027
refcocoplus,groundingdino,454258,1051499,1,0,43,80,0.5375,0.4224175280048351,0.6497235734616016,0.22730604545676647
refcocoplus,groundingdino,475142,1574409,1,0,80,80,1.0,0.9549359649323077,1.0,0.0450640350676923
refcocoplus,groundingdino,239870,1363687,1,1,80,80,1.0,0.9549359649323077,1.0,0.0450640350676923
refcocoplus,groundingdino,290938,1670356,1,0,68,80,0.85,0.7526358884071023,0.9200184386902862,0.16738255028318394
refcocoplus,groundingdino,388807,1161102,1,0,79,80,0.9875,0.9323122155360776,0.9996835774723672,0.06737136193628968
refcocoplus,groundingdino,166653,2081466,1,0,76,80,0.95,0.876901263556847,0.9862106060235382,0.1093093424666911
refcocoplus,groundingdino,523831,65848,1,1,76,80,0.95,0.876901263556847,0.9862106060235382,0.1093093424666911
refcocoplus,groundingdino,327198,1116837,1,0,59,80,0.7375,0.6271491697875681,0.8295907488995917,0.20244157911202365
refcocoplus,groundingdino,329343,1589371,1,1,80,80,1.0,0.9549359649323077,1.0,0.0450640350676923
refcocoplus,groundingdino,352814,1038341,1,0,61,80,0.7625,0.6542230288597322,0.8505462481433591,0.19632321928362695
refcocoplus,groundingdino,327132,1075274,1,1,67,80,0.8375,0.7381631061748871,0.9105383582774708,0.17237525210258364
refcocoplus,groundingdino,298353,1566540,1,0,73,80,0.9125,0.8279916615801152,0.9640936410104413,0.1361019794303261
refcocoplus,groundingdino,313518,594664,1,1,80,80,1.0,0.9549359649323077,1.0,0.0450640350676923
refcocoplus,groundingdino,31411,595933,1,0,76,80,0.95,0.876901263556847,0.9862106060235382,0.1093093424666911
refcocoplus,groundingdino,215493,59286,1,1,60,80,0.75,0.64063652409315,0.8401203554931442,0.19948383139999426
refcocoplus,groundingdino,370741,39999,1,1,55,80,0.6875,0.5741109261435505,0.7865253688912328,0.21241444274768229
refcocoplus,groundingdino,426979,149890,1,0,73,80,0.9125,0.8279916615801152,0.9640936410104413,0.1361019794303261
refcocoplus,groundingdino,471315,583547,1,0,80,80,1.0,0.9549359649323077,1.0,0.0450640350676923
refcocoplus,groundingdino,87235,1544713,1,1,75,80,0.9375,0.860142924702361,0.9793969276979898,0.11925400299562883
refcocoplus,groundingdino,122560,583586,1,0,80,80,1.0,0.9549359649323077,1.0,0.0450640350676923
refcocoplus,groundingdino,28870,2171384,1,0,54,80,0.675,0.5610629543955516,0.7755404148225468,0.21447746042699511
refcocoplus,groundingdino,50736,589319,1,1,67,80,0.8375,0.7381631061748871,0.9105383582774708,0.17237525210258364
refcocoplus,groundingdino,457085,49882,1,1,76,80,0.95,0.876901263556847,0.9862106060235382,0.1093093424666911
refcocoplus,groundingdino,426525,278001,1,0,80,80,1.0,0.9549359649323077,1.0,0.0450640350676923
refcocoplus,groundingdino,362247,597085,1,0,80,80,1.0,0.9549359649323077,1.0,0.0450640350676923
refcocoplus,groundingdino,80835,36645,1,1,54,80,0.675,0.5610629543955516,0.7755404148225468,0.21447746042699511
refcocoplus,groundingdino,515590,173620,1,1,13,80,0.1625,0.08946164172252925,0.2618368938251128,0.1723752521025836
refcocoplus,groundingdino,132165,14089,1,1,61,80,0.7625,0.6542230288597322,0.8505462481433591,0.19632321928362695
refcocoplus,groundingdino,422705,1043427,1,0,11,80,0.1375,0.07068783270387868,0.2327208708247256,0.1620330381208469
refcocoplus,groundingdino,224753,395327,1,0,80,80,1.0,0.9549359649323077,1.0,0.0450640350676923
refcocoplus,groundingdino,52299,396138,1,1,14,80,0.175,0.09911050983942865,0.27615403952101353,0.17704352968158488
refcocoplus,groundingdino,335304,1950236,1,0,80,80,1.0,0.9549359649323077,1.0,0.0450640350676923
refcocoplus,groundingdino,106397,418586,1,0,13,80,0.1625,0.08946164172252925,0.2618368938251128,0.1723752521025836
refcocoplus,groundingdino,403535,582269,1,1,64,80,0.8,0.6956311329945355,0.8811409135950147,0.18550978060047918
refcocoplus,groundingdino,444166,73888,1,1,75,80,0.9375,0.860142924702361,0.9793969276979898,0.11925400299562883
refcocoplus,groundingdino,169529,1549213,1,0,76,80,0.95,0.876901263556847,0.9862106060235382,0.1093093424666911
refcocoplus,groundingdino,73591,599729,1,1,80,80,1.0,0.9549359649323077,1.0,0.0450640350676923
refcocoplus,groundingdino,109908,1361643,1,1,50,80,0.625,0.5096452355928875,0.7308068300531951,0.2211615944603076
refcocoplus,groundingdino,16870,1154077,1,0,68,80,0.85,0.7526358884071023,0.9200184386902862,0.16738255028318394
refcocoplus,groundingdino,13763,583857,1,1,65,80,0.8125,0.7096721043523089,0.8910863118524706,0.18141420750016168
refcocoplus,groundingdino,140108,114565,1,0,52,80,0.65,0.5352031145206643,0.7533280635274648,0.21812494900680057
refcocoplus,groundingdino,93171,64321,1,1,61,80,0.7625,0.6542230288597322,0.8505462481433591,0.19632321928362695
refcocoplus,groundingdino,268897,598313,1,1,76,80,0.95,0.876901263556847,0.9862106060235382,0.1093093424666911
refcocoplus,groundingdino,59231,418565,1,0,58,80,0.725,0.6137565791555909,0.8189623614429612,0.2052057822873703
refcocoplus,groundingdino,337628,1080169,1,1,80,80,1.0,0.9549359649323077,1.0,0.0450640350676923
refcocoplus,groundingdino,223790,1513592,1,0,34,80,0.425,0.31510976545234215,0.5406111885690619,0.22550142311671972
refcocoplus,groundingdino,123180,597759,1,1,61,80,0.7625,0.6542230288597322,0.8505462481433591,0.19632321928362695
refcocoplus,groundingdino,125785,1795687,1,0,80,80,1.0,0.9549359649323077,1.0,0.0450640350676923
refcocoplus,groundingdino,101697,103882,1,0,63,80,0.7875,0.6817141914403442,0.8710635049024182,0.18934931346207406
refcocoplus,groundingdino,267794,51661,1,0,80,80,1.0,0.9549359649323077,1.0,0.0450640350676923
refcocoplus,groundingdino,240586,398117,1,1,80,80,1.0,0.9549359649323077,1.0,0.0450640350676923
refcocoplus,groundingdino,467774,274359,1,0,80,80,1.0,0.9549359649323077,1.0,0.0450640350676923
refcocoplus,groundingdino,499538,1140193,1,1,80,80,1.0,0.9549359649323077,1.0,0.0450640350676923
refcocoplus,groundingdino,551472,246741,1,1,56,80,0.7,0.5872406769186242,0.7974260708533272,0.21018539393470292
refcocoplus,groundingdino,524520,353258,1,0,28,80,0.35,0.24667193647253513,0.4647968854793358,0.21812494900680066
refcocoplus,groundingdino,289140,1533165,1,1,80,80,1.0,0.9549359649323077,1.0,0.0450640350676923
refcocoplus,groundingdino,298360,369942,1,0,52,80,0.65,0.5352031145206643,0.7533280635274648,0.21812494900680057
refcocoplus,groundingdino,278457,1043053,1,0,61,80,0.7625,0.6542230288597322,0.8505462481433591,0.19632321928362695
refcocoplus,groundingdino,515252,267967,1,1,60,80,0.75,0.64063652409315,0.8401203554931442,0.19948383139999426
refcocoplus,groundingdino,144018,1803962,1,0,80,80,1.0,0.9549359649323077,1.0,0.0450640350676923
refcocoplus,groundingdino,163559,1055210,1,0,62,80,0.775,0.6679136799387491,0.8608627895010682,0.19294910956231914
refcocoplus,groundingdino,134474,587031,1,0,50,80,0.625,0.5096452355928875,0.7308068300531951,0.2211615944603076
refcocoplus,groundingdino,578294,1155078,1,1,80,80,1.0,0.9549359649323077,1.0,0.0450640350676923
refcocoplus,groundingdino,387202,1068397,1,1,61,80,0.7625,0.6542230288597322,0.8505462481433591,0.19632321928362695
refcocoplus,groundingdino,134755,1902997,1,0,54,80,0.675,0.5610629543955516,0.7755404148225468,0.21447746042699511
refcocoplus,groundingdino,348616,1154662,1,1,70,80,0.875,0.7821108659305637,0.9383979034415657,0.15628703751100204
refcocoplus,groundingdino,74942,1535819,1,1,68,80,0.85,0.7526358884071023,0.9200184386902862,0.16738255028318394
refcocoplus,groundingdino,296009,1155903,1,0,80,80,1.0,0.9549359649323077,1.0,0.0450640350676923
refcocoplus,groundingdino,521514,124198,1,0,80,80,1.0,0.9549359649323077,1.0,0.0450640350676923
refcocoplus,groundingdino,294823,418847,1,0,74,80,0.925,0.8438720682639279,0.9719794538231588,0.12810738555923085
refcocoplus,groundingdino,191327,246653,1,0,80,80,1.0,0.9549359649323077,1.0,0.0450640350676923
refcocoplus,groundingdino,401269,1076052,1,0,64,80,0.8,0.6956311329945355,0.8811409135950147,0.18550978060047918
refcocoplus,groundingdino,110252,1041544,1,0,80,80,1.0,0.9549359649323077,1.0,0.0450640350676923
refcocoplus,groundingdino,567396,2191497,1,0,80,80,1.0,0.9549359649323077,1.0,0.0450640350676923
refcocoplus,groundingdino,128434,104569,1,1,63,80,0.7875,0.6817141914403442,0.8710635049024182,0.18934931346207406
refcocoplus,groundingdino,321969,116252,1,1,63,80,0.7875,0.6817141914403442,0.8710635049024182,0.18934931346207406
refcocoplus,groundingdino,171086,1572464,1,0,62,80,0.775,0.6679136799387491,0.8608627895010682,0.19294910956231914
refcocoplus,groundingdino,84259,1538552,1,1,80,80,1.0,0.9549359649323077,1.0,0.0450640350676923
refcocoplus,groundingdino,390365,2144937,1,0,74,80,0.925,0.8438720682639279,0.9719794538231588,0.12810738555923085
refcocoplus,groundingdino,398924,1553028,1,1,73,80,0.9125,0.8279916615801152,0.9640936410104413,0.1361019794303261
refcocoplus,groundingdino,24762,16996,1,0,78,80,0.975,0.9125928440694077,0.9969579138351904,0.08436506976578273
refcocoplus,groundingdino,335752,312772,1,0,80,80,1.0,0.9549359649323077,1.0,0.0450640350676923
refcocoplus,groundingdino,122436,309661,1,1,80,80,1.0,0.9549359649323077,1.0,0.0450640350676923
refcocoplus,groundingdino,424068,98252,1,1,80,80,1.0,0.9549359649323077,1.0,0.0450640350676923
refcocoplus,groundingdino,125298,1187761,1,0,76,80,0.95,0.876901263556847,0.9862106060235382,0.1093093424666911
refcocoplus,groundingdino,396784,1186564,1,1,72,80,0.9,0.8124348925365683,0.955829059846371,0.1433941673098027
refcocoplus,groundingdino,412167,581061,1,1,80,80,1.0,0.9549359649323077,1.0,0.0450640350676923
refcocoplus,groundingdino,244839,10298,1,1,67,80,0.8375,0.7381631061748871,0.9105383582774708,0.17237525210258364
refcocoplus,groundingdino,92480,48704,1,1,46,80,0.575,0.45938881143093807,0.6848902345476577,0.22550142311671967
refcocoplus,groundingdino,291039,34810,1,0,74,80,0.925,0.8438720682639279,0.9719794538231588,0.12810738555923085
refcocoplus,groundingdino,515512,1088956,1,0,71,80,0.8875,0.7971534080830098,0.9472484868543125,0.15009507877130268
refcocoplus,groundingdino,397423,2224645,1,0,51,80,0.6375,0.5223872787351916,0.7421051046283819,0.21971782589319022
refcocoplus,groundingdino,372669,7250,1,0,76,80,0.95,0.876901263556847,0.9862106060235382,0.1093093424666911
refcocoplus,groundingdino,174554,1943213,1,1,75,80,0.9375,0.860142924702361,0.9793969276979898,0.11925400299562883
refcocoplus,groundingdino,392869,166601,1,0,79,80,0.9875,0.9323122155360776,0.9996835774723672,0.06737136193628968
refcocoplus,groundingdino,114132,319111,1,1,80,80,1.0,0.9549359649323077,1.0,0.0450640350676923
refcocoplus,groundingdino,457660,1104043,1,0,80,80,1.0,0.9549359649323077,1.0,0.0450640350676923
refcocoplus,groundingdino,471905,1062581,1,0,60,80,0.75,0.64063652409315,0.8401203554931442,0.19948383139999426
refcocoplus,groundingdino,376750,149636,1,0,76,80,0.95,0.876901263556847,0.9862106060235382,0.1093093424666911
refcocoplus,groundingdino,230515,583138,1,0,80,80,1.0,0.9549359649323077,1.0,0.0450640350676923
refcocoplus,groundingdino,40433,583334,1,1,68,80,0.85,0.7526358884071023,0.9200184386902862,0.16738255028318394
refcocoplus,groundingdino,26800,1675369,1,1,70,80,0.875,0.7821108659305637,0.9383979034415657,0.15628703751100204
refcocoplus,groundingdino,324682,414286,1,0,50,80,0.625,0.5096452355928875,0.7308068300531951,0.2211615944603076
refcocoplus,groundingdino,152079,1161827,1,0,54,80,0.675,0.5610629543955516,0.7755404148225468,0.21447746042699511
refcocoplus,groundingdino,558817,1929294,1,0,61,80,0.7625,0.6542230288597322,0.8505462481433591,0.19632321928362695
refcocoplus,groundingdino,312154,598784,1,0,60,80,0.75,0.64063652409315,0.8401203554931442,0.19948383139999426
refcocoplus,owlv2,456389,494854,1,0,80,80,1.0,0.9549359649323077,1.0,0.0450640350676923
refcocoplus,owlv2,285220,457770,1,1,78,80,0.975,0.9125928440694077,0.9969579138351904,0.08436506976578273
refcocoplus,owlv2,576188,425901,1,0,72,80,0.9,0.8124348925365683,0.955829059846371,0.1433941673098027
refcocoplus,owlv2,76590,1759890,1,1,26,80,0.325,0.22445958517745324,0.4389370456044483,0.21447746042699506
refcocoplus,owlv2,425325,2154546,1,0,78,80,0.975,0.9125928440694077,0.9969579138351904,0.08436506976578273
refcocoplus,owlv2,248830,480067,1,0,67,80,0.8375,0.7381631061748871,0.9105383582774708,0.17237525210258364
refcocoplus,owlv2,492096,1259440,1,1,60,80,0.75,0.64063652409315,0.8401203554931442,0.19948383139999426
refcocoplus,owlv2,571563,474473,1,0,80,80,1.0,0.9549359649323077,1.0,0.0450640350676923
refcocoplus,owlv2,485954,55004,1,1,78,80,0.975,0.9125928440694077,0.9969579138351904,0.08436506976578273
refcocoplus,owlv2,410107,446571,1,1,80,80,1.0,0.9549359649323077,1.0,0.0450640350676923
refcocoplus,owlv2,89882,525768,1,1,44,80,0.55,0.43467397909415284,0.6615136155101845,0.22683963641603166
refcocoplus,owlv2,192524,198314,1,1,53,80,0.6625,0.5480943856258318,0.7644738620163491,0.21637947639051736
refcocoplus,owlv2,173631,1212812,1,0,54,80,0.675,0.5610629543955516,0.7755404148225468,0.21447746042699511
refcocoplus,owlv2,179753,1216219,1,0,58,80,0.725,0.6137565791555909,0.8189623614429612,0.2052057822873703
refcocoplus,owlv2,512941,429031,1,0,21,80,0.2625,0.1704092511004083,0.3728508302124319,0.20244157911202362
refcocoplus,owlv2,26583,450055,1,1,75,80,0.9375,0.860142924702361,0.9793969276979898,0.11925400299562883
refcocoplus,owlv2,408266,1959062,1,1,49,80,0.6125,0.4969755425018991,0.7194348668752178,0.22245932437331872
refcocoplus,owlv2,92974,2203893,1,1,76,80,0.95,0.876901263556847,0.9862106060235382,0.1093093424666911
refcocoplus,owlv2,63683,470988,1,1,80,80,1.0,0.9549359649323077,1.0,0.0450640350676923
refcocoplus,owlv2,414961,457496,1,1,63,80,0.7875,0.6817141914403442,0.8710635049024182,0.18934931346207406
refcocoplus,owlv2,215003,499094,1,0,77,80,0.9625,0.8942980149834914,0.9921988127342833,0.09790079775079197
refcocoplus,owlv2,435453,478153,1,1,66,80,0.825,0.7238459604789864,0.9008894901605713,0.17704352968158488
refcocoplus,owlv2,68797,1267104,1,0,50,80,0.625,0.5096452355928875,0.7308068300531951,0.2211615944603076
refcocoplus,owlv2,494733,1725533,1,0,74,80,0.925,0.8438720682639279,0.9719794538231588,0.12810738555923085
refcocoplus,owlv2,111754,490486,1,0,55,80,0.6875,0.5741109261435505,0.7865253688912328,0.21241444274768229
refcocoplus,owlv2,132529,185712,1,0,18,80,0.225,0.13913721049893182,0.33208632006125094,0.19294910956231912
refcocoplus,owlv2,217925,506560,1,1,48,80,0.6,0.4843769404954894,0.7079906437446896,0.22361370324920016
refcocoplus,owlv2,571661,556260,1,1,73,80,0.9125,0.8279916615801152,0.9640936410104413,0.1361019794303261
refcocoplus,owlv2,487502,520316,1,0,56,80,0.7,0.5872406769186242,0.7974260708533272,0.21018539393470292
refcocoplus,owlv2,34223,537445,1,0,79,80,0.9875,0.9323122155360776,0.9996835774723672,0.06737136193628968
refcocoplus,owlv2,344399,445249,1,1,34,80,0.425,0.31510976545234215,0.5406111885690619,0.22550142311671972
refcocoplus,owlv2,231047,462806,1,0,19,80,0.2375,0.1494537518566408,0.34577697114026784,0.19632321928362703
refcocoplus,owlv2,461530,1684475,1,0,70,80,0.875,0.7821108659305637,0.9383979034415657,0.15628703751100204
refcocoplus,owlv2,78425,1697173,1,0,63,80,0.7875,0.6817141914403442,0.8710635049024182,0.18934931346207406
refcocoplus,owlv2,469024,497575,1,0,58,80,0.725,0.6137565791555909,0.8189623614429612,0.2052057822873703
refcocoplus,owlv2,285395,183336,1,0,80,80,1.0,0.9549359649323077,1.0,0.0450640350676923
refcocoplus,owlv2,395271,471478,1,1,78,80,0.975,0.9125928440694077,0.9969579138351904,0.08436506976578273
refcocoplus,owlv2,44901,421659,1,0,49,80,0.6125,0.4969755425018991,0.7194348668752178,0.22245932437331872
refcocoplus,owlv2,42804,1265839,1,0,63,80,0.7875,0.6817141914403442,0.8710635049024182,0.18934931346207406
refcocoplus,owlv2,17945,1752448,1,0,66,80,0.825,0.7238459604789864,0.9008894901605713,0.17704352968158488
refcocoplus,owlv2,431704,509043,1,0,73,80,0.9125,0.8279916615801152,0.9640936410104413,0.1361019794303261
refcocoplus,owlv2,563364,1331492,1,1,79,80,0.9875,0.9323122155360776,0.9996835774723672,0.06737136193628968
refcocoplus,owlv2,203036,477590,1,0,72,80,0.9,0.8124348925365683,0.955829059846371,0.1433941673098027
refcocoplus,owlv2,37286,1239915,1,0,57,80,0.7125,0.6004548866879794,0.8082395280280349,0.20778464134005548
refcocoplus,owlv2,141101,1223252,1,1,55,80,0.6875,0.5741109261435505,0.7865253688912328,0.21241444274768229
refcocoplus,owlv2,333461,620612,1,0,65,80,0.8125,0.7096721043523089,0.8910863118524706,0.18141420750016168
refcocoplus,owlv2,100667,460001,1,0,38,80,0.475,0.3621335816771527,0.5897721586232294,0.2276385769460767
refcocoplus,owlv2,145351,426906,1,0,63,80,0.7875,0.6817141914403442,0.8710635049024182,0.18934931346207406
refcocoplus,owlv2,536145,1256733,1,0,43,80,0.5375,0.4224175280048351,0.6497235734616016,0.22730604545676647
refcocoplus,owlv2,529016,190477,1,1,11,80,0.1375,0.07068783270387868,0.2327208708247256,0.1620330381208469
refcocoplus,owlv2,17938,468257,1,0,74,80,0.925,0.8438720682639279,0.9719794538231588,0.12810738555923085
refcocoplus,owlv2,308470,1280600,1,1,79,80,0.9875,0.9323122155360776,0.9996835774723672,0.06737136193628968
refcocoplus,owlv2,190087,1297272,1,1,64,80,0.8,0.6956311329945355,0.8811409135950147,0.18550978060047918
refcocoplus,owlv2,409616,475018,1,0,80,80,1.0,0.9549359649323077,1.0,0.0450640350676923
refcocoplus,owlv2,322634,471138,1,1,60,80,0.75,0.64063652409315,0.8401203554931442,0.19948383139999426
refcocoplus,owlv2,77377,1612050,1,0,52,80,0.65,0.5352031145206643,0.7533280635274648,0.21812494900680057
refcocoplus,owlv2,165606,2156760,1,0,49,80,0.6125,0.4969755425018991,0.7194348668752178,0.22245932437331872
refcocoplus,owlv2,56676,1264566,1,0,72,80,0.9,0.8124348925365683,0.955829059846371,0.1433941673098027
refcocoplus,owlv2,154888,474332,1,0,80,80,1.0,0.9549359649323077,1.0,0.0450640350676923
refcocoplus,owlv2,319712,226868,1,0,62,80,0.775,0.6679136799387491,0.8608627895010682,0.19294910956231914
refcocoplus,owlv2,73174,1678300,1,1,32,80,0.4,0.2920093562553105,0.5156230595045106,0.2236137032492001
refcocoplus,owlv2,359308,1751511,1,0,72,80,0.9,0.8124348925365683,0.955829059846371,0.1433941673098027
refcocoplus,owlv2,315168,470034,1,1,79,80,0.9875,0.9323122155360776,0.9996835774723672,0.06737136193628968
refcocoplus,owlv2,60182,492541,1,0,47,80,0.5875,0.47184834042520446,0.6964754070624058,0.2246270666372014
refcocoplus,owlv2,223871,474354,1,1,43,80,0.5375,0.4224175280048351,0.6497235734616016,0.22730604545676647
refcocoplus,owlv2,332547,568922,1,0,53,80,0.6625,0.5480943856258318,0.7644738620163491,0.21637947639051736
refcocoplus,owlv2,205313,1737321,1,1,80,80,1.0,0.9549359649323077,1.0,0.0450640350676923
refcocoplus,owlv2,331616,2162783,1,0,26,80,0.325,0.22445958517745324,0.4389370456044483,0.21447746042699506
refcocoplus,owlv2,95455,1208825,1,0,72,80,0.9,0.8124348925365683,0.955829059846371,0.1433941673098027
refcocoplus,owlv2,374553,500888,1,0,64,80,0.8,0.6956311329945355,0.8811409135950147,0.18550978060047918
refcocoplus,owlv2,175118,466963,1,1,62,80,0.775,0.6679136799387491,0.8608627895010682,0.19294910956231914
refcocoplus,owlv2,346250,518130,1,0,70,80,0.875,0.7821108659305637,0.9383979034415657,0.15628703751100204
refcocoplus,owlv2,188585,462346,1,0,42,80,0.525,0.4102278413767706,0.6378664183228473,0.2276385769460767
refcocoplus,owlv2,436515,1746819,1,0,67,80,0.8375,0.7381631061748871,0.9105383582774708,0.17237525210258364
refcocoplus,owlv2,357010,1270393,1,1,64,80,0.8,0.6956311329945355,0.8811409135950147,0.18550978060047918
refcocoplus,owlv2,463474,465941,1,0,54,80,0.675,0.5610629543955516,0.7755404148225468,0.21447746042699511
refcocoplus,owlv2,288039,470088,1,0,50,80,0.625,0.5096452355928875,0.7308068300531951,0.2211615944603076
refcocoplus,owlv2,219535,459208,1,1,77,80,0.9625,0.8942980149834914,0.9921988127342833,0.09790079775079197
refcocoplus,owlv2,194677,495168,1,1,78,80,0.975,0.9125928440694077,0.9969579138351904,0.08436506976578273
refcocoplus,owlv2,340897,1287561,1,0,78,80,0.975,0.9125928440694077,0.9969579138351904,0.08436506976578273
refcocoplus,owlv2,534292,565491,1,0,79,80,0.9875,0.9323122155360776,0.9996835774723672,0.06737136193628968
refcocoplus,owlv2,327063,544365,0,0,0,0,0.0,0.0,0.0,0.0
refcocoplus,owlv2,9846,461033,1,0,71,80,0.8875,0.7971534080830098,0.9472484868543125,0.15009507877130268
refcocoplus,owlv2,152309,1724621,1,0,50,80,0.625,0.5096452355928875,0.7308068300531951,0.2211615944603076
refcocoplus,owlv2,564349,444940,1,1,60,80,0.75,0.64063652409315,0.8401203554931442,0.19948383139999426
refcocoplus,owlv2,54402,2157832,1,0,70,80,0.875,0.7821108659305637,0.9383979034415657,0.15628703751100204
refcocoplus,owlv2,351807,209697,1,1,79,80,0.9875,0.9323122155360776,0.9996835774723672,0.06737136193628968
refcocoplus,owlv2,339597,1745539,1,1,73,80,0.9125,0.8279916615801152,0.9640936410104413,0.1361019794303261
refcocoplus,owlv2,560155,501662,1,1,56,80,0.7,0.5872406769186242,0.7974260708533272,0.21018539393470292
refcocoplus,owlv2,177821,530639,1,0,33,80,0.4125,0.30352459293759415,0.5281516595747955,0.22462706663720133
refcocoplus,owlv2,375331,199993,1,1,40,80,0.5,0.3860478833649093,0.6139521166350907,0.22790423327018144
refcocoplus,owlv2,535289,1733627,1,1,46,80,0.575,0.45938881143093807,0.6848902345476577,0.22550142311671967
refcocoplus,owlv2,445405,484755,1,1,74,80,0.925,0.8438720682639279,0.9719794538231588,0.12810738555923085
refcocoplus,owlv2,515702,1690898,1,0,80,80,1.0,0.9549359649323077,1.0,0.0450640350676923
refcocoplus,owlv2,369801,280490,1,1,70,80,0.875,0.7821108659305637,0.9383979034415657,0.15628703751100204
refcocoplus,owlv2,453930,1223382,1,0,73,80,0.9125,0.8279916615801152,0.9640936410104413,0.1361019794303261
refcocoplus,owlv2,490801,449795,1,0,47,80,0.5875,0.47184834042520446,0.6964754070624058,0.2246270666372014
refcocoplus,owlv2,261990,489792,1,0,71,80,0.8875,0.7971534080830098,0.9472484868543125,0.15009507877130268
refcocoplus,owlv2,354738,512798,1,0,63,80,0.7875,0.6817141914403442,0.8710635049024182,0.18934931346207406
refcocoplus,owlv2,481667,2153347,1,0,40,80,0.5,0.3860478833649093,0.6139521166350907,0.22790423327018144
refcocoplus,owlv2,22102,1742822,1,1,53,80,0.6625,0.5480943856258318,0.7644738620163491,0.21637947639051736
refcocoplus,owlv2,400343,187380,1,1,75,80,0.9375,0.860142924702361,0.9793969276979898,0.11925400299562883
refcocoplus,owlv2,135242,223440,1,0,32,80,0.4,0.2920093562553105,0.5156230595045106,0.2236137032492001
refcocoplus,owlv2,354771,435113,1,0,80,80,1.0,0.9549359649323077,1.0,0.0450640350676923
refcocoplus,owlv2,266240,524389,1,1,71,80,0.8875,0.7971534080830098,0.9472484868543125,0.15009507877130268
refcocoplus,owlv2,141702,487242,1,0,39,80,0.4875,0.37405748144443896,0.6018953312968145,0.22783784985237554
refcocoplus,owlv2,399442,469634,1,0,55,80,0.6875,0.5741109261435505,0.7865253688912328,0.21241444274768229
refcocoplus,owlv2,114801,462020,1,1,47,80,0.5875,0.47184834042520446,0.6964754070624058,0.2246270666372014
refcocoplus,owlv2,336078,1241982,1,0,45,80,0.5625,0.44699757138818025,0.673236046566221,0.2262384751780408
refcocoplus,owlv2,839,482127,1,0,72,80,0.9,0.8124348925365683,0.955829059846371,0.1433941673098027
refcocoplus,owlv2,496942,237015,1,0,19,80,0.2375,0.1494537518566408,0.34577697114026784,0.19632321928362703
refcocoplus,owlv2,202567,471546,1,0,69,80,0.8625,0.7672791291752744,0.9293121672961213,0.1620330381208469
refcocoplus,owlv2,174059,1728227,1,0,43,80,0.5375,0.4224175280048351,0.6497235734616016,0.22730604545676647
refcocoplus,owlv2,106637,449679,1,0,78,80,0.975,0.9125928440694077,0.9969579138351904,0.08436506976578273
refcocoplus,owlv2,61459,511856,1,1,77,80,0.9625,0.8942980149834914,0.9921988127342833,0.09790079775079197
refcocoplus,owlv2,520978,1225418,1,1,80,80,1.0,0.9549359649323077,1.0,0.0450640350676923
refcocoplus,owlv2,60155,1216316,1,0,69,80,0.8625,0.7672791291752744,0.9293121672961213,0.1620330381208469
refcocoplus,owlv2,247271,486238,1,0,74,80,0.925,0.8438720682639279,0.9719794538231588,0.12810738555923085
refcocoplus,owlv2,529352,252498,1,0,73,80,0.9125,0.8279916615801152,0.9640936410104413,0.1361019794303261
refcocoplus,owlv2,329551,202206,1,1,70,80,0.875,0.7821108659305637,0.9383979034415657,0.15628703751100204
refcocoplus,owlv2,111998,1319873,1,0,40,80,0.5,0.3860478833649093,0.6139521166350907,0.22790423327018144
refcocoplus,owlv2,136184,1738983,1,0,69,80,0.8625,0.7672791291752744,0.9293121672961213,0.1620330381208469
refcocoplus,owlv2,320432,1232873,1,0,79,80,0.9875,0.9323122155360776,0.9996835774723672,0.06737136193628968
refcocoplus,owlv2,512458,191782,1,0,42,80,0.525,0.4102278413767706,0.6378664183228473,0.2276385769460767
refcocoplus,owlv2,265186,1216381,1,0,52,80,0.65,0.5352031145206643,0.7533280635274648,0.21812494900680057
refcocoplus,owlv2,451336,1754301,1,1,75,80,0.9375,0.860142924702361,0.9793969276979898,0.11925400299562883
refcocoplus,owlv2,78583,440327,1,0,41,80,0.5125,0.39810466870318556,0.625942518555561,0.22783784985237548
refcocoplus,owlv2,43232,1285752,1,0,15,80,0.1875,0.10891368814752944,0.2903278956476912,0.18141420750016174
refcocoplus,owlv2,81135,1256487,1,0,68,80,0.85,0.7526358884071023,0.9200184386902862,0.16738255028318394
refcocoplus,owlv2,303471,515673,1,0,30,80,0.375,0.2691931699468049,0.4903547644071125,0.2211615944603076
refcocoplus,owlv2,331331,1923208,1,1,80,80,1.0,0.9549359649323077,1.0,0.0450640350676923
refcocoplus,owlv2,120431,2204971,1,1,79,80,0.9875,0.9323122155360776,0.9996835774723672,0.06737136193628968
refcocoplus,owlv2,370802,2167684,1,0,30,80,0.375,0.2691931699468049,0.4903547644071125,0.2211615944603076
refcocoplus,owlv2,259809,1303931,1,0,70,80,0.875,0.7821108659305637,0.9383979034415657,0.15628703751100204
refcocoplus,owlv2,314247,1204131,1,0,49,80,0.6125,0.4969755425018991,0.7194348668752178,0.22245932437331872
refcocoplus,owlv2,351719,2167791,1,1,80,80,1.0,0.9549359649323077,1.0,0.0450640350676923
refcocoplus,owlv2,396495,453006,1,1,80,80,1.0,0.9549359649323077,1.0,0.0450640350676923
refcocoplus,owlv2,320957,556468,1,1,79,80,0.9875,0.9323122155360776,0.9996835774723672,0.06737136193628968
refcocoplus,owlv2,18885,1747039,1,1,80,80,1.0,0.9549359649323077,1.0,0.0450640350676923
refcocoplus,owlv2,556176,499719,1,0,37,80,0.4625,0.3502764265383982,0.5775824719951649,0.2273060454567667
refcocoplus,owlv2,379820,197836,1,0,69,80,0.8625,0.7672791291752744,0.9293121672961213,0.1620330381208469
refcocoplus,owlv2,53335,189204,1,0,56,80,0.7,0.5872406769186242,0.7974260708533272,0.21018539393470292
refcocoplus,owlv2,395853,1269487,1,1,60,80,0.75,0.64063652409315,0.8401203554931442,0.19948383139999426
refcocoplus,owlv2,502288,460977,1,0,80,80,1.0,0.9549359649323077,1.0,0.0450640350676923
refcocoplus,owlv2,333492,1254825,1,0,78,80,0.975,0.9125928440694077,0.9969579138351904,0.08436506976578273
refcocoplus,owlv2,472602,1228756,1,0,72,80,0.9,0.8124348925365683,0.955829059846371,0.1433941673098027
refcocoplus,owlv2,318937,483364,1,0,22,80,0.275,0.18103763855703875,0.38624342084440927,0.20520578228737052
refcocoplus,owlv2,199836,508067,1,0,39,80,0.4875,0.37405748144443896,0.6018953312968145,0.22783784985237554
refcocoplus,owlv2,239461,441589,0,0,0,0,0.0,0.0,0.0,0.0
refcocoplus,owlv2,163991,1730322,1,0,25,80,0.3125,0.21347463110876716,0.4258890738564495,0.2124144427476823
refcocoplus,owlv2,33572,213648,1,0,25,80,0.3125,0.21347463110876716,0.4258890738564495,0.2124144427476823
refcocoplus,owlv2,131030,493291,1,0,77,80,0.9625,0.8942980149834914,0.9921988127342833,0.09790079775079197
refcocoplus,owlv2,534224,193611,1,1,12,80,0.15,0.07998156130971382,0.24736411159289767,0.16738255028318386
refcocoplus,owlv2,19123,198676,1,1,66,80,0.825,0.7238459604789864,0.9008894901605713,0.17704352968158488
refcocoplus,owlv2,334714,1741687,1,1,58,80,0.725,0.6137565791555909,0.8189623614429612,0.2052057822873703
refcocoplus,owlv2,125550,474150,1,0,73,80,0.9125,0.8279916615801152,0.9640936410104413,0.1361019794303261
refcocoplus,owlv2,76245,357941,1,0,38,80,0.475,0.3621335816771527,0.5897721586232294,0.2276385769460767
refcocoplus,owlv2,170809,511033,1,0,63,80,0.7875,0.6817141914403442,0.8710635049024182,0.18934931346207406
refcocoplus,owlv2,275741,1704929,1,1,72,80,0.9,0.8124348925365683,0.955829059846371,0.1433941673098027
refcocoplus,owlv2,26438,189113,1,1,79,80,0.9875,0.9323122155360776,0.9996835774723672,0.06737136193628968
refcocoplus,owlv2,308524,2162553,1,1,80,80,1.0,0.9549359649323077,1.0,0.0450640350676923
refcocoplus,owlv2,337164,428996,1,0,40,80,0.5,0.3860478833649093,0.6139521166350907,0.22790423327018144
refcocoplus,owlv2,456554,479375,1,0,45,80,0.5625,0.44699757138818025,0.673236046566221,0.2262384751780408
refcocoplus,owlv2,432754,492632,1,0,76,80,0.95,0.876901263556847,0.9862106060235382,0.1093093424666911
refcocoplus,owlv2,373444,210391,1,0,76,80,0.95,0.876901263556847,0.9862106060235382,0.1093093424666911
refcocoplus,owlv2,484385,1718117,1,0,78,80,0.975,0.9125928440694077,0.9969579138351904,0.08436506976578273
refcocoplus,owlv2,354772,1718732,1,1,63,80,0.7875,0.6817141914403442,0.8710635049024182,0.18934931346207406
refcocoplus,owlv2,151729,1392487,1,0,77,80,0.9625,0.8942980149834914,0.9921988127342833,0.09790079775079197
refcocoplus,owlv2,372352,489571,1,1,80,80,1.0,0.9549359649323077,1.0,0.0450640350676923
refcocoplus,owlv2,259655,442848,1,0,3,80,0.0375,0.0078011872657166945,0.10570198501650858,0.09790079775079188
refcocoplus,owlv2,388403,490893,1,0,66,80,0.825,0.7238459604789864,0.9008894901605713,0.17704352968158488
refcocoplus,owlv2,349663,447906,1,1,80,80,1.0,0.9549359649323077,1.0,0.0450640350676923
refcocoplus,owlv2,414916,535146,1,1,77,80,0.9625,0.8942980149834914,0.9921988127342833,0.09790079775079197
refcocoplus,owlv2,534440,516617,1,0,20,80,0.25,0.1598796445068557,0.35936347590685,0.19948383139999432
refcocoplus,owlv2,105633,2159406,1,0,51,80,0.6375,0.5223872787351916,0.7421051046283819,0.21971782589319022
refcocoplus,owlv2,133654,1706674,1,1,72,80,0.9,0.8124348925365683,0.955829059846371,0.1433941673098027
refcocoplus,owlv2,447681,2229179,1,0,47,80,0.5875,0.47184834042520446,0.6964754070624058,0.2246270666372014
refcocoplus,owlv2,35964,2207391,1,0,50,80,0.625,0.5096452355928875,0.7308068300531951,0.2211615944603076
refcocoplus,owlv2,545187,568955,1,0,80,80,1.0,0.9549359649323077,1.0,0.0450640350676923
refcocoplus,owlv2,576286,451559,1,0,80,80,1.0,0.9549359649323077,1.0,0.0450640350676923
refcocoplus,owlv2,382341,448246,1,1,47,80,0.5875,0.47184834042520446,0.6964754070624058,0.2246270666372014
refcocoplus,owlv2,279632,617952,1,0,78,80,0.975,0.9125928440694077,0.9969579138351904,0.08436506976578273
refcocoplus,owlv2,414002,1726002,1,0,66,80,0.825,0.7238459604789864,0.9008894901605713,0.17704352968158488
refcocoplus,owlv2,258165,467696,1,1,65,80,0.8125,0.7096721043523089,0.8910863118524706,0.18141420750016168
refcocoplus,owlv2,379093,503652,1,0,80,80,1.0,0.9549359649323077,1.0,0.0450640350676923
refcocoplus,owlv2,538872,1294784,1,0,80,80,1.0,0.9549359649323077,1.0,0.0450640350676923
refcocoplus,owlv2,350070,562484,1,0,78,80,0.975,0.9125928440694077,0.9969579138351904,0.08436506976578273
refcocoplus,owlv2,480196,234569,1,0,52,80,0.65,0.5352031145206643,0.7533280635274648,0.21812494900680057
refcocoplus,owlv2,161381,1263360,1,0,62,80,0.775,0.6679136799387491,0.8608627895010682,0.19294910956231914
refcocoplus,owlv2,274267,384333,1,1,65,80,0.8125,0.7096721043523089,0.8910863118524706,0.18141420750016168
refcocoplus,owlv2,206198,1230890,1,1,80,80,1.0,0.9549359649323077,1.0,0.0450640350676923
refcocoplus,owlv2,464174,479107,1,0,80,80,1.0,0.9549359649323077,1.0,0.0450640350676923
refcocoplus,owlv2,68159,554353,1,0,80,80,1.0,0.9549359649323077,1.0,0.0450640350676923
refcocoplus,owlv2,337976,1740631,1,0,80,80,1.0,0.9549359649323077,1.0,0.0450640350676923
refcocoplus,owlv2,224541,495494,1,0,79,80,0.9875,0.9323122155360776,0.9996835774723672,0.06737136193628968
refcocoplus,owlv2,104752,487734,1,0,42,80,0.525,0.4102278413767706,0.6378664183228473,0.2276385769460767
refcocoplus,owlv2,468465,193564,1,0,72,80,0.9,0.8124348925365683,0.955829059846371,0.1433941673098027
refcocoplus,owlv2,242453,471989,1,0,47,80,0.5875,0.47184834042520446,0.6964754070624058,0.2246270666372014
refcocoplus,owlv2,412691,463602,1,0,37,80,0.4625,0.3502764265383982,0.5775824719951649,0.2273060454567667
refcocoplus,owlv2,144851,1725452,1,0,76,80,0.95,0.876901263556847,0.9862106060235382,0.1093093424666911
refcocoplus,owlv2,372309,230467,1,0,72,80,0.9,0.8124348925365683,0.955829059846371,0.1433941673098027
refcocoplus,owlv2,275180,2166236,1,0,73,80,0.9125,0.8279916615801152,0.9640936410104413,0.1361019794303261
refcocoplus,owlv2,139429,201350,1,0,46,80,0.575,0.45938881143093807,0.6848902345476577,0.22550142311671967
refcocoplus,owlv2,339918,516584,1,0,65,80,0.8125,0.7096721043523089,0.8910863118524706,0.18141420750016168
refcocoplus,owlv2,495875,428481,1,0,75,80,0.9375,0.860142924702361,0.9793969276979898,0.11925400299562883
refcocoplus,owlv2,95257,583172,1,0,41,80,0.5125,0.39810466870318556,0.625942518555561,0.22783784985237548
refcocoplus,owlv2,303923,1710626,1,1,61,80,0.7625,0.6542230288597322,0.8505462481433591,0.19632321928362695
refcocoplus,owlv2,212532,2156623,0,0,0,0,0.0,0.0,0.0,0.0
refcocoplus,owlv2,182947,537870,1,1,35,80,0.4375,0.3267639534337789,0.5530024286118197,0.2262384751780408
refcocoplus,owlv2,121683,1100091,1,1,80,80,1.0,0.9549359649323077,1.0,0.0450640350676923
refcocoplus,owlv2,296635,570458,1,0,61,80,0.7625,0.6542230288597322,0.8505462481433591,0.19632321928362695
refcocoplus,owlv2,482454,190254,1,1,74,80,0.925,0.8438720682639279,0.9719794538231588,0.12810738555923085
refcocoplus,owlv2,536055,486835,1,0,64,80,0.8,0.6956311329945355,0.8811409135950147,0.18550978060047918
refcocoplus,owlv2,3293,1721891,1,1,52,80,0.65,0.5352031145206643,0.7533280635274648,0.21812494900680057
refcocoplus,owlv2,76937,209202,1,0,75,80,0.9375,0.860142924702361,0.9793969276979898,0.11925400299562883
refcocoplus,owlv2,19789,445145,1,0,49,80,0.6125,0.4969755425018991,0.7194348668752178,0.22245932437331872
refcocoplus,owlv2,532260,1261503,1,0,37,80,0.4625,0.3502764265383982,0.5775824719951649,0.2273060454567667
refcocoplus,owlv2,84167,431117,0,0,0,0,0.0,0.0,0.0,0.0
refcocoplus,owlv2,106994,456865,1,0,15,80,0.1875,0.10891368814752944,0.2903278956476912,0.18141420750016174
refcocoplus,owlv2,354557,1679072,1,0,68,80,0.85,0.7526358884071023,0.9200184386902862,0.16738255028318394
refcocoplus,owlv2,338872,443845,1,1,75,80,0.9375,0.860142924702361,0.9793969276979898,0.11925400299562883
refcocoplus,owlv2,355440,223500,1,1,77,80,0.9625,0.8942980149834914,0.9921988127342833,0.09790079775079197
refcocoplus,owlv2,355571,236682,1,1,70,80,0.875,0.7821108659305637,0.9383979034415657,0.15628703751100204
refcocoplus,owlv2,180285,1726578,1,0,35,80,0.4375,0.3267639534337789,0.5530024286118197,0.2262384751780408
refcocoplus,owlv2,36017,1498960,1,0,67,80,0.8375,0.7381631061748871,0.9105383582774708,0.17237525210258364
refcocoplus,owlv2,377594,1707742,1,0,63,80,0.7875,0.6817141914403442,0.8710635049024182,0.18934931346207406
refcocoplus,owlv2,307881,512780,1,1,71,80,0.8875,0.7971534080830098,0.9472484868543125,0.15009507877130268
refcocoplus,owlv2,410779,438588,1,1,80,80,1.0,0.9549359649323077,1.0,0.0450640350676923
refcocoplus,owlv2,168349,1237999,1,1,80,80,1.0,0.9549359649323077,1.0,0.0450640350676923
refcocoplus,owlv2,444445,437977,1,0,46,80,0.575,0.45938881143093807,0.6848902345476577,0.22550142311671967
refcocoplus,owlv2,12424,498399,1,0,68,80,0.85,0.7526358884071023,0.9200184386902862,0.16738255028318394
refcocoplus,owlv2,342963,556811,1,0,80,80,1.0,0.9549359649323077,1.0,0.0450640350676923
refcocoplus,owlv2,62455,1727746,1,1,80,80,1.0,0.9549359649323077,1.0,0.0450640350676923
refcocoplus,owlv2,515815,201409,1,0,79,80,0.9875,0.9323122155360776,0.9996835774723672,0.06737136193628968
refcocoplus,owlv2,521437,215568,1,1,80,80,1.0,0.9549359649323077,1.0,0.0450640350676923
refcocoplus,owlv2,121181,1231175,1,0,53,80,0.6625,0.5480943856258318,0.7644738620163491,0.21637947639051736
refcocoplus,owlv2,575980,424789,1,1,75,80,0.9375,0.860142924702361,0.9793969276979898,0.11925400299562883
refcocoplus,owlv2,499141,217761,1,1,67,80,0.8375,0.7381631061748871,0.9105383582774708,0.17237525210258364
refcocoplus,owlv2,310865,2217385,1,0,72,80,0.9,0.8124348925365683,0.955829059846371,0.1433941673098027
refcocoplus,owlv2,531778,2150525,1,0,71,80,0.8875,0.7971534080830098,0.9472484868543125,0.15009507877130268
refcocoplus,owlv2,519616,520346,1,1,77,80,0.9625,0.8942980149834914,0.9921988127342833,0.09790079775079197
refcocoplus,owlv2,304125,491064,1,1,80,80,1.0,0.9549359649323077,1.0,0.0450640350676923
refcocoplus,owlv2,204792,195577,1,0,22,80,0.275,0.18103763855703875,0.38624342084440927,0.20520578228737052
refcocoplus,owlv2,485364,229674,1,1,69,80,0.8625,0.7672791291752744,0.9293121672961213,0.1620330381208469
refcocoplus,owlv2,61328,2204504,1,0,80,80,1.0,0.9549359649323077,1.0,0.0450640350676923
refcocoplus,owlv2,257301,257907,1,1,49,80,0.6125,0.4969755425018991,0.7194348668752178,0.22245932437331872
refcocoplus,owlv2,77005,1255434,1,0,78,80,0.975,0.9125928440694077,0.9969579138351904,0.08436506976578273
refcocoplus,owlv2,91056,441159,1,1,75,80,0.9375,0.860142924702361,0.9793969276979898,0.11925400299562883
refcocoplus,owlv2,520590,459587,1,1,80,80,1.0,0.9549359649323077,1.0,0.0450640350676923
refcocoplus,owlv2,20044,488511,1,0,73,80,0.9125,0.8279916615801152,0.9640936410104413,0.1361019794303261
refcocoplus,owlv2,281840,1723251,1,0,29,80,0.3625,0.2578948953716181,0.47761272126480847,0.2197178258931904
refcocoplus,owlv2,54003,503695,1,0,77,80,0.9625,0.8942980149834914,0.9921988127342833,0.09790079775079197
refcocoplus,owlv2,481736,183105,1,0,74,80,0.925,0.8438720682639279,0.9719794538231588,0.12810738555923085
refcocoplus,owlv2,347796,1103398,1,0,76,80,0.95,0.876901263556847,0.9862106060235382,0.1093093424666911
refcocoplus,owlv2,120333,425303,1,0,80,80,1.0,0.9549359649323077,1.0,0.0450640350676923
refcocoplus,owlv2,261521,561551,1,1,50,80,0.625,0.5096452355928875,0.7308068300531951,0.2211615944603076
refcocoplus,owlv2,111045,482960,1,1,80,80,1.0,0.9549359649323077,1.0,0.0450640350676923
refcocoplus,owlv2,450878,444397,1,0,71,80,0.8875,0.7971534080830098,0.9472484868543125,0.15009507877130268
refcocoplus,owlv2,4993,434943,1,1,79,80,0.9875,0.9323122155360776,0.9996835774723672,0.06737136193628968
refcocoplus,owlv2,462067,1205518,1,0,45,80,0.5625,0.44699757138818025,0.673236046566221,0.2262384751780408
refcocoplus,owlv2,125882,380258,1,0,59,80,0.7375,0.6271491697875681,0.8295907488995917,0.20244157911202365
refcocoplus,owlv2,28953,1710361,1,0,62,80,0.775,0.6679136799387491,0.8608627895010682,0.19294910956231914
refcocoplus,owlv2,76746,515193,1,0,23,80,0.2875,0.19176047197196505,0.3995451133120206,0.20778464134005553
refcocoplus,owlv2,380395,1723565,1,0,64,80,0.8,0.6956311329945355,0.8811409135950147,0.18550978060047918
refcocoplus,owlv2,323030,507717,0,0,0,0,0.0,0.0,0.0,0.0
refcocoplus,owlv2,361907,1580238,1,0,68,80,0.85,0.7526358884071023,0.9200184386902862,0.16738255028318394
refcocoplus,owlv2,420028,1740534,1,0,55,80,0.6875,0.5741109261435505,0.7865253688912328,0.21241444274768229
refcocoplus,owlv2,524155,544355,1,1,74,80,0.925,0.8438720682639279,0.9719794538231588,0.12810738555923085
refcocoplus,owlv2,164042,422202,1,1,80,80,1.0,0.9549359649323077,1.0,0.0450640350676923
refcocoplus,owlv2,420864,252049,1,1,60,80,0.75,0.64063652409315,0.8401203554931442,0.19948383139999426
refcocoplus,owlv2,185153,195009,1,0,42,80,0.525,0.4102278413767706,0.6378664183228473,0.2276385769460767
refcocoplus,owlv2,60378,240712,1,0,79,80,0.9875,0.9323122155360776,0.9996835774723672,0.06737136193628968
refcocoplus,owlv2,14502,464637,0,0,0,0,0.0,0.0,0.0,0.0
refcocoplus,owlv2,410963,525760,1,1,79,80,0.9875,0.9323122155360776,0.9996835774723672,0.06737136193628968
refcocoplus,owlv2,488676,477767,1,0,39,80,0.4875,0.37405748144443896,0.6018953312968145,0.22783784985237554
refcocoplus,owlv2,493448,549269,1,1,69,80,0.8625,0.7672791291752744,0.9293121672961213,0.1620330381208469
refcocoplus,owlv2,343407,524836,1,1,80,80,1.0,0.9549359649323077,1.0,0.0450640350676923
refcocoplus,owlv2,560476,2167280,1,0,37,80,0.4625,0.3502764265383982,0.5775824719951649,0.2273060454567667
refcocoplus,owlv2,74065,1710821,1,0,60,80,0.75,0.64063652409315,0.8401203554931442,0.19948383139999426
refcocoplus,owlv2,548175,1236132,1,0,43,80,0.5375,0.4224175280048351,0.6497235734616016,0.22730604545676647
refcocoplus,owlv2,16322,479631,1,1,80,80,1.0,0.9549359649323077,1.0,0.0450640350676923
refcocoplus,owlv2,132889,1214012,1,1,32,80,0.4,0.2920093562553105,0.5156230595045106,0.2236137032492001
refcocoplus,owlv2,464917,1318246,1,1,75,80,0.9375,0.860142924702361,0.9793969276979898,0.11925400299562883
refcocoplus,owlv2,306359,1726013,1,0,80,80,1.0,0.9549359649323077,1.0,0.0450640350676923
refcocoplus,owlv2,355593,448997,1,0,75,80,0.9375,0.860142924702361,0.9793969276979898,0.11925400299562883
refcocoplus,owlv2,489145,1721831,1,0,35,80,0.4375,0.3267639534337789,0.5530024286118197,0.2262384751780408
refcocoplus,owlv2,254585,450738,1,0,67,80,0.8375,0.7381631061748871,0.9105383582774708,0.17237525210258364
refcocoplus,owlv2,444285,224505,1,0,73,80,0.9125,0.8279916615801152,0.9640936410104413,0.1361019794303261
refcocoplus,owlv2,16659,513756,0,0,0,0,0.0,0.0,0.0,0.0
refcocoplus,owlv2,228356,1270122,1,0,80,80,1.0,0.9549359649323077,1.0,0.0450640350676923
refcocoplus,owlv2,569255,528800,1,1,49,80,0.6125,0.4969755425018991,0.7194348668752178,0.22245932437331872
refcocoplus,owlv2,556698,459043,1,1,52,80,0.65,0.5352031145206643,0.7533280635274648,0.21812494900680057
refcocoplus,owlv2,47093,494270,1,0,74,80,0.925,0.8438720682639279,0.9719794538231588,0.12810738555923085
refcocoplus,owlv2,352389,488310,1,1,79,80,0.9875,0.9323122155360776,0.9996835774723672,0.06737136193628968
refcocoplus,owlv2,404852,2152446,1,0,65,80,0.8125,0.7096721043523089,0.8910863118524706,0.18141420750016168
refcocoplus,owlv2,258249,533443,1,0,76,80,0.95,0.876901263556847,0.9862106060235382,0.1093093424666911
refcocoplus,owlv2,446539,472813,1,0,41,80,0.5125,0.39810466870318556,0.625942518555561,0.22783784985237548
refcocoplus,owlv2,119263,227985,1,0,60,80,0.75,0.64063652409315,0.8401203554931442,0.19948383139999426
refcocoplus,owlv2,23539,2155328,1,0,21,80,0.2625,0.1704092511004083,0.3728508302124319,0.20244157911202362
refcocoplus,owlv2,469559,529782,1,0,29,80,0.3625,0.2578948953716181,0.47761272126480847,0.2197178258931904
refcocoplus,owlv2,109008,1701660,1,0,74,80,0.925,0.8438720682639279,0.9719794538231588,0.12810738555923085
refcocoplus,owlv2,427779,537261,1,0,32,80,0.4,0.2920093562553105,0.5156230595045106,0.2236137032492001
refcocoplus,owlv2,296093,459768,1,1,37,80,0.4625,0.3502764265383982,0.5775824719951649,0.2273060454567667
refcocoplus,owlv2,498702,504492,1,0,74,80,0.925,0.8438720682639279,0.9719794538231588,0.12810738555923085
refcocoplus,owlv2,134447,1728699,1,0,76,80,0.95,0.876901263556847,0.9862106060235382,0.1093093424666911
refcocoplus,owlv2,147701,488802,1,0,78,80,0.975,0.9125928440694077,0.9969579138351904,0.08436506976578273
refcocoplus,owlv2,217151,489684,1,0,51,80,0.6375,0.5223872787351916,0.7421051046283819,0.21971782589319022
refcocoplus,owlv2,179823,2163956,1,0,80,80,1.0,0.9549359649323077,1.0,0.0450640350676923
refcocoplus,owlv2,431178,455025,1,0,61,80,0.7625,0.6542230288597322,0.8505462481433591,0.19632321928362695
refcocoplus,owlv2,2083,206653,1,1,42,80,0.525,0.4102278413767706,0.6378664183228473,0.2276385769460767
refcocoplus,owlv2,246390,517234,1,0,58,80,0.725,0.6137565791555909,0.8189623614429612,0.2052057822873703
refcocoplus,owlv2,364862,1245422,1,0,73,80,0.9125,0.8279916615801152,0.9640936410104413,0.1361019794303261
refcocoplus,owlv2,335525,533796,1,1,75,80,0.9375,0.860142924702361,0.9793969276979898,0.11925400299562883
refcocoplus,owlv2,444214,1285030,1,0,58,80,0.725,0.6137565791555909,0.8189623614429612,0.2052057822873703
refcocoplus,owlv2,515470,201858,1,0,70,80,0.875,0.7821108659305637,0.9383979034415657,0.15628703751100204
refcocoplus,owlv2,517685,457473,1,0,37,80,0.4625,0.3502764265383982,0.5775824719951649,0.2273060454567667
refcocoplus,owlv2,367869,447817,1,1,58,80,0.725,0.6137565791555909,0.8189623614429612,0.2052057822873703
refcocoplus,owlv2,472749,538325,1,0,71,80,0.8875,0.7971534080830098,0.9472484868543125,0.15009507877130268
refcocoplus,owlv2,482326,531416,1,0,42,80,0.525,0.4102278413767706,0.6378664183228473,0.2276385769460767
refcocoplus,owlv2,290620,440573,1,1,76,80,0.95,0.876901263556847,0.9862106060235382,0.1093093424666911
refcocoplus,owlv2,306393,522262,1,0,80,80,1.0,0.9549359649323077,1.0,0.0450640350676923
refcocoplus,owlv2,487228,464676,1,1,79,80,0.9875,0.9323122155360776,0.9996835774723672,0.06737136193628968
refcocoplus,owlv2,12614,2160566,0,0,0,0,0.0,0.0,0.0,0.0
refcocoplus,owlv2,28560,1373363,1,1,48,80,0.6,0.4843769404954894,0.7079906437446896,0.22361370324920016
refcocoplus,owlv2,362157,230253,1,1,69,80,0.8625,0.7672791291752744,0.9293121672961213,0.1620330381208469
refcocoplus,owlv2,416723,497628,1,0,44,80,0.55,0.43467397909415284,0.6615136155101845,0.22683963641603166
refcocoplus,owlv2,180354,228063,1,1,59,80,0.7375,0.6271491697875681,0.8295907488995917,0.20244157911202365
refcocoplus,owlv2,353200,472031,1,1,72,80,0.9,0.8124348925365683,0.955829059846371,0.1433941673098027
refcocoplus,owlv2,239784,1746978,1,0,47,80,0.5875,0.47184834042520446,0.6964754070624058,0.2246270666372014
refcocoplus,owlv2,503906,1208151,1,0,57,80,0.7125,0.6004548866879794,0.8082395280280349,0.20778464134005548
refcocoplus,owlv2,186476,1240996,1,0,58,80,0.725,0.6137565791555909,0.8189623614429612,0.2052057822873703
refcocoplus,owlv2,105063,496504,0,0,0,0,0.0,0.0,0.0,0.0
refcocoplus,owlv2,564449,1727045,1,0,25,80,0.3125,0.21347463110876716,0.4258890738564495,0.2124144427476823
refcocoplus,owlv2,237137,421379,1,1,74,80,0.925,0.8438720682639279,0.9719794538231588,0.12810738555923085
refcocoplus,owlv2,117677,513035,1,1,46,80,0.575,0.45938881143093807,0.6848902345476577,0.22550142311671967
refcocoplus,owlv2,570211,199280,1,0,78,80,0.975,0.9125928440694077,0.9969579138351904,0.08436506976578273
refcocoplus,owlv2,465101,186998,1,0,80,80,1.0,0.9549359649323077,1.0,0.0450640350676923
refcocoplus,owlv2,116049,1265888,1,0,58,80,0.725,0.6137565791555909,0.8189623614429612,0.2052057822873703
refcocoplus,owlv2,289425,459375,1,0,69,80,0.8625,0.7672791291752744,0.9293121672961213,0.1620330381208469
refcocoplus,owlv2,514295,713506,1,0,50,80,0.625,0.5096452355928875,0.7308068300531951,0.2211615944603076
refcocoplus,owlv2,337975,499184,1,1,80,80,1.0,0.9549359649323077,1.0,0.0450640350676923
refcocoplus,owlv2,495169,114964,1,1,79,80,0.9875,0.9323122155360776,0.9996835774723672,0.06737136193628968
refcocoplus,owlv2,427555,484670,1,0,42,80,0.525,0.4102278413767706,0.6378664183228473,0.2276385769460767
refcocoplus,owlv2,27299,1301951,1,0,74,80,0.925,0.8438720682639279,0.9719794538231588,0.12810738555923085
refcocoplus,owlv2,403888,429840,1,1,80,80,1.0,0.9549359649323077,1.0,0.0450640350676923
refcocoplus,owlv2,389157,549393,1,0,42,80,0.525,0.4102278413767706,0.6378664183228473,0.2276385769460767
refcocoplus,owlv2,53729,1302378,1,0,62,80,0.775,0.6679136799387491,0.8608627895010682,0.19294910956231914
refcocoplus,owlv2,264567,58131,1,0,46,80,0.575,0.45938881143093807,0.6848902345476577,0.22550142311671967
refcocoplus,owlv2,486606,426136,1,0,17,80,0.2125,0.1289364950975817,0.3182858085596558,0.18934931346207412
refcocoplus,owlv2,505020,1243798,1,0,28,80,0.35,0.24667193647253513,0.4647968854793358,0.21812494900680066
refcocoplus,owlv2,370152,470112,1,0,34,80,0.425,0.31510976545234215,0.5406111885690619,0.22550142311671972
refcocoplus,owlv2,532376,194591,1,0,75,80,0.9375,0.860142924702361,0.9793969276979898,0.11925400299562883
refcocoplus,owlv2,495987,466715,1,0,50,80,0.625,0.5096452355928875,0.7308068300531951,0.2211615944603076
refcocoplus,owlv2,581282,1313895,1,0,63,80,0.7875,0.6817141914403442,0.8710635049024182,0.18934931346207406
refcocoplus,owlv2,40346,448119,1,1,68,80,0.85,0.7526358884071023,0.9200184386902862,0.16738255028318394
refcocoplus,owlv2,503844,427048,1,1,18,80,0.225,0.13913721049893182,0.33208632006125094,0.19294910956231912
refcocoplus,owlv2,494706,1732430,1,1,51,80,0.6375,0.5223872787351916,0.7421051046283819,0.21971782589319022
refcocoplus,owlv2,4714,504738,1,1,34,80,0.425,0.31510976545234215,0.5406111885690619,0.22550142311671972
refcocoplus,owlv2,316446,474195,1,0,57,80,0.7125,0.6004548866879794,0.8082395280280349,0.20778464134005548
refcocoplus,owlv2,221252,423971,1,0,74,80,0.925,0.8438720682639279,0.9719794538231588,0.12810738555923085
refcocoplus,owlv2,234637,548461,1,1,55,80,0.6875,0.5741109261435505,0.7865253688912328,0.21241444274768229
refcocoplus,owlv2,397390,513577,1,1,79,80,0.9875,0.9323122155360776,0.9996835774723672,0.06737136193628968
refcocoplus,owlv2,29752,462801,1,0,55,80,0.6875,0.5741109261435505,0.7865253688912328,0.21241444274768229
refcocoplus,owlv2,209089,220849,1,1,75,80,0.9375,0.860142924702361,0.9793969276979898,0.11925400299562883
refcocoplus,owlv2,91055,256495,1,1,52,80,0.65,0.5352031145206643,0.7533280635274648,0.21812494900680057
refcocoplus,owlv2,421086,1077251,1,1,61,80,0.7625,0.6542230288597322,0.8505462481433591,0.19632321928362695
refcocoplus,owlv2,148047,474228,1,1,53,80,0.6625,0.5480943856258318,0.7644738620163491,0.21637947639051736
refcocoplus,owlv2,306561,204788,1,0,80,80,1.0,0.9549359649323077,1.0,0.0450640350676923
refcocoplus,owlv2,522288,219473,1,0,64,80,0.8,0.6956311329945355,0.8811409135950147,0.18550978060047918
refcocoplus,owlv2,43813,517456,1,0,65,80,0.8125,0.7096721043523089,0.8910863118524706,0.18141420750016168
refcocoplus,owlv2,23420,471105,1,1,41,80,0.5125,0.39810466870318556,0.625942518555561,0.22783784985237548
refcocoplus,owlv2,40708,440218,1,0,41,80,0.5125,0.39810466870318556,0.625942518555561,0.22783784985237548
refcocoplus,owlv2,249869,206776,1,0,80,80,1.0,0.9549359649323077,1.0,0.0450640350676923
refcocoplus,owlv2,205354,463684,1,1,67,80,0.8375,0.7381631061748871,0.9105383582774708,0.17237525210258364
refcocoplus,owlv2,167765,254764,1,1,76,80,0.95,0.876901263556847,0.9862106060235382,0.1093093424666911
refcocoplus,owlv2,229193,472104,1,1,20,80,0.25,0.1598796445068557,0.35936347590685,0.19948383139999432
refcocoplus,owlv2,250295,485219,1,0,71,80,0.8875,0.7971534080830098,0.9472484868543125,0.15009507877130268
refcocoplus,owlv2,435869,497937,1,0,62,80,0.775,0.6679136799387491,0.8608627895010682,0.19294910956231914
refcocoplus,owlv2,214265,2154778,1,0,71,80,0.8875,0.7971534080830098,0.9472484868543125,0.15009507877130268
refcocoplus,owlv2,485757,477171,1,0,64,80,0.8,0.6956311329945355,0.8811409135950147,0.18550978060047918
refcocoplus,owlv2,372788,448303,1,1,68,80,0.85,0.7526358884071023,0.9200184386902862,0.16738255028318394
refcocoplus,owlv2,130081,492578,1,1,6,80,0.075,0.028020546176841233,0.15612793173607212,0.12810738555923087
refcocoplus,owlv2,217461,498803,1,1,29,80,0.3625,0.2578948953716181,0.47761272126480847,0.2197178258931904
refcocoplus,owlv2,355159,2166645,1,0,44,80,0.55,0.43467397909415284,0.6615136155101845,0.22683963641603166
refcocoplus,owlv2,227520,1706734,1,0,26,80,0.325,0.22445958517745324,0.4389370456044483,0.21447746042699506
refcocoplus,owlv2,8630,435099,1,0,25,80,0.3125,0.21347463110876716,0.4258890738564495,0.2124144427476823
refcocoplus,owlv2,455369,1713640,1,0,61,80,0.7625,0.6542230288597322,0.8505462481433591,0.19632321928362695
refcocoplus,owlv2,314414,1282486,1,0,79,80,0.9875,0.9323122155360776,0.9996835774723672,0.06737136193628968
refcocoplus,owlv2,491707,468376,1,0,79,80,0.9875,0.9323122155360776,0.9996835774723672,0.06737136193628968
refcocoplus,owlv2,419019,384263,1,1,46,80,0.575,0.45938881143093807,0.6848902345476577,0.22550142311671967
refcocoplus,owlv2,89181,514884,1,0,80,80,1.0,0.9549359649323077,1.0,0.0450640350676923
refcocoplus,owlv2,356702,440555,0,0,0,0,0.0,0.0,0.0,0.0
refcocoplus,owlv2,288943,1740994,1,1,32,80,0.4,0.2920093562553105,0.5156230595045106,0.2236137032492001
refcocoplus,owlv2,534711,2206857,1,0,38,80,0.475,0.3621335816771527,0.5897721586232294,0.2276385769460767
refcocoplus,owlv2,5962,470890,1,0,80,80,1.0,0.9549359649323077,1.0,0.0450640350676923
refcocoplus,owlv2,121174,539551,1,0,55,80,0.6875,0.5741109261435505,0.7865253688912328,0.21241444274768229
refcocoplus,owlv2,512561,513172,1,0,58,80,0.725,0.6137565791555909,0.8189623614429612,0.2052057822873703
refcocoplus,owlv2,307757,204610,1,1,64,80,0.8,0.6956311329945355,0.8811409135950147,0.18550978060047918
refcocoplus,owlv2,462899,461023,1,1,78,80,0.975,0.9125928440694077,0.9969579138351904,0.08436506976578273
refcocoplus,owlv2,446726,487343,1,0,58,80,0.725,0.6137565791555909,0.8189623614429612,0.2052057822873703
refcocoplus,owlv2,405246,538334,1,1,58,80,0.725,0.6137565791555909,0.8189623614429612,0.2052057822873703
refcocoplus,owlv2,360017,459466,1,0,67,80,0.8375,0.7381631061748871,0.9105383582774708,0.17237525210258364
refcocoplus,owlv2,389145,450907,1,1,80,80,1.0,0.9549359649323077,1.0,0.0450640350676923
refcocoplus,owlv2,490610,214754,1,1,36,80,0.45,0.33848638448981544,0.565326020905847,0.2268396364160316
refcocoplus,owlv2,423806,1232692,1,0,77,80,0.9625,0.8942980149834914,0.9921988127342833,0.09790079775079197
refcocoplus,owlv2,97795,450102,1,1,77,80,0.9625,0.8942980149834914,0.9921988127342833,0.09790079775079197
refcocoplus,owlv2,31230,211374,1,0,45,80,0.5625,0.44699757138818025,0.673236046566221,0.2262384751780408
refcocoplus,owlv2,286000,456927,1,0,71,80,0.8875,0.7971534080830098,0.9472484868543125,0.15009507877130268
refcocoplus,owlv2,47953,444328,1,0,77,80,0.9625,0.8942980149834914,0.9921988127342833,0.09790079775079197
refcocoplus,owlv2,311773,1247241,1,0,77,80,0.9625,0.8942980149834914,0.9921988127342833,0.09790079775079197
refcocoplus,owlv2,404473,458457,1,0,10,80,0.125,0.06160209655843424,0.2178891340694363,0.15628703751100206
refcocoplus,owlv2,117114,493499,1,1,76,80,0.95,0.876901263556847,0.9862106060235382,0.1093093424666911
refcocoplus,owlv2,314257,211783,1,0,59,80,0.7375,0.6271491697875681,0.8295907488995917,0.20244157911202365
refcocoplus,owlv2,462445,477451,1,0,51,80,0.6375,0.5223872787351916,0.7421051046283819,0.21971782589319022
refcocoplus,owlv2,21276,497365,1,0,51,80,0.6375,0.5223872787351916,0.7421051046283819,0.21971782589319022
refcocoplus,owlv2,217429,466008,0,0,0,0,0.0,0.0,0.0,0.0
refcocoplus,owlv2,336491,211440,1,0,80,80,1.0,0.9549359649323077,1.0,0.0450640350676923
refcocoplus,owlv2,102667,229105,1,0,11,80,0.1375,0.07068783270387868,0.2327208708247256,0.1620330381208469
refcocoplus,owlv2,295257,1247053,1,1,74,80,0.925,0.8438720682639279,0.9719794538231588,0.12810738555923085
refcocoplus,owlv2,455406,219019,1,1,78,80,0.975,0.9125928440694077,0.9969579138351904,0.08436506976578273
refcocoplus,owlv2,36658,421457,1,1,80,80,1.0,0.9549359649323077,1.0,0.0450640350676923
refcocoplus,owlv2,561907,440721,1,0,66,80,0.825,0.7238459604789864,0.9008894901605713,0.17704352968158488
refcocoplus,owlv2,402632,253866,1,0,72,80,0.9,0.8124348925365683,0.955829059846371,0.1433941673098027
refcocoplus,owlv2,391439,1271260,1,0,39,80,0.4875,0.37405748144443896,0.6018953312968145,0.22783784985237554
refcocoplus,owlv2,108501,1268000,1,0,79,80,0.9875,0.9323122155360776,0.9996835774723672,0.06737136193628968
refcocoplus,owlv2,427756,490450,1,0,79,80,0.9875,0.9323122155360776,0.9996835774723672,0.06737136193628968
refcocoplus,owlv2,237355,522033,1,0,63,80,0.7875,0.6817141914403442,0.8710635049024182,0.18934931346207406
refcocoplus,owlv2,289791,2151612,1,0,37,80,0.4625,0.3502764265383982,0.5775824719951649,0.2273060454567667
refcocoplus,owlv2,151163,458461,1,0,65,80,0.8125,0.7096721043523089,0.8910863118524706,0.18141420750016168
refcocoplus,owlv2,577725,1219171,1,0,70,80,0.875,0.7821108659305637,0.9383979034415657,0.15628703751100204
refcocoplus,owlv2,490182,543487,1,0,80,80,1.0,0.9549359649323077,1.0,0.0450640350676923
refcocoplus,owlv2,352357,191259,1,0,63,80,0.7875,0.6817141914403442,0.8710635049024182,0.18934931346207406
refcocoplus,owlv2,551172,567534,1,1,49,80,0.6125,0.4969755425018991,0.7194348668752178,0.22245932437331872
refcocoplus,owlv2,249384,490576,1,1,64,80,0.8,0.6956311329945355,0.8811409135950147,0.18550978060047918
refcocoplus,owlv2,51052,195383,1,0,80,80,1.0,0.9549359649323077,1.0,0.0450640350676923
refcocoplus,owlv2,93078,422692,1,0,32,80,0.4,0.2920093562553105,0.5156230595045106,0.2236137032492001
refcocoplus,owlv2,302415,505906,1,0,79,80,0.9875,0.9323122155360776,0.9996835774723672,0.06737136193628968
refcocoplus,owlv2,221187,1717602,1,0,54,80,0.675,0.5610629543955516,0.7755404148225468,0.21447746042699511
refcocoplus,owlv2,122918,422754,1,1,80,80,1.0,0.9549359649323077,1.0,0.0450640350676923
refcocoplus,owlv2,561590,186142,1,0,68,80,0.85,0.7526358884071023,0.9200184386902862,0.16738255028318394
refcocoplus,owlv2,69488,457848,1,1,60,80,0.75,0.64063652409315,0.8401203554931442,0.19948383139999426
refcocoplus,owlv2,558444,1307758,1,0,80,80,1.0,0.9549359649323077,1.0,0.0450640350676923
refcocoplus,owlv2,360811,214315,1,0,51,80,0.6375,0.5223872787351916,0.7421051046283819,0.21971782589319022
refcocoplus,owlv2,199963,569519,1,0,75,80,0.9375,0.860142924702361,0.9793969276979898,0.11925400299562883
refcocoplus,owlv2,384745,223263,1,1,54,80,0.675,0.5610629543955516,0.7755404148225468,0.21447746042699511
refcocoplus,owlv2,243071,150952,1,0,80,80,1.0,0.9549359649323077,1.0,0.0450640350676923
refcocoplus,owlv2,492114,536403,1,1,80,80,1.0,0.9549359649323077,1.0,0.0450640350676923
refcocoplus,owlv2,187577,1707054,1,1,77,80,0.9625,0.8942980149834914,0.9921988127342833,0.09790079775079197
refcocoplus,owlv2,42297,1684208,1,0,23,80,0.2875,0.19176047197196505,0.3995451133120206,0.20778464134005553
refcocoplus,owlv2,131816,1724981,1,1,64,80,0.8,0.6956311329945355,0.8811409135950147,0.18550978060047918
refcocoplus,owlv2,364455,1728907,1,0,60,80,0.75,0.64063652409315,0.8401203554931442,0.19948383139999426
refcocoplus,owlv2,208379,493975,1,1,72,80,0.9,0.8124348925365683,0.955829059846371,0.1433941673098027
refcocoplus,owlv2,171943,1710978,1,1,73,80,0.9125,0.8279916615801152,0.9640936410104413,0.1361019794303261
refcocoplus,owlv2,44625,1219181,1,0,71,80,0.8875,0.7971534080830098,0.9472484868543125,0.15009507877130268
refcocoplus,owlv2,392520,1730739,1,0,21,80,0.2625,0.1704092511004083,0.3728508302124319,0.20244157911202362
refcocoplus,owlv2,580668,344471,1,1,80,80,1.0,0.9549359649323077,1.0,0.0450640350676923
refcocoplus,owlv2,114185,462867,1,0,60,80,0.75,0.64063652409315,0.8401203554931442,0.19948383139999426
refcocoplus,owlv2,429745,255915,1,0,77,80,0.9625,0.8942980149834914,0.9921988127342833,0.09790079775079197
refcocoplus,owlv2,76740,212911,1,1,60,80,0.75,0.64063652409315,0.8401203554931442,0.19948383139999426
refcocoplus,owlv2,191561,469147,1,0,66,80,0.825,0.7238459604789864,0.9008894901605713,0.17704352968158488
refcocoplus,owlv2,522827,485999,1,0,79,80,0.9875,0.9323122155360776,0.9996835774723672,0.06737136193628968
refcocoplus,owlv2,61372,1232274,1,0,44,80,0.55,0.43467397909415284,0.6615136155101845,0.22683963641603166
refcocoplus,owlv2,363150,1217802,1,0,27,80,0.3375,0.23552613798365082,0.4519056143741682,0.21637947639051738
refcocoplus,owlv2,406187,426445,1,0,20,80,0.25,0.1598796445068557,0.35936347590685,0.19948383139999432
refcocoplus,owlv2,515928,208395,1,1,80,80,1.0,0.9549359649323077,1.0,0.0450640350676923
refcocoplus,owlv2,534166,195730,1,0,47,80,0.5875,0.47184834042520446,0.6964754070624058,0.2246270666372014
refcocoplus,owlv2,104973,1238418,1,1,80,80,1.0,0.9549359649323077,1.0,0.0450640350676923
refcocoplus,owlv2,429437,715286,1,0,79,80,0.9875,0.9323122155360776,0.9996835774723672,0.06737136193628968
refcocoplus,owlv2,357340,214688,1,1,73,80,0.9125,0.8279916615801152,0.9640936410104413,0.1361019794303261
refcocoplus,owlv2,517403,197469,1,0,80,80,1.0,0.9549359649323077,1.0,0.0450640350676923
refcocoplus,owlv2,411862,1713600,1,0,75,80,0.9375,0.860142924702361,0.9793969276979898,0.11925400299562883
refcocoplus,owlv2,511869,1254599,1,1,68,80,0.85,0.7526358884071023,0.9200184386902862,0.16738255028318394
refcocoplus,owlv2,314951,426889,1,0,76,80,0.95,0.876901263556847,0.9862106060235382,0.1093093424666911
refcocoplus,owlv2,213408,439911,1,1,59,80,0.7375,0.6271491697875681,0.8295907488995917,0.20244157911202365
refcocoplus,owlv2,534559,2153460,1,0,29,80,0.3625,0.2578948953716181,0.47761272126480847,0.2197178258931904
refcocoplus,owlv2,573476,1713014,1,0,17,80,0.2125,0.1289364950975817,0.3182858085596558,0.18934931346207412
refcocoplus,owlv2,378916,423871,1,1,76,80,0.95,0.876901263556847,0.9862106060235382,0.1093093424666911
refcocoplus,owlv2,29799,542728,1,0,53,80,0.6625,0.5480943856258318,0.7644738620163491,0.21637947639051736
refcocoplus,owlv2,209844,468525,1,0,9,80,0.1125,0.052751513145687524,0.20284659191699012,0.1500950787713026
refcocoplus,owlv2,179504,525200,1,1,63,80,0.7875,0.6817141914403442,0.8710635049024182,0.18934931346207406
refcocoplus,owlv2,554950,200400,1,1,27,80,0.3375,0.23552613798365082,0.4519056143741682,0.21637947639051738
refcocoplus,owlv2,301988,190992,1,0,69,80,0.8625,0.7672791291752744,0.9293121672961213,0.1620330381208469
refcocoplus,owlv2,465829,673819,1,0,48,80,0.6,0.4843769404954894,0.7079906437446896,0.22361370324920016
refcocoplus,owlv2,449414,457259,1,0,67,80,0.8375,0.7381631061748871,0.9105383582774708,0.17237525210258364
refcocoplus,owlv2,41840,486333,1,0,11,80,0.1375,0.07068783270387868,0.2327208708247256,0.1620330381208469
refcocoplus,owlv2,331409,1295154,1,0,7,80,0.0875,0.035906358989558754,0.17200833841988486,0.1361019794303261
refcocoplus,owlv2,296631,494675,1,1,80,80,1.0,0.9549359649323077,1.0,0.0450640350676923
refcocoplus,owlv2,301109,2161826,1,0,75,80,0.9375,0.860142924702361,0.9793969276979898,0.11925400299562883
refcocoplus,owlv2,402563,1268625,1,0,58,80,0.725,0.6137565791555909,0.8189623614429612,0.2052057822873703
refcocoplus,owlv2,372404,551004,1,0,57,80,0.7125,0.6004548866879794,0.8082395280280349,0.20778464134005548
refcocoplus,owlv2,482330,1611140,1,1,76,80,0.95,0.876901263556847,0.9862106060235382,0.1093093424666911
refcocoplus,owlv2,334529,435196,1,1,80,80,1.0,0.9549359649323077,1.0,0.0450640350676923
refcocoplus,owlv2,440313,2204628,1,1,72,80,0.9,0.8124348925365683,0.955829059846371,0.1433941673098027
refcocoplus,owlv2,510342,424792,1,0,30,80,0.375,0.2691931699468049,0.4903547644071125,0.2211615944603076
refcocoplus,owlv2,418065,151032,1,1,63,80,0.7875,0.6817141914403442,0.8710635049024182,0.18934931346207406
refcocoplus,owlv2,396380,485581,1,0,78,80,0.975,0.9125928440694077,0.9969579138351904,0.08436506976578273
refcocoplus,owlv2,150100,461684,1,1,32,80,0.4,0.2920093562553105,0.5156230595045106,0.2236137032492001
refcocoplus,owlv2,8657,215789,0,0,0,0,0.0,0.0,0.0,0.0
refcocoplus,owlv2,377513,195640,1,0,71,80,0.8875,0.7971534080830098,0.9472484868543125,0.15009507877130268
refcocoplus,owlv2,171729,2198710,1,0,80,80,1.0,0.9549359649323077,1.0,0.0450640350676923
refcocoplus,owlv2,104114,1544258,1,0,44,80,0.55,0.43467397909415284,0.6615136155101845,0.22683963641603166
refcocoplus,owlv2,409918,587118,1,1,66,80,0.825,0.7238459604789864,0.9008894901605713,0.17704352968158488
refcocoplus,owlv2,492354,1056044,1,0,63,80,0.7875,0.6817141914403442,0.8710635049024182,0.18934931346207406
refcocoplus,owlv2,227554,1184124,1,1,80,80,1.0,0.9549359649323077,1.0,0.0450640350676923
refcocoplus,owlv2,430759,1081573,1,0,74,80,0.925,0.8438720682639279,0.9719794538231588,0.12810738555923085
refcocoplus,owlv2,466024,587961,1,1,26,80,0.325,0.22445958517745324,0.4389370456044483,0.21447746042699506
refcocoplus,owlv2,431376,166746,1,1,71,80,0.8875,0.7971534080830098,0.9472484868543125,0.15009507877130268
refcocoplus,owlv2,400124,1050952,1,0,72,80,0.9,0.8124348925365683,0.955829059846371,0.1433941673098027
refcocoplus,owlv2,453563,1562047,1,0,10,80,0.125,0.06160209655843424,0.2178891340694363,0.15628703751100206
refcocoplus,owlv2,38558,133235,0,0,0,0,0.0,0.0,0.0,0.0
refcocoplus,owlv2,388031,1871286,1,0,13,80,0.1625,0.08946164172252925,0.2618368938251128,0.1723752521025836
refcocoplus,owlv2,390567,2171933,1,1,48,80,0.6,0.4843769404954894,0.7079906437446896,0.22361370324920016
refcocoplus,owlv2,518455,1674248,1,0,59,80,0.7375,0.6271491697875681,0.8295907488995917,0.20244157911202365
refcocoplus,owlv2,373393,171936,1,1,78,80,0.975,0.9125928440694077,0.9969579138351904,0.08436506976578273
refcocoplus,owlv2,173538,38578,1,1,71,80,0.8875,0.7971534080830098,0.9472484868543125,0.15009507877130268
refcocoplus,owlv2,63485,1910775,1,0,30,80,0.375,0.2691931699468049,0.4903547644071125,0.2211615944603076
refcocoplus,owlv2,328298,683534,1,0,80,80,1.0,0.9549359649323077,1.0,0.0450640350676923
refcocoplus,owlv2,443093,1572366,1,0,29,80,0.3625,0.2578948953716181,0.47761272126480847,0.2197178258931904
refcocoplus,owlv2,605,670466,1,1,20,80,0.25,0.1598796445068557,0.35936347590685,0.19948383139999432
refcocoplus,owlv2,481218,64221,1,0,5,80,0.0625,0.02060307230201024,0.13985707529763908,0.11925400299562884
refcocoplus,owlv2,41233,401649,1,1,80,80,1.0,0.9549359649323077,1.0,0.0450640350676923
refcocoplus,owlv2,536823,1673876,1,1,68,80,0.85,0.7526358884071023,0.9200184386902862,0.16738255028318394
refcocoplus,owlv2,384691,59547,1,0,74,80,0.925,0.8438720682639279,0.9719794538231588,0.12810738555923085
refcocoplus,owlv2,71221,2186260,1,0,73,80,0.9125,0.8279916615801152,0.9640936410104413,0.1361019794303261
refcocoplus,owlv2,326056,1546143,1,0,80,80,1.0,0.9549359649323077,1.0,0.0450640350676923
refcocoplus,owlv2,428208,2217454,1,0,51,80,0.6375,0.5223872787351916,0.7421051046283819,0.21971782589319022
refcocoplus,owlv2,400534,1942568,1,0,66,80,0.825,0.7238459604789864,0.9008894901605713,0.17704352968158488
refcocoplus,owlv2,320077,102968,1,0,42,80,0.525,0.4102278413767706,0.6378664183228473,0.2276385769460767
refcocoplus,owlv2,290265,59370,1,0,73,80,0.9125,0.8279916615801152,0.9640936410104413,0.1361019794303261
refcocoplus,owlv2,537127,117394,1,0,78,80,0.975,0.9125928440694077,0.9969579138351904,0.08436506976578273
refcocoplus,owlv2,197407,88799,1,1,72,80,0.9,0.8124348925365683,0.955829059846371,0.1433941673098027
refcocoplus,owlv2,61144,1675118,1,0,66,80,0.825,0.7238459604789864,0.9008894901605713,0.17704352968158488
refcocoplus,owlv2,317054,573163,1,0,56,80,0.7,0.5872406769186242,0.7974260708533272,0.21018539393470292
refcocoplus,owlv2,153845,663915,0,0,0,0,0.0,0.0,0.0,0.0
refcocoplus,owlv2,549605,47683,1,1,74,80,0.925,0.8438720682639279,0.9719794538231588,0.12810738555923085
refcocoplus,owlv2,550993,1662754,1,0,43,80,0.5375,0.4224175280048351,0.6497235734616016,0.22730604545676647
refcocoplus,owlv2,532419,589143,1,0,59,80,0.7375,0.6271491697875681,0.8295907488995917,0.20244157911202365
refcocoplus,owlv2,451818,1944036,1,1,73,80,0.9125,0.8279916615801152,0.9640936410104413,0.1361019794303261
refcocoplus,owlv2,88726,38630,1,1,79,80,0.9875,0.9323122155360776,0.9996835774723672,0.06737136193628968
refcocoplus,owlv2,316293,711879,1,1,80,80,1.0,0.9549359649323077,1.0,0.0450640350676923
refcocoplus,owlv2,517123,62713,0,0,0,0,0.0,0.0,0.0,0.0
refcocoplus,owlv2,439906,121215,1,0,80,80,1.0,0.9549359649323077,1.0,0.0450640350676923
refcocoplus,owlv2,57828,419453,1,1,44,80,0.55,0.43467397909415284,0.6615136155101845,0.22683963641603166
refcocoplus,owlv2,143003,1040728,1,1,72,80,0.9,0.8124348925365683,0.955829059846371,0.1433941673098027
refcocoplus,owlv2,360555,1039353,1,0,69,80,0.8625,0.7672791291752744,0.9293121672961213,0.1620330381208469
refcocoplus,owlv2,372748,1957851,1,0,43,80,0.5375,0.4224175280048351,0.6497235734616016,0.22730604545676647
refcocoplus,owlv2,175195,1971537,1,0,66,80,0.825,0.7238459604789864,0.9008894901605713,0.17704352968158488
refcocoplus,owlv2,573825,1616333,1,0,29,80,0.3625,0.2578948953716181,0.47761272126480847,0.2197178258931904
refcocoplus,owlv2,113244,1089675,1,0,26,80,0.325,0.22445958517745324,0.4389370456044483,0.21447746042699506
refcocoplus,owlv2,243120,596319,1,0,26,80,0.325,0.22445958517745324,0.4389370456044483,0.21447746042699506
refcocoplus,owlv2,581518,1082811,1,1,80,80,1.0,0.9549359649323077,1.0,0.0450640350676923
refcocoplus,owlv2,321305,590645,1,1,67,80,0.8375,0.7381631061748871,0.9105383582774708,0.17237525210258364
refcocoplus,owlv2,544516,56505,1,0,42,80,0.525,0.4102278413767706,0.6378664183228473,0.2276385769460767
refcocoplus,owlv2,439060,155627,1,0,76,80,0.95,0.876901263556847,0.9862106060235382,0.1093093424666911
refcocoplus,owlv2,58405,1675418,1,0,67,80,0.8375,0.7381631061748871,0.9105383582774708,0.17237525210258364
refcocoplus,owlv2,410024,115138,1,1,64,80,0.8,0.6956311329945355,0.8811409135950147,0.18550978060047918
refcocoplus,owlv2,426383,167237,1,1,76,80,0.95,0.876901263556847,0.9862106060235382,0.1093093424666911
refcocoplus,owlv2,548559,173743,1,0,34,80,0.425,0.31510976545234215,0.5406111885690619,0.22550142311671972
refcocoplus,owlv2,571654,1968985,1,1,80,80,1.0,0.9549359649323077,1.0,0.0450640350676923
refcocoplus,owlv2,578734,1912853,1,0,36,80,0.45,0.33848638448981544,0.565326020905847,0.2268396364160316
refcocoplus,owlv2,409111,275828,1,1,80,80,1.0,0.9549359649323077,1.0,0.0450640350676923
refcocoplus,owlv2,481428,74856,1,0,37,80,0.4625,0.3502764265383982,0.5775824719951649,0.2273060454567667
refcocoplus,owlv2,117969,591583,1,0,74,80,0.925,0.8438720682639279,0.9719794538231588,0.12810738555923085
refcocoplus,owlv2,454174,397751,1,0,58,80,0.725,0.6137565791555909,0.8189623614429612,0.2052057822873703
refcocoplus,owlv2,473588,249593,1,0,47,80,0.5875,0.47184834042520446,0.6964754070624058,0.2246270666372014
refcocoplus,owlv2,375568,385868,1,1,70,80,0.875,0.7821108659305637,0.9383979034415657,0.15628703751100204
refcocoplus,owlv2,157744,1119592,1,0,71,80,0.8875,0.7971534080830098,0.9472484868543125,0.15009507877130268
refcocoplus,owlv2,90350,273670,1,1,80,80,1.0,0.9549359649323077,1.0,0.0450640350676923
refcocoplus,owlv2,429887,1990990,1,0,39,80,0.4875,0.37405748144443896,0.6018953312968145,0.22783784985237554
refcocoplus,owlv2,8936,596072,1,0,77,80,0.9625,0.8942980149834914,0.9921988127342833,0.09790079775079197
refcocoplus,owlv2,222113,594711,1,1,53,80,0.6625,0.5480943856258318,0.7644738620163491,0.21637947639051736
refcocoplus,owlv2,492155,66219,1,0,52,80,0.65,0.5352031145206643,0.7533280635274648,0.21812494900680057
refcocoplus,owlv2,571694,298741,1,0,80,80,1.0,0.9549359649323077,1.0,0.0450640350676923
refcocoplus,owlv2,364653,62512,1,1,73,80,0.9125,0.8279916615801152,0.9640936410104413,0.1361019794303261
refcocoplus,owlv2,312454,589780,1,0,51,80,0.6375,0.5223872787351916,0.7421051046283819,0.21971782589319022
refcocoplus,owlv2,106315,1911604,1,0,43,80,0.5375,0.4224175280048351,0.6497235734616016,0.22730604545676647
refcocoplus,owlv2,431211,587102,1,1,75,80,0.9375,0.860142924702361,0.9793969276979898,0.11925400299562883
refcocoplus,owlv2,170712,378908,1,1,79,80,0.9875,0.9323122155360776,0.9996835774723672,0.06737136193628968
refcocoplus,owlv2,485984,35730,1,1,43,80,0.5375,0.4224175280048351,0.6497235734616016,0.22730604545676647
refcocoplus,owlv2,242350,1161110,1,1,45,80,0.5625,0.44699757138818025,0.673236046566221,0.2262384751780408
refcocoplus,owlv2,433405,1500360,1,1,61,80,0.7625,0.6542230288597322,0.8505462481433591,0.19632321928362695
refcocoplus,owlv2,561545,313632,1,0,18,80,0.225,0.13913721049893182,0.33208632006125094,0.19294910956231912
refcocoplus,owlv2,118543,1049848,1,0,44,80,0.55,0.43467397909415284,0.6615136155101845,0.22683963641603166
refcocoplus,owlv2,330607,1870880,1,1,72,80,0.9,0.8124348925365683,0.955829059846371,0.1433941673098027
refcocoplus,owlv2,225069,48687,1,0,43,80,0.5375,0.4224175280048351,0.6497235734616016,0.22730604545676647
refcocoplus,owlv2,392197,160390,1,1,4,80,0.05,0.013789393976461804,0.12309873644315296,0.10930934246669116
refcocoplus,owlv2,277867,1378849,1,0,71,80,0.8875,0.7971534080830098,0.9472484868543125,0.15009507877130268
refcocoplus,owlv2,209794,1068918,1,0,72,80,0.9,0.8124348925365683,0.955829059846371,0.1433941673098027
refcocoplus,owlv2,244528,309760,1,1,80,80,1.0,0.9549359649323077,1.0,0.0450640350676923
refcocoplus,owlv2,267697,593325,1,0,73,80,0.9125,0.8279916615801152,0.9640936410104413,0.1361019794303261
refcocoplus,owlv2,510027,311169,1,1,63,80,0.7875,0.6817141914403442,0.8710635049024182,0.18934931346207406
refcocoplus,owlv2,391733,1983249,1,1,66,80,0.825,0.7238459604789864,0.9008894901605713,0.17704352968158488
refcocoplus,owlv2,524340,51266,1,0,58,80,0.725,0.6137565791555909,0.8189623614429612,0.2052057822873703
refcocoplus,owlv2,122959,1675684,1,0,72,80,0.9,0.8124348925365683,0.955829059846371,0.1433941673098027
refcocoplus,owlv2,409824,599682,1,1,73,80,0.9125,0.8279916615801152,0.9640936410104413,0.1361019794303261
refcocoplus,owlv2,118780,1820214,1,1,76,80,0.95,0.876901263556847,0.9862106060235382,0.1093093424666911
refcocoplus,owlv2,548704,2110679,1,0,71,80,0.8875,0.7971534080830098,0.9472484868543125,0.15009507877130268
refcocoplus,owlv2,230321,316215,1,1,38,80,0.475,0.3621335816771527,0.5897721586232294,0.2276385769460767
refcocoplus,owlv2,558576,1573734,0,0,0,0,0.0,0.0,0.0,0.0
refcocoplus,owlv2,73602,1184009,1,0,27,80,0.3375,0.23552613798365082,0.4519056143741682,0.21637947639051738
refcocoplus,owlv2,101479,34791,1,1,80,80,1.0,0.9549359649323077,1.0,0.0450640350676923
refcocoplus,owlv2,137320,1042719,1,0,69,80,0.8625,0.7672791291752744,0.9293121672961213,0.1620330381208469
refcocoplus,owlv2,215026,1817979,1,1,54,80,0.675,0.5610629543955516,0.7755404148225468,0.21447746042699511
refcocoplus,owlv2,286190,168083,1,0,79,80,0.9875,0.9323122155360776,0.9996835774723672,0.06737136193628968
refcocoplus,owlv2,423341,135320,1,1,65,80,0.8125,0.7096721043523089,0.8910863118524706,0.18141420750016168
refcocoplus,owlv2,345207,133290,1,1,66,80,0.825,0.7238459604789864,0.9008894901605713,0.17704352968158488
refcocoplus,owlv2,62477,349851,1,1,80,80,1.0,0.9549359649323077,1.0,0.0450640350676923
refcocoplus,owlv2,66566,1900979,1,0,59,80,0.7375,0.6271491697875681,0.8295907488995917,0.20244157911202365
refcocoplus,owlv2,260668,1075645,1,1,72,80,0.9,0.8124348925365683,0.955829059846371,0.1433941673098027
refcocoplus,owlv2,522856,1908647,1,0,76,80,0.95,0.876901263556847,0.9862106060235382,0.1093093424666911
refcocoplus,owlv2,229041,73971,1,1,80,80,1.0,0.9549359649323077,1.0,0.0450640350676923
refcocoplus,owlv2,7944,711793,1,0,37,80,0.4625,0.3502764265383982,0.5775824719951649,0.2273060454567667
refcocoplus,owlv2,311388,2219142,1,0,74,80,0.925,0.8438720682639279,0.9719794538231588,0.12810738555923085
refcocoplus,owlv2,208845,1122937,1,1,79,80,0.9875,0.9323122155360776,0.9996835774723672,0.06737136193628968
refcocoplus,owlv2,35796,1607968,1,0,38,80,0.475,0.3621335816771527,0.5897721586232294,0.2276385769460767
refcocoplus,owlv2,127282,1154727,1,1,79,80,0.9875,0.9323122155360776,0.9996835774723672,0.06737136193628968
refcocoplus,owlv2,340703,1186784,1,1,79,80,0.9875,0.9323122155360776,0.9996835774723672,0.06737136193628968
refcocoplus,owlv2,93992,1531551,1,0,68,80,0.85,0.7526358884071023,0.9200184386902862,0.16738255028318394
refcocoplus,owlv2,142426,1183958,1,0,80,80,1.0,0.9549359649323077,1.0,0.0450640350676923
refcocoplus,owlv2,51835,582886,1,0,52,80,0.65,0.5352031145206643,0.7533280635274648,0.21812494900680057
refcocoplus,owlv2,80818,592744,1,1,54,80,0.675,0.5610629543955516,0.7755404148225468,0.21447746042699511
refcocoplus,owlv2,2281,1772721,1,0,72,80,0.9,0.8124348925365683,0.955829059846371,0.1433941673098027
refcocoplus,owlv2,154895,313105,1,1,72,80,0.9,0.8124348925365683,0.955829059846371,0.1433941673098027
refcocoplus,owlv2,109114,1552953,1,0,38,80,0.475,0.3621335816771527,0.5897721586232294,0.2276385769460767
refcocoplus,owlv2,191754,164447,1,1,30,80,0.375,0.2691931699468049,0.4903547644071125,0.2211615944603076
refcocoplus,owlv2,162046,399413,1,1,59,80,0.7375,0.6271491697875681,0.8295907488995917,0.20244157911202365
refcocoplus,owlv2,148602,160832,1,1,70,80,0.875,0.7821108659305637,0.9383979034415657,0.15628703751100204
refcocoplus,owlv2,153591,1874931,1,0,68,80,0.85,0.7526358884071023,0.9200184386902862,0.16738255028318394
refcocoplus,owlv2,438099,577501,1,1,64,80,0.8,0.6956311329945355,0.8811409135950147,0.18550978060047918
refcocoplus,owlv2,409166,1085984,1,0,65,80,0.8125,0.7096721043523089,0.8910863118524706,0.18141420750016168
refcocoplus,owlv2,311709,74088,1,1,35,80,0.4375,0.3267639534337789,0.5530024286118197,0.2262384751780408
refcocoplus,owlv2,66669,1161123,1,0,27,80,0.3375,0.23552613798365082,0.4519056143741682,0.21637947639051738
refcocoplus,owlv2,73680,1094643,1,0,80,80,1.0,0.9549359649323077,1.0,0.0450640350676923
refcocoplus,owlv2,362031,1626509,1,1,73,80,0.9125,0.8279916615801152,0.9640936410104413,0.1361019794303261
refcocoplus,owlv2,299041,283245,1,0,78,80,0.975,0.9125928440694077,0.9969579138351904,0.08436506976578273
refcocoplus,owlv2,309252,56416,1,0,55,80,0.6875,0.5741109261435505,0.7865253688912328,0.21241444274768229
refcocoplus,owlv2,240662,683661,1,1,74,80,0.925,0.8438720682639279,0.9719794538231588,0.12810738555923085
refcocoplus,owlv2,117578,1073951,1,0,62,80,0.775,0.6679136799387491,0.8608627895010682,0.19294910956231914
refcocoplus,owlv2,320963,1599759,1,1,66,80,0.825,0.7238459604789864,0.9008894901605713,0.17704352968158488
refcocoplus,owlv2,471332,1805380,1,0,77,80,0.9625,0.8942980149834914,0.9921988127342833,0.09790079775079197
refcocoplus,owlv2,492408,285987,1,1,30,80,0.375,0.2691931699468049,0.4903547644071125,0.2211615944603076
refcocoplus,owlv2,391332,1626319,1,0,46,80,0.575,0.45938881143093807,0.6848902345476577,0.22550142311671967
refcocoplus,owlv2,411803,174682,1,1,79,80,0.9875,0.9323122155360776,0.9996835774723672,0.06737136193628968
refcocoplus,owlv2,303804,1668058,1,0,73,80,0.9125,0.8279916615801152,0.9640936410104413,0.1361019794303261
refcocoplus,owlv2,260317,1139000,0,0,0,0,0.0,0.0,0.0,0.0
refcocoplus,owlv2,415235,72812,1,1,45,80,0.5625,0.44699757138818025,0.673236046566221,0.2262384751780408
refcocoplus,owlv2,419171,1044154,1,0,48,80,0.6,0.4843769404954894,0.7079906437446896,0.22361370324920016
refcocoplus,owlv2,278816,319729,1,0,75,80,0.9375,0.860142924702361,0.9793969276979898,0.11925400299562883
refcocoplus,owlv2,518785,345627,1,1,79,80,0.9875,0.9323122155360776,0.9996835774723672,0.06737136193628968
refcocoplus,owlv2,384029,2222000,1,0,43,80,0.5375,0.4224175280048351,0.6497235734616016,0.22730604545676647
refcocoplus,owlv2,575519,249393,1,1,77,80,0.9625,0.8942980149834914,0.9921988127342833,0.09790079775079197
refcocoplus,owlv2,345388,1187196,1,1,78,80,0.975,0.9125928440694077,0.9969579138351904,0.08436506976578273
refcocoplus,owlv2,537188,1184638,1,0,53,80,0.6625,0.5480943856258318,0.7644738620163491,0.21637947639051736
refcocoplus,owlv2,315057,1560826,1,0,40,80,0.5,0.3860478833649093,0.6139521166350907,0.22790423327018144
refcocoplus,owlv2,2400,6277,0,0,0,0,0.0,0.0,0.0,0.0
refcocoplus,owlv2,94084,1562655,1,0,17,80,0.2125,0.1289364950975817,0.3182858085596558,0.18934931346207412
refcocoplus,owlv2,522240,711838,1,1,21,80,0.2625,0.1704092511004083,0.3728508302124319,0.20244157911202362
refcocoplus,owlv2,215357,598843,1,0,80,80,1.0,0.9549359649323077,1.0,0.0450640350676923
refcocoplus,owlv2,210710,1409556,1,0,63,80,0.7875,0.6817141914403442,0.8710635049024182,0.18934931346207406
refcocoplus,owlv2,148809,1585604,1,1,72,80,0.9,0.8124348925365683,0.955829059846371,0.1433941673098027
refcocoplus,owlv2,192476,1078514,1,1,73,80,0.9125,0.8279916615801152,0.9640936410104413,0.1361019794303261
refcocoplus,owlv2,338120,175345,1,0,22,80,0.275,0.18103763855703875,0.38624342084440927,0.20520578228737052
refcocoplus,owlv2,525342,1907837,0,0,0,0,0.0,0.0,0.0,0.0
refcocoplus,owlv2,329993,36422,1,1,73,80,0.9125,0.8279916615801152,0.9640936410104413,0.1361019794303261
refcocoplus,owlv2,87878,1624255,1,0,73,80,0.9125,0.8279916615801152,0.9640936410104413,0.1361019794303261
refcocoplus,owlv2,187566,1070006,1,0,80,80,1.0,0.9549359649323077,1.0,0.0450640350676923
refcocoplus,owlv2,277188,401531,1,1,28,80,0.35,0.24667193647253513,0.4647968854793358,0.21812494900680066
refcocoplus,owlv2,323475,1049783,1,0,71,80,0.8875,0.7971534080830098,0.9472484868543125,0.15009507877130268
refcocoplus,owlv2,15485,108341,1,1,42,80,0.525,0.4102278413767706,0.6378664183228473,0.2276385769460767
refcocoplus,owlv2,236397,1945263,1,0,29,80,0.3625,0.2578948953716181,0.47761272126480847,0.2197178258931904
refcocoplus,owlv2,423412,1081885,1,0,59,80,0.7375,0.6271491697875681,0.8295907488995917,0.20244157911202365
refcocoplus,owlv2,510334,75268,0,0,0,0,0.0,0.0,0.0,0.0
refcocoplus,owlv2,16496,1361813,1,1,72,80,0.9,0.8124348925365683,0.955829059846371,0.1433941673098027
refcocoplus,owlv2,502148,314756,1,0,49,80,0.6125,0.4969755425018991,0.7194348668752178,0.22245932437331872
refcocoplus,owlv2,304757,1103622,1,0,78,80,0.975,0.9125928440694077,0.9969579138351904,0.08436506976578273
refcocoplus,owlv2,96586,1823321,1,0,79,80,0.9875,0.9323122155360776,0.9996835774723672,0.06737136193628968
refcocoplus,owlv2,188621,1055694,1,0,61,80,0.7625,0.6542230288597322,0.8505462481433591,0.19632321928362695
refcocoplus,owlv2,305546,52136,1,0,25,80,0.3125,0.21347463110876716,0.4258890738564495,0.2124144427476823
refcocoplus,owlv2,225468,2109357,1,1,80,80,1.0,0.9549359649323077,1.0,0.0450640350676923
refcocoplus,owlv2,536039,313512,1,0,79,80,0.9875,0.9323122155360776,0.9996835774723672,0.06737136193628968
refcocoplus,owlv2,537807,1586508,1,0,77,80,0.9625,0.8942980149834914,0.9921988127342833,0.09790079775079197
refcocoplus,owlv2,318117,132352,1,1,79,80,0.9875,0.9323122155360776,0.9996835774723672,0.06737136193628968
refcocoplus,owlv2,31382,716515,1,0,72,80,0.9,0.8124348925365683,0.955829059846371,0.1433941673098027
refcocoplus,owlv2,376802,174169,1,1,79,80,0.9875,0.9323122155360776,0.9996835774723672,0.06737136193628968
refcocoplus,owlv2,16089,310911,0,0,0,0,0.0,0.0,0.0,0.0
refcocoplus,owlv2,65085,1565136,1,0,18,80,0.225,0.13913721049893182,0.33208632006125094,0.19294910956231912
refcocoplus,owlv2,476347,39457,1,0,71,80,0.8875,0.7971534080830098,0.9472484868543125,0.15009507877130268
refcocoplus,owlv2,226541,155317,1,0,80,80,1.0,0.9549359649323077,1.0,0.0450640350676923
refcocoplus,owlv2,110230,17252,1,0,58,80,0.725,0.6137565791555909,0.8189623614429612,0.2052057822873703
refcocoplus,owlv2,192337,590456,1,0,66,80,0.825,0.7238459604789864,0.9008894901605713,0.17704352968158488
refcocoplus,owlv2,89005,39939,1,0,54,80,0.675,0.5610629543955516,0.7755404148225468,0.21447746042699511
refcocoplus,owlv2,353997,1545082,1,0,80,80,1.0,0.9549359649323077,1.0,0.0450640350676923
refcocoplus,owlv2,309087,1484082,1,0,80,80,1.0,0.9549359649323077,1.0,0.0450640350676923
refcocoplus,owlv2,318183,1153336,1,1,73,80,0.9125,0.8279916615801152,0.9640936410104413,0.1361019794303261
refcocoplus,owlv2,423481,660173,1,0,80,80,1.0,0.9549359649323077,1.0,0.0450640350676923
refcocoplus,owlv2,232167,321223,1,0,74,80,0.925,0.8438720682639279,0.9719794538231588,0.12810738555923085
refcocoplus,owlv2,173882,1060707,1,0,80,80,1.0,0.9549359649323077,1.0,0.0450640350676923
refcocoplus,owlv2,381858,597262,1,0,77,80,0.9625,0.8942980149834914,0.9921988127342833,0.09790079775079197
refcocoplus,owlv2,530406,591041,1,0,30,80,0.375,0.2691931699468049,0.4903547644071125,0.2211615944603076
refcocoplus,owlv2,536960,79247,1,1,32,80,0.4,0.2920093562553105,0.5156230595045106,0.2236137032492001
refcocoplus,owlv2,576758,170968,1,1,78,80,0.975,0.9125928440694077,0.9969579138351904,0.08436506976578273
refcocoplus,owlv2,548875,584131,1,0,77,80,0.9625,0.8942980149834914,0.9921988127342833,0.09790079775079197
refcocoplus,owlv2,189957,668932,0,0,0,0,0.0,0.0,0.0,0.0
refcocoplus,owlv2,27679,1126266,1,1,80,80,1.0,0.9549359649323077,1.0,0.0450640350676923
refcocoplus,owlv2,267189,1118647,1,1,80,80,1.0,0.9549359649323077,1.0,0.0450640350676923
refcocoplus,owlv2,327881,591076,1,0,59,80,0.7375,0.6271491697875681,0.8295907488995917,0.20244157911202365
refcocoplus,owlv2,128286,1465870,0,0,0,0,0.0,0.0,0.0,0.0
refcocoplus,owlv2,223650,419367,1,0,62,80,0.775,0.6679136799387491,0.8608627895010682,0.19294910956231914
refcocoplus,owlv2,503497,2231896,1,1,37,80,0.4625,0.3502764265383982,0.5775824719951649,0.2273060454567667
refcocoplus,owlv2,46997,311799,0,0,0,0,0.0,0.0,0.0,0.0
refcocoplus,owlv2,4032,164266,1,1,78,80,0.975,0.9125928440694077,0.9969579138351904,0.08436506976578273
refcocoplus,owlv2,408390,1058739,1,0,57,80,0.7125,0.6004548866879794,0.8082395280280349,0.20778464134005548
refcocoplus,owlv2,402298,419214,1,0,69,80,0.8625,0.7672791291752744,0.9293121672961213,0.1620330381208469
refcocoplus,owlv2,173814,52112,1,0,80,80,1.0,0.9549359649323077,1.0,0.0450640350676923
refcocoplus,owlv2,55966,1842304,1,0,67,80,0.8375,0.7381631061748871,0.9105383582774708,0.17237525210258364
refcocoplus,owlv2,164855,591075,0,0,0,0,0.0,0.0,0.0,0.0
refcocoplus,owlv2,452380,1497786,1,0,14,80,0.175,0.09911050983942865,0.27615403952101353,0.17704352968158488
refcocoplus,owlv2,336688,117410,1,1,77,80,0.9625,0.8942980149834914,0.9921988127342833,0.09790079775079197
refcocoplus,owlv2,412194,1911757,1,1,35,80,0.4375,0.3267639534337789,0.5530024286118197,0.2262384751780408
refcocoplus,owlv2,196971,52189,1,0,39,80,0.4875,0.37405748144443896,0.6018953312968145,0.22783784985237554
refcocoplus,owlv2,285093,581273,1,1,59,80,0.7375,0.6271491697875681,0.8295907488995917,0.20244157911202365
refcocoplus,owlv2,140320,115080,1,1,61,80,0.7625,0.6542230288597322,0.8505462481433591,0.19632321928362695
refcocoplus,owlv2,25414,319653,1,1,79,80,0.9875,0.9323122155360776,0.9996835774723672,0.06737136193628968
refcocoplus,owlv2,576153,583088,1,0,80,80,1.0,0.9549359649323077,1.0,0.0450640350676923
refcocoplus,owlv2,111705,120013,1,0,62,80,0.775,0.6679136799387491,0.8608627895010682,0.19294910956231914
refcocoplus,owlv2,411191,1559681,1,1,80,80,1.0,0.9549359649323077,1.0,0.0450640350676923
refcocoplus,owlv2,323896,134796,1,1,68,80,0.85,0.7526358884071023,0.9200184386902862,0.16738255028318394
refcocoplus,owlv2,525459,1079321,1,1,80,80,1.0,0.9549359649323077,1.0,0.0450640350676923
refcocoplus,owlv2,426510,175108,1,1,71,80,0.8875,0.7971534080830098,0.9472484868543125,0.15009507877130268
refcocoplus,owlv2,364913,276268,1,1,70,80,0.875,0.7821108659305637,0.9383979034415657,0.15628703751100204
refcocoplus,owlv2,310158,584732,1,0,78,80,0.975,0.9125928440694077,0.9969579138351904,0.08436506976578273
refcocoplus,owlv2,444598,1575952,1,0,43,80,0.5375,0.4224175280048351,0.6497235734616016,0.22730604545676647
refcocoplus,owlv2,160503,1076205,1,1,73,80,0.9125,0.8279916615801152,0.9640936410104413,0.1361019794303261
refcocoplus,owlv2,543490,42331,1,0,70,80,0.875,0.7821108659305637,0.9383979034415657,0.15628703751100204
refcocoplus,owlv2,520456,53927,1,1,70,80,0.875,0.7821108659305637,0.9383979034415657,0.15628703751100204
refcocoplus,owlv2,14025,1084500,1,1,79,80,0.9875,0.9323122155360776,0.9996835774723672,0.06737136193628968
refcocoplus,owlv2,204800,16319,1,1,27,80,0.3375,0.23552613798365082,0.4519056143741682,0.21637947639051738
refcocoplus,owlv2,176810,1779443,1,1,34,80,0.425,0.31510976545234215,0.5406111885690619,0.22550142311671972
refcocoplus,owlv2,215289,66709,1,0,10,80,0.125,0.06160209655843424,0.2178891340694363,0.15628703751100206
refcocoplus,owlv2,284639,35379,1,0,80,80,1.0,0.9549359649323077,1.0,0.0450640350676923
refcocoplus,owlv2,9017,1081899,1,0,76,80,0.95,0.876901263556847,0.9862106060235382,0.1093093424666911
refcocoplus,owlv2,360585,57173,1,0,52,80,0.65,0.5352031145206643,0.7533280635274648,0.21812494900680057
refcocoplus,owlv2,265292,1555209,1,0,75,80,0.9375,0.860142924702361,0.9793969276979898,0.11925400299562883
refcocoplus,owlv2,99159,2096586,1,1,80,80,1.0,0.9549359649323077,1.0,0.0450640350676923
refcocoplus,owlv2,139811,368701,1,0,50,80,0.625,0.5096452355928875,0.7308068300531951,0.2211615944603076
refcocoplus,owlv2,113123,1842623,1,0,70,80,0.875,0.7821108659305637,0.9383979034415657,0.15628703751100204
refcocoplus,owlv2,253904,314096,1,0,39,80,0.4875,0.37405748144443896,0.6018953312968145,0.22783784985237554
refcocoplus,owlv2,389425,23781,1,0,40,80,0.5,0.3860478833649093,0.6139521166350907,0.22790423327018144
refcocoplus,owlv2,219248,58355,1,0,31,80,0.3875,0.28056513312478215,0.5030244574981009,0.22245932437331872
refcocoplus,owlv2,239933,152477,1,0,65,80,0.8125,0.7096721043523089,0.8910863118524706,0.18141420750016168
refcocoplus,owlv2,579299,1571106,1,0,75,80,0.9375,0.860142924702361,0.9793969276979898,0.11925400299562883
refcocoplus,owlv2,566592,70678,1,0,21,80,0.2625,0.1704092511004083,0.3728508302124319,0.20244157911202362
refcocoplus,owlv2,174896,1586864,1,0,80,80,1.0,0.9549359649323077,1.0,0.0450640350676923
refcocoplus,owlv2,392015,601380,1,0,68,80,0.85,0.7526358884071023,0.9200184386902862,0.16738255028318394
refcocoplus,owlv2,545411,2217613,1,0,60,80,0.75,0.64063652409315,0.8401203554931442,0.19948383139999426
refcocoplus,owlv2,63820,161285,1,0,60,80,0.75,0.64063652409315,0.8401203554931442,0.19948383139999426
refcocoplus,owlv2,300392,1967859,1,0,63,80,0.7875,0.6817141914403442,0.8710635049024182,0.18934931346207406
refcocoplus,owlv2,443916,1674457,1,0,80,80,1.0,0.9549359649323077,1.0,0.0450640350676923
refcocoplus,owlv2,318953,1840310,1,1,54,80,0.675,0.5610629543955516,0.7755404148225468,0.21447746042699511
refcocoplus,owlv2,200181,2117607,1,0,80,80,1.0,0.9549359649323077,1.0,0.0450640350676923
refcocoplus,owlv2,427868,40253,1,1,73,80,0.9125,0.8279916615801152,0.9640936410104413,0.1361019794303261
refcocoplus,owlv2,574299,154399,1,0,60,80,0.75,0.64063652409315,0.8401203554931442,0.19948383139999426
refcocoplus,owlv2,194193,580599,1,1,69,80,0.8625,0.7672791291752744,0.9293121672961213,0.1620330381208469
refcocoplus,owlv2,194564,1570367,1,1,3,80,0.0375,0.0078011872657166945,0.10570198501650858,0.09790079775079188
refcocoplus,owlv2,323052,172005,1,1,73,80,0.9125,0.8279916615801152,0.9640936410104413,0.1361019794303261
refcocoplus,owlv2,553176,32719,1,0,46,80,0.575,0.45938881143093807,0.6848902345476577,0.22550142311671967
refcocoplus,owlv2,229541,22508,1,1,65,80,0.8125,0.7096721043523089,0.8910863118524706,0.18141420750016168
refcocoplus,owlv2,424485,2227458,1,0,74,80,0.925,0.8438720682639279,0.9719794538231588,0.12810738555923085
refcocoplus,owlv2,20052,1412017,1,1,41,80,0.5125,0.39810466870318556,0.625942518555561,0.22783784985237548
refcocoplus,owlv2,72701,313450,1,0,71,80,0.8875,0.7971534080830098,0.9472484868543125,0.15009507877130268
refcocoplus,owlv2,83959,1078968,1,0,58,80,0.725,0.6137565791555909,0.8189623614429612,0.2052057822873703
refcocoplus,owlv2,536730,1161343,1,1,55,80,0.6875,0.5741109261435505,0.7865253688912328,0.21241444274768229
refcocoplus,owlv2,18276,310752,1,0,80,80,1.0,0.9549359649323077,1.0,0.0450640350676923
refcocoplus,owlv2,207629,1537435,1,1,65,80,0.8125,0.7096721043523089,0.8910863118524706,0.18141420750016168
refcocoplus,owlv2,37800,1076748,1,1,76,80,0.95,0.876901263556847,0.9862106060235382,0.1093093424666911
refcocoplus,owlv2,276244,28843,1,1,67,80,0.8375,0.7381631061748871,0.9105383582774708,0.17237525210258364
refcocoplus,owlv2,280873,1114893,1,0,9,80,0.1125,0.052751513145687524,0.20284659191699012,0.1500950787713026
refcocoplus,owlv2,285897,1624184,1,0,80,80,1.0,0.9549359649323077,1.0,0.0450640350676923
refcocoplus,owlv2,276845,153342,1,1,29,80,0.3625,0.2578948953716181,0.47761272126480847,0.2197178258931904
refcocoplus,owlv2,10229,399754,1,1,16,80,0.2,0.11885908640498531,0.30436886700546445,0.18550978060047912
refcocoplus,owlv2,345835,1407594,0,0,0,0,0.0,0.0,0.0,0.0
refcocoplus,owlv2,299123,57406,1,1,69,80,0.8625,0.7672791291752744,0.9293121672961213,0.1620330381208469
refcocoplus,owlv2,487510,113175,1,1,50,80,0.625,0.5096452355928875,0.7308068300531951,0.2211615944603076
refcocoplus,owlv2,581346,591091,1,1,42,80,0.525,0.4102278413767706,0.6378664183228473,0.2276385769460767
refcocoplus,owlv2,406295,1867158,1,1,69,80,0.8625,0.7672791291752744,0.9293121672961213,0.1620330381208469
refcocoplus,owlv2,578002,666957,1,1,80,80,1.0,0.9549359649323077,1.0,0.0450640350676923
refcocoplus,owlv2,219349,2099621,1,0,74,80,0.925,0.8438720682639279,0.9719794538231588,0.12810738555923085
refcocoplus,owlv2,264885,1402086,1,0,70,80,0.875,0.7821108659305637,0.9383979034415657,0.15628703751100204
refcocoplus,owlv2,105620,1905402,0,0,0,0,0.0,0.0,0.0,0.0
refcocoplus,owlv2,219943,313306,1,0,34,80,0.425,0.31510976545234215,0.5406111885690619,0.22550142311671972
refcocoplus,owlv2,270269,1385828,1,1,69,80,0.8625,0.7672791291752744,0.9293121672961213,0.1620330381208469
refcocoplus,owlv2,308222,1070835,1,0,71,80,0.8875,0.7971534080830098,0.9472484868543125,0.15009507877130268
refcocoplus,owlv2,471962,600186,1,0,80,80,1.0,0.9549359649323077,1.0,0.0450640350676923
refcocoplus,owlv2,567616,1051876,0,0,0,0,0.0,0.0,0.0,0.0
refcocoplus,owlv2,6332,1862563,1,0,23,80,0.2875,0.19176047197196505,0.3995451133120206,0.20778464134005553
refcocoplus,owlv2,310780,1402085,1,0,74,80,0.925,0.8438720682639279,0.9719794538231588,0.12810738555923085
refcocoplus,owlv2,31885,1065905,1,1,80,80,1.0,0.9549359649323077,1.0,0.0450640350676923
refcocoplus,owlv2,54806,673295,1,1,67,80,0.8375,0.7381631061748871,0.9105383582774708,0.17237525210258364
refcocoplus,owlv2,523795,598622,1,1,47,80,0.5875,0.47184834042520446,0.6964754070624058,0.2246270666372014
refcocoplus,owlv2,282930,1060954,1,0,77,80,0.9625,0.8942980149834914,0.9921988127342833,0.09790079775079197
refcocoplus,owlv2,441972,56491,1,1,74,80,0.925,0.8438720682639279,0.9719794538231588,0.12810738555923085
refcocoplus,owlv2,35529,1185133,1,0,56,80,0.7,0.5872406769186242,0.7974260708533272,0.21018539393470292
refcocoplus,owlv2,117447,1102591,1,1,80,80,1.0,0.9549359649323077,1.0,0.0450640350676923
refcocoplus,owlv2,468760,59789,1,0,61,80,0.7625,0.6542230288597322,0.8505462481433591,0.19632321928362695
refcocoplus,owlv2,500036,1060108,1,1,62,80,0.775,0.6679136799387491,0.8608627895010682,0.19294910956231914
refcocoplus,owlv2,131074,318235,1,1,80,80,1.0,0.9549359649323077,1.0,0.0450640350676923
refcocoplus,owlv2,304833,580137,0,0,0,0,0.0,0.0,0.0,0.0
refcocoplus,owlv2,321673,599557,1,1,56,80,0.7,0.5872406769186242,0.7974260708533272,0.21018539393470292
refcocoplus,owlv2,359357,1912952,1,0,32,80,0.4,0.2920093562553105,0.5156230595045106,0.2236137032492001
refcocoplus,owlv2,188184,1078975,1,1,77,80,0.9625,0.8942980149834914,0.9921988127342833,0.09790079775079197
refcocoplus,owlv2,517451,1093189,1,1,74,80,0.925,0.8438720682639279,0.9719794538231588,0.12810738555923085
refcocoplus,owlv2,272463,167161,1,1,35,80,0.4375,0.3267639534337789,0.5530024286118197,0.2262384751780408
refcocoplus,owlv2,127214,585727,1,0,52,80,0.65,0.5352031145206643,0.7533280635274648,0.21812494900680057
refcocoplus,owlv2,324401,1052188,1,0,38,80,0.475,0.3621335816771527,0.5897721586232294,0.2276385769460767
refcocoplus,owlv2,502553,316143,1,0,80,80,1.0,0.9549359649323077,1.0,0.0450640350676923
refcocoplus,owlv2,392394,1822988,1,0,72,80,0.9,0.8124348925365683,0.955829059846371,0.1433941673098027
refcocoplus,owlv2,319866,62709,1,1,63,80,0.7875,0.6817141914403442,0.8710635049024182,0.18934931346207406
refcocoplus,owlv2,494382,40361,1,1,80,80,1.0,0.9549359649323077,1.0,0.0450640350676923
refcocoplus,owlv2,24319,601162,1,0,45,80,0.5625,0.44699757138818025,0.673236046566221,0.2262384751780408
refcocoplus,owlv2,286469,1162496,1,0,32,80,0.4,0.2920093562553105,0.5156230595045106,0.2236137032492001
refcocoplus,owlv2,394975,1969587,1,0,75,80,0.9375,0.860142924702361,0.9793969276979898,0.11925400299562883
refcocoplus,owlv2,340160,12489,1,0,76,80,0.95,0.876901263556847,0.9862106060235382,0.1093093424666911
refcocoplus,owlv2,552549,1554857,1,0,80,80,1.0,0.9549359649323077,1.0,0.0450640350676923
refcocoplus,owlv2,75691,38030,1,0,42,80,0.525,0.4102278413767706,0.6378664183228473,0.2276385769460767
refcocoplus,owlv2,129771,91780,1,1,80,80,1.0,0.9549359649323077,1.0,0.0450640350676923
refcocoplus,owlv2,267604,139308,1,0,59,80,0.7375,0.6271491697875681,0.8295907488995917,0.20244157911202365
refcocoplus,owlv2,165868,114360,1,1,80,80,1.0,0.9549359649323077,1.0,0.0450640350676923
refcocoplus,owlv2,392747,1163224,1,0,80,80,1.0,0.9549359649323077,1.0,0.0450640350676923
refcocoplus,owlv2,41913,1546785,1,0,57,80,0.7125,0.6004548866879794,0.8082395280280349,0.20778464134005548
refcocoplus,owlv2,551994,1610129,1,0,42,80,0.525,0.4102278413767706,0.6378664183228473,0.2276385769460767
refcocoplus,owlv2,31374,175167,1,0,46,80,0.575,0.45938881143093807,0.6848902345476577,0.22550142311671967
refcocoplus,owlv2,527822,675723,1,1,43,80,0.5375,0.4224175280048351,0.6497235734616016,0.22730604545676647
refcocoplus,owlv2,365205,47886,1,1,66,80,0.825,0.7238459604789864,0.9008894901605713,0.17704352968158488
refcocoplus,owlv2,245946,597086,1,0,77,80,0.9625,0.8942980149834914,0.9921988127342833,0.09790079775079197
refcocoplus,owlv2,536902,1085309,0,0,0,0,0.0,0.0,0.0,0.0
refcocoplus,owlv2,392145,290410,1,1,68,80,0.85,0.7526358884071023,0.9200184386902862,0.16738255028318394
refcocoplus,owlv2,297011,127357,1,1,78,80,0.975,0.9125928440694077,0.9969579138351904,0.08436506976578273
refcocoplus,owlv2,200971,332867,1,0,72,80,0.9,0.8124348925365683,0.955829059846371,0.1433941673098027
refcocoplus,owlv2,171120,1171640,1,0,16,80,0.2,0.11885908640498531,0.30436886700546445,0.18550978060047912
refcocoplus,owlv2,512658,2110281,1,0,57,80,0.7125,0.6004548866879794,0.8082395280280349,0.20778464134005548
refcocoplus,owlv2,148044,26283,1,0,31,80,0.3875,0.28056513312478215,0.5030244574981009,0.22245932437331872
refcocoplus,owlv2,138772,2195989,1,0,43,80,0.5375,0.4224175280048351,0.6497235734616016,0.22730604545676647
refcocoplus,owlv2,369016,583279,1,0,16,80,0.2,0.11885908640498531,0.30436886700546445,0.18550978060047912
refcocoplus,owlv2,569234,1071601,1,1,55,80,0.6875,0.5741109261435505,0.7865253688912328,0.21241444274768229
refcocoplus,owlv2,266207,66436,1,0,80,80,1.0,0.9549359649323077,1.0,0.0450640350676923
refcocoplus,owlv2,260029,1140815,1,0,37,80,0.4625,0.3502764265383982,0.5775824719951649,0.2273060454567667
refcocoplus,owlv2,125690,51172,1,0,66,80,0.825,0.7238459604789864,0.9008894901605713,0.17704352968158488
refcocoplus,owlv2,439509,366106,1,0,69,80,0.8625,0.7672791291752744,0.9293121672961213,0.1620330381208469
refcocoplus,owlv2,131595,341029,1,0,34,80,0.425,0.31510976545234215,0.5406111885690619,0.22550142311671972
refcocoplus,owlv2,436362,179543,1,0,78,80,0.975,0.9125928440694077,0.9969579138351904,0.08436506976578273
refcocoplus,owlv2,403730,1410211,1,1,62,80,0.775,0.6679136799387491,0.8608627895010682,0.19294910956231914
refcocoplus,owlv2,221674,64139,1,0,30,80,0.375,0.2691931699468049,0.4903547644071125,0.2211615944603076
refcocoplus,owlv2,417844,588628,1,1,36,80,0.45,0.33848638448981544,0.565326020905847,0.2268396364160316
refcocoplus,owlv2,50105,1578001,1,0,11,80,0.1375,0.07068783270387868,0.2327208708247256,0.1620330381208469
refcocoplus,owlv2,116603,1052136,1,1,68,80,0.85,0.7526358884071023,0.9200184386902862,0.16738255028318394
refcocoplus,owlv2,382620,116918,1,0,51,80,0.6375,0.5223872787351916,0.7421051046283819,0.21971782589319022
refcocoplus,owlv2,275932,40745,1,0,47,80,0.5875,0.47184834042520446,0.6964754070624058,0.2246270666372014
refcocoplus,owlv2,432615,601566,1,0,51,80,0.6375,0.5223872787351916,0.7421051046283819,0.21971782589319022
refcocoplus,owlv2,459747,39140,1,0,52,80,0.65,0.5352031145206643,0.7533280635274648,0.21812494900680057
refcocoplus,owlv2,367164,595218,1,0,66,80,0.825,0.7238459604789864,0.9008894901605713,0.17704352968158488
refcocoplus,owlv2,212450,1925038,1,0,62,80,0.775,0.6679136799387491,0.8608627895010682,0.19294910956231914
refcocoplus,owlv2,353284,586064,1,0,14,80,0.175,0.09911050983942865,0.27615403952101353,0.17704352968158488
refcocoplus,owlv2,308210,1184087,1,1,80,80,1.0,0.9549359649323077,1.0,0.0450640350676923
refcocoplus,owlv2,393325,369894,1,0,78,80,0.975,0.9125928440694077,0.9969579138351904,0.08436506976578273
refcocoplus,owlv2,473352,1793269,1,1,80,80,1.0,0.9549359649323077,1.0,0.0450640350676923
refcocoplus,owlv2,243373,1918147,1,0,48,80,0.6,0.4843769404954894,0.7079906437446896,0.22361370324920016
refcocoplus,owlv2,315521,1049766,1,0,21,80,0.2625,0.1704092511004083,0.3728508302124319,0.20244157911202362
refcocoplus,owlv2,213005,61846,1,0,22,80,0.275,0.18103763855703875,0.38624342084440927,0.20520578228737052
refcocoplus,owlv2,105660,598281,1,1,80,80,1.0,0.9549359649323077,1.0,0.0450640350676923
refcocoplus,owlv2,579057,1050727,1,0,60,80,0.75,0.64063652409315,0.8401203554931442,0.19948383139999426
refcocoplus,owlv2,74549,309956,1,0,80,80,1.0,0.9549359649323077,1.0,0.0450640350676923
refcocoplus,owlv2,354608,1143973,1,0,71,80,0.8875,0.7971534080830098,0.9472484868543125,0.15009507877130268
refcocoplus,owlv2,376945,76073,1,0,78,80,0.975,0.9125928440694077,0.9969579138351904,0.08436506976578273
refcocoplus,owlv2,520272,2175072,1,0,7,80,0.0875,0.035906358989558754,0.17200833841988486,0.1361019794303261
refcocoplus,owlv2,223270,321275,1,1,80,80,1.0,0.9549359649323077,1.0,0.0450640350676923
refcocoplus,owlv2,216579,401265,1,0,25,80,0.3125,0.21347463110876716,0.4258890738564495,0.2124144427476823
refcocoplus,owlv2,535399,1491433,1,0,80,80,1.0,0.9549359649323077,1.0,0.0450640350676923
refcocoplus,owlv2,246342,1092233,1,0,56,80,0.7,0.5872406769186242,0.7974260708533272,0.21018539393470292
refcocoplus,owlv2,410992,332289,1,1,61,80,0.7625,0.6542230288597322,0.8505462481433591,0.19632321928362695
refcocoplus,owlv2,526695,1183179,1,1,77,80,0.9625,0.8942980149834914,0.9921988127342833,0.09790079775079197
refcocoplus,owlv2,237515,1937131,1,0,77,80,0.9625,0.8942980149834914,0.9921988127342833,0.09790079775079197
refcocoplus,owlv2,68866,1444754,1,0,39,80,0.4875,0.37405748144443896,0.6018953312968145,0.22783784985237554
refcocoplus,owlv2,81799,172382,1,0,60,80,0.75,0.64063652409315,0.8401203554931442,0.19948383139999426
refcocoplus,owlv2,136232,312770,1,0,16,80,0.2,0.11885908640498531,0.30436886700546445,0.18550978060047912
refcocoplus,owlv2,482472,143458,1,1,72,80,0.9,0.8124348925365683,0.955829059846371,0.1433941673098027
refcocoplus,owlv2,52248,1544415,1,0,40,80,0.5,0.3860478833649093,0.6139521166350907,0.22790423327018144
refcocoplus,owlv2,248957,374134,1,0,74,80,0.925,0.8438720682639279,0.9719794538231588,0.12810738555923085
refcocoplus,owlv2,566992,331333,1,1,34,80,0.425,0.31510976545234215,0.5406111885690619,0.22550142311671972
refcocoplus,owlv2,390286,1675820,1,0,68,80,0.85,0.7526358884071023,0.9200184386902862,0.16738255028318394
refcocoplus,owlv2,482775,2107800,1,0,67,80,0.8375,0.7381631061748871,0.9105383582774708,0.17237525210258364
refcocoplus,owlv2,272773,587505,1,1,24,80,0.3,0.20257392914667274,0.412759323081376,0.21018539393470323
refcocoplus,owlv2,439692,595738,1,0,78,80,0.975,0.9125928440694077,0.9969579138351904,0.08436506976578273
refcocoplus,owlv2,422969,102897,1,1,80,80,1.0,0.9549359649323077,1.0,0.0450640350676923
refcocoplus,owlv2,176386,1570533,1,0,30,80,0.375,0.2691931699468049,0.4903547644071125,0.2211615944603076
refcocoplus,owlv2,454258,1051499,1,0,41,80,0.5125,0.39810466870318556,0.625942518555561,0.22783784985237548
refcocoplus,owlv2,475142,1574409,1,0,37,80,0.4625,0.3502764265383982,0.5775824719951649,0.2273060454567667
refcocoplus,owlv2,239870,1363687,1,0,73,80,0.9125,0.8279916615801152,0.9640936410104413,0.1361019794303261
refcocoplus,owlv2,290938,1670356,1,0,80,80,1.0,0.9549359649323077,1.0,0.0450640350676923
refcocoplus,owlv2,388807,1161102,1,0,66,80,0.825,0.7238459604789864,0.9008894901605713,0.17704352968158488
refcocoplus,owlv2,166653,2081466,1,1,71,80,0.8875,0.7971534080830098,0.9472484868543125,0.15009507877130268
refcocoplus,owlv2,523831,65848,0,0,0,0,0.0,0.0,0.0,0.0
refcocoplus,owlv2,327198,1116837,1,0,26,80,0.325,0.22445958517745324,0.4389370456044483,0.21447746042699506
refcocoplus,owlv2,329343,1589371,1,0,27,80,0.3375,0.23552613798365082,0.4519056143741682,0.21637947639051738
refcocoplus,owlv2,352814,1038341,1,0,60,80,0.75,0.64063652409315,0.8401203554931442,0.19948383139999426
refcocoplus,owlv2,327132,1075274,1,0,41,80,0.5125,0.39810466870318556,0.625942518555561,0.22783784985237548
refcocoplus,owlv2,298353,1566540,1,0,52,80,0.65,0.5352031145206643,0.7533280635274648,0.21812494900680057
refcocoplus,owlv2,313518,594664,1,0,79,80,0.9875,0.9323122155360776,0.9996835774723672,0.06737136193628968
refcocoplus,owlv2,31411,595933,1,1,57,80,0.7125,0.6004548866879794,0.8082395280280349,0.20778464134005548
refcocoplus,owlv2,215493,59286,1,1,72,80,0.9,0.8124348925365683,0.955829059846371,0.1433941673098027
refcocoplus,owlv2,370741,39999,1,1,78,80,0.975,0.9125928440694077,0.9969579138351904,0.08436506976578273
refcocoplus,owlv2,426979,149890,1,0,41,80,0.5125,0.39810466870318556,0.625942518555561,0.22783784985237548
refcocoplus,owlv2,471315,583547,1,1,54,80,0.675,0.5610629543955516,0.7755404148225468,0.21447746042699511
refcocoplus,owlv2,87235,1544713,1,0,66,80,0.825,0.7238459604789864,0.9008894901605713,0.17704352968158488
refcocoplus,owlv2,122560,583586,1,0,78,80,0.975,0.9125928440694077,0.9969579138351904,0.08436506976578273
refcocoplus,owlv2,28870,2171384,1,0,35,80,0.4375,0.3267639534337789,0.5530024286118197,0.2262384751780408
refcocoplus,owlv2,50736,589319,1,1,46,80,0.575,0.45938881143093807,0.6848902345476577,0.22550142311671967
refcocoplus,owlv2,457085,49882,1,1,80,80,1.0,0.9549359649323077,1.0,0.0450640350676923
refcocoplus,owlv2,426525,278001,1,1,61,80,0.7625,0.6542230288597322,0.8505462481433591,0.19632321928362695
refcocoplus,owlv2,362247,597085,1,0,30,80,0.375,0.2691931699468049,0.4903547644071125,0.2211615944603076
refcocoplus,owlv2,80835,36645,1,1,74,80,0.925,0.8438720682639279,0.9719794538231588,0.12810738555923085
refcocoplus,owlv2,515590,173620,1,0,17,80,0.2125,0.1289364950975817,0.3182858085596558,0.18934931346207412
refcocoplus,owlv2,132165,14089,1,1,18,80,0.225,0.13913721049893182,0.33208632006125094,0.19294910956231912
refcocoplus,owlv2,422705,1043427,1,0,79,80,0.9875,0.9323122155360776,0.9996835774723672,0.06737136193628968
refcocoplus,owlv2,224753,395327,1,0,74,80,0.925,0.8438720682639279,0.9719794538231588,0.12810738555923085
refcocoplus,owlv2,52299,396138,1,0,71,80,0.8875,0.7971534080830098,0.9472484868543125,0.15009507877130268
refcocoplus,owlv2,335304,1950236,1,0,63,80,0.7875,0.6817141914403442,0.8710635049024182,0.18934931346207406
refcocoplus,owlv2,106397,418586,1,0,80,80,1.0,0.9549359649323077,1.0,0.0450640350676923
refcocoplus,owlv2,403535,582269,1,0,74,80,0.925,0.8438720682639279,0.9719794538231588,0.12810738555923085
refcocoplus,owlv2,444166,73888,1,0,72,80,0.9,0.8124348925365683,0.955829059846371,0.1433941673098027
refcocoplus,owlv2,169529,1549213,1,0,80,80,1.0,0.9549359649323077,1.0,0.0450640350676923
refcocoplus,owlv2,73591,599729,1,0,80,80,1.0,0.9549359649323077,1.0,0.0450640350676923
refcocoplus,owlv2,109908,1361643,1,0,45,80,0.5625,0.44699757138818025,0.673236046566221,0.2262384751780408
refcocoplus,owlv2,16870,1154077,1,1,80,80,1.0,0.9549359649323077,1.0,0.0450640350676923
refcocoplus,owlv2,13763,583857,1,1,80,80,1.0,0.9549359649323077,1.0,0.0450640350676923
refcocoplus,owlv2,140108,114565,1,0,74,80,0.925,0.8438720682639279,0.9719794538231588,0.12810738555923085
refcocoplus,owlv2,93171,64321,1,1,73,80,0.9125,0.8279916615801152,0.9640936410104413,0.1361019794303261
refcocoplus,owlv2,268897,598313,1,1,70,80,0.875,0.7821108659305637,0.9383979034415657,0.15628703751100204
refcocoplus,owlv2,59231,418565,1,0,71,80,0.8875,0.7971534080830098,0.9472484868543125,0.15009507877130268
refcocoplus,owlv2,337628,1080169,1,0,63,80,0.7875,0.6817141914403442,0.8710635049024182,0.18934931346207406
refcocoplus,owlv2,223790,1513592,1,1,64,80,0.8,0.6956311329945355,0.8811409135950147,0.18550978060047918
refcocoplus,owlv2,123180,597759,1,1,80,80,1.0,0.9549359649323077,1.0,0.0450640350676923
refcocoplus,owlv2,125785,1795687,1,0,60,80,0.75,0.64063652409315,0.8401203554931442,0.19948383139999426
refcocoplus,owlv2,101697,103882,1,1,69,80,0.8625,0.7672791291752744,0.9293121672961213,0.1620330381208469
refcocoplus,owlv2,267794,51661,1,0,47,80,0.5875,0.47184834042520446,0.6964754070624058,0.2246270666372014
refcocoplus,owlv2,240586,398117,1,0,64,80,0.8,0.6956311329945355,0.8811409135950147,0.18550978060047918
refcocoplus,owlv2,467774,274359,1,0,56,80,0.7,0.5872406769186242,0.7974260708533272,0.21018539393470292
refcocoplus,owlv2,499538,1140193,1,1,80,80,1.0,0.9549359649323077,1.0,0.0450640350676923
refcocoplus,owlv2,551472,246741,1,0,56,80,0.7,0.5872406769186242,0.7974260708533272,0.21018539393470292
refcocoplus,owlv2,524520,353258,1,1,79,80,0.9875,0.9323122155360776,0.9996835774723672,0.06737136193628968
refcocoplus,owlv2,289140,1533165,1,0,46,80,0.575,0.45938881143093807,0.6848902345476577,0.22550142311671967
refcocoplus,owlv2,298360,369942,1,0,68,80,0.85,0.7526358884071023,0.9200184386902862,0.16738255028318394
refcocoplus,owlv2,278457,1043053,1,1,78,80,0.975,0.9125928440694077,0.9969579138351904,0.08436506976578273
refcocoplus,owlv2,515252,267967,1,0,64,80,0.8,0.6956311329945355,0.8811409135950147,0.18550978060047918
refcocoplus,owlv2,144018,1803962,1,0,80,80,1.0,0.9549359649323077,1.0,0.0450640350676923
refcocoplus,owlv2,163559,1055210,1,1,56,80,0.7,0.5872406769186242,0.7974260708533272,0.21018539393470292
refcocoplus,owlv2,134474,587031,1,0,77,80,0.9625,0.8942980149834914,0.9921988127342833,0.09790079775079197
refcocoplus,owlv2,578294,1155078,1,0,35,80,0.4375,0.3267639534337789,0.5530024286118197,0.2262384751780408
refcocoplus,owlv2,387202,1068397,1,0,65,80,0.8125,0.7096721043523089,0.8910863118524706,0.18141420750016168
refcocoplus,owlv2,134755,1902997,1,0,51,80,0.6375,0.5223872787351916,0.7421051046283819,0.21971782589319022
refcocoplus,owlv2,348616,1154662,1,0,36,80,0.45,0.33848638448981544,0.565326020905847,0.2268396364160316
refcocoplus,owlv2,74942,1535819,1,0,80,80,1.0,0.9549359649323077,1.0,0.0450640350676923
refcocoplus,owlv2,296009,1155903,1,0,79,80,0.9875,0.9323122155360776,0.9996835774723672,0.06737136193628968
refcocoplus,owlv2,521514,124198,1,0,75,80,0.9375,0.860142924702361,0.9793969276979898,0.11925400299562883
refcocoplus,owlv2,294823,418847,1,0,61,80,0.7625,0.6542230288597322,0.8505462481433591,0.19632321928362695
refcocoplus,owlv2,191327,246653,1,1,72,80,0.9,0.8124348925365683,0.955829059846371,0.1433941673098027
refcocoplus,owlv2,401269,1076052,1,0,79,80,0.9875,0.9323122155360776,0.9996835774723672,0.06737136193628968
refcocoplus,owlv2,110252,1041544,1,0,55,80,0.6875,0.5741109261435505,0.7865253688912328,0.21241444274768229
refcocoplus,owlv2,567396,2191497,1,1,58,80,0.725,0.6137565791555909,0.8189623614429612,0.2052057822873703
refcocoplus,owlv2,128434,104569,1,0,40,80,0.5,0.3860478833649093,0.6139521166350907,0.22790423327018144
refcocoplus,owlv2,321969,116252,1,0,77,80,0.9625,0.8942980149834914,0.9921988127342833,0.09790079775079197
refcocoplus,owlv2,171086,1572464,1,0,15,80,0.1875,0.10891368814752944,0.2903278956476912,0.18141420750016174
refcocoplus,owlv2,84259,1538552,1,1,80,80,1.0,0.9549359649323077,1.0,0.0450640350676923
refcocoplus,owlv2,390365,2144937,1,1,48,80,0.6,0.4843769404954894,0.7079906437446896,0.22361370324920016
refcocoplus,owlv2,398924,1553028,1,1,66,80,0.825,0.7238459604789864,0.9008894901605713,0.17704352968158488
refcocoplus,owlv2,24762,16996,1,1,79,80,0.9875,0.9323122155360776,0.9996835774723672,0.06737136193628968
refcocoplus,owlv2,335752,312772,1,1,71,80,0.8875,0.7971534080830098,0.9472484868543125,0.15009507877130268
refcocoplus,owlv2,122436,309661,1,0,80,80,1.0,0.9549359649323077,1.0,0.0450640350676923
refcocoplus,owlv2,424068,98252,1,1,70,80,0.875,0.7821108659305637,0.9383979034415657,0.15628703751100204
refcocoplus,owlv2,125298,1187761,1,0,69,80,0.8625,0.7672791291752744,0.9293121672961213,0.1620330381208469
refcocoplus,owlv2,396784,1186564,1,1,36,80,0.45,0.33848638448981544,0.565326020905847,0.2268396364160316
refcocoplus,owlv2,412167,581061,1,1,76,80,0.95,0.876901263556847,0.9862106060235382,0.1093093424666911
refcocoplus,owlv2,244839,10298,1,1,77,80,0.9625,0.8942980149834914,0.9921988127342833,0.09790079775079197
refcocoplus,owlv2,92480,48704,1,1,79,80,0.9875,0.9323122155360776,0.9996835774723672,0.06737136193628968
refcocoplus,owlv2,291039,34810,1,1,24,80,0.3,0.20257392914667274,0.412759323081376,0.21018539393470323
refcocoplus,owlv2,515512,1088956,1,0,75,80,0.9375,0.860142924702361,0.9793969276979898,0.11925400299562883
refcocoplus,owlv2,397423,2224645,1,0,80,80,1.0,0.9549359649323077,1.0,0.0450640350676923
refcocoplus,owlv2,372669,7250,1,0,64,80,0.8,0.6956311329945355,0.8811409135950147,0.18550978060047918
refcocoplus,owlv2,174554,1943213,1,0,73,80,0.9125,0.8279916615801152,0.9640936410104413,0.1361019794303261
refcocoplus,owlv2,392869,166601,1,1,64,80,0.8,0.6956311329945355,0.8811409135950147,0.18550978060047918
refcocoplus,owlv2,114132,319111,1,1,80,80,1.0,0.9549359649323077,1.0,0.0450640350676923
refcocoplus,owlv2,457660,1104043,1,0,30,80,0.375,0.2691931699468049,0.4903547644071125,0.2211615944603076
refcocoplus,owlv2,471905,1062581,1,1,78,80,0.975,0.9125928440694077,0.9969579138351904,0.08436506976578273
refcocoplus,owlv2,376750,149636,1,0,53,80,0.6625,0.5480943856258318,0.7644738620163491,0.21637947639051736
refcocoplus,owlv2,230515,583138,1,0,79,80,0.9875,0.9323122155360776,0.9996835774723672,0.06737136193628968
refcocoplus,owlv2,40433,583334,1,1,66,80,0.825,0.7238459604789864,0.9008894901605713,0.17704352968158488
refcocoplus,owlv2,26800,1675369,1,0,20,80,0.25,0.1598796445068557,0.35936347590685,0.19948383139999432
refcocoplus,owlv2,324682,414286,1,1,80,80,1.0,0.9549359649323077,1.0,0.0450640350676923
refcocoplus,owlv2,152079,1161827,1,0,77,80,0.9625,0.8942980149834914,0.9921988127342833,0.09790079775079197
refcocoplus,owlv2,558817,1929294,0,0,0,0,0.0,0.0,0.0,0.0
refcocoplus,owlv2,312154,598784,1,0,47,80,0.5875,0.47184834042520446,0.6964754070624058,0.2246270666372014
refcocoplus,yoloworld,456389,494854,1,0,72,80,0.9,0.8124348925365683,0.955829059846371,0.1433941673098027
refcocoplus,yoloworld,285220,457770,0,0,0,0,0.0,0.0,0.0,0.0
refcocoplus,yoloworld,576188,425901,0,0,0,0,0.0,0.0,0.0,0.0
refcocoplus,yoloworld,76590,1759890,1,1,57,80,0.7125,0.6004548866879794,0.8082395280280349,0.20778464134005548
refcocoplus,yoloworld,425325,2154546,1,0,18,80,0.225,0.13913721049893182,0.33208632006125094,0.19294910956231912
refcocoplus,yoloworld,248830,480067,0,0,0,0,0.0,0.0,0.0,0.0
refcocoplus,yoloworld,492096,1259440,1,0,69,80,0.8625,0.7672791291752744,0.9293121672961213,0.1620330381208469
refcocoplus,yoloworld,571563,474473,1,0,75,80,0.9375,0.860142924702361,0.9793969276979898,0.11925400299562883
refcocoplus,yoloworld,485954,55004,1,1,79,80,0.9875,0.9323122155360776,0.9996835774723672,0.06737136193628968
refcocoplus,yoloworld,410107,446571,1,1,78,80,0.975,0.9125928440694077,0.9969579138351904,0.08436506976578273
refcocoplus,yoloworld,89882,525768,1,0,80,80,1.0,0.9549359649323077,1.0,0.0450640350676923
refcocoplus,yoloworld,192524,198314,1,0,62,80,0.775,0.6679136799387491,0.8608627895010682,0.19294910956231914
refcocoplus,yoloworld,173631,1212812,1,1,37,80,0.4625,0.3502764265383982,0.5775824719951649,0.2273060454567667
refcocoplus,yoloworld,179753,1216219,1,0,47,80,0.5875,0.47184834042520446,0.6964754070624058,0.2246270666372014
refcocoplus,yoloworld,512941,429031,0,0,0,0,0.0,0.0,0.0,0.0
refcocoplus,yoloworld,26583,450055,0,0,0,0,0.0,0.0,0.0,0.0
refcocoplus,yoloworld,408266,1959062,1,1,36,80,0.45,0.33848638448981544,0.565326020905847,0.2268396364160316
refcocoplus,yoloworld,92974,2203893,1,0,46,80,0.575,0.45938881143093807,0.6848902345476577,0.22550142311671967
refcocoplus,yoloworld,63683,470988,0,0,0,0,0.0,0.0,0.0,0.0
refcocoplus,yoloworld,414961,457496,1,1,70,80,0.875,0.7821108659305637,0.9383979034415657,0.15628703751100204
refcocoplus,yoloworld,215003,499094,1,0,17,80,0.2125,0.1289364950975817,0.3182858085596558,0.18934931346207412
refcocoplus,yoloworld,435453,478153,1,1,66,80,0.825,0.7238459604789864,0.9008894901605713,0.17704352968158488
refcocoplus,yoloworld,68797,1267104,0,0,0,0,0.0,0.0,0.0,0.0
refcocoplus,yoloworld,494733,1725533,1,0,31,80,0.3875,0.28056513312478215,0.5030244574981009,0.22245932437331872
refcocoplus,yoloworld,111754,490486,1,1,17,80,0.2125,0.1289364950975817,0.3182858085596558,0.18934931346207412
refcocoplus,yoloworld,132529,185712,0,0,0,0,0.0,0.0,0.0,0.0
refcocoplus,yoloworld,217925,506560,0,0,0,0,0.0,0.0,0.0,0.0
refcocoplus,yoloworld,571661,556260,1,1,76,80,0.95,0.876901263556847,0.9862106060235382,0.1093093424666911
refcocoplus,yoloworld,487502,520316,0,0,0,0,0.0,0.0,0.0,0.0
refcocoplus,yoloworld,34223,537445,1,0,61,80,0.7625,0.6542230288597322,0.8505462481433591,0.19632321928362695
refcocoplus,yoloworld,344399,445249,0,0,0,0,0.0,0.0,0.0,0.0
refcocoplus,yoloworld,231047,462806,0,0,0,0,0.0,0.0,0.0,0.0
refcocoplus,yoloworld,461530,1684475,1,0,20,80,0.25,0.1598796445068557,0.35936347590685,0.19948383139999432
refcocoplus,yoloworld,78425,1697173,1,1,77,80,0.9625,0.8942980149834914,0.9921988127342833,0.09790079775079197
refcocoplus,yoloworld,469024,497575,1,0,65,80,0.8125,0.7096721043523089,0.8910863118524706,0.18141420750016168
refcocoplus,yoloworld,285395,183336,1,0,43,80,0.5375,0.4224175280048351,0.6497235734616016,0.22730604545676647
refcocoplus,yoloworld,395271,471478,0,0,0,0,0.0,0.0,0.0,0.0
refcocoplus,yoloworld,44901,421659,0,0,0,0,0.0,0.0,0.0,0.0
refcocoplus,yoloworld,42804,1265839,0,0,0,0,0.0,0.0,0.0,0.0
refcocoplus,yoloworld,17945,1752448,1,1,71,80,0.8875,0.7971534080830098,0.9472484868543125,0.15009507877130268
refcocoplus,yoloworld,431704,509043,1,0,80,80,1.0,0.9549359649323077,1.0,0.0450640350676923
refcocoplus,yoloworld,563364,1331492,1,1,43,80,0.5375,0.4224175280048351,0.6497235734616016,0.22730604545676647
refcocoplus,yoloworld,203036,477590,1,0,50,80,0.625,0.5096452355928875,0.7308068300531951,0.2211615944603076
refcocoplus,yoloworld,37286,1239915,1,1,42,80,0.525,0.4102278413767706,0.6378664183228473,0.2276385769460767
refcocoplus,yoloworld,141101,1223252,0,0,0,0,0.0,0.0,0.0,0.0
refcocoplus,yoloworld,333461,620612,0,0,0,0,0.0,0.0,0.0,0.0
refcocoplus,yoloworld,100667,460001,1,0,51,80,0.6375,0.5223872787351916,0.7421051046283819,0.21971782589319022
refcocoplus,yoloworld,145351,426906,1,0,29,80,0.3625,0.2578948953716181,0.47761272126480847,0.2197178258931904
refcocoplus,yoloworld,536145,1256733,1,0,52,80,0.65,0.5352031145206643,0.7533280635274648,0.21812494900680057
refcocoplus,yoloworld,529016,190477,1,1,48,80,0.6,0.4843769404954894,0.7079906437446896,0.22361370324920016
refcocoplus,yoloworld,17938,468257,1,0,53,80,0.6625,0.5480943856258318,0.7644738620163491,0.21637947639051736
refcocoplus,yoloworld,308470,1280600,1,0,49,80,0.6125,0.4969755425018991,0.7194348668752178,0.22245932437331872
refcocoplus,yoloworld,190087,1297272,1,0,7,80,0.0875,0.035906358989558754,0.17200833841988486,0.1361019794303261
refcocoplus,yoloworld,409616,475018,1,0,50,80,0.625,0.5096452355928875,0.7308068300531951,0.2211615944603076
refcocoplus,yoloworld,322634,471138,1,1,47,80,0.5875,0.47184834042520446,0.6964754070624058,0.2246270666372014
refcocoplus,yoloworld,77377,1612050,1,1,80,80,1.0,0.9549359649323077,1.0,0.0450640350676923
refcocoplus,yoloworld,165606,2156760,1,0,50,80,0.625,0.5096452355928875,0.7308068300531951,0.2211615944603076
refcocoplus,yoloworld,56676,1264566,1,0,37,80,0.4625,0.3502764265383982,0.5775824719951649,0.2273060454567667
refcocoplus,yoloworld,154888,474332,0,0,0,0,0.0,0.0,0.0,0.0
refcocoplus,yoloworld,319712,226868,1,0,52,80,0.65,0.5352031145206643,0.7533280635274648,0.21812494900680057
refcocoplus,yoloworld,73174,1678300,1,0,47,80,0.5875,0.47184834042520446,0.6964754070624058,0.2246270666372014
refcocoplus,yoloworld,359308,1751511,0,0,0,0,0.0,0.0,0.0,0.0
refcocoplus,yoloworld,315168,470034,1,1,78,80,0.975,0.9125928440694077,0.9969579138351904,0.08436506976578273
refcocoplus,yoloworld,60182,492541,1,0,77,80,0.9625,0.8942980149834914,0.9921988127342833,0.09790079775079197
refcocoplus,yoloworld,223871,474354,1,0,80,80,1.0,0.9549359649323077,1.0,0.0450640350676923
refcocoplus,yoloworld,332547,568922,0,0,0,0,0.0,0.0,0.0,0.0
refcocoplus,yoloworld,205313,1737321,1,1,41,80,0.5125,0.39810466870318556,0.625942518555561,0.22783784985237548
refcocoplus,yoloworld,331616,2162783,0,0,0,0,0.0,0.0,0.0,0.0
refcocoplus,yoloworld,95455,1208825,1,0,21,80,0.2625,0.1704092511004083,0.3728508302124319,0.20244157911202362
refcocoplus,yoloworld,374553,500888,1,0,80,80,1.0,0.9549359649323077,1.0,0.0450640350676923
refcocoplus,yoloworld,175118,466963,1,0,10,80,0.125,0.06160209655843424,0.2178891340694363,0.15628703751100206
refcocoplus,yoloworld,346250,518130,1,1,48,80,0.6,0.4843769404954894,0.7079906437446896,0.22361370324920016
refcocoplus,yoloworld,188585,462346,1,1,39,80,0.4875,0.37405748144443896,0.6018953312968145,0.22783784985237554
refcocoplus,yoloworld,436515,1746819,0,0,0,0,0.0,0.0,0.0,0.0
refcocoplus,yoloworld,357010,1270393,1,1,77,80,0.9625,0.8942980149834914,0.9921988127342833,0.09790079775079197
refcocoplus,yoloworld,463474,465941,0,0,0,0,0.0,0.0,0.0,0.0
refcocoplus,yoloworld,288039,470088,0,0,0,0,0.0,0.0,0.0,0.0
refcocoplus,yoloworld,219535,459208,0,0,0,0,0.0,0.0,0.0,0.0
refcocoplus,yoloworld,194677,495168,0,0,0,0,0.0,0.0,0.0,0.0
refcocoplus,yoloworld,340897,1287561,1,0,17,80,0.2125,0.1289364950975817,0.3182858085596558,0.18934931346207412
refcocoplus,yoloworld,534292,565491,1,0,44,80,0.55,0.43467397909415284,0.6615136155101845,0.22683963641603166
refcocoplus,yoloworld,327063,544365,0,0,0,0,0.0,0.0,0.0,0.0
refcocoplus,yoloworld,9846,461033,0,0,0,0,0.0,0.0,0.0,0.0
refcocoplus,yoloworld,152309,1724621,1,0,38,80,0.475,0.3621335816771527,0.5897721586232294,0.2276385769460767
refcocoplus,yoloworld,564349,444940,0,0,0,0,0.0,0.0,0.0,0.0
refcocoplus,yoloworld,54402,2157832,0,0,0,0,0.0,0.0,0.0,0.0
refcocoplus,yoloworld,351807,209697,1,1,80,80,1.0,0.9549359649323077,1.0,0.0450640350676923
refcocoplus,yoloworld,339597,1745539,1,1,71,80,0.8875,0.7971534080830098,0.9472484868543125,0.15009507877130268
refcocoplus,yoloworld,560155,501662,1,1,80,80,1.0,0.9549359649323077,1.0,0.0450640350676923
refcocoplus,yoloworld,177821,530639,0,0,0,0,0.0,0.0,0.0,0.0
refcocoplus,yoloworld,375331,199993,1,1,80,80,1.0,0.9549359649323077,1.0,0.0450640350676923
refcocoplus,yoloworld,535289,1733627,0,0,0,0,0.0,0.0,0.0,0.0
refcocoplus,yoloworld,445405,484755,1,1,71,80,0.8875,0.7971534080830098,0.9472484868543125,0.15009507877130268
refcocoplus,yoloworld,515702,1690898,0,0,0,0,0.0,0.0,0.0,0.0
refcocoplus,yoloworld,369801,280490,1,1,48,80,0.6,0.4843769404954894,0.7079906437446896,0.22361370324920016
refcocoplus,yoloworld,453930,1223382,1,0,32,80,0.4,0.2920093562553105,0.5156230595045106,0.2236137032492001
refcocoplus,yoloworld,490801,449795,0,0,0,0,0.0,0.0,0.0,0.0
refcocoplus,yoloworld,261990,489792,1,0,67,80,0.8375,0.7381631061748871,0.9105383582774708,0.17237525210258364
refcocoplus,yoloworld,354738,512798,1,0,46,80,0.575,0.45938881143093807,0.6848902345476577,0.22550142311671967
refcocoplus,yoloworld,481667,2153347,0,0,0,0,0.0,0.0,0.0,0.0
refcocoplus,yoloworld,22102,1742822,0,0,0,0,0.0,0.0,0.0,0.0
refcocoplus,yoloworld,400343,187380,1,0,80,80,1.0,0.9549359649323077,1.0,0.0450640350676923
refcocoplus,yoloworld,135242,223440,1,1,47,80,0.5875,0.47184834042520446,0.6964754070624058,0.2246270666372014
refcocoplus,yoloworld,354771,435113,0,0,0,0,0.0,0.0,0.0,0.0
refcocoplus,yoloworld,266240,524389,1,0,80,80,1.0,0.9549359649323077,1.0,0.0450640350676923
refcocoplus,yoloworld,141702,487242,1,0,80,80,1.0,0.9549359649323077,1.0,0.0450640350676923
refcocoplus,yoloworld,399442,469634,0,0,0,0,0.0,0.0,0.0,0.0
refcocoplus,yoloworld,114801,462020,0,0,0,0,0.0,0.0,0.0,0.0
refcocoplus,yoloworld,336078,1241982,1,1,39,80,0.4875,0.37405748144443896,0.6018953312968145,0.22783784985237554
refcocoplus,yoloworld,839,482127,1,0,18,80,0.225,0.13913721049893182,0.33208632006125094,0.19294910956231912
refcocoplus,yoloworld,496942,237015,1,0,80,80,1.0,0.9549359649323077,1.0,0.0450640350676923
refcocoplus,yoloworld,202567,471546,1,1,17,80,0.2125,0.1289364950975817,0.3182858085596558,0.18934931346207412
refcocoplus,yoloworld,174059,1728227,0,0,0,0,0.0,0.0,0.0,0.0
refcocoplus,yoloworld,106637,449679,0,0,0,0,0.0,0.0,0.0,0.0
refcocoplus,yoloworld,61459,511856,1,1,62,80,0.775,0.6679136799387491,0.8608627895010682,0.19294910956231914
refcocoplus,yoloworld,520978,1225418,1,1,47,80,0.5875,0.47184834042520446,0.6964754070624058,0.2246270666372014
refcocoplus,yoloworld,60155,1216316,0,0,0,0,0.0,0.0,0.0,0.0
refcocoplus,yoloworld,247271,486238,0,0,0,0,0.0,0.0,0.0,0.0
refcocoplus,yoloworld,529352,252498,0,0,0,0,0.0,0.0,0.0,0.0
refcocoplus,yoloworld,329551,202206,1,1,48,80,0.6,0.4843769404954894,0.7079906437446896,0.22361370324920016
refcocoplus,yoloworld,111998,1319873,1,0,23,80,0.2875,0.19176047197196505,0.3995451133120206,0.20778464134005553
refcocoplus,yoloworld,136184,1738983,1,0,58,80,0.725,0.6137565791555909,0.8189623614429612,0.2052057822873703
refcocoplus,yoloworld,320432,1232873,1,0,17,80,0.2125,0.1289364950975817,0.3182858085596558,0.18934931346207412
refcocoplus,yoloworld,512458,191782,0,0,0,0,0.0,0.0,0.0,0.0
refcocoplus,yoloworld,265186,1216381,1,1,80,80,1.0,0.9549359649323077,1.0,0.0450640350676923
refcocoplus,yoloworld,451336,1754301,0,0,0,0,0.0,0.0,0.0,0.0
refcocoplus,yoloworld,78583,440327,1,0,40,80,0.5,0.3860478833649093,0.6139521166350907,0.22790423327018144
refcocoplus,yoloworld,43232,1285752,1,0,24,80,0.3,0.20257392914667274,0.412759323081376,0.21018539393470323
refcocoplus,yoloworld,81135,1256487,1,0,51,80,0.6375,0.5223872787351916,0.7421051046283819,0.21971782589319022
refcocoplus,yoloworld,303471,515673,1,0,52,80,0.65,0.5352031145206643,0.7533280635274648,0.21812494900680057
refcocoplus,yoloworld,331331,1923208,1,0,74,80,0.925,0.8438720682639279,0.9719794538231588,0.12810738555923085
refcocoplus,yoloworld,120431,2204971,1,1,80,80,1.0,0.9549359649323077,1.0,0.0450640350676923
refcocoplus,yoloworld,370802,2167684,1,1,24,80,0.3,0.20257392914667274,0.412759323081376,0.21018539393470323
refcocoplus,yoloworld,259809,1303931,1,0,46,80,0.575,0.45938881143093807,0.6848902345476577,0.22550142311671967
refcocoplus,yoloworld,314247,1204131,0,0,0,0,0.0,0.0,0.0,0.0
refcocoplus,yoloworld,351719,2167791,0,0,0,0,0.0,0.0,0.0,0.0
refcocoplus,yoloworld,396495,453006,0,0,0,0,0.0,0.0,0.0,0.0
refcocoplus,yoloworld,320957,556468,1,1,61,80,0.7625,0.6542230288597322,0.8505462481433591,0.19632321928362695
refcocoplus,yoloworld,18885,1747039,1,1,30,80,0.375,0.2691931699468049,0.4903547644071125,0.2211615944603076
refcocoplus,yoloworld,556176,499719,0,0,0,0,0.0,0.0,0.0,0.0
refcocoplus,yoloworld,379820,197836,0,0,0,0,0.0,0.0,0.0,0.0
refcocoplus,yoloworld,53335,189204,0,0,0,0,0.0,0.0,0.0,0.0
refcocoplus,yoloworld,395853,1269487,1,0,40,80,0.5,0.3860478833649093,0.6139521166350907,0.22790423327018144
refcocoplus,yoloworld,502288,460977,1,0,23,80,0.2875,0.19176047197196505,0.3995451133120206,0.20778464134005553
refcocoplus,yoloworld,333492,1254825,0,0,0,0,0.0,0.0,0.0,0.0
refcocoplus,yoloworld,472602,1228756,0,0,0,0,0.0,0.0,0.0,0.0
refcocoplus,yoloworld,318937,483364,1,0,71,80,0.8875,0.7971534080830098,0.9472484868543125,0.15009507877130268
refcocoplus,yoloworld,199836,508067,1,0,76,80,0.95,0.876901263556847,0.9862106060235382,0.1093093424666911
refcocoplus,yoloworld,239461,441589,0,0,0,0,0.0,0.0,0.0,0.0
refcocoplus,yoloworld,163991,1730322,0,0,0,0,0.0,0.0,0.0,0.0
refcocoplus,yoloworld,33572,213648,1,0,29,80,0.3625,0.2578948953716181,0.47761272126480847,0.2197178258931904
refcocoplus,yoloworld,131030,493291,1,0,43,80,0.5375,0.4224175280048351,0.6497235734616016,0.22730604545676647
refcocoplus,yoloworld,534224,193611,1,1,80,80,1.0,0.9549359649323077,1.0,0.0450640350676923
refcocoplus,yoloworld,19123,198676,1,1,59,80,0.7375,0.6271491697875681,0.8295907488995917,0.20244157911202365
refcocoplus,yoloworld,334714,1741687,1,1,80,80,1.0,0.9549359649323077,1.0,0.0450640350676923
refcocoplus,yoloworld,125550,474150,1,0,80,80,1.0,0.9549359649323077,1.0,0.0450640350676923
refcocoplus,yoloworld,76245,357941,1,0,61,80,0.7625,0.6542230288597322,0.8505462481433591,0.19632321928362695
refcocoplus,yoloworld,170809,511033,1,0,80,80,1.0,0.9549359649323077,1.0,0.0450640350676923
refcocoplus,yoloworld,275741,1704929,1,1,32,80,0.4,0.2920093562553105,0.5156230595045106,0.2236137032492001
refcocoplus,yoloworld,26438,189113,1,1,80,80,1.0,0.9549359649323077,1.0,0.0450640350676923
refcocoplus,yoloworld,308524,2162553,1,1,31,80,0.3875,0.28056513312478215,0.5030244574981009,0.22245932437331872
refcocoplus,yoloworld,337164,428996,1,1,60,80,0.75,0.64063652409315,0.8401203554931442,0.19948383139999426
refcocoplus,yoloworld,456554,479375,1,0,64,80,0.8,0.6956311329945355,0.8811409135950147,0.18550978060047918
refcocoplus,yoloworld,432754,492632,1,0,80,80,1.0,0.9549359649323077,1.0,0.0450640350676923
refcocoplus,yoloworld,373444,210391,1,0,37,80,0.4625,0.3502764265383982,0.5775824719951649,0.2273060454567667
refcocoplus,yoloworld,484385,1718117,0,0,0,0,0.0,0.0,0.0,0.0
refcocoplus,yoloworld,354772,1718732,1,1,42,80,0.525,0.4102278413767706,0.6378664183228473,0.2276385769460767
refcocoplus,yoloworld,151729,1392487,1,0,55,80,0.6875,0.5741109261435505,0.7865253688912328,0.21241444274768229
refcocoplus,yoloworld,372352,489571,1,0,26,80,0.325,0.22445958517745324,0.4389370456044483,0.21447746042699506
refcocoplus,yoloworld,259655,442848,0,0,0,0,0.0,0.0,0.0,0.0
refcocoplus,yoloworld,388403,490893,1,0,36,80,0.45,0.33848638448981544,0.565326020905847,0.2268396364160316
refcocoplus,yoloworld,349663,447906,1,1,78,80,0.975,0.9125928440694077,0.9969579138351904,0.08436506976578273
refcocoplus,yoloworld,414916,535146,1,0,37,80,0.4625,0.3502764265383982,0.5775824719951649,0.2273060454567667
refcocoplus,yoloworld,534440,516617,1,0,72,80,0.9,0.8124348925365683,0.955829059846371,0.1433941673098027
refcocoplus,yoloworld,105633,2159406,1,1,33,80,0.4125,0.30352459293759415,0.5281516595747955,0.22462706663720133
refcocoplus,yoloworld,133654,1706674,1,0,73,80,0.9125,0.8279916615801152,0.9640936410104413,0.1361019794303261
refcocoplus,yoloworld,447681,2229179,1,0,50,80,0.625,0.5096452355928875,0.7308068300531951,0.2211615944603076
refcocoplus,yoloworld,35964,2207391,1,1,60,80,0.75,0.64063652409315,0.8401203554931442,0.19948383139999426
refcocoplus,yoloworld,545187,568955,1,0,34,80,0.425,0.31510976545234215,0.5406111885690619,0.22550142311671972
refcocoplus,yoloworld,576286,451559,1,0,48,80,0.6,0.4843769404954894,0.7079906437446896,0.22361370324920016
refcocoplus,yoloworld,382341,448246,0,0,0,0,0.0,0.0,0.0,0.0
refcocoplus,yoloworld,279632,617952,1,1,51,80,0.6375,0.5223872787351916,0.7421051046283819,0.21971782589319022
refcocoplus,yoloworld,414002,1726002,0,0,0,0,0.0,0.0,0.0,0.0
refcocoplus,yoloworld,258165,467696,1,1,80,80,1.0,0.9549359649323077,1.0,0.0450640350676923
refcocoplus,yoloworld,379093,503652,0,0,0,0,0.0,0.0,0.0,0.0
refcocoplus,yoloworld,538872,1294784,1,0,28,80,0.35,0.24667193647253513,0.4647968854793358,0.21812494900680066
refcocoplus,yoloworld,350070,562484,1,0,80,80,1.0,0.9549359649323077,1.0,0.0450640350676923
refcocoplus,yoloworld,480196,234569,1,0,80,80,1.0,0.9549359649323077,1.0,0.0450640350676923
refcocoplus,yoloworld,161381,1263360,0,0,0,0,0.0,0.0,0.0,0.0
refcocoplus,yoloworld,274267,384333,1,0,31,80,0.3875,0.28056513312478215,0.5030244574981009,0.22245932437331872
refcocoplus,yoloworld,206198,1230890,0,0,0,0,0.0,0.0,0.0,0.0
refcocoplus,yoloworld,464174,479107,1,0,54,80,0.675,0.5610629543955516,0.7755404148225468,0.21447746042699511
refcocoplus,yoloworld,68159,554353,1,0,38,80,0.475,0.3621335816771527,0.5897721586232294,0.2276385769460767
refcocoplus,yoloworld,337976,1740631,0,0,0,0,0.0,0.0,0.0,0.0
refcocoplus,yoloworld,224541,495494,1,0,26,80,0.325,0.22445958517745324,0.4389370456044483,0.21447746042699506
refcocoplus,yoloworld,104752,487734,1,1,80,80,1.0,0.9549359649323077,1.0,0.0450640350676923
refcocoplus,yoloworld,468465,193564,1,1,57,80,0.7125,0.6004548866879794,0.8082395280280349,0.20778464134005548
refcocoplus,yoloworld,242453,471989,0,0,0,0,0.0,0.0,0.0,0.0
refcocoplus,yoloworld,412691,463602,1,0,74,80,0.925,0.8438720682639279,0.9719794538231588,0.12810738555923085
refcocoplus,yoloworld,144851,1725452,0,0,0,0,0.0,0.0,0.0,0.0
refcocoplus,yoloworld,372309,230467,1,0,32,80,0.4,0.2920093562553105,0.5156230595045106,0.2236137032492001
refcocoplus,yoloworld,275180,2166236,1,0,74,80,0.925,0.8438720682639279,0.9719794538231588,0.12810738555923085
refcocoplus,yoloworld,139429,201350,0,0,0,0,0.0,0.0,0.0,0.0
refcocoplus,yoloworld,339918,516584,1,0,42,80,0.525,0.4102278413767706,0.6378664183228473,0.2276385769460767
refcocoplus,yoloworld,495875,428481,1,0,41,80,0.5125,0.39810466870318556,0.625942518555561,0.22783784985237548
refcocoplus,yoloworld,95257,583172,1,1,21,80,0.2625,0.1704092511004083,0.3728508302124319,0.20244157911202362
refcocoplus,yoloworld,303923,1710626,1,1,46,80,0.575,0.45938881143093807,0.6848902345476577,0.22550142311671967
refcocoplus,yoloworld,212532,2156623,1,0,80,80,1.0,0.9549359649323077,1.0,0.0450640350676923
refcocoplus,yoloworld,182947,537870,1,1,32,80,0.4,0.2920093562553105,0.5156230595045106,0.2236137032492001
refcocoplus,yoloworld,121683,1100091,1,1,40,80,0.5,0.3860478833649093,0.6139521166350907,0.22790423327018144
refcocoplus,yoloworld,296635,570458,1,0,26,80,0.325,0.22445958517745324,0.4389370456044483,0.21447746042699506
refcocoplus,yoloworld,482454,190254,1,1,66,80,0.825,0.7238459604789864,0.9008894901605713,0.17704352968158488
refcocoplus,yoloworld,536055,486835,0,0,0,0,0.0,0.0,0.0,0.0
refcocoplus,yoloworld,3293,1721891,0,0,0,0,0.0,0.0,0.0,0.0
refcocoplus,yoloworld,76937,209202,1,0,28,80,0.35,0.24667193647253513,0.4647968854793358,0.21812494900680066
refcocoplus,yoloworld,19789,445145,0,0,0,0,0.0,0.0,0.0,0.0
refcocoplus,yoloworld,532260,1261503,0,0,0,0,0.0,0.0,0.0,0.0
refcocoplus,yoloworld,84167,431117,1,1,80,80,1.0,0.9549359649323077,1.0,0.0450640350676923
refcocoplus,yoloworld,106994,456865,1,0,78,80,0.975,0.9125928440694077,0.9969579138351904,0.08436506976578273
refcocoplus,yoloworld,354557,1679072,1,0,37,80,0.4625,0.3502764265383982,0.5775824719951649,0.2273060454567667
refcocoplus,yoloworld,338872,443845,1,1,69,80,0.8625,0.7672791291752744,0.9293121672961213,0.1620330381208469
refcocoplus,yoloworld,355440,223500,1,0,76,80,0.95,0.876901263556847,0.9862106060235382,0.1093093424666911
refcocoplus,yoloworld,355571,236682,1,1,74,80,0.925,0.8438720682639279,0.9719794538231588,0.12810738555923085
refcocoplus,yoloworld,180285,1726578,1,0,74,80,0.925,0.8438720682639279,0.9719794538231588,0.12810738555923085
refcocoplus,yoloworld,36017,1498960,1,0,64,80,0.8,0.6956311329945355,0.8811409135950147,0.18550978060047918
refcocoplus,yoloworld,377594,1707742,0,0,0,0,0.0,0.0,0.0,0.0
refcocoplus,yoloworld,307881,512780,0,0,0,0,0.0,0.0,0.0,0.0
refcocoplus,yoloworld,410779,438588,1,1,79,80,0.9875,0.9323122155360776,0.9996835774723672,0.06737136193628968
refcocoplus,yoloworld,168349,1237999,1,1,37,80,0.4625,0.3502764265383982,0.5775824719951649,0.2273060454567667
refcocoplus,yoloworld,444445,437977,0,0,0,0,0.0,0.0,0.0,0.0
refcocoplus,yoloworld,12424,498399,1,1,37,80,0.4625,0.3502764265383982,0.5775824719951649,0.2273060454567667
refcocoplus,yoloworld,342963,556811,1,1,79,80,0.9875,0.9323122155360776,0.9996835774723672,0.06737136193628968
refcocoplus,yoloworld,62455,1727746,1,1,75,80,0.9375,0.860142924702361,0.9793969276979898,0.11925400299562883
refcocoplus,yoloworld,515815,201409,1,0,70,80,0.875,0.7821108659305637,0.9383979034415657,0.15628703751100204
refcocoplus,yoloworld,521437,215568,1,0,60,80,0.75,0.64063652409315,0.8401203554931442,0.19948383139999426
refcocoplus,yoloworld,121181,1231175,0,0,0,0,0.0,0.0,0.0,0.0
refcocoplus,yoloworld,575980,424789,1,1,34,80,0.425,0.31510976545234215,0.5406111885690619,0.22550142311671972
refcocoplus,yoloworld,499141,217761,1,1,24,80,0.3,0.20257392914667274,0.412759323081376,0.21018539393470323
refcocoplus,yoloworld,310865,2217385,1,1,80,80,1.0,0.9549359649323077,1.0,0.0450640350676923
refcocoplus,yoloworld,531778,2150525,1,0,69,80,0.8625,0.7672791291752744,0.9293121672961213,0.1620330381208469
refcocoplus,yoloworld,519616,520346,0,0,0,0,0.0,0.0,0.0,0.0
refcocoplus,yoloworld,304125,491064,0,0,0,0,0.0,0.0,0.0,0.0
refcocoplus,yoloworld,204792,195577,0,0,0,0,0.0,0.0,0.0,0.0
refcocoplus,yoloworld,485364,229674,0,0,0,0,0.0,0.0,0.0,0.0
refcocoplus,yoloworld,61328,2204504,1,1,80,80,1.0,0.9549359649323077,1.0,0.0450640350676923
refcocoplus,yoloworld,257301,257907,1,1,80,80,1.0,0.9549359649323077,1.0,0.0450640350676923
refcocoplus,yoloworld,77005,1255434,1,1,23,80,0.2875,0.19176047197196505,0.3995451133120206,0.20778464134005553
refcocoplus,yoloworld,91056,441159,0,0,0,0,0.0,0.0,0.0,0.0
refcocoplus,yoloworld,520590,459587,0,0,0,0,0.0,0.0,0.0,0.0
refcocoplus,yoloworld,20044,488511,1,1,62,80,0.775,0.6679136799387491,0.8608627895010682,0.19294910956231914
refcocoplus,yoloworld,281840,1723251,1,0,80,80,1.0,0.9549359649323077,1.0,0.0450640350676923
refcocoplus,yoloworld,54003,503695,1,0,39,80,0.4875,0.37405748144443896,0.6018953312968145,0.22783784985237554
refcocoplus,yoloworld,481736,183105,1,1,46,80,0.575,0.45938881143093807,0.6848902345476577,0.22550142311671967
refcocoplus,yoloworld,347796,1103398,1,0,11,80,0.1375,0.07068783270387868,0.2327208708247256,0.1620330381208469
refcocoplus,yoloworld,120333,425303,1,0,45,80,0.5625,0.44699757138818025,0.673236046566221,0.2262384751780408
refcocoplus,yoloworld,261521,561551,1,1,80,80,1.0,0.9549359649323077,1.0,0.0450640350676923
refcocoplus,yoloworld,111045,482960,1,1,80,80,1.0,0.9549359649323077,1.0,0.0450640350676923
refcocoplus,yoloworld,450878,444397,0,0,0,0,0.0,0.0,0.0,0.0
refcocoplus,yoloworld,4993,434943,0,0,0,0,0.0,0.0,0.0,0.0
refcocoplus,yoloworld,462067,1205518,0,0,0,0,0.0,0.0,0.0,0.0
refcocoplus,yoloworld,125882,380258,1,1,41,80,0.5125,0.39810466870318556,0.625942518555561,0.22783784985237548
refcocoplus,yoloworld,28953,1710361,1,0,43,80,0.5375,0.4224175280048351,0.6497235734616016,0.22730604545676647
refcocoplus,yoloworld,76746,515193,1,1,76,80,0.95,0.876901263556847,0.9862106060235382,0.1093093424666911
refcocoplus,yoloworld,380395,1723565,1,0,47,80,0.5875,0.47184834042520446,0.6964754070624058,0.2246270666372014
refcocoplus,yoloworld,323030,507717,1,1,80,80,1.0,0.9549359649323077,1.0,0.0450640350676923
refcocoplus,yoloworld,361907,1580238,1,0,26,80,0.325,0.22445958517745324,0.4389370456044483,0.21447746042699506
refcocoplus,yoloworld,420028,1740534,1,1,18,80,0.225,0.13913721049893182,0.33208632006125094,0.19294910956231912
refcocoplus,yoloworld,524155,544355,1,1,69,80,0.8625,0.7672791291752744,0.9293121672961213,0.1620330381208469
refcocoplus,yoloworld,164042,422202,1,1,79,80,0.9875,0.9323122155360776,0.9996835774723672,0.06737136193628968
refcocoplus,yoloworld,420864,252049,0,0,0,0,0.0,0.0,0.0,0.0
refcocoplus,yoloworld,185153,195009,0,0,0,0,0.0,0.0,0.0,0.0
refcocoplus,yoloworld,60378,240712,1,1,75,80,0.9375,0.860142924702361,0.9793969276979898,0.11925400299562883
refcocoplus,yoloworld,14502,464637,0,0,0,0,0.0,0.0,0.0,0.0
refcocoplus,yoloworld,410963,525760,1,0,26,80,0.325,0.22445958517745324,0.4389370456044483,0.21447746042699506
refcocoplus,yoloworld,488676,477767,1,0,33,80,0.4125,0.30352459293759415,0.5281516595747955,0.22462706663720133
refcocoplus,yoloworld,493448,549269,1,0,42,80,0.525,0.4102278413767706,0.6378664183228473,0.2276385769460767
refcocoplus,yoloworld,343407,524836,1,0,32,80,0.4,0.2920093562553105,0.5156230595045106,0.2236137032492001
refcocoplus,yoloworld,560476,2167280,1,0,57,80,0.7125,0.6004548866879794,0.8082395280280349,0.20778464134005548
refcocoplus,yoloworld,74065,1710821,1,0,37,80,0.4625,0.3502764265383982,0.5775824719951649,0.2273060454567667
refcocoplus,yoloworld,548175,1236132,1,0,41,80,0.5125,0.39810466870318556,0.625942518555561,0.22783784985237548
refcocoplus,yoloworld,16322,479631,1,1,79,80,0.9875,0.9323122155360776,0.9996835774723672,0.06737136193628968
refcocoplus,yoloworld,132889,1214012,1,1,62,80,0.775,0.6679136799387491,0.8608627895010682,0.19294910956231914
refcocoplus,yoloworld,464917,1318246,1,0,31,80,0.3875,0.28056513312478215,0.5030244574981009,0.22245932437331872
refcocoplus,yoloworld,306359,1726013,1,1,35,80,0.4375,0.3267639534337789,0.5530024286118197,0.2262384751780408
refcocoplus,yoloworld,355593,448997,1,0,80,80,1.0,0.9549359649323077,1.0,0.0450640350676923
refcocoplus,yoloworld,489145,1721831,1,0,80,80,1.0,0.9549359649323077,1.0,0.0450640350676923
refcocoplus,yoloworld,254585,450738,1,0,44,80,0.55,0.43467397909415284,0.6615136155101845,0.22683963641603166
refcocoplus,yoloworld,444285,224505,0,0,0,0,0.0,0.0,0.0,0.0
refcocoplus,yoloworld,16659,513756,0,0,0,0,0.0,0.0,0.0,0.0
refcocoplus,yoloworld,228356,1270122,1,0,12,80,0.15,0.07998156130971382,0.24736411159289767,0.16738255028318386
refcocoplus,yoloworld,569255,528800,1,0,58,80,0.725,0.6137565791555909,0.8189623614429612,0.2052057822873703
refcocoplus,yoloworld,556698,459043,0,0,0,0,0.0,0.0,0.0,0.0
refcocoplus,yoloworld,47093,494270,1,0,80,80,1.0,0.9549359649323077,1.0,0.0450640350676923
refcocoplus,yoloworld,352389,488310,0,0,0,0,0.0,0.0,0.0,0.0
refcocoplus,yoloworld,404852,2152446,1,0,42,80,0.525,0.4102278413767706,0.6378664183228473,0.2276385769460767
refcocoplus,yoloworld,258249,533443,1,0,66,80,0.825,0.7238459604789864,0.9008894901605713,0.17704352968158488
refcocoplus,yoloworld,446539,472813,1,0,61,80,0.7625,0.6542230288597322,0.8505462481433591,0.19632321928362695
refcocoplus,yoloworld,119263,227985,1,0,14,80,0.175,0.09911050983942865,0.27615403952101353,0.17704352968158488
refcocoplus,yoloworld,23539,2155328,1,0,41,80,0.5125,0.39810466870318556,0.625942518555561,0.22783784985237548
refcocoplus,yoloworld,469559,529782,1,0,35,80,0.4375,0.3267639534337789,0.5530024286118197,0.2262384751780408
refcocoplus,yoloworld,109008,1701660,1,1,29,80,0.3625,0.2578948953716181,0.47761272126480847,0.2197178258931904
refcocoplus,yoloworld,427779,537261,0,0,0,0,0.0,0.0,0.0,0.0
refcocoplus,yoloworld,296093,459768,1,1,80,80,1.0,0.9549359649323077,1.0,0.0450640350676923
refcocoplus,yoloworld,498702,504492,0,0,0,0,0.0,0.0,0.0,0.0
refcocoplus,yoloworld,134447,1728699,1,0,78,80,0.975,0.9125928440694077,0.9969579138351904,0.08436506976578273
refcocoplus,yoloworld,147701,488802,1,1,55,80,0.6875,0.5741109261435505,0.7865253688912328,0.21241444274768229
refcocoplus,yoloworld,217151,489684,1,0,78,80,0.975,0.9125928440694077,0.9969579138351904,0.08436506976578273
refcocoplus,yoloworld,179823,2163956,1,0,72,80,0.9,0.8124348925365683,0.955829059846371,0.1433941673098027
refcocoplus,yoloworld,431178,455025,0,0,0,0,0.0,0.0,0.0,0.0
refcocoplus,yoloworld,2083,206653,1,1,37,80,0.4625,0.3502764265383982,0.5775824719951649,0.2273060454567667
refcocoplus,yoloworld,246390,517234,1,0,39,80,0.4875,0.37405748144443896,0.6018953312968145,0.22783784985237554
refcocoplus,yoloworld,364862,1245422,1,1,38,80,0.475,0.3621335816771527,0.5897721586232294,0.2276385769460767
refcocoplus,yoloworld,335525,533796,0,0,0,0,0.0,0.0,0.0,0.0
refcocoplus,yoloworld,444214,1285030,1,0,64,80,0.8,0.6956311329945355,0.8811409135950147,0.18550978060047918
refcocoplus,yoloworld,515470,201858,1,1,47,80,0.5875,0.47184834042520446,0.6964754070624058,0.2246270666372014
refcocoplus,yoloworld,517685,457473,1,0,67,80,0.8375,0.7381631061748871,0.9105383582774708,0.17237525210258364
refcocoplus,yoloworld,367869,447817,1,0,56,80,0.7,0.5872406769186242,0.7974260708533272,0.21018539393470292
refcocoplus,yoloworld,472749,538325,1,0,73,80,0.9125,0.8279916615801152,0.9640936410104413,0.1361019794303261
refcocoplus,yoloworld,482326,531416,1,0,53,80,0.6625,0.5480943856258318,0.7644738620163491,0.21637947639051736
refcocoplus,yoloworld,290620,440573,0,0,0,0,0.0,0.0,0.0,0.0
refcocoplus,yoloworld,306393,522262,1,0,50,80,0.625,0.5096452355928875,0.7308068300531951,0.2211615944603076
refcocoplus,yoloworld,487228,464676,1,1,80,80,1.0,0.9549359649323077,1.0,0.0450640350676923
refcocoplus,yoloworld,12614,2160566,1,1,37,80,0.4625,0.3502764265383982,0.5775824719951649,0.2273060454567667
refcocoplus,yoloworld,28560,1373363,1,1,69,80,0.8625,0.7672791291752744,0.9293121672961213,0.1620330381208469
refcocoplus,yoloworld,362157,230253,1,1,63,80,0.7875,0.6817141914403442,0.8710635049024182,0.18934931346207406
refcocoplus,yoloworld,416723,497628,1,1,38,80,0.475,0.3621335816771527,0.5897721586232294,0.2276385769460767
refcocoplus,yoloworld,180354,228063,1,1,80,80,1.0,0.9549359649323077,1.0,0.0450640350676923
refcocoplus,yoloworld,353200,472031,1,1,23,80,0.2875,0.19176047197196505,0.3995451133120206,0.20778464134005553
refcocoplus,yoloworld,239784,1746978,1,0,31,80,0.3875,0.28056513312478215,0.5030244574981009,0.22245932437331872
refcocoplus,yoloworld,503906,1208151,0,0,0,0,0.0,0.0,0.0,0.0
refcocoplus,yoloworld,186476,1240996,1,0,47,80,0.5875,0.47184834042520446,0.6964754070624058,0.2246270666372014
refcocoplus,yoloworld,105063,496504,1,1,80,80,1.0,0.9549359649323077,1.0,0.0450640350676923
refcocoplus,yoloworld,564449,1727045,0,0,0,0,0.0,0.0,0.0,0.0
refcocoplus,yoloworld,237137,421379,0,0,0,0,0.0,0.0,0.0,0.0
refcocoplus,yoloworld,117677,513035,1,1,26,80,0.325,0.22445958517745324,0.4389370456044483,0.21447746042699506
refcocoplus,yoloworld,570211,199280,1,0,51,80,0.6375,0.5223872787351916,0.7421051046283819,0.21971782589319022
refcocoplus,yoloworld,465101,186998,0,0,0,0,0.0,0.0,0.0,0.0
refcocoplus,yoloworld,116049,1265888,0,0,0,0,0.0,0.0,0.0,0.0
refcocoplus,yoloworld,289425,459375,0,0,0,0,0.0,0.0,0.0,0.0
refcocoplus,yoloworld,514295,713506,1,1,41,80,0.5125,0.39810466870318556,0.625942518555561,0.22783784985237548
refcocoplus,yoloworld,337975,499184,0,0,0,0,0.0,0.0,0.0,0.0
refcocoplus,yoloworld,495169,114964,1,1,73,80,0.9125,0.8279916615801152,0.9640936410104413,0.1361019794303261
refcocoplus,yoloworld,427555,484670,1,1,56,80,0.7,0.5872406769186242,0.7974260708533272,0.21018539393470292
refcocoplus,yoloworld,27299,1301951,1,0,41,80,0.5125,0.39810466870318556,0.625942518555561,0.22783784985237548
refcocoplus,yoloworld,403888,429840,0,0,0,0,0.0,0.0,0.0,0.0
refcocoplus,yoloworld,389157,549393,1,1,18,80,0.225,0.13913721049893182,0.33208632006125094,0.19294910956231912
refcocoplus,yoloworld,53729,1302378,1,0,48,80,0.6,0.4843769404954894,0.7079906437446896,0.22361370324920016
refcocoplus,yoloworld,264567,58131,1,0,41,80,0.5125,0.39810466870318556,0.625942518555561,0.22783784985237548
refcocoplus,yoloworld,486606,426136,1,1,42,80,0.525,0.4102278413767706,0.6378664183228473,0.2276385769460767
refcocoplus,yoloworld,505020,1243798,1,1,80,80,1.0,0.9549359649323077,1.0,0.0450640350676923
refcocoplus,yoloworld,370152,470112,1,1,62,80,0.775,0.6679136799387491,0.8608627895010682,0.19294910956231914
refcocoplus,yoloworld,532376,194591,1,0,45,80,0.5625,0.44699757138818025,0.673236046566221,0.2262384751780408
refcocoplus,yoloworld,495987,466715,1,0,75,80,0.9375,0.860142924702361,0.9793969276979898,0.11925400299562883
refcocoplus,yoloworld,581282,1313895,1,1,45,80,0.5625,0.44699757138818025,0.673236046566221,0.2262384751780408
refcocoplus,yoloworld,40346,448119,0,0,0,0,0.0,0.0,0.0,0.0
refcocoplus,yoloworld,503844,427048,1,0,76,80,0.95,0.876901263556847,0.9862106060235382,0.1093093424666911
refcocoplus,yoloworld,494706,1732430,0,0,0,0,0.0,0.0,0.0,0.0
refcocoplus,yoloworld,4714,504738,1,0,80,80,1.0,0.9549359649323077,1.0,0.0450640350676923
refcocoplus,yoloworld,316446,474195,0,0,0,0,0.0,0.0,0.0,0.0
refcocoplus,yoloworld,221252,423971,1,0,30,80,0.375,0.2691931699468049,0.4903547644071125,0.2211615944603076
refcocoplus,yoloworld,234637,548461,0,0,0,0,0.0,0.0,0.0,0.0
refcocoplus,yoloworld,397390,513577,1,1,37,80,0.4625,0.3502764265383982,0.5775824719951649,0.2273060454567667
refcocoplus,yoloworld,29752,462801,1,0,62,80,0.775,0.6679136799387491,0.8608627895010682,0.19294910956231914
refcocoplus,yoloworld,209089,220849,1,1,53,80,0.6625,0.5480943856258318,0.7644738620163491,0.21637947639051736
refcocoplus,yoloworld,91055,256495,1,1,50,80,0.625,0.5096452355928875,0.7308068300531951,0.2211615944603076
refcocoplus,yoloworld,421086,1077251,1,1,56,80,0.7,0.5872406769186242,0.7974260708533272,0.21018539393470292
refcocoplus,yoloworld,148047,474228,0,0,0,0,0.0,0.0,0.0,0.0
refcocoplus,yoloworld,306561,204788,1,0,53,80,0.6625,0.5480943856258318,0.7644738620163491,0.21637947639051736
refcocoplus,yoloworld,522288,219473,0,0,0,0,0.0,0.0,0.0,0.0
refcocoplus,yoloworld,43813,517456,0,0,0,0,0.0,0.0,0.0,0.0
refcocoplus,yoloworld,23420,471105,0,0,0,0,0.0,0.0,0.0,0.0
refcocoplus,yoloworld,40708,440218,1,0,72,80,0.9,0.8124348925365683,0.955829059846371,0.1433941673098027
refcocoplus,yoloworld,249869,206776,1,0,37,80,0.4625,0.3502764265383982,0.5775824719951649,0.2273060454567667
refcocoplus,yoloworld,205354,463684,0,0,0,0,0.0,0.0,0.0,0.0
refcocoplus,yoloworld,167765,254764,1,1,29,80,0.3625,0.2578948953716181,0.47761272126480847,0.2197178258931904
refcocoplus,yoloworld,229193,472104,1,1,79,80,0.9875,0.9323122155360776,0.9996835774723672,0.06737136193628968
refcocoplus,yoloworld,250295,485219,1,0,78,80,0.975,0.9125928440694077,0.9969579138351904,0.08436506976578273
refcocoplus,yoloworld,435869,497937,1,0,67,80,0.8375,0.7381631061748871,0.9105383582774708,0.17237525210258364
refcocoplus,yoloworld,214265,2154778,0,0,0,0,0.0,0.0,0.0,0.0
refcocoplus,yoloworld,485757,477171,1,0,77,80,0.9625,0.8942980149834914,0.9921988127342833,0.09790079775079197
refcocoplus,yoloworld,372788,448303,1,1,80,80,1.0,0.9549359649323077,1.0,0.0450640350676923
refcocoplus,yoloworld,130081,492578,0,0,0,0,0.0,0.0,0.0,0.0
refcocoplus,yoloworld,217461,498803,1,0,79,80,0.9875,0.9323122155360776,0.9996835774723672,0.06737136193628968
refcocoplus,yoloworld,355159,2166645,1,0,37,80,0.4625,0.3502764265383982,0.5775824719951649,0.2273060454567667
refcocoplus,yoloworld,227520,1706734,1,1,80,80,1.0,0.9549359649323077,1.0,0.0450640350676923
refcocoplus,yoloworld,8630,435099,1,1,76,80,0.95,0.876901263556847,0.9862106060235382,0.1093093424666911
refcocoplus,yoloworld,455369,1713640,1,1,55,80,0.6875,0.5741109261435505,0.7865253688912328,0.21241444274768229
refcocoplus,yoloworld,314414,1282486,1,0,59,80,0.7375,0.6271491697875681,0.8295907488995917,0.20244157911202365
refcocoplus,yoloworld,491707,468376,1,0,66,80,0.825,0.7238459604789864,0.9008894901605713,0.17704352968158488
refcocoplus,yoloworld,419019,384263,1,0,32,80,0.4,0.2920093562553105,0.5156230595045106,0.2236137032492001
refcocoplus,yoloworld,89181,514884,1,0,73,80,0.9125,0.8279916615801152,0.9640936410104413,0.1361019794303261
refcocoplus,yoloworld,356702,440555,0,0,0,0,0.0,0.0,0.0,0.0
refcocoplus,yoloworld,288943,1740994,1,1,76,80,0.95,0.876901263556847,0.9862106060235382,0.1093093424666911
refcocoplus,yoloworld,534711,2206857,1,0,50,80,0.625,0.5096452355928875,0.7308068300531951,0.2211615944603076
refcocoplus,yoloworld,5962,470890,1,1,80,80,1.0,0.9549359649323077,1.0,0.0450640350676923
refcocoplus,yoloworld,121174,539551,1,0,36,80,0.45,0.33848638448981544,0.565326020905847,0.2268396364160316
refcocoplus,yoloworld,512561,513172,0,0,0,0,0.0,0.0,0.0,0.0
refcocoplus,yoloworld,307757,204610,0,0,0,0,0.0,0.0,0.0,0.0
refcocoplus,yoloworld,462899,461023,0,0,0,0,0.0,0.0,0.0,0.0
refcocoplus,yoloworld,446726,487343,1,0,73,80,0.9125,0.8279916615801152,0.9640936410104413,0.1361019794303261
refcocoplus,yoloworld,405246,538334,1,1,44,80,0.55,0.43467397909415284,0.6615136155101845,0.22683963641603166
refcocoplus,yoloworld,360017,459466,1,0,80,80,1.0,0.9549359649323077,1.0,0.0450640350676923
refcocoplus,yoloworld,389145,450907,1,1,80,80,1.0,0.9549359649323077,1.0,0.0450640350676923
refcocoplus,yoloworld,490610,214754,1,1,80,80,1.0,0.9549359649323077,1.0,0.0450640350676923
refcocoplus,yoloworld,423806,1232692,1,0,29,80,0.3625,0.2578948953716181,0.47761272126480847,0.2197178258931904
refcocoplus,yoloworld,97795,450102,1,0,47,80,0.5875,0.47184834042520446,0.6964754070624058,0.2246270666372014
refcocoplus,yoloworld,31230,211374,0,0,0,0,0.0,0.0,0.0,0.0
refcocoplus,yoloworld,286000,456927,1,1,30,80,0.375,0.2691931699468049,0.4903547644071125,0.2211615944603076
refcocoplus,yoloworld,47953,444328,1,0,58,80,0.725,0.6137565791555909,0.8189623614429612,0.2052057822873703
refcocoplus,yoloworld,311773,1247241,0,0,0,0,0.0,0.0,0.0,0.0
refcocoplus,yoloworld,404473,458457,1,1,14,80,0.175,0.09911050983942865,0.27615403952101353,0.17704352968158488
refcocoplus,yoloworld,117114,493499,1,1,32,80,0.4,0.2920093562553105,0.5156230595045106,0.2236137032492001
refcocoplus,yoloworld,314257,211783,1,1,43,80,0.5375,0.4224175280048351,0.6497235734616016,0.22730604545676647
refcocoplus,yoloworld,462445,477451,0,0,0,0,0.0,0.0,0.0,0.0
refcocoplus,yoloworld,21276,497365,1,0,71,80,0.8875,0.7971534080830098,0.9472484868543125,0.15009507877130268
refcocoplus,yoloworld,217429,466008,1,1,44,80,0.55,0.43467397909415284,0.6615136155101845,0.22683963641603166
refcocoplus,yoloworld,336491,211440,1,1,8,80,0.1,0.04417094015362904,0.1875651074634316,0.14339416730980256
refcocoplus,yoloworld,102667,229105,1,1,30,80,0.375,0.2691931699468049,0.4903547644071125,0.2211615944603076
refcocoplus,yoloworld,295257,1247053,1,1,42,80,0.525,0.4102278413767706,0.6378664183228473,0.2276385769460767
refcocoplus,yoloworld,455406,219019,1,0,53,80,0.6625,0.5480943856258318,0.7644738620163491,0.21637947639051736
refcocoplus,yoloworld,36658,421457,1,1,70,80,0.875,0.7821108659305637,0.9383979034415657,0.15628703751100204
refcocoplus,yoloworld,561907,440721,1,0,62,80,0.775,0.6679136799387491,0.8608627895010682,0.19294910956231914
refcocoplus,yoloworld,402632,253866,1,1,63,80,0.7875,0.6817141914403442,0.8710635049024182,0.18934931346207406
refcocoplus,yoloworld,391439,1271260,0,0,0,0,0.0,0.0,0.0,0.0
refcocoplus,yoloworld,108501,1268000,1,0,23,80,0.2875,0.19176047197196505,0.3995451133120206,0.20778464134005553
refcocoplus,yoloworld,427756,490450,1,0,37,80,0.4625,0.3502764265383982,0.5775824719951649,0.2273060454567667
refcocoplus,yoloworld,237355,522033,1,0,24,80,0.3,0.20257392914667274,0.412759323081376,0.21018539393470323
refcocoplus,yoloworld,289791,2151612,1,0,40,80,0.5,0.3860478833649093,0.6139521166350907,0.22790423327018144
refcocoplus,yoloworld,151163,458461,1,0,44,80,0.55,0.43467397909415284,0.6615136155101845,0.22683963641603166
refcocoplus,yoloworld,577725,1219171,1,0,32,80,0.4,0.2920093562553105,0.5156230595045106,0.2236137032492001
refcocoplus,yoloworld,490182,543487,1,1,44,80,0.55,0.43467397909415284,0.6615136155101845,0.22683963641603166
refcocoplus,yoloworld,352357,191259,0,0,0,0,0.0,0.0,0.0,0.0
refcocoplus,yoloworld,551172,567534,1,0,56,80,0.7,0.5872406769186242,0.7974260708533272,0.21018539393470292
refcocoplus,yoloworld,249384,490576,0,0,0,0,0.0,0.0,0.0,0.0
refcocoplus,yoloworld,51052,195383,1,1,40,80,0.5,0.3860478833649093,0.6139521166350907,0.22790423327018144
refcocoplus,yoloworld,93078,422692,0,0,0,0,0.0,0.0,0.0,0.0
refcocoplus,yoloworld,302415,505906,1,0,22,80,0.275,0.18103763855703875,0.38624342084440927,0.20520578228737052
refcocoplus,yoloworld,221187,1717602,0,0,0,0,0.0,0.0,0.0,0.0
refcocoplus,yoloworld,122918,422754,0,0,0,0,0.0,0.0,0.0,0.0
refcocoplus,yoloworld,561590,186142,0,0,0,0,0.0,0.0,0.0,0.0
refcocoplus,yoloworld,69488,457848,1,1,80,80,1.0,0.9549359649323077,1.0,0.0450640350676923
refcocoplus,yoloworld,558444,1307758,1,0,53,80,0.6625,0.5480943856258318,0.7644738620163491,0.21637947639051736
refcocoplus,yoloworld,360811,214315,0,0,0,0,0.0,0.0,0.0,0.0
refcocoplus,yoloworld,199963,569519,1,0,12,80,0.15,0.07998156130971382,0.24736411159289767,0.16738255028318386
refcocoplus,yoloworld,384745,223263,0,0,0,0,0.0,0.0,0.0,0.0
refcocoplus,yoloworld,243071,150952,1,0,76,80,0.95,0.876901263556847,0.9862106060235382,0.1093093424666911
refcocoplus,yoloworld,492114,536403,1,1,48,80,0.6,0.4843769404954894,0.7079906437446896,0.22361370324920016
refcocoplus,yoloworld,187577,1707054,1,1,76,80,0.95,0.876901263556847,0.9862106060235382,0.1093093424666911
refcocoplus,yoloworld,42297,1684208,0,0,0,0,0.0,0.0,0.0,0.0
refcocoplus,yoloworld,131816,1724981,1,1,32,80,0.4,0.2920093562553105,0.5156230595045106,0.2236137032492001
refcocoplus,yoloworld,364455,1728907,1,0,54,80,0.675,0.5610629543955516,0.7755404148225468,0.21447746042699511
refcocoplus,yoloworld,208379,493975,1,1,80,80,1.0,0.9549359649323077,1.0,0.0450640350676923
refcocoplus,yoloworld,171943,1710978,0,0,0,0,0.0,0.0,0.0,0.0
refcocoplus,yoloworld,44625,1219181,1,0,13,80,0.1625,0.08946164172252925,0.2618368938251128,0.1723752521025836
refcocoplus,yoloworld,392520,1730739,1,0,62,80,0.775,0.6679136799387491,0.8608627895010682,0.19294910956231914
refcocoplus,yoloworld,580668,344471,1,1,56,80,0.7,0.5872406769186242,0.7974260708533272,0.21018539393470292
refcocoplus,yoloworld,114185,462867,1,1,67,80,0.8375,0.7381631061748871,0.9105383582774708,0.17237525210258364
refcocoplus,yoloworld,429745,255915,1,1,50,80,0.625,0.5096452355928875,0.7308068300531951,0.2211615944603076
refcocoplus,yoloworld,76740,212911,1,1,22,80,0.275,0.18103763855703875,0.38624342084440927,0.20520578228737052
refcocoplus,yoloworld,191561,469147,1,0,38,80,0.475,0.3621335816771527,0.5897721586232294,0.2276385769460767
refcocoplus,yoloworld,522827,485999,1,0,50,80,0.625,0.5096452355928875,0.7308068300531951,0.2211615944603076
refcocoplus,yoloworld,61372,1232274,0,0,0,0,0.0,0.0,0.0,0.0
refcocoplus,yoloworld,363150,1217802,1,0,75,80,0.9375,0.860142924702361,0.9793969276979898,0.11925400299562883
refcocoplus,yoloworld,406187,426445,1,0,61,80,0.7625,0.6542230288597322,0.8505462481433591,0.19632321928362695
refcocoplus,yoloworld,515928,208395,0,0,0,0,0.0,0.0,0.0,0.0
refcocoplus,yoloworld,534166,195730,0,0,0,0,0.0,0.0,0.0,0.0
refcocoplus,yoloworld,104973,1238418,1,1,55,80,0.6875,0.5741109261435505,0.7865253688912328,0.21241444274768229
refcocoplus,yoloworld,429437,715286,1,1,22,80,0.275,0.18103763855703875,0.38624342084440927,0.20520578228737052
refcocoplus,yoloworld,357340,214688,0,0,0,0,0.0,0.0,0.0,0.0
refcocoplus,yoloworld,517403,197469,1,1,76,80,0.95,0.876901263556847,0.9862106060235382,0.1093093424666911
refcocoplus,yoloworld,411862,1713600,0,0,0,0,0.0,0.0,0.0,0.0
refcocoplus,yoloworld,511869,1254599,0,0,0,0,0.0,0.0,0.0,0.0
refcocoplus,yoloworld,314951,426889,1,1,78,80,0.975,0.9125928440694077,0.9969579138351904,0.08436506976578273
refcocoplus,yoloworld,213408,439911,0,0,0,0,0.0,0.0,0.0,0.0
refcocoplus,yoloworld,534559,2153460,0,0,0,0,0.0,0.0,0.0,0.0
refcocoplus,yoloworld,573476,1713014,1,0,41,80,0.5125,0.39810466870318556,0.625942518555561,0.22783784985237548
refcocoplus,yoloworld,378916,423871,0,0,0,0,0.0,0.0,0.0,0.0
refcocoplus,yoloworld,29799,542728,1,0,80,80,1.0,0.9549359649323077,1.0,0.0450640350676923
refcocoplus,yoloworld,209844,468525,1,0,45,80,0.5625,0.44699757138818025,0.673236046566221,0.2262384751780408
refcocoplus,yoloworld,179504,525200,1,0,21,80,0.2625,0.1704092511004083,0.3728508302124319,0.20244157911202362
refcocoplus,yoloworld,554950,200400,1,1,56,80,0.7,0.5872406769186242,0.7974260708533272,0.21018539393470292
refcocoplus,yoloworld,301988,190992,0,0,0,0,0.0,0.0,0.0,0.0
refcocoplus,yoloworld,465829,673819,1,0,45,80,0.5625,0.44699757138818025,0.673236046566221,0.2262384751780408
refcocoplus,yoloworld,449414,457259,1,0,80,80,1.0,0.9549359649323077,1.0,0.0450640350676923
refcocoplus,yoloworld,41840,486333,1,1,80,80,1.0,0.9549359649323077,1.0,0.0450640350676923
refcocoplus,yoloworld,331409,1295154,1,0,36,80,0.45,0.33848638448981544,0.565326020905847,0.2268396364160316
refcocoplus,yoloworld,296631,494675,1,1,54,80,0.675,0.5610629543955516,0.7755404148225468,0.21447746042699511
refcocoplus,yoloworld,301109,2161826,1,1,23,80,0.2875,0.19176047197196505,0.3995451133120206,0.20778464134005553
refcocoplus,yoloworld,402563,1268625,0,0,0,0,0.0,0.0,0.0,0.0
refcocoplus,yoloworld,372404,551004,1,0,71,80,0.8875,0.7971534080830098,0.9472484868543125,0.15009507877130268
refcocoplus,yoloworld,482330,1611140,1,0,28,80,0.35,0.24667193647253513,0.4647968854793358,0.21812494900680066
refcocoplus,yoloworld,334529,435196,0,0,0,0,0.0,0.0,0.0,0.0
refcocoplus,yoloworld,440313,2204628,1,1,71,80,0.8875,0.7971534080830098,0.9472484868543125,0.15009507877130268
refcocoplus,yoloworld,510342,424792,0,0,0,0,0.0,0.0,0.0,0.0
refcocoplus,yoloworld,418065,151032,1,1,59,80,0.7375,0.6271491697875681,0.8295907488995917,0.20244157911202365
refcocoplus,yoloworld,396380,485581,1,1,40,80,0.5,0.3860478833649093,0.6139521166350907,0.22790423327018144
refcocoplus,yoloworld,150100,461684,0,0,0,0,0.0,0.0,0.0,0.0
refcocoplus,yoloworld,8657,215789,1,0,64,80,0.8,0.6956311329945355,0.8811409135950147,0.18550978060047918
refcocoplus,yoloworld,377513,195640,1,0,22,80,0.275,0.18103763855703875,0.38624342084440927,0.20520578228737052
refcocoplus,yoloworld,171729,2198710,1,1,53,80,0.6625,0.5480943856258318,0.7644738620163491,0.21637947639051736
refcocoplus,yoloworld,104114,1544258,0,0,0,0,0.0,0.0,0.0,0.0
refcocoplus,yoloworld,409918,587118,1,1,49,80,0.6125,0.4969755425018991,0.7194348668752178,0.22245932437331872
refcocoplus,yoloworld,492354,1056044,1,0,34,80,0.425,0.31510976545234215,0.5406111885690619,0.22550142311671972
refcocoplus,yoloworld,227554,1184124,1,1,63,80,0.7875,0.6817141914403442,0.8710635049024182,0.18934931346207406
refcocoplus,yoloworld,430759,1081573,1,0,14,80,0.175,0.09911050983942865,0.27615403952101353,0.17704352968158488
refcocoplus,yoloworld,466024,587961,1,1,22,80,0.275,0.18103763855703875,0.38624342084440927,0.20520578228737052
refcocoplus,yoloworld,431376,166746,1,1,75,80,0.9375,0.860142924702361,0.9793969276979898,0.11925400299562883
refcocoplus,yoloworld,400124,1050952,1,0,36,80,0.45,0.33848638448981544,0.565326020905847,0.2268396364160316
refcocoplus,yoloworld,453563,1562047,0,0,0,0,0.0,0.0,0.0,0.0
refcocoplus,yoloworld,38558,133235,0,0,0,0,0.0,0.0,0.0,0.0
refcocoplus,yoloworld,388031,1871286,1,0,68,80,0.85,0.7526358884071023,0.9200184386902862,0.16738255028318394
refcocoplus,yoloworld,390567,2171933,1,0,52,80,0.65,0.5352031145206643,0.7533280635274648,0.21812494900680057
refcocoplus,yoloworld,518455,1674248,1,0,9,80,0.1125,0.052751513145687524,0.20284659191699012,0.1500950787713026
refcocoplus,yoloworld,373393,171936,1,1,54,80,0.675,0.5610629543955516,0.7755404148225468,0.21447746042699511
refcocoplus,yoloworld,173538,38578,0,0,0,0,0.0,0.0,0.0,0.0
refcocoplus,yoloworld,63485,1910775,1,0,35,80,0.4375,0.3267639534337789,0.5530024286118197,0.2262384751780408
refcocoplus,yoloworld,328298,683534,0,0,0,0,0.0,0.0,0.0,0.0
refcocoplus,yoloworld,443093,1572366,1,0,33,80,0.4125,0.30352459293759415,0.5281516595747955,0.22462706663720133
refcocoplus,yoloworld,605,670466,1,1,68,80,0.85,0.7526358884071023,0.9200184386902862,0.16738255028318394
refcocoplus,yoloworld,481218,64221,0,0,0,0,0.0,0.0,0.0,0.0
refcocoplus,yoloworld,41233,401649,0,0,0,0,0.0,0.0,0.0,0.0
refcocoplus,yoloworld,536823,1673876,0,0,0,0,0.0,0.0,0.0,0.0
refcocoplus,yoloworld,384691,59547,1,0,37,80,0.4625,0.3502764265383982,0.5775824719951649,0.2273060454567667
refcocoplus,yoloworld,71221,2186260,1,0,57,80,0.7125,0.6004548866879794,0.8082395280280349,0.20778464134005548
refcocoplus,yoloworld,326056,1546143,1,0,23,80,0.2875,0.19176047197196505,0.3995451133120206,0.20778464134005553
refcocoplus,yoloworld,428208,2217454,1,0,65,80,0.8125,0.7096721043523089,0.8910863118524706,0.18141420750016168
refcocoplus,yoloworld,400534,1942568,1,1,66,80,0.825,0.7238459604789864,0.9008894901605713,0.17704352968158488
refcocoplus,yoloworld,320077,102968,1,0,40,80,0.5,0.3860478833649093,0.6139521166350907,0.22790423327018144
refcocoplus,yoloworld,290265,59370,1,1,67,80,0.8375,0.7381631061748871,0.9105383582774708,0.17237525210258364
refcocoplus,yoloworld,537127,117394,1,1,35,80,0.4375,0.3267639534337789,0.5530024286118197,0.2262384751780408
refcocoplus,yoloworld,197407,88799,1,0,11,80,0.1375,0.07068783270387868,0.2327208708247256,0.1620330381208469
refcocoplus,yoloworld,61144,1675118,0,0,0,0,0.0,0.0,0.0,0.0
refcocoplus,yoloworld,317054,573163,1,0,80,80,1.0,0.9549359649323077,1.0,0.0450640350676923
refcocoplus,yoloworld,153845,663915,0,0,0,0,0.0,0.0,0.0,0.0
refcocoplus,yoloworld,549605,47683,1,1,23,80,0.2875,0.19176047197196505,0.3995451133120206,0.20778464134005553
refcocoplus,yoloworld,550993,1662754,1,0,42,80,0.525,0.4102278413767706,0.6378664183228473,0.2276385769460767
refcocoplus,yoloworld,532419,589143,1,1,78,80,0.975,0.9125928440694077,0.9969579138351904,0.08436506976578273
refcocoplus,yoloworld,451818,1944036,1,1,80,80,1.0,0.9549359649323077,1.0,0.0450640350676923
refcocoplus,yoloworld,88726,38630,1,1,46,80,0.575,0.45938881143093807,0.6848902345476577,0.22550142311671967
refcocoplus,yoloworld,316293,711879,0,0,0,0,0.0,0.0,0.0,0.0
refcocoplus,yoloworld,517123,62713,0,0,0,0,0.0,0.0,0.0,0.0
refcocoplus,yoloworld,439906,121215,1,0,66,80,0.825,0.7238459604789864,0.9008894901605713,0.17704352968158488
refcocoplus,yoloworld,57828,419453,1,0,45,80,0.5625,0.44699757138818025,0.673236046566221,0.2262384751780408
refcocoplus,yoloworld,143003,1040728,1,0,55,80,0.6875,0.5741109261435505,0.7865253688912328,0.21241444274768229
refcocoplus,yoloworld,360555,1039353,1,0,57,80,0.7125,0.6004548866879794,0.8082395280280349,0.20778464134005548
refcocoplus,yoloworld,372748,1957851,1,1,29,80,0.3625,0.2578948953716181,0.47761272126480847,0.2197178258931904
refcocoplus,yoloworld,175195,1971537,1,1,48,80,0.6,0.4843769404954894,0.7079906437446896,0.22361370324920016
refcocoplus,yoloworld,573825,1616333,1,0,24,80,0.3,0.20257392914667274,0.412759323081376,0.21018539393470323
refcocoplus,yoloworld,113244,1089675,1,0,15,80,0.1875,0.10891368814752944,0.2903278956476912,0.18141420750016174
refcocoplus,yoloworld,243120,596319,1,0,62,80,0.775,0.6679136799387491,0.8608627895010682,0.19294910956231914
refcocoplus,yoloworld,581518,1082811,0,0,0,0,0.0,0.0,0.0,0.0
refcocoplus,yoloworld,321305,590645,1,1,80,80,1.0,0.9549359649323077,1.0,0.0450640350676923
refcocoplus,yoloworld,544516,56505,1,0,65,80,0.8125,0.7096721043523089,0.8910863118524706,0.18141420750016168
refcocoplus,yoloworld,439060,155627,1,0,47,80,0.5875,0.47184834042520446,0.6964754070624058,0.2246270666372014
refcocoplus,yoloworld,58405,1675418,1,0,40,80,0.5,0.3860478833649093,0.6139521166350907,0.22790423327018144
refcocoplus,yoloworld,410024,115138,1,0,47,80,0.5875,0.47184834042520446,0.6964754070624058,0.2246270666372014
refcocoplus,yoloworld,426383,167237,1,1,80,80,1.0,0.9549359649323077,1.0,0.0450640350676923
refcocoplus,yoloworld,548559,173743,1,1,46,80,0.575,0.45938881143093807,0.6848902345476577,0.22550142311671967
refcocoplus,yoloworld,571654,1968985,1,1,44,80,0.55,0.43467397909415284,0.6615136155101845,0.22683963641603166
refcocoplus,yoloworld,578734,1912853,0,0,0,0,0.0,0.0,0.0,0.0
refcocoplus,yoloworld,409111,275828,1,0,42,80,0.525,0.4102278413767706,0.6378664183228473,0.2276385769460767
refcocoplus,yoloworld,481428,74856,1,0,48,80,0.6,0.4843769404954894,0.7079906437446896,0.22361370324920016
refcocoplus,yoloworld,117969,591583,1,0,79,80,0.9875,0.9323122155360776,0.9996835774723672,0.06737136193628968
refcocoplus,yoloworld,454174,397751,1,0,49,80,0.6125,0.4969755425018991,0.7194348668752178,0.22245932437331872
refcocoplus,yoloworld,473588,249593,0,0,0,0,0.0,0.0,0.0,0.0
refcocoplus,yoloworld,375568,385868,1,1,39,80,0.4875,0.37405748144443896,0.6018953312968145,0.22783784985237554
refcocoplus,yoloworld,157744,1119592,1,1,56,80,0.7,0.5872406769186242,0.7974260708533272,0.21018539393470292
refcocoplus,yoloworld,90350,273670,1,1,20,80,0.25,0.1598796445068557,0.35936347590685,0.19948383139999432
refcocoplus,yoloworld,429887,1990990,1,0,80,80,1.0,0.9549359649323077,1.0,0.0450640350676923
refcocoplus,yoloworld,8936,596072,1,0,44,80,0.55,0.43467397909415284,0.6615136155101845,0.22683963641603166
refcocoplus,yoloworld,222113,594711,1,1,60,80,0.75,0.64063652409315,0.8401203554931442,0.19948383139999426
refcocoplus,yoloworld,492155,66219,0,0,0,0,0.0,0.0,0.0,0.0
refcocoplus,yoloworld,571694,298741,0,0,0,0,0.0,0.0,0.0,0.0
refcocoplus,yoloworld,364653,62512,1,1,38,80,0.475,0.3621335816771527,0.5897721586232294,0.2276385769460767
refcocoplus,yoloworld,312454,589780,1,1,68,80,0.85,0.7526358884071023,0.9200184386902862,0.16738255028318394
refcocoplus,yoloworld,106315,1911604,1,0,68,80,0.85,0.7526358884071023,0.9200184386902862,0.16738255028318394
refcocoplus,yoloworld,431211,587102,1,0,31,80,0.3875,0.28056513312478215,0.5030244574981009,0.22245932437331872
refcocoplus,yoloworld,170712,378908,1,0,24,80,0.3,0.20257392914667274,0.412759323081376,0.21018539393470323
refcocoplus,yoloworld,485984,35730,1,0,80,80,1.0,0.9549359649323077,1.0,0.0450640350676923
refcocoplus,yoloworld,242350,1161110,1,0,80,80,1.0,0.9549359649323077,1.0,0.0450640350676923
refcocoplus,yoloworld,433405,1500360,1,0,73,80,0.9125,0.8279916615801152,0.9640936410104413,0.1361019794303261
refcocoplus,yoloworld,561545,313632,1,0,28,80,0.35,0.24667193647253513,0.4647968854793358,0.21812494900680066
refcocoplus,yoloworld,118543,1049848,1,0,36,80,0.45,0.33848638448981544,0.565326020905847,0.2268396364160316
refcocoplus,yoloworld,330607,1870880,1,0,70,80,0.875,0.7821108659305637,0.9383979034415657,0.15628703751100204
refcocoplus,yoloworld,225069,48687,1,1,31,80,0.3875,0.28056513312478215,0.5030244574981009,0.22245932437331872
refcocoplus,yoloworld,392197,160390,1,1,46,80,0.575,0.45938881143093807,0.6848902345476577,0.22550142311671967
refcocoplus,yoloworld,277867,1378849,1,0,52,80,0.65,0.5352031145206643,0.7533280635274648,0.21812494900680057
refcocoplus,yoloworld,209794,1068918,1,1,39,80,0.4875,0.37405748144443896,0.6018953312968145,0.22783784985237554
refcocoplus,yoloworld,244528,309760,1,1,37,80,0.4625,0.3502764265383982,0.5775824719951649,0.2273060454567667
refcocoplus,yoloworld,267697,593325,1,0,69,80,0.8625,0.7672791291752744,0.9293121672961213,0.1620330381208469
refcocoplus,yoloworld,510027,311169,0,0,0,0,0.0,0.0,0.0,0.0
refcocoplus,yoloworld,391733,1983249,1,0,80,80,1.0,0.9549359649323077,1.0,0.0450640350676923
refcocoplus,yoloworld,524340,51266,1,1,64,80,0.8,0.6956311329945355,0.8811409135950147,0.18550978060047918
refcocoplus,yoloworld,122959,1675684,1,0,74,80,0.925,0.8438720682639279,0.9719794538231588,0.12810738555923085
refcocoplus,yoloworld,409824,599682,1,1,78,80,0.975,0.9125928440694077,0.9969579138351904,0.08436506976578273
refcocoplus,yoloworld,118780,1820214,1,1,62,80,0.775,0.6679136799387491,0.8608627895010682,0.19294910956231914
refcocoplus,yoloworld,548704,2110679,1,0,19,80,0.2375,0.1494537518566408,0.34577697114026784,0.19632321928362703
refcocoplus,yoloworld,230321,316215,1,1,31,80,0.3875,0.28056513312478215,0.5030244574981009,0.22245932437331872
refcocoplus,yoloworld,558576,1573734,0,0,0,0,0.0,0.0,0.0,0.0
refcocoplus,yoloworld,73602,1184009,0,0,0,0,0.0,0.0,0.0,0.0
refcocoplus,yoloworld,101479,34791,1,1,46,80,0.575,0.45938881143093807,0.6848902345476577,0.22550142311671967
refcocoplus,yoloworld,137320,1042719,1,1,80,80,1.0,0.9549359649323077,1.0,0.0450640350676923
refcocoplus,yoloworld,215026,1817979,1,0,26,80,0.325,0.22445958517745324,0.4389370456044483,0.21447746042699506
refcocoplus,yoloworld,286190,168083,1,1,80,80,1.0,0.9549359649323077,1.0,0.0450640350676923
refcocoplus,yoloworld,423341,135320,1,1,64,80,0.8,0.6956311329945355,0.8811409135950147,0.18550978060047918
refcocoplus,yoloworld,345207,133290,1,1,80,80,1.0,0.9549359649323077,1.0,0.0450640350676923
refcocoplus,yoloworld,62477,349851,1,0,42,80,0.525,0.4102278413767706,0.6378664183228473,0.2276385769460767
refcocoplus,yoloworld,66566,1900979,0,0,0,0,0.0,0.0,0.0,0.0
refcocoplus,yoloworld,260668,1075645,1,0,43,80,0.5375,0.4224175280048351,0.6497235734616016,0.22730604545676647
refcocoplus,yoloworld,522856,1908647,1,0,80,80,1.0,0.9549359649323077,1.0,0.0450640350676923
refcocoplus,yoloworld,229041,73971,1,0,57,80,0.7125,0.6004548866879794,0.8082395280280349,0.20778464134005548
refcocoplus,yoloworld,7944,711793,1,0,36,80,0.45,0.33848638448981544,0.565326020905847,0.2268396364160316
refcocoplus,yoloworld,311388,2219142,0,0,0,0,0.0,0.0,0.0,0.0
refcocoplus,yoloworld,208845,1122937,1,0,26,80,0.325,0.22445958517745324,0.4389370456044483,0.21447746042699506
refcocoplus,yoloworld,35796,1607968,1,1,75,80,0.9375,0.860142924702361,0.9793969276979898,0.11925400299562883
refcocoplus,yoloworld,127282,1154727,1,0,49,80,0.6125,0.4969755425018991,0.7194348668752178,0.22245932437331872
refcocoplus,yoloworld,340703,1186784,1,1,19,80,0.2375,0.1494537518566408,0.34577697114026784,0.19632321928362703
refcocoplus,yoloworld,93992,1531551,0,0,0,0,0.0,0.0,0.0,0.0
refcocoplus,yoloworld,142426,1183958,1,0,34,80,0.425,0.31510976545234215,0.5406111885690619,0.22550142311671972
refcocoplus,yoloworld,51835,582886,1,0,79,80,0.9875,0.9323122155360776,0.9996835774723672,0.06737136193628968
refcocoplus,yoloworld,80818,592744,1,1,80,80,1.0,0.9549359649323077,1.0,0.0450640350676923
refcocoplus,yoloworld,2281,1772721,0,0,0,0,0.0,0.0,0.0,0.0
refcocoplus,yoloworld,154895,313105,1,1,38,80,0.475,0.3621335816771527,0.5897721586232294,0.2276385769460767
refcocoplus,yoloworld,109114,1552953,1,0,5,80,0.0625,0.02060307230201024,0.13985707529763908,0.11925400299562884
refcocoplus,yoloworld,191754,164447,1,0,53,80,0.6625,0.5480943856258318,0.7644738620163491,0.21637947639051736
refcocoplus,yoloworld,162046,399413,1,1,13,80,0.1625,0.08946164172252925,0.2618368938251128,0.1723752521025836
refcocoplus,yoloworld,148602,160832,0,0,0,0,0.0,0.0,0.0,0.0
refcocoplus,yoloworld,153591,1874931,0,0,0,0,0.0,0.0,0.0,0.0
refcocoplus,yoloworld,438099,577501,0,0,0,0,0.0,0.0,0.0,0.0
refcocoplus,yoloworld,409166,1085984,1,0,80,80,1.0,0.9549359649323077,1.0,0.0450640350676923
refcocoplus,yoloworld,311709,74088,0,0,0,0,0.0,0.0,0.0,0.0
refcocoplus,yoloworld,66669,1161123,1,0,61,80,0.7625,0.6542230288597322,0.8505462481433591,0.19632321928362695
refcocoplus,yoloworld,73680,1094643,1,0,78,80,0.975,0.9125928440694077,0.9969579138351904,0.08436506976578273
refcocoplus,yoloworld,362031,1626509,0,0,0,0,0.0,0.0,0.0,0.0
refcocoplus,yoloworld,299041,283245,0,0,0,0,0.0,0.0,0.0,0.0
refcocoplus,yoloworld,309252,56416,1,1,37,80,0.4625,0.3502764265383982,0.5775824719951649,0.2273060454567667
refcocoplus,yoloworld,240662,683661,1,1,19,80,0.2375,0.1494537518566408,0.34577697114026784,0.19632321928362703
refcocoplus,yoloworld,117578,1073951,1,1,55,80,0.6875,0.5741109261435505,0.7865253688912328,0.21241444274768229
refcocoplus,yoloworld,320963,1599759,1,0,78,80,0.975,0.9125928440694077,0.9969579138351904,0.08436506976578273
refcocoplus,yoloworld,471332,1805380,1,0,66,80,0.825,0.7238459604789864,0.9008894901605713,0.17704352968158488
refcocoplus,yoloworld,492408,285987,1,0,77,80,0.9625,0.8942980149834914,0.9921988127342833,0.09790079775079197
refcocoplus,yoloworld,391332,1626319,1,1,61,80,0.7625,0.6542230288597322,0.8505462481433591,0.19632321928362695
refcocoplus,yoloworld,411803,174682,1,0,51,80,0.6375,0.5223872787351916,0.7421051046283819,0.21971782589319022
refcocoplus,yoloworld,303804,1668058,1,0,53,80,0.6625,0.5480943856258318,0.7644738620163491,0.21637947639051736
refcocoplus,yoloworld,260317,1139000,0,0,0,0,0.0,0.0,0.0,0.0
refcocoplus,yoloworld,415235,72812,1,0,75,80,0.9375,0.860142924702361,0.9793969276979898,0.11925400299562883
refcocoplus,yoloworld,419171,1044154,0,0,0,0,0.0,0.0,0.0,0.0
refcocoplus,yoloworld,278816,319729,1,1,75,80,0.9375,0.860142924702361,0.9793969276979898,0.11925400299562883
refcocoplus,yoloworld,518785,345627,0,0,0,0,0.0,0.0,0.0,0.0
refcocoplus,yoloworld,384029,2222000,0,0,0,0,0.0,0.0,0.0,0.0
refcocoplus,yoloworld,575519,249393,1,0,43,80,0.5375,0.4224175280048351,0.6497235734616016,0.22730604545676647
refcocoplus,yoloworld,345388,1187196,1,1,58,80,0.725,0.6137565791555909,0.8189623614429612,0.2052057822873703
refcocoplus,yoloworld,537188,1184638,0,0,0,0,0.0,0.0,0.0,0.0
refcocoplus,yoloworld,315057,1560826,1,1,80,80,1.0,0.9549359649323077,1.0,0.0450640350676923
refcocoplus,yoloworld,2400,6277,0,0,0,0,0.0,0.0,0.0,0.0
refcocoplus,yoloworld,94084,1562655,1,0,76,80,0.95,0.876901263556847,0.9862106060235382,0.1093093424666911
refcocoplus,yoloworld,522240,711838,1,1,9,80,0.1125,0.052751513145687524,0.20284659191699012,0.1500950787713026
refcocoplus,yoloworld,215357,598843,1,0,80,80,1.0,0.9549359649323077,1.0,0.0450640350676923
refcocoplus,yoloworld,210710,1409556,1,1,34,80,0.425,0.31510976545234215,0.5406111885690619,0.22550142311671972
refcocoplus,yoloworld,148809,1585604,1,0,48,80,0.6,0.4843769404954894,0.7079906437446896,0.22361370324920016
refcocoplus,yoloworld,192476,1078514,1,1,51,80,0.6375,0.5223872787351916,0.7421051046283819,0.21971782589319022
refcocoplus,yoloworld,338120,175345,1,1,66,80,0.825,0.7238459604789864,0.9008894901605713,0.17704352968158488
refcocoplus,yoloworld,525342,1907837,1,0,12,80,0.15,0.07998156130971382,0.24736411159289767,0.16738255028318386
refcocoplus,yoloworld,329993,36422,1,1,80,80,1.0,0.9549359649323077,1.0,0.0450640350676923
refcocoplus,yoloworld,87878,1624255,1,0,71,80,0.8875,0.7971534080830098,0.9472484868543125,0.15009507877130268
refcocoplus,yoloworld,187566,1070006,0,0,0,0,0.0,0.0,0.0,0.0
refcocoplus,yoloworld,277188,401531,1,0,35,80,0.4375,0.3267639534337789,0.5530024286118197,0.2262384751780408
refcocoplus,yoloworld,323475,1049783,1,0,48,80,0.6,0.4843769404954894,0.7079906437446896,0.22361370324920016
refcocoplus,yoloworld,15485,108341,1,0,80,80,1.0,0.9549359649323077,1.0,0.0450640350676923
refcocoplus,yoloworld,236397,1945263,1,0,20,80,0.25,0.1598796445068557,0.35936347590685,0.19948383139999432
refcocoplus,yoloworld,423412,1081885,0,0,0,0,0.0,0.0,0.0,0.0
refcocoplus,yoloworld,510334,75268,0,0,0,0,0.0,0.0,0.0,0.0
refcocoplus,yoloworld,16496,1361813,1,1,43,80,0.5375,0.4224175280048351,0.6497235734616016,0.22730604545676647
refcocoplus,yoloworld,502148,314756,1,1,76,80,0.95,0.876901263556847,0.9862106060235382,0.1093093424666911
refcocoplus,yoloworld,304757,1103622,1,1,51,80,0.6375,0.5223872787351916,0.7421051046283819,0.21971782589319022
refcocoplus,yoloworld,96586,1823321,1,1,71,80,0.8875,0.7971534080830098,0.9472484868543125,0.15009507877130268
refcocoplus,yoloworld,188621,1055694,0,0,0,0,0.0,0.0,0.0,0.0
refcocoplus,yoloworld,305546,52136,1,1,27,80,0.3375,0.23552613798365082,0.4519056143741682,0.21637947639051738
refcocoplus,yoloworld,225468,2109357,1,1,33,80,0.4125,0.30352459293759415,0.5281516595747955,0.22462706663720133
refcocoplus,yoloworld,536039,313512,0,0,0,0,0.0,0.0,0.0,0.0
refcocoplus,yoloworld,537807,1586508,1,1,36,80,0.45,0.33848638448981544,0.565326020905847,0.2268396364160316
refcocoplus,yoloworld,318117,132352,1,0,32,80,0.4,0.2920093562553105,0.5156230595045106,0.2236137032492001
refcocoplus,yoloworld,31382,716515,1,0,78,80,0.975,0.9125928440694077,0.9969579138351904,0.08436506976578273
refcocoplus,yoloworld,376802,174169,1,1,22,80,0.275,0.18103763855703875,0.38624342084440927,0.20520578228737052
refcocoplus,yoloworld,16089,310911,0,0,0,0,0.0,0.0,0.0,0.0
refcocoplus,yoloworld,65085,1565136,1,1,32,80,0.4,0.2920093562553105,0.5156230595045106,0.2236137032492001
refcocoplus,yoloworld,476347,39457,1,0,79,80,0.9875,0.9323122155360776,0.9996835774723672,0.06737136193628968
refcocoplus,yoloworld,226541,155317,1,0,64,80,0.8,0.6956311329945355,0.8811409135950147,0.18550978060047918
refcocoplus,yoloworld,110230,17252,1,1,23,80,0.2875,0.19176047197196505,0.3995451133120206,0.20778464134005553
refcocoplus,yoloworld,192337,590456,1,0,68,80,0.85,0.7526358884071023,0.9200184386902862,0.16738255028318394
refcocoplus,yoloworld,89005,39939,1,0,50,80,0.625,0.5096452355928875,0.7308068300531951,0.2211615944603076
refcocoplus,yoloworld,353997,1545082,1,0,80,80,1.0,0.9549359649323077,1.0,0.0450640350676923
refcocoplus,yoloworld,309087,1484082,0,0,0,0,0.0,0.0,0.0,0.0
refcocoplus,yoloworld,318183,1153336,1,1,74,80,0.925,0.8438720682639279,0.9719794538231588,0.12810738555923085
refcocoplus,yoloworld,423481,660173,1,0,66,80,0.825,0.7238459604789864,0.9008894901605713,0.17704352968158488
refcocoplus,yoloworld,232167,321223,1,0,69,80,0.8625,0.7672791291752744,0.9293121672961213,0.1620330381208469
refcocoplus,yoloworld,173882,1060707,1,0,63,80,0.7875,0.6817141914403442,0.8710635049024182,0.18934931346207406
refcocoplus,yoloworld,381858,597262,1,1,75,80,0.9375,0.860142924702361,0.9793969276979898,0.11925400299562883
refcocoplus,yoloworld,530406,591041,0,0,0,0,0.0,0.0,0.0,0.0
refcocoplus,yoloworld,536960,79247,0,0,0,0,0.0,0.0,0.0,0.0
refcocoplus,yoloworld,576758,170968,1,1,29,80,0.3625,0.2578948953716181,0.47761272126480847,0.2197178258931904
refcocoplus,yoloworld,548875,584131,1,0,47,80,0.5875,0.47184834042520446,0.6964754070624058,0.2246270666372014
refcocoplus,yoloworld,189957,668932,0,0,0,0,0.0,0.0,0.0,0.0
refcocoplus,yoloworld,27679,1126266,1,1,42,80,0.525,0.4102278413767706,0.6378664183228473,0.2276385769460767
refcocoplus,yoloworld,267189,1118647,1,1,41,80,0.5125,0.39810466870318556,0.625942518555561,0.22783784985237548
refcocoplus,yoloworld,327881,591076,1,0,80,80,1.0,0.9549359649323077,1.0,0.0450640350676923
refcocoplus,yoloworld,128286,1465870,0,0,0,0,0.0,0.0,0.0,0.0
refcocoplus,yoloworld,223650,419367,1,1,53,80,0.6625,0.5480943856258318,0.7644738620163491,0.21637947639051736
refcocoplus,yoloworld,503497,2231896,0,0,0,0,0.0,0.0,0.0,0.0
refcocoplus,yoloworld,46997,311799,1,0,31,80,0.3875,0.28056513312478215,0.5030244574981009,0.22245932437331872
refcocoplus,yoloworld,4032,164266,1,1,31,80,0.3875,0.28056513312478215,0.5030244574981009,0.22245932437331872
refcocoplus,yoloworld,408390,1058739,0,0,0,0,0.0,0.0,0.0,0.0
refcocoplus,yoloworld,402298,419214,0,0,0,0,0.0,0.0,0.0,0.0
refcocoplus,yoloworld,173814,52112,0,0,0,0,0.0,0.0,0.0,0.0
refcocoplus,yoloworld,55966,1842304,0,0,0,0,0.0,0.0,0.0,0.0
refcocoplus,yoloworld,164855,591075,0,0,0,0,0.0,0.0,0.0,0.0
refcocoplus,yoloworld,452380,1497786,1,1,23,80,0.2875,0.19176047197196505,0.3995451133120206,0.20778464134005553
refcocoplus,yoloworld,336688,117410,1,0,26,80,0.325,0.22445958517745324,0.4389370456044483,0.21447746042699506
refcocoplus,yoloworld,412194,1911757,1,1,79,80,0.9875,0.9323122155360776,0.9996835774723672,0.06737136193628968
refcocoplus,yoloworld,196971,52189,1,1,80,80,1.0,0.9549359649323077,1.0,0.0450640350676923
refcocoplus,yoloworld,285093,581273,1,1,64,80,0.8,0.6956311329945355,0.8811409135950147,0.18550978060047918
refcocoplus,yoloworld,140320,115080,1,1,47,80,0.5875,0.47184834042520446,0.6964754070624058,0.2246270666372014
refcocoplus,yoloworld,25414,319653,1,0,52,80,0.65,0.5352031145206643,0.7533280635274648,0.21812494900680057
refcocoplus,yoloworld,576153,583088,1,1,69,80,0.8625,0.7672791291752744,0.9293121672961213,0.1620330381208469
refcocoplus,yoloworld,111705,120013,1,0,80,80,1.0,0.9549359649323077,1.0,0.0450640350676923
refcocoplus,yoloworld,411191,1559681,1,0,77,80,0.9625,0.8942980149834914,0.9921988127342833,0.09790079775079197
refcocoplus,yoloworld,323896,134796,0,0,0,0,0.0,0.0,0.0,0.0
refcocoplus,yoloworld,525459,1079321,0,0,0,0,0.0,0.0,0.0,0.0
refcocoplus,yoloworld,426510,175108,1,0,52,80,0.65,0.5352031145206643,0.7533280635274648,0.21812494900680057
refcocoplus,yoloworld,364913,276268,1,0,69,80,0.8625,0.7672791291752744,0.9293121672961213,0.1620330381208469
refcocoplus,yoloworld,310158,584732,1,0,64,80,0.8,0.6956311329945355,0.8811409135950147,0.18550978060047918
refcocoplus,yoloworld,444598,1575952,1,0,35,80,0.4375,0.3267639534337789,0.5530024286118197,0.2262384751780408
refcocoplus,yoloworld,160503,1076205,1,1,41,80,0.5125,0.39810466870318556,0.625942518555561,0.22783784985237548
refcocoplus,yoloworld,543490,42331,1,0,43,80,0.5375,0.4224175280048351,0.6497235734616016,0.22730604545676647
refcocoplus,yoloworld,520456,53927,1,1,49,80,0.6125,0.4969755425018991,0.7194348668752178,0.22245932437331872
refcocoplus,yoloworld,14025,1084500,1,1,48,80,0.6,0.4843769404954894,0.7079906437446896,0.22361370324920016
refcocoplus,yoloworld,204800,16319,1,1,80,80,1.0,0.9549359649323077,1.0,0.0450640350676923
refcocoplus,yoloworld,176810,1779443,1,0,25,80,0.3125,0.21347463110876716,0.4258890738564495,0.2124144427476823
refcocoplus,yoloworld,215289,66709,1,0,36,80,0.45,0.33848638448981544,0.565326020905847,0.2268396364160316
refcocoplus,yoloworld,284639,35379,1,0,79,80,0.9875,0.9323122155360776,0.9996835774723672,0.06737136193628968
refcocoplus,yoloworld,9017,1081899,1,0,48,80,0.6,0.4843769404954894,0.7079906437446896,0.22361370324920016
refcocoplus,yoloworld,360585,57173,1,1,22,80,0.275,0.18103763855703875,0.38624342084440927,0.20520578228737052
refcocoplus,yoloworld,265292,1555209,1,1,29,80,0.3625,0.2578948953716181,0.47761272126480847,0.2197178258931904
refcocoplus,yoloworld,99159,2096586,1,1,62,80,0.775,0.6679136799387491,0.8608627895010682,0.19294910956231914
refcocoplus,yoloworld,139811,368701,1,0,75,80,0.9375,0.860142924702361,0.9793969276979898,0.11925400299562883
refcocoplus,yoloworld,113123,1842623,0,0,0,0,0.0,0.0,0.0,0.0
refcocoplus,yoloworld,253904,314096,1,0,76,80,0.95,0.876901263556847,0.9862106060235382,0.1093093424666911
refcocoplus,yoloworld,389425,23781,1,0,71,80,0.8875,0.7971534080830098,0.9472484868543125,0.15009507877130268
refcocoplus,yoloworld,219248,58355,1,0,73,80,0.9125,0.8279916615801152,0.9640936410104413,0.1361019794303261
refcocoplus,yoloworld,239933,152477,1,0,80,80,1.0,0.9549359649323077,1.0,0.0450640350676923
refcocoplus,yoloworld,579299,1571106,0,0,0,0,0.0,0.0,0.0,0.0
refcocoplus,yoloworld,566592,70678,1,1,57,80,0.7125,0.6004548866879794,0.8082395280280349,0.20778464134005548
refcocoplus,yoloworld,174896,1586864,1,0,17,80,0.2125,0.1289364950975817,0.3182858085596558,0.18934931346207412
refcocoplus,yoloworld,392015,601380,1,0,73,80,0.9125,0.8279916615801152,0.9640936410104413,0.1361019794303261
refcocoplus,yoloworld,545411,2217613,1,0,74,80,0.925,0.8438720682639279,0.9719794538231588,0.12810738555923085
refcocoplus,yoloworld,63820,161285,0,0,0,0,0.0,0.0,0.0,0.0
refcocoplus,yoloworld,300392,1967859,0,0,0,0,0.0,0.0,0.0,0.0
refcocoplus,yoloworld,443916,1674457,0,0,0,0,0.0,0.0,0.0,0.0
refcocoplus,yoloworld,318953,1840310,0,0,0,0,0.0,0.0,0.0,0.0
refcocoplus,yoloworld,200181,2117607,1,0,80,80,1.0,0.9549359649323077,1.0,0.0450640350676923
refcocoplus,yoloworld,427868,40253,1,1,61,80,0.7625,0.6542230288597322,0.8505462481433591,0.19632321928362695
refcocoplus,yoloworld,574299,154399,1,0,30,80,0.375,0.2691931699468049,0.4903547644071125,0.2211615944603076
refcocoplus,yoloworld,194193,580599,1,1,65,80,0.8125,0.7096721043523089,0.8910863118524706,0.18141420750016168
refcocoplus,yoloworld,194564,1570367,1,0,28,80,0.35,0.24667193647253513,0.4647968854793358,0.21812494900680066
refcocoplus,yoloworld,323052,172005,1,1,36,80,0.45,0.33848638448981544,0.565326020905847,0.2268396364160316
refcocoplus,yoloworld,553176,32719,1,1,27,80,0.3375,0.23552613798365082,0.4519056143741682,0.21637947639051738
refcocoplus,yoloworld,229541,22508,1,0,39,80,0.4875,0.37405748144443896,0.6018953312968145,0.22783784985237554
refcocoplus,yoloworld,424485,2227458,1,0,18,80,0.225,0.13913721049893182,0.33208632006125094,0.19294910956231912
refcocoplus,yoloworld,20052,1412017,1,0,59,80,0.7375,0.6271491697875681,0.8295907488995917,0.20244157911202365
refcocoplus,yoloworld,72701,313450,1,1,53,80,0.6625,0.5480943856258318,0.7644738620163491,0.21637947639051736
refcocoplus,yoloworld,83959,1078968,1,1,22,80,0.275,0.18103763855703875,0.38624342084440927,0.20520578228737052
refcocoplus,yoloworld,536730,1161343,0,0,0,0,0.0,0.0,0.0,0.0
refcocoplus,yoloworld,18276,310752,1,0,36,80,0.45,0.33848638448981544,0.565326020905847,0.2268396364160316
refcocoplus,yoloworld,207629,1537435,1,1,75,80,0.9375,0.860142924702361,0.9793969276979898,0.11925400299562883
refcocoplus,yoloworld,37800,1076748,1,0,80,80,1.0,0.9549359649323077,1.0,0.0450640350676923
refcocoplus,yoloworld,276244,28843,0,0,0,0,0.0,0.0,0.0,0.0
refcocoplus,yoloworld,280873,1114893,1,1,73,80,0.9125,0.8279916615801152,0.9640936410104413,0.1361019794303261
refcocoplus,yoloworld,285897,1624184,1,0,73,80,0.9125,0.8279916615801152,0.9640936410104413,0.1361019794303261
refcocoplus,yoloworld,276845,153342,1,1,46,80,0.575,0.45938881143093807,0.6848902345476577,0.22550142311671967
refcocoplus,yoloworld,10229,399754,0,0,0,0,0.0,0.0,0.0,0.0
refcocoplus,yoloworld,345835,1407594,0,0,0,0,0.0,0.0,0.0,0.0
refcocoplus,yoloworld,299123,57406,1,1,80,80,1.0,0.9549359649323077,1.0,0.0450640350676923
refcocoplus,yoloworld,487510,113175,1,0,31,80,0.3875,0.28056513312478215,0.5030244574981009,0.22245932437331872
refcocoplus,yoloworld,581346,591091,1,0,72,80,0.9,0.8124348925365683,0.955829059846371,0.1433941673098027
refcocoplus,yoloworld,406295,1867158,1,0,78,80,0.975,0.9125928440694077,0.9969579138351904,0.08436506976578273
refcocoplus,yoloworld,578002,666957,1,1,57,80,0.7125,0.6004548866879794,0.8082395280280349,0.20778464134005548
refcocoplus,yoloworld,219349,2099621,0,0,0,0,0.0,0.0,0.0,0.0
refcocoplus,yoloworld,264885,1402086,1,1,78,80,0.975,0.9125928440694077,0.9969579138351904,0.08436506976578273
refcocoplus,yoloworld,105620,1905402,0,0,0,0,0.0,0.0,0.0,0.0
refcocoplus,yoloworld,219943,313306,1,1,80,80,1.0,0.9549359649323077,1.0,0.0450640350676923
refcocoplus,yoloworld,270269,1385828,1,1,28,80,0.35,0.24667193647253513,0.4647968854793358,0.21812494900680066
refcocoplus,yoloworld,308222,1070835,0,0,0,0,0.0,0.0,0.0,0.0
refcocoplus,yoloworld,471962,600186,1,0,76,80,0.95,0.876901263556847,0.9862106060235382,0.1093093424666911
refcocoplus,yoloworld,567616,1051876,1,1,36,80,0.45,0.33848638448981544,0.565326020905847,0.2268396364160316
refcocoplus,yoloworld,6332,1862563,1,0,59,80,0.7375,0.6271491697875681,0.8295907488995917,0.20244157911202365
refcocoplus,yoloworld,310780,1402085,1,0,79,80,0.9875,0.9323122155360776,0.9996835774723672,0.06737136193628968
refcocoplus,yoloworld,31885,1065905,1,1,27,80,0.3375,0.23552613798365082,0.4519056143741682,0.21637947639051738
refcocoplus,yoloworld,54806,673295,1,0,34,80,0.425,0.31510976545234215,0.5406111885690619,0.22550142311671972
refcocoplus,yoloworld,523795,598622,1,1,52,80,0.65,0.5352031145206643,0.7533280635274648,0.21812494900680057
refcocoplus,yoloworld,282930,1060954,1,0,9,80,0.1125,0.052751513145687524,0.20284659191699012,0.1500950787713026
refcocoplus,yoloworld,441972,56491,1,1,53,80,0.6625,0.5480943856258318,0.7644738620163491,0.21637947639051736
refcocoplus,yoloworld,35529,1185133,0,0,0,0,0.0,0.0,0.0,0.0
refcocoplus,yoloworld,117447,1102591,1,0,33,80,0.4125,0.30352459293759415,0.5281516595747955,0.22462706663720133
refcocoplus,yoloworld,468760,59789,1,0,58,80,0.725,0.6137565791555909,0.8189623614429612,0.2052057822873703
refcocoplus,yoloworld,500036,1060108,1,0,68,80,0.85,0.7526358884071023,0.9200184386902862,0.16738255028318394
refcocoplus,yoloworld,131074,318235,1,1,66,80,0.825,0.7238459604789864,0.9008894901605713,0.17704352968158488
refcocoplus,yoloworld,304833,580137,1,0,65,80,0.8125,0.7096721043523089,0.8910863118524706,0.18141420750016168
refcocoplus,yoloworld,321673,599557,1,1,27,80,0.3375,0.23552613798365082,0.4519056143741682,0.21637947639051738
refcocoplus,yoloworld,359357,1912952,1,0,46,80,0.575,0.45938881143093807,0.6848902345476577,0.22550142311671967
refcocoplus,yoloworld,188184,1078975,1,0,23,80,0.2875,0.19176047197196505,0.3995451133120206,0.20778464134005553
refcocoplus,yoloworld,517451,1093189,0,0,0,0,0.0,0.0,0.0,0.0
refcocoplus,yoloworld,272463,167161,1,0,72,80,0.9,0.8124348925365683,0.955829059846371,0.1433941673098027
refcocoplus,yoloworld,127214,585727,1,0,35,80,0.4375,0.3267639534337789,0.5530024286118197,0.2262384751780408
refcocoplus,yoloworld,324401,1052188,1,1,14,80,0.175,0.09911050983942865,0.27615403952101353,0.17704352968158488
refcocoplus,yoloworld,502553,316143,1,0,41,80,0.5125,0.39810466870318556,0.625942518555561,0.22783784985237548
refcocoplus,yoloworld,392394,1822988,1,0,56,80,0.7,0.5872406769186242,0.7974260708533272,0.21018539393470292
refcocoplus,yoloworld,319866,62709,1,1,80,80,1.0,0.9549359649323077,1.0,0.0450640350676923
refcocoplus,yoloworld,494382,40361,1,0,39,80,0.4875,0.37405748144443896,0.6018953312968145,0.22783784985237554
refcocoplus,yoloworld,24319,601162,0,0,0,0,0.0,0.0,0.0,0.0
refcocoplus,yoloworld,286469,1162496,1,0,32,80,0.4,0.2920093562553105,0.5156230595045106,0.2236137032492001
refcocoplus,yoloworld,394975,1969587,1,0,63,80,0.7875,0.6817141914403442,0.8710635049024182,0.18934931346207406
refcocoplus,yoloworld,340160,12489,1,0,45,80,0.5625,0.44699757138818025,0.673236046566221,0.2262384751780408
refcocoplus,yoloworld,552549,1554857,1,1,51,80,0.6375,0.5223872787351916,0.7421051046283819,0.21971782589319022
refcocoplus,yoloworld,75691,38030,1,0,79,80,0.9875,0.9323122155360776,0.9996835774723672,0.06737136193628968
refcocoplus,yoloworld,129771,91780,1,0,31,80,0.3875,0.28056513312478215,0.5030244574981009,0.22245932437331872
refcocoplus,yoloworld,267604,139308,1,0,52,80,0.65,0.5352031145206643,0.7533280635274648,0.21812494900680057
refcocoplus,yoloworld,165868,114360,1,1,73,80,0.9125,0.8279916615801152,0.9640936410104413,0.1361019794303261
refcocoplus,yoloworld,392747,1163224,1,1,32,80,0.4,0.2920093562553105,0.5156230595045106,0.2236137032492001
refcocoplus,yoloworld,41913,1546785,1,0,44,80,0.55,0.43467397909415284,0.6615136155101845,0.22683963641603166
refcocoplus,yoloworld,551994,1610129,1,0,68,80,0.85,0.7526358884071023,0.9200184386902862,0.16738255028318394
refcocoplus,yoloworld,31374,175167,1,0,80,80,1.0,0.9549359649323077,1.0,0.0450640350676923
refcocoplus,yoloworld,527822,675723,1,0,56,80,0.7,0.5872406769186242,0.7974260708533272,0.21018539393470292
refcocoplus,yoloworld,365205,47886,1,1,72,80,0.9,0.8124348925365683,0.955829059846371,0.1433941673098027
refcocoplus,yoloworld,245946,597086,0,0,0,0,0.0,0.0,0.0,0.0
refcocoplus,yoloworld,536902,1085309,0,0,0,0,0.0,0.0,0.0,0.0
refcocoplus,yoloworld,392145,290410,1,0,40,80,0.5,0.3860478833649093,0.6139521166350907,0.22790423327018144
refcocoplus,yoloworld,297011,127357,0,0,0,0,0.0,0.0,0.0,0.0
refcocoplus,yoloworld,200971,332867,1,0,44,80,0.55,0.43467397909415284,0.6615136155101845,0.22683963641603166
refcocoplus,yoloworld,171120,1171640,1,0,71,80,0.8875,0.7971534080830098,0.9472484868543125,0.15009507877130268
refcocoplus,yoloworld,512658,2110281,1,1,12,80,0.15,0.07998156130971382,0.24736411159289767,0.16738255028318386
refcocoplus,yoloworld,148044,26283,1,0,24,80,0.3,0.20257392914667274,0.412759323081376,0.21018539393470323
refcocoplus,yoloworld,138772,2195989,1,0,71,80,0.8875,0.7971534080830098,0.9472484868543125,0.15009507877130268
refcocoplus,yoloworld,369016,583279,1,0,80,80,1.0,0.9549359649323077,1.0,0.0450640350676923
refcocoplus,yoloworld,569234,1071601,0,0,0,0,0.0,0.0,0.0,0.0
refcocoplus,yoloworld,266207,66436,1,0,77,80,0.9625,0.8942980149834914,0.9921988127342833,0.09790079775079197
refcocoplus,yoloworld,260029,1140815,0,0,0,0,0.0,0.0,0.0,0.0
refcocoplus,yoloworld,125690,51172,1,0,39,80,0.4875,0.37405748144443896,0.6018953312968145,0.22783784985237554
refcocoplus,yoloworld,439509,366106,1,1,78,80,0.975,0.9125928440694077,0.9969579138351904,0.08436506976578273
refcocoplus,yoloworld,131595,341029,1,0,24,80,0.3,0.20257392914667274,0.412759323081376,0.21018539393470323
refcocoplus,yoloworld,436362,179543,1,0,57,80,0.7125,0.6004548866879794,0.8082395280280349,0.20778464134005548
refcocoplus,yoloworld,403730,1410211,1,0,33,80,0.4125,0.30352459293759415,0.5281516595747955,0.22462706663720133
refcocoplus,yoloworld,221674,64139,1,0,46,80,0.575,0.45938881143093807,0.6848902345476577,0.22550142311671967
refcocoplus,yoloworld,417844,588628,1,0,80,80,1.0,0.9549359649323077,1.0,0.0450640350676923
refcocoplus,yoloworld,50105,1578001,0,0,0,0,0.0,0.0,0.0,0.0
refcocoplus,yoloworld,116603,1052136,0,0,0,0,0.0,0.0,0.0,0.0
refcocoplus,yoloworld,382620,116918,1,0,6,80,0.075,0.028020546176841233,0.15612793173607212,0.12810738555923087
refcocoplus,yoloworld,275932,40745,1,0,70,80,0.875,0.7821108659305637,0.9383979034415657,0.15628703751100204
refcocoplus,yoloworld,432615,601566,1,1,80,80,1.0,0.9549359649323077,1.0,0.0450640350676923
refcocoplus,yoloworld,459747,39140,1,0,34,80,0.425,0.31510976545234215,0.5406111885690619,0.22550142311671972
refcocoplus,yoloworld,367164,595218,0,0,0,0,0.0,0.0,0.0,0.0
refcocoplus,yoloworld,212450,1925038,1,1,30,80,0.375,0.2691931699468049,0.4903547644071125,0.2211615944603076
refcocoplus,yoloworld,353284,586064,1,1,11,80,0.1375,0.07068783270387868,0.2327208708247256,0.1620330381208469
refcocoplus,yoloworld,308210,1184087,1,0,50,80,0.625,0.5096452355928875,0.7308068300531951,0.2211615944603076
refcocoplus,yoloworld,393325,369894,1,0,33,80,0.4125,0.30352459293759415,0.5281516595747955,0.22462706663720133
refcocoplus,yoloworld,473352,1793269,0,0,0,0,0.0,0.0,0.0,0.0
refcocoplus,yoloworld,243373,1918147,1,0,54,80,0.675,0.5610629543955516,0.7755404148225468,0.21447746042699511
refcocoplus,yoloworld,315521,1049766,1,0,48,80,0.6,0.4843769404954894,0.7079906437446896,0.22361370324920016
refcocoplus,yoloworld,213005,61846,1,0,65,80,0.8125,0.7096721043523089,0.8910863118524706,0.18141420750016168
refcocoplus,yoloworld,105660,598281,1,1,75,80,0.9375,0.860142924702361,0.9793969276979898,0.11925400299562883
refcocoplus,yoloworld,579057,1050727,1,0,55,80,0.6875,0.5741109261435505,0.7865253688912328,0.21241444274768229
refcocoplus,yoloworld,74549,309956,1,0,53,80,0.6625,0.5480943856258318,0.7644738620163491,0.21637947639051736
refcocoplus,yoloworld,354608,1143973,0,0,0,0,0.0,0.0,0.0,0.0
refcocoplus,yoloworld,376945,76073,1,0,53,80,0.6625,0.5480943856258318,0.7644738620163491,0.21637947639051736
refcocoplus,yoloworld,520272,2175072,1,0,23,80,0.2875,0.19176047197196505,0.3995451133120206,0.20778464134005553
refcocoplus,yoloworld,223270,321275,1,0,80,80,1.0,0.9549359649323077,1.0,0.0450640350676923
refcocoplus,yoloworld,216579,401265,1,0,70,80,0.875,0.7821108659305637,0.9383979034415657,0.15628703751100204
refcocoplus,yoloworld,535399,1491433,1,0,64,80,0.8,0.6956311329945355,0.8811409135950147,0.18550978060047918
refcocoplus,yoloworld,246342,1092233,1,0,58,80,0.725,0.6137565791555909,0.8189623614429612,0.2052057822873703
refcocoplus,yoloworld,410992,332289,1,0,68,80,0.85,0.7526358884071023,0.9200184386902862,0.16738255028318394
refcocoplus,yoloworld,526695,1183179,1,1,8,80,0.1,0.04417094015362904,0.1875651074634316,0.14339416730980256
refcocoplus,yoloworld,237515,1937131,1,0,73,80,0.9125,0.8279916615801152,0.9640936410104413,0.1361019794303261
refcocoplus,yoloworld,68866,1444754,0,0,0,0,0.0,0.0,0.0,0.0
refcocoplus,yoloworld,81799,172382,1,1,80,80,1.0,0.9549359649323077,1.0,0.0450640350676923
refcocoplus,yoloworld,136232,312770,1,0,53,80,0.6625,0.5480943856258318,0.7644738620163491,0.21637947639051736
refcocoplus,yoloworld,482472,143458,1,1,37,80,0.4625,0.3502764265383982,0.5775824719951649,0.2273060454567667
refcocoplus,yoloworld,52248,1544415,1,0,71,80,0.8875,0.7971534080830098,0.9472484868543125,0.15009507877130268
refcocoplus,yoloworld,248957,374134,1,0,31,80,0.3875,0.28056513312478215,0.5030244574981009,0.22245932437331872
refcocoplus,yoloworld,566992,331333,1,1,43,80,0.5375,0.4224175280048351,0.6497235734616016,0.22730604545676647
refcocoplus,yoloworld,390286,1675820,1,0,76,80,0.95,0.876901263556847,0.9862106060235382,0.1093093424666911
refcocoplus,yoloworld,482775,2107800,1,0,73,80,0.9125,0.8279916615801152,0.9640936410104413,0.1361019794303261
refcocoplus,yoloworld,272773,587505,1,1,54,80,0.675,0.5610629543955516,0.7755404148225468,0.21447746042699511
refcocoplus,yoloworld,439692,595738,1,1,53,80,0.6625,0.5480943856258318,0.7644738620163491,0.21637947639051736
refcocoplus,yoloworld,422969,102897,1,0,65,80,0.8125,0.7096721043523089,0.8910863118524706,0.18141420750016168
refcocoplus,yoloworld,176386,1570533,1,0,26,80,0.325,0.22445958517745324,0.4389370456044483,0.21447746042699506
refcocoplus,yoloworld,454258,1051499,0,0,0,0,0.0,0.0,0.0,0.0
refcocoplus,yoloworld,475142,1574409,0,0,0,0,0.0,0.0,0.0,0.0
refcocoplus,yoloworld,239870,1363687,1,0,27,80,0.3375,0.23552613798365082,0.4519056143741682,0.21637947639051738
refcocoplus,yoloworld,290938,1670356,1,0,74,80,0.925,0.8438720682639279,0.9719794538231588,0.12810738555923085
refcocoplus,yoloworld,388807,1161102,1,1,35,80,0.4375,0.3267639534337789,0.5530024286118197,0.2262384751780408
refcocoplus,yoloworld,166653,2081466,1,1,80,80,1.0,0.9549359649323077,1.0,0.0450640350676923
refcocoplus,yoloworld,523831,65848,0,0,0,0,0.0,0.0,0.0,0.0
refcocoplus,yoloworld,327198,1116837,1,1,74,80,0.925,0.8438720682639279,0.9719794538231588,0.12810738555923085
refcocoplus,yoloworld,329343,1589371,1,1,56,80,0.7,0.5872406769186242,0.7974260708533272,0.21018539393470292
refcocoplus,yoloworld,352814,1038341,1,0,73,80,0.9125,0.8279916615801152,0.9640936410104413,0.1361019794303261
refcocoplus,yoloworld,327132,1075274,1,0,60,80,0.75,0.64063652409315,0.8401203554931442,0.19948383139999426
refcocoplus,yoloworld,298353,1566540,1,0,64,80,0.8,0.6956311329945355,0.8811409135950147,0.18550978060047918
refcocoplus,yoloworld,313518,594664,0,0,0,0,0.0,0.0,0.0,0.0
refcocoplus,yoloworld,31411,595933,1,0,80,80,1.0,0.9549359649323077,1.0,0.0450640350676923
refcocoplus,yoloworld,215493,59286,1,1,48,80,0.6,0.4843769404954894,0.7079906437446896,0.22361370324920016
refcocoplus,yoloworld,370741,39999,1,1,77,80,0.9625,0.8942980149834914,0.9921988127342833,0.09790079775079197
refcocoplus,yoloworld,426979,149890,0,0,0,0,0.0,0.0,0.0,0.0
refcocoplus,yoloworld,471315,583547,1,0,38,80,0.475,0.3621335816771527,0.5897721586232294,0.2276385769460767
refcocoplus,yoloworld,87235,1544713,1,0,51,80,0.6375,0.5223872787351916,0.7421051046283819,0.21971782589319022
refcocoplus,yoloworld,122560,583586,1,1,23,80,0.2875,0.19176047197196505,0.3995451133120206,0.20778464134005553
refcocoplus,yoloworld,28870,2171384,1,0,28,80,0.35,0.24667193647253513,0.4647968854793358,0.21812494900680066
refcocoplus,yoloworld,50736,589319,1,1,61,80,0.7625,0.6542230288597322,0.8505462481433591,0.19632321928362695
refcocoplus,yoloworld,457085,49882,1,0,35,80,0.4375,0.3267639534337789,0.5530024286118197,0.2262384751780408
refcocoplus,yoloworld,426525,278001,1,0,74,80,0.925,0.8438720682639279,0.9719794538231588,0.12810738555923085
refcocoplus,yoloworld,362247,597085,0,0,0,0,0.0,0.0,0.0,0.0
refcocoplus,yoloworld,80835,36645,1,1,80,80,1.0,0.9549359649323077,1.0,0.0450640350676923
refcocoplus,yoloworld,515590,173620,1,0,74,80,0.925,0.8438720682639279,0.9719794538231588,0.12810738555923085
refcocoplus,yoloworld,132165,14089,1,1,70,80,0.875,0.7821108659305637,0.9383979034415657,0.15628703751100204
refcocoplus,yoloworld,422705,1043427,1,0,57,80,0.7125,0.6004548866879794,0.8082395280280349,0.20778464134005548
refcocoplus,yoloworld,224753,395327,1,0,36,80,0.45,0.33848638448981544,0.565326020905847,0.2268396364160316
refcocoplus,yoloworld,52299,396138,1,0,55,80,0.6875,0.5741109261435505,0.7865253688912328,0.21241444274768229
refcocoplus,yoloworld,335304,1950236,1,0,41,80,0.5125,0.39810466870318556,0.625942518555561,0.22783784985237548
refcocoplus,yoloworld,106397,418586,1,0,41,80,0.5125,0.39810466870318556,0.625942518555561,0.22783784985237548
refcocoplus,yoloworld,403535,582269,1,1,80,80,1.0,0.9549359649323077,1.0,0.0450640350676923
refcocoplus,yoloworld,444166,73888,1,1,67,80,0.8375,0.7381631061748871,0.9105383582774708,0.17237525210258364
refcocoplus,yoloworld,169529,1549213,1,0,80,80,1.0,0.9549359649323077,1.0,0.0450640350676923
refcocoplus,yoloworld,73591,599729,1,0,54,80,0.675,0.5610629543955516,0.7755404148225468,0.21447746042699511
refcocoplus,yoloworld,109908,1361643,1,1,36,80,0.45,0.33848638448981544,0.565326020905847,0.2268396364160316
refcocoplus,yoloworld,16870,1154077,1,0,78,80,0.975,0.9125928440694077,0.9969579138351904,0.08436506976578273
refcocoplus,yoloworld,13763,583857,1,0,33,80,0.4125,0.30352459293759415,0.5281516595747955,0.22462706663720133
refcocoplus,yoloworld,140108,114565,1,0,40,80,0.5,0.3860478833649093,0.6139521166350907,0.22790423327018144
refcocoplus,yoloworld,93171,64321,1,1,79,80,0.9875,0.9323122155360776,0.9996835774723672,0.06737136193628968
refcocoplus,yoloworld,268897,598313,1,0,63,80,0.7875,0.6817141914403442,0.8710635049024182,0.18934931346207406
refcocoplus,yoloworld,59231,418565,0,0,0,0,0.0,0.0,0.0,0.0
refcocoplus,yoloworld,337628,1080169,1,0,44,80,0.55,0.43467397909415284,0.6615136155101845,0.22683963641603166
refcocoplus,yoloworld,223790,1513592,1,1,65,80,0.8125,0.7096721043523089,0.8910863118524706,0.18141420750016168
refcocoplus,yoloworld,123180,597759,1,0,65,80,0.8125,0.7096721043523089,0.8910863118524706,0.18141420750016168
refcocoplus,yoloworld,125785,1795687,1,0,78,80,0.975,0.9125928440694077,0.9969579138351904,0.08436506976578273
refcocoplus,yoloworld,101697,103882,1,0,26,80,0.325,0.22445958517745324,0.4389370456044483,0.21447746042699506
refcocoplus,yoloworld,267794,51661,1,0,28,80,0.35,0.24667193647253513,0.4647968854793358,0.21812494900680066
refcocoplus,yoloworld,240586,398117,1,1,28,80,0.35,0.24667193647253513,0.4647968854793358,0.21812494900680066
refcocoplus,yoloworld,467774,274359,1,0,80,80,1.0,0.9549359649323077,1.0,0.0450640350676923
refcocoplus,yoloworld,499538,1140193,1,0,38,80,0.475,0.3621335816771527,0.5897721586232294,0.2276385769460767
refcocoplus,yoloworld,551472,246741,1,0,70,80,0.875,0.7821108659305637,0.9383979034415657,0.15628703751100204
refcocoplus,yoloworld,524520,353258,1,1,37,80,0.4625,0.3502764265383982,0.5775824719951649,0.2273060454567667
refcocoplus,yoloworld,289140,1533165,1,1,29,80,0.3625,0.2578948953716181,0.47761272126480847,0.2197178258931904
refcocoplus,yoloworld,298360,369942,1,0,79,80,0.9875,0.9323122155360776,0.9996835774723672,0.06737136193628968
refcocoplus,yoloworld,278457,1043053,1,1,80,80,1.0,0.9549359649323077,1.0,0.0450640350676923
refcocoplus,yoloworld,515252,267967,1,1,80,80,1.0,0.9549359649323077,1.0,0.0450640350676923
refcocoplus,yoloworld,144018,1803962,1,0,55,80,0.6875,0.5741109261435505,0.7865253688912328,0.21241444274768229
refcocoplus,yoloworld,163559,1055210,1,0,40,80,0.5,0.3860478833649093,0.6139521166350907,0.22790423327018144
refcocoplus,yoloworld,134474,587031,1,1,68,80,0.85,0.7526358884071023,0.9200184386902862,0.16738255028318394
refcocoplus,yoloworld,578294,1155078,1,1,29,80,0.3625,0.2578948953716181,0.47761272126480847,0.2197178258931904
refcocoplus,yoloworld,387202,1068397,1,1,37,80,0.4625,0.3502764265383982,0.5775824719951649,0.2273060454567667
refcocoplus,yoloworld,134755,1902997,1,0,52,80,0.65,0.5352031145206643,0.7533280635274648,0.21812494900680057
refcocoplus,yoloworld,348616,1154662,1,0,25,80,0.3125,0.21347463110876716,0.4258890738564495,0.2124144427476823
refcocoplus,yoloworld,74942,1535819,1,1,14,80,0.175,0.09911050983942865,0.27615403952101353,0.17704352968158488
refcocoplus,yoloworld,296009,1155903,0,0,0,0,0.0,0.0,0.0,0.0
refcocoplus,yoloworld,521514,124198,1,0,80,80,1.0,0.9549359649323077,1.0,0.0450640350676923
refcocoplus,yoloworld,294823,418847,0,0,0,0,0.0,0.0,0.0,0.0
refcocoplus,yoloworld,191327,246653,1,0,35,80,0.4375,0.3267639534337789,0.5530024286118197,0.2262384751780408
refcocoplus,yoloworld,401269,1076052,1,0,80,80,1.0,0.9549359649323077,1.0,0.0450640350676923
refcocoplus,yoloworld,110252,1041544,1,0,55,80,0.6875,0.5741109261435505,0.7865253688912328,0.21241444274768229
refcocoplus,yoloworld,567396,2191497,1,1,80,80,1.0,0.9549359649323077,1.0,0.0450640350676923
refcocoplus,yoloworld,128434,104569,1,1,80,80,1.0,0.9549359649323077,1.0,0.0450640350676923
refcocoplus,yoloworld,321969,116252,1,1,42,80,0.525,0.4102278413767706,0.6378664183228473,0.2276385769460767
refcocoplus,yoloworld,171086,1572464,0,0,0,0,0.0,0.0,0.0,0.0
refcocoplus,yoloworld,84259,1538552,1,0,24,80,0.3,0.20257392914667274,0.412759323081376,0.21018539393470323
refcocoplus,yoloworld,390365,2144937,0,0,0,0,0.0,0.0,0.0,0.0
refcocoplus,yoloworld,398924,1553028,1,0,43,80,0.5375,0.4224175280048351,0.6497235734616016,0.22730604545676647
refcocoplus,yoloworld,24762,16996,1,0,32,80,0.4,0.2920093562553105,0.5156230595045106,0.2236137032492001
refcocoplus,yoloworld,335752,312772,1,0,73,80,0.9125,0.8279916615801152,0.9640936410104413,0.1361019794303261
refcocoplus,yoloworld,122436,309661,1,0,39,80,0.4875,0.37405748144443896,0.6018953312968145,0.22783784985237554
refcocoplus,yoloworld,424068,98252,1,0,74,80,0.925,0.8438720682639279,0.9719794538231588,0.12810738555923085
refcocoplus,yoloworld,125298,1187761,1,0,20,80,0.25,0.1598796445068557,0.35936347590685,0.19948383139999432
refcocoplus,yoloworld,396784,1186564,1,1,43,80,0.5375,0.4224175280048351,0.6497235734616016,0.22730604545676647
refcocoplus,yoloworld,412167,581061,1,1,80,80,1.0,0.9549359649323077,1.0,0.0450640350676923
refcocoplus,yoloworld,244839,10298,1,1,78,80,0.975,0.9125928440694077,0.9969579138351904,0.08436506976578273
refcocoplus,yoloworld,92480,48704,1,1,47,80,0.5875,0.47184834042520446,0.6964754070624058,0.2246270666372014
refcocoplus,yoloworld,291039,34810,1,0,42,80,0.525,0.4102278413767706,0.6378664183228473,0.2276385769460767
refcocoplus,yoloworld,515512,1088956,1,0,72,80,0.9,0.8124348925365683,0.955829059846371,0.1433941673098027
refcocoplus,yoloworld,397423,2224645,1,1,43,80,0.5375,0.4224175280048351,0.6497235734616016,0.22730604545676647
refcocoplus,yoloworld,372669,7250,1,1,46,80,0.575,0.45938881143093807,0.6848902345476577,0.22550142311671967
refcocoplus,yoloworld,174554,1943213,0,0,0,0,0.0,0.0,0.0,0.0
refcocoplus,yoloworld,392869,166601,1,0,23,80,0.2875,0.19176047197196505,0.3995451133120206,0.20778464134005553
refcocoplus,yoloworld,114132,319111,1,1,54,80,0.675,0.5610629543955516,0.7755404148225468,0.21447746042699511
refcocoplus,yoloworld,457660,1104043,1,0,58,80,0.725,0.6137565791555909,0.8189623614429612,0.2052057822873703
refcocoplus,yoloworld,471905,1062581,1,1,25,80,0.3125,0.21347463110876716,0.4258890738564495,0.2124144427476823
refcocoplus,yoloworld,376750,149636,1,0,73,80,0.9125,0.8279916615801152,0.9640936410104413,0.1361019794303261
refcocoplus,yoloworld,230515,583138,1,0,28,80,0.35,0.24667193647253513,0.4647968854793358,0.21812494900680066
refcocoplus,yoloworld,40433,583334,1,1,74,80,0.925,0.8438720682639279,0.9719794538231588,0.12810738555923085
refcocoplus,yoloworld,26800,1675369,1,0,47,80,0.5875,0.47184834042520446,0.6964754070624058,0.2246270666372014
refcocoplus,yoloworld,324682,414286,1,1,79,80,0.9875,0.9323122155360776,0.9996835774723672,0.06737136193628968
refcocoplus,yoloworld,152079,1161827,0,0,0,0,0.0,0.0,0.0,0.0
refcocoplus,yoloworld,558817,1929294,0,0,0,0,0.0,0.0,0.0,0.0
refcocoplus,yoloworld,312154,598784,1,0,80,80,1.0,0.9549359649323077,1.0,0.0450640350676923
refl4,groundingdino,469832,34046,1,0,80,80,1.0,0.9549359649323077,1.0,0.0450640350676923
refl4,groundingdino,1001505146,9810,1,1,60,80,0.75,0.64063652409315,0.8401203554931442,0.19948383139999426
refl4,groundingdino,1000922276,8310,1,1,80,80,1.0,0.9549359649323077,1.0,0.0450640350676923
refl4,groundingdino,1000097573,16368,1,0,69,80,0.8625,0.7672791291752744,0.9293121672961213,0.1620330381208469
refl4,groundingdino,492268,30816,1,0,76,80,0.95,0.876901263556847,0.9862106060235382,0.1093093424666911
refl4,groundingdino,1001663004,15065,1,0,80,80,1.0,0.9549359649323077,1.0,0.0450640350676923
refl4,groundingdino,1000018511,1221,1,1,80,80,1.0,0.9549359649323077,1.0,0.0450640350676923
refl4,groundingdino,1000039666,15325,1,0,69,80,0.8625,0.7672791291752744,0.9293121672961213,0.1620330381208469
refl4,groundingdino,404899,40291,1,1,74,80,0.925,0.8438720682639279,0.9719794538231588,0.12810738555923085
refl4,groundingdino,1000457751,13340,1,1,80,80,1.0,0.9549359649323077,1.0,0.0450640350676923
refl4,groundingdino,1001397502,11278,1,1,77,80,0.9625,0.8942980149834914,0.9921988127342833,0.09790079775079197
refl4,groundingdino,302656,17199,1,1,80,80,1.0,0.9549359649323077,1.0,0.0450640350676923
refl4,groundingdino,52219,43924,1,0,66,80,0.825,0.7238459604789864,0.9008894901605713,0.17704352968158488
refl4,groundingdino,77332,41693,1,0,61,80,0.7625,0.6542230288597322,0.8505462481433591,0.19632321928362695
refl4,groundingdino,329724,44443,1,1,67,80,0.8375,0.7381631061748871,0.9105383582774708,0.17237525210258364
refl4,groundingdino,419599,38337,1,0,64,80,0.8,0.6956311329945355,0.8811409135950147,0.18550978060047918
refl4,groundingdino,366789,17579,1,0,66,80,0.825,0.7238459604789864,0.9008894901605713,0.17704352968158488
refl4,groundingdino,1000371454,12489,1,0,29,80,0.3625,0.2578948953716181,0.47761272126480847,0.2197178258931904
refl4,groundingdino,446864,34549,1,1,80,80,1.0,0.9549359649323077,1.0,0.0450640350676923
refl4,groundingdino,427852,20423,1,1,73,80,0.9125,0.8279916615801152,0.9640936410104413,0.1361019794303261
refl4,groundingdino,335766,40126,1,0,76,80,0.95,0.876901263556847,0.9862106060235382,0.1093093424666911
refl4,groundingdino,203098,37345,1,1,61,80,0.7625,0.6542230288597322,0.8505462481433591,0.19632321928362695
refl4,groundingdino,59556,26467,1,0,41,80,0.5125,0.39810466870318556,0.625942518555561,0.22783784985237548
refl4,groundingdino,519205,40174,1,0,59,80,0.7375,0.6271491697875681,0.8295907488995917,0.20244157911202365
refl4,groundingdino,1000184871,11250,1,0,79,80,0.9875,0.9323122155360776,0.9996835774723672,0.06737136193628968
refl4,groundingdino,101891,45018,1,0,72,80,0.9,0.8124348925365683,0.955829059846371,0.1433941673098027
refl4,groundingdino,28974,45245,1,1,69,80,0.8625,0.7672791291752744,0.9293121672961213,0.1620330381208469
refl4,groundingdino,1001634360,798,1,1,80,80,1.0,0.9549359649323077,1.0,0.0450640350676923
refl4,groundingdino,217276,26000,1,1,80,80,1.0,0.9549359649323077,1.0,0.0450640350676923
refl4,groundingdino,1000202751,5142,1,1,80,80,1.0,0.9549359649323077,1.0,0.0450640350676923
refl4,groundingdino,1001975733,687,1,1,80,80,1.0,0.9549359649323077,1.0,0.0450640350676923
refl4,groundingdino,568788,27477,1,1,46,80,0.575,0.45938881143093807,0.6848902345476577,0.22550142311671967
refl4,groundingdino,410165,40571,1,0,80,80,1.0,0.9549359649323077,1.0,0.0450640350676923
refl4,groundingdino,92694,27220,1,1,79,80,0.9875,0.9323122155360776,0.9996835774723672,0.06737136193628968
refl4,groundingdino,463338,40185,1,1,60,80,0.75,0.64063652409315,0.8401203554931442,0.19948383139999426
refl4,groundingdino,1001556337,10706,1,0,33,80,0.4125,0.30352459293759415,0.5281516595747955,0.22462706663720133
refl4,groundingdino,1001397974,7908,1,0,80,80,1.0,0.9549359649323077,1.0,0.0450640350676923
refl4,groundingdino,306485,37236,1,1,80,80,1.0,0.9549359649323077,1.0,0.0450640350676923
refl4,groundingdino,416286,25514,1,0,80,80,1.0,0.9549359649323077,1.0,0.0450640350676923
refl4,groundingdino,1000106900,9676,1,1,79,80,0.9875,0.9323122155360776,0.9996835774723672,0.06737136193628968
refl4,groundingdino,322411,25853,1,0,50,80,0.625,0.5096452355928875,0.7308068300531951,0.2211615944603076
refl4,groundingdino,491400,29394,1,0,80,80,1.0,0.9549359649323077,1.0,0.0450640350676923
refl4,groundingdino,121172,31361,1,1,76,80,0.95,0.876901263556847,0.9862106060235382,0.1093093424666911
refl4,groundingdino,132997,39906,1,0,80,80,1.0,0.9549359649323077,1.0,0.0450640350676923
refl4,groundingdino,1002076601,11973,1,1,80,80,1.0,0.9549359649323077,1.0,0.0450640350676923
refl4,groundingdino,376838,28645,1,0,44,80,0.55,0.43467397909415284,0.6615136155101845,0.22683963641603166
refl4,groundingdino,105358,25914,1,0,77,80,0.9625,0.8942980149834914,0.9921988127342833,0.09790079775079197
refl4,groundingdino,382469,30362,1,0,21,80,0.2625,0.1704092511004083,0.3728508302124319,0.20244157911202362
refl4,groundingdino,272235,41024,1,0,80,80,1.0,0.9549359649323077,1.0,0.0450640350676923
refl4,groundingdino,1001202845,1363,1,1,57,80,0.7125,0.6004548866879794,0.8082395280280349,0.20778464134005548
refl4,groundingdino,471698,29563,1,0,48,80,0.6,0.4843769404954894,0.7079906437446896,0.22361370324920016
refl4,groundingdino,410574,27538,1,0,80,80,1.0,0.9549359649323077,1.0,0.0450640350676923
refl4,groundingdino,564823,21288,1,1,77,80,0.9625,0.8942980149834914,0.9921988127342833,0.09790079775079197
refl4,groundingdino,176179,45181,1,0,80,80,1.0,0.9549359649323077,1.0,0.0450640350676923
refl4,groundingdino,36574,29407,1,0,37,80,0.4625,0.3502764265383982,0.5775824719951649,0.2273060454567667
refl4,groundingdino,171808,19195,1,1,48,80,0.6,0.4843769404954894,0.7079906437446896,0.22361370324920016
refl4,groundingdino,221169,35202,1,0,78,80,0.975,0.9125928440694077,0.9969579138351904,0.08436506976578273
refl4,groundingdino,560576,31767,1,0,78,80,0.975,0.9125928440694077,0.9969579138351904,0.08436506976578273
refl4,groundingdino,1001203168,3739,1,0,77,80,0.9625,0.8942980149834914,0.9921988127342833,0.09790079775079197
refl4,groundingdino,1000097675,13136,1,1,80,80,1.0,0.9549359649323077,1.0,0.0450640350676923
refl4,groundingdino,1000021272,4751,1,0,80,80,1.0,0.9549359649323077,1.0,0.0450640350676923
refl4,groundingdino,139173,23892,1,0,70,80,0.875,0.7821108659305637,0.9383979034415657,0.15628703751100204
refl4,groundingdino,13372,20092,1,0,67,80,0.8375,0.7381631061748871,0.9105383582774708,0.17237525210258364
refl4,groundingdino,1001100698,6458,1,0,77,80,0.9625,0.8942980149834914,0.9921988127342833,0.09790079775079197
refl4,groundingdino,1000394961,12747,1,0,25,80,0.3125,0.21347463110876716,0.4258890738564495,0.2124144427476823
refl4,groundingdino,533827,35547,1,1,80,80,1.0,0.9549359649323077,1.0,0.0450640350676923
refl4,groundingdino,95124,32504,1,1,65,80,0.8125,0.7096721043523089,0.8910863118524706,0.18141420750016168
refl4,groundingdino,1001879179,12007,1,0,75,80,0.9375,0.860142924702361,0.9793969276979898,0.11925400299562883
refl4,groundingdino,235582,44431,1,0,64,80,0.8,0.6956311329945355,0.8811409135950147,0.18550978060047918
refl4,groundingdino,1001522115,13295,1,0,39,80,0.4875,0.37405748144443896,0.6018953312968145,0.22783784985237554
refl4,groundingdino,38266,21143,1,0,73,80,0.9125,0.8279916615801152,0.9640936410104413,0.1361019794303261
refl4,groundingdino,337621,30076,1,0,68,80,0.85,0.7526358884071023,0.9200184386902862,0.16738255028318394
refl4,groundingdino,1001089763,5228,1,1,80,80,1.0,0.9549359649323077,1.0,0.0450640350676923
refl4,groundingdino,345781,36811,1,1,54,80,0.675,0.5610629543955516,0.7755404148225468,0.21447746042699511
refl4,groundingdino,1002238302,6830,1,0,77,80,0.9625,0.8942980149834914,0.9921988127342833,0.09790079775079197
refl4,groundingdino,170483,37985,1,0,79,80,0.9875,0.9323122155360776,0.9996835774723672,0.06737136193628968
refl4,groundingdino,10881,41015,1,0,56,80,0.7,0.5872406769186242,0.7974260708533272,0.21018539393470292
refl4,groundingdino,1001922447,15955,1,0,75,80,0.9375,0.860142924702361,0.9793969276979898,0.11925400299562883
refl4,groundingdino,189836,34408,1,0,41,80,0.5125,0.39810466870318556,0.625942518555561,0.22783784985237548
refl4,groundingdino,578619,26868,1,1,80,80,1.0,0.9549359649323077,1.0,0.0450640350676923
refl4,groundingdino,196111,38102,1,1,80,80,1.0,0.9549359649323077,1.0,0.0450640350676923
refl4,groundingdino,1001592445,6550,1,0,67,80,0.8375,0.7381631061748871,0.9105383582774708,0.17237525210258364
refl4,groundingdino,198785,40675,1,0,80,80,1.0,0.9549359649323077,1.0,0.0450640350676923
refl4,groundingdino,580511,21562,1,0,76,80,0.95,0.876901263556847,0.9862106060235382,0.1093093424666911
refl4,groundingdino,1002028139,15080,1,0,78,80,0.975,0.9125928440694077,0.9969579138351904,0.08436506976578273
refl4,groundingdino,1001376964,2222,1,1,63,80,0.7875,0.6817141914403442,0.8710635049024182,0.18934931346207406
refl4,groundingdino,27149,30801,1,1,60,80,0.75,0.64063652409315,0.8401203554931442,0.19948383139999426
refl4,groundingdino,1000549408,13596,1,1,80,80,1.0,0.9549359649323077,1.0,0.0450640350676923
refl4,groundingdino,1001002366,12501,1,0,26,80,0.325,0.22445958517745324,0.4389370456044483,0.21447746042699506
refl4,groundingdino,78274,32715,1,0,57,80,0.7125,0.6004548866879794,0.8082395280280349,0.20778464134005548
refl4,groundingdino,28154,26180,1,0,71,80,0.8875,0.7971534080830098,0.9472484868543125,0.15009507877130268
refl4,groundingdino,139728,44224,1,1,79,80,0.9875,0.9323122155360776,0.9996835774723672,0.06737136193628968
refl4,groundingdino,1001838567,14417,1,1,80,80,1.0,0.9549359649323077,1.0,0.0450640350676923
refl4,groundingdino,472502,28427,1,0,27,80,0.3375,0.23552613798365082,0.4519056143741682,0.21637947639051738
refl4,groundingdino,312608,28660,1,0,47,80,0.5875,0.47184834042520446,0.6964754070624058,0.2246270666372014
refl4,groundingdino,1001503514,4282,1,1,80,80,1.0,0.9549359649323077,1.0,0.0450640350676923
refl4,groundingdino,1001293357,4703,1,0,80,80,1.0,0.9549359649323077,1.0,0.0450640350676923
refl4,groundingdino,426877,21252,1,0,70,80,0.875,0.7821108659305637,0.9383979034415657,0.15628703751100204
refl4,groundingdino,227946,27919,1,0,74,80,0.925,0.8438720682639279,0.9719794538231588,0.12810738555923085
refl4,groundingdino,470174,39956,1,0,80,80,1.0,0.9549359649323077,1.0,0.0450640350676923
refl4,groundingdino,1001558282,13309,1,0,58,80,0.725,0.6137565791555909,0.8189623614429612,0.2052057822873703
refl4,groundingdino,1000979448,13124,1,1,77,80,0.9625,0.8942980149834914,0.9921988127342833,0.09790079775079197
refl4,groundingdino,192891,22525,1,0,70,80,0.875,0.7821108659305637,0.9383979034415657,0.15628703751100204
refl4,groundingdino,1001688421,3644,1,1,80,80,1.0,0.9549359649323077,1.0,0.0450640350676923
refl4,groundingdino,1002058832,14986,1,0,53,80,0.6625,0.5480943856258318,0.7644738620163491,0.21637947639051736
refl4,groundingdino,302199,26415,1,1,47,80,0.5875,0.47184834042520446,0.6964754070624058,0.2246270666372014
refl4,groundingdino,418056,23626,1,0,33,80,0.4125,0.30352459293759415,0.5281516595747955,0.22462706663720133
refl4,groundingdino,151854,27340,1,1,80,80,1.0,0.9549359649323077,1.0,0.0450640350676923
refl4,groundingdino,267779,18893,1,0,43,80,0.5375,0.4224175280048351,0.6497235734616016,0.22730604545676647
refl4,groundingdino,1001569061,12217,1,1,35,80,0.4375,0.3267639534337789,0.5530024286118197,0.2262384751780408
refl4,groundingdino,420363,33486,1,0,67,80,0.8375,0.7381631061748871,0.9105383582774708,0.17237525210258364
refl4,groundingdino,457720,24348,1,1,79,80,0.9875,0.9323122155360776,0.9996835774723672,0.06737136193628968
refl4,groundingdino,98471,29527,1,1,80,80,1.0,0.9549359649323077,1.0,0.0450640350676923
refl4,groundingdino,348277,40657,1,0,50,80,0.625,0.5096452355928875,0.7308068300531951,0.2211615944603076
refl4,groundingdino,62759,34082,1,0,45,80,0.5625,0.44699757138818025,0.673236046566221,0.2262384751780408
refl4,groundingdino,1001764433,8039,1,0,72,80,0.9,0.8124348925365683,0.955829059846371,0.1433941673098027
refl4,groundingdino,337895,23072,1,1,60,80,0.75,0.64063652409315,0.8401203554931442,0.19948383139999426
refl4,groundingdino,1001786507,12969,1,0,80,80,1.0,0.9549359649323077,1.0,0.0450640350676923
refl4,groundingdino,1001827394,7943,1,0,79,80,0.9875,0.9323122155360776,0.9996835774723672,0.06737136193628968
refl4,groundingdino,81200,38869,1,0,70,80,0.875,0.7821108659305637,0.9383979034415657,0.15628703751100204
refl4,groundingdino,499679,23985,1,1,72,80,0.9,0.8124348925365683,0.955829059846371,0.1433941673098027
refl4,groundingdino,1000137855,1476,1,0,67,80,0.8375,0.7381631061748871,0.9105383582774708,0.17237525210258364
refl4,groundingdino,1000953094,14001,1,0,80,80,1.0,0.9549359649323077,1.0,0.0450640350676923
refl4,groundingdino,1001905048,8100,1,0,74,80,0.925,0.8438720682639279,0.9719794538231588,0.12810738555923085
refl4,groundingdino,533220,40318,1,1,60,80,0.75,0.64063652409315,0.8401203554931442,0.19948383139999426
refl4,groundingdino,422255,29629,1,0,80,80,1.0,0.9549359649323077,1.0,0.0450640350676923
refl4,groundingdino,1002056515,8611,1,0,78,80,0.975,0.9125928440694077,0.9969579138351904,0.08436506976578273
refl4,groundingdino,1002023173,6060,1,0,60,80,0.75,0.64063652409315,0.8401203554931442,0.19948383139999426
refl4,groundingdino,475236,27991,1,1,80,80,1.0,0.9549359649323077,1.0,0.0450640350676923
refl4,groundingdino,360570,19296,1,0,32,80,0.4,0.2920093562553105,0.5156230595045106,0.2236137032492001
refl4,groundingdino,54318,37651,1,0,34,80,0.425,0.31510976545234215,0.5406111885690619,0.22550142311671972
refl4,groundingdino,559830,43464,1,0,53,80,0.6625,0.5480943856258318,0.7644738620163491,0.21637947639051736
refl4,groundingdino,330806,38552,1,1,71,80,0.8875,0.7971534080830098,0.9472484868543125,0.15009507877130268
refl4,groundingdino,242213,27126,1,1,80,80,1.0,0.9549359649323077,1.0,0.0450640350676923
refl4,groundingdino,1002017053,967,1,0,76,80,0.95,0.876901263556847,0.9862106060235382,0.1093093424666911
refl4,groundingdino,1000967180,8297,1,0,79,80,0.9875,0.9323122155360776,0.9996835774723672,0.06737136193628968
refl4,groundingdino,321209,32243,1,0,51,80,0.6375,0.5223872787351916,0.7421051046283819,0.21971782589319022
refl4,groundingdino,188727,42082,1,1,80,80,1.0,0.9549359649323077,1.0,0.0450640350676923
refl4,groundingdino,296360,19650,1,1,49,80,0.6125,0.4969755425018991,0.7194348668752178,0.22245932437331872
refl4,groundingdino,184224,31277,1,0,80,80,1.0,0.9549359649323077,1.0,0.0450640350676923
refl4,groundingdino,1000081785,1591,1,0,80,80,1.0,0.9549359649323077,1.0,0.0450640350676923
refl4,groundingdino,1000405972,546,1,0,66,80,0.825,0.7238459604789864,0.9008894901605713,0.17704352968158488
refl4,groundingdino,430950,20144,1,0,80,80,1.0,0.9549359649323077,1.0,0.0450640350676923
refl4,groundingdino,290460,22155,1,0,80,80,1.0,0.9549359649323077,1.0,0.0450640350676923
refl4,groundingdino,1001649918,13166,1,1,80,80,1.0,0.9549359649323077,1.0,0.0450640350676923
refl4,groundingdino,1001595902,4276,1,0,80,80,1.0,0.9549359649323077,1.0,0.0450640350676923
refl4,groundingdino,390414,20026,1,1,80,80,1.0,0.9549359649323077,1.0,0.0450640350676923
refl4,groundingdino,42463,32051,1,1,42,80,0.525,0.4102278413767706,0.6378664183228473,0.2276385769460767
refl4,groundingdino,488033,26466,1,0,80,80,1.0,0.9549359649323077,1.0,0.0450640350676923
refl4,groundingdino,181009,34338,1,0,60,80,0.75,0.64063652409315,0.8401203554931442,0.19948383139999426
refl4,groundingdino,455117,38158,1,1,80,80,1.0,0.9549359649323077,1.0,0.0450640350676923
refl4,groundingdino,144906,26472,1,0,80,80,1.0,0.9549359649323077,1.0,0.0450640350676923
refl4,groundingdino,350500,24238,1,1,77,80,0.9625,0.8942980149834914,0.9921988127342833,0.09790079775079197
refl4,groundingdino,303541,45222,1,0,61,80,0.7625,0.6542230288597322,0.8505462481433591,0.19632321928362695
refl4,groundingdino,375054,18126,1,1,44,80,0.55,0.43467397909415284,0.6615136155101845,0.22683963641603166
refl4,groundingdino,124055,38946,1,0,54,80,0.675,0.5610629543955516,0.7755404148225468,0.21447746042699511
refl4,groundingdino,1001040942,4335,1,0,78,80,0.975,0.9125928440694077,0.9969579138351904,0.08436506976578273
refl4,groundingdino,353607,24115,1,1,78,80,0.975,0.9125928440694077,0.9969579138351904,0.08436506976578273
refl4,groundingdino,1001459810,6895,1,0,79,80,0.9875,0.9323122155360776,0.9996835774723672,0.06737136193628968
refl4,groundingdino,1000084367,3027,1,1,75,80,0.9375,0.860142924702361,0.9793969276979898,0.11925400299562883
refl4,groundingdino,446677,29859,1,0,80,80,1.0,0.9549359649323077,1.0,0.0450640350676923
refl4,groundingdino,413391,30401,1,0,80,80,1.0,0.9549359649323077,1.0,0.0450640350676923
refl4,groundingdino,130163,20618,1,0,80,80,1.0,0.9549359649323077,1.0,0.0450640350676923
refl4,groundingdino,1001108019,3130,1,1,80,80,1.0,0.9549359649323077,1.0,0.0450640350676923
refl4,groundingdino,1000050130,14652,1,0,80,80,1.0,0.9549359649323077,1.0,0.0450640350676923
refl4,groundingdino,370400,27708,1,0,80,80,1.0,0.9549359649323077,1.0,0.0450640350676923
refl4,groundingdino,74945,25784,1,0,80,80,1.0,0.9549359649323077,1.0,0.0450640350676923
refl4,groundingdino,1001950841,343,1,1,80,80,1.0,0.9549359649323077,1.0,0.0450640350676923
refl4,groundingdino,470028,36008,1,0,80,80,1.0,0.9549359649323077,1.0,0.0450640350676923
refl4,groundingdino,70059,34083,1,1,76,80,0.95,0.876901263556847,0.9862106060235382,0.1093093424666911
refl4,groundingdino,502407,40816,1,1,36,80,0.45,0.33848638448981544,0.565326020905847,0.2268396364160316
refl4,groundingdino,89651,39359,1,0,45,80,0.5625,0.44699757138818025,0.673236046566221,0.2262384751780408
refl4,groundingdino,1000025068,789,1,1,80,80,1.0,0.9549359649323077,1.0,0.0450640350676923
refl4,groundingdino,1001242626,14270,1,1,69,80,0.8625,0.7672791291752744,0.9293121672961213,0.1620330381208469
refl4,groundingdino,1001339090,8770,1,1,69,80,0.8625,0.7672791291752744,0.9293121672961213,0.1620330381208469
refl4,groundingdino,268644,31139,1,1,80,80,1.0,0.9549359649323077,1.0,0.0450640350676923
refl4,groundingdino,365659,32279,1,0,80,80,1.0,0.9549359649323077,1.0,0.0450640350676923
refl4,groundingdino,246777,36896,1,1,65,80,0.8125,0.7096721043523089,0.8910863118524706,0.18141420750016168
refl4,groundingdino,1001678790,10427,1,1,66,80,0.825,0.7238459604789864,0.9008894901605713,0.17704352968158488
refl4,groundingdino,1001822830,7252,1,1,80,80,1.0,0.9549359649323077,1.0,0.0450640350676923
refl4,groundingdino,58753,33382,1,0,70,80,0.875,0.7821108659305637,0.9383979034415657,0.15628703751100204
refl4,groundingdino,1001341858,1276,1,0,58,80,0.725,0.6137565791555909,0.8189623614429612,0.2052057822873703
refl4,groundingdino,1000455349,11597,1,0,72,80,0.9,0.8124348925365683,0.955829059846371,0.1433941673098027
refl4,groundingdino,513683,33722,1,0,80,80,1.0,0.9549359649323077,1.0,0.0450640350676923
refl4,groundingdino,201184,21937,1,0,25,80,0.3125,0.21347463110876716,0.4258890738564495,0.2124144427476823
refl4,groundingdino,1001999175,2457,1,1,58,80,0.725,0.6137565791555909,0.8189623614429612,0.2052057822873703
refl4,groundingdino,1000099569,13373,1,0,80,80,1.0,0.9549359649323077,1.0,0.0450640350676923
refl4,groundingdino,339579,42969,1,0,63,80,0.7875,0.6817141914403442,0.8710635049024182,0.18934931346207406
refl4,groundingdino,347407,41182,1,0,72,80,0.9,0.8124348925365683,0.955829059846371,0.1433941673098027
refl4,groundingdino,544294,45153,1,0,73,80,0.9125,0.8279916615801152,0.9640936410104413,0.1361019794303261
refl4,groundingdino,64619,23283,1,0,79,80,0.9875,0.9323122155360776,0.9996835774723672,0.06737136193628968
refl4,groundingdino,427461,29725,1,0,80,80,1.0,0.9549359649323077,1.0,0.0450640350676923
refl4,groundingdino,277439,30579,1,0,49,80,0.6125,0.4969755425018991,0.7194348668752178,0.22245932437331872
refl4,groundingdino,314556,22422,1,1,66,80,0.825,0.7238459604789864,0.9008894901605713,0.17704352968158488
refl4,groundingdino,277418,31374,1,0,79,80,0.9875,0.9323122155360776,0.9996835774723672,0.06737136193628968
refl4,groundingdino,350280,24118,1,1,79,80,0.9875,0.9323122155360776,0.9996835774723672,0.06737136193628968
refl4,groundingdino,285170,32687,1,1,50,80,0.625,0.5096452355928875,0.7308068300531951,0.2211615944603076
refl4,groundingdino,371577,20217,1,1,78,80,0.975,0.9125928440694077,0.9969579138351904,0.08436506976578273
refl4,groundingdino,1000900000,15582,1,0,80,80,1.0,0.9549359649323077,1.0,0.0450640350676923
refl4,groundingdino,1000064526,11599,1,1,80,80,1.0,0.9549359649323077,1.0,0.0450640350676923
refl4,groundingdino,231987,17358,1,0,79,80,0.9875,0.9323122155360776,0.9996835774723672,0.06737136193628968
refl4,groundingdino,162200,32487,1,0,49,80,0.6125,0.4969755425018991,0.7194348668752178,0.22245932437331872
refl4,groundingdino,1001552292,14517,1,0,74,80,0.925,0.8438720682639279,0.9719794538231588,0.12810738555923085
refl4,groundingdino,1001517565,2647,1,1,70,80,0.875,0.7821108659305637,0.9383979034415657,0.15628703751100204
refl4,groundingdino,5614,43438,1,0,62,80,0.775,0.6679136799387491,0.8608627895010682,0.19294910956231914
refl4,groundingdino,246364,21078,1,1,60,80,0.75,0.64063652409315,0.8401203554931442,0.19948383139999426
refl4,groundingdino,1002047538,16179,1,0,76,80,0.95,0.876901263556847,0.9862106060235382,0.1093093424666911
refl4,groundingdino,419664,32492,1,0,80,80,1.0,0.9549359649323077,1.0,0.0450640350676923
refl4,groundingdino,530729,35410,1,0,74,80,0.925,0.8438720682639279,0.9719794538231588,0.12810738555923085
refl4,groundingdino,307968,19961,1,1,77,80,0.9625,0.8942980149834914,0.9921988127342833,0.09790079775079197
refl4,groundingdino,230436,35429,1,0,68,80,0.85,0.7526358884071023,0.9200184386902862,0.16738255028318394
refl4,groundingdino,30340,32818,1,0,79,80,0.9875,0.9323122155360776,0.9996835774723672,0.06737136193628968
refl4,groundingdino,192137,35662,1,0,76,80,0.95,0.876901263556847,0.9862106060235382,0.1093093424666911
refl4,groundingdino,321539,38177,1,1,78,80,0.975,0.9125928440694077,0.9969579138351904,0.08436506976578273
refl4,groundingdino,1000919770,2821,1,1,78,80,0.975,0.9125928440694077,0.9969579138351904,0.08436506976578273
refl4,groundingdino,134420,29447,1,1,39,80,0.4875,0.37405748144443896,0.6018953312968145,0.22783784985237554
refl4,groundingdino,1000984379,6656,1,0,80,80,1.0,0.9549359649323077,1.0,0.0450640350676923
refl4,groundingdino,1000434422,5583,1,1,80,80,1.0,0.9549359649323077,1.0,0.0450640350676923
refl4,groundingdino,1002128702,10145,1,0,73,80,0.9125,0.8279916615801152,0.9640936410104413,0.1361019794303261
refl4,groundingdino,1000347822,2696,1,0,25,80,0.3125,0.21347463110876716,0.4258890738564495,0.2124144427476823
refl4,groundingdino,170980,43991,1,0,49,80,0.6125,0.4969755425018991,0.7194348668752178,0.22245932437331872
refl4,groundingdino,1001272674,9585,1,0,74,80,0.925,0.8438720682639279,0.9719794538231588,0.12810738555923085
refl4,groundingdino,244616,36978,1,0,80,80,1.0,0.9549359649323077,1.0,0.0450640350676923
refl4,groundingdino,1000018453,2005,1,1,76,80,0.95,0.876901263556847,0.9862106060235382,0.1093093424666911
refl4,groundingdino,1001763478,9517,1,1,15,80,0.1875,0.10891368814752944,0.2903278956476912,0.18141420750016174
refl4,groundingdino,1001964231,14669,1,0,24,80,0.3,0.20257392914667274,0.412759323081376,0.21018539393470323
refl4,groundingdino,1000055288,4959,1,0,80,80,1.0,0.9549359649323077,1.0,0.0450640350676923
refl4,groundingdino,1001296887,10925,1,0,55,80,0.6875,0.5741109261435505,0.7865253688912328,0.21241444274768229
refl4,groundingdino,54572,27851,1,0,54,80,0.675,0.5610629543955516,0.7755404148225468,0.21447746042699511
refl4,groundingdino,275544,38310,1,1,75,80,0.9375,0.860142924702361,0.9793969276979898,0.11925400299562883
refl4,groundingdino,337689,38896,1,0,80,80,1.0,0.9549359649323077,1.0,0.0450640350676923
refl4,groundingdino,329543,33281,1,0,56,80,0.7,0.5872406769186242,0.7974260708533272,0.21018539393470292
refl4,groundingdino,472393,43104,1,0,80,80,1.0,0.9549359649323077,1.0,0.0450640350676923
refl4,groundingdino,115917,44604,1,0,58,80,0.725,0.6137565791555909,0.8189623614429612,0.2052057822873703
refl4,groundingdino,417832,41290,1,0,80,80,1.0,0.9549359649323077,1.0,0.0450640350676923
refl4,groundingdino,1002084492,15253,1,1,80,80,1.0,0.9549359649323077,1.0,0.0450640350676923
refl4,groundingdino,1000205074,5645,1,1,51,80,0.6375,0.5223872787351916,0.7421051046283819,0.21971782589319022
refl4,groundingdino,1001530216,14148,1,0,78,80,0.975,0.9125928440694077,0.9969579138351904,0.08436506976578273
refl4,groundingdino,94618,42812,1,0,80,80,1.0,0.9549359649323077,1.0,0.0450640350676923
refl4,groundingdino,291898,36917,1,1,80,80,1.0,0.9549359649323077,1.0,0.0450640350676923
refl4,groundingdino,116832,24168,1,0,80,80,1.0,0.9549359649323077,1.0,0.0450640350676923
refl4,groundingdino,1001132501,13466,1,0,66,80,0.825,0.7238459604789864,0.9008894901605713,0.17704352968158488
refl4,groundingdino,254577,23814,1,0,80,80,1.0,0.9549359649323077,1.0,0.0450640350676923
refl4,groundingdino,1000418665,868,1,1,75,80,0.9375,0.860142924702361,0.9793969276979898,0.11925400299562883
refl4,groundingdino,391600,32237,1,0,54,80,0.675,0.5610629543955516,0.7755404148225468,0.21447746042699511
refl4,groundingdino,545651,44018,1,0,77,80,0.9625,0.8942980149834914,0.9921988127342833,0.09790079775079197
refl4,groundingdino,566319,32101,1,0,80,80,1.0,0.9549359649323077,1.0,0.0450640350676923
refl4,groundingdino,1001839867,16190,1,0,73,80,0.9125,0.8279916615801152,0.9640936410104413,0.1361019794303261
refl4,groundingdino,1001489508,2189,1,0,66,80,0.825,0.7238459604789864,0.9008894901605713,0.17704352968158488
refl4,groundingdino,229990,25613,1,0,42,80,0.525,0.4102278413767706,0.6378664183228473,0.2276385769460767
refl4,groundingdino,1001816437,5726,1,1,67,80,0.8375,0.7381631061748871,0.9105383582774708,0.17237525210258364
refl4,groundingdino,1001041502,14187,1,0,72,80,0.9,0.8124348925365683,0.955829059846371,0.1433941673098027
refl4,groundingdino,210271,28402,1,1,64,80,0.8,0.6956311329945355,0.8811409135950147,0.18550978060047918
refl4,groundingdino,3178,32856,1,1,78,80,0.975,0.9125928440694077,0.9969579138351904,0.08436506976578273
refl4,groundingdino,260360,32632,1,0,40,80,0.5,0.3860478833649093,0.6139521166350907,0.22790423327018144
refl4,groundingdino,572949,43399,1,0,80,80,1.0,0.9549359649323077,1.0,0.0450640350676923
refl4,groundingdino,329502,23712,1,0,80,80,1.0,0.9549359649323077,1.0,0.0450640350676923
refl4,groundingdino,1002044065,2612,1,1,80,80,1.0,0.9549359649323077,1.0,0.0450640350676923
refl4,groundingdino,43543,40813,1,0,64,80,0.8,0.6956311329945355,0.8811409135950147,0.18550978060047918
refl4,groundingdino,535860,42244,1,1,65,80,0.8125,0.7096721043523089,0.8910863118524706,0.18141420750016168
refl4,groundingdino,444036,27726,1,0,64,80,0.8,0.6956311329945355,0.8811409135950147,0.18550978060047918
refl4,groundingdino,1002024824,10615,1,0,35,80,0.4375,0.3267639534337789,0.5530024286118197,0.2262384751780408
refl4,groundingdino,527139,31775,1,1,64,80,0.8,0.6956311329945355,0.8811409135950147,0.18550978060047918
refl4,groundingdino,262031,21467,1,0,51,80,0.6375,0.5223872787351916,0.7421051046283819,0.21971782589319022
refl4,groundingdino,1001066932,6673,1,0,80,80,1.0,0.9549359649323077,1.0,0.0450640350676923
refl4,groundingdino,141581,33522,1,0,23,80,0.2875,0.19176047197196505,0.3995451133120206,0.20778464134005553
refl4,groundingdino,1000486828,10627,1,0,78,80,0.975,0.9125928440694077,0.9969579138351904,0.08436506976578273
refl4,groundingdino,1001086121,4469,1,1,72,80,0.9,0.8124348925365683,0.955829059846371,0.1433941673098027
refl4,groundingdino,1000288050,16389,1,1,80,80,1.0,0.9549359649323077,1.0,0.0450640350676923
refl4,groundingdino,244846,17996,1,0,80,80,1.0,0.9549359649323077,1.0,0.0450640350676923
refl4,groundingdino,1002278992,5805,1,1,62,80,0.775,0.6679136799387491,0.8608627895010682,0.19294910956231914
refl4,groundingdino,353999,26794,1,1,44,80,0.55,0.43467397909415284,0.6615136155101845,0.22683963641603166
refl4,groundingdino,1001220357,1984,1,1,80,80,1.0,0.9549359649323077,1.0,0.0450640350676923
refl4,groundingdino,130972,42173,1,0,80,80,1.0,0.9549359649323077,1.0,0.0450640350676923
refl4,groundingdino,498508,20382,1,1,80,80,1.0,0.9549359649323077,1.0,0.0450640350676923
refl4,groundingdino,1000022043,2797,1,1,79,80,0.9875,0.9323122155360776,0.9996835774723672,0.06737136193628968
refl4,groundingdino,499760,20112,1,0,46,80,0.575,0.45938881143093807,0.6848902345476577,0.22550142311671967
refl4,groundingdino,1001193204,8960,1,0,80,80,1.0,0.9549359649323077,1.0,0.0450640350676923
refl4,groundingdino,1001272640,3041,1,0,80,80,1.0,0.9549359649323077,1.0,0.0450640350676923
refl4,groundingdino,499682,26366,1,1,73,80,0.9125,0.8279916615801152,0.9640936410104413,0.1361019794303261
refl4,groundingdino,28038,30782,1,0,75,80,0.9375,0.860142924702361,0.9793969276979898,0.11925400299562883
refl4,groundingdino,1001834353,4607,1,1,80,80,1.0,0.9549359649323077,1.0,0.0450640350676923
refl4,groundingdino,1001376524,12444,1,1,80,80,1.0,0.9549359649323077,1.0,0.0450640350676923
refl4,groundingdino,428537,24314,1,0,80,80,1.0,0.9549359649323077,1.0,0.0450640350676923
refl4,groundingdino,1000013147,4905,1,1,80,80,1.0,0.9549359649323077,1.0,0.0450640350676923
refl4,groundingdino,14160,22809,1,0,53,80,0.6625,0.5480943856258318,0.7644738620163491,0.21637947639051736
refl4,groundingdino,315555,27261,1,0,62,80,0.775,0.6679136799387491,0.8608627895010682,0.19294910956231914
refl4,groundingdino,1001583536,4489,1,0,52,80,0.65,0.5352031145206643,0.7533280635274648,0.21812494900680057
refl4,groundingdino,1001462709,1791,1,0,61,80,0.7625,0.6542230288597322,0.8505462481433591,0.19632321928362695
refl4,groundingdino,1000615113,7413,1,0,71,80,0.8875,0.7971534080830098,0.9472484868543125,0.15009507877130268
refl4,groundingdino,314254,17533,1,0,53,80,0.6625,0.5480943856258318,0.7644738620163491,0.21637947639051736
refl4,groundingdino,341027,17747,1,0,57,80,0.7125,0.6004548866879794,0.8082395280280349,0.20778464134005548
refl4,groundingdino,1001843889,611,1,0,80,80,1.0,0.9549359649323077,1.0,0.0450640350676923
refl4,groundingdino,1000037307,14503,1,1,80,80,1.0,0.9549359649323077,1.0,0.0450640350676923
refl4,groundingdino,1002078273,1301,1,1,79,80,0.9875,0.9323122155360776,0.9996835774723672,0.06737136193628968
refl4,groundingdino,212628,43969,1,0,41,80,0.5125,0.39810466870318556,0.625942518555561,0.22783784985237548
refl4,groundingdino,1002057011,2711,1,0,77,80,0.9625,0.8942980149834914,0.9921988127342833,0.09790079775079197
refl4,groundingdino,154212,34736,1,0,62,80,0.775,0.6679136799387491,0.8608627895010682,0.19294910956231914
refl4,groundingdino,1000070653,6583,1,1,66,80,0.825,0.7238459604789864,0.9008894901605713,0.17704352968158488
refl4,groundingdino,69510,42664,1,0,80,80,1.0,0.9549359649323077,1.0,0.0450640350676923
refl4,groundingdino,226734,32533,1,0,72,80,0.9,0.8124348925365683,0.955829059846371,0.1433941673098027
refl4,groundingdino,1001371233,2347,1,1,80,80,1.0,0.9549359649323077,1.0,0.0450640350676923
refl4,groundingdino,457745,36959,1,0,75,80,0.9375,0.860142924702361,0.9793969276979898,0.11925400299562883
refl4,groundingdino,1001948272,12711,1,1,42,80,0.525,0.4102278413767706,0.6378664183228473,0.2276385769460767
refl4,groundingdino,513704,27422,1,0,24,80,0.3,0.20257392914667274,0.412759323081376,0.21018539393470323
refl4,groundingdino,16796,28694,1,1,80,80,1.0,0.9549359649323077,1.0,0.0450640350676923
refl4,groundingdino,1000031446,2331,1,0,55,80,0.6875,0.5741109261435505,0.7865253688912328,0.21241444274768229
refl4,groundingdino,1001680024,16019,1,0,72,80,0.9,0.8124348925365683,0.955829059846371,0.1433941673098027
refl4,groundingdino,282568,27288,1,0,80,80,1.0,0.9549359649323077,1.0,0.0450640350676923
refl4,groundingdino,1002011654,3063,1,1,80,80,1.0,0.9549359649323077,1.0,0.0450640350676923
refl4,groundingdino,335376,17398,1,0,76,80,0.95,0.876901263556847,0.9862106060235382,0.1093093424666911
refl4,groundingdino,366148,45214,1,1,80,80,1.0,0.9549359649323077,1.0,0.0450640350676923
refl4,groundingdino,478105,16979,1,1,68,80,0.85,0.7526358884071023,0.9200184386902862,0.16738255028318394
refl4,groundingdino,1001003828,10806,1,0,80,80,1.0,0.9549359649323077,1.0,0.0450640350676923
refl4,groundingdino,1001977563,1456,1,1,80,80,1.0,0.9549359649323077,1.0,0.0450640350676923
refl4,groundingdino,1001914884,1403,1,1,80,80,1.0,0.9549359649323077,1.0,0.0450640350676923
refl4,groundingdino,207083,40983,1,0,79,80,0.9875,0.9323122155360776,0.9996835774723672,0.06737136193628968
refl4,groundingdino,1000088296,9282,1,1,79,80,0.9875,0.9323122155360776,0.9996835774723672,0.06737136193628968
refl4,groundingdino,1001092807,16277,1,1,78,80,0.975,0.9125928440694077,0.9969579138351904,0.08436506976578273
refl4,groundingdino,1001417748,13576,1,1,56,80,0.7,0.5872406769186242,0.7974260708533272,0.21018539393470292
refl4,groundingdino,127515,38146,1,1,80,80,1.0,0.9549359649323077,1.0,0.0450640350676923
refl4,groundingdino,528151,29361,1,1,80,80,1.0,0.9549359649323077,1.0,0.0450640350676923
refl4,groundingdino,356097,36679,1,0,59,80,0.7375,0.6271491697875681,0.8295907488995917,0.20244157911202365
refl4,groundingdino,1001809216,9750,1,0,80,80,1.0,0.9549359649323077,1.0,0.0450640350676923
refl4,groundingdino,263516,37868,1,0,72,80,0.9,0.8124348925365683,0.955829059846371,0.1433941673098027
refl4,groundingdino,1001027866,13928,1,0,74,80,0.925,0.8438720682639279,0.9719794538231588,0.12810738555923085
refl4,groundingdino,183392,41017,1,1,70,80,0.875,0.7821108659305637,0.9383979034415657,0.15628703751100204
refl4,groundingdino,1001764573,16279,1,0,50,80,0.625,0.5096452355928875,0.7308068300531951,0.2211615944603076
refl4,groundingdino,550972,40900,1,0,80,80,1.0,0.9549359649323077,1.0,0.0450640350676923
refl4,groundingdino,41818,44493,1,1,80,80,1.0,0.9549359649323077,1.0,0.0450640350676923
refl4,groundingdino,7852,27426,1,0,44,80,0.55,0.43467397909415284,0.6615136155101845,0.22683963641603166
refl4,groundingdino,370524,26729,1,0,19,80,0.2375,0.1494537518566408,0.34577697114026784,0.19632321928362703
refl4,groundingdino,247368,43664,1,0,59,80,0.7375,0.6271491697875681,0.8295907488995917,0.20244157911202365
refl4,groundingdino,220037,31176,1,0,80,80,1.0,0.9549359649323077,1.0,0.0450640350676923
refl4,groundingdino,545721,37193,1,0,80,80,1.0,0.9549359649323077,1.0,0.0450640350676923
refl4,groundingdino,296760,28364,1,0,62,80,0.775,0.6679136799387491,0.8608627895010682,0.19294910956231914
refl4,groundingdino,562100,19197,1,1,80,80,1.0,0.9549359649323077,1.0,0.0450640350676923
refl4,groundingdino,124694,38774,1,0,80,80,1.0,0.9549359649323077,1.0,0.0450640350676923
refl4,groundingdino,358033,30986,1,0,65,80,0.8125,0.7096721043523089,0.8910863118524706,0.18141420750016168
refl4,groundingdino,1000078156,10090,1,0,39,80,0.4875,0.37405748144443896,0.6018953312968145,0.22783784985237554
refl4,groundingdino,1001483054,10276,1,0,80,80,1.0,0.9549359649323077,1.0,0.0450640350676923
refl4,groundingdino,393493,22397,1,0,68,80,0.85,0.7526358884071023,0.9200184386902862,0.16738255028318394
refl4,groundingdino,358029,41601,1,0,32,80,0.4,0.2920093562553105,0.5156230595045106,0.2236137032492001
refl4,groundingdino,111002,38374,1,0,50,80,0.625,0.5096452355928875,0.7308068300531951,0.2211615944603076
refl4,groundingdino,488073,37351,1,0,80,80,1.0,0.9549359649323077,1.0,0.0450640350676923
refl4,groundingdino,177817,37859,1,0,80,80,1.0,0.9549359649323077,1.0,0.0450640350676923
refl4,groundingdino,1000381235,15731,1,1,80,80,1.0,0.9549359649323077,1.0,0.0450640350676923
refl4,groundingdino,1001330458,9755,1,0,79,80,0.9875,0.9323122155360776,0.9996835774723672,0.06737136193628968
refl4,groundingdino,1000031872,15961,1,1,75,80,0.9375,0.860142924702361,0.9793969276979898,0.11925400299562883
refl4,groundingdino,1002056492,672,1,0,80,80,1.0,0.9549359649323077,1.0,0.0450640350676923
refl4,groundingdino,1001934119,13781,1,1,77,80,0.9625,0.8942980149834914,0.9921988127342833,0.09790079775079197
refl4,groundingdino,126737,28552,1,1,65,80,0.8125,0.7096721043523089,0.8910863118524706,0.18141420750016168
refl4,groundingdino,454570,21690,1,0,57,80,0.7125,0.6004548866879794,0.8082395280280349,0.20778464134005548
refl4,groundingdino,538574,35251,1,0,80,80,1.0,0.9549359649323077,1.0,0.0450640350676923
refl4,groundingdino,1000447647,16767,1,1,80,80,1.0,0.9549359649323077,1.0,0.0450640350676923
refl4,groundingdino,78900,36023,1,0,46,80,0.575,0.45938881143093807,0.6848902345476577,0.22550142311671967
refl4,groundingdino,179763,33297,1,1,77,80,0.9625,0.8942980149834914,0.9921988127342833,0.09790079775079197
refl4,groundingdino,1001638971,7065,1,1,80,80,1.0,0.9549359649323077,1.0,0.0450640350676923
refl4,groundingdino,313164,37228,1,0,74,80,0.925,0.8438720682639279,0.9719794538231588,0.12810738555923085
refl4,groundingdino,1001414679,13053,1,1,78,80,0.975,0.9125928440694077,0.9969579138351904,0.08436506976578273
refl4,groundingdino,1000071229,5481,1,1,80,80,1.0,0.9549359649323077,1.0,0.0450640350676923
refl4,groundingdino,1001293047,7686,1,0,80,80,1.0,0.9549359649323077,1.0,0.0450640350676923
refl4,groundingdino,213003,41590,1,0,80,80,1.0,0.9549359649323077,1.0,0.0450640350676923
refl4,groundingdino,200678,39458,1,0,75,80,0.9375,0.860142924702361,0.9793969276979898,0.11925400299562883
refl4,groundingdino,576896,33997,1,0,80,80,1.0,0.9549359649323077,1.0,0.0450640350676923
refl4,groundingdino,465196,37436,1,0,80,80,1.0,0.9549359649323077,1.0,0.0450640350676923
refl4,groundingdino,371824,24397,1,1,80,80,1.0,0.9549359649323077,1.0,0.0450640350676923
refl4,groundingdino,1001377721,3784,1,0,80,80,1.0,0.9549359649323077,1.0,0.0450640350676923
refl4,groundingdino,546093,26990,1,0,33,80,0.4125,0.30352459293759415,0.5281516595747955,0.22462706663720133
refl4,groundingdino,163054,44502,1,1,80,80,1.0,0.9549359649323077,1.0,0.0450640350676923
refl4,groundingdino,402020,35903,1,0,66,80,0.825,0.7238459604789864,0.9008894901605713,0.17704352968158488
refl4,groundingdino,253087,42613,1,0,31,80,0.3875,0.28056513312478215,0.5030244574981009,0.22245932437331872
refl4,groundingdino,1001035669,11052,1,0,69,80,0.8625,0.7672791291752744,0.9293121672961213,0.1620330381208469
refl4,groundingdino,259514,28580,1,0,79,80,0.9875,0.9323122155360776,0.9996835774723672,0.06737136193628968
refl4,groundingdino,1001287295,4531,1,1,80,80,1.0,0.9549359649323077,1.0,0.0450640350676923
refl4,groundingdino,362657,26195,1,0,42,80,0.525,0.4102278413767706,0.6378664183228473,0.2276385769460767
refl4,groundingdino,113676,31591,1,1,70,80,0.875,0.7821108659305637,0.9383979034415657,0.15628703751100204
refl4,groundingdino,142287,30015,1,1,75,80,0.9375,0.860142924702361,0.9793969276979898,0.11925400299562883
refl4,groundingdino,1001099245,9244,1,0,80,80,1.0,0.9549359649323077,1.0,0.0450640350676923
refl4,groundingdino,1001953095,1209,1,1,72,80,0.9,0.8124348925365683,0.955829059846371,0.1433941673098027
refl4,groundingdino,46118,43252,1,1,80,80,1.0,0.9549359649323077,1.0,0.0450640350676923
refl4,groundingdino,1001626852,14800,1,1,61,80,0.7625,0.6542230288597322,0.8505462481433591,0.19632321928362695
refl4,groundingdino,324923,24605,1,1,55,80,0.6875,0.5741109261435505,0.7865253688912328,0.21241444274768229
refl4,groundingdino,44637,28525,1,0,65,80,0.8125,0.7096721043523089,0.8910863118524706,0.18141420750016168
refl4,groundingdino,530903,41179,1,1,61,80,0.7625,0.6542230288597322,0.8505462481433591,0.19632321928362695
refl4,groundingdino,387338,23770,1,0,73,80,0.9125,0.8279916615801152,0.9640936410104413,0.1361019794303261
refl4,groundingdino,506056,24886,1,0,80,80,1.0,0.9549359649323077,1.0,0.0450640350676923
refl4,groundingdino,23603,17829,1,0,47,80,0.5875,0.47184834042520446,0.6964754070624058,0.2246270666372014
refl4,groundingdino,1407,39811,1,0,36,80,0.45,0.33848638448981544,0.565326020905847,0.2268396364160316
refl4,groundingdino,45475,22505,1,1,80,80,1.0,0.9549359649323077,1.0,0.0450640350676923
refl4,groundingdino,39629,31980,1,0,80,80,1.0,0.9549359649323077,1.0,0.0450640350676923
refl4,groundingdino,1000536587,11008,1,0,79,80,0.9875,0.9323122155360776,0.9996835774723672,0.06737136193628968
refl4,groundingdino,470976,29438,1,0,80,80,1.0,0.9549359649323077,1.0,0.0450640350676923
refl4,groundingdino,1001211063,295,1,0,78,80,0.975,0.9125928440694077,0.9969579138351904,0.08436506976578273
refl4,groundingdino,404183,44451,1,0,80,80,1.0,0.9549359649323077,1.0,0.0450640350676923
refl4,groundingdino,1001326441,2429,1,1,54,80,0.675,0.5610629543955516,0.7755404148225468,0.21447746042699511
refl4,groundingdino,440820,28903,1,0,80,80,1.0,0.9549359649323077,1.0,0.0450640350676923
refl4,groundingdino,1000902939,4956,1,0,79,80,0.9875,0.9323122155360776,0.9996835774723672,0.06737136193628968
refl4,groundingdino,463101,28362,1,0,79,80,0.9875,0.9323122155360776,0.9996835774723672,0.06737136193628968
refl4,groundingdino,1001405245,9325,1,0,80,80,1.0,0.9549359649323077,1.0,0.0450640350676923
refl4,groundingdino,199958,41278,1,1,65,80,0.8125,0.7096721043523089,0.8910863118524706,0.18141420750016168
refl4,groundingdino,1001931609,13947,1,0,80,80,1.0,0.9549359649323077,1.0,0.0450640350676923
refl4,groundingdino,1001754576,5839,1,1,78,80,0.975,0.9125928440694077,0.9969579138351904,0.08436506976578273
refl4,groundingdino,436941,39847,1,1,80,80,1.0,0.9549359649323077,1.0,0.0450640350676923
refl4,groundingdino,307745,43264,1,1,80,80,1.0,0.9549359649323077,1.0,0.0450640350676923
refl4,groundingdino,1001273769,13022,1,1,80,80,1.0,0.9549359649323077,1.0,0.0450640350676923
refl4,groundingdino,352651,37310,1,1,63,80,0.7875,0.6817141914403442,0.8710635049024182,0.18934931346207406
refl4,groundingdino,399276,32015,1,1,80,80,1.0,0.9549359649323077,1.0,0.0450640350676923
refl4,groundingdino,347511,19357,1,0,80,80,1.0,0.9549359649323077,1.0,0.0450640350676923
refl4,groundingdino,1001679176,6701,1,1,80,80,1.0,0.9549359649323077,1.0,0.0450640350676923
refl4,groundingdino,151236,31622,1,1,80,80,1.0,0.9549359649323077,1.0,0.0450640350676923
refl4,groundingdino,166073,33513,1,0,42,80,0.525,0.4102278413767706,0.6378664183228473,0.2276385769460767
refl4,groundingdino,225477,41229,1,0,78,80,0.975,0.9125928440694077,0.9969579138351904,0.08436506976578273
refl4,groundingdino,258679,36370,1,0,54,80,0.675,0.5610629543955516,0.7755404148225468,0.21447746042699511
refl4,groundingdino,140360,35165,1,1,80,80,1.0,0.9549359649323077,1.0,0.0450640350676923
refl4,groundingdino,457225,39273,1,0,80,80,1.0,0.9549359649323077,1.0,0.0450640350676923
refl4,groundingdino,1001851403,12608,1,0,38,80,0.475,0.3621335816771527,0.5897721586232294,0.2276385769460767
refl4,groundingdino,550746,17790,1,0,80,80,1.0,0.9549359649323077,1.0,0.0450640350676923
refl4,groundingdino,1000077514,9531,1,0,66,80,0.825,0.7238459604789864,0.9008894901605713,0.17704352968158488
refl4,groundingdino,394447,34896,1,1,79,80,0.9875,0.9323122155360776,0.9996835774723672,0.06737136193628968
refl4,groundingdino,136092,39688,1,1,76,80,0.95,0.876901263556847,0.9862106060235382,0.1093093424666911
refl4,groundingdino,215563,28692,1,0,73,80,0.9125,0.8279916615801152,0.9640936410104413,0.1361019794303261
refl4,groundingdino,502971,24859,1,1,54,80,0.675,0.5610629543955516,0.7755404148225468,0.21447746042699511
refl4,groundingdino,316671,35010,1,0,78,80,0.975,0.9125928440694077,0.9969579138351904,0.08436506976578273
refl4,groundingdino,135482,22829,1,0,35,80,0.4375,0.3267639534337789,0.5530024286118197,0.2262384751780408
refl4,groundingdino,109553,44415,1,1,74,80,0.925,0.8438720682639279,0.9719794538231588,0.12810738555923085
refl4,groundingdino,1000054487,5980,1,0,70,80,0.875,0.7821108659305637,0.9383979034415657,0.15628703751100204
refl4,groundingdino,1002061736,14390,1,0,80,80,1.0,0.9549359649323077,1.0,0.0450640350676923
refl4,groundingdino,181475,20214,1,1,79,80,0.9875,0.9323122155360776,0.9996835774723672,0.06737136193628968
refl4,groundingdino,230570,43046,1,1,34,80,0.425,0.31510976545234215,0.5406111885690619,0.22550142311671972
refl4,groundingdino,1001383464,8845,1,1,80,80,1.0,0.9549359649323077,1.0,0.0450640350676923
refl4,groundingdino,1001867226,2605,1,0,65,80,0.8125,0.7096721043523089,0.8910863118524706,0.18141420750016168
refl4,groundingdino,1000906604,4325,1,0,80,80,1.0,0.9549359649323077,1.0,0.0450640350676923
refl4,groundingdino,1001886056,9475,1,0,80,80,1.0,0.9549359649323077,1.0,0.0450640350676923
refl4,groundingdino,1001171509,16584,1,0,80,80,1.0,0.9549359649323077,1.0,0.0450640350676923
refl4,groundingdino,501269,32349,1,0,78,80,0.975,0.9125928440694077,0.9969579138351904,0.08436506976578273
refl4,groundingdino,1000046814,9609,1,0,79,80,0.9875,0.9323122155360776,0.9996835774723672,0.06737136193628968
refl4,groundingdino,313873,20389,1,0,74,80,0.925,0.8438720682639279,0.9719794538231588,0.12810738555923085
refl4,groundingdino,149556,40105,1,1,80,80,1.0,0.9549359649323077,1.0,0.0450640350676923
refl4,groundingdino,1001041794,4105,1,1,63,80,0.7875,0.6817141914403442,0.8710635049024182,0.18934931346207406
refl4,groundingdino,1001416658,1128,1,0,51,80,0.6375,0.5223872787351916,0.7421051046283819,0.21971782589319022
refl4,groundingdino,1001224114,16910,1,0,67,80,0.8375,0.7381631061748871,0.9105383582774708,0.17237525210258364
refl4,groundingdino,542391,29947,1,1,64,80,0.8,0.6956311329945355,0.8811409135950147,0.18550978060047918
refl4,groundingdino,111889,31818,1,1,55,80,0.6875,0.5741109261435505,0.7865253688912328,0.21241444274768229
refl4,groundingdino,1001526293,1673,1,1,52,80,0.65,0.5352031145206643,0.7533280635274648,0.21812494900680057
refl4,groundingdino,1000068754,1328,1,0,53,80,0.6625,0.5480943856258318,0.7644738620163491,0.21637947639051736
refl4,groundingdino,1000013822,12032,1,0,28,80,0.35,0.24667193647253513,0.4647968854793358,0.21812494900680066
refl4,groundingdino,1001390908,8535,1,0,80,80,1.0,0.9549359649323077,1.0,0.0450640350676923
refl4,groundingdino,1000442068,8104,1,1,80,80,1.0,0.9549359649323077,1.0,0.0450640350676923
refl4,groundingdino,522465,36205,1,0,80,80,1.0,0.9549359649323077,1.0,0.0450640350676923
refl4,groundingdino,1001763461,1867,1,1,32,80,0.4,0.2920093562553105,0.5156230595045106,0.2236137032492001
refl4,groundingdino,388991,19712,1,0,77,80,0.9625,0.8942980149834914,0.9921988127342833,0.09790079775079197
refl4,groundingdino,156170,28484,1,0,80,80,1.0,0.9549359649323077,1.0,0.0450640350676923
refl4,groundingdino,1001518338,1715,1,1,62,80,0.775,0.6679136799387491,0.8608627895010682,0.19294910956231914
refl4,groundingdino,1001748237,5083,1,1,80,80,1.0,0.9549359649323077,1.0,0.0450640350676923
refl4,groundingdino,215201,20095,1,0,77,80,0.9625,0.8942980149834914,0.9921988127342833,0.09790079775079197
refl4,groundingdino,1001172920,1159,1,1,40,80,0.5,0.3860478833649093,0.6139521166350907,0.22790423327018144
refl4,groundingdino,258927,31623,1,1,80,80,1.0,0.9549359649323077,1.0,0.0450640350676923
refl4,groundingdino,1000073579,154,1,1,74,80,0.925,0.8438720682639279,0.9719794538231588,0.12810738555923085
refl4,groundingdino,451407,42382,1,1,68,80,0.85,0.7526358884071023,0.9200184386902862,0.16738255028318394
refl4,groundingdino,16725,32236,1,0,21,80,0.2625,0.1704092511004083,0.3728508302124319,0.20244157911202362
refl4,groundingdino,1001647725,345,1,0,80,80,1.0,0.9549359649323077,1.0,0.0450640350676923
refl4,groundingdino,1001484001,12484,1,0,39,80,0.4875,0.37405748144443896,0.6018953312968145,0.22783784985237554
refl4,groundingdino,182335,38677,1,0,59,80,0.7375,0.6271491697875681,0.8295907488995917,0.20244157911202365
refl4,groundingdino,47001,26144,1,0,80,80,1.0,0.9549359649323077,1.0,0.0450640350676923
refl4,groundingdino,1000456263,16313,1,0,80,80,1.0,0.9549359649323077,1.0,0.0450640350676923
refl4,groundingdino,1001007090,13611,1,0,80,80,1.0,0.9549359649323077,1.0,0.0450640350676923
refl4,groundingdino,1000491212,12458,1,0,14,80,0.175,0.09911050983942865,0.27615403952101353,0.17704352968158488
refl4,groundingdino,433435,41430,1,1,80,80,1.0,0.9549359649323077,1.0,0.0450640350676923
refl4,groundingdino,247110,20539,1,1,80,80,1.0,0.9549359649323077,1.0,0.0450640350676923
refl4,groundingdino,1000732858,8900,1,1,80,80,1.0,0.9549359649323077,1.0,0.0450640350676923
refl4,groundingdino,1001653514,15976,1,1,80,80,1.0,0.9549359649323077,1.0,0.0450640350676923
refl4,groundingdino,52902,32457,1,0,76,80,0.95,0.876901263556847,0.9862106060235382,0.1093093424666911
refl4,groundingdino,470004,39040,1,0,22,80,0.275,0.18103763855703875,0.38624342084440927,0.20520578228737052
refl4,groundingdino,3320,40300,1,1,63,80,0.7875,0.6817141914403442,0.8710635049024182,0.18934931346207406
refl4,groundingdino,1000411412,15597,1,1,69,80,0.8625,0.7672791291752744,0.9293121672961213,0.1620330381208469
refl4,groundingdino,1001610034,13131,1,1,80,80,1.0,0.9549359649323077,1.0,0.0450640350676923
refl4,groundingdino,402833,27463,1,0,73,80,0.9125,0.8279916615801152,0.9640936410104413,0.1361019794303261
refl4,groundingdino,1001377679,16072,1,1,78,80,0.975,0.9125928440694077,0.9969579138351904,0.08436506976578273
refl4,groundingdino,1000087545,3796,1,1,76,80,0.95,0.876901263556847,0.9862106060235382,0.1093093424666911
refl4,groundingdino,294409,32181,1,0,38,80,0.475,0.3621335816771527,0.5897721586232294,0.2276385769460767
refl4,groundingdino,452524,32675,1,0,32,80,0.4,0.2920093562553105,0.5156230595045106,0.2236137032492001
refl4,groundingdino,268197,32315,1,1,70,80,0.875,0.7821108659305637,0.9383979034415657,0.15628703751100204
refl4,groundingdino,1001420442,11445,1,1,74,80,0.925,0.8438720682639279,0.9719794538231588,0.12810738555923085
refl4,groundingdino,510061,28342,1,0,80,80,1.0,0.9549359649323077,1.0,0.0450640350676923
refl4,groundingdino,1000942935,4093,1,0,67,80,0.8375,0.7381631061748871,0.9105383582774708,0.17237525210258364
refl4,groundingdino,1001971667,15164,1,1,80,80,1.0,0.9549359649323077,1.0,0.0450640350676923
refl4,groundingdino,46885,23903,1,0,35,80,0.4375,0.3267639534337789,0.5530024286118197,0.2262384751780408
refl4,groundingdino,1002279022,3521,1,0,80,80,1.0,0.9549359649323077,1.0,0.0450640350676923
refl4,groundingdino,443505,34242,1,0,80,80,1.0,0.9549359649323077,1.0,0.0450640350676923
refl4,groundingdino,237510,23816,1,1,80,80,1.0,0.9549359649323077,1.0,0.0450640350676923
refl4,groundingdino,365573,33989,1,0,75,80,0.9375,0.860142924702361,0.9793969276979898,0.11925400299562883
refl4,groundingdino,1000093404,5432,1,0,66,80,0.825,0.7238459604789864,0.9008894901605713,0.17704352968158488
refl4,groundingdino,1001066816,5826,1,1,71,80,0.8875,0.7971534080830098,0.9472484868543125,0.15009507877130268
refl4,groundingdino,1000432446,6525,1,1,61,80,0.7625,0.6542230288597322,0.8505462481433591,0.19632321928362695
refl4,groundingdino,62233,28874,1,1,66,80,0.825,0.7238459604789864,0.9008894901605713,0.17704352968158488
refl4,groundingdino,164081,36760,1,0,80,80,1.0,0.9549359649323077,1.0,0.0450640350676923
refl4,groundingdino,211576,36091,1,1,80,80,1.0,0.9549359649323077,1.0,0.0450640350676923
refl4,groundingdino,333748,40384,1,0,74,80,0.925,0.8438720682639279,0.9719794538231588,0.12810738555923085
refl4,groundingdino,76885,17742,1,0,80,80,1.0,0.9549359649323077,1.0,0.0450640350676923
refl4,groundingdino,1000544731,9047,1,0,76,80,0.95,0.876901263556847,0.9862106060235382,0.1093093424666911
refl4,groundingdino,1000726557,14171,1,0,60,80,0.75,0.64063652409315,0.8401203554931442,0.19948383139999426
refl4,groundingdino,1001201335,8548,1,0,75,80,0.9375,0.860142924702361,0.9793969276979898,0.11925400299562883
refl4,groundingdino,536820,27198,1,0,80,80,1.0,0.9549359649323077,1.0,0.0450640350676923
refl4,groundingdino,1001762424,16320,1,0,80,80,1.0,0.9549359649323077,1.0,0.0450640350676923
refl4,groundingdino,1000530094,11142,1,0,72,80,0.9,0.8124348925365683,0.955829059846371,0.1433941673098027
refl4,groundingdino,1000091358,16426,1,1,79,80,0.9875,0.9323122155360776,0.9996835774723672,0.06737136193628968
refl4,groundingdino,1002269762,3247,1,1,64,80,0.8,0.6956311329945355,0.8811409135950147,0.18550978060047918
refl4,groundingdino,1000129708,9883,1,0,60,80,0.75,0.64063652409315,0.8401203554931442,0.19948383139999426
refl4,groundingdino,1002093212,8728,1,1,80,80,1.0,0.9549359649323077,1.0,0.0450640350676923
refl4,groundingdino,1001670201,1496,1,0,80,80,1.0,0.9549359649323077,1.0,0.0450640350676923
refl4,groundingdino,111000,20509,1,0,79,80,0.9875,0.9323122155360776,0.9996835774723672,0.06737136193628968
refl4,groundingdino,1000035010,15336,1,1,79,80,0.9875,0.9323122155360776,0.9996835774723672,0.06737136193628968
refl4,groundingdino,1000415317,1977,1,1,80,80,1.0,0.9549359649323077,1.0,0.0450640350676923
refl4,groundingdino,35265,39191,1,0,77,80,0.9625,0.8942980149834914,0.9921988127342833,0.09790079775079197
refl4,groundingdino,144817,18345,1,1,80,80,1.0,0.9549359649323077,1.0,0.0450640350676923
refl4,groundingdino,1002015090,6709,1,0,80,80,1.0,0.9549359649323077,1.0,0.0450640350676923
refl4,groundingdino,1000916834,10545,1,1,34,80,0.425,0.31510976545234215,0.5406111885690619,0.22550142311671972
refl4,groundingdino,509039,31565,1,1,39,80,0.4875,0.37405748144443896,0.6018953312968145,0.22783784985237554
refl4,groundingdino,409454,24174,1,1,80,80,1.0,0.9549359649323077,1.0,0.0450640350676923
refl4,groundingdino,1000092405,14858,1,1,35,80,0.4375,0.3267639534337789,0.5530024286118197,0.2262384751780408
refl4,groundingdino,1001801759,12948,1,0,80,80,1.0,0.9549359649323077,1.0,0.0450640350676923
refl4,groundingdino,307190,40862,1,1,79,80,0.9875,0.9323122155360776,0.9996835774723672,0.06737136193628968
refl4,groundingdino,136894,31038,1,0,68,80,0.85,0.7526358884071023,0.9200184386902862,0.16738255028318394
refl4,groundingdino,23014,39864,1,1,74,80,0.925,0.8438720682639279,0.9719794538231588,0.12810738555923085
refl4,groundingdino,275811,20352,1,1,80,80,1.0,0.9549359649323077,1.0,0.0450640350676923
refl4,groundingdino,511930,26826,1,0,63,80,0.7875,0.6817141914403442,0.8710635049024182,0.18934931346207406
refl4,groundingdino,59382,35118,1,0,30,80,0.375,0.2691931699468049,0.4903547644071125,0.2211615944603076
refl4,groundingdino,193042,30121,1,0,73,80,0.9125,0.8279916615801152,0.9640936410104413,0.1361019794303261
refl4,groundingdino,1001609601,6190,1,1,69,80,0.8625,0.7672791291752744,0.9293121672961213,0.1620330381208469
refl4,groundingdino,236036,38008,1,0,75,80,0.9375,0.860142924702361,0.9793969276979898,0.11925400299562883
refl4,groundingdino,1001494111,14124,1,0,59,80,0.7375,0.6271491697875681,0.8295907488995917,0.20244157911202365
refl4,groundingdino,34439,29768,1,0,51,80,0.6375,0.5223872787351916,0.7421051046283819,0.21971782589319022
refl4,groundingdino,1001951985,3173,1,0,74,80,0.925,0.8438720682639279,0.9719794538231588,0.12810738555923085
refl4,groundingdino,1000531838,6284,1,1,74,80,0.925,0.8438720682639279,0.9719794538231588,0.12810738555923085
refl4,groundingdino,496097,41619,1,1,80,80,1.0,0.9549359649323077,1.0,0.0450640350676923
refl4,groundingdino,1000721093,6328,1,1,74,80,0.925,0.8438720682639279,0.9719794538231588,0.12810738555923085
refl4,groundingdino,1001197411,7934,1,1,71,80,0.8875,0.7971534080830098,0.9472484868543125,0.15009507877130268
refl4,groundingdino,178763,21784,1,0,63,80,0.7875,0.6817141914403442,0.8710635049024182,0.18934931346207406
refl4,groundingdino,538805,42478,1,0,74,80,0.925,0.8438720682639279,0.9719794538231588,0.12810738555923085
refl4,groundingdino,281051,38656,1,0,77,80,0.9625,0.8942980149834914,0.9921988127342833,0.09790079775079197
refl4,groundingdino,408664,44025,1,0,32,80,0.4,0.2920093562553105,0.5156230595045106,0.2236137032492001
refl4,groundingdino,493471,40196,1,0,59,80,0.7375,0.6271491697875681,0.8295907488995917,0.20244157911202365
refl4,groundingdino,517869,32692,1,0,80,80,1.0,0.9549359649323077,1.0,0.0450640350676923
refl4,groundingdino,317537,22661,1,0,74,80,0.925,0.8438720682639279,0.9719794538231588,0.12810738555923085
refl4,groundingdino,289696,19370,1,0,56,80,0.7,0.5872406769186242,0.7974260708533272,0.21018539393470292
refl4,groundingdino,1000549900,441,1,0,59,80,0.7375,0.6271491697875681,0.8295907488995917,0.20244157911202365
refl4,groundingdino,325950,24571,1,0,71,80,0.8875,0.7971534080830098,0.9472484868543125,0.15009507877130268
refl4,groundingdino,1000399114,10030,1,1,75,80,0.9375,0.860142924702361,0.9793969276979898,0.11925400299562883
refl4,groundingdino,7945,43100,1,0,66,80,0.825,0.7238459604789864,0.9008894901605713,0.17704352968158488
refl4,groundingdino,1001151868,4043,1,1,57,80,0.7125,0.6004548866879794,0.8082395280280349,0.20778464134005548
refl4,groundingdino,348639,27523,1,0,68,80,0.85,0.7526358884071023,0.9200184386902862,0.16738255028318394
refl4,groundingdino,78307,17135,1,0,68,80,0.85,0.7526358884071023,0.9200184386902862,0.16738255028318394
refl4,groundingdino,1001436070,4654,1,1,69,80,0.8625,0.7672791291752744,0.9293121672961213,0.1620330381208469
refl4,groundingdino,304765,45184,1,1,80,80,1.0,0.9549359649323077,1.0,0.0450640350676923
refl4,groundingdino,474725,29070,1,1,70,80,0.875,0.7821108659305637,0.9383979034415657,0.15628703751100204
refl4,groundingdino,122667,37421,1,0,79,80,0.9875,0.9323122155360776,0.9996835774723672,0.06737136193628968
refl4,groundingdino,1002157872,16751,1,0,73,80,0.9125,0.8279916615801152,0.9640936410104413,0.1361019794303261
refl4,groundingdino,1000347445,14375,1,1,64,80,0.8,0.6956311329945355,0.8811409135950147,0.18550978060047918
refl4,groundingdino,405709,20034,1,0,80,80,1.0,0.9549359649323077,1.0,0.0450640350676923
refl4,groundingdino,440689,42905,1,0,79,80,0.9875,0.9323122155360776,0.9996835774723672,0.06737136193628968
refl4,groundingdino,181681,37887,1,1,79,80,0.9875,0.9323122155360776,0.9996835774723672,0.06737136193628968
refl4,groundingdino,216119,38190,1,0,63,80,0.7875,0.6817141914403442,0.8710635049024182,0.18934931346207406
refl4,groundingdino,183236,31052,1,0,80,80,1.0,0.9549359649323077,1.0,0.0450640350676923
refl4,groundingdino,26498,35722,1,0,73,80,0.9125,0.8279916615801152,0.9640936410104413,0.1361019794303261
refl4,groundingdino,1001364499,8714,1,1,76,80,0.95,0.876901263556847,0.9862106060235382,0.1093093424666911
refl4,groundingdino,493307,30374,1,0,80,80,1.0,0.9549359649323077,1.0,0.0450640350676923
refl4,groundingdino,112226,17657,1,0,26,80,0.325,0.22445958517745324,0.4389370456044483,0.21447746042699506
refl4,groundingdino,1000736421,13012,1,1,80,80,1.0,0.9549359649323077,1.0,0.0450640350676923
refl4,groundingdino,474461,21574,1,0,73,80,0.9125,0.8279916615801152,0.9640936410104413,0.1361019794303261
refl4,groundingdino,417276,33364,1,1,76,80,0.95,0.876901263556847,0.9862106060235382,0.1093093424666911
refl4,groundingdino,1001154771,11643,1,1,80,80,1.0,0.9549359649323077,1.0,0.0450640350676923
refl4,groundingdino,1001924277,5669,1,0,80,80,1.0,0.9549359649323077,1.0,0.0450640350676923
refl4,groundingdino,1000911368,14061,1,1,80,80,1.0,0.9549359649323077,1.0,0.0450640350676923
refl4,groundingdino,1000030676,4070,1,1,78,80,0.975,0.9125928440694077,0.9969579138351904,0.08436506976578273
refl4,groundingdino,1000020485,1764,1,0,76,80,0.95,0.876901263556847,0.9862106060235382,0.1093093424666911
refl4,groundingdino,428576,39608,1,0,77,80,0.9625,0.8942980149834914,0.9921988127342833,0.09790079775079197
refl4,groundingdino,89208,29693,1,0,80,80,1.0,0.9549359649323077,1.0,0.0450640350676923
refl4,groundingdino,1001515240,8798,1,1,80,80,1.0,0.9549359649323077,1.0,0.0450640350676923
refl4,groundingdino,52751,20568,1,0,77,80,0.9625,0.8942980149834914,0.9921988127342833,0.09790079775079197
refl4,groundingdino,1002253932,14972,1,1,54,80,0.675,0.5610629543955516,0.7755404148225468,0.21447746042699511
refl4,groundingdino,1000043008,291,1,0,77,80,0.9625,0.8942980149834914,0.9921988127342833,0.09790079775079197
refl4,groundingdino,256930,39266,1,1,80,80,1.0,0.9549359649323077,1.0,0.0450640350676923
refl4,groundingdino,1000612782,13428,1,1,80,80,1.0,0.9549359649323077,1.0,0.0450640350676923
refl4,groundingdino,349038,38117,1,1,77,80,0.9625,0.8942980149834914,0.9921988127342833,0.09790079775079197
refl4,groundingdino,480014,17192,1,0,80,80,1.0,0.9549359649323077,1.0,0.0450640350676923
refl4,groundingdino,1000578716,10569,1,1,80,80,1.0,0.9549359649323077,1.0,0.0450640350676923
refl4,groundingdino,269605,31751,1,0,52,80,0.65,0.5352031145206643,0.7533280635274648,0.21812494900680057
refl4,groundingdino,99451,36071,1,0,43,80,0.5375,0.4224175280048351,0.6497235734616016,0.22730604545676647
refl4,groundingdino,72396,28112,1,0,27,80,0.3375,0.23552613798365082,0.4519056143741682,0.21637947639051738
refl4,groundingdino,1001786301,2213,1,1,80,80,1.0,0.9549359649323077,1.0,0.0450640350676923
refl4,groundingdino,1002092712,8342,1,1,80,80,1.0,0.9549359649323077,1.0,0.0450640350676923
refl4,groundingdino,566847,28260,1,1,80,80,1.0,0.9549359649323077,1.0,0.0450640350676923
refl4,groundingdino,204680,18250,1,1,3,80,0.0375,0.0078011872657166945,0.10570198501650858,0.09790079775079188
refl4,groundingdino,335524,26478,1,0,80,80,1.0,0.9549359649323077,1.0,0.0450640350676923
refl4,groundingdino,1000043219,4682,1,1,80,80,1.0,0.9549359649323077,1.0,0.0450640350676923
refl4,groundingdino,1001116518,1057,1,0,77,80,0.9625,0.8942980149834914,0.9921988127342833,0.09790079775079197
refl4,groundingdino,1001722672,1913,1,1,80,80,1.0,0.9549359649323077,1.0,0.0450640350676923
refl4,groundingdino,32818,33077,1,0,80,80,1.0,0.9549359649323077,1.0,0.0450640350676923
refl4,groundingdino,1000433832,12160,1,1,62,80,0.775,0.6679136799387491,0.8608627895010682,0.19294910956231914
refl4,groundingdino,420524,33574,1,0,80,80,1.0,0.9549359649323077,1.0,0.0450640350676923
refl4,groundingdino,110447,20485,1,1,80,80,1.0,0.9549359649323077,1.0,0.0450640350676923
refl4,groundingdino,403358,21998,1,1,80,80,1.0,0.9549359649323077,1.0,0.0450640350676923
refl4,groundingdino,92009,39331,1,1,78,80,0.975,0.9125928440694077,0.9969579138351904,0.08436506976578273
refl4,groundingdino,443410,31454,1,0,80,80,1.0,0.9549359649323077,1.0,0.0450640350676923
refl4,groundingdino,1002222882,8553,1,0,80,80,1.0,0.9549359649323077,1.0,0.0450640350676923
refl4,groundingdino,350335,20564,1,0,53,80,0.6625,0.5480943856258318,0.7644738620163491,0.21637947639051736
refl4,groundingdino,1001725781,10996,1,1,74,80,0.925,0.8438720682639279,0.9719794538231588,0.12810738555923085
refl4,groundingdino,1001361246,14904,1,1,80,80,1.0,0.9549359649323077,1.0,0.0450640350676923
refl4,groundingdino,316170,40141,1,1,80,80,1.0,0.9549359649323077,1.0,0.0450640350676923
refl4,groundingdino,264324,43883,1,1,80,80,1.0,0.9549359649323077,1.0,0.0450640350676923
refl4,groundingdino,119714,35376,1,0,80,80,1.0,0.9549359649323077,1.0,0.0450640350676923
refl4,groundingdino,1002007300,9872,1,1,80,80,1.0,0.9549359649323077,1.0,0.0450640350676923
refl4,groundingdino,1002187812,603,1,0,80,80,1.0,0.9549359649323077,1.0,0.0450640350676923
refl4,groundingdino,202617,39752,1,0,23,80,0.2875,0.19176047197196505,0.3995451133120206,0.20778464134005553
refl4,groundingdino,431947,34872,1,0,78,80,0.975,0.9125928440694077,0.9969579138351904,0.08436506976578273
refl4,groundingdino,145192,34634,1,0,80,80,1.0,0.9549359649323077,1.0,0.0450640350676923
refl4,groundingdino,19959,28535,1,0,80,80,1.0,0.9549359649323077,1.0,0.0450640350676923
refl4,groundingdino,226460,35648,1,0,36,80,0.45,0.33848638448981544,0.565326020905847,0.2268396364160316
refl4,groundingdino,315411,20699,1,0,80,80,1.0,0.9549359649323077,1.0,0.0450640350676923
refl4,groundingdino,312050,29535,1,1,75,80,0.9375,0.860142924702361,0.9793969276979898,0.11925400299562883
refl4,groundingdino,1002039610,964,1,0,64,80,0.8,0.6956311329945355,0.8811409135950147,0.18550978060047918
refl4,groundingdino,493851,25346,1,0,54,80,0.675,0.5610629543955516,0.7755404148225468,0.21447746042699511
refl4,groundingdino,141121,31425,1,1,80,80,1.0,0.9549359649323077,1.0,0.0450640350676923
refl4,groundingdino,25515,23308,1,0,51,80,0.6375,0.5223872787351916,0.7421051046283819,0.21971782589319022
refl4,groundingdino,1000041750,15421,1,1,80,80,1.0,0.9549359649323077,1.0,0.0450640350676923
refl4,groundingdino,1001136640,15154,1,1,78,80,0.975,0.9125928440694077,0.9969579138351904,0.08436506976578273
refl4,groundingdino,9218,33959,1,0,49,80,0.6125,0.4969755425018991,0.7194348668752178,0.22245932437331872
refl4,groundingdino,556783,40521,1,1,68,80,0.85,0.7526358884071023,0.9200184386902862,0.16738255028318394
refl4,groundingdino,1001248772,3276,1,0,80,80,1.0,0.9549359649323077,1.0,0.0450640350676923
refl4,groundingdino,1001470541,11425,1,0,79,80,0.9875,0.9323122155360776,0.9996835774723672,0.06737136193628968
refl4,groundingdino,551524,21828,1,1,80,80,1.0,0.9549359649323077,1.0,0.0450640350676923
refl4,groundingdino,1001369145,4669,1,0,69,80,0.8625,0.7672791291752744,0.9293121672961213,0.1620330381208469
refl4,groundingdino,1001857549,5618,1,1,80,80,1.0,0.9549359649323077,1.0,0.0450640350676923
refl4,groundingdino,519477,18039,1,1,77,80,0.9625,0.8942980149834914,0.9921988127342833,0.09790079775079197
refl4,groundingdino,1000022720,9277,1,1,80,80,1.0,0.9549359649323077,1.0,0.0450640350676923
refl4,groundingdino,1001077997,15562,1,0,80,80,1.0,0.9549359649323077,1.0,0.0450640350676923
refl4,groundingdino,1000546110,16235,1,1,75,80,0.9375,0.860142924702361,0.9793969276979898,0.11925400299562883
refl4,groundingdino,203108,40037,1,0,71,80,0.8875,0.7971534080830098,0.9472484868543125,0.15009507877130268
refl4,groundingdino,1001144940,7897,1,1,80,80,1.0,0.9549359649323077,1.0,0.0450640350676923
refl4,groundingdino,153671,25551,1,0,54,80,0.675,0.5610629543955516,0.7755404148225468,0.21447746042699511
refl4,groundingdino,281464,19608,1,1,47,80,0.5875,0.47184834042520446,0.6964754070624058,0.2246270666372014
refl4,groundingdino,338549,39637,1,0,41,80,0.5125,0.39810466870318556,0.625942518555561,0.22783784985237548
refl4,groundingdino,1001221608,10162,1,0,22,80,0.275,0.18103763855703875,0.38624342084440927,0.20520578228737052
refl4,groundingdino,1001624102,9359,1,1,80,80,1.0,0.9549359649323077,1.0,0.0450640350676923
refl4,groundingdino,519626,17855,1,0,16,80,0.2,0.11885908640498531,0.30436886700546445,0.18550978060047912
refl4,groundingdino,1001663915,16288,1,0,78,80,0.975,0.9125928440694077,0.9969579138351904,0.08436506976578273
refl4,groundingdino,226329,25089,1,1,80,80,1.0,0.9549359649323077,1.0,0.0450640350676923
refl4,groundingdino,31329,42455,1,1,67,80,0.8375,0.7381631061748871,0.9105383582774708,0.17237525210258364
refl4,groundingdino,260957,40227,1,1,44,80,0.55,0.43467397909415284,0.6615136155101845,0.22683963641603166
refl4,groundingdino,263744,19602,1,0,72,80,0.9,0.8124348925365683,0.955829059846371,0.1433941673098027
refl4,groundingdino,137918,33864,1,1,78,80,0.975,0.9125928440694077,0.9969579138351904,0.08436506976578273
refl4,groundingdino,323218,42773,1,0,42,80,0.525,0.4102278413767706,0.6378664183228473,0.2276385769460767
refl4,groundingdino,1001882238,11045,1,0,80,80,1.0,0.9549359649323077,1.0,0.0450640350676923
refl4,groundingdino,105200,32229,1,0,70,80,0.875,0.7821108659305637,0.9383979034415657,0.15628703751100204
refl4,groundingdino,255016,24132,1,1,61,80,0.7625,0.6542230288597322,0.8505462481433591,0.19632321928362695
refl4,groundingdino,522947,43831,1,0,76,80,0.95,0.876901263556847,0.9862106060235382,0.1093093424666911
refl4,groundingdino,183836,30024,1,0,60,80,0.75,0.64063652409315,0.8401203554931442,0.19948383139999426
refl4,groundingdino,1001166560,6323,1,0,58,80,0.725,0.6137565791555909,0.8189623614429612,0.2052057822873703
refl4,groundingdino,146584,17313,1,1,78,80,0.975,0.9125928440694077,0.9969579138351904,0.08436506976578273
refl4,groundingdino,1000085441,4311,1,0,80,80,1.0,0.9549359649323077,1.0,0.0450640350676923
refl4,groundingdino,314319,18335,1,1,58,80,0.725,0.6137565791555909,0.8189623614429612,0.2052057822873703
refl4,groundingdino,1002119412,5212,1,1,80,80,1.0,0.9549359649323077,1.0,0.0450640350676923
refl4,groundingdino,1000021717,14323,1,0,80,80,1.0,0.9549359649323077,1.0,0.0450640350676923
refl4,groundingdino,311620,33063,1,0,74,80,0.925,0.8438720682639279,0.9719794538231588,0.12810738555923085
refl4,groundingdino,326077,31983,1,0,64,80,0.8,0.6956311329945355,0.8811409135950147,0.18550978060047918
refl4,groundingdino,305492,23605,1,0,61,80,0.7625,0.6542230288597322,0.8505462481433591,0.19632321928362695
refl4,groundingdino,344073,35123,1,1,66,80,0.825,0.7238459604789864,0.9008894901605713,0.17704352968158488
refl4,groundingdino,52929,35131,1,0,80,80,1.0,0.9549359649323077,1.0,0.0450640350676923
refl4,groundingdino,1001363672,9821,1,1,80,80,1.0,0.9549359649323077,1.0,0.0450640350676923
refl4,groundingdino,1001227710,8939,1,0,80,80,1.0,0.9549359649323077,1.0,0.0450640350676923
refl4,groundingdino,1001593145,336,1,1,19,80,0.2375,0.1494537518566408,0.34577697114026784,0.19632321928362703
refl4,groundingdino,559760,29268,1,1,80,80,1.0,0.9549359649323077,1.0,0.0450640350676923
refl4,groundingdino,1001670956,11,1,0,80,80,1.0,0.9549359649323077,1.0,0.0450640350676923
refl4,groundingdino,393629,30465,1,0,80,80,1.0,0.9549359649323077,1.0,0.0450640350676923
refl4,groundingdino,94564,43161,1,0,80,80,1.0,0.9549359649323077,1.0,0.0450640350676923
refl4,groundingdino,343291,24772,1,0,60,80,0.75,0.64063652409315,0.8401203554931442,0.19948383139999426
refl4,groundingdino,1000522222,6270,1,1,73,80,0.9125,0.8279916615801152,0.9640936410104413,0.1361019794303261
refl4,groundingdino,1001165999,3867,1,1,80,80,1.0,0.9549359649323077,1.0,0.0450640350676923
refl4,groundingdino,1000666662,13215,1,0,54,80,0.675,0.5610629543955516,0.7755404148225468,0.21447746042699511
refl4,groundingdino,39580,38854,1,0,73,80,0.9125,0.8279916615801152,0.9640936410104413,0.1361019794303261
refl4,groundingdino,521709,44393,1,0,77,80,0.9625,0.8942980149834914,0.9921988127342833,0.09790079775079197
refl4,groundingdino,1000126431,8135,1,0,56,80,0.7,0.5872406769186242,0.7974260708533272,0.21018539393470292
refl4,groundingdino,1000389544,14560,1,0,57,80,0.7125,0.6004548866879794,0.8082395280280349,0.20778464134005548
refl4,groundingdino,423988,41659,1,0,73,80,0.9125,0.8279916615801152,0.9640936410104413,0.1361019794303261
refl4,groundingdino,410916,22135,1,0,80,80,1.0,0.9549359649323077,1.0,0.0450640350676923
refl4,groundingdino,238828,37488,1,0,80,80,1.0,0.9549359649323077,1.0,0.0450640350676923
refl4,groundingdino,385337,31237,1,0,80,80,1.0,0.9549359649323077,1.0,0.0450640350676923
refl4,groundingdino,1001856448,16663,1,1,80,80,1.0,0.9549359649323077,1.0,0.0450640350676923
refl4,groundingdino,447197,27149,1,0,80,80,1.0,0.9549359649323077,1.0,0.0450640350676923
refl4,groundingdino,481292,16993,1,1,68,80,0.85,0.7526358884071023,0.9200184386902862,0.16738255028318394
refl4,groundingdino,1001833184,503,1,1,73,80,0.9125,0.8279916615801152,0.9640936410104413,0.1361019794303261
refl4,groundingdino,1000020328,12335,1,0,80,80,1.0,0.9549359649323077,1.0,0.0450640350676923
refl4,groundingdino,59079,29921,1,0,80,80,1.0,0.9549359649323077,1.0,0.0450640350676923
refl4,groundingdino,39195,45100,1,0,80,80,1.0,0.9549359649323077,1.0,0.0450640350676923
refl4,groundingdino,9185,43537,1,1,80,80,1.0,0.9549359649323077,1.0,0.0450640350676923
refl4,groundingdino,98641,18671,1,0,80,80,1.0,0.9549359649323077,1.0,0.0450640350676923
refl4,groundingdino,1001130627,3170,1,0,80,80,1.0,0.9549359649323077,1.0,0.0450640350676923
refl4,groundingdino,222506,25117,1,0,77,80,0.9625,0.8942980149834914,0.9921988127342833,0.09790079775079197
refl4,groundingdino,9018,39801,1,0,80,80,1.0,0.9549359649323077,1.0,0.0450640350676923
refl4,groundingdino,411289,19162,1,0,66,80,0.825,0.7238459604789864,0.9008894901605713,0.17704352968158488
refl4,groundingdino,47554,31167,1,0,42,80,0.525,0.4102278413767706,0.6378664183228473,0.2276385769460767
refl4,groundingdino,572353,37208,1,0,42,80,0.525,0.4102278413767706,0.6378664183228473,0.2276385769460767
refl4,groundingdino,113721,29899,1,0,75,80,0.9375,0.860142924702361,0.9793969276979898,0.11925400299562883
refl4,groundingdino,416651,33033,1,0,33,80,0.4125,0.30352459293759415,0.5281516595747955,0.22462706663720133
refl4,groundingdino,307462,19045,1,0,80,80,1.0,0.9549359649323077,1.0,0.0450640350676923
refl4,groundingdino,1000384684,15426,1,1,80,80,1.0,0.9549359649323077,1.0,0.0450640350676923
refl4,groundingdino,1001721492,16881,1,0,80,80,1.0,0.9549359649323077,1.0,0.0450640350676923
refl4,groundingdino,67807,45208,1,0,22,80,0.275,0.18103763855703875,0.38624342084440927,0.20520578228737052
refl4,groundingdino,1000455769,15665,1,1,67,80,0.8375,0.7381631061748871,0.9105383582774708,0.17237525210258364
refl4,groundingdino,254660,31633,1,1,80,80,1.0,0.9549359649323077,1.0,0.0450640350676923
refl4,groundingdino,160852,24388,1,0,71,80,0.8875,0.7971534080830098,0.9472484868543125,0.15009507877130268
refl4,groundingdino,1000111717,15221,1,0,53,80,0.6625,0.5480943856258318,0.7644738620163491,0.21637947639051736
refl4,groundingdino,57699,22210,1,1,80,80,1.0,0.9549359649323077,1.0,0.0450640350676923
refl4,groundingdino,1001401303,5923,1,1,80,80,1.0,0.9549359649323077,1.0,0.0450640350676923
refl4,groundingdino,244095,45075,1,0,80,80,1.0,0.9549359649323077,1.0,0.0450640350676923
refl4,groundingdino,1000064837,9109,1,1,80,80,1.0,0.9549359649323077,1.0,0.0450640350676923
refl4,groundingdino,1001887771,12540,1,0,31,80,0.3875,0.28056513312478215,0.5030244574981009,0.22245932437331872
refl4,groundingdino,1002059118,4936,1,0,74,80,0.925,0.8438720682639279,0.9719794538231588,0.12810738555923085
refl4,groundingdino,271760,32328,1,0,51,80,0.6375,0.5223872787351916,0.7421051046283819,0.21971782589319022
refl4,groundingdino,1000412823,1545,1,0,65,80,0.8125,0.7096721043523089,0.8910863118524706,0.18141420750016168
refl4,groundingdino,21504,21260,1,0,29,80,0.3625,0.2578948953716181,0.47761272126480847,0.2197178258931904
refl4,groundingdino,561028,17670,1,0,80,80,1.0,0.9549359649323077,1.0,0.0450640350676923
refl4,groundingdino,1002143052,9166,1,0,54,80,0.675,0.5610629543955516,0.7755404148225468,0.21447746042699511
refl4,groundingdino,492894,20682,1,1,80,80,1.0,0.9549359649323077,1.0,0.0450640350676923
refl4,groundingdino,1002099052,4515,1,1,80,80,1.0,0.9549359649323077,1.0,0.0450640350676923
refl4,groundingdino,72454,33765,1,0,72,80,0.9,0.8124348925365683,0.955829059846371,0.1433941673098027
refl4,groundingdino,426016,41984,1,0,70,80,0.875,0.7821108659305637,0.9383979034415657,0.15628703751100204
refl4,groundingdino,1000129723,7465,1,0,37,80,0.4625,0.3502764265383982,0.5775824719951649,0.2273060454567667
refl4,groundingdino,319685,25337,1,0,30,80,0.375,0.2691931699468049,0.4903547644071125,0.2211615944603076
refl4,groundingdino,1001887155,3951,1,0,48,80,0.6,0.4843769404954894,0.7079906437446896,0.22361370324920016
refl4,groundingdino,152003,30029,1,0,80,80,1.0,0.9549359649323077,1.0,0.0450640350676923
refl4,groundingdino,100586,19858,1,0,76,80,0.95,0.876901263556847,0.9862106060235382,0.1093093424666911
refl4,groundingdino,257867,32459,1,0,80,80,1.0,0.9549359649323077,1.0,0.0450640350676923
refl4,groundingdino,1001658748,16617,1,1,80,80,1.0,0.9549359649323077,1.0,0.0450640350676923
refl4,groundingdino,468276,44540,1,1,80,80,1.0,0.9549359649323077,1.0,0.0450640350676923
refl4,groundingdino,170327,28021,1,0,80,80,1.0,0.9549359649323077,1.0,0.0450640350676923
refl4,groundingdino,1000917028,11917,1,1,80,80,1.0,0.9549359649323077,1.0,0.0450640350676923
refl4,groundingdino,1001348625,9035,1,0,50,80,0.625,0.5096452355928875,0.7308068300531951,0.2211615944603076
refl4,groundingdino,1001279915,11120,1,1,75,80,0.9375,0.860142924702361,0.9793969276979898,0.11925400299562883
refl4,groundingdino,304408,19910,1,0,68,80,0.85,0.7526358884071023,0.9200184386902862,0.16738255028318394
refl4,groundingdino,1001455188,1348,1,0,80,80,1.0,0.9549359649323077,1.0,0.0450640350676923
refl4,groundingdino,478092,40737,1,1,66,80,0.825,0.7238459604789864,0.9008894901605713,0.17704352968158488
refl4,groundingdino,1002202922,2375,1,0,74,80,0.925,0.8438720682639279,0.9719794538231588,0.12810738555923085
refl4,groundingdino,1002149912,7145,1,0,80,80,1.0,0.9549359649323077,1.0,0.0450640350676923
refl4,groundingdino,12790,42115,1,1,80,80,1.0,0.9549359649323077,1.0,0.0450640350676923
refl4,groundingdino,551197,37574,1,0,79,80,0.9875,0.9323122155360776,0.9996835774723672,0.06737136193628968
refl4,groundingdino,1001837138,6755,1,1,80,80,1.0,0.9549359649323077,1.0,0.0450640350676923
refl4,groundingdino,302103,27740,1,0,79,80,0.9875,0.9323122155360776,0.9996835774723672,0.06737136193628968
refl4,groundingdino,224692,31081,1,0,80,80,1.0,0.9549359649323077,1.0,0.0450640350676923
refl4,groundingdino,315229,26865,1,0,80,80,1.0,0.9549359649323077,1.0,0.0450640350676923
refl4,groundingdino,1001774307,15546,1,0,80,80,1.0,0.9549359649323077,1.0,0.0450640350676923
refl4,groundingdino,94459,22264,1,0,79,80,0.9875,0.9323122155360776,0.9996835774723672,0.06737136193628968
refl4,groundingdino,1000026498,11037,1,1,80,80,1.0,0.9549359649323077,1.0,0.0450640350676923
refl4,groundingdino,212641,17806,1,1,80,80,1.0,0.9549359649323077,1.0,0.0450640350676923
refl4,groundingdino,541949,27542,1,0,80,80,1.0,0.9549359649323077,1.0,0.0450640350676923
refl4,groundingdino,1000405963,12351,1,1,80,80,1.0,0.9549359649323077,1.0,0.0450640350676923
refl4,groundingdino,316557,30417,1,0,70,80,0.875,0.7821108659305637,0.9383979034415657,0.15628703751100204
refl4,groundingdino,1001467483,15550,1,0,80,80,1.0,0.9549359649323077,1.0,0.0450640350676923
refl4,groundingdino,1001814699,15092,1,0,80,80,1.0,0.9549359649323077,1.0,0.0450640350676923
refl4,groundingdino,1001296151,548,1,0,68,80,0.85,0.7526358884071023,0.9200184386902862,0.16738255028318394
refl4,groundingdino,1001486302,11613,1,0,77,80,0.9625,0.8942980149834914,0.9921988127342833,0.09790079775079197
refl4,groundingdino,1002036254,10209,1,1,80,80,1.0,0.9549359649323077,1.0,0.0450640350676923
refl4,groundingdino,1000051611,11710,1,1,80,80,1.0,0.9549359649323077,1.0,0.0450640350676923
refl4,groundingdino,243336,31152,1,0,76,80,0.95,0.876901263556847,0.9862106060235382,0.1093093424666911
refl4,groundingdino,494174,32359,1,0,80,80,1.0,0.9549359649323077,1.0,0.0450640350676923
refl4,groundingdino,1001493781,1848,1,1,80,80,1.0,0.9549359649323077,1.0,0.0450640350676923
refl4,groundingdino,18292,36673,1,0,80,80,1.0,0.9549359649323077,1.0,0.0450640350676923
refl4,groundingdino,453553,42949,1,1,78,80,0.975,0.9125928440694077,0.9969579138351904,0.08436506976578273
refl4,groundingdino,1966,18124,1,0,35,80,0.4375,0.3267639534337789,0.5530024286118197,0.2262384751780408
refl4,groundingdino,1001265717,4021,1,0,77,80,0.9625,0.8942980149834914,0.9921988127342833,0.09790079775079197
refl4,groundingdino,1001534661,6264,1,0,80,80,1.0,0.9549359649323077,1.0,0.0450640350676923
refl4,groundingdino,503541,42566,1,1,80,80,1.0,0.9549359649323077,1.0,0.0450640350676923
refl4,groundingdino,378791,38419,1,1,80,80,1.0,0.9549359649323077,1.0,0.0450640350676923
refl4,groundingdino,355621,38233,1,0,13,80,0.1625,0.08946164172252925,0.2618368938251128,0.1723752521025836
refl4,groundingdino,576376,18778,1,0,78,80,0.975,0.9125928440694077,0.9969579138351904,0.08436506976578273
refl4,groundingdino,530097,41270,1,1,80,80,1.0,0.9549359649323077,1.0,0.0450640350676923
refl4,groundingdino,1001395204,2031,1,1,80,80,1.0,0.9549359649323077,1.0,0.0450640350676923
refl4,groundingdino,1001635171,5182,1,1,70,80,0.875,0.7821108659305637,0.9383979034415657,0.15628703751100204
refl4,groundingdino,484563,35939,1,0,80,80,1.0,0.9549359649323077,1.0,0.0450640350676923
refl4,groundingdino,423114,20132,1,0,80,80,1.0,0.9549359649323077,1.0,0.0450640350676923
refl4,groundingdino,306420,23410,1,1,80,80,1.0,0.9549359649323077,1.0,0.0450640350676923
refl4,groundingdino,1001296731,4828,1,0,57,80,0.7125,0.6004548866879794,0.8082395280280349,0.20778464134005548
refl4,groundingdino,1001726742,12000,1,0,80,80,1.0,0.9549359649323077,1.0,0.0450640350676923
refl4,groundingdino,415570,35636,1,0,77,80,0.9625,0.8942980149834914,0.9921988127342833,0.09790079775079197
refl4,groundingdino,287718,29126,1,1,80,80,1.0,0.9549359649323077,1.0,0.0450640350676923
refl4,groundingdino,557746,38000,1,0,37,80,0.4625,0.3502764265383982,0.5775824719951649,0.2273060454567667
refl4,groundingdino,1001048513,8955,1,0,73,80,0.9125,0.8279916615801152,0.9640936410104413,0.1361019794303261
refl4,groundingdino,1001545785,3817,1,1,80,80,1.0,0.9549359649323077,1.0,0.0450640350676923
refl4,groundingdino,298110,29708,1,0,35,80,0.4375,0.3267639534337789,0.5530024286118197,0.2262384751780408
refl4,groundingdino,197651,41396,1,0,80,80,1.0,0.9549359649323077,1.0,0.0450640350676923
refl4,groundingdino,109895,18090,1,0,74,80,0.925,0.8438720682639279,0.9719794538231588,0.12810738555923085
refl4,groundingdino,277507,21274,1,0,74,80,0.925,0.8438720682639279,0.9719794538231588,0.12810738555923085
refl4,groundingdino,1001762071,16814,1,0,80,80,1.0,0.9549359649323077,1.0,0.0450640350676923
refl4,groundingdino,224734,19154,1,0,80,80,1.0,0.9549359649323077,1.0,0.0450640350676923
refl4,groundingdino,19967,32800,1,1,72,80,0.9,0.8124348925365683,0.955829059846371,0.1433941673098027
refl4,groundingdino,163840,37525,1,0,52,80,0.65,0.5352031145206643,0.7533280635274648,0.21812494900680057
refl4,groundingdino,1000079392,14418,1,0,69,80,0.8625,0.7672791291752744,0.9293121672961213,0.1620330381208469
refl4,groundingdino,1001670894,1075,1,1,78,80,0.975,0.9125928440694077,0.9969579138351904,0.08436506976578273
refl4,groundingdino,397687,19443,1,1,61,80,0.7625,0.6542230288597322,0.8505462481433591,0.19632321928362695
refl4,groundingdino,1001765035,7487,1,1,80,80,1.0,0.9549359649323077,1.0,0.0450640350676923
refl4,groundingdino,578519,35391,1,0,56,80,0.7,0.5872406769186242,0.7974260708533272,0.21018539393470292
refl4,groundingdino,74217,27462,1,0,78,80,0.975,0.9125928440694077,0.9969579138351904,0.08436506976578273
refl4,groundingdino,453704,44055,1,0,65,80,0.8125,0.7096721043523089,0.8910863118524706,0.18141420750016168
refl4,groundingdino,176342,42201,1,0,38,80,0.475,0.3621335816771527,0.5897721586232294,0.2276385769460767
refl4,groundingdino,2567,42506,1,0,45,80,0.5625,0.44699757138818025,0.673236046566221,0.2262384751780408
refl4,groundingdino,301218,37617,1,0,42,80,0.525,0.4102278413767706,0.6378664183228473,0.2276385769460767
refl4,groundingdino,1001216034,412,1,1,80,80,1.0,0.9549359649323077,1.0,0.0450640350676923
refl4,groundingdino,1000247396,4294,1,0,58,80,0.725,0.6137565791555909,0.8189623614429612,0.2052057822873703
refl4,groundingdino,1001846415,15232,1,1,80,80,1.0,0.9549359649323077,1.0,0.0450640350676923
refl4,groundingdino,513221,44649,1,0,35,80,0.4375,0.3267639534337789,0.5530024286118197,0.2262384751780408
refl4,groundingdino,108123,24484,1,0,75,80,0.9375,0.860142924702361,0.9793969276979898,0.11925400299562883
refl4,groundingdino,1000976501,6048,1,0,75,80,0.9375,0.860142924702361,0.9793969276979898,0.11925400299562883
refl4,groundingdino,424161,23879,1,1,73,80,0.9125,0.8279916615801152,0.9640936410104413,0.1361019794303261
refl4,groundingdino,1000947390,2234,1,1,49,80,0.6125,0.4969755425018991,0.7194348668752178,0.22245932437331872
refl4,groundingdino,277267,24100,1,1,64,80,0.8,0.6956311329945355,0.8811409135950147,0.18550978060047918
refl4,groundingdino,1000422996,11058,1,1,80,80,1.0,0.9549359649323077,1.0,0.0450640350676923
refl4,groundingdino,335107,35961,1,0,80,80,1.0,0.9549359649323077,1.0,0.0450640350676923
refl4,groundingdino,1001502031,2698,1,0,78,80,0.975,0.9125928440694077,0.9969579138351904,0.08436506976578273
refl4,groundingdino,474545,42799,1,1,63,80,0.7875,0.6817141914403442,0.8710635049024182,0.18934931346207406
refl4,groundingdino,1000064768,9022,1,0,80,80,1.0,0.9549359649323077,1.0,0.0450640350676923
refl4,groundingdino,342459,30214,1,1,72,80,0.9,0.8124348925365683,0.955829059846371,0.1433941673098027
refl4,groundingdino,41730,17925,1,0,80,80,1.0,0.9549359649323077,1.0,0.0450640350676923
refl4,groundingdino,113844,26988,1,0,72,80,0.9,0.8124348925365683,0.955829059846371,0.1433941673098027
refl4,groundingdino,1000308544,8503,1,0,77,80,0.9625,0.8942980149834914,0.9921988127342833,0.09790079775079197
refl4,groundingdino,45226,38513,1,0,80,80,1.0,0.9549359649323077,1.0,0.0450640350676923
refl4,groundingdino,114060,36101,1,0,76,80,0.95,0.876901263556847,0.9862106060235382,0.1093093424666911
refl4,groundingdino,36445,26694,1,0,72,80,0.9,0.8124348925365683,0.955829059846371,0.1433941673098027
refl4,groundingdino,507215,37773,1,1,64,80,0.8,0.6956311329945355,0.8811409135950147,0.18550978060047918
refl4,groundingdino,1000060592,5396,1,0,69,80,0.8625,0.7672791291752744,0.9293121672961213,0.1620330381208469
refl4,groundingdino,193333,27215,1,0,80,80,1.0,0.9549359649323077,1.0,0.0450640350676923
refl4,groundingdino,541212,35746,1,0,80,80,1.0,0.9549359649323077,1.0,0.0450640350676923
refl4,groundingdino,577558,31116,1,0,80,80,1.0,0.9549359649323077,1.0,0.0450640350676923
refl4,groundingdino,1001729846,5451,1,0,62,80,0.775,0.6679136799387491,0.8608627895010682,0.19294910956231914
refl4,groundingdino,268881,23095,1,0,80,80,1.0,0.9549359649323077,1.0,0.0450640350676923
refl4,groundingdino,1000423805,5077,1,1,76,80,0.95,0.876901263556847,0.9862106060235382,0.1093093424666911
refl4,groundingdino,1000006177,7866,1,1,80,80,1.0,0.9549359649323077,1.0,0.0450640350676923
refl4,groundingdino,1000005463,11373,1,0,58,80,0.725,0.6137565791555909,0.8189623614429612,0.2052057822873703
refl4,groundingdino,1001131231,6348,1,1,80,80,1.0,0.9549359649323077,1.0,0.0450640350676923
refl4,groundingdino,1001697117,6104,1,0,70,80,0.875,0.7821108659305637,0.9383979034415657,0.15628703751100204
refl4,groundingdino,1001297429,6881,1,0,80,80,1.0,0.9549359649323077,1.0,0.0450640350676923
refl4,groundingdino,1001537860,10374,1,0,80,80,1.0,0.9549359649323077,1.0,0.0450640350676923
refl4,groundingdino,1001192773,11890,1,0,48,80,0.6,0.4843769404954894,0.7079906437446896,0.22361370324920016
refl4,groundingdino,358788,34941,1,0,45,80,0.5625,0.44699757138818025,0.673236046566221,0.2262384751780408
refl4,groundingdino,1001046485,15851,1,0,80,80,1.0,0.9549359649323077,1.0,0.0450640350676923
refl4,groundingdino,1000330444,13582,1,1,79,80,0.9875,0.9323122155360776,0.9996835774723672,0.06737136193628968
refl4,groundingdino,431112,25666,1,0,37,80,0.4625,0.3502764265383982,0.5775824719951649,0.2273060454567667
refl4,groundingdino,99724,24067,1,0,80,80,1.0,0.9549359649323077,1.0,0.0450640350676923
refl4,groundingdino,1001106358,96,1,0,79,80,0.9875,0.9323122155360776,0.9996835774723672,0.06737136193628968
refl4,groundingdino,1000040493,2846,1,1,78,80,0.975,0.9125928440694077,0.9969579138351904,0.08436506976578273
refl4,groundingdino,523617,39181,1,1,76,80,0.95,0.876901263556847,0.9862106060235382,0.1093093424666911
refl4,groundingdino,290354,22919,1,0,80,80,1.0,0.9549359649323077,1.0,0.0450640350676923
refl4,groundingdino,71558,38161,1,1,38,80,0.475,0.3621335816771527,0.5897721586232294,0.2276385769460767
refl4,groundingdino,1000932700,8185,1,1,80,80,1.0,0.9549359649323077,1.0,0.0450640350676923
refl4,groundingdino,275775,21750,1,0,80,80,1.0,0.9549359649323077,1.0,0.0450640350676923
refl4,groundingdino,491936,21458,1,0,78,80,0.975,0.9125928440694077,0.9969579138351904,0.08436506976578273
refl4,groundingdino,1001702459,7193,1,0,27,80,0.3375,0.23552613798365082,0.4519056143741682,0.21637947639051738
refl4,groundingdino,556360,28091,1,0,77,80,0.9625,0.8942980149834914,0.9921988127342833,0.09790079775079197
refl4,groundingdino,1001788195,4508,1,1,80,80,1.0,0.9549359649323077,1.0,0.0450640350676923
refl4,groundingdino,319644,17311,1,0,80,80,1.0,0.9549359649323077,1.0,0.0450640350676923
refl4,groundingdino,469427,34479,1,0,70,80,0.875,0.7821108659305637,0.9383979034415657,0.15628703751100204
refl4,groundingdino,253229,29692,1,1,80,80,1.0,0.9549359649323077,1.0,0.0450640350676923
refl4,groundingdino,556162,31513,1,1,80,80,1.0,0.9549359649323077,1.0,0.0450640350676923
refl4,groundingdino,427628,19507,1,0,80,80,1.0,0.9549359649323077,1.0,0.0450640350676923
refl4,groundingdino,1001029619,11094,1,0,69,80,0.8625,0.7672791291752744,0.9293121672961213,0.1620330381208469
refl4,groundingdino,412220,22436,1,0,79,80,0.9875,0.9323122155360776,0.9996835774723672,0.06737136193628968
refl4,groundingdino,421105,24336,1,1,78,80,0.975,0.9125928440694077,0.9969579138351904,0.08436506976578273
refl4,groundingdino,1001724786,4560,1,0,80,80,1.0,0.9549359649323077,1.0,0.0450640350676923
refl4,groundingdino,440310,30476,1,0,42,80,0.525,0.4102278413767706,0.6378664183228473,0.2276385769460767
refl4,groundingdino,300197,20348,1,0,59,80,0.7375,0.6271491697875681,0.8295907488995917,0.20244157911202365
refl4,groundingdino,178874,17273,1,0,80,80,1.0,0.9549359649323077,1.0,0.0450640350676923
refl4,groundingdino,283673,23456,1,0,50,80,0.625,0.5096452355928875,0.7308068300531951,0.2211615944603076
refl4,groundingdino,572998,26799,1,1,65,80,0.8125,0.7096721043523089,0.8910863118524706,0.18141420750016168
refl4,groundingdino,1001365618,8708,1,0,80,80,1.0,0.9549359649323077,1.0,0.0450640350676923
refl4,groundingdino,575049,27775,1,0,79,80,0.9875,0.9323122155360776,0.9996835774723672,0.06737136193628968
refl4,groundingdino,1001236798,13744,1,1,80,80,1.0,0.9549359649323077,1.0,0.0450640350676923
refl4,groundingdino,1000077635,5852,1,1,80,80,1.0,0.9549359649323077,1.0,0.0450640350676923
refl4,groundingdino,1001701402,3704,1,0,80,80,1.0,0.9549359649323077,1.0,0.0450640350676923
refl4,groundingdino,531834,21248,1,0,80,80,1.0,0.9549359649323077,1.0,0.0450640350676923
refl4,groundingdino,363624,21935,1,0,80,80,1.0,0.9549359649323077,1.0,0.0450640350676923
refl4,groundingdino,106557,38817,1,1,80,80,1.0,0.9549359649323077,1.0,0.0450640350676923
refl4,groundingdino,55092,29170,1,1,71,80,0.8875,0.7971534080830098,0.9472484868543125,0.15009507877130268
refl4,groundingdino,1000514085,16086,1,1,78,80,0.975,0.9125928440694077,0.9969579138351904,0.08436506976578273
refl4,groundingdino,1001854247,10691,1,1,79,80,0.9875,0.9323122155360776,0.9996835774723672,0.06737136193628968
refl4,groundingdino,317391,38768,1,0,47,80,0.5875,0.47184834042520446,0.6964754070624058,0.2246270666372014
refl4,groundingdino,227490,25937,1,1,80,80,1.0,0.9549359649323077,1.0,0.0450640350676923
refl4,groundingdino,203994,24492,1,0,80,80,1.0,0.9549359649323077,1.0,0.0450640350676923
refl4,groundingdino,193663,36160,1,0,25,80,0.3125,0.21347463110876716,0.4258890738564495,0.2124144427476823
refl4,groundingdino,241527,21598,1,0,52,80,0.65,0.5352031145206643,0.7533280635274648,0.21812494900680057
refl4,groundingdino,1000463231,13381,1,0,80,80,1.0,0.9549359649323077,1.0,0.0450640350676923
refl4,groundingdino,1002252432,2315,1,0,41,80,0.5125,0.39810466870318556,0.625942518555561,0.22783784985237548
refl4,groundingdino,172957,34992,1,1,80,80,1.0,0.9549359649323077,1.0,0.0450640350676923
refl4,groundingdino,1000471573,10364,1,0,80,80,1.0,0.9549359649323077,1.0,0.0450640350676923
refl4,groundingdino,1001085754,665,1,1,79,80,0.9875,0.9323122155360776,0.9996835774723672,0.06737136193628968
refl4,groundingdino,1000950860,4465,1,0,69,80,0.8625,0.7672791291752744,0.9293121672961213,0.1620330381208469
refl4,groundingdino,1001153620,90,1,1,80,80,1.0,0.9549359649323077,1.0,0.0450640350676923
refl4,groundingdino,331463,23886,1,0,80,80,1.0,0.9549359649323077,1.0,0.0450640350676923
refl4,groundingdino,337704,25740,1,0,80,80,1.0,0.9549359649323077,1.0,0.0450640350676923
refl4,groundingdino,161719,31748,1,0,80,80,1.0,0.9549359649323077,1.0,0.0450640350676923
refl4,groundingdino,490712,43158,1,0,59,80,0.7375,0.6271491697875681,0.8295907488995917,0.20244157911202365
refl4,groundingdino,105859,42562,1,0,80,80,1.0,0.9549359649323077,1.0,0.0450640350676923
refl4,groundingdino,1002259742,3262,1,1,80,80,1.0,0.9549359649323077,1.0,0.0450640350676923
refl4,groundingdino,1000040299,834,1,1,77,80,0.9625,0.8942980149834914,0.9921988127342833,0.09790079775079197
refl4,groundingdino,514559,32760,1,0,80,80,1.0,0.9549359649323077,1.0,0.0450640350676923
refl4,groundingdino,266515,35730,1,0,80,80,1.0,0.9549359649323077,1.0,0.0450640350676923
refl4,groundingdino,182571,18832,1,1,72,80,0.9,0.8124348925365683,0.955829059846371,0.1433941673098027
refl4,groundingdino,473403,30215,1,0,73,80,0.9125,0.8279916615801152,0.9640936410104413,0.1361019794303261
refl4,groundingdino,1001730332,11806,1,1,80,80,1.0,0.9549359649323077,1.0,0.0450640350676923
refl4,groundingdino,225213,20736,1,0,80,80,1.0,0.9549359649323077,1.0,0.0450640350676923
refl4,groundingdino,1001657623,15579,1,0,80,80,1.0,0.9549359649323077,1.0,0.0450640350676923
refl4,groundingdino,448115,23385,1,1,80,80,1.0,0.9549359649323077,1.0,0.0450640350676923
refl4,groundingdino,1001311976,10633,1,0,78,80,0.975,0.9125928440694077,0.9969579138351904,0.08436506976578273
refl4,groundingdino,54541,22539,1,0,44,80,0.55,0.43467397909415284,0.6615136155101845,0.22683963641603166
refl4,groundingdino,1002027229,11493,1,1,80,80,1.0,0.9549359649323077,1.0,0.0450640350676923
refl4,groundingdino,543233,25341,1,0,80,80,1.0,0.9549359649323077,1.0,0.0450640350676923
refl4,groundingdino,338978,41916,1,1,80,80,1.0,0.9549359649323077,1.0,0.0450640350676923
refl4,groundingdino,527345,22960,1,0,80,80,1.0,0.9549359649323077,1.0,0.0450640350676923
refl4,groundingdino,157344,34825,1,0,58,80,0.725,0.6137565791555909,0.8189623614429612,0.2052057822873703
refl4,groundingdino,1001874431,13218,1,1,71,80,0.8875,0.7971534080830098,0.9472484868543125,0.15009507877130268
refl4,groundingdino,162102,41211,1,0,80,80,1.0,0.9549359649323077,1.0,0.0450640350676923
refl4,groundingdino,51706,41819,1,1,80,80,1.0,0.9549359649323077,1.0,0.0450640350676923
refl4,groundingdino,28824,45312,1,0,80,80,1.0,0.9549359649323077,1.0,0.0450640350676923
refl4,groundingdino,1001818097,15094,1,1,79,80,0.9875,0.9323122155360776,0.9996835774723672,0.06737136193628968
refl4,groundingdino,1001573163,13811,1,0,71,80,0.8875,0.7971534080830098,0.9472484868543125,0.15009507877130268
refl4,groundingdino,1000085897,13317,1,1,77,80,0.9625,0.8942980149834914,0.9921988127342833,0.09790079775079197
refl4,groundingdino,379564,38031,1,1,80,80,1.0,0.9549359649323077,1.0,0.0450640350676923
refl4,groundingdino,1000956015,11356,1,1,56,80,0.7,0.5872406769186242,0.7974260708533272,0.21018539393470292
refl4,groundingdino,188911,23373,1,1,78,80,0.975,0.9125928440694077,0.9969579138351904,0.08436506976578273
refl4,groundingdino,205223,45283,1,0,26,80,0.325,0.22445958517745324,0.4389370456044483,0.21447746042699506
refl4,groundingdino,221053,27575,1,0,80,80,1.0,0.9549359649323077,1.0,0.0450640350676923
refl4,groundingdino,427060,32741,1,0,70,80,0.875,0.7821108659305637,0.9383979034415657,0.15628703751100204
refl4,groundingdino,150044,32761,1,1,78,80,0.975,0.9125928440694077,0.9969579138351904,0.08436506976578273
refl4,groundingdino,55226,23510,1,0,42,80,0.525,0.4102278413767706,0.6378664183228473,0.2276385769460767
refl4,groundingdino,1000450542,4798,1,1,71,80,0.8875,0.7971534080830098,0.9472484868543125,0.15009507877130268
refl4,groundingdino,196170,18341,1,0,78,80,0.975,0.9125928440694077,0.9969579138351904,0.08436506976578273
refl4,groundingdino,282835,40334,1,0,80,80,1.0,0.9549359649323077,1.0,0.0450640350676923
refl4,groundingdino,87792,25972,1,1,80,80,1.0,0.9549359649323077,1.0,0.0450640350676923
refl4,groundingdino,445540,45239,1,0,41,80,0.5125,0.39810466870318556,0.625942518555561,0.22783784985237548
refl4,groundingdino,1000073093,2803,1,1,74,80,0.925,0.8438720682639279,0.9719794538231588,0.12810738555923085
refl4,groundingdino,574248,34188,1,0,79,80,0.9875,0.9323122155360776,0.9996835774723672,0.06737136193628968
refl4,groundingdino,242145,37742,1,0,80,80,1.0,0.9549359649323077,1.0,0.0450640350676923
refl4,groundingdino,1002015350,6866,1,1,80,80,1.0,0.9549359649323077,1.0,0.0450640350676923
refl4,groundingdino,139568,22527,1,0,80,80,1.0,0.9549359649323077,1.0,0.0450640350676923
refl4,groundingdino,138507,32265,1,0,80,80,1.0,0.9549359649323077,1.0,0.0450640350676923
refl4,groundingdino,329141,33244,1,1,80,80,1.0,0.9549359649323077,1.0,0.0450640350676923
refl4,groundingdino,91917,41465,1,0,40,80,0.5,0.3860478833649093,0.6139521166350907,0.22790423327018144
refl4,groundingdino,147760,33346,1,1,80,80,1.0,0.9549359649323077,1.0,0.0450640350676923
refl4,groundingdino,28069,33820,1,1,80,80,1.0,0.9549359649323077,1.0,0.0450640350676923
refl4,groundingdino,1000056102,13027,1,1,78,80,0.975,0.9125928440694077,0.9969579138351904,0.08436506976578273
refl4,groundingdino,438462,42942,1,1,73,80,0.9125,0.8279916615801152,0.9640936410104413,0.1361019794303261
refl4,groundingdino,1001114865,2599,1,0,75,80,0.9375,0.860142924702361,0.9793969276979898,0.11925400299562883
refl4,groundingdino,206062,30592,1,1,80,80,1.0,0.9549359649323077,1.0,0.0450640350676923
refl4,groundingdino,1002271222,13766,1,0,80,80,1.0,0.9549359649323077,1.0,0.0450640350676923
refl4,groundingdino,1001395117,10810,1,0,80,80,1.0,0.9549359649323077,1.0,0.0450640350676923
refl4,groundingdino,1001838088,235,1,1,80,80,1.0,0.9549359649323077,1.0,0.0450640350676923
refl4,groundingdino,1001514921,7957,1,0,69,80,0.8625,0.7672791291752744,0.9293121672961213,0.1620330381208469
refl4,groundingdino,498297,44648,1,0,70,80,0.875,0.7821108659305637,0.9383979034415657,0.15628703751100204
refl4,groundingdino,191667,34786,1,0,79,80,0.9875,0.9323122155360776,0.9996835774723672,0.06737136193628968
refl4,groundingdino,152479,18222,1,0,79,80,0.9875,0.9323122155360776,0.9996835774723672,0.06737136193628968
refl4,groundingdino,334080,22807,1,1,69,80,0.8625,0.7672791291752744,0.9293121672961213,0.1620330381208469
refl4,groundingdino,559271,39584,1,0,80,80,1.0,0.9549359649323077,1.0,0.0450640350676923
refl4,groundingdino,1001163044,4090,1,1,80,80,1.0,0.9549359649323077,1.0,0.0450640350676923
refl4,groundingdino,1001735086,9396,1,0,80,80,1.0,0.9549359649323077,1.0,0.0450640350676923
refl4,groundingdino,1000982903,16556,1,0,77,80,0.9625,0.8942980149834914,0.9921988127342833,0.09790079775079197
refl4,groundingdino,432138,43546,1,1,43,80,0.5375,0.4224175280048351,0.6497235734616016,0.22730604545676647
refl4,groundingdino,444037,20611,1,1,68,80,0.85,0.7526358884071023,0.9200184386902862,0.16738255028318394
refl4,groundingdino,323960,20901,1,0,77,80,0.9625,0.8942980149834914,0.9921988127342833,0.09790079775079197
refl4,groundingdino,33527,29590,1,0,80,80,1.0,0.9549359649323077,1.0,0.0450640350676923
refl4,groundingdino,442878,26338,1,0,80,80,1.0,0.9549359649323077,1.0,0.0450640350676923
refl4,groundingdino,1001240419,5008,1,0,48,80,0.6,0.4843769404954894,0.7079906437446896,0.22361370324920016
refl4,groundingdino,1000114169,3724,1,1,80,80,1.0,0.9549359649323077,1.0,0.0450640350676923
refl4,groundingdino,1000373603,3785,1,0,55,80,0.6875,0.5741109261435505,0.7865253688912328,0.21241444274768229
refl4,groundingdino,1001673763,14846,1,1,74,80,0.925,0.8438720682639279,0.9719794538231588,0.12810738555923085
refl4,groundingdino,101882,43112,1,0,78,80,0.975,0.9125928440694077,0.9969579138351904,0.08436506976578273
refl4,groundingdino,1001398921,14103,1,0,80,80,1.0,0.9549359649323077,1.0,0.0450640350676923
refl4,groundingdino,104692,18318,1,0,28,80,0.35,0.24667193647253513,0.4647968854793358,0.21812494900680066
refl4,groundingdino,1001189506,13284,1,1,80,80,1.0,0.9549359649323077,1.0,0.0450640350676923
refl4,groundingdino,1001842161,11216,1,1,80,80,1.0,0.9549359649323077,1.0,0.0450640350676923
refl4,groundingdino,1001031213,6903,1,0,80,80,1.0,0.9549359649323077,1.0,0.0450640350676923
refl4,groundingdino,454144,29833,1,0,79,80,0.9875,0.9323122155360776,0.9996835774723672,0.06737136193628968
refl4,groundingdino,415499,40122,1,0,80,80,1.0,0.9549359649323077,1.0,0.0450640350676923
refl4,groundingdino,390749,22915,1,0,67,80,0.8375,0.7381631061748871,0.9105383582774708,0.17237525210258364
refl4,groundingdino,290185,42719,1,1,69,80,0.8625,0.7672791291752744,0.9293121672961213,0.1620330381208469
refl4,groundingdino,484307,40397,1,0,79,80,0.9875,0.9323122155360776,0.9996835774723672,0.06737136193628968
refl4,groundingdino,1001055730,6902,1,1,80,80,1.0,0.9549359649323077,1.0,0.0450640350676923
refl4,groundingdino,274986,33667,1,0,80,80,1.0,0.9549359649323077,1.0,0.0450640350676923
refl4,groundingdino,388935,43149,1,1,80,80,1.0,0.9549359649323077,1.0,0.0450640350676923
refl4,groundingdino,153814,40554,1,1,80,80,1.0,0.9549359649323077,1.0,0.0450640350676923
refl4,groundingdino,1001478715,215,1,0,80,80,1.0,0.9549359649323077,1.0,0.0450640350676923
refl4,groundingdino,125234,44339,1,1,57,80,0.7125,0.6004548866879794,0.8082395280280349,0.20778464134005548
refl4,groundingdino,416612,27593,1,0,80,80,1.0,0.9549359649323077,1.0,0.0450640350676923
refl4,groundingdino,1001612948,9433,1,0,80,80,1.0,0.9549359649323077,1.0,0.0450640350676923
refl4,groundingdino,221880,41491,1,0,76,80,0.95,0.876901263556847,0.9862106060235382,0.1093093424666911
refl4,groundingdino,296894,31638,1,0,59,80,0.7375,0.6271491697875681,0.8295907488995917,0.20244157911202365
refl4,groundingdino,133295,24258,1,0,80,80,1.0,0.9549359649323077,1.0,0.0450640350676923
refl4,groundingdino,384888,22775,1,1,80,80,1.0,0.9549359649323077,1.0,0.0450640350676923
refl4,groundingdino,392657,26628,1,1,68,80,0.85,0.7526358884071023,0.9200184386902862,0.16738255028318394
refl4,groundingdino,112577,30679,1,0,55,80,0.6875,0.5741109261435505,0.7865253688912328,0.21241444274768229
refl4,groundingdino,493626,23760,1,0,79,80,0.9875,0.9323122155360776,0.9996835774723672,0.06737136193628968
refl4,groundingdino,1001085899,128,1,0,66,80,0.825,0.7238459604789864,0.9008894901605713,0.17704352968158488
refl4,owlv2,469832,34046,1,1,71,80,0.8875,0.7971534080830098,0.9472484868543125,0.15009507877130268
refl4,owlv2,1001505146,9810,1,1,74,80,0.925,0.8438720682639279,0.9719794538231588,0.12810738555923085
refl4,owlv2,1000922276,8310,1,1,69,80,0.8625,0.7672791291752744,0.9293121672961213,0.1620330381208469
refl4,owlv2,1000097573,16368,1,0,38,80,0.475,0.3621335816771527,0.5897721586232294,0.2276385769460767
refl4,owlv2,492268,30816,1,0,80,80,1.0,0.9549359649323077,1.0,0.0450640350676923
refl4,owlv2,1001663004,15065,1,0,34,80,0.425,0.31510976545234215,0.5406111885690619,0.22550142311671972
refl4,owlv2,1000018511,1221,1,1,77,80,0.9625,0.8942980149834914,0.9921988127342833,0.09790079775079197
refl4,owlv2,1000039666,15325,1,1,61,80,0.7625,0.6542230288597322,0.8505462481433591,0.19632321928362695
refl4,owlv2,404899,40291,1,1,61,80,0.7625,0.6542230288597322,0.8505462481433591,0.19632321928362695
refl4,owlv2,1000457751,13340,1,1,69,80,0.8625,0.7672791291752744,0.9293121672961213,0.1620330381208469
refl4,owlv2,1001397502,11278,1,1,76,80,0.95,0.876901263556847,0.9862106060235382,0.1093093424666911
refl4,owlv2,302656,17199,1,0,64,80,0.8,0.6956311329945355,0.8811409135950147,0.18550978060047918
refl4,owlv2,52219,43924,1,0,79,80,0.9875,0.9323122155360776,0.9996835774723672,0.06737136193628968
refl4,owlv2,77332,41693,1,0,80,80,1.0,0.9549359649323077,1.0,0.0450640350676923
refl4,owlv2,329724,44443,1,0,56,80,0.7,0.5872406769186242,0.7974260708533272,0.21018539393470292
refl4,owlv2,419599,38337,1,0,78,80,0.975,0.9125928440694077,0.9969579138351904,0.08436506976578273
refl4,owlv2,366789,17579,1,0,80,80,1.0,0.9549359649323077,1.0,0.0450640350676923
refl4,owlv2,1000371454,12489,1,1,74,80,0.925,0.8438720682639279,0.9719794538231588,0.12810738555923085
refl4,owlv2,446864,34549,1,1,38,80,0.475,0.3621335816771527,0.5897721586232294,0.2276385769460767
refl4,owlv2,427852,20423,1,1,80,80,1.0,0.9549359649323077,1.0,0.0450640350676923
refl4,owlv2,335766,40126,1,0,65,80,0.8125,0.7096721043523089,0.8910863118524706,0.18141420750016168
refl4,owlv2,203098,37345,1,0,79,80,0.9875,0.9323122155360776,0.9996835774723672,0.06737136193628968
refl4,owlv2,59556,26467,1,0,68,80,0.85,0.7526358884071023,0.9200184386902862,0.16738255028318394
refl4,owlv2,519205,40174,1,0,65,80,0.8125,0.7096721043523089,0.8910863118524706,0.18141420750016168
refl4,owlv2,1000184871,11250,1,1,73,80,0.9125,0.8279916615801152,0.9640936410104413,0.1361019794303261
refl4,owlv2,101891,45018,1,0,11,80,0.1375,0.07068783270387868,0.2327208708247256,0.1620330381208469
refl4,owlv2,28974,45245,1,0,68,80,0.85,0.7526358884071023,0.9200184386902862,0.16738255028318394
refl4,owlv2,1001634360,798,1,0,80,80,1.0,0.9549359649323077,1.0,0.0450640350676923
refl4,owlv2,217276,26000,1,1,78,80,0.975,0.9125928440694077,0.9969579138351904,0.08436506976578273
refl4,owlv2,1000202751,5142,1,0,80,80,1.0,0.9549359649323077,1.0,0.0450640350676923
refl4,owlv2,1001975733,687,1,1,52,80,0.65,0.5352031145206643,0.7533280635274648,0.21812494900680057
refl4,owlv2,568788,27477,1,0,77,80,0.9625,0.8942980149834914,0.9921988127342833,0.09790079775079197
refl4,owlv2,410165,40571,1,1,70,80,0.875,0.7821108659305637,0.9383979034415657,0.15628703751100204
refl4,owlv2,92694,27220,1,1,80,80,1.0,0.9549359649323077,1.0,0.0450640350676923
refl4,owlv2,463338,40185,1,0,12,80,0.15,0.07998156130971382,0.24736411159289767,0.16738255028318386
refl4,owlv2,1001556337,10706,1,1,80,80,1.0,0.9549359649323077,1.0,0.0450640350676923
refl4,owlv2,1001397974,7908,1,0,79,80,0.9875,0.9323122155360776,0.9996835774723672,0.06737136193628968
refl4,owlv2,306485,37236,1,1,80,80,1.0,0.9549359649323077,1.0,0.0450640350676923
refl4,owlv2,416286,25514,1,1,74,80,0.925,0.8438720682639279,0.9719794538231588,0.12810738555923085
refl4,owlv2,1000106900,9676,1,1,74,80,0.925,0.8438720682639279,0.9719794538231588,0.12810738555923085
refl4,owlv2,322411,25853,1,1,80,80,1.0,0.9549359649323077,1.0,0.0450640350676923
refl4,owlv2,491400,29394,1,0,74,80,0.925,0.8438720682639279,0.9719794538231588,0.12810738555923085
refl4,owlv2,121172,31361,1,1,47,80,0.5875,0.47184834042520446,0.6964754070624058,0.2246270666372014
refl4,owlv2,132997,39906,1,0,29,80,0.3625,0.2578948953716181,0.47761272126480847,0.2197178258931904
refl4,owlv2,1002076601,11973,1,1,64,80,0.8,0.6956311329945355,0.8811409135950147,0.18550978060047918
refl4,owlv2,376838,28645,1,0,20,80,0.25,0.1598796445068557,0.35936347590685,0.19948383139999432
refl4,owlv2,105358,25914,1,0,80,80,1.0,0.9549359649323077,1.0,0.0450640350676923
refl4,owlv2,382469,30362,1,0,40,80,0.5,0.3860478833649093,0.6139521166350907,0.22790423327018144
refl4,owlv2,272235,41024,1,0,53,80,0.6625,0.5480943856258318,0.7644738620163491,0.21637947639051736
refl4,owlv2,1001202845,1363,1,1,80,80,1.0,0.9549359649323077,1.0,0.0450640350676923
refl4,owlv2,471698,29563,1,0,76,80,0.95,0.876901263556847,0.9862106060235382,0.1093093424666911
refl4,owlv2,410574,27538,1,0,32,80,0.4,0.2920093562553105,0.5156230595045106,0.2236137032492001
refl4,owlv2,564823,21288,1,0,41,80,0.5125,0.39810466870318556,0.625942518555561,0.22783784985237548
refl4,owlv2,176179,45181,1,0,69,80,0.8625,0.7672791291752744,0.9293121672961213,0.1620330381208469
refl4,owlv2,36574,29407,1,0,79,80,0.9875,0.9323122155360776,0.9996835774723672,0.06737136193628968
refl4,owlv2,171808,19195,1,1,79,80,0.9875,0.9323122155360776,0.9996835774723672,0.06737136193628968
refl4,owlv2,221169,35202,1,0,59,80,0.7375,0.6271491697875681,0.8295907488995917,0.20244157911202365
refl4,owlv2,560576,31767,1,0,80,80,1.0,0.9549359649323077,1.0,0.0450640350676923
refl4,owlv2,1001203168,3739,1,0,68,80,0.85,0.7526358884071023,0.9200184386902862,0.16738255028318394
refl4,owlv2,1000097675,13136,1,0,73,80,0.9125,0.8279916615801152,0.9640936410104413,0.1361019794303261
refl4,owlv2,1000021272,4751,1,1,80,80,1.0,0.9549359649323077,1.0,0.0450640350676923
refl4,owlv2,139173,23892,1,1,80,80,1.0,0.9549359649323077,1.0,0.0450640350676923
refl4,owlv2,13372,20092,1,0,73,80,0.9125,0.8279916615801152,0.9640936410104413,0.1361019794303261
refl4,owlv2,1001100698,6458,1,1,80,80,1.0,0.9549359649323077,1.0,0.0450640350676923
refl4,owlv2,1000394961,12747,1,0,34,80,0.425,0.31510976545234215,0.5406111885690619,0.22550142311671972
refl4,owlv2,533827,35547,1,1,73,80,0.9125,0.8279916615801152,0.9640936410104413,0.1361019794303261
refl4,owlv2,95124,32504,1,0,76,80,0.95,0.876901263556847,0.9862106060235382,0.1093093424666911
refl4,owlv2,1001879179,12007,1,0,34,80,0.425,0.31510976545234215,0.5406111885690619,0.22550142311671972
refl4,owlv2,235582,44431,1,0,80,80,1.0,0.9549359649323077,1.0,0.0450640350676923
refl4,owlv2,1001522115,13295,1,0,63,80,0.7875,0.6817141914403442,0.8710635049024182,0.18934931346207406
refl4,owlv2,38266,21143,1,0,23,80,0.2875,0.19176047197196505,0.3995451133120206,0.20778464134005553
refl4,owlv2,337621,30076,1,1,49,80,0.6125,0.4969755425018991,0.7194348668752178,0.22245932437331872
refl4,owlv2,1001089763,5228,1,0,79,80,0.9875,0.9323122155360776,0.9996835774723672,0.06737136193628968
refl4,owlv2,345781,36811,1,0,51,80,0.6375,0.5223872787351916,0.7421051046283819,0.21971782589319022
refl4,owlv2,1002238302,6830,1,0,51,80,0.6375,0.5223872787351916,0.7421051046283819,0.21971782589319022
refl4,owlv2,170483,37985,1,1,80,80,1.0,0.9549359649323077,1.0,0.0450640350676923
refl4,owlv2,10881,41015,1,0,65,80,0.8125,0.7096721043523089,0.8910863118524706,0.18141420750016168
refl4,owlv2,1001922447,15955,1,0,68,80,0.85,0.7526358884071023,0.9200184386902862,0.16738255028318394
refl4,owlv2,189836,34408,1,0,37,80,0.4625,0.3502764265383982,0.5775824719951649,0.2273060454567667
refl4,owlv2,578619,26868,1,0,78,80,0.975,0.9125928440694077,0.9969579138351904,0.08436506976578273
refl4,owlv2,196111,38102,1,0,70,80,0.875,0.7821108659305637,0.9383979034415657,0.15628703751100204
refl4,owlv2,1001592445,6550,1,1,77,80,0.9625,0.8942980149834914,0.9921988127342833,0.09790079775079197
refl4,owlv2,198785,40675,1,0,55,80,0.6875,0.5741109261435505,0.7865253688912328,0.21241444274768229
refl4,owlv2,580511,21562,1,0,27,80,0.3375,0.23552613798365082,0.4519056143741682,0.21637947639051738
refl4,owlv2,1002028139,15080,1,1,59,80,0.7375,0.6271491697875681,0.8295907488995917,0.20244157911202365
refl4,owlv2,1001376964,2222,1,0,79,80,0.9875,0.9323122155360776,0.9996835774723672,0.06737136193628968
refl4,owlv2,27149,30801,1,0,71,80,0.8875,0.7971534080830098,0.9472484868543125,0.15009507877130268
refl4,owlv2,1000549408,13596,1,0,50,80,0.625,0.5096452355928875,0.7308068300531951,0.2211615944603076
refl4,owlv2,1001002366,12501,1,1,63,80,0.7875,0.6817141914403442,0.8710635049024182,0.18934931346207406
refl4,owlv2,78274,32715,1,0,61,80,0.7625,0.6542230288597322,0.8505462481433591,0.19632321928362695
refl4,owlv2,28154,26180,1,0,76,80,0.95,0.876901263556847,0.9862106060235382,0.1093093424666911
refl4,owlv2,139728,44224,1,0,80,80,1.0,0.9549359649323077,1.0,0.0450640350676923
refl4,owlv2,1001838567,14417,1,1,75,80,0.9375,0.860142924702361,0.9793969276979898,0.11925400299562883
refl4,owlv2,472502,28427,1,0,67,80,0.8375,0.7381631061748871,0.9105383582774708,0.17237525210258364
refl4,owlv2,312608,28660,1,0,35,80,0.4375,0.3267639534337789,0.5530024286118197,0.2262384751780408
refl4,owlv2,1001503514,4282,1,1,80,80,1.0,0.9549359649323077,1.0,0.0450640350676923
refl4,owlv2,1001293357,4703,1,1,72,80,0.9,0.8124348925365683,0.955829059846371,0.1433941673098027
refl4,owlv2,426877,21252,1,0,80,80,1.0,0.9549359649323077,1.0,0.0450640350676923
refl4,owlv2,227946,27919,1,0,79,80,0.9875,0.9323122155360776,0.9996835774723672,0.06737136193628968
refl4,owlv2,470174,39956,1,1,32,80,0.4,0.2920093562553105,0.5156230595045106,0.2236137032492001
refl4,owlv2,1001558282,13309,1,0,74,80,0.925,0.8438720682639279,0.9719794538231588,0.12810738555923085
refl4,owlv2,1000979448,13124,1,0,14,80,0.175,0.09911050983942865,0.27615403952101353,0.17704352968158488
refl4,owlv2,192891,22525,1,0,79,80,0.9875,0.9323122155360776,0.9996835774723672,0.06737136193628968
refl4,owlv2,1001688421,3644,1,0,52,80,0.65,0.5352031145206643,0.7533280635274648,0.21812494900680057
refl4,owlv2,1002058832,14986,1,1,70,80,0.875,0.7821108659305637,0.9383979034415657,0.15628703751100204
refl4,owlv2,302199,26415,1,0,14,80,0.175,0.09911050983942865,0.27615403952101353,0.17704352968158488
refl4,owlv2,418056,23626,1,1,53,80,0.6625,0.5480943856258318,0.7644738620163491,0.21637947639051736
refl4,owlv2,151854,27340,1,1,75,80,0.9375,0.860142924702361,0.9793969276979898,0.11925400299562883
refl4,owlv2,267779,18893,1,0,24,80,0.3,0.20257392914667274,0.412759323081376,0.21018539393470323
refl4,owlv2,1001569061,12217,1,1,72,80,0.9,0.8124348925365683,0.955829059846371,0.1433941673098027
refl4,owlv2,420363,33486,1,0,69,80,0.8625,0.7672791291752744,0.9293121672961213,0.1620330381208469
refl4,owlv2,457720,24348,1,0,55,80,0.6875,0.5741109261435505,0.7865253688912328,0.21241444274768229
refl4,owlv2,98471,29527,1,0,59,80,0.7375,0.6271491697875681,0.8295907488995917,0.20244157911202365
refl4,owlv2,348277,40657,1,0,42,80,0.525,0.4102278413767706,0.6378664183228473,0.2276385769460767
refl4,owlv2,62759,34082,1,1,49,80,0.6125,0.4969755425018991,0.7194348668752178,0.22245932437331872
refl4,owlv2,1001764433,8039,1,1,67,80,0.8375,0.7381631061748871,0.9105383582774708,0.17237525210258364
refl4,owlv2,337895,23072,1,1,80,80,1.0,0.9549359649323077,1.0,0.0450640350676923
refl4,owlv2,1001786507,12969,1,1,79,80,0.9875,0.9323122155360776,0.9996835774723672,0.06737136193628968
refl4,owlv2,1001827394,7943,1,0,77,80,0.9625,0.8942980149834914,0.9921988127342833,0.09790079775079197
refl4,owlv2,81200,38869,1,0,64,80,0.8,0.6956311329945355,0.8811409135950147,0.18550978060047918
refl4,owlv2,499679,23985,1,0,8,80,0.1,0.04417094015362904,0.1875651074634316,0.14339416730980256
refl4,owlv2,1000137855,1476,1,0,76,80,0.95,0.876901263556847,0.9862106060235382,0.1093093424666911
refl4,owlv2,1000953094,14001,1,0,47,80,0.5875,0.47184834042520446,0.6964754070624058,0.2246270666372014
refl4,owlv2,1001905048,8100,1,0,14,80,0.175,0.09911050983942865,0.27615403952101353,0.17704352968158488
refl4,owlv2,533220,40318,1,0,80,80,1.0,0.9549359649323077,1.0,0.0450640350676923
refl4,owlv2,422255,29629,1,1,69,80,0.8625,0.7672791291752744,0.9293121672961213,0.1620330381208469
refl4,owlv2,1002056515,8611,1,1,80,80,1.0,0.9549359649323077,1.0,0.0450640350676923
refl4,owlv2,1002023173,6060,1,0,77,80,0.9625,0.8942980149834914,0.9921988127342833,0.09790079775079197
refl4,owlv2,475236,27991,1,1,80,80,1.0,0.9549359649323077,1.0,0.0450640350676923
refl4,owlv2,360570,19296,1,0,38,80,0.475,0.3621335816771527,0.5897721586232294,0.2276385769460767
refl4,owlv2,54318,37651,1,0,44,80,0.55,0.43467397909415284,0.6615136155101845,0.22683963641603166
refl4,owlv2,559830,43464,1,1,79,80,0.9875,0.9323122155360776,0.9996835774723672,0.06737136193628968
refl4,owlv2,330806,38552,1,1,78,80,0.975,0.9125928440694077,0.9969579138351904,0.08436506976578273
refl4,owlv2,242213,27126,1,0,76,80,0.95,0.876901263556847,0.9862106060235382,0.1093093424666911
refl4,owlv2,1002017053,967,1,0,49,80,0.6125,0.4969755425018991,0.7194348668752178,0.22245932437331872
refl4,owlv2,1000967180,8297,1,1,56,80,0.7,0.5872406769186242,0.7974260708533272,0.21018539393470292
refl4,owlv2,321209,32243,1,1,80,80,1.0,0.9549359649323077,1.0,0.0450640350676923
refl4,owlv2,188727,42082,1,1,60,80,0.75,0.64063652409315,0.8401203554931442,0.19948383139999426
refl4,owlv2,296360,19650,1,0,56,80,0.7,0.5872406769186242,0.7974260708533272,0.21018539393470292
refl4,owlv2,184224,31277,1,1,55,80,0.6875,0.5741109261435505,0.7865253688912328,0.21241444274768229
refl4,owlv2,1000081785,1591,1,1,80,80,1.0,0.9549359649323077,1.0,0.0450640350676923
refl4,owlv2,1000405972,546,1,0,44,80,0.55,0.43467397909415284,0.6615136155101845,0.22683963641603166
refl4,owlv2,430950,20144,1,0,67,80,0.8375,0.7381631061748871,0.9105383582774708,0.17237525210258364
refl4,owlv2,290460,22155,1,0,69,80,0.8625,0.7672791291752744,0.9293121672961213,0.1620330381208469
refl4,owlv2,1001649918,13166,1,0,77,80,0.9625,0.8942980149834914,0.9921988127342833,0.09790079775079197
refl4,owlv2,1001595902,4276,1,0,13,80,0.1625,0.08946164172252925,0.2618368938251128,0.1723752521025836
refl4,owlv2,390414,20026,1,0,67,80,0.8375,0.7381631061748871,0.9105383582774708,0.17237525210258364
refl4,owlv2,42463,32051,1,0,60,80,0.75,0.64063652409315,0.8401203554931442,0.19948383139999426
refl4,owlv2,488033,26466,1,0,80,80,1.0,0.9549359649323077,1.0,0.0450640350676923
refl4,owlv2,181009,34338,1,0,25,80,0.3125,0.21347463110876716,0.4258890738564495,0.2124144427476823
refl4,owlv2,455117,38158,1,1,80,80,1.0,0.9549359649323077,1.0,0.0450640350676923
refl4,owlv2,144906,26472,1,1,21,80,0.2625,0.1704092511004083,0.3728508302124319,0.20244157911202362
refl4,owlv2,350500,24238,1,0,78,80,0.975,0.9125928440694077,0.9969579138351904,0.08436506976578273
refl4,owlv2,303541,45222,1,0,68,80,0.85,0.7526358884071023,0.9200184386902862,0.16738255028318394
refl4,owlv2,375054,18126,1,0,57,80,0.7125,0.6004548866879794,0.8082395280280349,0.20778464134005548
refl4,owlv2,124055,38946,1,0,46,80,0.575,0.45938881143093807,0.6848902345476577,0.22550142311671967
refl4,owlv2,1001040942,4335,1,1,75,80,0.9375,0.860142924702361,0.9793969276979898,0.11925400299562883
refl4,owlv2,353607,24115,1,0,64,80,0.8,0.6956311329945355,0.8811409135950147,0.18550978060047918
refl4,owlv2,1001459810,6895,1,0,77,80,0.9625,0.8942980149834914,0.9921988127342833,0.09790079775079197
refl4,owlv2,1000084367,3027,1,1,80,80,1.0,0.9549359649323077,1.0,0.0450640350676923
refl4,owlv2,446677,29859,1,0,77,80,0.9625,0.8942980149834914,0.9921988127342833,0.09790079775079197
refl4,owlv2,413391,30401,1,0,77,80,0.9625,0.8942980149834914,0.9921988127342833,0.09790079775079197
refl4,owlv2,130163,20618,1,0,78,80,0.975,0.9125928440694077,0.9969579138351904,0.08436506976578273
refl4,owlv2,1001108019,3130,1,0,8,80,0.1,0.04417094015362904,0.1875651074634316,0.14339416730980256
refl4,owlv2,1000050130,14652,1,0,66,80,0.825,0.7238459604789864,0.9008894901605713,0.17704352968158488
refl4,owlv2,370400,27708,1,0,63,80,0.7875,0.6817141914403442,0.8710635049024182,0.18934931346207406
refl4,owlv2,74945,25784,1,0,57,80,0.7125,0.6004548866879794,0.8082395280280349,0.20778464134005548
refl4,owlv2,1001950841,343,1,0,40,80,0.5,0.3860478833649093,0.6139521166350907,0.22790423327018144
refl4,owlv2,470028,36008,1,0,67,80,0.8375,0.7381631061748871,0.9105383582774708,0.17237525210258364
refl4,owlv2,70059,34083,1,1,32,80,0.4,0.2920093562553105,0.5156230595045106,0.2236137032492001
refl4,owlv2,502407,40816,1,1,78,80,0.975,0.9125928440694077,0.9969579138351904,0.08436506976578273
refl4,owlv2,89651,39359,1,0,78,80,0.975,0.9125928440694077,0.9969579138351904,0.08436506976578273
refl4,owlv2,1000025068,789,1,1,39,80,0.4875,0.37405748144443896,0.6018953312968145,0.22783784985237554
refl4,owlv2,1001242626,14270,1,1,75,80,0.9375,0.860142924702361,0.9793969276979898,0.11925400299562883
refl4,owlv2,1001339090,8770,1,0,8,80,0.1,0.04417094015362904,0.1875651074634316,0.14339416730980256
refl4,owlv2,268644,31139,1,1,39,80,0.4875,0.37405748144443896,0.6018953312968145,0.22783784985237554
refl4,owlv2,365659,32279,1,0,78,80,0.975,0.9125928440694077,0.9969579138351904,0.08436506976578273
refl4,owlv2,246777,36896,1,1,80,80,1.0,0.9549359649323077,1.0,0.0450640350676923
refl4,owlv2,1001678790,10427,1,0,15,80,0.1875,0.10891368814752944,0.2903278956476912,0.18141420750016174
refl4,owlv2,1001822830,7252,1,1,80,80,1.0,0.9549359649323077,1.0,0.0450640350676923
refl4,owlv2,58753,33382,1,0,14,80,0.175,0.09911050983942865,0.27615403952101353,0.17704352968158488
refl4,owlv2,1001341858,1276,1,0,77,80,0.9625,0.8942980149834914,0.9921988127342833,0.09790079775079197
refl4,owlv2,1000455349,11597,1,0,38,80,0.475,0.3621335816771527,0.5897721586232294,0.2276385769460767
refl4,owlv2,513683,33722,1,1,79,80,0.9875,0.9323122155360776,0.9996835774723672,0.06737136193628968
refl4,owlv2,201184,21937,1,0,77,80,0.9625,0.8942980149834914,0.9921988127342833,0.09790079775079197
refl4,owlv2,1001999175,2457,1,0,45,80,0.5625,0.44699757138818025,0.673236046566221,0.2262384751780408
refl4,owlv2,1000099569,13373,1,1,46,80,0.575,0.45938881143093807,0.6848902345476577,0.22550142311671967
refl4,owlv2,339579,42969,1,1,62,80,0.775,0.6679136799387491,0.8608627895010682,0.19294910956231914
refl4,owlv2,347407,41182,1,1,76,80,0.95,0.876901263556847,0.9862106060235382,0.1093093424666911
refl4,owlv2,544294,45153,1,1,63,80,0.7875,0.6817141914403442,0.8710635049024182,0.18934931346207406
refl4,owlv2,64619,23283,1,0,37,80,0.4625,0.3502764265383982,0.5775824719951649,0.2273060454567667
refl4,owlv2,427461,29725,1,0,33,80,0.4125,0.30352459293759415,0.5281516595747955,0.22462706663720133
refl4,owlv2,277439,30579,1,1,51,80,0.6375,0.5223872787351916,0.7421051046283819,0.21971782589319022
refl4,owlv2,314556,22422,1,0,46,80,0.575,0.45938881143093807,0.6848902345476577,0.22550142311671967
refl4,owlv2,277418,31374,1,0,80,80,1.0,0.9549359649323077,1.0,0.0450640350676923
refl4,owlv2,350280,24118,1,0,50,80,0.625,0.5096452355928875,0.7308068300531951,0.2211615944603076
refl4,owlv2,285170,32687,1,1,58,80,0.725,0.6137565791555909,0.8189623614429612,0.2052057822873703
refl4,owlv2,371577,20217,1,1,80,80,1.0,0.9549359649323077,1.0,0.0450640350676923
refl4,owlv2,1000900000,15582,1,0,65,80,0.8125,0.7096721043523089,0.8910863118524706,0.18141420750016168
refl4,owlv2,1000064526,11599,1,0,54,80,0.675,0.5610629543955516,0.7755404148225468,0.21447746042699511
refl4,owlv2,231987,17358,1,0,80,80,1.0,0.9549359649323077,1.0,0.0450640350676923
refl4,owlv2,162200,32487,1,0,80,80,1.0,0.9549359649323077,1.0,0.0450640350676923
refl4,owlv2,1001552292,14517,1,0,73,80,0.9125,0.8279916615801152,0.9640936410104413,0.1361019794303261
refl4,owlv2,1001517565,2647,1,1,44,80,0.55,0.43467397909415284,0.6615136155101845,0.22683963641603166
refl4,owlv2,5614,43438,1,0,56,80,0.7,0.5872406769186242,0.7974260708533272,0.21018539393470292
refl4,owlv2,246364,21078,1,1,72,80,0.9,0.8124348925365683,0.955829059846371,0.1433941673098027
refl4,owlv2,1002047538,16179,1,0,79,80,0.9875,0.9323122155360776,0.9996835774723672,0.06737136193628968
refl4,owlv2,419664,32492,1,0,79,80,0.9875,0.9323122155360776,0.9996835774723672,0.06737136193628968
refl4,owlv2,530729,35410,1,0,41,80,0.5125,0.39810466870318556,0.625942518555561,0.22783784985237548
refl4,owlv2,307968,19961,1,1,79,80,0.9875,0.9323122155360776,0.9996835774723672,0.06737136193628968
refl4,owlv2,230436,35429,1,1,28,80,0.35,0.24667193647253513,0.4647968854793358,0.21812494900680066
refl4,owlv2,30340,32818,1,1,80,80,1.0,0.9549359649323077,1.0,0.0450640350676923
refl4,owlv2,192137,35662,1,1,80,80,1.0,0.9549359649323077,1.0,0.0450640350676923
refl4,owlv2,321539,38177,1,0,66,80,0.825,0.7238459604789864,0.9008894901605713,0.17704352968158488
refl4,owlv2,1000919770,2821,1,1,80,80,1.0,0.9549359649323077,1.0,0.0450640350676923
refl4,owlv2,134420,29447,1,0,41,80,0.5125,0.39810466870318556,0.625942518555561,0.22783784985237548
refl4,owlv2,1000984379,6656,1,1,71,80,0.8875,0.7971534080830098,0.9472484868543125,0.15009507877130268
refl4,owlv2,1000434422,5583,1,1,61,80,0.7625,0.6542230288597322,0.8505462481433591,0.19632321928362695
refl4,owlv2,1002128702,10145,1,1,47,80,0.5875,0.47184834042520446,0.6964754070624058,0.2246270666372014
refl4,owlv2,1000347822,2696,1,0,57,80,0.7125,0.6004548866879794,0.8082395280280349,0.20778464134005548
refl4,owlv2,170980,43991,1,0,65,80,0.8125,0.7096721043523089,0.8910863118524706,0.18141420750016168
refl4,owlv2,1001272674,9585,1,0,25,80,0.3125,0.21347463110876716,0.4258890738564495,0.2124144427476823
refl4,owlv2,244616,36978,1,0,62,80,0.775,0.6679136799387491,0.8608627895010682,0.19294910956231914
refl4,owlv2,1000018453,2005,1,1,77,80,0.9625,0.8942980149834914,0.9921988127342833,0.09790079775079197
refl4,owlv2,1001763478,9517,1,1,76,80,0.95,0.876901263556847,0.9862106060235382,0.1093093424666911
refl4,owlv2,1001964231,14669,1,0,55,80,0.6875,0.5741109261435505,0.7865253688912328,0.21241444274768229
refl4,owlv2,1000055288,4959,1,0,19,80,0.2375,0.1494537518566408,0.34577697114026784,0.19632321928362703
refl4,owlv2,1001296887,10925,1,0,33,80,0.4125,0.30352459293759415,0.5281516595747955,0.22462706663720133
refl4,owlv2,54572,27851,1,1,60,80,0.75,0.64063652409315,0.8401203554931442,0.19948383139999426
refl4,owlv2,275544,38310,1,1,34,80,0.425,0.31510976545234215,0.5406111885690619,0.22550142311671972
refl4,owlv2,337689,38896,1,0,80,80,1.0,0.9549359649323077,1.0,0.0450640350676923
refl4,owlv2,329543,33281,1,0,62,80,0.775,0.6679136799387491,0.8608627895010682,0.19294910956231914
refl4,owlv2,472393,43104,1,0,48,80,0.6,0.4843769404954894,0.7079906437446896,0.22361370324920016
refl4,owlv2,115917,44604,1,0,80,80,1.0,0.9549359649323077,1.0,0.0450640350676923
refl4,owlv2,417832,41290,1,0,80,80,1.0,0.9549359649323077,1.0,0.0450640350676923
refl4,owlv2,1002084492,15253,1,0,46,80,0.575,0.45938881143093807,0.6848902345476577,0.22550142311671967
refl4,owlv2,1000205074,5645,1,1,80,80,1.0,0.9549359649323077,1.0,0.0450640350676923
refl4,owlv2,1001530216,14148,0,0,0,0,0.0,0.0,0.0,0.0
refl4,owlv2,94618,42812,1,0,74,80,0.925,0.8438720682639279,0.9719794538231588,0.12810738555923085
refl4,owlv2,291898,36917,1,0,16,80,0.2,0.11885908640498531,0.30436886700546445,0.18550978060047912
refl4,owlv2,116832,24168,1,0,61,80,0.7625,0.6542230288597322,0.8505462481433591,0.19632321928362695
refl4,owlv2,1001132501,13466,1,0,79,80,0.9875,0.9323122155360776,0.9996835774723672,0.06737136193628968
refl4,owlv2,254577,23814,1,0,71,80,0.8875,0.7971534080830098,0.9472484868543125,0.15009507877130268
refl4,owlv2,1000418665,868,1,0,67,80,0.8375,0.7381631061748871,0.9105383582774708,0.17237525210258364
refl4,owlv2,391600,32237,1,1,27,80,0.3375,0.23552613798365082,0.4519056143741682,0.21637947639051738
refl4,owlv2,545651,44018,1,1,8,80,0.1,0.04417094015362904,0.1875651074634316,0.14339416730980256
refl4,owlv2,566319,32101,1,0,79,80,0.9875,0.9323122155360776,0.9996835774723672,0.06737136193628968
refl4,owlv2,1001839867,16190,1,0,77,80,0.9625,0.8942980149834914,0.9921988127342833,0.09790079775079197
refl4,owlv2,1001489508,2189,1,0,80,80,1.0,0.9549359649323077,1.0,0.0450640350676923
refl4,owlv2,229990,25613,1,1,80,80,1.0,0.9549359649323077,1.0,0.0450640350676923
refl4,owlv2,1001816437,5726,1,1,63,80,0.7875,0.6817141914403442,0.8710635049024182,0.18934931346207406
refl4,owlv2,1001041502,14187,1,0,58,80,0.725,0.6137565791555909,0.8189623614429612,0.2052057822873703
refl4,owlv2,210271,28402,1,1,80,80,1.0,0.9549359649323077,1.0,0.0450640350676923
refl4,owlv2,3178,32856,1,1,77,80,0.9625,0.8942980149834914,0.9921988127342833,0.09790079775079197
refl4,owlv2,260360,32632,1,1,75,80,0.9375,0.860142924702361,0.9793969276979898,0.11925400299562883
refl4,owlv2,572949,43399,1,0,40,80,0.5,0.3860478833649093,0.6139521166350907,0.22790423327018144
refl4,owlv2,329502,23712,1,0,80,80,1.0,0.9549359649323077,1.0,0.0450640350676923
refl4,owlv2,1002044065,2612,1,0,55,80,0.6875,0.5741109261435505,0.7865253688912328,0.21241444274768229
refl4,owlv2,43543,40813,1,0,29,80,0.3625,0.2578948953716181,0.47761272126480847,0.2197178258931904
refl4,owlv2,535860,42244,1,0,76,80,0.95,0.876901263556847,0.9862106060235382,0.1093093424666911
refl4,owlv2,444036,27726,1,1,80,80,1.0,0.9549359649323077,1.0,0.0450640350676923
refl4,owlv2,1002024824,10615,1,0,20,80,0.25,0.1598796445068557,0.35936347590685,0.19948383139999432
refl4,owlv2,527139,31775,1,1,68,80,0.85,0.7526358884071023,0.9200184386902862,0.16738255028318394
refl4,owlv2,262031,21467,1,0,73,80,0.9125,0.8279916615801152,0.9640936410104413,0.1361019794303261
refl4,owlv2,1001066932,6673,1,1,77,80,0.9625,0.8942980149834914,0.9921988127342833,0.09790079775079197
refl4,owlv2,141581,33522,1,0,80,80,1.0,0.9549359649323077,1.0,0.0450640350676923
refl4,owlv2,1000486828,10627,1,0,61,80,0.7625,0.6542230288597322,0.8505462481433591,0.19632321928362695
refl4,owlv2,1001086121,4469,1,1,28,80,0.35,0.24667193647253513,0.4647968854793358,0.21812494900680066
refl4,owlv2,1000288050,16389,1,1,69,80,0.8625,0.7672791291752744,0.9293121672961213,0.1620330381208469
refl4,owlv2,244846,17996,1,0,71,80,0.8875,0.7971534080830098,0.9472484868543125,0.15009507877130268
refl4,owlv2,1002278992,5805,1,0,44,80,0.55,0.43467397909415284,0.6615136155101845,0.22683963641603166
refl4,owlv2,353999,26794,1,0,43,80,0.5375,0.4224175280048351,0.6497235734616016,0.22730604545676647
refl4,owlv2,1001220357,1984,1,0,78,80,0.975,0.9125928440694077,0.9969579138351904,0.08436506976578273
refl4,owlv2,130972,42173,1,0,80,80,1.0,0.9549359649323077,1.0,0.0450640350676923
refl4,owlv2,498508,20382,1,0,80,80,1.0,0.9549359649323077,1.0,0.0450640350676923
refl4,owlv2,1000022043,2797,1,1,56,80,0.7,0.5872406769186242,0.7974260708533272,0.21018539393470292
refl4,owlv2,499760,20112,1,0,78,80,0.975,0.9125928440694077,0.9969579138351904,0.08436506976578273
refl4,owlv2,1001193204,8960,1,1,14,80,0.175,0.09911050983942865,0.27615403952101353,0.17704352968158488
refl4,owlv2,1001272640,3041,1,0,64,80,0.8,0.6956311329945355,0.8811409135950147,0.18550978060047918
refl4,owlv2,499682,26366,1,0,73,80,0.9125,0.8279916615801152,0.9640936410104413,0.1361019794303261
refl4,owlv2,28038,30782,1,0,76,80,0.95,0.876901263556847,0.9862106060235382,0.1093093424666911
refl4,owlv2,1001834353,4607,1,0,70,80,0.875,0.7821108659305637,0.9383979034415657,0.15628703751100204
refl4,owlv2,1001376524,12444,1,0,59,80,0.7375,0.6271491697875681,0.8295907488995917,0.20244157911202365
refl4,owlv2,428537,24314,1,0,78,80,0.975,0.9125928440694077,0.9969579138351904,0.08436506976578273
refl4,owlv2,1000013147,4905,1,1,73,80,0.9125,0.8279916615801152,0.9640936410104413,0.1361019794303261
refl4,owlv2,14160,22809,1,0,79,80,0.9875,0.9323122155360776,0.9996835774723672,0.06737136193628968
refl4,owlv2,315555,27261,1,0,78,80,0.975,0.9125928440694077,0.9969579138351904,0.08436506976578273
refl4,owlv2,1001583536,4489,1,1,79,80,0.9875,0.9323122155360776,0.9996835774723672,0.06737136193628968
refl4,owlv2,1001462709,1791,1,0,16,80,0.2,0.11885908640498531,0.30436886700546445,0.18550978060047912
refl4,owlv2,1000615113,7413,1,0,7,80,0.0875,0.035906358989558754,0.17200833841988486,0.1361019794303261
refl4,owlv2,314254,17533,1,0,80,80,1.0,0.9549359649323077,1.0,0.0450640350676923
refl4,owlv2,341027,17747,1,1,74,80,0.925,0.8438720682639279,0.9719794538231588,0.12810738555923085
refl4,owlv2,1001843889,611,1,0,63,80,0.7875,0.6817141914403442,0.8710635049024182,0.18934931346207406
refl4,owlv2,1000037307,14503,1,1,65,80,0.8125,0.7096721043523089,0.8910863118524706,0.18141420750016168
refl4,owlv2,1002078273,1301,1,1,58,80,0.725,0.6137565791555909,0.8189623614429612,0.2052057822873703
refl4,owlv2,212628,43969,1,0,80,80,1.0,0.9549359649323077,1.0,0.0450640350676923
refl4,owlv2,1002057011,2711,1,0,40,80,0.5,0.3860478833649093,0.6139521166350907,0.22790423327018144
refl4,owlv2,154212,34736,1,0,18,80,0.225,0.13913721049893182,0.33208632006125094,0.19294910956231912
refl4,owlv2,1000070653,6583,1,0,73,80,0.9125,0.8279916615801152,0.9640936410104413,0.1361019794303261
refl4,owlv2,69510,42664,1,1,23,80,0.2875,0.19176047197196505,0.3995451133120206,0.20778464134005553
refl4,owlv2,226734,32533,1,0,43,80,0.5375,0.4224175280048351,0.6497235734616016,0.22730604545676647
refl4,owlv2,1001371233,2347,1,1,80,80,1.0,0.9549359649323077,1.0,0.0450640350676923
refl4,owlv2,457745,36959,1,0,40,80,0.5,0.3860478833649093,0.6139521166350907,0.22790423327018144
refl4,owlv2,1001948272,12711,1,1,77,80,0.9625,0.8942980149834914,0.9921988127342833,0.09790079775079197
refl4,owlv2,513704,27422,1,0,80,80,1.0,0.9549359649323077,1.0,0.0450640350676923
refl4,owlv2,16796,28694,1,0,78,80,0.975,0.9125928440694077,0.9969579138351904,0.08436506976578273
refl4,owlv2,1000031446,2331,1,0,49,80,0.6125,0.4969755425018991,0.7194348668752178,0.22245932437331872
refl4,owlv2,1001680024,16019,1,0,30,80,0.375,0.2691931699468049,0.4903547644071125,0.2211615944603076
refl4,owlv2,282568,27288,1,0,80,80,1.0,0.9549359649323077,1.0,0.0450640350676923
refl4,owlv2,1002011654,3063,1,1,80,80,1.0,0.9549359649323077,1.0,0.0450640350676923
refl4,owlv2,335376,17398,1,1,48,80,0.6,0.4843769404954894,0.7079906437446896,0.22361370324920016
refl4,owlv2,366148,45214,1,0,55,80,0.6875,0.5741109261435505,0.7865253688912328,0.21241444274768229
refl4,owlv2,478105,16979,1,0,80,80,1.0,0.9549359649323077,1.0,0.0450640350676923
refl4,owlv2,1001003828,10806,1,0,66,80,0.825,0.7238459604789864,0.9008894901605713,0.17704352968158488
refl4,owlv2,1001977563,1456,1,0,66,80,0.825,0.7238459604789864,0.9008894901605713,0.17704352968158488
refl4,owlv2,1001914884,1403,1,0,60,80,0.75,0.64063652409315,0.8401203554931442,0.19948383139999426
refl4,owlv2,207083,40983,1,1,78,80,0.975,0.9125928440694077,0.9969579138351904,0.08436506976578273
refl4,owlv2,1000088296,9282,1,0,74,80,0.925,0.8438720682639279,0.9719794538231588,0.12810738555923085
refl4,owlv2,1001092807,16277,1,0,47,80,0.5875,0.47184834042520446,0.6964754070624058,0.2246270666372014
refl4,owlv2,1001417748,13576,1,0,35,80,0.4375,0.3267639534337789,0.5530024286118197,0.2262384751780408
refl4,owlv2,127515,38146,1,1,73,80,0.9125,0.8279916615801152,0.9640936410104413,0.1361019794303261
refl4,owlv2,528151,29361,1,1,80,80,1.0,0.9549359649323077,1.0,0.0450640350676923
refl4,owlv2,356097,36679,1,0,80,80,1.0,0.9549359649323077,1.0,0.0450640350676923
refl4,owlv2,1001809216,9750,1,0,53,80,0.6625,0.5480943856258318,0.7644738620163491,0.21637947639051736
refl4,owlv2,263516,37868,1,1,71,80,0.8875,0.7971534080830098,0.9472484868543125,0.15009507877130268
refl4,owlv2,1001027866,13928,1,0,51,80,0.6375,0.5223872787351916,0.7421051046283819,0.21971782589319022
refl4,owlv2,183392,41017,1,0,73,80,0.9125,0.8279916615801152,0.9640936410104413,0.1361019794303261
refl4,owlv2,1001764573,16279,1,0,32,80,0.4,0.2920093562553105,0.5156230595045106,0.2236137032492001
refl4,owlv2,550972,40900,1,1,28,80,0.35,0.24667193647253513,0.4647968854793358,0.21812494900680066
refl4,owlv2,41818,44493,1,1,78,80,0.975,0.9125928440694077,0.9969579138351904,0.08436506976578273
refl4,owlv2,7852,27426,1,1,80,80,1.0,0.9549359649323077,1.0,0.0450640350676923
refl4,owlv2,370524,26729,1,0,10,80,0.125,0.06160209655843424,0.2178891340694363,0.15628703751100206
refl4,owlv2,247368,43664,1,0,69,80,0.8625,0.7672791291752744,0.9293121672961213,0.1620330381208469
refl4,owlv2,220037,31176,1,0,68,80,0.85,0.7526358884071023,0.9200184386902862,0.16738255028318394
refl4,owlv2,545721,37193,1,0,22,80,0.275,0.18103763855703875,0.38624342084440927,0.20520578228737052
refl4,owlv2,296760,28364,1,0,21,80,0.2625,0.1704092511004083,0.3728508302124319,0.20244157911202362
refl4,owlv2,562100,19197,1,0,72,80,0.9,0.8124348925365683,0.955829059846371,0.1433941673098027
refl4,owlv2,124694,38774,1,0,78,80,0.975,0.9125928440694077,0.9969579138351904,0.08436506976578273
refl4,owlv2,358033,30986,1,1,37,80,0.4625,0.3502764265383982,0.5775824719951649,0.2273060454567667
refl4,owlv2,1000078156,10090,1,1,80,80,1.0,0.9549359649323077,1.0,0.0450640350676923
refl4,owlv2,1001483054,10276,1,1,75,80,0.9375,0.860142924702361,0.9793969276979898,0.11925400299562883
refl4,owlv2,393493,22397,1,0,72,80,0.9,0.8124348925365683,0.955829059846371,0.1433941673098027
refl4,owlv2,358029,41601,1,0,63,80,0.7875,0.6817141914403442,0.8710635049024182,0.18934931346207406
refl4,owlv2,111002,38374,1,0,38,80,0.475,0.3621335816771527,0.5897721586232294,0.2276385769460767
refl4,owlv2,488073,37351,1,0,80,80,1.0,0.9549359649323077,1.0,0.0450640350676923
refl4,owlv2,177817,37859,1,1,75,80,0.9375,0.860142924702361,0.9793969276979898,0.11925400299562883
refl4,owlv2,1000381235,15731,1,0,22,80,0.275,0.18103763855703875,0.38624342084440927,0.20520578228737052
refl4,owlv2,1001330458,9755,1,1,80,80,1.0,0.9549359649323077,1.0,0.0450640350676923
refl4,owlv2,1000031872,15961,1,0,75,80,0.9375,0.860142924702361,0.9793969276979898,0.11925400299562883
refl4,owlv2,1002056492,672,1,0,67,80,0.8375,0.7381631061748871,0.9105383582774708,0.17237525210258364
refl4,owlv2,1001934119,13781,1,1,65,80,0.8125,0.7096721043523089,0.8910863118524706,0.18141420750016168
refl4,owlv2,126737,28552,1,0,44,80,0.55,0.43467397909415284,0.6615136155101845,0.22683963641603166
refl4,owlv2,454570,21690,1,0,79,80,0.9875,0.9323122155360776,0.9996835774723672,0.06737136193628968
refl4,owlv2,538574,35251,1,0,76,80,0.95,0.876901263556847,0.9862106060235382,0.1093093424666911
refl4,owlv2,1000447647,16767,1,0,43,80,0.5375,0.4224175280048351,0.6497235734616016,0.22730604545676647
refl4,owlv2,78900,36023,1,0,80,80,1.0,0.9549359649323077,1.0,0.0450640350676923
refl4,owlv2,179763,33297,1,0,49,80,0.6125,0.4969755425018991,0.7194348668752178,0.22245932437331872
refl4,owlv2,1001638971,7065,1,0,53,80,0.6625,0.5480943856258318,0.7644738620163491,0.21637947639051736
refl4,owlv2,313164,37228,1,0,25,80,0.3125,0.21347463110876716,0.4258890738564495,0.2124144427476823
refl4,owlv2,1001414679,13053,1,1,57,80,0.7125,0.6004548866879794,0.8082395280280349,0.20778464134005548
refl4,owlv2,1000071229,5481,1,1,43,80,0.5375,0.4224175280048351,0.6497235734616016,0.22730604545676647
refl4,owlv2,1001293047,7686,1,0,37,80,0.4625,0.3502764265383982,0.5775824719951649,0.2273060454567667
refl4,owlv2,213003,41590,1,0,80,80,1.0,0.9549359649323077,1.0,0.0450640350676923
refl4,owlv2,200678,39458,1,0,13,80,0.1625,0.08946164172252925,0.2618368938251128,0.1723752521025836
refl4,owlv2,576896,33997,1,0,79,80,0.9875,0.9323122155360776,0.9996835774723672,0.06737136193628968
refl4,owlv2,465196,37436,1,1,43,80,0.5375,0.4224175280048351,0.6497235734616016,0.22730604545676647
refl4,owlv2,371824,24397,1,0,17,80,0.2125,0.1289364950975817,0.3182858085596558,0.18934931346207412
refl4,owlv2,1001377721,3784,1,0,44,80,0.55,0.43467397909415284,0.6615136155101845,0.22683963641603166
refl4,owlv2,546093,26990,1,0,75,80,0.9375,0.860142924702361,0.9793969276979898,0.11925400299562883
refl4,owlv2,163054,44502,1,0,69,80,0.8625,0.7672791291752744,0.9293121672961213,0.1620330381208469
refl4,owlv2,402020,35903,1,0,77,80,0.9625,0.8942980149834914,0.9921988127342833,0.09790079775079197
refl4,owlv2,253087,42613,1,1,80,80,1.0,0.9549359649323077,1.0,0.0450640350676923
refl4,owlv2,1001035669,11052,1,0,35,80,0.4375,0.3267639534337789,0.5530024286118197,0.2262384751780408
refl4,owlv2,259514,28580,1,1,24,80,0.3,0.20257392914667274,0.412759323081376,0.21018539393470323
refl4,owlv2,1001287295,4531,1,1,77,80,0.9625,0.8942980149834914,0.9921988127342833,0.09790079775079197
refl4,owlv2,362657,26195,1,0,80,80,1.0,0.9549359649323077,1.0,0.0450640350676923
refl4,owlv2,113676,31591,1,0,15,80,0.1875,0.10891368814752944,0.2903278956476912,0.18141420750016174
refl4,owlv2,142287,30015,1,1,56,80,0.7,0.5872406769186242,0.7974260708533272,0.21018539393470292
refl4,owlv2,1001099245,9244,1,0,76,80,0.95,0.876901263556847,0.9862106060235382,0.1093093424666911
refl4,owlv2,1001953095,1209,1,0,33,80,0.4125,0.30352459293759415,0.5281516595747955,0.22462706663720133
refl4,owlv2,46118,43252,1,1,6,80,0.075,0.028020546176841233,0.15612793173607212,0.12810738555923087
refl4,owlv2,1001626852,14800,1,1,71,80,0.8875,0.7971534080830098,0.9472484868543125,0.15009507877130268
refl4,owlv2,324923,24605,1,0,17,80,0.2125,0.1289364950975817,0.3182858085596558,0.18934931346207412
refl4,owlv2,44637,28525,1,1,76,80,0.95,0.876901263556847,0.9862106060235382,0.1093093424666911
refl4,owlv2,530903,41179,1,1,77,80,0.9625,0.8942980149834914,0.9921988127342833,0.09790079775079197
refl4,owlv2,387338,23770,1,0,80,80,1.0,0.9549359649323077,1.0,0.0450640350676923
refl4,owlv2,506056,24886,1,0,80,80,1.0,0.9549359649323077,1.0,0.0450640350676923
refl4,owlv2,23603,17829,1,0,78,80,0.975,0.9125928440694077,0.9969579138351904,0.08436506976578273
refl4,owlv2,1407,39811,1,0,34,80,0.425,0.31510976545234215,0.5406111885690619,0.22550142311671972
refl4,owlv2,45475,22505,1,1,68,80,0.85,0.7526358884071023,0.9200184386902862,0.16738255028318394
refl4,owlv2,39629,31980,1,1,73,80,0.9125,0.8279916615801152,0.9640936410104413,0.1361019794303261
refl4,owlv2,1000536587,11008,1,1,60,80,0.75,0.64063652409315,0.8401203554931442,0.19948383139999426
refl4,owlv2,470976,29438,1,0,65,80,0.8125,0.7096721043523089,0.8910863118524706,0.18141420750016168
refl4,owlv2,1001211063,295,0,0,0,0,0.0,0.0,0.0,0.0
refl4,owlv2,404183,44451,1,1,61,80,0.7625,0.6542230288597322,0.8505462481433591,0.19632321928362695
refl4,owlv2,1001326441,2429,1,0,78,80,0.975,0.9125928440694077,0.9969579138351904,0.08436506976578273
refl4,owlv2,440820,28903,1,0,67,80,0.8375,0.7381631061748871,0.9105383582774708,0.17237525210258364
refl4,owlv2,1000902939,4956,1,0,79,80,0.9875,0.9323122155360776,0.9996835774723672,0.06737136193628968
refl4,owlv2,463101,28362,1,1,68,80,0.85,0.7526358884071023,0.9200184386902862,0.16738255028318394
refl4,owlv2,1001405245,9325,1,1,80,80,1.0,0.9549359649323077,1.0,0.0450640350676923
refl4,owlv2,199958,41278,1,0,80,80,1.0,0.9549359649323077,1.0,0.0450640350676923
refl4,owlv2,1001931609,13947,1,0,73,80,0.9125,0.8279916615801152,0.9640936410104413,0.1361019794303261
refl4,owlv2,1001754576,5839,1,1,79,80,0.9875,0.9323122155360776,0.9996835774723672,0.06737136193628968
refl4,owlv2,436941,39847,1,1,79,80,0.9875,0.9323122155360776,0.9996835774723672,0.06737136193628968
refl4,owlv2,307745,43264,1,1,53,80,0.6625,0.5480943856258318,0.7644738620163491,0.21637947639051736
refl4,owlv2,1001273769,13022,1,1,76,80,0.95,0.876901263556847,0.9862106060235382,0.1093093424666911
refl4,owlv2,352651,37310,1,1,29,80,0.3625,0.2578948953716181,0.47761272126480847,0.2197178258931904
refl4,owlv2,399276,32015,1,0,80,80,1.0,0.9549359649323077,1.0,0.0450640350676923
refl4,owlv2,347511,19357,1,0,30,80,0.375,0.2691931699468049,0.4903547644071125,0.2211615944603076
refl4,owlv2,1001679176,6701,1,1,70,80,0.875,0.7821108659305637,0.9383979034415657,0.15628703751100204
refl4,owlv2,151236,31622,1,1,79,80,0.9875,0.9323122155360776,0.9996835774723672,0.06737136193628968
refl4,owlv2,166073,33513,1,0,65,80,0.8125,0.7096721043523089,0.8910863118524706,0.18141420750016168
refl4,owlv2,225477,41229,1,0,64,80,0.8,0.6956311329945355,0.8811409135950147,0.18550978060047918
refl4,owlv2,258679,36370,1,1,80,80,1.0,0.9549359649323077,1.0,0.0450640350676923
refl4,owlv2,140360,35165,1,0,70,80,0.875,0.7821108659305637,0.9383979034415657,0.15628703751100204
refl4,owlv2,457225,39273,1,0,18,80,0.225,0.13913721049893182,0.33208632006125094,0.19294910956231912
refl4,owlv2,1001851403,12608,1,0,70,80,0.875,0.7821108659305637,0.9383979034415657,0.15628703751100204
refl4,owlv2,550746,17790,1,0,75,80,0.9375,0.860142924702361,0.9793969276979898,0.11925400299562883
refl4,owlv2,1000077514,9531,1,1,43,80,0.5375,0.4224175280048351,0.6497235734616016,0.22730604545676647
refl4,owlv2,394447,34896,1,0,75,80,0.9375,0.860142924702361,0.9793969276979898,0.11925400299562883
refl4,owlv2,136092,39688,1,1,80,80,1.0,0.9549359649323077,1.0,0.0450640350676923
refl4,owlv2,215563,28692,1,0,58,80,0.725,0.6137565791555909,0.8189623614429612,0.2052057822873703
refl4,owlv2,502971,24859,1,0,80,80,1.0,0.9549359649323077,1.0,0.0450640350676923
refl4,owlv2,316671,35010,1,1,80,80,1.0,0.9549359649323077,1.0,0.0450640350676923
refl4,owlv2,135482,22829,1,1,80,80,1.0,0.9549359649323077,1.0,0.0450640350676923
refl4,owlv2,109553,44415,1,1,19,80,0.2375,0.1494537518566408,0.34577697114026784,0.19632321928362703
refl4,owlv2,1000054487,5980,1,1,77,80,0.9625,0.8942980149834914,0.9921988127342833,0.09790079775079197
refl4,owlv2,1002061736,14390,1,1,76,80,0.95,0.876901263556847,0.9862106060235382,0.1093093424666911
refl4,owlv2,181475,20214,1,0,65,80,0.8125,0.7096721043523089,0.8910863118524706,0.18141420750016168
refl4,owlv2,230570,43046,1,1,73,80,0.9125,0.8279916615801152,0.9640936410104413,0.1361019794303261
refl4,owlv2,1001383464,8845,1,0,62,80,0.775,0.6679136799387491,0.8608627895010682,0.19294910956231914
refl4,owlv2,1001867226,2605,1,0,48,80,0.6,0.4843769404954894,0.7079906437446896,0.22361370324920016
refl4,owlv2,1000906604,4325,1,0,80,80,1.0,0.9549359649323077,1.0,0.0450640350676923
refl4,owlv2,1001886056,9475,1,1,80,80,1.0,0.9549359649323077,1.0,0.0450640350676923
refl4,owlv2,1001171509,16584,1,1,48,80,0.6,0.4843769404954894,0.7079906437446896,0.22361370324920016
refl4,owlv2,501269,32349,1,1,65,80,0.8125,0.7096721043523089,0.8910863118524706,0.18141420750016168
refl4,owlv2,1000046814,9609,1,1,79,80,0.9875,0.9323122155360776,0.9996835774723672,0.06737136193628968
refl4,owlv2,313873,20389,1,0,65,80,0.8125,0.7096721043523089,0.8910863118524706,0.18141420750016168
refl4,owlv2,149556,40105,1,1,79,80,0.9875,0.9323122155360776,0.9996835774723672,0.06737136193628968
refl4,owlv2,1001041794,4105,1,0,56,80,0.7,0.5872406769186242,0.7974260708533272,0.21018539393470292
refl4,owlv2,1001416658,1128,1,1,78,80,0.975,0.9125928440694077,0.9969579138351904,0.08436506976578273
refl4,owlv2,1001224114,16910,1,0,80,80,1.0,0.9549359649323077,1.0,0.0450640350676923
refl4,owlv2,542391,29947,1,0,71,80,0.8875,0.7971534080830098,0.9472484868543125,0.15009507877130268
refl4,owlv2,111889,31818,1,0,80,80,1.0,0.9549359649323077,1.0,0.0450640350676923
refl4,owlv2,1001526293,1673,1,1,42,80,0.525,0.4102278413767706,0.6378664183228473,0.2276385769460767
refl4,owlv2,1000068754,1328,1,0,80,80,1.0,0.9549359649323077,1.0,0.0450640350676923
refl4,owlv2,1000013822,12032,1,0,42,80,0.525,0.4102278413767706,0.6378664183228473,0.2276385769460767
refl4,owlv2,1001390908,8535,1,0,69,80,0.8625,0.7672791291752744,0.9293121672961213,0.1620330381208469
refl4,owlv2,1000442068,8104,1,1,69,80,0.8625,0.7672791291752744,0.9293121672961213,0.1620330381208469
refl4,owlv2,522465,36205,1,0,71,80,0.8875,0.7971534080830098,0.9472484868543125,0.15009507877130268
refl4,owlv2,1001763461,1867,1,0,49,80,0.6125,0.4969755425018991,0.7194348668752178,0.22245932437331872
refl4,owlv2,388991,19712,1,1,79,80,0.9875,0.9323122155360776,0.9996835774723672,0.06737136193628968
refl4,owlv2,156170,28484,1,0,80,80,1.0,0.9549359649323077,1.0,0.0450640350676923
refl4,owlv2,1001518338,1715,1,0,8,80,0.1,0.04417094015362904,0.1875651074634316,0.14339416730980256
refl4,owlv2,1001748237,5083,1,1,32,80,0.4,0.2920093562553105,0.5156230595045106,0.2236137032492001
refl4,owlv2,215201,20095,1,1,78,80,0.975,0.9125928440694077,0.9969579138351904,0.08436506976578273
refl4,owlv2,1001172920,1159,1,1,28,80,0.35,0.24667193647253513,0.4647968854793358,0.21812494900680066
refl4,owlv2,258927,31623,1,0,80,80,1.0,0.9549359649323077,1.0,0.0450640350676923
refl4,owlv2,1000073579,154,1,0,55,80,0.6875,0.5741109261435505,0.7865253688912328,0.21241444274768229
refl4,owlv2,451407,42382,1,1,75,80,0.9375,0.860142924702361,0.9793969276979898,0.11925400299562883
refl4,owlv2,16725,32236,1,0,57,80,0.7125,0.6004548866879794,0.8082395280280349,0.20778464134005548
refl4,owlv2,1001647725,345,1,1,62,80,0.775,0.6679136799387491,0.8608627895010682,0.19294910956231914
refl4,owlv2,1001484001,12484,1,1,77,80,0.9625,0.8942980149834914,0.9921988127342833,0.09790079775079197
refl4,owlv2,182335,38677,1,0,80,80,1.0,0.9549359649323077,1.0,0.0450640350676923
refl4,owlv2,47001,26144,1,0,66,80,0.825,0.7238459604789864,0.9008894901605713,0.17704352968158488
refl4,owlv2,1000456263,16313,1,0,68,80,0.85,0.7526358884071023,0.9200184386902862,0.16738255028318394
refl4,owlv2,1001007090,13611,1,0,74,80,0.925,0.8438720682639279,0.9719794538231588,0.12810738555923085
refl4,owlv2,1000491212,12458,1,0,60,80,0.75,0.64063652409315,0.8401203554931442,0.19948383139999426
refl4,owlv2,433435,41430,1,1,78,80,0.975,0.9125928440694077,0.9969579138351904,0.08436506976578273
refl4,owlv2,247110,20539,1,0,52,80,0.65,0.5352031145206643,0.7533280635274648,0.21812494900680057
refl4,owlv2,1000732858,8900,1,1,48,80,0.6,0.4843769404954894,0.7079906437446896,0.22361370324920016
refl4,owlv2,1001653514,15976,1,1,79,80,0.9875,0.9323122155360776,0.9996835774723672,0.06737136193628968
refl4,owlv2,52902,32457,1,0,76,80,0.95,0.876901263556847,0.9862106060235382,0.1093093424666911
refl4,owlv2,470004,39040,1,1,78,80,0.975,0.9125928440694077,0.9969579138351904,0.08436506976578273
refl4,owlv2,3320,40300,1,0,51,80,0.6375,0.5223872787351916,0.7421051046283819,0.21971782589319022
refl4,owlv2,1000411412,15597,1,1,80,80,1.0,0.9549359649323077,1.0,0.0450640350676923
refl4,owlv2,1001610034,13131,1,1,27,80,0.3375,0.23552613798365082,0.4519056143741682,0.21637947639051738
refl4,owlv2,402833,27463,1,1,80,80,1.0,0.9549359649323077,1.0,0.0450640350676923
refl4,owlv2,1001377679,16072,1,1,54,80,0.675,0.5610629543955516,0.7755404148225468,0.21447746042699511
refl4,owlv2,1000087545,3796,1,0,13,80,0.1625,0.08946164172252925,0.2618368938251128,0.1723752521025836
refl4,owlv2,294409,32181,1,1,76,80,0.95,0.876901263556847,0.9862106060235382,0.1093093424666911
refl4,owlv2,452524,32675,1,0,80,80,1.0,0.9549359649323077,1.0,0.0450640350676923
refl4,owlv2,268197,32315,1,1,62,80,0.775,0.6679136799387491,0.8608627895010682,0.19294910956231914
refl4,owlv2,1001420442,11445,1,1,59,80,0.7375,0.6271491697875681,0.8295907488995917,0.20244157911202365
refl4,owlv2,510061,28342,1,0,20,80,0.25,0.1598796445068557,0.35936347590685,0.19948383139999432
refl4,owlv2,1000942935,4093,1,0,54,80,0.675,0.5610629543955516,0.7755404148225468,0.21447746042699511
refl4,owlv2,1001971667,15164,1,0,69,80,0.8625,0.7672791291752744,0.9293121672961213,0.1620330381208469
refl4,owlv2,46885,23903,1,0,72,80,0.9,0.8124348925365683,0.955829059846371,0.1433941673098027
refl4,owlv2,1002279022,3521,1,0,27,80,0.3375,0.23552613798365082,0.4519056143741682,0.21637947639051738
refl4,owlv2,443505,34242,1,0,65,80,0.8125,0.7096721043523089,0.8910863118524706,0.18141420750016168
refl4,owlv2,237510,23816,1,0,64,80,0.8,0.6956311329945355,0.8811409135950147,0.18550978060047918
refl4,owlv2,365573,33989,1,0,72,80,0.9,0.8124348925365683,0.955829059846371,0.1433941673098027
refl4,owlv2,1000093404,5432,1,0,3,80,0.0375,0.0078011872657166945,0.10570198501650858,0.09790079775079188
refl4,owlv2,1001066816,5826,1,0,30,80,0.375,0.2691931699468049,0.4903547644071125,0.2211615944603076
refl4,owlv2,1000432446,6525,1,1,77,80,0.9625,0.8942980149834914,0.9921988127342833,0.09790079775079197
refl4,owlv2,62233,28874,1,0,80,80,1.0,0.9549359649323077,1.0,0.0450640350676923
refl4,owlv2,164081,36760,1,1,36,80,0.45,0.33848638448981544,0.565326020905847,0.2268396364160316
refl4,owlv2,211576,36091,1,0,80,80,1.0,0.9549359649323077,1.0,0.0450640350676923
refl4,owlv2,333748,40384,1,1,54,80,0.675,0.5610629543955516,0.7755404148225468,0.21447746042699511
refl4,owlv2,76885,17742,1,1,54,80,0.675,0.5610629543955516,0.7755404148225468,0.21447746042699511
refl4,owlv2,1000544731,9047,1,1,77,80,0.9625,0.8942980149834914,0.9921988127342833,0.09790079775079197
refl4,owlv2,1000726557,14171,1,1,79,80,0.9875,0.9323122155360776,0.9996835774723672,0.06737136193628968
refl4,owlv2,1001201335,8548,1,0,70,80,0.875,0.7821108659305637,0.9383979034415657,0.15628703751100204
refl4,owlv2,536820,27198,1,0,64,80,0.8,0.6956311329945355,0.8811409135950147,0.18550978060047918
refl4,owlv2,1001762424,16320,1,0,49,80,0.6125,0.4969755425018991,0.7194348668752178,0.22245932437331872
refl4,owlv2,1000530094,11142,1,1,50,80,0.625,0.5096452355928875,0.7308068300531951,0.2211615944603076
refl4,owlv2,1000091358,16426,1,1,77,80,0.9625,0.8942980149834914,0.9921988127342833,0.09790079775079197
refl4,owlv2,1002269762,3247,1,1,80,80,1.0,0.9549359649323077,1.0,0.0450640350676923
refl4,owlv2,1000129708,9883,1,0,35,80,0.4375,0.3267639534337789,0.5530024286118197,0.2262384751780408
refl4,owlv2,1002093212,8728,1,0,50,80,0.625,0.5096452355928875,0.7308068300531951,0.2211615944603076
refl4,owlv2,1001670201,1496,1,1,62,80,0.775,0.6679136799387491,0.8608627895010682,0.19294910956231914
refl4,owlv2,111000,20509,1,0,71,80,0.8875,0.7971534080830098,0.9472484868543125,0.15009507877130268
refl4,owlv2,1000035010,15336,1,0,28,80,0.35,0.24667193647253513,0.4647968854793358,0.21812494900680066
refl4,owlv2,1000415317,1977,1,0,43,80,0.5375,0.4224175280048351,0.6497235734616016,0.22730604545676647
refl4,owlv2,35265,39191,1,1,41,80,0.5125,0.39810466870318556,0.625942518555561,0.22783784985237548
refl4,owlv2,144817,18345,1,0,49,80,0.6125,0.4969755425018991,0.7194348668752178,0.22245932437331872
refl4,owlv2,1002015090,6709,1,0,80,80,1.0,0.9549359649323077,1.0,0.0450640350676923
refl4,owlv2,1000916834,10545,1,0,20,80,0.25,0.1598796445068557,0.35936347590685,0.19948383139999432
refl4,owlv2,509039,31565,1,0,27,80,0.3375,0.23552613798365082,0.4519056143741682,0.21637947639051738
refl4,owlv2,409454,24174,1,0,80,80,1.0,0.9549359649323077,1.0,0.0450640350676923
refl4,owlv2,1000092405,14858,1,0,79,80,0.9875,0.9323122155360776,0.9996835774723672,0.06737136193628968
refl4,owlv2,1001801759,12948,1,0,29,80,0.3625,0.2578948953716181,0.47761272126480847,0.2197178258931904
refl4,owlv2,307190,40862,1,0,51,80,0.6375,0.5223872787351916,0.7421051046283819,0.21971782589319022
refl4,owlv2,136894,31038,1,1,80,80,1.0,0.9549359649323077,1.0,0.0450640350676923
refl4,owlv2,23014,39864,1,0,80,80,1.0,0.9549359649323077,1.0,0.0450640350676923
refl4,owlv2,275811,20352,1,1,53,80,0.6625,0.5480943856258318,0.7644738620163491,0.21637947639051736
refl4,owlv2,511930,26826,1,0,78,80,0.975,0.9125928440694077,0.9969579138351904,0.08436506976578273
refl4,owlv2,59382,35118,1,0,71,80,0.8875,0.7971534080830098,0.9472484868543125,0.15009507877130268
refl4,owlv2,193042,30121,1,0,73,80,0.9125,0.8279916615801152,0.9640936410104413,0.1361019794303261
refl4,owlv2,1001609601,6190,1,0,54,80,0.675,0.5610629543955516,0.7755404148225468,0.21447746042699511
refl4,owlv2,236036,38008,1,0,74,80,0.925,0.8438720682639279,0.9719794538231588,0.12810738555923085
refl4,owlv2,1001494111,14124,1,0,49,80,0.6125,0.4969755425018991,0.7194348668752178,0.22245932437331872
refl4,owlv2,34439,29768,1,1,30,80,0.375,0.2691931699468049,0.4903547644071125,0.2211615944603076
refl4,owlv2,1001951985,3173,1,0,75,80,0.9375,0.860142924702361,0.9793969276979898,0.11925400299562883
refl4,owlv2,1000531838,6284,1,1,65,80,0.8125,0.7096721043523089,0.8910863118524706,0.18141420750016168
refl4,owlv2,496097,41619,1,0,80,80,1.0,0.9549359649323077,1.0,0.0450640350676923
refl4,owlv2,1000721093,6328,1,1,52,80,0.65,0.5352031145206643,0.7533280635274648,0.21812494900680057
refl4,owlv2,1001197411,7934,1,0,62,80,0.775,0.6679136799387491,0.8608627895010682,0.19294910956231914
refl4,owlv2,178763,21784,1,1,68,80,0.85,0.7526358884071023,0.9200184386902862,0.16738255028318394
refl4,owlv2,538805,42478,1,0,71,80,0.8875,0.7971534080830098,0.9472484868543125,0.15009507877130268
refl4,owlv2,281051,38656,1,1,41,80,0.5125,0.39810466870318556,0.625942518555561,0.22783784985237548
refl4,owlv2,408664,44025,1,0,80,80,1.0,0.9549359649323077,1.0,0.0450640350676923
refl4,owlv2,493471,40196,1,1,75,80,0.9375,0.860142924702361,0.9793969276979898,0.11925400299562883
refl4,owlv2,517869,32692,1,1,80,80,1.0,0.9549359649323077,1.0,0.0450640350676923
refl4,owlv2,317537,22661,1,0,21,80,0.2625,0.1704092511004083,0.3728508302124319,0.20244157911202362
refl4,owlv2,289696,19370,1,0,14,80,0.175,0.09911050983942865,0.27615403952101353,0.17704352968158488
refl4,owlv2,1000549900,441,1,1,78,80,0.975,0.9125928440694077,0.9969579138351904,0.08436506976578273
refl4,owlv2,325950,24571,1,1,74,80,0.925,0.8438720682639279,0.9719794538231588,0.12810738555923085
refl4,owlv2,1000399114,10030,1,0,13,80,0.1625,0.08946164172252925,0.2618368938251128,0.1723752521025836
refl4,owlv2,7945,43100,1,0,77,80,0.9625,0.8942980149834914,0.9921988127342833,0.09790079775079197
refl4,owlv2,1001151868,4043,1,0,35,80,0.4375,0.3267639534337789,0.5530024286118197,0.2262384751780408
refl4,owlv2,348639,27523,1,1,57,80,0.7125,0.6004548866879794,0.8082395280280349,0.20778464134005548
refl4,owlv2,78307,17135,1,0,64,80,0.8,0.6956311329945355,0.8811409135950147,0.18550978060047918
refl4,owlv2,1001436070,4654,1,1,64,80,0.8,0.6956311329945355,0.8811409135950147,0.18550978060047918
refl4,owlv2,304765,45184,1,0,71,80,0.8875,0.7971534080830098,0.9472484868543125,0.15009507877130268
refl4,owlv2,474725,29070,1,1,27,80,0.3375,0.23552613798365082,0.4519056143741682,0.21637947639051738
refl4,owlv2,122667,37421,1,0,79,80,0.9875,0.9323122155360776,0.9996835774723672,0.06737136193628968
refl4,owlv2,1002157872,16751,1,0,14,80,0.175,0.09911050983942865,0.27615403952101353,0.17704352968158488
refl4,owlv2,1000347445,14375,1,1,80,80,1.0,0.9549359649323077,1.0,0.0450640350676923
refl4,owlv2,405709,20034,1,0,80,80,1.0,0.9549359649323077,1.0,0.0450640350676923
refl4,owlv2,440689,42905,1,1,63,80,0.7875,0.6817141914403442,0.8710635049024182,0.18934931346207406
refl4,owlv2,181681,37887,1,1,49,80,0.6125,0.4969755425018991,0.7194348668752178,0.22245932437331872
refl4,owlv2,216119,38190,1,0,19,80,0.2375,0.1494537518566408,0.34577697114026784,0.19632321928362703
refl4,owlv2,183236,31052,1,1,69,80,0.8625,0.7672791291752744,0.9293121672961213,0.1620330381208469
refl4,owlv2,26498,35722,1,1,79,80,0.9875,0.9323122155360776,0.9996835774723672,0.06737136193628968
refl4,owlv2,1001364499,8714,1,0,55,80,0.6875,0.5741109261435505,0.7865253688912328,0.21241444274768229
refl4,owlv2,493307,30374,1,0,75,80,0.9375,0.860142924702361,0.9793969276979898,0.11925400299562883
refl4,owlv2,112226,17657,1,1,52,80,0.65,0.5352031145206643,0.7533280635274648,0.21812494900680057
refl4,owlv2,1000736421,13012,1,1,77,80,0.9625,0.8942980149834914,0.9921988127342833,0.09790079775079197
refl4,owlv2,474461,21574,1,0,60,80,0.75,0.64063652409315,0.8401203554931442,0.19948383139999426
refl4,owlv2,417276,33364,1,0,74,80,0.925,0.8438720682639279,0.9719794538231588,0.12810738555923085
refl4,owlv2,1001154771,11643,1,1,44,80,0.55,0.43467397909415284,0.6615136155101845,0.22683963641603166
refl4,owlv2,1001924277,5669,1,0,69,80,0.8625,0.7672791291752744,0.9293121672961213,0.1620330381208469
refl4,owlv2,1000911368,14061,1,1,72,80,0.9,0.8124348925365683,0.955829059846371,0.1433941673098027
refl4,owlv2,1000030676,4070,1,0,49,80,0.6125,0.4969755425018991,0.7194348668752178,0.22245932437331872
refl4,owlv2,1000020485,1764,1,0,70,80,0.875,0.7821108659305637,0.9383979034415657,0.15628703751100204
refl4,owlv2,428576,39608,1,1,52,80,0.65,0.5352031145206643,0.7533280635274648,0.21812494900680057
refl4,owlv2,89208,29693,1,1,80,80,1.0,0.9549359649323077,1.0,0.0450640350676923
refl4,owlv2,1001515240,8798,1,1,76,80,0.95,0.876901263556847,0.9862106060235382,0.1093093424666911
refl4,owlv2,52751,20568,1,0,80,80,1.0,0.9549359649323077,1.0,0.0450640350676923
refl4,owlv2,1002253932,14972,1,1,48,80,0.6,0.4843769404954894,0.7079906437446896,0.22361370324920016
refl4,owlv2,1000043008,291,1,0,80,80,1.0,0.9549359649323077,1.0,0.0450640350676923
refl4,owlv2,256930,39266,1,1,80,80,1.0,0.9549359649323077,1.0,0.0450640350676923
refl4,owlv2,1000612782,13428,1,1,72,80,0.9,0.8124348925365683,0.955829059846371,0.1433941673098027
refl4,owlv2,349038,38117,1,0,66,80,0.825,0.7238459604789864,0.9008894901605713,0.17704352968158488
refl4,owlv2,480014,17192,1,0,46,80,0.575,0.45938881143093807,0.6848902345476577,0.22550142311671967
refl4,owlv2,1000578716,10569,1,1,80,80,1.0,0.9549359649323077,1.0,0.0450640350676923
refl4,owlv2,269605,31751,1,0,43,80,0.5375,0.4224175280048351,0.6497235734616016,0.22730604545676647
refl4,owlv2,99451,36071,1,0,54,80,0.675,0.5610629543955516,0.7755404148225468,0.21447746042699511
refl4,owlv2,72396,28112,1,0,29,80,0.3625,0.2578948953716181,0.47761272126480847,0.2197178258931904
refl4,owlv2,1001786301,2213,1,0,80,80,1.0,0.9549359649323077,1.0,0.0450640350676923
refl4,owlv2,1002092712,8342,1,0,80,80,1.0,0.9549359649323077,1.0,0.0450640350676923
refl4,owlv2,566847,28260,1,1,78,80,0.975,0.9125928440694077,0.9969579138351904,0.08436506976578273
refl4,owlv2,204680,18250,1,0,78,80,0.975,0.9125928440694077,0.9969579138351904,0.08436506976578273
refl4,owlv2,335524,26478,1,0,66,80,0.825,0.7238459604789864,0.9008894901605713,0.17704352968158488
refl4,owlv2,1000043219,4682,1,0,62,80,0.775,0.6679136799387491,0.8608627895010682,0.19294910956231914
refl4,owlv2,1001116518,1057,1,0,61,80,0.7625,0.6542230288597322,0.8505462481433591,0.19632321928362695
refl4,owlv2,1001722672,1913,1,0,13,80,0.1625,0.08946164172252925,0.2618368938251128,0.1723752521025836
refl4,owlv2,32818,33077,1,1,26,80,0.325,0.22445958517745324,0.4389370456044483,0.21447746042699506
refl4,owlv2,1000433832,12160,1,1,80,80,1.0,0.9549359649323077,1.0,0.0450640350676923
refl4,owlv2,420524,33574,1,0,80,80,1.0,0.9549359649323077,1.0,0.0450640350676923
refl4,owlv2,110447,20485,1,1,55,80,0.6875,0.5741109261435505,0.7865253688912328,0.21241444274768229
refl4,owlv2,403358,21998,1,0,38,80,0.475,0.3621335816771527,0.5897721586232294,0.2276385769460767
refl4,owlv2,92009,39331,1,1,62,80,0.775,0.6679136799387491,0.8608627895010682,0.19294910956231914
refl4,owlv2,443410,31454,1,1,65,80,0.8125,0.7096721043523089,0.8910863118524706,0.18141420750016168
refl4,owlv2,1002222882,8553,1,0,40,80,0.5,0.3860478833649093,0.6139521166350907,0.22790423327018144
refl4,owlv2,350335,20564,1,1,78,80,0.975,0.9125928440694077,0.9969579138351904,0.08436506976578273
refl4,owlv2,1001725781,10996,1,1,71,80,0.8875,0.7971534080830098,0.9472484868543125,0.15009507877130268
refl4,owlv2,1001361246,14904,1,1,45,80,0.5625,0.44699757138818025,0.673236046566221,0.2262384751780408
refl4,owlv2,316170,40141,1,0,64,80,0.8,0.6956311329945355,0.8811409135950147,0.18550978060047918
refl4,owlv2,264324,43883,1,0,80,80,1.0,0.9549359649323077,1.0,0.0450640350676923
refl4,owlv2,119714,35376,1,0,75,80,0.9375,0.860142924702361,0.9793969276979898,0.11925400299562883
refl4,owlv2,1002007300,9872,1,1,52,80,0.65,0.5352031145206643,0.7533280635274648,0.21812494900680057
refl4,owlv2,1002187812,603,1,1,78,80,0.975,0.9125928440694077,0.9969579138351904,0.08436506976578273
refl4,owlv2,202617,39752,1,1,76,80,0.95,0.876901263556847,0.9862106060235382,0.1093093424666911
refl4,owlv2,431947,34872,1,0,71,80,0.8875,0.7971534080830098,0.9472484868543125,0.15009507877130268
refl4,owlv2,145192,34634,1,0,44,80,0.55,0.43467397909415284,0.6615136155101845,0.22683963641603166
refl4,owlv2,19959,28535,1,0,54,80,0.675,0.5610629543955516,0.7755404148225468,0.21447746042699511
refl4,owlv2,226460,35648,1,0,43,80,0.5375,0.4224175280048351,0.6497235734616016,0.22730604545676647
refl4,owlv2,315411,20699,1,1,79,80,0.9875,0.9323122155360776,0.9996835774723672,0.06737136193628968
refl4,owlv2,312050,29535,1,1,55,80,0.6875,0.5741109261435505,0.7865253688912328,0.21241444274768229
refl4,owlv2,1002039610,964,1,1,53,80,0.6625,0.5480943856258318,0.7644738620163491,0.21637947639051736
refl4,owlv2,493851,25346,1,1,68,80,0.85,0.7526358884071023,0.9200184386902862,0.16738255028318394
refl4,owlv2,141121,31425,1,0,22,80,0.275,0.18103763855703875,0.38624342084440927,0.20520578228737052
refl4,owlv2,25515,23308,1,0,79,80,0.9875,0.9323122155360776,0.9996835774723672,0.06737136193628968
refl4,owlv2,1000041750,15421,1,0,72,80,0.9,0.8124348925365683,0.955829059846371,0.1433941673098027
refl4,owlv2,1001136640,15154,1,0,55,80,0.6875,0.5741109261435505,0.7865253688912328,0.21241444274768229
refl4,owlv2,9218,33959,1,0,77,80,0.9625,0.8942980149834914,0.9921988127342833,0.09790079775079197
refl4,owlv2,556783,40521,1,1,80,80,1.0,0.9549359649323077,1.0,0.0450640350676923
refl4,owlv2,1001248772,3276,1,1,79,80,0.9875,0.9323122155360776,0.9996835774723672,0.06737136193628968
refl4,owlv2,1001470541,11425,1,0,36,80,0.45,0.33848638448981544,0.565326020905847,0.2268396364160316
refl4,owlv2,551524,21828,1,1,58,80,0.725,0.6137565791555909,0.8189623614429612,0.2052057822873703
refl4,owlv2,1001369145,4669,1,0,35,80,0.4375,0.3267639534337789,0.5530024286118197,0.2262384751780408
refl4,owlv2,1001857549,5618,1,1,80,80,1.0,0.9549359649323077,1.0,0.0450640350676923
refl4,owlv2,519477,18039,1,0,31,80,0.3875,0.28056513312478215,0.5030244574981009,0.22245932437331872
refl4,owlv2,1000022720,9277,1,1,75,80,0.9375,0.860142924702361,0.9793969276979898,0.11925400299562883
refl4,owlv2,1001077997,15562,1,1,63,80,0.7875,0.6817141914403442,0.8710635049024182,0.18934931346207406
refl4,owlv2,1000546110,16235,1,0,18,80,0.225,0.13913721049893182,0.33208632006125094,0.19294910956231912
refl4,owlv2,203108,40037,1,1,64,80,0.8,0.6956311329945355,0.8811409135950147,0.18550978060047918
refl4,owlv2,1001144940,7897,1,1,26,80,0.325,0.22445958517745324,0.4389370456044483,0.21447746042699506
refl4,owlv2,153671,25551,1,0,73,80,0.9125,0.8279916615801152,0.9640936410104413,0.1361019794303261
refl4,owlv2,281464,19608,1,0,71,80,0.8875,0.7971534080830098,0.9472484868543125,0.15009507877130268
refl4,owlv2,338549,39637,1,0,80,80,1.0,0.9549359649323077,1.0,0.0450640350676923
refl4,owlv2,1001221608,10162,1,0,30,80,0.375,0.2691931699468049,0.4903547644071125,0.2211615944603076
refl4,owlv2,1001624102,9359,1,0,47,80,0.5875,0.47184834042520446,0.6964754070624058,0.2246270666372014
refl4,owlv2,519626,17855,1,0,80,80,1.0,0.9549359649323077,1.0,0.0450640350676923
refl4,owlv2,1001663915,16288,1,1,57,80,0.7125,0.6004548866879794,0.8082395280280349,0.20778464134005548
refl4,owlv2,226329,25089,1,0,80,80,1.0,0.9549359649323077,1.0,0.0450640350676923
refl4,owlv2,31329,42455,1,0,79,80,0.9875,0.9323122155360776,0.9996835774723672,0.06737136193628968
refl4,owlv2,260957,40227,1,0,61,80,0.7625,0.6542230288597322,0.8505462481433591,0.19632321928362695
refl4,owlv2,263744,19602,1,1,68,80,0.85,0.7526358884071023,0.9200184386902862,0.16738255028318394
refl4,owlv2,137918,33864,1,1,80,80,1.0,0.9549359649323077,1.0,0.0450640350676923
refl4,owlv2,323218,42773,1,0,73,80,0.9125,0.8279916615801152,0.9640936410104413,0.1361019794303261
refl4,owlv2,1001882238,11045,1,0,38,80,0.475,0.3621335816771527,0.5897721586232294,0.2276385769460767
refl4,owlv2,105200,32229,1,0,80,80,1.0,0.9549359649323077,1.0,0.0450640350676923
refl4,owlv2,255016,24132,1,1,51,80,0.6375,0.5223872787351916,0.7421051046283819,0.21971782589319022
refl4,owlv2,522947,43831,1,0,73,80,0.9125,0.8279916615801152,0.9640936410104413,0.1361019794303261
refl4,owlv2,183836,30024,1,1,69,80,0.8625,0.7672791291752744,0.9293121672961213,0.1620330381208469
refl4,owlv2,1001166560,6323,1,0,36,80,0.45,0.33848638448981544,0.565326020905847,0.2268396364160316
refl4,owlv2,146584,17313,1,1,51,80,0.6375,0.5223872787351916,0.7421051046283819,0.21971782589319022
refl4,owlv2,1000085441,4311,1,1,57,80,0.7125,0.6004548866879794,0.8082395280280349,0.20778464134005548
refl4,owlv2,314319,18335,1,1,78,80,0.975,0.9125928440694077,0.9969579138351904,0.08436506976578273
refl4,owlv2,1002119412,5212,1,0,25,80,0.3125,0.21347463110876716,0.4258890738564495,0.2124144427476823
refl4,owlv2,1000021717,14323,1,1,61,80,0.7625,0.6542230288597322,0.8505462481433591,0.19632321928362695
refl4,owlv2,311620,33063,1,1,78,80,0.975,0.9125928440694077,0.9969579138351904,0.08436506976578273
refl4,owlv2,326077,31983,1,0,69,80,0.8625,0.7672791291752744,0.9293121672961213,0.1620330381208469
refl4,owlv2,305492,23605,1,0,79,80,0.9875,0.9323122155360776,0.9996835774723672,0.06737136193628968
refl4,owlv2,344073,35123,1,1,65,80,0.8125,0.7096721043523089,0.8910863118524706,0.18141420750016168
refl4,owlv2,52929,35131,1,0,78,80,0.975,0.9125928440694077,0.9969579138351904,0.08436506976578273
refl4,owlv2,1001363672,9821,1,0,79,80,0.9875,0.9323122155360776,0.9996835774723672,0.06737136193628968
refl4,owlv2,1001227710,8939,1,0,69,80,0.8625,0.7672791291752744,0.9293121672961213,0.1620330381208469
refl4,owlv2,1001593145,336,1,0,29,80,0.3625,0.2578948953716181,0.47761272126480847,0.2197178258931904
refl4,owlv2,559760,29268,1,0,32,80,0.4,0.2920093562553105,0.5156230595045106,0.2236137032492001
refl4,owlv2,1001670956,11,1,0,54,80,0.675,0.5610629543955516,0.7755404148225468,0.21447746042699511
refl4,owlv2,393629,30465,1,0,67,80,0.8375,0.7381631061748871,0.9105383582774708,0.17237525210258364
refl4,owlv2,94564,43161,1,0,45,80,0.5625,0.44699757138818025,0.673236046566221,0.2262384751780408
refl4,owlv2,343291,24772,1,0,58,80,0.725,0.6137565791555909,0.8189623614429612,0.2052057822873703
refl4,owlv2,1000522222,6270,1,1,79,80,0.9875,0.9323122155360776,0.9996835774723672,0.06737136193628968
refl4,owlv2,1001165999,3867,1,1,74,80,0.925,0.8438720682639279,0.9719794538231588,0.12810738555923085
refl4,owlv2,1000666662,13215,1,1,48,80,0.6,0.4843769404954894,0.7079906437446896,0.22361370324920016
refl4,owlv2,39580,38854,1,0,74,80,0.925,0.8438720682639279,0.9719794538231588,0.12810738555923085
refl4,owlv2,521709,44393,1,0,80,80,1.0,0.9549359649323077,1.0,0.0450640350676923
refl4,owlv2,1000126431,8135,1,1,48,80,0.6,0.4843769404954894,0.7079906437446896,0.22361370324920016
refl4,owlv2,1000389544,14560,1,0,76,80,0.95,0.876901263556847,0.9862106060235382,0.1093093424666911
refl4,owlv2,423988,41659,1,0,64,80,0.8,0.6956311329945355,0.8811409135950147,0.18550978060047918
refl4,owlv2,410916,22135,1,0,74,80,0.925,0.8438720682639279,0.9719794538231588,0.12810738555923085
refl4,owlv2,238828,37488,1,0,80,80,1.0,0.9549359649323077,1.0,0.0450640350676923
refl4,owlv2,385337,31237,1,0,66,80,0.825,0.7238459604789864,0.9008894901605713,0.17704352968158488
refl4,owlv2,1001856448,16663,1,1,78,80,0.975,0.9125928440694077,0.9969579138351904,0.08436506976578273
refl4,owlv2,447197,27149,1,0,80,80,1.0,0.9549359649323077,1.0,0.0450640350676923
refl4,owlv2,481292,16993,1,0,36,80,0.45,0.33848638448981544,0.565326020905847,0.2268396364160316
refl4,owlv2,1001833184,503,1,1,78,80,0.975,0.9125928440694077,0.9969579138351904,0.08436506976578273
refl4,owlv2,1000020328,12335,1,1,80,80,1.0,0.9549359649323077,1.0,0.0450640350676923
refl4,owlv2,59079,29921,1,0,73,80,0.9125,0.8279916615801152,0.9640936410104413,0.1361019794303261
refl4,owlv2,39195,45100,1,0,67,80,0.8375,0.7381631061748871,0.9105383582774708,0.17237525210258364
refl4,owlv2,9185,43537,1,1,80,80,1.0,0.9549359649323077,1.0,0.0450640350676923
refl4,owlv2,98641,18671,1,0,53,80,0.6625,0.5480943856258318,0.7644738620163491,0.21637947639051736
refl4,owlv2,1001130627,3170,1,1,75,80,0.9375,0.860142924702361,0.9793969276979898,0.11925400299562883
refl4,owlv2,222506,25117,1,0,41,80,0.5125,0.39810466870318556,0.625942518555561,0.22783784985237548
refl4,owlv2,9018,39801,1,1,77,80,0.9625,0.8942980149834914,0.9921988127342833,0.09790079775079197
refl4,owlv2,411289,19162,1,1,63,80,0.7875,0.6817141914403442,0.8710635049024182,0.18934931346207406
refl4,owlv2,47554,31167,1,1,68,80,0.85,0.7526358884071023,0.9200184386902862,0.16738255028318394
refl4,owlv2,572353,37208,1,1,80,80,1.0,0.9549359649323077,1.0,0.0450640350676923
refl4,owlv2,113721,29899,1,1,70,80,0.875,0.7821108659305637,0.9383979034415657,0.15628703751100204
refl4,owlv2,416651,33033,1,1,80,80,1.0,0.9549359649323077,1.0,0.0450640350676923
refl4,owlv2,307462,19045,1,1,79,80,0.9875,0.9323122155360776,0.9996835774723672,0.06737136193628968
refl4,owlv2,1000384684,15426,1,1,79,80,0.9875,0.9323122155360776,0.9996835774723672,0.06737136193628968
refl4,owlv2,1001721492,16881,1,0,77,80,0.9625,0.8942980149834914,0.9921988127342833,0.09790079775079197
refl4,owlv2,67807,45208,1,1,64,80,0.8,0.6956311329945355,0.8811409135950147,0.18550978060047918
refl4,owlv2,1000455769,15665,1,1,68,80,0.85,0.7526358884071023,0.9200184386902862,0.16738255028318394
refl4,owlv2,254660,31633,1,1,62,80,0.775,0.6679136799387491,0.8608627895010682,0.19294910956231914
refl4,owlv2,160852,24388,1,0,68,80,0.85,0.7526358884071023,0.9200184386902862,0.16738255028318394
refl4,owlv2,1000111717,15221,1,1,48,80,0.6,0.4843769404954894,0.7079906437446896,0.22361370324920016
refl4,owlv2,57699,22210,1,1,74,80,0.925,0.8438720682639279,0.9719794538231588,0.12810738555923085
refl4,owlv2,1001401303,5923,1,0,74,80,0.925,0.8438720682639279,0.9719794538231588,0.12810738555923085
refl4,owlv2,244095,45075,1,1,75,80,0.9375,0.860142924702361,0.9793969276979898,0.11925400299562883
refl4,owlv2,1000064837,9109,1,1,80,80,1.0,0.9549359649323077,1.0,0.0450640350676923
refl4,owlv2,1001887771,12540,1,1,78,80,0.975,0.9125928440694077,0.9969579138351904,0.08436506976578273
refl4,owlv2,1002059118,4936,1,0,80,80,1.0,0.9549359649323077,1.0,0.0450640350676923
refl4,owlv2,271760,32328,1,0,71,80,0.8875,0.7971534080830098,0.9472484868543125,0.15009507877130268
refl4,owlv2,1000412823,1545,1,0,58,80,0.725,0.6137565791555909,0.8189623614429612,0.2052057822873703
refl4,owlv2,21504,21260,1,0,36,80,0.45,0.33848638448981544,0.565326020905847,0.2268396364160316
refl4,owlv2,561028,17670,1,0,80,80,1.0,0.9549359649323077,1.0,0.0450640350676923
refl4,owlv2,1002143052,9166,1,0,80,80,1.0,0.9549359649323077,1.0,0.0450640350676923
refl4,owlv2,492894,20682,1,1,56,80,0.7,0.5872406769186242,0.7974260708533272,0.21018539393470292
refl4,owlv2,1002099052,4515,1,0,31,80,0.3875,0.28056513312478215,0.5030244574981009,0.22245932437331872
refl4,owlv2,72454,33765,1,0,54,80,0.675,0.5610629543955516,0.7755404148225468,0.21447746042699511
refl4,owlv2,426016,41984,1,0,35,80,0.4375,0.3267639534337789,0.5530024286118197,0.2262384751780408
refl4,owlv2,1000129723,7465,1,0,70,80,0.875,0.7821108659305637,0.9383979034415657,0.15628703751100204
refl4,owlv2,319685,25337,1,1,67,80,0.8375,0.7381631061748871,0.9105383582774708,0.17237525210258364
refl4,owlv2,1001887155,3951,1,0,59,80,0.7375,0.6271491697875681,0.8295907488995917,0.20244157911202365
refl4,owlv2,152003,30029,1,0,79,80,0.9875,0.9323122155360776,0.9996835774723672,0.06737136193628968
refl4,owlv2,100586,19858,1,0,36,80,0.45,0.33848638448981544,0.565326020905847,0.2268396364160316
refl4,owlv2,257867,32459,1,0,41,80,0.5125,0.39810466870318556,0.625942518555561,0.22783784985237548
refl4,owlv2,1001658748,16617,1,1,29,80,0.3625,0.2578948953716181,0.47761272126480847,0.2197178258931904
refl4,owlv2,468276,44540,1,1,17,80,0.2125,0.1289364950975817,0.3182858085596558,0.18934931346207412
refl4,owlv2,170327,28021,1,0,73,80,0.9125,0.8279916615801152,0.9640936410104413,0.1361019794303261
refl4,owlv2,1000917028,11917,1,0,79,80,0.9875,0.9323122155360776,0.9996835774723672,0.06737136193628968
refl4,owlv2,1001348625,9035,1,0,41,80,0.5125,0.39810466870318556,0.625942518555561,0.22783784985237548
refl4,owlv2,1001279915,11120,1,0,32,80,0.4,0.2920093562553105,0.5156230595045106,0.2236137032492001
refl4,owlv2,304408,19910,1,0,65,80,0.8125,0.7096721043523089,0.8910863118524706,0.18141420750016168
refl4,owlv2,1001455188,1348,1,0,64,80,0.8,0.6956311329945355,0.8811409135950147,0.18550978060047918
refl4,owlv2,478092,40737,1,1,75,80,0.9375,0.860142924702361,0.9793969276979898,0.11925400299562883
refl4,owlv2,1002202922,2375,1,1,80,80,1.0,0.9549359649323077,1.0,0.0450640350676923
refl4,owlv2,1002149912,7145,1,0,74,80,0.925,0.8438720682639279,0.9719794538231588,0.12810738555923085
refl4,owlv2,12790,42115,1,1,42,80,0.525,0.4102278413767706,0.6378664183228473,0.2276385769460767
refl4,owlv2,551197,37574,1,0,41,80,0.5125,0.39810466870318556,0.625942518555561,0.22783784985237548
refl4,owlv2,1001837138,6755,1,0,75,80,0.9375,0.860142924702361,0.9793969276979898,0.11925400299562883
refl4,owlv2,302103,27740,1,0,65,80,0.8125,0.7096721043523089,0.8910863118524706,0.18141420750016168
refl4,owlv2,224692,31081,1,0,23,80,0.2875,0.19176047197196505,0.3995451133120206,0.20778464134005553
refl4,owlv2,315229,26865,1,0,40,80,0.5,0.3860478833649093,0.6139521166350907,0.22790423327018144
refl4,owlv2,1001774307,15546,1,0,79,80,0.9875,0.9323122155360776,0.9996835774723672,0.06737136193628968
refl4,owlv2,94459,22264,1,1,38,80,0.475,0.3621335816771527,0.5897721586232294,0.2276385769460767
refl4,owlv2,1000026498,11037,1,0,71,80,0.8875,0.7971534080830098,0.9472484868543125,0.15009507877130268
refl4,owlv2,212641,17806,1,0,60,80,0.75,0.64063652409315,0.8401203554931442,0.19948383139999426
refl4,owlv2,541949,27542,1,1,73,80,0.9125,0.8279916615801152,0.9640936410104413,0.1361019794303261
refl4,owlv2,1000405963,12351,1,0,79,80,0.9875,0.9323122155360776,0.9996835774723672,0.06737136193628968
refl4,owlv2,316557,30417,1,0,51,80,0.6375,0.5223872787351916,0.7421051046283819,0.21971782589319022
refl4,owlv2,1001467483,15550,1,0,66,80,0.825,0.7238459604789864,0.9008894901605713,0.17704352968158488
refl4,owlv2,1001814699,15092,1,0,80,80,1.0,0.9549359649323077,1.0,0.0450640350676923
refl4,owlv2,1001296151,548,1,1,71,80,0.8875,0.7971534080830098,0.9472484868543125,0.15009507877130268
refl4,owlv2,1001486302,11613,1,0,36,80,0.45,0.33848638448981544,0.565326020905847,0.2268396364160316
refl4,owlv2,1002036254,10209,1,0,80,80,1.0,0.9549359649323077,1.0,0.0450640350676923
refl4,owlv2,1000051611,11710,1,1,80,80,1.0,0.9549359649323077,1.0,0.0450640350676923
refl4,owlv2,243336,31152,1,0,53,80,0.6625,0.5480943856258318,0.7644738620163491,0.21637947639051736
refl4,owlv2,494174,32359,1,0,64,80,0.8,0.6956311329945355,0.8811409135950147,0.18550978060047918
refl4,owlv2,1001493781,1848,1,0,80,80,1.0,0.9549359649323077,1.0,0.0450640350676923
refl4,owlv2,18292,36673,1,0,78,80,0.975,0.9125928440694077,0.9969579138351904,0.08436506976578273
refl4,owlv2,453553,42949,1,0,79,80,0.9875,0.9323122155360776,0.9996835774723672,0.06737136193628968
refl4,owlv2,1966,18124,1,0,80,80,1.0,0.9549359649323077,1.0,0.0450640350676923
refl4,owlv2,1001265717,4021,1,0,80,80,1.0,0.9549359649323077,1.0,0.0450640350676923
refl4,owlv2,1001534661,6264,1,0,80,80,1.0,0.9549359649323077,1.0,0.0450640350676923
refl4,owlv2,503541,42566,1,1,80,80,1.0,0.9549359649323077,1.0,0.0450640350676923
refl4,owlv2,378791,38419,1,1,79,80,0.9875,0.9323122155360776,0.9996835774723672,0.06737136193628968
refl4,owlv2,355621,38233,1,0,80,80,1.0,0.9549359649323077,1.0,0.0450640350676923
refl4,owlv2,576376,18778,1,0,61,80,0.7625,0.6542230288597322,0.8505462481433591,0.19632321928362695
refl4,owlv2,530097,41270,1,0,80,80,1.0,0.9549359649323077,1.0,0.0450640350676923
refl4,owlv2,1001395204,2031,1,0,80,80,1.0,0.9549359649323077,1.0,0.0450640350676923
refl4,owlv2,1001635171,5182,1,0,25,80,0.3125,0.21347463110876716,0.4258890738564495,0.2124144427476823
refl4,owlv2,484563,35939,1,0,80,80,1.0,0.9549359649323077,1.0,0.0450640350676923
refl4,owlv2,423114,20132,1,1,62,80,0.775,0.6679136799387491,0.8608627895010682,0.19294910956231914
refl4,owlv2,306420,23410,1,1,78,80,0.975,0.9125928440694077,0.9969579138351904,0.08436506976578273
refl4,owlv2,1001296731,4828,1,0,73,80,0.9125,0.8279916615801152,0.9640936410104413,0.1361019794303261
refl4,owlv2,1001726742,12000,1,1,17,80,0.2125,0.1289364950975817,0.3182858085596558,0.18934931346207412
refl4,owlv2,415570,35636,1,1,59,80,0.7375,0.6271491697875681,0.8295907488995917,0.20244157911202365
refl4,owlv2,287718,29126,1,0,11,80,0.1375,0.07068783270387868,0.2327208708247256,0.1620330381208469
refl4,owlv2,557746,38000,1,1,69,80,0.8625,0.7672791291752744,0.9293121672961213,0.1620330381208469
refl4,owlv2,1001048513,8955,1,0,72,80,0.9,0.8124348925365683,0.955829059846371,0.1433941673098027
refl4,owlv2,1001545785,3817,1,0,39,80,0.4875,0.37405748144443896,0.6018953312968145,0.22783784985237554
refl4,owlv2,298110,29708,1,1,68,80,0.85,0.7526358884071023,0.9200184386902862,0.16738255028318394
refl4,owlv2,197651,41396,1,0,61,80,0.7625,0.6542230288597322,0.8505462481433591,0.19632321928362695
refl4,owlv2,109895,18090,1,0,58,80,0.725,0.6137565791555909,0.8189623614429612,0.2052057822873703
refl4,owlv2,277507,21274,1,1,61,80,0.7625,0.6542230288597322,0.8505462481433591,0.19632321928362695
refl4,owlv2,1001762071,16814,1,1,55,80,0.6875,0.5741109261435505,0.7865253688912328,0.21241444274768229
refl4,owlv2,224734,19154,1,1,76,80,0.95,0.876901263556847,0.9862106060235382,0.1093093424666911
refl4,owlv2,19967,32800,1,0,34,80,0.425,0.31510976545234215,0.5406111885690619,0.22550142311671972
refl4,owlv2,163840,37525,1,0,66,80,0.825,0.7238459604789864,0.9008894901605713,0.17704352968158488
refl4,owlv2,1000079392,14418,1,0,65,80,0.8125,0.7096721043523089,0.8910863118524706,0.18141420750016168
refl4,owlv2,1001670894,1075,1,1,48,80,0.6,0.4843769404954894,0.7079906437446896,0.22361370324920016
refl4,owlv2,397687,19443,1,0,67,80,0.8375,0.7381631061748871,0.9105383582774708,0.17237525210258364
refl4,owlv2,1001765035,7487,1,1,55,80,0.6875,0.5741109261435505,0.7865253688912328,0.21241444274768229
refl4,owlv2,578519,35391,1,1,11,80,0.1375,0.07068783270387868,0.2327208708247256,0.1620330381208469
refl4,owlv2,74217,27462,1,1,43,80,0.5375,0.4224175280048351,0.6497235734616016,0.22730604545676647
refl4,owlv2,453704,44055,1,0,73,80,0.9125,0.8279916615801152,0.9640936410104413,0.1361019794303261
refl4,owlv2,176342,42201,1,0,75,80,0.9375,0.860142924702361,0.9793969276979898,0.11925400299562883
refl4,owlv2,2567,42506,1,0,33,80,0.4125,0.30352459293759415,0.5281516595747955,0.22462706663720133
refl4,owlv2,301218,37617,1,0,62,80,0.775,0.6679136799387491,0.8608627895010682,0.19294910956231914
refl4,owlv2,1001216034,412,1,1,31,80,0.3875,0.28056513312478215,0.5030244574981009,0.22245932437331872
refl4,owlv2,1000247396,4294,1,1,78,80,0.975,0.9125928440694077,0.9969579138351904,0.08436506976578273
refl4,owlv2,1001846415,15232,1,0,77,80,0.9625,0.8942980149834914,0.9921988127342833,0.09790079775079197
refl4,owlv2,513221,44649,1,0,18,80,0.225,0.13913721049893182,0.33208632006125094,0.19294910956231912
refl4,owlv2,108123,24484,1,0,80,80,1.0,0.9549359649323077,1.0,0.0450640350676923
refl4,owlv2,1000976501,6048,1,1,62,80,0.775,0.6679136799387491,0.8608627895010682,0.19294910956231914
refl4,owlv2,424161,23879,1,0,79,80,0.9875,0.9323122155360776,0.9996835774723672,0.06737136193628968
refl4,owlv2,1000947390,2234,1,1,62,80,0.775,0.6679136799387491,0.8608627895010682,0.19294910956231914
refl4,owlv2,277267,24100,1,0,80,80,1.0,0.9549359649323077,1.0,0.0450640350676923
refl4,owlv2,1000422996,11058,1,1,80,80,1.0,0.9549359649323077,1.0,0.0450640350676923
refl4,owlv2,335107,35961,1,0,77,80,0.9625,0.8942980149834914,0.9921988127342833,0.09790079775079197
refl4,owlv2,1001502031,2698,1,0,41,80,0.5125,0.39810466870318556,0.625942518555561,0.22783784985237548
refl4,owlv2,474545,42799,1,0,37,80,0.4625,0.3502764265383982,0.5775824719951649,0.2273060454567667
refl4,owlv2,1000064768,9022,1,0,22,80,0.275,0.18103763855703875,0.38624342084440927,0.20520578228737052
refl4,owlv2,342459,30214,1,0,20,80,0.25,0.1598796445068557,0.35936347590685,0.19948383139999432
refl4,owlv2,41730,17925,1,0,80,80,1.0,0.9549359649323077,1.0,0.0450640350676923
refl4,owlv2,113844,26988,1,0,78,80,0.975,0.9125928440694077,0.9969579138351904,0.08436506976578273
refl4,owlv2,1000308544,8503,1,0,13,80,0.1625,0.08946164172252925,0.2618368938251128,0.1723752521025836
refl4,owlv2,45226,38513,1,1,71,80,0.8875,0.7971534080830098,0.9472484868543125,0.15009507877130268
refl4,owlv2,114060,36101,1,0,54,80,0.675,0.5610629543955516,0.7755404148225468,0.21447746042699511
refl4,owlv2,36445,26694,1,0,80,80,1.0,0.9549359649323077,1.0,0.0450640350676923
refl4,owlv2,507215,37773,1,0,18,80,0.225,0.13913721049893182,0.33208632006125094,0.19294910956231912
refl4,owlv2,1000060592,5396,1,1,54,80,0.675,0.5610629543955516,0.7755404148225468,0.21447746042699511
refl4,owlv2,193333,27215,1,0,78,80,0.975,0.9125928440694077,0.9969579138351904,0.08436506976578273
refl4,owlv2,541212,35746,1,0,38,80,0.475,0.3621335816771527,0.5897721586232294,0.2276385769460767
refl4,owlv2,577558,31116,1,0,42,80,0.525,0.4102278413767706,0.6378664183228473,0.2276385769460767
refl4,owlv2,1001729846,5451,1,0,57,80,0.7125,0.6004548866879794,0.8082395280280349,0.20778464134005548
refl4,owlv2,268881,23095,1,0,68,80,0.85,0.7526358884071023,0.9200184386902862,0.16738255028318394
refl4,owlv2,1000423805,5077,1,1,67,80,0.8375,0.7381631061748871,0.9105383582774708,0.17237525210258364
refl4,owlv2,1000006177,7866,1,1,75,80,0.9375,0.860142924702361,0.9793969276979898,0.11925400299562883
refl4,owlv2,1000005463,11373,1,0,20,80,0.25,0.1598796445068557,0.35936347590685,0.19948383139999432
refl4,owlv2,1001131231,6348,1,0,80,80,1.0,0.9549359649323077,1.0,0.0450640350676923
refl4,owlv2,1001697117,6104,1,1,78,80,0.975,0.9125928440694077,0.9969579138351904,0.08436506976578273
refl4,owlv2,1001297429,6881,1,1,15,80,0.1875,0.10891368814752944,0.2903278956476912,0.18141420750016174
refl4,owlv2,1001537860,10374,1,1,78,80,0.975,0.9125928440694077,0.9969579138351904,0.08436506976578273
refl4,owlv2,1001192773,11890,1,0,65,80,0.8125,0.7096721043523089,0.8910863118524706,0.18141420750016168
refl4,owlv2,358788,34941,1,0,73,80,0.9125,0.8279916615801152,0.9640936410104413,0.1361019794303261
refl4,owlv2,1001046485,15851,1,0,58,80,0.725,0.6137565791555909,0.8189623614429612,0.2052057822873703
refl4,owlv2,1000330444,13582,1,0,62,80,0.775,0.6679136799387491,0.8608627895010682,0.19294910956231914
refl4,owlv2,431112,25666,1,1,79,80,0.9875,0.9323122155360776,0.9996835774723672,0.06737136193628968
refl4,owlv2,99724,24067,1,1,54,80,0.675,0.5610629543955516,0.7755404148225468,0.21447746042699511
refl4,owlv2,1001106358,96,1,0,71,80,0.8875,0.7971534080830098,0.9472484868543125,0.15009507877130268
refl4,owlv2,1000040493,2846,1,1,74,80,0.925,0.8438720682639279,0.9719794538231588,0.12810738555923085
refl4,owlv2,523617,39181,1,1,46,80,0.575,0.45938881143093807,0.6848902345476577,0.22550142311671967
refl4,owlv2,290354,22919,1,1,61,80,0.7625,0.6542230288597322,0.8505462481433591,0.19632321928362695
refl4,owlv2,71558,38161,1,0,80,80,1.0,0.9549359649323077,1.0,0.0450640350676923
refl4,owlv2,1000932700,8185,1,0,60,80,0.75,0.64063652409315,0.8401203554931442,0.19948383139999426
refl4,owlv2,275775,21750,1,0,76,80,0.95,0.876901263556847,0.9862106060235382,0.1093093424666911
refl4,owlv2,491936,21458,1,0,72,80,0.9,0.8124348925365683,0.955829059846371,0.1433941673098027
refl4,owlv2,1001702459,7193,1,0,66,80,0.825,0.7238459604789864,0.9008894901605713,0.17704352968158488
refl4,owlv2,556360,28091,1,1,77,80,0.9625,0.8942980149834914,0.9921988127342833,0.09790079775079197
refl4,owlv2,1001788195,4508,1,0,37,80,0.4625,0.3502764265383982,0.5775824719951649,0.2273060454567667
refl4,owlv2,319644,17311,1,0,76,80,0.95,0.876901263556847,0.9862106060235382,0.1093093424666911
refl4,owlv2,469427,34479,1,1,64,80,0.8,0.6956311329945355,0.8811409135950147,0.18550978060047918
refl4,owlv2,253229,29692,1,1,67,80,0.8375,0.7381631061748871,0.9105383582774708,0.17237525210258364
refl4,owlv2,556162,31513,1,0,79,80,0.9875,0.9323122155360776,0.9996835774723672,0.06737136193628968
refl4,owlv2,427628,19507,1,0,80,80,1.0,0.9549359649323077,1.0,0.0450640350676923
refl4,owlv2,1001029619,11094,1,1,73,80,0.9125,0.8279916615801152,0.9640936410104413,0.1361019794303261
refl4,owlv2,412220,22436,1,1,68,80,0.85,0.7526358884071023,0.9200184386902862,0.16738255028318394
refl4,owlv2,421105,24336,1,0,43,80,0.5375,0.4224175280048351,0.6497235734616016,0.22730604545676647
refl4,owlv2,1001724786,4560,1,0,80,80,1.0,0.9549359649323077,1.0,0.0450640350676923
refl4,owlv2,440310,30476,1,1,35,80,0.4375,0.3267639534337789,0.5530024286118197,0.2262384751780408
refl4,owlv2,300197,20348,1,0,32,80,0.4,0.2920093562553105,0.5156230595045106,0.2236137032492001
refl4,owlv2,178874,17273,1,0,80,80,1.0,0.9549359649323077,1.0,0.0450640350676923
refl4,owlv2,283673,23456,1,0,80,80,1.0,0.9549359649323077,1.0,0.0450640350676923
refl4,owlv2,572998,26799,1,1,73,80,0.9125,0.8279916615801152,0.9640936410104413,0.1361019794303261
refl4,owlv2,1001365618,8708,1,0,79,80,0.9875,0.9323122155360776,0.9996835774723672,0.06737136193628968
refl4,owlv2,575049,27775,1,0,76,80,0.95,0.876901263556847,0.9862106060235382,0.1093093424666911
refl4,owlv2,1001236798,13744,1,0,48,80,0.6,0.4843769404954894,0.7079906437446896,0.22361370324920016
refl4,owlv2,1000077635,5852,1,0,36,80,0.45,0.33848638448981544,0.565326020905847,0.2268396364160316
refl4,owlv2,1001701402,3704,1,0,63,80,0.7875,0.6817141914403442,0.8710635049024182,0.18934931346207406
refl4,owlv2,531834,21248,1,0,73,80,0.9125,0.8279916615801152,0.9640936410104413,0.1361019794303261
refl4,owlv2,363624,21935,1,0,71,80,0.8875,0.7971534080830098,0.9472484868543125,0.15009507877130268
refl4,owlv2,106557,38817,1,0,80,80,1.0,0.9549359649323077,1.0,0.0450640350676923
refl4,owlv2,55092,29170,1,1,24,80,0.3,0.20257392914667274,0.412759323081376,0.21018539393470323
refl4,owlv2,1000514085,16086,1,1,76,80,0.95,0.876901263556847,0.9862106060235382,0.1093093424666911
refl4,owlv2,1001854247,10691,1,1,57,80,0.7125,0.6004548866879794,0.8082395280280349,0.20778464134005548
refl4,owlv2,317391,38768,1,0,80,80,1.0,0.9549359649323077,1.0,0.0450640350676923
refl4,owlv2,227490,25937,1,0,25,80,0.3125,0.21347463110876716,0.4258890738564495,0.2124144427476823
refl4,owlv2,203994,24492,1,1,80,80,1.0,0.9549359649323077,1.0,0.0450640350676923
refl4,owlv2,193663,36160,1,1,77,80,0.9625,0.8942980149834914,0.9921988127342833,0.09790079775079197
refl4,owlv2,241527,21598,1,0,79,80,0.9875,0.9323122155360776,0.9996835774723672,0.06737136193628968
refl4,owlv2,1000463231,13381,1,0,65,80,0.8125,0.7096721043523089,0.8910863118524706,0.18141420750016168
refl4,owlv2,1002252432,2315,1,0,80,80,1.0,0.9549359649323077,1.0,0.0450640350676923
refl4,owlv2,172957,34992,1,1,64,80,0.8,0.6956311329945355,0.8811409135950147,0.18550978060047918
refl4,owlv2,1000471573,10364,1,0,52,80,0.65,0.5352031145206643,0.7533280635274648,0.21812494900680057
refl4,owlv2,1001085754,665,1,0,42,80,0.525,0.4102278413767706,0.6378664183228473,0.2276385769460767
refl4,owlv2,1000950860,4465,1,0,15,80,0.1875,0.10891368814752944,0.2903278956476912,0.18141420750016174
refl4,owlv2,1001153620,90,1,1,52,80,0.65,0.5352031145206643,0.7533280635274648,0.21812494900680057
refl4,owlv2,331463,23886,1,0,52,80,0.65,0.5352031145206643,0.7533280635274648,0.21812494900680057
refl4,owlv2,337704,25740,1,0,28,80,0.35,0.24667193647253513,0.4647968854793358,0.21812494900680066
refl4,owlv2,161719,31748,1,1,64,80,0.8,0.6956311329945355,0.8811409135950147,0.18550978060047918
refl4,owlv2,490712,43158,1,0,12,80,0.15,0.07998156130971382,0.24736411159289767,0.16738255028318386
refl4,owlv2,105859,42562,1,0,80,80,1.0,0.9549359649323077,1.0,0.0450640350676923
refl4,owlv2,1002259742,3262,1,0,50,80,0.625,0.5096452355928875,0.7308068300531951,0.2211615944603076
refl4,owlv2,1000040299,834,1,1,73,80,0.9125,0.8279916615801152,0.9640936410104413,0.1361019794303261
refl4,owlv2,514559,32760,1,0,76,80,0.95,0.876901263556847,0.9862106060235382,0.1093093424666911
refl4,owlv2,266515,35730,1,1,33,80,0.4125,0.30352459293759415,0.5281516595747955,0.22462706663720133
refl4,owlv2,182571,18832,1,1,66,80,0.825,0.7238459604789864,0.9008894901605713,0.17704352968158488
refl4,owlv2,473403,30215,1,0,41,80,0.5125,0.39810466870318556,0.625942518555561,0.22783784985237548
refl4,owlv2,1001730332,11806,1,0,31,80,0.3875,0.28056513312478215,0.5030244574981009,0.22245932437331872
refl4,owlv2,225213,20736,1,1,76,80,0.95,0.876901263556847,0.9862106060235382,0.1093093424666911
refl4,owlv2,1001657623,15579,1,0,28,80,0.35,0.24667193647253513,0.4647968854793358,0.21812494900680066
refl4,owlv2,448115,23385,1,1,74,80,0.925,0.8438720682639279,0.9719794538231588,0.12810738555923085
refl4,owlv2,1001311976,10633,1,0,80,80,1.0,0.9549359649323077,1.0,0.0450640350676923
refl4,owlv2,54541,22539,1,0,74,80,0.925,0.8438720682639279,0.9719794538231588,0.12810738555923085
refl4,owlv2,1002027229,11493,1,1,73,80,0.9125,0.8279916615801152,0.9640936410104413,0.1361019794303261
refl4,owlv2,543233,25341,1,0,80,80,1.0,0.9549359649323077,1.0,0.0450640350676923
refl4,owlv2,338978,41916,1,1,80,80,1.0,0.9549359649323077,1.0,0.0450640350676923
refl4,owlv2,527345,22960,1,0,78,80,0.975,0.9125928440694077,0.9969579138351904,0.08436506976578273
refl4,owlv2,157344,34825,1,1,40,80,0.5,0.3860478833649093,0.6139521166350907,0.22790423327018144
refl4,owlv2,1001874431,13218,1,1,80,80,1.0,0.9549359649323077,1.0,0.0450640350676923
refl4,owlv2,162102,41211,1,0,79,80,0.9875,0.9323122155360776,0.9996835774723672,0.06737136193628968
refl4,owlv2,51706,41819,1,0,63,80,0.7875,0.6817141914403442,0.8710635049024182,0.18934931346207406
refl4,owlv2,28824,45312,1,0,38,80,0.475,0.3621335816771527,0.5897721586232294,0.2276385769460767
refl4,owlv2,1001818097,15094,1,1,79,80,0.9875,0.9323122155360776,0.9996835774723672,0.06737136193628968
refl4,owlv2,1001573163,13811,1,0,80,80,1.0,0.9549359649323077,1.0,0.0450640350676923
refl4,owlv2,1000085897,13317,1,1,76,80,0.95,0.876901263556847,0.9862106060235382,0.1093093424666911
refl4,owlv2,379564,38031,1,1,54,80,0.675,0.5610629543955516,0.7755404148225468,0.21447746042699511
refl4,owlv2,1000956015,11356,1,1,71,80,0.8875,0.7971534080830098,0.9472484868543125,0.15009507877130268
refl4,owlv2,188911,23373,1,0,75,80,0.9375,0.860142924702361,0.9793969276979898,0.11925400299562883
refl4,owlv2,205223,45283,1,0,65,80,0.8125,0.7096721043523089,0.8910863118524706,0.18141420750016168
refl4,owlv2,221053,27575,1,0,77,80,0.9625,0.8942980149834914,0.9921988127342833,0.09790079775079197
refl4,owlv2,427060,32741,1,0,51,80,0.6375,0.5223872787351916,0.7421051046283819,0.21971782589319022
refl4,owlv2,150044,32761,1,0,80,80,1.0,0.9549359649323077,1.0,0.0450640350676923
refl4,owlv2,55226,23510,1,1,80,80,1.0,0.9549359649323077,1.0,0.0450640350676923
refl4,owlv2,1000450542,4798,1,1,58,80,0.725,0.6137565791555909,0.8189623614429612,0.2052057822873703
refl4,owlv2,196170,18341,1,0,37,80,0.4625,0.3502764265383982,0.5775824719951649,0.2273060454567667
refl4,owlv2,282835,40334,1,0,23,80,0.2875,0.19176047197196505,0.3995451133120206,0.20778464134005553
refl4,owlv2,87792,25972,1,0,80,80,1.0,0.9549359649323077,1.0,0.0450640350676923
refl4,owlv2,445540,45239,1,1,74,80,0.925,0.8438720682639279,0.9719794538231588,0.12810738555923085
refl4,owlv2,1000073093,2803,1,1,56,80,0.7,0.5872406769186242,0.7974260708533272,0.21018539393470292
refl4,owlv2,574248,34188,1,0,75,80,0.9375,0.860142924702361,0.9793969276979898,0.11925400299562883
refl4,owlv2,242145,37742,1,1,78,80,0.975,0.9125928440694077,0.9969579138351904,0.08436506976578273
refl4,owlv2,1002015350,6866,1,1,78,80,0.975,0.9125928440694077,0.9969579138351904,0.08436506976578273
refl4,owlv2,139568,22527,1,1,75,80,0.9375,0.860142924702361,0.9793969276979898,0.11925400299562883
refl4,owlv2,138507,32265,1,0,26,80,0.325,0.22445958517745324,0.4389370456044483,0.21447746042699506
refl4,owlv2,329141,33244,1,0,80,80,1.0,0.9549359649323077,1.0,0.0450640350676923
refl4,owlv2,91917,41465,1,0,30,80,0.375,0.2691931699468049,0.4903547644071125,0.2211615944603076
refl4,owlv2,147760,33346,1,0,78,80,0.975,0.9125928440694077,0.9969579138351904,0.08436506976578273
refl4,owlv2,28069,33820,1,1,76,80,0.95,0.876901263556847,0.9862106060235382,0.1093093424666911
refl4,owlv2,1000056102,13027,1,0,75,80,0.9375,0.860142924702361,0.9793969276979898,0.11925400299562883
refl4,owlv2,438462,42942,1,1,70,80,0.875,0.7821108659305637,0.9383979034415657,0.15628703751100204
refl4,owlv2,1001114865,2599,1,0,48,80,0.6,0.4843769404954894,0.7079906437446896,0.22361370324920016
refl4,owlv2,206062,30592,1,0,53,80,0.6625,0.5480943856258318,0.7644738620163491,0.21637947639051736
refl4,owlv2,1002271222,13766,1,0,73,80,0.9125,0.8279916615801152,0.9640936410104413,0.1361019794303261
refl4,owlv2,1001395117,10810,1,0,75,80,0.9375,0.860142924702361,0.9793969276979898,0.11925400299562883
refl4,owlv2,1001838088,235,1,1,73,80,0.9125,0.8279916615801152,0.9640936410104413,0.1361019794303261
refl4,owlv2,1001514921,7957,1,1,71,80,0.8875,0.7971534080830098,0.9472484868543125,0.15009507877130268
refl4,owlv2,498297,44648,1,0,33,80,0.4125,0.30352459293759415,0.5281516595747955,0.22462706663720133
refl4,owlv2,191667,34786,1,0,77,80,0.9625,0.8942980149834914,0.9921988127342833,0.09790079775079197
refl4,owlv2,152479,18222,1,0,60,80,0.75,0.64063652409315,0.8401203554931442,0.19948383139999426
refl4,owlv2,334080,22807,1,0,44,80,0.55,0.43467397909415284,0.6615136155101845,0.22683963641603166
refl4,owlv2,559271,39584,1,1,71,80,0.8875,0.7971534080830098,0.9472484868543125,0.15009507877130268
refl4,owlv2,1001163044,4090,1,1,60,80,0.75,0.64063652409315,0.8401203554931442,0.19948383139999426
refl4,owlv2,1001735086,9396,1,0,50,80,0.625,0.5096452355928875,0.7308068300531951,0.2211615944603076
refl4,owlv2,1000982903,16556,1,0,24,80,0.3,0.20257392914667274,0.412759323081376,0.21018539393470323
refl4,owlv2,432138,43546,1,0,73,80,0.9125,0.8279916615801152,0.9640936410104413,0.1361019794303261
refl4,owlv2,444037,20611,1,0,75,80,0.9375,0.860142924702361,0.9793969276979898,0.11925400299562883
refl4,owlv2,323960,20901,1,0,59,80,0.7375,0.6271491697875681,0.8295907488995917,0.20244157911202365
refl4,owlv2,33527,29590,1,1,7,80,0.0875,0.035906358989558754,0.17200833841988486,0.1361019794303261
refl4,owlv2,442878,26338,1,0,63,80,0.7875,0.6817141914403442,0.8710635049024182,0.18934931346207406
refl4,owlv2,1001240419,5008,1,0,79,80,0.9875,0.9323122155360776,0.9996835774723672,0.06737136193628968
refl4,owlv2,1000114169,3724,1,1,70,80,0.875,0.7821108659305637,0.9383979034415657,0.15628703751100204
refl4,owlv2,1000373603,3785,1,0,65,80,0.8125,0.7096721043523089,0.8910863118524706,0.18141420750016168
refl4,owlv2,1001673763,14846,1,1,59,80,0.7375,0.6271491697875681,0.8295907488995917,0.20244157911202365
refl4,owlv2,101882,43112,1,1,21,80,0.2625,0.1704092511004083,0.3728508302124319,0.20244157911202362
refl4,owlv2,1001398921,14103,1,1,79,80,0.9875,0.9323122155360776,0.9996835774723672,0.06737136193628968
refl4,owlv2,104692,18318,1,0,80,80,1.0,0.9549359649323077,1.0,0.0450640350676923
refl4,owlv2,1001189506,13284,1,1,70,80,0.875,0.7821108659305637,0.9383979034415657,0.15628703751100204
refl4,owlv2,1001842161,11216,1,1,80,80,1.0,0.9549359649323077,1.0,0.0450640350676923
refl4,owlv2,1001031213,6903,1,1,59,80,0.7375,0.6271491697875681,0.8295907488995917,0.20244157911202365
refl4,owlv2,454144,29833,1,1,80,80,1.0,0.9549359649323077,1.0,0.0450640350676923
refl4,owlv2,415499,40122,1,1,80,80,1.0,0.9549359649323077,1.0,0.0450640350676923
refl4,owlv2,390749,22915,1,0,73,80,0.9125,0.8279916615801152,0.9640936410104413,0.1361019794303261
refl4,owlv2,290185,42719,1,0,69,80,0.8625,0.7672791291752744,0.9293121672961213,0.1620330381208469
refl4,owlv2,484307,40397,1,1,27,80,0.3375,0.23552613798365082,0.4519056143741682,0.21637947639051738
refl4,owlv2,1001055730,6902,1,1,80,80,1.0,0.9549359649323077,1.0,0.0450640350676923
refl4,owlv2,274986,33667,1,1,71,80,0.8875,0.7971534080830098,0.9472484868543125,0.15009507877130268
refl4,owlv2,388935,43149,1,1,48,80,0.6,0.4843769404954894,0.7079906437446896,0.22361370324920016
refl4,owlv2,153814,40554,1,0,47,80,0.5875,0.47184834042520446,0.6964754070624058,0.2246270666372014
refl4,owlv2,1001478715,215,1,0,80,80,1.0,0.9549359649323077,1.0,0.0450640350676923
refl4,owlv2,125234,44339,1,1,77,80,0.9625,0.8942980149834914,0.9921988127342833,0.09790079775079197
refl4,owlv2,416612,27593,1,0,78,80,0.975,0.9125928440694077,0.9969579138351904,0.08436506976578273
refl4,owlv2,1001612948,9433,1,0,75,80,0.9375,0.860142924702361,0.9793969276979898,0.11925400299562883
refl4,owlv2,221880,41491,1,1,78,80,0.975,0.9125928440694077,0.9969579138351904,0.08436506976578273
refl4,owlv2,296894,31638,1,0,39,80,0.4875,0.37405748144443896,0.6018953312968145,0.22783784985237554
refl4,owlv2,133295,24258,1,0,71,80,0.8875,0.7971534080830098,0.9472484868543125,0.15009507877130268
refl4,owlv2,384888,22775,1,1,65,80,0.8125,0.7096721043523089,0.8910863118524706,0.18141420750016168
refl4,owlv2,392657,26628,1,0,56,80,0.7,0.5872406769186242,0.7974260708533272,0.21018539393470292
refl4,owlv2,112577,30679,1,1,60,80,0.75,0.64063652409315,0.8401203554931442,0.19948383139999426
refl4,owlv2,493626,23760,1,0,52,80,0.65,0.5352031145206643,0.7533280635274648,0.21812494900680057
refl4,owlv2,1001085899,128,1,0,71,80,0.8875,0.7971534080830098,0.9472484868543125,0.15009507877130268
refl4,yoloworld,469832,34046,1,0,30,80,0.375,0.2691931699468049,0.4903547644071125,0.2211615944603076
refl4,yoloworld,1001505146,9810,0,0,0,0,0.0,0.0,0.0,0.0
refl4,yoloworld,1000922276,8310,0,0,0,0,0.0,0.0,0.0,0.0
refl4,yoloworld,1000097573,16368,1,0,61,80,0.7625,0.6542230288597322,0.8505462481433591,0.19632321928362695
refl4,yoloworld,492268,30816,0,0,0,0,0.0,0.0,0.0,0.0
refl4,yoloworld,1001663004,15065,1,0,80,80,1.0,0.9549359649323077,1.0,0.0450640350676923
refl4,yoloworld,1000018511,1221,0,0,0,0,0.0,0.0,0.0,0.0
refl4,yoloworld,1000039666,15325,1,0,50,80,0.625,0.5096452355928875,0.7308068300531951,0.2211615944603076
refl4,yoloworld,404899,40291,1,0,54,80,0.675,0.5610629543955516,0.7755404148225468,0.21447746042699511
refl4,yoloworld,1000457751,13340,1,1,42,80,0.525,0.4102278413767706,0.6378664183228473,0.2276385769460767
refl4,yoloworld,1001397502,11278,0,0,0,0,0.0,0.0,0.0,0.0
refl4,yoloworld,302656,17199,1,1,69,80,0.8625,0.7672791291752744,0.9293121672961213,0.1620330381208469
refl4,yoloworld,52219,43924,1,0,24,80,0.3,0.20257392914667274,0.412759323081376,0.21018539393470323
refl4,yoloworld,77332,41693,1,0,56,80,0.7,0.5872406769186242,0.7974260708533272,0.21018539393470292
refl4,yoloworld,329724,44443,1,1,38,80,0.475,0.3621335816771527,0.5897721586232294,0.2276385769460767
refl4,yoloworld,419599,38337,1,0,28,80,0.35,0.24667193647253513,0.4647968854793358,0.21812494900680066
refl4,yoloworld,366789,17579,1,0,46,80,0.575,0.45938881143093807,0.6848902345476577,0.22550142311671967
refl4,yoloworld,1000371454,12489,1,0,24,80,0.3,0.20257392914667274,0.412759323081376,0.21018539393470323
refl4,yoloworld,446864,34549,1,1,33,80,0.4125,0.30352459293759415,0.5281516595747955,0.22462706663720133
refl4,yoloworld,427852,20423,0,0,0,0,0.0,0.0,0.0,0.0
refl4,yoloworld,335766,40126,1,0,78,80,0.975,0.9125928440694077,0.9969579138351904,0.08436506976578273
refl4,yoloworld,203098,37345,1,0,49,80,0.6125,0.4969755425018991,0.7194348668752178,0.22245932437331872
refl4,yoloworld,59556,26467,1,0,40,80,0.5,0.3860478833649093,0.6139521166350907,0.22790423327018144
refl4,yoloworld,519205,40174,1,1,52,80,0.65,0.5352031145206643,0.7533280635274648,0.21812494900680057
refl4,yoloworld,1000184871,11250,1,1,64,80,0.8,0.6956311329945355,0.8811409135950147,0.18550978060047918
refl4,yoloworld,101891,45018,1,0,26,80,0.325,0.22445958517745324,0.4389370456044483,0.21447746042699506
refl4,yoloworld,28974,45245,1,0,37,80,0.4625,0.3502764265383982,0.5775824719951649,0.2273060454567667
refl4,yoloworld,1001634360,798,1,0,80,80,1.0,0.9549359649323077,1.0,0.0450640350676923
refl4,yoloworld,217276,26000,1,0,62,80,0.775,0.6679136799387491,0.8608627895010682,0.19294910956231914
refl4,yoloworld,1000202751,5142,0,0,0,0,0.0,0.0,0.0,0.0
refl4,yoloworld,1001975733,687,1,0,26,80,0.325,0.22445958517745324,0.4389370456044483,0.21447746042699506
refl4,yoloworld,568788,27477,1,1,48,80,0.6,0.4843769404954894,0.7079906437446896,0.22361370324920016
refl4,yoloworld,410165,40571,1,1,56,80,0.7,0.5872406769186242,0.7974260708533272,0.21018539393470292
refl4,yoloworld,92694,27220,1,0,50,80,0.625,0.5096452355928875,0.7308068300531951,0.2211615944603076
refl4,yoloworld,463338,40185,1,0,66,80,0.825,0.7238459604789864,0.9008894901605713,0.17704352968158488
refl4,yoloworld,1001556337,10706,1,0,64,80,0.8,0.6956311329945355,0.8811409135950147,0.18550978060047918
refl4,yoloworld,1001397974,7908,1,0,41,80,0.5125,0.39810466870318556,0.625942518555561,0.22783784985237548
refl4,yoloworld,306485,37236,1,0,78,80,0.975,0.9125928440694077,0.9969579138351904,0.08436506976578273
refl4,yoloworld,416286,25514,1,0,66,80,0.825,0.7238459604789864,0.9008894901605713,0.17704352968158488
refl4,yoloworld,1000106900,9676,1,1,59,80,0.7375,0.6271491697875681,0.8295907488995917,0.20244157911202365
refl4,yoloworld,322411,25853,1,0,53,80,0.6625,0.5480943856258318,0.7644738620163491,0.21637947639051736
refl4,yoloworld,491400,29394,0,0,0,0,0.0,0.0,0.0,0.0
refl4,yoloworld,121172,31361,1,0,29,80,0.3625,0.2578948953716181,0.47761272126480847,0.2197178258931904
refl4,yoloworld,132997,39906,0,0,0,0,0.0,0.0,0.0,0.0
refl4,yoloworld,1002076601,11973,1,1,80,80,1.0,0.9549359649323077,1.0,0.0450640350676923
refl4,yoloworld,376838,28645,0,0,0,0,0.0,0.0,0.0,0.0
refl4,yoloworld,105358,25914,1,0,80,80,1.0,0.9549359649323077,1.0,0.0450640350676923
refl4,yoloworld,382469,30362,1,0,32,80,0.4,0.2920093562553105,0.5156230595045106,0.2236137032492001
refl4,yoloworld,272235,41024,1,0,78,80,0.975,0.9125928440694077,0.9969579138351904,0.08436506976578273
refl4,yoloworld,1001202845,1363,1,1,80,80,1.0,0.9549359649323077,1.0,0.0450640350676923
refl4,yoloworld,471698,29563,1,0,67,80,0.8375,0.7381631061748871,0.9105383582774708,0.17237525210258364
refl4,yoloworld,410574,27538,0,0,0,0,0.0,0.0,0.0,0.0
refl4,yoloworld,564823,21288,1,0,15,80,0.1875,0.10891368814752944,0.2903278956476912,0.18141420750016174
refl4,yoloworld,176179,45181,1,1,72,80,0.9,0.8124348925365683,0.955829059846371,0.1433941673098027
refl4,yoloworld,36574,29407,1,1,38,80,0.475,0.3621335816771527,0.5897721586232294,0.2276385769460767
refl4,yoloworld,171808,19195,1,0,75,80,0.9375,0.860142924702361,0.9793969276979898,0.11925400299562883
refl4,yoloworld,221169,35202,0,0,0,0,0.0,0.0,0.0,0.0
refl4,yoloworld,560576,31767,0,0,0,0,0.0,0.0,0.0,0.0
refl4,yoloworld,1001203168,3739,1,0,51,80,0.6375,0.5223872787351916,0.7421051046283819,0.21971782589319022
refl4,yoloworld,1000097675,13136,1,1,57,80,0.7125,0.6004548866879794,0.8082395280280349,0.20778464134005548
refl4,yoloworld,1000021272,4751,1,0,72,80,0.9,0.8124348925365683,0.955829059846371,0.1433941673098027
refl4,yoloworld,139173,23892,1,0,77,80,0.9625,0.8942980149834914,0.9921988127342833,0.09790079775079197
refl4,yoloworld,13372,20092,1,1,27,80,0.3375,0.23552613798365082,0.4519056143741682,0.21637947639051738
refl4,yoloworld,1001100698,6458,1,0,54,80,0.675,0.5610629543955516,0.7755404148225468,0.21447746042699511
refl4,yoloworld,1000394961,12747,1,0,59,80,0.7375,0.6271491697875681,0.8295907488995917,0.20244157911202365
refl4,yoloworld,533827,35547,1,1,80,80,1.0,0.9549359649323077,1.0,0.0450640350676923
refl4,yoloworld,95124,32504,0,0,0,0,0.0,0.0,0.0,0.0
refl4,yoloworld,1001879179,12007,1,0,80,80,1.0,0.9549359649323077,1.0,0.0450640350676923
refl4,yoloworld,235582,44431,1,0,31,80,0.3875,0.28056513312478215,0.5030244574981009,0.22245932437331872
refl4,yoloworld,1001522115,13295,1,0,68,80,0.85,0.7526358884071023,0.9200184386902862,0.16738255028318394
refl4,yoloworld,38266,21143,1,0,33,80,0.4125,0.30352459293759415,0.5281516595747955,0.22462706663720133
refl4,yoloworld,337621,30076,0,0,0,0,0.0,0.0,0.0,0.0
refl4,yoloworld,1001089763,5228,0,0,0,0,0.0,0.0,0.0,0.0
refl4,yoloworld,345781,36811,1,0,66,80,0.825,0.7238459604789864,0.9008894901605713,0.17704352968158488
refl4,yoloworld,1002238302,6830,1,1,80,80,1.0,0.9549359649323077,1.0,0.0450640350676923
refl4,yoloworld,170483,37985,1,1,38,80,0.475,0.3621335816771527,0.5897721586232294,0.2276385769460767
refl4,yoloworld,10881,41015,1,1,79,80,0.9875,0.9323122155360776,0.9996835774723672,0.06737136193628968
refl4,yoloworld,1001922447,15955,1,0,40,80,0.5,0.3860478833649093,0.6139521166350907,0.22790423327018144
refl4,yoloworld,189836,34408,1,1,16,80,0.2,0.11885908640498531,0.30436886700546445,0.18550978060047912
refl4,yoloworld,578619,26868,1,1,75,80,0.9375,0.860142924702361,0.9793969276979898,0.11925400299562883
refl4,yoloworld,196111,38102,1,1,80,80,1.0,0.9549359649323077,1.0,0.0450640350676923
refl4,yoloworld,1001592445,6550,1,0,64,80,0.8,0.6956311329945355,0.8811409135950147,0.18550978060047918
refl4,yoloworld,198785,40675,1,0,33,80,0.4125,0.30352459293759415,0.5281516595747955,0.22462706663720133
refl4,yoloworld,580511,21562,1,0,50,80,0.625,0.5096452355928875,0.7308068300531951,0.2211615944603076
refl4,yoloworld,1002028139,15080,1,1,67,80,0.8375,0.7381631061748871,0.9105383582774708,0.17237525210258364
refl4,yoloworld,1001376964,2222,0,0,0,0,0.0,0.0,0.0,0.0
refl4,yoloworld,27149,30801,1,0,29,80,0.3625,0.2578948953716181,0.47761272126480847,0.2197178258931904
refl4,yoloworld,1000549408,13596,1,1,80,80,1.0,0.9549359649323077,1.0,0.0450640350676923
refl4,yoloworld,1001002366,12501,1,1,65,80,0.8125,0.7096721043523089,0.8910863118524706,0.18141420750016168
refl4,yoloworld,78274,32715,1,0,26,80,0.325,0.22445958517745324,0.4389370456044483,0.21447746042699506
refl4,yoloworld,28154,26180,1,0,47,80,0.5875,0.47184834042520446,0.6964754070624058,0.2246270666372014
refl4,yoloworld,139728,44224,1,0,80,80,1.0,0.9549359649323077,1.0,0.0450640350676923
refl4,yoloworld,1001838567,14417,0,0,0,0,0.0,0.0,0.0,0.0
refl4,yoloworld,472502,28427,0,0,0,0,0.0,0.0,0.0,0.0
refl4,yoloworld,312608,28660,1,0,48,80,0.6,0.4843769404954894,0.7079906437446896,0.22361370324920016
refl4,yoloworld,1001503514,4282,1,0,48,80,0.6,0.4843769404954894,0.7079906437446896,0.22361370324920016
refl4,yoloworld,1001293357,4703,0,0,0,0,0.0,0.0,0.0,0.0
refl4,yoloworld,426877,21252,0,0,0,0,0.0,0.0,0.0,0.0
refl4,yoloworld,227946,27919,0,0,0,0,0.0,0.0,0.0,0.0
refl4,yoloworld,470174,39956,1,1,79,80,0.9875,0.9323122155360776,0.9996835774723672,0.06737136193628968
refl4,yoloworld,1001558282,13309,1,0,80,80,1.0,0.9549359649323077,1.0,0.0450640350676923
refl4,yoloworld,1000979448,13124,1,1,68,80,0.85,0.7526358884071023,0.9200184386902862,0.16738255028318394
refl4,yoloworld,192891,22525,1,0,75,80,0.9375,0.860142924702361,0.9793969276979898,0.11925400299562883
refl4,yoloworld,1001688421,3644,1,0,74,80,0.925,0.8438720682639279,0.9719794538231588,0.12810738555923085
refl4,yoloworld,1002058832,14986,1,0,37,80,0.4625,0.3502764265383982,0.5775824719951649,0.2273060454567667
refl4,yoloworld,302199,26415,1,1,31,80,0.3875,0.28056513312478215,0.5030244574981009,0.22245932437331872
refl4,yoloworld,418056,23626,1,1,80,80,1.0,0.9549359649323077,1.0,0.0450640350676923
refl4,yoloworld,151854,27340,1,1,59,80,0.7375,0.6271491697875681,0.8295907488995917,0.20244157911202365
refl4,yoloworld,267779,18893,1,0,46,80,0.575,0.45938881143093807,0.6848902345476577,0.22550142311671967
refl4,yoloworld,1001569061,12217,1,0,24,80,0.3,0.20257392914667274,0.412759323081376,0.21018539393470323
refl4,yoloworld,420363,33486,1,0,72,80,0.9,0.8124348925365683,0.955829059846371,0.1433941673098027
refl4,yoloworld,457720,24348,1,0,39,80,0.4875,0.37405748144443896,0.6018953312968145,0.22783784985237554
refl4,yoloworld,98471,29527,1,0,76,80,0.95,0.876901263556847,0.9862106060235382,0.1093093424666911
refl4,yoloworld,348277,40657,1,0,42,80,0.525,0.4102278413767706,0.6378664183228473,0.2276385769460767
refl4,yoloworld,62759,34082,1,0,44,80,0.55,0.43467397909415284,0.6615136155101845,0.22683963641603166
refl4,yoloworld,1001764433,8039,1,0,70,80,0.875,0.7821108659305637,0.9383979034415657,0.15628703751100204
refl4,yoloworld,337895,23072,0,0,0,0,0.0,0.0,0.0,0.0
refl4,yoloworld,1001786507,12969,0,0,0,0,0.0,0.0,0.0,0.0
refl4,yoloworld,1001827394,7943,1,0,55,80,0.6875,0.5741109261435505,0.7865253688912328,0.21241444274768229
refl4,yoloworld,81200,38869,1,1,41,80,0.5125,0.39810466870318556,0.625942518555561,0.22783784985237548
refl4,yoloworld,499679,23985,1,1,52,80,0.65,0.5352031145206643,0.7533280635274648,0.21812494900680057
refl4,yoloworld,1000137855,1476,0,0,0,0,0.0,0.0,0.0,0.0
refl4,yoloworld,1000953094,14001,1,0,40,80,0.5,0.3860478833649093,0.6139521166350907,0.22790423327018144
refl4,yoloworld,1001905048,8100,1,1,80,80,1.0,0.9549359649323077,1.0,0.0450640350676923
refl4,yoloworld,533220,40318,1,0,78,80,0.975,0.9125928440694077,0.9969579138351904,0.08436506976578273
refl4,yoloworld,422255,29629,1,0,28,80,0.35,0.24667193647253513,0.4647968854793358,0.21812494900680066
refl4,yoloworld,1002056515,8611,1,0,16,80,0.2,0.11885908640498531,0.30436886700546445,0.18550978060047912
refl4,yoloworld,1002023173,6060,1,0,36,80,0.45,0.33848638448981544,0.565326020905847,0.2268396364160316
refl4,yoloworld,475236,27991,1,1,67,80,0.8375,0.7381631061748871,0.9105383582774708,0.17237525210258364
refl4,yoloworld,360570,19296,0,0,0,0,0.0,0.0,0.0,0.0
refl4,yoloworld,54318,37651,1,1,80,80,1.0,0.9549359649323077,1.0,0.0450640350676923
refl4,yoloworld,559830,43464,1,0,36,80,0.45,0.33848638448981544,0.565326020905847,0.2268396364160316
refl4,yoloworld,330806,38552,1,0,20,80,0.25,0.1598796445068557,0.35936347590685,0.19948383139999432
refl4,yoloworld,242213,27126,0,0,0,0,0.0,0.0,0.0,0.0
refl4,yoloworld,1002017053,967,1,0,47,80,0.5875,0.47184834042520446,0.6964754070624058,0.2246270666372014
refl4,yoloworld,1000967180,8297,0,0,0,0,0.0,0.0,0.0,0.0
refl4,yoloworld,321209,32243,1,1,49,80,0.6125,0.4969755425018991,0.7194348668752178,0.22245932437331872
refl4,yoloworld,188727,42082,1,0,44,80,0.55,0.43467397909415284,0.6615136155101845,0.22683963641603166
refl4,yoloworld,296360,19650,1,0,41,80,0.5125,0.39810466870318556,0.625942518555561,0.22783784985237548
refl4,yoloworld,184224,31277,1,1,72,80,0.9,0.8124348925365683,0.955829059846371,0.1433941673098027
refl4,yoloworld,1000081785,1591,1,1,26,80,0.325,0.22445958517745324,0.4389370456044483,0.21447746042699506
refl4,yoloworld,1000405972,546,0,0,0,0,0.0,0.0,0.0,0.0
refl4,yoloworld,430950,20144,0,0,0,0,0.0,0.0,0.0,0.0
refl4,yoloworld,290460,22155,0,0,0,0,0.0,0.0,0.0,0.0
refl4,yoloworld,1001649918,13166,0,0,0,0,0.0,0.0,0.0,0.0
refl4,yoloworld,1001595902,4276,0,0,0,0,0.0,0.0,0.0,0.0
refl4,yoloworld,390414,20026,1,1,63,80,0.7875,0.6817141914403442,0.8710635049024182,0.18934931346207406
refl4,yoloworld,42463,32051,0,0,0,0,0.0,0.0,0.0,0.0
refl4,yoloworld,488033,26466,1,0,80,80,1.0,0.9549359649323077,1.0,0.0450640350676923
refl4,yoloworld,181009,34338,0,0,0,0,0.0,0.0,0.0,0.0
refl4,yoloworld,455117,38158,1,0,24,80,0.3,0.20257392914667274,0.412759323081376,0.21018539393470323
refl4,yoloworld,144906,26472,0,0,0,0,0.0,0.0,0.0,0.0
refl4,yoloworld,350500,24238,1,0,33,80,0.4125,0.30352459293759415,0.5281516595747955,0.22462706663720133
refl4,yoloworld,303541,45222,1,1,80,80,1.0,0.9549359649323077,1.0,0.0450640350676923
refl4,yoloworld,375054,18126,1,1,80,80,1.0,0.9549359649323077,1.0,0.0450640350676923
refl4,yoloworld,124055,38946,1,1,67,80,0.8375,0.7381631061748871,0.9105383582774708,0.17237525210258364
refl4,yoloworld,1001040942,4335,1,0,29,80,0.3625,0.2578948953716181,0.47761272126480847,0.2197178258931904
refl4,yoloworld,353607,24115,1,1,27,80,0.3375,0.23552613798365082,0.4519056143741682,0.21637947639051738
refl4,yoloworld,1001459810,6895,0,0,0,0,0.0,0.0,0.0,0.0
refl4,yoloworld,1000084367,3027,1,1,52,80,0.65,0.5352031145206643,0.7533280635274648,0.21812494900680057
refl4,yoloworld,446677,29859,1,1,80,80,1.0,0.9549359649323077,1.0,0.0450640350676923
refl4,yoloworld,413391,30401,0,0,0,0,0.0,0.0,0.0,0.0
refl4,yoloworld,130163,20618,1,0,79,80,0.9875,0.9323122155360776,0.9996835774723672,0.06737136193628968
refl4,yoloworld,1001108019,3130,0,0,0,0,0.0,0.0,0.0,0.0
refl4,yoloworld,1000050130,14652,1,0,59,80,0.7375,0.6271491697875681,0.8295907488995917,0.20244157911202365
refl4,yoloworld,370400,27708,0,0,0,0,0.0,0.0,0.0,0.0
refl4,yoloworld,74945,25784,0,0,0,0,0.0,0.0,0.0,0.0
refl4,yoloworld,1001950841,343,1,1,28,80,0.35,0.24667193647253513,0.4647968854793358,0.21812494900680066
refl4,yoloworld,470028,36008,1,0,29,80,0.3625,0.2578948953716181,0.47761272126480847,0.2197178258931904
refl4,yoloworld,70059,34083,1,1,56,80,0.7,0.5872406769186242,0.7974260708533272,0.21018539393470292
refl4,yoloworld,502407,40816,1,1,74,80,0.925,0.8438720682639279,0.9719794538231588,0.12810738555923085
refl4,yoloworld,89651,39359,1,1,25,80,0.3125,0.21347463110876716,0.4258890738564495,0.2124144427476823
refl4,yoloworld,1000025068,789,1,1,67,80,0.8375,0.7381631061748871,0.9105383582774708,0.17237525210258364
refl4,yoloworld,1001242626,14270,1,0,73,80,0.9125,0.8279916615801152,0.9640936410104413,0.1361019794303261
refl4,yoloworld,1001339090,8770,1,0,77,80,0.9625,0.8942980149834914,0.9921988127342833,0.09790079775079197
refl4,yoloworld,268644,31139,1,1,60,80,0.75,0.64063652409315,0.8401203554931442,0.19948383139999426
refl4,yoloworld,365659,32279,1,0,79,80,0.9875,0.9323122155360776,0.9996835774723672,0.06737136193628968
refl4,yoloworld,246777,36896,1,1,72,80,0.9,0.8124348925365683,0.955829059846371,0.1433941673098027
refl4,yoloworld,1001678790,10427,1,0,71,80,0.8875,0.7971534080830098,0.9472484868543125,0.15009507877130268
refl4,yoloworld,1001822830,7252,1,1,80,80,1.0,0.9549359649323077,1.0,0.0450640350676923
refl4,yoloworld,58753,33382,1,1,39,80,0.4875,0.37405748144443896,0.6018953312968145,0.22783784985237554
refl4,yoloworld,1001341858,1276,0,0,0,0,0.0,0.0,0.0,0.0
refl4,yoloworld,1000455349,11597,1,0,80,80,1.0,0.9549359649323077,1.0,0.0450640350676923
refl4,yoloworld,513683,33722,1,0,77,80,0.9625,0.8942980149834914,0.9921988127342833,0.09790079775079197
refl4,yoloworld,201184,21937,1,0,6,80,0.075,0.028020546176841233,0.15612793173607212,0.12810738555923087
refl4,yoloworld,1001999175,2457,0,0,0,0,0.0,0.0,0.0,0.0
refl4,yoloworld,1000099569,13373,1,0,77,80,0.9625,0.8942980149834914,0.9921988127342833,0.09790079775079197
refl4,yoloworld,339579,42969,0,0,0,0,0.0,0.0,0.0,0.0
refl4,yoloworld,347407,41182,0,0,0,0,0.0,0.0,0.0,0.0
refl4,yoloworld,544294,45153,1,0,52,80,0.65,0.5352031145206643,0.7533280635274648,0.21812494900680057
refl4,yoloworld,64619,23283,1,0,61,80,0.7625,0.6542230288597322,0.8505462481433591,0.19632321928362695
refl4,yoloworld,427461,29725,1,1,23,80,0.2875,0.19176047197196505,0.3995451133120206,0.20778464134005553
refl4,yoloworld,277439,30579,1,0,80,80,1.0,0.9549359649323077,1.0,0.0450640350676923
refl4,yoloworld,314556,22422,1,1,42,80,0.525,0.4102278413767706,0.6378664183228473,0.2276385769460767
refl4,yoloworld,277418,31374,1,0,76,80,0.95,0.876901263556847,0.9862106060235382,0.1093093424666911
refl4,yoloworld,350280,24118,1,0,20,80,0.25,0.1598796445068557,0.35936347590685,0.19948383139999432
refl4,yoloworld,285170,32687,1,1,63,80,0.7875,0.6817141914403442,0.8710635049024182,0.18934931346207406
refl4,yoloworld,371577,20217,1,1,25,80,0.3125,0.21347463110876716,0.4258890738564495,0.2124144427476823
refl4,yoloworld,1000900000,15582,1,0,80,80,1.0,0.9549359649323077,1.0,0.0450640350676923
refl4,yoloworld,1000064526,11599,1,0,64,80,0.8,0.6956311329945355,0.8811409135950147,0.18550978060047918
refl4,yoloworld,231987,17358,0,0,0,0,0.0,0.0,0.0,0.0
refl4,yoloworld,162200,32487,1,0,38,80,0.475,0.3621335816771527,0.5897721586232294,0.2276385769460767
refl4,yoloworld,1001552292,14517,0,0,0,0,0.0,0.0,0.0,0.0
refl4,yoloworld,1001517565,2647,1,0,47,80,0.5875,0.47184834042520446,0.6964754070624058,0.2246270666372014
refl4,yoloworld,5614,43438,0,0,0,0,0.0,0.0,0.0,0.0
refl4,yoloworld,246364,21078,1,1,25,80,0.3125,0.21347463110876716,0.4258890738564495,0.2124144427476823
refl4,yoloworld,1002047538,16179,1,0,58,80,0.725,0.6137565791555909,0.8189623614429612,0.2052057822873703
refl4,yoloworld,419664,32492,1,0,77,80,0.9625,0.8942980149834914,0.9921988127342833,0.09790079775079197
refl4,yoloworld,530729,35410,1,1,76,80,0.95,0.876901263556847,0.9862106060235382,0.1093093424666911
refl4,yoloworld,307968,19961,0,0,0,0,0.0,0.0,0.0,0.0
refl4,yoloworld,230436,35429,1,0,55,80,0.6875,0.5741109261435505,0.7865253688912328,0.21241444274768229
refl4,yoloworld,30340,32818,1,0,70,80,0.875,0.7821108659305637,0.9383979034415657,0.15628703751100204
refl4,yoloworld,192137,35662,1,1,39,80,0.4875,0.37405748144443896,0.6018953312968145,0.22783784985237554
refl4,yoloworld,321539,38177,1,1,70,80,0.875,0.7821108659305637,0.9383979034415657,0.15628703751100204
refl4,yoloworld,1000919770,2821,1,0,59,80,0.7375,0.6271491697875681,0.8295907488995917,0.20244157911202365
refl4,yoloworld,134420,29447,1,0,35,80,0.4375,0.3267639534337789,0.5530024286118197,0.2262384751780408
refl4,yoloworld,1000984379,6656,1,1,52,80,0.65,0.5352031145206643,0.7533280635274648,0.21812494900680057
refl4,yoloworld,1000434422,5583,1,1,29,80,0.3625,0.2578948953716181,0.47761272126480847,0.2197178258931904
refl4,yoloworld,1002128702,10145,1,0,74,80,0.925,0.8438720682639279,0.9719794538231588,0.12810738555923085
refl4,yoloworld,1000347822,2696,1,1,50,80,0.625,0.5096452355928875,0.7308068300531951,0.2211615944603076
refl4,yoloworld,170980,43991,1,0,61,80,0.7625,0.6542230288597322,0.8505462481433591,0.19632321928362695
refl4,yoloworld,1001272674,9585,1,0,76,80,0.95,0.876901263556847,0.9862106060235382,0.1093093424666911
refl4,yoloworld,244616,36978,1,0,47,80,0.5875,0.47184834042520446,0.6964754070624058,0.2246270666372014
refl4,yoloworld,1000018453,2005,1,1,35,80,0.4375,0.3267639534337789,0.5530024286118197,0.2262384751780408
refl4,yoloworld,1001763478,9517,0,0,0,0,0.0,0.0,0.0,0.0
refl4,yoloworld,1001964231,14669,0,0,0,0,0.0,0.0,0.0,0.0
refl4,yoloworld,1000055288,4959,0,0,0,0,0.0,0.0,0.0,0.0
refl4,yoloworld,1001296887,10925,1,1,80,80,1.0,0.9549359649323077,1.0,0.0450640350676923
refl4,yoloworld,54572,27851,1,0,71,80,0.8875,0.7971534080830098,0.9472484868543125,0.15009507877130268
refl4,yoloworld,275544,38310,1,0,63,80,0.7875,0.6817141914403442,0.8710635049024182,0.18934931346207406
refl4,yoloworld,337689,38896,1,0,80,80,1.0,0.9549359649323077,1.0,0.0450640350676923
refl4,yoloworld,329543,33281,1,0,26,80,0.325,0.22445958517745324,0.4389370456044483,0.21447746042699506
refl4,yoloworld,472393,43104,1,0,23,80,0.2875,0.19176047197196505,0.3995451133120206,0.20778464134005553
refl4,yoloworld,115917,44604,0,0,0,0,0.0,0.0,0.0,0.0
refl4,yoloworld,417832,41290,1,0,76,80,0.95,0.876901263556847,0.9862106060235382,0.1093093424666911
refl4,yoloworld,1002084492,15253,1,0,71,80,0.8875,0.7971534080830098,0.9472484868543125,0.15009507877130268
refl4,yoloworld,1000205074,5645,1,1,76,80,0.95,0.876901263556847,0.9862106060235382,0.1093093424666911
refl4,yoloworld,1001530216,14148,1,0,38,80,0.475,0.3621335816771527,0.5897721586232294,0.2276385769460767
refl4,yoloworld,94618,42812,1,0,45,80,0.5625,0.44699757138818025,0.673236046566221,0.2262384751780408
refl4,yoloworld,291898,36917,1,1,57,80,0.7125,0.6004548866879794,0.8082395280280349,0.20778464134005548
refl4,yoloworld,116832,24168,0,0,0,0,0.0,0.0,0.0,0.0
refl4,yoloworld,1001132501,13466,1,0,50,80,0.625,0.5096452355928875,0.7308068300531951,0.2211615944603076
refl4,yoloworld,254577,23814,1,0,80,80,1.0,0.9549359649323077,1.0,0.0450640350676923
refl4,yoloworld,1000418665,868,1,0,51,80,0.6375,0.5223872787351916,0.7421051046283819,0.21971782589319022
refl4,yoloworld,391600,32237,1,0,68,80,0.85,0.7526358884071023,0.9200184386902862,0.16738255028318394
refl4,yoloworld,545651,44018,0,0,0,0,0.0,0.0,0.0,0.0
refl4,yoloworld,566319,32101,1,0,11,80,0.1375,0.07068783270387868,0.2327208708247256,0.1620330381208469
refl4,yoloworld,1001839867,16190,1,0,45,80,0.5625,0.44699757138818025,0.673236046566221,0.2262384751780408
refl4,yoloworld,1001489508,2189,0,0,0,0,0.0,0.0,0.0,0.0
refl4,yoloworld,229990,25613,1,0,80,80,1.0,0.9549359649323077,1.0,0.0450640350676923
refl4,yoloworld,1001816437,5726,0,0,0,0,0.0,0.0,0.0,0.0
refl4,yoloworld,1001041502,14187,1,1,55,80,0.6875,0.5741109261435505,0.7865253688912328,0.21241444274768229
refl4,yoloworld,210271,28402,1,0,58,80,0.725,0.6137565791555909,0.8189623614429612,0.2052057822873703
refl4,yoloworld,3178,32856,1,1,73,80,0.9125,0.8279916615801152,0.9640936410104413,0.1361019794303261
refl4,yoloworld,260360,32632,1,1,80,80,1.0,0.9549359649323077,1.0,0.0450640350676923
refl4,yoloworld,572949,43399,1,0,69,80,0.8625,0.7672791291752744,0.9293121672961213,0.1620330381208469
refl4,yoloworld,329502,23712,1,1,56,80,0.7,0.5872406769186242,0.7974260708533272,0.21018539393470292
refl4,yoloworld,1002044065,2612,1,0,80,80,1.0,0.9549359649323077,1.0,0.0450640350676923
refl4,yoloworld,43543,40813,1,1,32,80,0.4,0.2920093562553105,0.5156230595045106,0.2236137032492001
refl4,yoloworld,535860,42244,1,1,74,80,0.925,0.8438720682639279,0.9719794538231588,0.12810738555923085
refl4,yoloworld,444036,27726,1,0,41,80,0.5125,0.39810466870318556,0.625942518555561,0.22783784985237548
refl4,yoloworld,1002024824,10615,1,0,65,80,0.8125,0.7096721043523089,0.8910863118524706,0.18141420750016168
refl4,yoloworld,527139,31775,1,0,66,80,0.825,0.7238459604789864,0.9008894901605713,0.17704352968158488
refl4,yoloworld,262031,21467,1,0,53,80,0.6625,0.5480943856258318,0.7644738620163491,0.21637947639051736
refl4,yoloworld,1001066932,6673,0,0,0,0,0.0,0.0,0.0,0.0
refl4,yoloworld,141581,33522,1,0,29,80,0.3625,0.2578948953716181,0.47761272126480847,0.2197178258931904
refl4,yoloworld,1000486828,10627,1,0,35,80,0.4375,0.3267639534337789,0.5530024286118197,0.2262384751780408
refl4,yoloworld,1001086121,4469,1,0,67,80,0.8375,0.7381631061748871,0.9105383582774708,0.17237525210258364
refl4,yoloworld,1000288050,16389,0,0,0,0,0.0,0.0,0.0,0.0
refl4,yoloworld,244846,17996,1,0,37,80,0.4625,0.3502764265383982,0.5775824719951649,0.2273060454567667
refl4,yoloworld,1002278992,5805,1,0,76,80,0.95,0.876901263556847,0.9862106060235382,0.1093093424666911
refl4,yoloworld,353999,26794,1,0,51,80,0.6375,0.5223872787351916,0.7421051046283819,0.21971782589319022
refl4,yoloworld,1001220357,1984,1,1,80,80,1.0,0.9549359649323077,1.0,0.0450640350676923
refl4,yoloworld,130972,42173,1,0,64,80,0.8,0.6956311329945355,0.8811409135950147,0.18550978060047918
refl4,yoloworld,498508,20382,1,1,71,80,0.8875,0.7971534080830098,0.9472484868543125,0.15009507877130268
refl4,yoloworld,1000022043,2797,1,1,46,80,0.575,0.45938881143093807,0.6848902345476577,0.22550142311671967
refl4,yoloworld,499760,20112,1,1,24,80,0.3,0.20257392914667274,0.412759323081376,0.21018539393470323
refl4,yoloworld,1001193204,8960,1,0,25,80,0.3125,0.21347463110876716,0.4258890738564495,0.2124144427476823
refl4,yoloworld,1001272640,3041,0,0,0,0,0.0,0.0,0.0,0.0
refl4,yoloworld,499682,26366,1,1,58,80,0.725,0.6137565791555909,0.8189623614429612,0.2052057822873703
refl4,yoloworld,28038,30782,1,0,56,80,0.7,0.5872406769186242,0.7974260708533272,0.21018539393470292
refl4,yoloworld,1001834353,4607,1,1,9,80,0.1125,0.052751513145687524,0.20284659191699012,0.1500950787713026
refl4,yoloworld,1001376524,12444,1,1,20,80,0.25,0.1598796445068557,0.35936347590685,0.19948383139999432
refl4,yoloworld,428537,24314,1,0,47,80,0.5875,0.47184834042520446,0.6964754070624058,0.2246270666372014
refl4,yoloworld,1000013147,4905,1,0,32,80,0.4,0.2920093562553105,0.5156230595045106,0.2236137032492001
refl4,yoloworld,14160,22809,1,0,21,80,0.2625,0.1704092511004083,0.3728508302124319,0.20244157911202362
refl4,yoloworld,315555,27261,1,0,44,80,0.55,0.43467397909415284,0.6615136155101845,0.22683963641603166
refl4,yoloworld,1001583536,4489,1,0,38,80,0.475,0.3621335816771527,0.5897721586232294,0.2276385769460767
refl4,yoloworld,1001462709,1791,1,0,64,80,0.8,0.6956311329945355,0.8811409135950147,0.18550978060047918
refl4,yoloworld,1000615113,7413,0,0,0,0,0.0,0.0,0.0,0.0
refl4,yoloworld,314254,17533,0,0,0,0,0.0,0.0,0.0,0.0
refl4,yoloworld,341027,17747,1,1,40,80,0.5,0.3860478833649093,0.6139521166350907,0.22790423327018144
refl4,yoloworld,1001843889,611,1,0,19,80,0.2375,0.1494537518566408,0.34577697114026784,0.19632321928362703
refl4,yoloworld,1000037307,14503,1,1,76,80,0.95,0.876901263556847,0.9862106060235382,0.1093093424666911
refl4,yoloworld,1002078273,1301,1,1,46,80,0.575,0.45938881143093807,0.6848902345476577,0.22550142311671967
refl4,yoloworld,212628,43969,1,0,19,80,0.2375,0.1494537518566408,0.34577697114026784,0.19632321928362703
refl4,yoloworld,1002057011,2711,0,0,0,0,0.0,0.0,0.0,0.0
refl4,yoloworld,154212,34736,1,0,25,80,0.3125,0.21347463110876716,0.4258890738564495,0.2124144427476823
refl4,yoloworld,1000070653,6583,0,0,0,0,0.0,0.0,0.0,0.0
refl4,yoloworld,69510,42664,1,0,76,80,0.95,0.876901263556847,0.9862106060235382,0.1093093424666911
refl4,yoloworld,226734,32533,1,1,69,80,0.8625,0.7672791291752744,0.9293121672961213,0.1620330381208469
refl4,yoloworld,1001371233,2347,1,1,49,80,0.6125,0.4969755425018991,0.7194348668752178,0.22245932437331872
refl4,yoloworld,457745,36959,1,0,20,80,0.25,0.1598796445068557,0.35936347590685,0.19948383139999432
refl4,yoloworld,1001948272,12711,1,1,74,80,0.925,0.8438720682639279,0.9719794538231588,0.12810738555923085
refl4,yoloworld,513704,27422,1,0,34,80,0.425,0.31510976545234215,0.5406111885690619,0.22550142311671972
refl4,yoloworld,16796,28694,1,0,28,80,0.35,0.24667193647253513,0.4647968854793358,0.21812494900680066
refl4,yoloworld,1000031446,2331,1,0,71,80,0.8875,0.7971534080830098,0.9472484868543125,0.15009507877130268
refl4,yoloworld,1001680024,16019,0,0,0,0,0.0,0.0,0.0,0.0
refl4,yoloworld,282568,27288,0,0,0,0,0.0,0.0,0.0,0.0
refl4,yoloworld,1002011654,3063,0,0,0,0,0.0,0.0,0.0,0.0
refl4,yoloworld,335376,17398,1,0,55,80,0.6875,0.5741109261435505,0.7865253688912328,0.21241444274768229
refl4,yoloworld,366148,45214,1,1,56,80,0.7,0.5872406769186242,0.7974260708533272,0.21018539393470292
refl4,yoloworld,478105,16979,0,0,0,0,0.0,0.0,0.0,0.0
refl4,yoloworld,1001003828,10806,1,0,56,80,0.7,0.5872406769186242,0.7974260708533272,0.21018539393470292
refl4,yoloworld,1001977563,1456,1,0,36,80,0.45,0.33848638448981544,0.565326020905847,0.2268396364160316
refl4,yoloworld,1001914884,1403,0,0,0,0,0.0,0.0,0.0,0.0
refl4,yoloworld,207083,40983,0,0,0,0,0.0,0.0,0.0,0.0
refl4,yoloworld,1000088296,9282,1,0,25,80,0.3125,0.21347463110876716,0.4258890738564495,0.2124144427476823
refl4,yoloworld,1001092807,16277,1,0,66,80,0.825,0.7238459604789864,0.9008894901605713,0.17704352968158488
refl4,yoloworld,1001417748,13576,1,0,78,80,0.975,0.9125928440694077,0.9969579138351904,0.08436506976578273
refl4,yoloworld,127515,38146,0,0,0,0,0.0,0.0,0.0,0.0
refl4,yoloworld,528151,29361,1,0,74,80,0.925,0.8438720682639279,0.9719794538231588,0.12810738555923085
refl4,yoloworld,356097,36679,1,0,66,80,0.825,0.7238459604789864,0.9008894901605713,0.17704352968158488
refl4,yoloworld,1001809216,9750,1,0,47,80,0.5875,0.47184834042520446,0.6964754070624058,0.2246270666372014
refl4,yoloworld,263516,37868,0,0,0,0,0.0,0.0,0.0,0.0
refl4,yoloworld,1001027866,13928,0,0,0,0,0.0,0.0,0.0,0.0
refl4,yoloworld,183392,41017,1,0,18,80,0.225,0.13913721049893182,0.33208632006125094,0.19294910956231912
refl4,yoloworld,1001764573,16279,1,0,38,80,0.475,0.3621335816771527,0.5897721586232294,0.2276385769460767
refl4,yoloworld,550972,40900,1,1,24,80,0.3,0.20257392914667274,0.412759323081376,0.21018539393470323
refl4,yoloworld,41818,44493,1,1,80,80,1.0,0.9549359649323077,1.0,0.0450640350676923
refl4,yoloworld,7852,27426,1,0,50,80,0.625,0.5096452355928875,0.7308068300531951,0.2211615944603076
refl4,yoloworld,370524,26729,1,1,61,80,0.7625,0.6542230288597322,0.8505462481433591,0.19632321928362695
refl4,yoloworld,247368,43664,1,0,80,80,1.0,0.9549359649323077,1.0,0.0450640350676923
refl4,yoloworld,220037,31176,1,1,42,80,0.525,0.4102278413767706,0.6378664183228473,0.2276385769460767
refl4,yoloworld,545721,37193,1,0,33,80,0.4125,0.30352459293759415,0.5281516595747955,0.22462706663720133
refl4,yoloworld,296760,28364,1,1,32,80,0.4,0.2920093562553105,0.5156230595045106,0.2236137032492001
refl4,yoloworld,562100,19197,1,0,76,80,0.95,0.876901263556847,0.9862106060235382,0.1093093424666911
refl4,yoloworld,124694,38774,1,0,33,80,0.4125,0.30352459293759415,0.5281516595747955,0.22462706663720133
refl4,yoloworld,358033,30986,1,1,71,80,0.8875,0.7971534080830098,0.9472484868543125,0.15009507877130268
refl4,yoloworld,1000078156,10090,1,0,49,80,0.6125,0.4969755425018991,0.7194348668752178,0.22245932437331872
refl4,yoloworld,1001483054,10276,1,0,52,80,0.65,0.5352031145206643,0.7533280635274648,0.21812494900680057
refl4,yoloworld,393493,22397,0,0,0,0,0.0,0.0,0.0,0.0
refl4,yoloworld,358029,41601,1,1,75,80,0.9375,0.860142924702361,0.9793969276979898,0.11925400299562883
refl4,yoloworld,111002,38374,1,0,34,80,0.425,0.31510976545234215,0.5406111885690619,0.22550142311671972
refl4,yoloworld,488073,37351,0,0,0,0,0.0,0.0,0.0,0.0
refl4,yoloworld,177817,37859,1,1,71,80,0.8875,0.7971534080830098,0.9472484868543125,0.15009507877130268
refl4,yoloworld,1000381235,15731,1,1,57,80,0.7125,0.6004548866879794,0.8082395280280349,0.20778464134005548
refl4,yoloworld,1001330458,9755,1,0,70,80,0.875,0.7821108659305637,0.9383979034415657,0.15628703751100204
refl4,yoloworld,1000031872,15961,0,0,0,0,0.0,0.0,0.0,0.0
refl4,yoloworld,1002056492,672,0,0,0,0,0.0,0.0,0.0,0.0
refl4,yoloworld,1001934119,13781,1,0,37,80,0.4625,0.3502764265383982,0.5775824719951649,0.2273060454567667
refl4,yoloworld,126737,28552,1,0,65,80,0.8125,0.7096721043523089,0.8910863118524706,0.18141420750016168
refl4,yoloworld,454570,21690,1,0,39,80,0.4875,0.37405748144443896,0.6018953312968145,0.22783784985237554
refl4,yoloworld,538574,35251,1,1,41,80,0.5125,0.39810466870318556,0.625942518555561,0.22783784985237548
refl4,yoloworld,1000447647,16767,0,0,0,0,0.0,0.0,0.0,0.0
refl4,yoloworld,78900,36023,1,0,40,80,0.5,0.3860478833649093,0.6139521166350907,0.22790423327018144
refl4,yoloworld,179763,33297,1,1,40,80,0.5,0.3860478833649093,0.6139521166350907,0.22790423327018144
refl4,yoloworld,1001638971,7065,1,0,80,80,1.0,0.9549359649323077,1.0,0.0450640350676923
refl4,yoloworld,313164,37228,1,0,54,80,0.675,0.5610629543955516,0.7755404148225468,0.21447746042699511
refl4,yoloworld,1001414679,13053,1,1,42,80,0.525,0.4102278413767706,0.6378664183228473,0.2276385769460767
refl4,yoloworld,1000071229,5481,0,0,0,0,0.0,0.0,0.0,0.0
refl4,yoloworld,1001293047,7686,1,0,54,80,0.675,0.5610629543955516,0.7755404148225468,0.21447746042699511
refl4,yoloworld,213003,41590,1,0,80,80,1.0,0.9549359649323077,1.0,0.0450640350676923
refl4,yoloworld,200678,39458,0,0,0,0,0.0,0.0,0.0,0.0
refl4,yoloworld,576896,33997,0,0,0,0,0.0,0.0,0.0,0.0
refl4,yoloworld,465196,37436,1,1,28,80,0.35,0.24667193647253513,0.4647968854793358,0.21812494900680066
refl4,yoloworld,371824,24397,1,1,76,80,0.95,0.876901263556847,0.9862106060235382,0.1093093424666911
refl4,yoloworld,1001377721,3784,0,0,0,0,0.0,0.0,0.0,0.0
refl4,yoloworld,546093,26990,1,0,26,80,0.325,0.22445958517745324,0.4389370456044483,0.21447746042699506
refl4,yoloworld,163054,44502,0,0,0,0,0.0,0.0,0.0,0.0
refl4,yoloworld,402020,35903,1,1,78,80,0.975,0.9125928440694077,0.9969579138351904,0.08436506976578273
refl4,yoloworld,253087,42613,0,0,0,0,0.0,0.0,0.0,0.0
refl4,yoloworld,1001035669,11052,0,0,0,0,0.0,0.0,0.0,0.0
refl4,yoloworld,259514,28580,1,1,30,80,0.375,0.2691931699468049,0.4903547644071125,0.2211615944603076
refl4,yoloworld,1001287295,4531,1,0,80,80,1.0,0.9549359649323077,1.0,0.0450640350676923
refl4,yoloworld,362657,26195,1,0,52,80,0.65,0.5352031145206643,0.7533280635274648,0.21812494900680057
refl4,yoloworld,113676,31591,1,1,37,80,0.4625,0.3502764265383982,0.5775824719951649,0.2273060454567667
refl4,yoloworld,142287,30015,1,0,73,80,0.9125,0.8279916615801152,0.9640936410104413,0.1361019794303261
refl4,yoloworld,1001099245,9244,1,0,80,80,1.0,0.9549359649323077,1.0,0.0450640350676923
refl4,yoloworld,1001953095,1209,1,1,36,80,0.45,0.33848638448981544,0.565326020905847,0.2268396364160316
refl4,yoloworld,46118,43252,1,1,34,80,0.425,0.31510976545234215,0.5406111885690619,0.22550142311671972
refl4,yoloworld,1001626852,14800,1,0,70,80,0.875,0.7821108659305637,0.9383979034415657,0.15628703751100204
refl4,yoloworld,324923,24605,0,0,0,0,0.0,0.0,0.0,0.0
refl4,yoloworld,44637,28525,0,0,0,0,0.0,0.0,0.0,0.0
refl4,yoloworld,530903,41179,0,0,0,0,0.0,0.0,0.0,0.0
refl4,yoloworld,387338,23770,1,0,64,80,0.8,0.6956311329945355,0.8811409135950147,0.18550978060047918
refl4,yoloworld,506056,24886,0,0,0,0,0.0,0.0,0.0,0.0
refl4,yoloworld,23603,17829,1,0,31,80,0.3875,0.28056513312478215,0.5030244574981009,0.22245932437331872
refl4,yoloworld,1407,39811,1,1,76,80,0.95,0.876901263556847,0.9862106060235382,0.1093093424666911
refl4,yoloworld,45475,22505,1,1,37,80,0.4625,0.3502764265383982,0.5775824719951649,0.2273060454567667
refl4,yoloworld,39629,31980,1,1,49,80,0.6125,0.4969755425018991,0.7194348668752178,0.22245932437331872
refl4,yoloworld,1000536587,11008,1,0,43,80,0.5375,0.4224175280048351,0.6497235734616016,0.22730604545676647
refl4,yoloworld,470976,29438,1,0,78,80,0.975,0.9125928440694077,0.9969579138351904,0.08436506976578273
refl4,yoloworld,1001211063,295,0,0,0,0,0.0,0.0,0.0,0.0
refl4,yoloworld,404183,44451,1,0,80,80,1.0,0.9549359649323077,1.0,0.0450640350676923
refl4,yoloworld,1001326441,2429,1,0,75,80,0.9375,0.860142924702361,0.9793969276979898,0.11925400299562883
refl4,yoloworld,440820,28903,0,0,0,0,0.0,0.0,0.0,0.0
refl4,yoloworld,1000902939,4956,1,0,48,80,0.6,0.4843769404954894,0.7079906437446896,0.22361370324920016
refl4,yoloworld,463101,28362,0,0,0,0,0.0,0.0,0.0,0.0
refl4,yoloworld,1001405245,9325,1,0,72,80,0.9,0.8124348925365683,0.955829059846371,0.1433941673098027
refl4,yoloworld,199958,41278,1,0,78,80,0.975,0.9125928440694077,0.9969579138351904,0.08436506976578273
refl4,yoloworld,1001931609,13947,1,0,50,80,0.625,0.5096452355928875,0.7308068300531951,0.2211615944603076
refl4,yoloworld,1001754576,5839,1,0,73,80,0.9125,0.8279916615801152,0.9640936410104413,0.1361019794303261
refl4,yoloworld,436941,39847,1,1,45,80,0.5625,0.44699757138818025,0.673236046566221,0.2262384751780408
refl4,yoloworld,307745,43264,1,1,80,80,1.0,0.9549359649323077,1.0,0.0450640350676923
refl4,yoloworld,1001273769,13022,1,1,80,80,1.0,0.9549359649323077,1.0,0.0450640350676923
refl4,yoloworld,352651,37310,1,0,38,80,0.475,0.3621335816771527,0.5897721586232294,0.2276385769460767
refl4,yoloworld,399276,32015,1,0,79,80,0.9875,0.9323122155360776,0.9996835774723672,0.06737136193628968
refl4,yoloworld,347511,19357,1,0,70,80,0.875,0.7821108659305637,0.9383979034415657,0.15628703751100204
refl4,yoloworld,1001679176,6701,1,1,42,80,0.525,0.4102278413767706,0.6378664183228473,0.2276385769460767
refl4,yoloworld,151236,31622,1,1,80,80,1.0,0.9549359649323077,1.0,0.0450640350676923
refl4,yoloworld,166073,33513,1,0,80,80,1.0,0.9549359649323077,1.0,0.0450640350676923
refl4,yoloworld,225477,41229,0,0,0,0,0.0,0.0,0.0,0.0
refl4,yoloworld,258679,36370,1,1,41,80,0.5125,0.39810466870318556,0.625942518555561,0.22783784985237548
refl4,yoloworld,140360,35165,1,1,26,80,0.325,0.22445958517745324,0.4389370456044483,0.21447746042699506
refl4,yoloworld,457225,39273,1,0,62,80,0.775,0.6679136799387491,0.8608627895010682,0.19294910956231914
refl4,yoloworld,1001851403,12608,1,0,54,80,0.675,0.5610629543955516,0.7755404148225468,0.21447746042699511
refl4,yoloworld,550746,17790,1,1,66,80,0.825,0.7238459604789864,0.9008894901605713,0.17704352968158488
refl4,yoloworld,1000077514,9531,1,1,38,80,0.475,0.3621335816771527,0.5897721586232294,0.2276385769460767
refl4,yoloworld,394447,34896,1,1,36,80,0.45,0.33848638448981544,0.565326020905847,0.2268396364160316
refl4,yoloworld,136092,39688,1,1,70,80,0.875,0.7821108659305637,0.9383979034415657,0.15628703751100204
refl4,yoloworld,215563,28692,1,0,35,80,0.4375,0.3267639534337789,0.5530024286118197,0.2262384751780408
refl4,yoloworld,502971,24859,1,0,37,80,0.4625,0.3502764265383982,0.5775824719951649,0.2273060454567667
refl4,yoloworld,316671,35010,1,0,80,80,1.0,0.9549359649323077,1.0,0.0450640350676923
refl4,yoloworld,135482,22829,1,1,78,80,0.975,0.9125928440694077,0.9969579138351904,0.08436506976578273
refl4,yoloworld,109553,44415,0,0,0,0,0.0,0.0,0.0,0.0
refl4,yoloworld,1000054487,5980,1,0,33,80,0.4125,0.30352459293759415,0.5281516595747955,0.22462706663720133
refl4,yoloworld,1002061736,14390,1,0,39,80,0.4875,0.37405748144443896,0.6018953312968145,0.22783784985237554
refl4,yoloworld,181475,20214,0,0,0,0,0.0,0.0,0.0,0.0
refl4,yoloworld,230570,43046,1,0,50,80,0.625,0.5096452355928875,0.7308068300531951,0.2211615944603076
refl4,yoloworld,1001383464,8845,1,0,9,80,0.1125,0.052751513145687524,0.20284659191699012,0.1500950787713026
refl4,yoloworld,1001867226,2605,0,0,0,0,0.0,0.0,0.0,0.0
refl4,yoloworld,1000906604,4325,0,0,0,0,0.0,0.0,0.0,0.0
refl4,yoloworld,1001886056,9475,1,0,52,80,0.65,0.5352031145206643,0.7533280635274648,0.21812494900680057
refl4,yoloworld,1001171509,16584,1,0,80,80,1.0,0.9549359649323077,1.0,0.0450640350676923
refl4,yoloworld,501269,32349,0,0,0,0,0.0,0.0,0.0,0.0
refl4,yoloworld,1000046814,9609,1,0,29,80,0.3625,0.2578948953716181,0.47761272126480847,0.2197178258931904
refl4,yoloworld,313873,20389,0,0,0,0,0.0,0.0,0.0,0.0
refl4,yoloworld,149556,40105,1,0,51,80,0.6375,0.5223872787351916,0.7421051046283819,0.21971782589319022
refl4,yoloworld,1001041794,4105,1,0,47,80,0.5875,0.47184834042520446,0.6964754070624058,0.2246270666372014
refl4,yoloworld,1001416658,1128,1,1,80,80,1.0,0.9549359649323077,1.0,0.0450640350676923
refl4,yoloworld,1001224114,16910,0,0,0,0,0.0,0.0,0.0,0.0
refl4,yoloworld,542391,29947,1,1,79,80,0.9875,0.9323122155360776,0.9996835774723672,0.06737136193628968
refl4,yoloworld,111889,31818,1,1,65,80,0.8125,0.7096721043523089,0.8910863118524706,0.18141420750016168
refl4,yoloworld,1001526293,1673,1,0,67,80,0.8375,0.7381631061748871,0.9105383582774708,0.17237525210258364
refl4,yoloworld,1000068754,1328,1,0,38,80,0.475,0.3621335816771527,0.5897721586232294,0.2276385769460767
refl4,yoloworld,1000013822,12032,0,0,0,0,0.0,0.0,0.0,0.0
refl4,yoloworld,1001390908,8535,1,0,63,80,0.7875,0.6817141914403442,0.8710635049024182,0.18934931346207406
refl4,yoloworld,1000442068,8104,1,1,67,80,0.8375,0.7381631061748871,0.9105383582774708,0.17237525210258364
refl4,yoloworld,522465,36205,1,0,80,80,1.0,0.9549359649323077,1.0,0.0450640350676923
refl4,yoloworld,1001763461,1867,0,0,0,0,0.0,0.0,0.0,0.0
refl4,yoloworld,388991,19712,1,0,51,80,0.6375,0.5223872787351916,0.7421051046283819,0.21971782589319022
refl4,yoloworld,156170,28484,0,0,0,0,0.0,0.0,0.0,0.0
refl4,yoloworld,1001518338,1715,1,0,64,80,0.8,0.6956311329945355,0.8811409135950147,0.18550978060047918
refl4,yoloworld,1001748237,5083,0,0,0,0,0.0,0.0,0.0,0.0
refl4,yoloworld,215201,20095,1,0,40,80,0.5,0.3860478833649093,0.6139521166350907,0.22790423327018144
refl4,yoloworld,1001172920,1159,1,1,57,80,0.7125,0.6004548866879794,0.8082395280280349,0.20778464134005548
refl4,yoloworld,258927,31623,0,0,0,0,0.0,0.0,0.0,0.0
refl4,yoloworld,1000073579,154,1,0,62,80,0.775,0.6679136799387491,0.8608627895010682,0.19294910956231914
refl4,yoloworld,451407,42382,1,1,74,80,0.925,0.8438720682639279,0.9719794538231588,0.12810738555923085
refl4,yoloworld,16725,32236,1,1,32,80,0.4,0.2920093562553105,0.5156230595045106,0.2236137032492001
refl4,yoloworld,1001647725,345,1,0,35,80,0.4375,0.3267639534337789,0.5530024286118197,0.2262384751780408
refl4,yoloworld,1001484001,12484,1,0,54,80,0.675,0.5610629543955516,0.7755404148225468,0.21447746042699511
refl4,yoloworld,182335,38677,1,0,21,80,0.2625,0.1704092511004083,0.3728508302124319,0.20244157911202362
refl4,yoloworld,47001,26144,0,0,0,0,0.0,0.0,0.0,0.0
refl4,yoloworld,1000456263,16313,1,0,46,80,0.575,0.45938881143093807,0.6848902345476577,0.22550142311671967
refl4,yoloworld,1001007090,13611,1,0,22,80,0.275,0.18103763855703875,0.38624342084440927,0.20520578228737052
refl4,yoloworld,1000491212,12458,1,0,59,80,0.7375,0.6271491697875681,0.8295907488995917,0.20244157911202365
refl4,yoloworld,433435,41430,1,1,80,80,1.0,0.9549359649323077,1.0,0.0450640350676923
refl4,yoloworld,247110,20539,1,1,80,80,1.0,0.9549359649323077,1.0,0.0450640350676923
refl4,yoloworld,1000732858,8900,1,1,67,80,0.8375,0.7381631061748871,0.9105383582774708,0.17237525210258364
refl4,yoloworld,1001653514,15976,1,1,59,80,0.7375,0.6271491697875681,0.8295907488995917,0.20244157911202365
refl4,yoloworld,52902,32457,0,0,0,0,0.0,0.0,0.0,0.0
refl4,yoloworld,470004,39040,1,0,55,80,0.6875,0.5741109261435505,0.7865253688912328,0.21241444274768229
refl4,yoloworld,3320,40300,0,0,0,0,0.0,0.0,0.0,0.0
refl4,yoloworld,1000411412,15597,0,0,0,0,0.0,0.0,0.0,0.0
refl4,yoloworld,1001610034,13131,1,1,80,80,1.0,0.9549359649323077,1.0,0.0450640350676923
refl4,yoloworld,402833,27463,1,1,44,80,0.55,0.43467397909415284,0.6615136155101845,0.22683963641603166
refl4,yoloworld,1001377679,16072,1,1,80,80,1.0,0.9549359649323077,1.0,0.0450640350676923
refl4,yoloworld,1000087545,3796,1,0,80,80,1.0,0.9549359649323077,1.0,0.0450640350676923
refl4,yoloworld,294409,32181,1,0,34,80,0.425,0.31510976545234215,0.5406111885690619,0.22550142311671972
refl4,yoloworld,452524,32675,1,0,47,80,0.5875,0.47184834042520446,0.6964754070624058,0.2246270666372014
refl4,yoloworld,268197,32315,1,1,68,80,0.85,0.7526358884071023,0.9200184386902862,0.16738255028318394
refl4,yoloworld,1001420442,11445,1,0,63,80,0.7875,0.6817141914403442,0.8710635049024182,0.18934931346207406
refl4,yoloworld,510061,28342,1,0,28,80,0.35,0.24667193647253513,0.4647968854793358,0.21812494900680066
refl4,yoloworld,1000942935,4093,1,0,49,80,0.6125,0.4969755425018991,0.7194348668752178,0.22245932437331872
refl4,yoloworld,1001971667,15164,1,0,72,80,0.9,0.8124348925365683,0.955829059846371,0.1433941673098027
refl4,yoloworld,46885,23903,1,0,47,80,0.5875,0.47184834042520446,0.6964754070624058,0.2246270666372014
refl4,yoloworld,1002279022,3521,1,0,46,80,0.575,0.45938881143093807,0.6848902345476577,0.22550142311671967
refl4,yoloworld,443505,34242,0,0,0,0,0.0,0.0,0.0,0.0
refl4,yoloworld,237510,23816,1,1,80,80,1.0,0.9549359649323077,1.0,0.0450640350676923
refl4,yoloworld,365573,33989,1,0,51,80,0.6375,0.5223872787351916,0.7421051046283819,0.21971782589319022
refl4,yoloworld,1000093404,5432,0,0,0,0,0.0,0.0,0.0,0.0
refl4,yoloworld,1001066816,5826,0,0,0,0,0.0,0.0,0.0,0.0
refl4,yoloworld,1000432446,6525,1,0,79,80,0.9875,0.9323122155360776,0.9996835774723672,0.06737136193628968
refl4,yoloworld,62233,28874,1,1,48,80,0.6,0.4843769404954894,0.7079906437446896,0.22361370324920016
refl4,yoloworld,164081,36760,0,0,0,0,0.0,0.0,0.0,0.0
refl4,yoloworld,211576,36091,1,1,63,80,0.7875,0.6817141914403442,0.8710635049024182,0.18934931346207406
refl4,yoloworld,333748,40384,1,0,35,80,0.4375,0.3267639534337789,0.5530024286118197,0.2262384751780408
refl4,yoloworld,76885,17742,1,0,63,80,0.7875,0.6817141914403442,0.8710635049024182,0.18934931346207406
refl4,yoloworld,1000544731,9047,0,0,0,0,0.0,0.0,0.0,0.0
refl4,yoloworld,1000726557,14171,0,0,0,0,0.0,0.0,0.0,0.0
refl4,yoloworld,1001201335,8548,1,1,59,80,0.7375,0.6271491697875681,0.8295907488995917,0.20244157911202365
refl4,yoloworld,536820,27198,1,0,71,80,0.8875,0.7971534080830098,0.9472484868543125,0.15009507877130268
refl4,yoloworld,1001762424,16320,1,0,77,80,0.9625,0.8942980149834914,0.9921988127342833,0.09790079775079197
refl4,yoloworld,1000530094,11142,1,1,37,80,0.4625,0.3502764265383982,0.5775824719951649,0.2273060454567667
refl4,yoloworld,1000091358,16426,1,1,80,80,1.0,0.9549359649323077,1.0,0.0450640350676923
refl4,yoloworld,1002269762,3247,1,0,21,80,0.2625,0.1704092511004083,0.3728508302124319,0.20244157911202362
refl4,yoloworld,1000129708,9883,1,0,67,80,0.8375,0.7381631061748871,0.9105383582774708,0.17237525210258364
refl4,yoloworld,1002093212,8728,1,0,79,80,0.9875,0.9323122155360776,0.9996835774723672,0.06737136193628968
refl4,yoloworld,1001670201,1496,1,0,32,80,0.4,0.2920093562553105,0.5156230595045106,0.2236137032492001
refl4,yoloworld,111000,20509,0,0,0,0,0.0,0.0,0.0,0.0
refl4,yoloworld,1000035010,15336,1,1,58,80,0.725,0.6137565791555909,0.8189623614429612,0.2052057822873703
refl4,yoloworld,1000415317,1977,1,1,72,80,0.9,0.8124348925365683,0.955829059846371,0.1433941673098027
refl4,yoloworld,35265,39191,0,0,0,0,0.0,0.0,0.0,0.0
refl4,yoloworld,144817,18345,1,1,64,80,0.8,0.6956311329945355,0.8811409135950147,0.18550978060047918
refl4,yoloworld,1002015090,6709,1,0,54,80,0.675,0.5610629543955516,0.7755404148225468,0.21447746042699511
refl4,yoloworld,1000916834,10545,1,0,80,80,1.0,0.9549359649323077,1.0,0.0450640350676923
refl4,yoloworld,509039,31565,1,0,63,80,0.7875,0.6817141914403442,0.8710635049024182,0.18934931346207406
refl4,yoloworld,409454,24174,1,1,15,80,0.1875,0.10891368814752944,0.2903278956476912,0.18141420750016174
refl4,yoloworld,1000092405,14858,1,0,68,80,0.85,0.7526358884071023,0.9200184386902862,0.16738255028318394
refl4,yoloworld,1001801759,12948,1,1,80,80,1.0,0.9549359649323077,1.0,0.0450640350676923
refl4,yoloworld,307190,40862,1,1,24,80,0.3,0.20257392914667274,0.412759323081376,0.21018539393470323
refl4,yoloworld,136894,31038,1,0,73,80,0.9125,0.8279916615801152,0.9640936410104413,0.1361019794303261
refl4,yoloworld,23014,39864,1,0,69,80,0.8625,0.7672791291752744,0.9293121672961213,0.1620330381208469
refl4,yoloworld,275811,20352,1,1,69,80,0.8625,0.7672791291752744,0.9293121672961213,0.1620330381208469
refl4,yoloworld,511930,26826,1,0,77,80,0.9625,0.8942980149834914,0.9921988127342833,0.09790079775079197
refl4,yoloworld,59382,35118,1,0,76,80,0.95,0.876901263556847,0.9862106060235382,0.1093093424666911
refl4,yoloworld,193042,30121,1,0,80,80,1.0,0.9549359649323077,1.0,0.0450640350676923
refl4,yoloworld,1001609601,6190,1,0,56,80,0.7,0.5872406769186242,0.7974260708533272,0.21018539393470292
refl4,yoloworld,236036,38008,1,0,63,80,0.7875,0.6817141914403442,0.8710635049024182,0.18934931346207406
refl4,yoloworld,1001494111,14124,1,0,62,80,0.775,0.6679136799387491,0.8608627895010682,0.19294910956231914
refl4,yoloworld,34439,29768,1,1,20,80,0.25,0.1598796445068557,0.35936347590685,0.19948383139999432
refl4,yoloworld,1001951985,3173,1,0,16,80,0.2,0.11885908640498531,0.30436886700546445,0.18550978060047912
refl4,yoloworld,1000531838,6284,1,1,37,80,0.4625,0.3502764265383982,0.5775824719951649,0.2273060454567667
refl4,yoloworld,496097,41619,1,0,34,80,0.425,0.31510976545234215,0.5406111885690619,0.22550142311671972
refl4,yoloworld,1000721093,6328,0,0,0,0,0.0,0.0,0.0,0.0
refl4,yoloworld,1001197411,7934,1,1,53,80,0.6625,0.5480943856258318,0.7644738620163491,0.21637947639051736
refl4,yoloworld,178763,21784,1,0,78,80,0.975,0.9125928440694077,0.9969579138351904,0.08436506976578273
refl4,yoloworld,538805,42478,1,0,70,80,0.875,0.7821108659305637,0.9383979034415657,0.15628703751100204
refl4,yoloworld,281051,38656,0,0,0,0,0.0,0.0,0.0,0.0
refl4,yoloworld,408664,44025,1,1,30,80,0.375,0.2691931699468049,0.4903547644071125,0.2211615944603076
refl4,yoloworld,493471,40196,1,0,48,80,0.6,0.4843769404954894,0.7079906437446896,0.22361370324920016
refl4,yoloworld,517869,32692,1,1,54,80,0.675,0.5610629543955516,0.7755404148225468,0.21447746042699511
refl4,yoloworld,317537,22661,1,1,75,80,0.9375,0.860142924702361,0.9793969276979898,0.11925400299562883
refl4,yoloworld,289696,19370,1,0,79,80,0.9875,0.9323122155360776,0.9996835774723672,0.06737136193628968
refl4,yoloworld,1000549900,441,1,1,80,80,1.0,0.9549359649323077,1.0,0.0450640350676923
refl4,yoloworld,325950,24571,1,1,79,80,0.9875,0.9323122155360776,0.9996835774723672,0.06737136193628968
refl4,yoloworld,1000399114,10030,1,1,41,80,0.5125,0.39810466870318556,0.625942518555561,0.22783784985237548
refl4,yoloworld,7945,43100,0,0,0,0,0.0,0.0,0.0,0.0
refl4,yoloworld,1001151868,4043,1,0,77,80,0.9625,0.8942980149834914,0.9921988127342833,0.09790079775079197
refl4,yoloworld,348639,27523,1,1,80,80,1.0,0.9549359649323077,1.0,0.0450640350676923
refl4,yoloworld,78307,17135,1,0,69,80,0.8625,0.7672791291752744,0.9293121672961213,0.1620330381208469
refl4,yoloworld,1001436070,4654,1,1,37,80,0.4625,0.3502764265383982,0.5775824719951649,0.2273060454567667
refl4,yoloworld,304765,45184,1,1,80,80,1.0,0.9549359649323077,1.0,0.0450640350676923
refl4,yoloworld,474725,29070,1,1,37,80,0.4625,0.3502764265383982,0.5775824719951649,0.2273060454567667
refl4,yoloworld,122667,37421,1,0,10,80,0.125,0.06160209655843424,0.2178891340694363,0.15628703751100206
refl4,yoloworld,1002157872,16751,1,0,67,80,0.8375,0.7381631061748871,0.9105383582774708,0.17237525210258364
refl4,yoloworld,1000347445,14375,0,0,0,0,0.0,0.0,0.0,0.0
refl4,yoloworld,405709,20034,1,0,69,80,0.8625,0.7672791291752744,0.9293121672961213,0.1620330381208469
refl4,yoloworld,440689,42905,1,1,40,80,0.5,0.3860478833649093,0.6139521166350907,0.22790423327018144
refl4,yoloworld,181681,37887,1,1,69,80,0.8625,0.7672791291752744,0.9293121672961213,0.1620330381208469
refl4,yoloworld,216119,38190,1,0,64,80,0.8,0.6956311329945355,0.8811409135950147,0.18550978060047918
refl4,yoloworld,183236,31052,1,1,58,80,0.725,0.6137565791555909,0.8189623614429612,0.2052057822873703
refl4,yoloworld,26498,35722,0,0,0,0,0.0,0.0,0.0,0.0
refl4,yoloworld,1001364499,8714,1,0,56,80,0.7,0.5872406769186242,0.7974260708533272,0.21018539393470292
refl4,yoloworld,493307,30374,1,1,28,80,0.35,0.24667193647253513,0.4647968854793358,0.21812494900680066
refl4,yoloworld,112226,17657,1,1,66,80,0.825,0.7238459604789864,0.9008894901605713,0.17704352968158488
refl4,yoloworld,1000736421,13012,1,0,63,80,0.7875,0.6817141914403442,0.8710635049024182,0.18934931346207406
refl4,yoloworld,474461,21574,1,0,69,80,0.8625,0.7672791291752744,0.9293121672961213,0.1620330381208469
refl4,yoloworld,417276,33364,1,0,64,80,0.8,0.6956311329945355,0.8811409135950147,0.18550978060047918
refl4,yoloworld,1001154771,11643,0,0,0,0,0.0,0.0,0.0,0.0
refl4,yoloworld,1001924277,5669,1,1,75,80,0.9375,0.860142924702361,0.9793969276979898,0.11925400299562883
refl4,yoloworld,1000911368,14061,1,1,61,80,0.7625,0.6542230288597322,0.8505462481433591,0.19632321928362695
refl4,yoloworld,1000030676,4070,0,0,0,0,0.0,0.0,0.0,0.0
refl4,yoloworld,1000020485,1764,1,0,46,80,0.575,0.45938881143093807,0.6848902345476577,0.22550142311671967
refl4,yoloworld,428576,39608,1,1,80,80,1.0,0.9549359649323077,1.0,0.0450640350676923
refl4,yoloworld,89208,29693,1,1,80,80,1.0,0.9549359649323077,1.0,0.0450640350676923
refl4,yoloworld,1001515240,8798,0,0,0,0,0.0,0.0,0.0,0.0
refl4,yoloworld,52751,20568,1,1,69,80,0.8625,0.7672791291752744,0.9293121672961213,0.1620330381208469
refl4,yoloworld,1002253932,14972,1,1,79,80,0.9875,0.9323122155360776,0.9996835774723672,0.06737136193628968
refl4,yoloworld,1000043008,291,1,0,67,80,0.8375,0.7381631061748871,0.9105383582774708,0.17237525210258364
refl4,yoloworld,256930,39266,1,1,80,80,1.0,0.9549359649323077,1.0,0.0450640350676923
refl4,yoloworld,1000612782,13428,1,1,64,80,0.8,0.6956311329945355,0.8811409135950147,0.18550978060047918
refl4,yoloworld,349038,38117,1,1,56,80,0.7,0.5872406769186242,0.7974260708533272,0.21018539393470292
refl4,yoloworld,480014,17192,1,1,32,80,0.4,0.2920093562553105,0.5156230595045106,0.2236137032492001
refl4,yoloworld,1000578716,10569,1,0,48,80,0.6,0.4843769404954894,0.7079906437446896,0.22361370324920016
refl4,yoloworld,269605,31751,1,1,23,80,0.2875,0.19176047197196505,0.3995451133120206,0.20778464134005553
refl4,yoloworld,99451,36071,0,0,0,0,0.0,0.0,0.0,0.0
refl4,yoloworld,72396,28112,1,1,77,80,0.9625,0.8942980149834914,0.9921988127342833,0.09790079775079197
refl4,yoloworld,1001786301,2213,1,0,72,80,0.9,0.8124348925365683,0.955829059846371,0.1433941673098027
refl4,yoloworld,1002092712,8342,1,1,64,80,0.8,0.6956311329945355,0.8811409135950147,0.18550978060047918
refl4,yoloworld,566847,28260,1,1,43,80,0.5375,0.4224175280048351,0.6497235734616016,0.22730604545676647
refl4,yoloworld,204680,18250,1,0,48,80,0.6,0.4843769404954894,0.7079906437446896,0.22361370324920016
refl4,yoloworld,335524,26478,1,1,80,80,1.0,0.9549359649323077,1.0,0.0450640350676923
refl4,yoloworld,1000043219,4682,1,1,80,80,1.0,0.9549359649323077,1.0,0.0450640350676923
refl4,yoloworld,1001116518,1057,0,0,0,0,0.0,0.0,0.0,0.0
refl4,yoloworld,1001722672,1913,1,1,49,80,0.6125,0.4969755425018991,0.7194348668752178,0.22245932437331872
refl4,yoloworld,32818,33077,1,1,58,80,0.725,0.6137565791555909,0.8189623614429612,0.2052057822873703
refl4,yoloworld,1000433832,12160,1,1,29,80,0.3625,0.2578948953716181,0.47761272126480847,0.2197178258931904
refl4,yoloworld,420524,33574,1,0,57,80,0.7125,0.6004548866879794,0.8082395280280349,0.20778464134005548
refl4,yoloworld,110447,20485,1,1,79,80,0.9875,0.9323122155360776,0.9996835774723672,0.06737136193628968
refl4,yoloworld,403358,21998,1,0,79,80,0.9875,0.9323122155360776,0.9996835774723672,0.06737136193628968
refl4,yoloworld,92009,39331,1,1,28,80,0.35,0.24667193647253513,0.4647968854793358,0.21812494900680066
refl4,yoloworld,443410,31454,1,0,73,80,0.9125,0.8279916615801152,0.9640936410104413,0.1361019794303261
refl4,yoloworld,1002222882,8553,1,0,80,80,1.0,0.9549359649323077,1.0,0.0450640350676923
refl4,yoloworld,350335,20564,1,1,45,80,0.5625,0.44699757138818025,0.673236046566221,0.2262384751780408
refl4,yoloworld,1001725781,10996,1,1,80,80,1.0,0.9549359649323077,1.0,0.0450640350676923
refl4,yoloworld,1001361246,14904,1,1,22,80,0.275,0.18103763855703875,0.38624342084440927,0.20520578228737052
refl4,yoloworld,316170,40141,1,1,63,80,0.7875,0.6817141914403442,0.8710635049024182,0.18934931346207406
refl4,yoloworld,264324,43883,1,0,30,80,0.375,0.2691931699468049,0.4903547644071125,0.2211615944603076
refl4,yoloworld,119714,35376,1,0,76,80,0.95,0.876901263556847,0.9862106060235382,0.1093093424666911
refl4,yoloworld,1002007300,9872,1,0,27,80,0.3375,0.23552613798365082,0.4519056143741682,0.21637947639051738
refl4,yoloworld,1002187812,603,1,0,77,80,0.9625,0.8942980149834914,0.9921988127342833,0.09790079775079197
refl4,yoloworld,202617,39752,1,1,43,80,0.5375,0.4224175280048351,0.6497235734616016,0.22730604545676647
refl4,yoloworld,431947,34872,1,0,29,80,0.3625,0.2578948953716181,0.47761272126480847,0.2197178258931904
refl4,yoloworld,145192,34634,1,0,43,80,0.5375,0.4224175280048351,0.6497235734616016,0.22730604545676647
refl4,yoloworld,19959,28535,1,0,47,80,0.5875,0.47184834042520446,0.6964754070624058,0.2246270666372014
refl4,yoloworld,226460,35648,1,1,22,80,0.275,0.18103763855703875,0.38624342084440927,0.20520578228737052
refl4,yoloworld,315411,20699,1,0,31,80,0.3875,0.28056513312478215,0.5030244574981009,0.22245932437331872
refl4,yoloworld,312050,29535,0,0,0,0,0.0,0.0,0.0,0.0
refl4,yoloworld,1002039610,964,1,0,20,80,0.25,0.1598796445068557,0.35936347590685,0.19948383139999432
refl4,yoloworld,493851,25346,1,0,56,80,0.7,0.5872406769186242,0.7974260708533272,0.21018539393470292
refl4,yoloworld,141121,31425,0,0,0,0,0.0,0.0,0.0,0.0
refl4,yoloworld,25515,23308,0,0,0,0,0.0,0.0,0.0,0.0
refl4,yoloworld,1000041750,15421,1,0,80,80,1.0,0.9549359649323077,1.0,0.0450640350676923
refl4,yoloworld,1001136640,15154,1,0,79,80,0.9875,0.9323122155360776,0.9996835774723672,0.06737136193628968
refl4,yoloworld,9218,33959,1,1,41,80,0.5125,0.39810466870318556,0.625942518555561,0.22783784985237548
refl4,yoloworld,556783,40521,1,0,51,80,0.6375,0.5223872787351916,0.7421051046283819,0.21971782589319022
refl4,yoloworld,1001248772,3276,0,0,0,0,0.0,0.0,0.0,0.0
refl4,yoloworld,1001470541,11425,0,0,0,0,0.0,0.0,0.0,0.0
refl4,yoloworld,551524,21828,0,0,0,0,0.0,0.0,0.0,0.0
refl4,yoloworld,1001369145,4669,1,0,80,80,1.0,0.9549359649323077,1.0,0.0450640350676923
refl4,yoloworld,1001857549,5618,1,0,46,80,0.575,0.45938881143093807,0.6848902345476577,0.22550142311671967
refl4,yoloworld,519477,18039,0,0,0,0,0.0,0.0,0.0,0.0
refl4,yoloworld,1000022720,9277,1,0,80,80,1.0,0.9549359649323077,1.0,0.0450640350676923
refl4,yoloworld,1001077997,15562,1,0,80,80,1.0,0.9549359649323077,1.0,0.0450640350676923
refl4,yoloworld,1000546110,16235,0,0,0,0,0.0,0.0,0.0,0.0
refl4,yoloworld,203108,40037,1,1,33,80,0.4125,0.30352459293759415,0.5281516595747955,0.22462706663720133
refl4,yoloworld,1001144940,7897,1,1,45,80,0.5625,0.44699757138818025,0.673236046566221,0.2262384751780408
refl4,yoloworld,153671,25551,0,0,0,0,0.0,0.0,0.0,0.0
refl4,yoloworld,281464,19608,1,0,68,80,0.85,0.7526358884071023,0.9200184386902862,0.16738255028318394
refl4,yoloworld,338549,39637,1,1,41,80,0.5125,0.39810466870318556,0.625942518555561,0.22783784985237548
refl4,yoloworld,1001221608,10162,1,0,66,80,0.825,0.7238459604789864,0.9008894901605713,0.17704352968158488
refl4,yoloworld,1001624102,9359,0,0,0,0,0.0,0.0,0.0,0.0
refl4,yoloworld,519626,17855,1,0,75,80,0.9375,0.860142924702361,0.9793969276979898,0.11925400299562883
refl4,yoloworld,1001663915,16288,1,0,54,80,0.675,0.5610629543955516,0.7755404148225468,0.21447746042699511
refl4,yoloworld,226329,25089,1,1,43,80,0.5375,0.4224175280048351,0.6497235734616016,0.22730604545676647
refl4,yoloworld,31329,42455,1,0,52,80,0.65,0.5352031145206643,0.7533280635274648,0.21812494900680057
refl4,yoloworld,260957,40227,1,0,78,80,0.975,0.9125928440694077,0.9969579138351904,0.08436506976578273
refl4,yoloworld,263744,19602,1,0,45,80,0.5625,0.44699757138818025,0.673236046566221,0.2262384751780408
refl4,yoloworld,137918,33864,1,0,25,80,0.3125,0.21347463110876716,0.4258890738564495,0.2124144427476823
refl4,yoloworld,323218,42773,1,0,71,80,0.8875,0.7971534080830098,0.9472484868543125,0.15009507877130268
refl4,yoloworld,1001882238,11045,1,0,30,80,0.375,0.2691931699468049,0.4903547644071125,0.2211615944603076
refl4,yoloworld,105200,32229,0,0,0,0,0.0,0.0,0.0,0.0
refl4,yoloworld,255016,24132,1,1,30,80,0.375,0.2691931699468049,0.4903547644071125,0.2211615944603076
refl4,yoloworld,522947,43831,1,0,28,80,0.35,0.24667193647253513,0.4647968854793358,0.21812494900680066
refl4,yoloworld,183836,30024,0,0,0,0,0.0,0.0,0.0,0.0
refl4,yoloworld,1001166560,6323,0,0,0,0,0.0,0.0,0.0,0.0
refl4,yoloworld,146584,17313,1,0,36,80,0.45,0.33848638448981544,0.565326020905847,0.2268396364160316
refl4,yoloworld,1000085441,4311,1,0,57,80,0.7125,0.6004548866879794,0.8082395280280349,0.20778464134005548
refl4,yoloworld,314319,18335,1,0,52,80,0.65,0.5352031145206643,0.7533280635274648,0.21812494900680057
refl4,yoloworld,1002119412,5212,0,0,0,0,0.0,0.0,0.0,0.0
refl4,yoloworld,1000021717,14323,1,0,80,80,1.0,0.9549359649323077,1.0,0.0450640350676923
refl4,yoloworld,311620,33063,1,1,34,80,0.425,0.31510976545234215,0.5406111885690619,0.22550142311671972
refl4,yoloworld,326077,31983,1,1,22,80,0.275,0.18103763855703875,0.38624342084440927,0.20520578228737052
refl4,yoloworld,305492,23605,1,0,67,80,0.8375,0.7381631061748871,0.9105383582774708,0.17237525210258364
refl4,yoloworld,344073,35123,1,1,55,80,0.6875,0.5741109261435505,0.7865253688912328,0.21241444274768229
refl4,yoloworld,52929,35131,1,1,60,80,0.75,0.64063652409315,0.8401203554931442,0.19948383139999426
refl4,yoloworld,1001363672,9821,1,0,66,80,0.825,0.7238459604789864,0.9008894901605713,0.17704352968158488
refl4,yoloworld,1001227710,8939,1,1,23,80,0.2875,0.19176047197196505,0.3995451133120206,0.20778464134005553
refl4,yoloworld,1001593145,336,1,0,38,80,0.475,0.3621335816771527,0.5897721586232294,0.2276385769460767
refl4,yoloworld,559760,29268,1,0,40,80,0.5,0.3860478833649093,0.6139521166350907,0.22790423327018144
refl4,yoloworld,1001670956,11,1,0,66,80,0.825,0.7238459604789864,0.9008894901605713,0.17704352968158488
refl4,yoloworld,393629,30465,1,0,24,80,0.3,0.20257392914667274,0.412759323081376,0.21018539393470323
refl4,yoloworld,94564,43161,0,0,0,0,0.0,0.0,0.0,0.0
refl4,yoloworld,343291,24772,0,0,0,0,0.0,0.0,0.0,0.0
refl4,yoloworld,1000522222,6270,1,0,64,80,0.8,0.6956311329945355,0.8811409135950147,0.18550978060047918
refl4,yoloworld,1001165999,3867,1,1,80,80,1.0,0.9549359649323077,1.0,0.0450640350676923
refl4,yoloworld,1000666662,13215,0,0,0,0,0.0,0.0,0.0,0.0
refl4,yoloworld,39580,38854,1,1,51,80,0.6375,0.5223872787351916,0.7421051046283819,0.21971782589319022
refl4,yoloworld,521709,44393,1,0,51,80,0.6375,0.5223872787351916,0.7421051046283819,0.21971782589319022
refl4,yoloworld,1000126431,8135,1,0,71,80,0.8875,0.7971534080830098,0.9472484868543125,0.15009507877130268
refl4,yoloworld,1000389544,14560,0,0,0,0,0.0,0.0,0.0,0.0
refl4,yoloworld,423988,41659,0,0,0,0,0.0,0.0,0.0,0.0
refl4,yoloworld,410916,22135,1,1,63,80,0.7875,0.6817141914403442,0.8710635049024182,0.18934931346207406
refl4,yoloworld,238828,37488,1,1,59,80,0.7375,0.6271491697875681,0.8295907488995917,0.20244157911202365
refl4,yoloworld,385337,31237,0,0,0,0,0.0,0.0,0.0,0.0
refl4,yoloworld,1001856448,16663,0,0,0,0,0.0,0.0,0.0,0.0
refl4,yoloworld,447197,27149,0,0,0,0,0.0,0.0,0.0,0.0
refl4,yoloworld,481292,16993,1,0,29,80,0.3625,0.2578948953716181,0.47761272126480847,0.2197178258931904
refl4,yoloworld,1001833184,503,1,0,36,80,0.45,0.33848638448981544,0.565326020905847,0.2268396364160316
refl4,yoloworld,1000020328,12335,1,1,80,80,1.0,0.9549359649323077,1.0,0.0450640350676923
refl4,yoloworld,59079,29921,1,0,70,80,0.875,0.7821108659305637,0.9383979034415657,0.15628703751100204
refl4,yoloworld,39195,45100,1,0,66,80,0.825,0.7238459604789864,0.9008894901605713,0.17704352968158488
refl4,yoloworld,9185,43537,1,0,77,80,0.9625,0.8942980149834914,0.9921988127342833,0.09790079775079197
refl4,yoloworld,98641,18671,1,0,55,80,0.6875,0.5741109261435505,0.7865253688912328,0.21241444274768229
refl4,yoloworld,1001130627,3170,0,0,0,0,0.0,0.0,0.0,0.0
refl4,yoloworld,222506,25117,1,0,80,80,1.0,0.9549359649323077,1.0,0.0450640350676923
refl4,yoloworld,9018,39801,1,1,47,80,0.5875,0.47184834042520446,0.6964754070624058,0.2246270666372014
refl4,yoloworld,411289,19162,1,1,40,80,0.5,0.3860478833649093,0.6139521166350907,0.22790423327018144
refl4,yoloworld,47554,31167,1,0,80,80,1.0,0.9549359649323077,1.0,0.0450640350676923
refl4,yoloworld,572353,37208,1,1,80,80,1.0,0.9549359649323077,1.0,0.0450640350676923
refl4,yoloworld,113721,29899,0,0,0,0,0.0,0.0,0.0,0.0
refl4,yoloworld,416651,33033,1,1,80,80,1.0,0.9549359649323077,1.0,0.0450640350676923
refl4,yoloworld,307462,19045,1,1,69,80,0.8625,0.7672791291752744,0.9293121672961213,0.1620330381208469
refl4,yoloworld,1000384684,15426,1,0,44,80,0.55,0.43467397909415284,0.6615136155101845,0.22683963641603166
refl4,yoloworld,1001721492,16881,1,0,48,80,0.6,0.4843769404954894,0.7079906437446896,0.22361370324920016
refl4,yoloworld,67807,45208,1,0,36,80,0.45,0.33848638448981544,0.565326020905847,0.2268396364160316
refl4,yoloworld,1000455769,15665,1,1,45,80,0.5625,0.44699757138818025,0.673236046566221,0.2262384751780408
refl4,yoloworld,254660,31633,1,1,69,80,0.8625,0.7672791291752744,0.9293121672961213,0.1620330381208469
refl4,yoloworld,160852,24388,1,0,80,80,1.0,0.9549359649323077,1.0,0.0450640350676923
refl4,yoloworld,1000111717,15221,1,0,75,80,0.9375,0.860142924702361,0.9793969276979898,0.11925400299562883
refl4,yoloworld,57699,22210,1,1,25,80,0.3125,0.21347463110876716,0.4258890738564495,0.2124144427476823
refl4,yoloworld,1001401303,5923,0,0,0,0,0.0,0.0,0.0,0.0
refl4,yoloworld,244095,45075,1,1,69,80,0.8625,0.7672791291752744,0.9293121672961213,0.1620330381208469
refl4,yoloworld,1000064837,9109,1,0,79,80,0.9875,0.9323122155360776,0.9996835774723672,0.06737136193628968
refl4,yoloworld,1001887771,12540,1,0,20,80,0.25,0.1598796445068557,0.35936347590685,0.19948383139999432
refl4,yoloworld,1002059118,4936,1,0,78,80,0.975,0.9125928440694077,0.9969579138351904,0.08436506976578273
refl4,yoloworld,271760,32328,1,0,68,80,0.85,0.7526358884071023,0.9200184386902862,0.16738255028318394
refl4,yoloworld,1000412823,1545,1,0,14,80,0.175,0.09911050983942865,0.27615403952101353,0.17704352968158488
refl4,yoloworld,21504,21260,1,0,55,80,0.6875,0.5741109261435505,0.7865253688912328,0.21241444274768229
refl4,yoloworld,561028,17670,0,0,0,0,0.0,0.0,0.0,0.0
refl4,yoloworld,1002143052,9166,0,0,0,0,0.0,0.0,0.0,0.0
refl4,yoloworld,492894,20682,1,1,43,80,0.5375,0.4224175280048351,0.6497235734616016,0.22730604545676647
refl4,yoloworld,1002099052,4515,1,1,79,80,0.9875,0.9323122155360776,0.9996835774723672,0.06737136193628968
refl4,yoloworld,72454,33765,1,1,30,80,0.375,0.2691931699468049,0.4903547644071125,0.2211615944603076
refl4,yoloworld,426016,41984,1,0,76,80,0.95,0.876901263556847,0.9862106060235382,0.1093093424666911
refl4,yoloworld,1000129723,7465,1,0,70,80,0.875,0.7821108659305637,0.9383979034415657,0.15628703751100204
refl4,yoloworld,319685,25337,1,0,68,80,0.85,0.7526358884071023,0.9200184386902862,0.16738255028318394
refl4,yoloworld,1001887155,3951,1,0,36,80,0.45,0.33848638448981544,0.565326020905847,0.2268396364160316
refl4,yoloworld,152003,30029,1,0,42,80,0.525,0.4102278413767706,0.6378664183228473,0.2276385769460767
refl4,yoloworld,100586,19858,1,1,51,80,0.6375,0.5223872787351916,0.7421051046283819,0.21971782589319022
refl4,yoloworld,257867,32459,1,1,28,80,0.35,0.24667193647253513,0.4647968854793358,0.21812494900680066
refl4,yoloworld,1001658748,16617,1,1,80,80,1.0,0.9549359649323077,1.0,0.0450640350676923
refl4,yoloworld,468276,44540,1,1,63,80,0.7875,0.6817141914403442,0.8710635049024182,0.18934931346207406
refl4,yoloworld,170327,28021,1,0,53,80,0.6625,0.5480943856258318,0.7644738620163491,0.21637947639051736
refl4,yoloworld,1000917028,11917,1,0,50,80,0.625,0.5096452355928875,0.7308068300531951,0.2211615944603076
refl4,yoloworld,1001348625,9035,0,0,0,0,0.0,0.0,0.0,0.0
refl4,yoloworld,1001279915,11120,1,0,60,80,0.75,0.64063652409315,0.8401203554931442,0.19948383139999426
refl4,yoloworld,304408,19910,0,0,0,0,0.0,0.0,0.0,0.0
refl4,yoloworld,1001455188,1348,1,0,59,80,0.7375,0.6271491697875681,0.8295907488995917,0.20244157911202365
refl4,yoloworld,478092,40737,1,1,60,80,0.75,0.64063652409315,0.8401203554931442,0.19948383139999426
refl4,yoloworld,1002202922,2375,1,0,77,80,0.9625,0.8942980149834914,0.9921988127342833,0.09790079775079197
refl4,yoloworld,1002149912,7145,1,0,65,80,0.8125,0.7096721043523089,0.8910863118524706,0.18141420750016168
refl4,yoloworld,12790,42115,1,1,56,80,0.7,0.5872406769186242,0.7974260708533272,0.21018539393470292
refl4,yoloworld,551197,37574,1,0,80,80,1.0,0.9549359649323077,1.0,0.0450640350676923
refl4,yoloworld,1001837138,6755,1,0,28,80,0.35,0.24667193647253513,0.4647968854793358,0.21812494900680066
refl4,yoloworld,302103,27740,1,0,72,80,0.9,0.8124348925365683,0.955829059846371,0.1433941673098027
refl4,yoloworld,224692,31081,1,0,68,80,0.85,0.7526358884071023,0.9200184386902862,0.16738255028318394
refl4,yoloworld,315229,26865,1,0,55,80,0.6875,0.5741109261435505,0.7865253688912328,0.21241444274768229
refl4,yoloworld,1001774307,15546,1,0,62,80,0.775,0.6679136799387491,0.8608627895010682,0.19294910956231914
refl4,yoloworld,94459,22264,1,0,78,80,0.975,0.9125928440694077,0.9969579138351904,0.08436506976578273
refl4,yoloworld,1000026498,11037,1,0,38,80,0.475,0.3621335816771527,0.5897721586232294,0.2276385769460767
refl4,yoloworld,212641,17806,1,0,24,80,0.3,0.20257392914667274,0.412759323081376,0.21018539393470323
refl4,yoloworld,541949,27542,1,1,62,80,0.775,0.6679136799387491,0.8608627895010682,0.19294910956231914
refl4,yoloworld,1000405963,12351,0,0,0,0,0.0,0.0,0.0,0.0
refl4,yoloworld,316557,30417,1,0,12,80,0.15,0.07998156130971382,0.24736411159289767,0.16738255028318386
refl4,yoloworld,1001467483,15550,1,0,58,80,0.725,0.6137565791555909,0.8189623614429612,0.2052057822873703
refl4,yoloworld,1001814699,15092,1,0,79,80,0.9875,0.9323122155360776,0.9996835774723672,0.06737136193628968
refl4,yoloworld,1001296151,548,1,0,80,80,1.0,0.9549359649323077,1.0,0.0450640350676923
refl4,yoloworld,1001486302,11613,1,0,40,80,0.5,0.3860478833649093,0.6139521166350907,0.22790423327018144
refl4,yoloworld,1002036254,10209,1,1,80,80,1.0,0.9549359649323077,1.0,0.0450640350676923
refl4,yoloworld,1000051611,11710,1,1,71,80,0.8875,0.7971534080830098,0.9472484868543125,0.15009507877130268
refl4,yoloworld,243336,31152,1,1,78,80,0.975,0.9125928440694077,0.9969579138351904,0.08436506976578273
refl4,yoloworld,494174,32359,1,0,69,80,0.8625,0.7672791291752744,0.9293121672961213,0.1620330381208469
refl4,yoloworld,1001493781,1848,1,1,79,80,0.9875,0.9323122155360776,0.9996835774723672,0.06737136193628968
refl4,yoloworld,18292,36673,1,0,80,80,1.0,0.9549359649323077,1.0,0.0450640350676923
refl4,yoloworld,453553,42949,0,0,0,0,0.0,0.0,0.0,0.0
refl4,yoloworld,1966,18124,0,0,0,0,0.0,0.0,0.0,0.0
refl4,yoloworld,1001265717,4021,0,0,0,0,0.0,0.0,0.0,0.0
refl4,yoloworld,1001534661,6264,0,0,0,0,0.0,0.0,0.0,0.0
refl4,yoloworld,503541,42566,1,0,37,80,0.4625,0.3502764265383982,0.5775824719951649,0.2273060454567667
refl4,yoloworld,378791,38419,0,0,0,0,0.0,0.0,0.0,0.0
refl4,yoloworld,355621,38233,1,0,72,80,0.9,0.8124348925365683,0.955829059846371,0.1433941673098027
refl4,yoloworld,576376,18778,1,0,14,80,0.175,0.09911050983942865,0.27615403952101353,0.17704352968158488
refl4,yoloworld,530097,41270,1,1,36,80,0.45,0.33848638448981544,0.565326020905847,0.2268396364160316
refl4,yoloworld,1001395204,2031,1,0,80,80,1.0,0.9549359649323077,1.0,0.0450640350676923
refl4,yoloworld,1001635171,5182,0,0,0,0,0.0,0.0,0.0,0.0
refl4,yoloworld,484563,35939,0,0,0,0,0.0,0.0,0.0,0.0
refl4,yoloworld,423114,20132,1,1,65,80,0.8125,0.7096721043523089,0.8910863118524706,0.18141420750016168
refl4,yoloworld,306420,23410,1,0,23,80,0.2875,0.19176047197196505,0.3995451133120206,0.20778464134005553
refl4,yoloworld,1001296731,4828,1,0,80,80,1.0,0.9549359649323077,1.0,0.0450640350676923
refl4,yoloworld,1001726742,12000,1,0,34,80,0.425,0.31510976545234215,0.5406111885690619,0.22550142311671972
refl4,yoloworld,415570,35636,1,0,53,80,0.6625,0.5480943856258318,0.7644738620163491,0.21637947639051736
refl4,yoloworld,287718,29126,0,0,0,0,0.0,0.0,0.0,0.0
refl4,yoloworld,557746,38000,1,1,66,80,0.825,0.7238459604789864,0.9008894901605713,0.17704352968158488
refl4,yoloworld,1001048513,8955,1,0,30,80,0.375,0.2691931699468049,0.4903547644071125,0.2211615944603076
refl4,yoloworld,1001545785,3817,1,0,42,80,0.525,0.4102278413767706,0.6378664183228473,0.2276385769460767
refl4,yoloworld,298110,29708,0,0,0,0,0.0,0.0,0.0,0.0
refl4,yoloworld,197651,41396,1,1,46,80,0.575,0.45938881143093807,0.6848902345476577,0.22550142311671967
refl4,yoloworld,109895,18090,0,0,0,0,0.0,0.0,0.0,0.0
refl4,yoloworld,277507,21274,1,0,42,80,0.525,0.4102278413767706,0.6378664183228473,0.2276385769460767
refl4,yoloworld,1001762071,16814,0,0,0,0,0.0,0.0,0.0,0.0
refl4,yoloworld,224734,19154,0,0,0,0,0.0,0.0,0.0,0.0
refl4,yoloworld,19967,32800,1,1,54,80,0.675,0.5610629543955516,0.7755404148225468,0.21447746042699511
refl4,yoloworld,163840,37525,0,0,0,0,0.0,0.0,0.0,0.0
refl4,yoloworld,1000079392,14418,0,0,0,0,0.0,0.0,0.0,0.0
refl4,yoloworld,1001670894,1075,1,1,61,80,0.7625,0.6542230288597322,0.8505462481433591,0.19632321928362695
refl4,yoloworld,397687,19443,1,0,80,80,1.0,0.9549359649323077,1.0,0.0450640350676923
refl4,yoloworld,1001765035,7487,1,0,9,80,0.1125,0.052751513145687524,0.20284659191699012,0.1500950787713026
refl4,yoloworld,578519,35391,1,0,26,80,0.325,0.22445958517745324,0.4389370456044483,0.21447746042699506
refl4,yoloworld,74217,27462,1,0,30,80,0.375,0.2691931699468049,0.4903547644071125,0.2211615944603076
refl4,yoloworld,453704,44055,1,0,43,80,0.5375,0.4224175280048351,0.6497235734616016,0.22730604545676647
refl4,yoloworld,176342,42201,1,1,74,80,0.925,0.8438720682639279,0.9719794538231588,0.12810738555923085
refl4,yoloworld,2567,42506,1,1,27,80,0.3375,0.23552613798365082,0.4519056143741682,0.21637947639051738
refl4,yoloworld,301218,37617,1,1,51,80,0.6375,0.5223872787351916,0.7421051046283819,0.21971782589319022
refl4,yoloworld,1001216034,412,1,1,48,80,0.6,0.4843769404954894,0.7079906437446896,0.22361370324920016
refl4,yoloworld,1000247396,4294,1,1,26,80,0.325,0.22445958517745324,0.4389370456044483,0.21447746042699506
refl4,yoloworld,1001846415,15232,1,1,80,80,1.0,0.9549359649323077,1.0,0.0450640350676923
refl4,yoloworld,513221,44649,1,0,33,80,0.4125,0.30352459293759415,0.5281516595747955,0.22462706663720133
refl4,yoloworld,108123,24484,0,0,0,0,0.0,0.0,0.0,0.0
refl4,yoloworld,1000976501,6048,1,0,52,80,0.65,0.5352031145206643,0.7533280635274648,0.21812494900680057
refl4,yoloworld,424161,23879,1,1,42,80,0.525,0.4102278413767706,0.6378664183228473,0.2276385769460767
refl4,yoloworld,1000947390,2234,1,0,28,80,0.35,0.24667193647253513,0.4647968854793358,0.21812494900680066
refl4,yoloworld,277267,24100,1,0,26,80,0.325,0.22445958517745324,0.4389370456044483,0.21447746042699506
refl4,yoloworld,1000422996,11058,0,0,0,0,0.0,0.0,0.0,0.0
refl4,yoloworld,335107,35961,1,0,6,80,0.075,0.028020546176841233,0.15612793173607212,0.12810738555923087
refl4,yoloworld,1001502031,2698,1,0,61,80,0.7625,0.6542230288597322,0.8505462481433591,0.19632321928362695
refl4,yoloworld,474545,42799,1,0,67,80,0.8375,0.7381631061748871,0.9105383582774708,0.17237525210258364
refl4,yoloworld,1000064768,9022,0,0,0,0,0.0,0.0,0.0,0.0
refl4,yoloworld,342459,30214,0,0,0,0,0.0,0.0,0.0,0.0
refl4,yoloworld,41730,17925,0,0,0,0,0.0,0.0,0.0,0.0
refl4,yoloworld,113844,26988,1,1,80,80,1.0,0.9549359649323077,1.0,0.0450640350676923
refl4,yoloworld,1000308544,8503,1,0,44,80,0.55,0.43467397909415284,0.6615136155101845,0.22683963641603166
refl4,yoloworld,45226,38513,1,0,72,80,0.9,0.8124348925365683,0.955829059846371,0.1433941673098027
refl4,yoloworld,114060,36101,1,1,61,80,0.7625,0.6542230288597322,0.8505462481433591,0.19632321928362695
refl4,yoloworld,36445,26694,1,1,19,80,0.2375,0.1494537518566408,0.34577697114026784,0.19632321928362703
refl4,yoloworld,507215,37773,1,0,30,80,0.375,0.2691931699468049,0.4903547644071125,0.2211615944603076
refl4,yoloworld,1000060592,5396,1,1,40,80,0.5,0.3860478833649093,0.6139521166350907,0.22790423327018144
refl4,yoloworld,193333,27215,0,0,0,0,0.0,0.0,0.0,0.0
refl4,yoloworld,541212,35746,1,1,65,80,0.8125,0.7096721043523089,0.8910863118524706,0.18141420750016168
refl4,yoloworld,577558,31116,1,1,80,80,1.0,0.9549359649323077,1.0,0.0450640350676923
refl4,yoloworld,1001729846,5451,1,1,31,80,0.3875,0.28056513312478215,0.5030244574981009,0.22245932437331872
refl4,yoloworld,268881,23095,1,1,34,80,0.425,0.31510976545234215,0.5406111885690619,0.22550142311671972
refl4,yoloworld,1000423805,5077,1,1,67,80,0.8375,0.7381631061748871,0.9105383582774708,0.17237525210258364
refl4,yoloworld,1000006177,7866,1,0,66,80,0.825,0.7238459604789864,0.9008894901605713,0.17704352968158488
refl4,yoloworld,1000005463,11373,1,0,33,80,0.4125,0.30352459293759415,0.5281516595747955,0.22462706663720133
refl4,yoloworld,1001131231,6348,1,0,80,80,1.0,0.9549359649323077,1.0,0.0450640350676923
refl4,yoloworld,1001697117,6104,1,0,77,80,0.9625,0.8942980149834914,0.9921988127342833,0.09790079775079197
refl4,yoloworld,1001297429,6881,1,0,80,80,1.0,0.9549359649323077,1.0,0.0450640350676923
refl4,yoloworld,1001537860,10374,1,1,80,80,1.0,0.9549359649323077,1.0,0.0450640350676923
refl4,yoloworld,1001192773,11890,0,0,0,0,0.0,0.0,0.0,0.0
refl4,yoloworld,358788,34941,1,0,29,80,0.3625,0.2578948953716181,0.47761272126480847,0.2197178258931904
refl4,yoloworld,1001046485,15851,1,0,49,80,0.6125,0.4969755425018991,0.7194348668752178,0.22245932437331872
refl4,yoloworld,1000330444,13582,1,0,80,80,1.0,0.9549359649323077,1.0,0.0450640350676923
refl4,yoloworld,431112,25666,1,0,50,80,0.625,0.5096452355928875,0.7308068300531951,0.2211615944603076
refl4,yoloworld,99724,24067,1,1,51,80,0.6375,0.5223872787351916,0.7421051046283819,0.21971782589319022
refl4,yoloworld,1001106358,96,0,0,0,0,0.0,0.0,0.0,0.0
refl4,yoloworld,1000040493,2846,1,0,24,80,0.3,0.20257392914667274,0.412759323081376,0.21018539393470323
refl4,yoloworld,523617,39181,1,1,80,80,1.0,0.9549359649323077,1.0,0.0450640350676923
refl4,yoloworld,290354,22919,1,1,28,80,0.35,0.24667193647253513,0.4647968854793358,0.21812494900680066
refl4,yoloworld,71558,38161,1,1,70,80,0.875,0.7821108659305637,0.9383979034415657,0.15628703751100204
refl4,yoloworld,1000932700,8185,1,1,76,80,0.95,0.876901263556847,0.9862106060235382,0.1093093424666911
refl4,yoloworld,275775,21750,1,0,80,80,1.0,0.9549359649323077,1.0,0.0450640350676923
refl4,yoloworld,491936,21458,1,1,19,80,0.2375,0.1494537518566408,0.34577697114026784,0.19632321928362703
refl4,yoloworld,1001702459,7193,1,0,43,80,0.5375,0.4224175280048351,0.6497235734616016,0.22730604545676647
refl4,yoloworld,556360,28091,1,0,34,80,0.425,0.31510976545234215,0.5406111885690619,0.22550142311671972
refl4,yoloworld,1001788195,4508,0,0,0,0,0.0,0.0,0.0,0.0
refl4,yoloworld,319644,17311,0,0,0,0,0.0,0.0,0.0,0.0
refl4,yoloworld,469427,34479,1,0,34,80,0.425,0.31510976545234215,0.5406111885690619,0.22550142311671972
refl4,yoloworld,253229,29692,0,0,0,0,0.0,0.0,0.0,0.0
refl4,yoloworld,556162,31513,1,1,62,80,0.775,0.6679136799387491,0.8608627895010682,0.19294910956231914
refl4,yoloworld,427628,19507,1,0,25,80,0.3125,0.21347463110876716,0.4258890738564495,0.2124144427476823
refl4,yoloworld,1001029619,11094,1,0,64,80,0.8,0.6956311329945355,0.8811409135950147,0.18550978060047918
refl4,yoloworld,412220,22436,1,1,71,80,0.8875,0.7971534080830098,0.9472484868543125,0.15009507877130268
refl4,yoloworld,421105,24336,0,0,0,0,0.0,0.0,0.0,0.0
refl4,yoloworld,1001724786,4560,0,0,0,0,0.0,0.0,0.0,0.0
refl4,yoloworld,440310,30476,1,1,34,80,0.425,0.31510976545234215,0.5406111885690619,0.22550142311671972
refl4,yoloworld,300197,20348,0,0,0,0,0.0,0.0,0.0,0.0
refl4,yoloworld,178874,17273,1,0,80,80,1.0,0.9549359649323077,1.0,0.0450640350676923
refl4,yoloworld,283673,23456,1,0,80,80,1.0,0.9549359649323077,1.0,0.0450640350676923
refl4,yoloworld,572998,26799,0,0,0,0,0.0,0.0,0.0,0.0
refl4,yoloworld,1001365618,8708,0,0,0,0,0.0,0.0,0.0,0.0
refl4,yoloworld,575049,27775,1,0,39,80,0.4875,0.37405748144443896,0.6018953312968145,0.22783784985237554
refl4,yoloworld,1001236798,13744,1,1,23,80,0.2875,0.19176047197196505,0.3995451133120206,0.20778464134005553
refl4,yoloworld,1000077635,5852,1,1,30,80,0.375,0.2691931699468049,0.4903547644071125,0.2211615944603076
refl4,yoloworld,1001701402,3704,0,0,0,0,0.0,0.0,0.0,0.0
refl4,yoloworld,531834,21248,1,0,80,80,1.0,0.9549359649323077,1.0,0.0450640350676923
refl4,yoloworld,363624,21935,1,0,37,80,0.4625,0.3502764265383982,0.5775824719951649,0.2273060454567667
refl4,yoloworld,106557,38817,0,0,0,0,0.0,0.0,0.0,0.0
refl4,yoloworld,55092,29170,0,0,0,0,0.0,0.0,0.0,0.0
refl4,yoloworld,1000514085,16086,0,0,0,0,0.0,0.0,0.0,0.0
refl4,yoloworld,1001854247,10691,1,0,23,80,0.2875,0.19176047197196505,0.3995451133120206,0.20778464134005553
refl4,yoloworld,317391,38768,1,0,80,80,1.0,0.9549359649323077,1.0,0.0450640350676923
refl4,yoloworld,227490,25937,1,1,57,80,0.7125,0.6004548866879794,0.8082395280280349,0.20778464134005548
refl4,yoloworld,203994,24492,0,0,0,0,0.0,0.0,0.0,0.0
refl4,yoloworld,193663,36160,0,0,0,0,0.0,0.0,0.0,0.0
refl4,yoloworld,241527,21598,1,0,37,80,0.4625,0.3502764265383982,0.5775824719951649,0.2273060454567667
refl4,yoloworld,1000463231,13381,1,0,63,80,0.7875,0.6817141914403442,0.8710635049024182,0.18934931346207406
refl4,yoloworld,1002252432,2315,1,0,61,80,0.7625,0.6542230288597322,0.8505462481433591,0.19632321928362695
refl4,yoloworld,172957,34992,1,0,39,80,0.4875,0.37405748144443896,0.6018953312968145,0.22783784985237554
refl4,yoloworld,1000471573,10364,1,0,17,80,0.2125,0.1289364950975817,0.3182858085596558,0.18934931346207412
refl4,yoloworld,1001085754,665,1,0,43,80,0.5375,0.4224175280048351,0.6497235734616016,0.22730604545676647
refl4,yoloworld,1000950860,4465,1,0,52,80,0.65,0.5352031145206643,0.7533280635274648,0.21812494900680057
refl4,yoloworld,1001153620,90,1,0,53,80,0.6625,0.5480943856258318,0.7644738620163491,0.21637947639051736
refl4,yoloworld,331463,23886,0,0,0,0,0.0,0.0,0.0,0.0
refl4,yoloworld,337704,25740,0,0,0,0,0.0,0.0,0.0,0.0
refl4,yoloworld,161719,31748,0,0,0,0,0.0,0.0,0.0,0.0
refl4,yoloworld,490712,43158,0,0,0,0,0.0,0.0,0.0,0.0
refl4,yoloworld,105859,42562,1,0,65,80,0.8125,0.7096721043523089,0.8910863118524706,0.18141420750016168
refl4,yoloworld,1002259742,3262,0,0,0,0,0.0,0.0,0.0,0.0
refl4,yoloworld,1000040299,834,1,1,79,80,0.9875,0.9323122155360776,0.9996835774723672,0.06737136193628968
refl4,yoloworld,514559,32760,1,1,64,80,0.8,0.6956311329945355,0.8811409135950147,0.18550978060047918
refl4,yoloworld,266515,35730,1,0,80,80,1.0,0.9549359649323077,1.0,0.0450640350676923
refl4,yoloworld,182571,18832,0,0,0,0,0.0,0.0,0.0,0.0
refl4,yoloworld,473403,30215,1,1,77,80,0.9625,0.8942980149834914,0.9921988127342833,0.09790079775079197
refl4,yoloworld,1001730332,11806,0,0,0,0,0.0,0.0,0.0,0.0
refl4,yoloworld,225213,20736,1,0,52,80,0.65,0.5352031145206643,0.7533280635274648,0.21812494900680057
refl4,yoloworld,1001657623,15579,1,0,80,80,1.0,0.9549359649323077,1.0,0.0450640350676923
refl4,yoloworld,448115,23385,0,0,0,0,0.0,0.0,0.0,0.0
refl4,yoloworld,1001311976,10633,1,0,68,80,0.85,0.7526358884071023,0.9200184386902862,0.16738255028318394
refl4,yoloworld,54541,22539,1,0,72,80,0.9,0.8124348925365683,0.955829059846371,0.1433941673098027
refl4,yoloworld,1002027229,11493,1,0,74,80,0.925,0.8438720682639279,0.9719794538231588,0.12810738555923085
refl4,yoloworld,543233,25341,0,0,0,0,0.0,0.0,0.0,0.0
refl4,yoloworld,338978,41916,1,0,48,80,0.6,0.4843769404954894,0.7079906437446896,0.22361370324920016
refl4,yoloworld,527345,22960,1,0,36,80,0.45,0.33848638448981544,0.565326020905847,0.2268396364160316
refl4,yoloworld,157344,34825,0,0,0,0,0.0,0.0,0.0,0.0
refl4,yoloworld,1001874431,13218,0,0,0,0,0.0,0.0,0.0,0.0
refl4,yoloworld,162102,41211,0,0,0,0,0.0,0.0,0.0,0.0
refl4,yoloworld,51706,41819,1,0,79,80,0.9875,0.9323122155360776,0.9996835774723672,0.06737136193628968
refl4,yoloworld,28824,45312,1,0,23,80,0.2875,0.19176047197196505,0.3995451133120206,0.20778464134005553
refl4,yoloworld,1001818097,15094,1,0,56,80,0.7,0.5872406769186242,0.7974260708533272,0.21018539393470292
refl4,yoloworld,1001573163,13811,1,0,80,80,1.0,0.9549359649323077,1.0,0.0450640350676923
refl4,yoloworld,1000085897,13317,1,0,72,80,0.9,0.8124348925365683,0.955829059846371,0.1433941673098027
refl4,yoloworld,379564,38031,1,1,38,80,0.475,0.3621335816771527,0.5897721586232294,0.2276385769460767
refl4,yoloworld,1000956015,11356,1,1,60,80,0.75,0.64063652409315,0.8401203554931442,0.19948383139999426
refl4,yoloworld,188911,23373,1,0,32,80,0.4,0.2920093562553105,0.5156230595045106,0.2236137032492001
refl4,yoloworld,205223,45283,1,1,79,80,0.9875,0.9323122155360776,0.9996835774723672,0.06737136193628968
refl4,yoloworld,221053,27575,0,0,0,0,0.0,0.0,0.0,0.0
refl4,yoloworld,427060,32741,0,0,0,0,0.0,0.0,0.0,0.0
refl4,yoloworld,150044,32761,1,0,43,80,0.5375,0.4224175280048351,0.6497235734616016,0.22730604545676647
refl4,yoloworld,55226,23510,1,0,36,80,0.45,0.33848638448981544,0.565326020905847,0.2268396364160316
refl4,yoloworld,1000450542,4798,1,0,69,80,0.8625,0.7672791291752744,0.9293121672961213,0.1620330381208469
refl4,yoloworld,196170,18341,1,1,28,80,0.35,0.24667193647253513,0.4647968854793358,0.21812494900680066
refl4,yoloworld,282835,40334,0,0,0,0,0.0,0.0,0.0,0.0
refl4,yoloworld,87792,25972,1,0,36,80,0.45,0.33848638448981544,0.565326020905847,0.2268396364160316
refl4,yoloworld,445540,45239,1,1,71,80,0.8875,0.7971534080830098,0.9472484868543125,0.15009507877130268
refl4,yoloworld,1000073093,2803,1,0,29,80,0.3625,0.2578948953716181,0.47761272126480847,0.2197178258931904
refl4,yoloworld,574248,34188,1,0,26,80,0.325,0.22445958517745324,0.4389370456044483,0.21447746042699506
refl4,yoloworld,242145,37742,1,1,35,80,0.4375,0.3267639534337789,0.5530024286118197,0.2262384751780408
refl4,yoloworld,1002015350,6866,1,0,69,80,0.8625,0.7672791291752744,0.9293121672961213,0.1620330381208469
refl4,yoloworld,139568,22527,1,0,23,80,0.2875,0.19176047197196505,0.3995451133120206,0.20778464134005553
refl4,yoloworld,138507,32265,1,1,55,80,0.6875,0.5741109261435505,0.7865253688912328,0.21241444274768229
refl4,yoloworld,329141,33244,1,0,61,80,0.7625,0.6542230288597322,0.8505462481433591,0.19632321928362695
refl4,yoloworld,91917,41465,1,1,71,80,0.8875,0.7971534080830098,0.9472484868543125,0.15009507877130268
refl4,yoloworld,147760,33346,1,1,56,80,0.7,0.5872406769186242,0.7974260708533272,0.21018539393470292
refl4,yoloworld,28069,33820,1,1,67,80,0.8375,0.7381631061748871,0.9105383582774708,0.17237525210258364
refl4,yoloworld,1000056102,13027,1,0,48,80,0.6,0.4843769404954894,0.7079906437446896,0.22361370324920016
refl4,yoloworld,438462,42942,1,1,59,80,0.7375,0.6271491697875681,0.8295907488995917,0.20244157911202365
refl4,yoloworld,1001114865,2599,1,0,64,80,0.8,0.6956311329945355,0.8811409135950147,0.18550978060047918
refl4,yoloworld,206062,30592,1,1,37,80,0.4625,0.3502764265383982,0.5775824719951649,0.2273060454567667
refl4,yoloworld,1002271222,13766,1,0,51,80,0.6375,0.5223872787351916,0.7421051046283819,0.21971782589319022
refl4,yoloworld,1001395117,10810,0,0,0,0,0.0,0.0,0.0,0.0
refl4,yoloworld,1001838088,235,0,0,0,0,0.0,0.0,0.0,0.0
refl4,yoloworld,1001514921,7957,1,0,62,80,0.775,0.6679136799387491,0.8608627895010682,0.19294910956231914
refl4,yoloworld,498297,44648,1,0,64,80,0.8,0.6956311329945355,0.8811409135950147,0.18550978060047918
refl4,yoloworld,191667,34786,1,0,80,80,1.0,0.9549359649323077,1.0,0.0450640350676923
refl4,yoloworld,152479,18222,1,0,30,80,0.375,0.2691931699468049,0.4903547644071125,0.2211615944603076
refl4,yoloworld,334080,22807,1,0,44,80,0.55,0.43467397909415284,0.6615136155101845,0.22683963641603166
refl4,yoloworld,559271,39584,1,0,51,80,0.6375,0.5223872787351916,0.7421051046283819,0.21971782589319022
refl4,yoloworld,1001163044,4090,1,1,48,80,0.6,0.4843769404954894,0.7079906437446896,0.22361370324920016
refl4,yoloworld,1001735086,9396,1,0,48,80,0.6,0.4843769404954894,0.7079906437446896,0.22361370324920016
refl4,yoloworld,1000982903,16556,1,0,68,80,0.85,0.7526358884071023,0.9200184386902862,0.16738255028318394
refl4,yoloworld,432138,43546,0,0,0,0,0.0,0.0,0.0,0.0
refl4,yoloworld,444037,20611,1,0,74,80,0.925,0.8438720682639279,0.9719794538231588,0.12810738555923085
refl4,yoloworld,323960,20901,0,0,0,0,0.0,0.0,0.0,0.0
refl4,yoloworld,33527,29590,1,1,52,80,0.65,0.5352031145206643,0.7533280635274648,0.21812494900680057
refl4,yoloworld,442878,26338,1,0,70,80,0.875,0.7821108659305637,0.9383979034415657,0.15628703751100204
refl4,yoloworld,1001240419,5008,1,0,80,80,1.0,0.9549359649323077,1.0,0.0450640350676923
refl4,yoloworld,1000114169,3724,1,1,24,80,0.3,0.20257392914667274,0.412759323081376,0.21018539393470323
refl4,yoloworld,1000373603,3785,1,0,80,80,1.0,0.9549359649323077,1.0,0.0450640350676923
refl4,yoloworld,1001673763,14846,1,1,80,80,1.0,0.9549359649323077,1.0,0.0450640350676923
refl4,yoloworld,101882,43112,0,0,0,0,0.0,0.0,0.0,0.0
refl4,yoloworld,1001398921,14103,1,0,51,80,0.6375,0.5223872787351916,0.7421051046283819,0.21971782589319022
refl4,yoloworld,104692,18318,1,0,25,80,0.3125,0.21347463110876716,0.4258890738564495,0.2124144427476823
refl4,yoloworld,1001189506,13284,1,0,51,80,0.6375,0.5223872787351916,0.7421051046283819,0.21971782589319022
refl4,yoloworld,1001842161,11216,1,0,18,80,0.225,0.13913721049893182,0.33208632006125094,0.19294910956231912
refl4,yoloworld,1001031213,6903,1,0,80,80,1.0,0.9549359649323077,1.0,0.0450640350676923
refl4,yoloworld,454144,29833,1,1,62,80,0.775,0.6679136799387491,0.8608627895010682,0.19294910956231914
refl4,yoloworld,415499,40122,1,1,75,80,0.9375,0.860142924702361,0.9793969276979898,0.11925400299562883
refl4,yoloworld,390749,22915,1,1,56,80,0.7,0.5872406769186242,0.7974260708533272,0.21018539393470292
refl4,yoloworld,290185,42719,0,0,0,0,0.0,0.0,0.0,0.0
refl4,yoloworld,484307,40397,1,1,75,80,0.9375,0.860142924702361,0.9793969276979898,0.11925400299562883
refl4,yoloworld,1001055730,6902,1,1,52,80,0.65,0.5352031145206643,0.7533280635274648,0.21812494900680057
refl4,yoloworld,274986,33667,1,0,80,80,1.0,0.9549359649323077,1.0,0.0450640350676923
refl4,yoloworld,388935,43149,0,0,0,0,0.0,0.0,0.0,0.0
refl4,yoloworld,153814,40554,1,0,37,80,0.4625,0.3502764265383982,0.5775824719951649,0.2273060454567667
refl4,yoloworld,1001478715,215,1,1,80,80,1.0,0.9549359649323077,1.0,0.0450640350676923
refl4,yoloworld,125234,44339,1,1,80,80,1.0,0.9549359649323077,1.0,0.0450640350676923
refl4,yoloworld,416612,27593,0,0,0,0,0.0,0.0,0.0,0.0
refl4,yoloworld,1001612948,9433,1,0,72,80,0.9,0.8124348925365683,0.955829059846371,0.1433941673098027
refl4,yoloworld,221880,41491,0,0,0,0,0.0,0.0,0.0,0.0
refl4,yoloworld,296894,31638,1,1,76,80,0.95,0.876901263556847,0.9862106060235382,0.1093093424666911
refl4,yoloworld,133295,24258,1,0,72,80,0.9,0.8124348925365683,0.955829059846371,0.1433941673098027
refl4,yoloworld,384888,22775,0,0,0,0,0.0,0.0,0.0,0.0
refl4,yoloworld,392657,26628,1,0,22,80,0.275,0.18103763855703875,0.38624342084440927,0.20520578228737052
refl4,yoloworld,112577,30679,1,1,62,80,0.775,0.6679136799387491,0.8608627895010682,0.19294910956231914
refl4,yoloworld,493626,23760,0,0,0,0,0.0,0.0,0.0,0.0
refl4,yoloworld,1001085899,128,1,0,7,80,0.0875,0.035906358989558754,0.17200833841988486,0.1361019794303261
