model,image_id,ref_id,category_id,query,clean_eligible,raw_clean_candidate_count,tracked_clean_candidate_count,clean_correct,clean_best_iou,diagnostic_budget,diagnostic_probe_count,diagnostic_coverage,diagnostic_coverage_lower,diagnostic_coverage_upper,diagnostic_conditional_ranking,diagnostic_conditional_ranking_lower,diagnostic_conditional_ranking_upper,diagnostic_operational,diagnostic_operational_lower,diagnostic_operational_upper,diagnostic_coverage_risk,diagnostic_ranking_risk,diagnostic_risk_decomposition_error,reference_probe_count,reference_coverage,reference_coverage_lower,reference_coverage_upper,reference_conditional_ranking,reference_conditional_ranking_lower,reference_conditional_ranking_upper,reference_operational,reference_operational_lower,reference_operational_upper,reference_coverage_risk,reference_ranking_risk,reference_risk_decomposition_error,full_manifest_operational
groundingdino,346712,20202,1,boy far left,1,14,5,0,0.0,5,5,1.0,0.47817624989501856,1.0,1.0,0.47817624989501856,1.0,1.0,0.47817624989501856,1.0,0.0,0.0,0.0,80,1.0,0.9549359649323077,1.0,1.0,0.9549359649323077,1.0,1.0,0.9549359649323077,1.0,0.0,0.0,0.0,1.0
groundingdino,346712,20202,1,boy far left,1,14,5,0,0.0,10,10,1.0,0.6915028921812392,1.0,1.0,0.6915028921812392,1.0,1.0,0.6915028921812392,1.0,0.0,0.0,0.0,80,1.0,0.9549359649323077,1.0,1.0,0.9549359649323077,1.0,1.0,0.9549359649323077,1.0,0.0,0.0,0.0,1.0
groundingdino,346712,20202,1,boy far left,1,14,5,0,0.0,20,20,1.0,0.8315665290169146,1.0,1.0,0.8315665290169146,1.0,1.0,0.8315665290169146,1.0,0.0,0.0,0.0,80,1.0,0.9549359649323077,1.0,1.0,0.9549359649323077,1.0,1.0,0.9549359649323077,1.0,0.0,0.0,0.0,1.0
groundingdino,346712,20202,1,boy far left,1,14,5,0,0.0,40,40,1.0,0.9119026971211976,1.0,1.0,0.9119026971211976,1.0,1.0,0.9119026971211976,1.0,0.0,0.0,0.0,80,1.0,0.9549359649323077,1.0,1.0,0.9549359649323077,1.0,1.0,0.9549359649323077,1.0,0.0,0.0,0.0,1.0
groundingdino,125350,39201,1,right wee dude,1,20,5,1,0.9556820035634267,5,5,1.0,0.47817624989501856,1.0,1.0,0.47817624989501856,1.0,1.0,0.47817624989501856,1.0,0.0,0.0,0.0,80,1.0,0.9549359649323077,1.0,1.0,0.9549359649323077,1.0,1.0,0.9549359649323077,1.0,0.0,0.0,0.0,1.0
groundingdino,125350,39201,1,right wee dude,1,20,5,1,0.9556820035634267,10,10,1.0,0.6915028921812392,1.0,1.0,0.6915028921812392,1.0,1.0,0.6915028921812392,1.0,0.0,0.0,0.0,80,1.0,0.9549359649323077,1.0,1.0,0.9549359649323077,1.0,1.0,0.9549359649323077,1.0,0.0,0.0,0.0,1.0
groundingdino,125350,39201,1,right wee dude,1,20,5,1,0.9556820035634267,20,20,1.0,0.8315665290169146,1.0,1.0,0.8315665290169146,1.0,1.0,0.8315665290169146,1.0,0.0,0.0,0.0,80,1.0,0.9549359649323077,1.0,1.0,0.9549359649323077,1.0,1.0,0.9549359649323077,1.0,0.0,0.0,0.0,1.0
groundingdino,125350,39201,1,right wee dude,1,20,5,1,0.9556820035634267,40,40,1.0,0.9119026971211976,1.0,1.0,0.9119026971211976,1.0,1.0,0.9119026971211976,1.0,0.0,0.0,0.0,80,1.0,0.9549359649323077,1.0,1.0,0.9549359649323077,1.0,1.0,0.9549359649323077,1.0,0.0,0.0,0.0,1.0
groundingdino,23967,47975,1,boy in blue on right,1,20,5,1,0.9679432401106909,5,5,1.0,0.47817624989501856,1.0,1.0,0.47817624989501856,1.0,1.0,0.47817624989501856,1.0,0.0,0.0,0.0,80,1.0,0.9549359649323077,1.0,1.0,0.9549359649323077,1.0,1.0,0.9549359649323077,1.0,0.0,0.0,0.0,1.0
groundingdino,23967,47975,1,boy in blue on right,1,20,5,1,0.9679432401106909,10,10,1.0,0.6915028921812392,1.0,1.0,0.6915028921812392,1.0,1.0,0.6915028921812392,1.0,0.0,0.0,0.0,80,1.0,0.9549359649323077,1.0,1.0,0.9549359649323077,1.0,1.0,0.9549359649323077,1.0,0.0,0.0,0.0,1.0
groundingdino,23967,47975,1,boy in blue on right,1,20,5,1,0.9679432401106909,20,20,1.0,0.8315665290169146,1.0,1.0,0.8315665290169146,1.0,1.0,0.8315665290169146,1.0,0.0,0.0,0.0,80,1.0,0.9549359649323077,1.0,1.0,0.9549359649323077,1.0,1.0,0.9549359649323077,1.0,0.0,0.0,0.0,1.0
groundingdino,23967,47975,1,boy in blue on right,1,20,5,1,0.9679432401106909,40,40,1.0,0.9119026971211976,1.0,1.0,0.9119026971211976,1.0,1.0,0.9119026971211976,1.0,0.0,0.0,0.0,80,1.0,0.9549359649323077,1.0,1.0,0.9549359649323077,1.0,1.0,0.9549359649323077,1.0,0.0,0.0,0.0,1.0
groundingdino,65842,44225,55,orange at far left and orange at far right,1,20,5,0,0.08811971906744989,5,5,1.0,0.47817624989501856,1.0,1.0,0.47817624989501856,1.0,1.0,0.47817624989501856,1.0,0.0,0.0,0.0,80,1.0,0.9549359649323077,1.0,0.8625,0.7672791291752744,0.9293121672961213,0.8625,0.7672791291752744,0.9293121672961213,0.0,0.13749999999999996,0.0,1.0
groundingdino,65842,44225,55,orange at far left and orange at far right,1,20,5,0,0.08811971906744989,10,10,1.0,0.6915028921812392,1.0,0.9,0.5549838829718046,0.9974714214555382,0.9,0.5549838829718046,0.9974714214555382,0.0,0.09999999999999998,0.0,80,1.0,0.9549359649323077,1.0,0.8625,0.7672791291752744,0.9293121672961213,0.8625,0.7672791291752744,0.9293121672961213,0.0,0.13749999999999996,0.0,0.9
groundingdino,65842,44225,55,orange at far left and orange at far right,1,20,5,0,0.08811971906744989,20,20,1.0,0.8315665290169146,1.0,0.85,0.6210731734546859,0.9679290628145363,0.85,0.6210731734546859,0.9679290628145363,0.0,0.15000000000000002,0.0,80,1.0,0.9549359649323077,1.0,0.8625,0.7672791291752744,0.9293121672961213,0.8625,0.7672791291752744,0.9293121672961213,0.0,0.13749999999999996,0.0,0.85
groundingdino,65842,44225,55,orange at far left and orange at far right,1,20,5,0,0.08811971906744989,40,40,1.0,0.9119026971211976,1.0,0.925,0.796135251267101,0.9842578201489585,0.925,0.796135251267101,0.9842578201489585,0.0,0.07499999999999996,0.0,80,1.0,0.9549359649323077,1.0,0.8625,0.7672791291752744,0.9293121672961213,0.8625,0.7672791291752744,0.9293121672961213,0.0,0.13749999999999996,0.0,0.925
groundingdino,448531,11612,27,dk blue to left of boy,1,20,5,0,0.08686327770616716,5,5,1.0,0.47817624989501856,1.0,1.0,0.47817624989501856,1.0,1.0,0.47817624989501856,1.0,0.0,0.0,0.0,80,1.0,0.9549359649323077,1.0,1.0,0.9549359649323077,1.0,1.0,0.9549359649323077,1.0,0.0,0.0,0.0,1.0
groundingdino,448531,11612,27,dk blue to left of boy,1,20,5,0,0.08686327770616716,10,10,1.0,0.6915028921812392,1.0,1.0,0.6915028921812392,1.0,1.0,0.6915028921812392,1.0,0.0,0.0,0.0,80,1.0,0.9549359649323077,1.0,1.0,0.9549359649323077,1.0,1.0,0.9549359649323077,1.0,0.0,0.0,0.0,1.0
groundingdino,448531,11612,27,dk blue to left of boy,1,20,5,0,0.08686327770616716,20,20,1.0,0.8315665290169146,1.0,1.0,0.8315665290169146,1.0,1.0,0.8315665290169146,1.0,0.0,0.0,0.0,80,1.0,0.9549359649323077,1.0,1.0,0.9549359649323077,1.0,1.0,0.9549359649323077,1.0,0.0,0.0,0.0,1.0
groundingdino,448531,11612,27,dk blue to left of boy,1,20,5,0,0.08686327770616716,40,40,1.0,0.9119026971211976,1.0,1.0,0.9119026971211976,1.0,1.0,0.9119026971211976,1.0,0.0,0.0,0.0,80,1.0,0.9549359649323077,1.0,1.0,0.9549359649323077,1.0,1.0,0.9549359649323077,1.0,0.0,0.0,0.0,1.0
groundingdino,53643,45379,46,caraffe with water center of pic,1,20,5,1,0.8672438194587192,5,5,1.0,0.47817624989501856,1.0,1.0,0.47817624989501856,1.0,1.0,0.47817624989501856,1.0,0.0,0.0,0.0,80,1.0,0.9549359649323077,1.0,1.0,0.9549359649323077,1.0,1.0,0.9549359649323077,1.0,0.0,0.0,0.0,1.0
groundingdino,53643,45379,46,caraffe with water center of pic,1,20,5,1,0.8672438194587192,10,10,1.0,0.6915028921812392,1.0,1.0,0.6915028921812392,1.0,1.0,0.6915028921812392,1.0,0.0,0.0,0.0,80,1.0,0.9549359649323077,1.0,1.0,0.9549359649323077,1.0,1.0,0.9549359649323077,1.0,0.0,0.0,0.0,1.0
groundingdino,53643,45379,46,caraffe with water center of pic,1,20,5,1,0.8672438194587192,20,20,1.0,0.8315665290169146,1.0,1.0,0.8315665290169146,1.0,1.0,0.8315665290169146,1.0,0.0,0.0,0.0,80,1.0,0.9549359649323077,1.0,1.0,0.9549359649323077,1.0,1.0,0.9549359649323077,1.0,0.0,0.0,0.0,1.0
groundingdino,53643,45379,46,caraffe with water center of pic,1,20,5,1,0.8672438194587192,40,40,1.0,0.9119026971211976,1.0,1.0,0.9119026971211976,1.0,1.0,0.9119026971211976,1.0,0.0,0.0,0.0,80,1.0,0.9549359649323077,1.0,1.0,0.9549359649323077,1.0,1.0,0.9549359649323077,1.0,0.0,0.0,0.0,1.0
groundingdino,119534,39732,47,curly,1,20,5,0,0.0,5,5,1.0,0.47817624989501856,1.0,1.0,0.47817624989501856,1.0,1.0,0.47817624989501856,1.0,0.0,0.0,0.0,80,0.975,0.9125928440694078,0.9969579138351904,1.0,0.9538075796719513,1.0,0.975,0.9125928440694078,0.9969579138351904,0.025000000000000022,0.0,0.0,1.0
groundingdino,119534,39732,47,curly,1,20,5,0,0.0,10,10,1.0,0.6915028921812392,1.0,1.0,0.6915028921812392,1.0,1.0,0.6915028921812392,1.0,0.0,0.0,0.0,80,0.975,0.9125928440694078,0.9969579138351904,1.0,0.9538075796719513,1.0,0.975,0.9125928440694078,0.9969579138351904,0.025000000000000022,0.0,0.0,1.0
groundingdino,119534,39732,47,curly,1,20,5,0,0.0,20,20,1.0,0.8315665290169146,1.0,1.0,0.8315665290169146,1.0,1.0,0.8315665290169146,1.0,0.0,0.0,0.0,80,0.975,0.9125928440694078,0.9969579138351904,1.0,0.9538075796719513,1.0,0.975,0.9125928440694078,0.9969579138351904,0.025000000000000022,0.0,0.0,1.0
groundingdino,119534,39732,47,curly,1,20,5,0,0.0,40,40,1.0,0.9119026971211976,1.0,1.0,0.9119026971211976,1.0,1.0,0.9119026971211976,1.0,0.0,0.0,0.0,80,0.975,0.9125928440694078,0.9969579138351904,1.0,0.9538075796719513,1.0,0.975,0.9125928440694078,0.9969579138351904,0.025000000000000022,0.0,0.0,1.0
groundingdino,279882,26241,8,car closest to man,1,20,5,0,0.0,5,5,1.0,0.47817624989501856,1.0,1.0,0.47817624989501856,1.0,1.0,0.47817624989501856,1.0,0.0,0.0,0.0,80,1.0,0.9549359649323077,1.0,1.0,0.9549359649323077,1.0,1.0,0.9549359649323077,1.0,0.0,0.0,0.0,1.0
groundingdino,279882,26241,8,car closest to man,1,20,5,0,0.0,10,10,1.0,0.6915028921812392,1.0,0.9,0.5549838829718046,0.9974714214555382,0.9,0.5549838829718046,0.9974714214555382,0.0,0.09999999999999998,0.0,80,1.0,0.9549359649323077,1.0,1.0,0.9549359649323077,1.0,1.0,0.9549359649323077,1.0,0.0,0.0,0.0,0.9
groundingdino,279882,26241,8,car closest to man,1,20,5,0,0.0,20,20,1.0,0.8315665290169146,1.0,0.95,0.7512672372279723,0.9987349105020502,0.95,0.7512672372279723,0.9987349105020502,0.0,0.050000000000000044,0.0,80,1.0,0.9549359649323077,1.0,1.0,0.9549359649323077,1.0,1.0,0.9549359649323077,1.0,0.0,0.0,0.0,0.95
groundingdino,279882,26241,8,car closest to man,1,20,5,0,0.0,40,40,1.0,0.9119026971211976,1.0,0.925,0.796135251267101,0.9842578201489585,0.925,0.796135251267101,0.9842578201489585,0.0,0.07499999999999996,0.0,80,1.0,0.9549359649323077,1.0,1.0,0.9549359649323077,1.0,1.0,0.9549359649323077,1.0,0.0,0.0,0.0,0.925
groundingdino,84313,42654,1,lady with glasses,1,20,5,0,0.05137164509880122,5,5,0.8,0.2835820638819106,0.9949492366205319,0.75,0.19412044968324346,0.9936905367902902,0.6,0.14663279963467318,0.9472550494736831,0.19999999999999996,0.2,5.551115123125783e-17,80,0.7375,0.6271491697875681,0.8295907488995917,0.8305084745762712,0.7103115436261428,0.9156098489246088,0.6125,0.4969755425018991,0.7194348668752178,0.26249999999999996,0.125,0.0,0.6
groundingdino,84313,42654,1,lady with glasses,1,20,5,0,0.05137164509880122,10,10,0.7,0.34754714994000274,0.9332604888222655,0.8571428571428571,0.4212768029568048,0.9963897031380994,0.6,0.2623780766069451,0.8784477418801728,0.30000000000000004,0.10000000000000003,5.551115123125783e-17,80,0.7375,0.6271491697875681,0.8295907488995917,0.8305084745762712,0.7103115436261428,0.9156098489246088,0.6125,0.4969755425018991,0.7194348668752178,0.26249999999999996,0.125,0.0,0.6
groundingdino,84313,42654,1,lady with glasses,1,20,5,0,0.05137164509880122,20,20,0.65,0.4078114654671719,0.8460907952154588,0.9230769230769231,0.6397025647321226,0.9980543715026533,0.6,0.3605425873074897,0.8088099392746928,0.35,0.04999999999999997,7.632783294297951e-17,80,0.7375,0.6271491697875681,0.8295907488995917,0.8305084745762712,0.7103115436261428,0.9156098489246088,0.6125,0.4969755425018991,0.7194348668752178,0.26249999999999996,0.125,0.0,0.6
groundingdino,84313,42654,1,lady with glasses,1,20,5,0,0.05137164509880122,40,40,0.7,0.5346837147458767,0.8343727956067644,0.8571428571428571,0.6733473306842048,0.9596643692029087,0.6,0.4332670521932967,0.7513500134122563,0.30000000000000004,0.10000000000000003,5.551115123125783e-17,80,0.7375,0.6271491697875681,0.8295907488995917,0.8305084745762712,0.7103115436261428,0.9156098489246088,0.6125,0.4969755425018991,0.7194348668752178,0.26249999999999996,0.125,0.0,0.6
groundingdino,243153,29382,1,player second from the right,1,20,5,0,0.0,5,5,1.0,0.47817624989501856,1.0,0.4,0.05274495052631693,0.8533672003653268,0.4,0.05274495052631693,0.8533672003653268,0.0,0.6,0.0,80,1.0,0.9549359649323077,1.0,0.4625,0.35027642653839836,0.5775824719951649,0.4625,0.35027642653839836,0.5775824719951649,0.0,0.5375,0.0,0.4
groundingdino,243153,29382,1,player second from the right,1,20,5,0,0.0,10,10,1.0,0.6915028921812392,1.0,0.4,0.1215522581198272,0.7376219233930549,0.4,0.1215522581198272,0.7376219233930549,0.0,0.6,0.0,80,1.0,0.9549359649323077,1.0,0.4625,0.35027642653839836,0.5775824719951649,0.4625,0.35027642653839836,0.5775824719951649,0.0,0.5375,0.0,0.4
groundingdino,243153,29382,1,player second from the right,1,20,5,0,0.0,20,20,1.0,0.8315665290169146,1.0,0.35,0.15390920478454118,0.5921885345328282,0.35,0.15390920478454118,0.5921885345328282,0.0,0.65,0.0,80,1.0,0.9549359649323077,1.0,0.4625,0.35027642653839836,0.5775824719951649,0.4625,0.35027642653839836,0.5775824719951649,0.0,0.5375,0.0,0.35
groundingdino,243153,29382,1,player second from the right,1,20,5,0,0.0,40,40,1.0,0.9119026971211976,1.0,0.375,0.22726272248182594,0.5419852477673891,0.375,0.22726272248182594,0.5419852477673891,0.0,0.625,0.0,80,1.0,0.9549359649323077,1.0,0.4625,0.35027642653839836,0.5775824719951649,0.4625,0.35027642653839836,0.5775824719951649,0.0,0.5375,0.0,0.375
groundingdino,83353,42756,64,the tree in right corner,1,20,5,0,0.019828815915041095,5,5,1.0,0.47817624989501856,1.0,0.8,0.2835820638819106,0.9949492366205319,0.8,0.2835820638819106,0.9949492366205319,0.0,0.19999999999999996,0.0,80,0.9,0.8124348925365684,0.955829059846371,0.7638888888888888,0.649099965987076,0.8560339363545927,0.6875,0.5741109261435505,0.7865253688912328,0.09999999999999998,0.21250000000000005,2.7755575615628914e-17,0.8
groundingdino,83353,42756,64,the tree in right corner,1,20,5,0,0.019828815915041095,10,10,0.9,0.5549838829718046,0.9974714214555382,0.7777777777777778,0.39990642628368794,0.9718550265221018,0.7,0.34754714994000274,0.9332604888222655,0.09999999999999998,0.19999999999999998,8.326672684688674e-17,80,0.9,0.8124348925365684,0.955829059846371,0.7638888888888888,0.649099965987076,0.8560339363545927,0.6875,0.5741109261435505,0.7865253688912328,0.09999999999999998,0.21250000000000005,2.7755575615628914e-17,0.7
groundingdino,83353,42756,64,the tree in right corner,1,20,5,0,0.019828815915041095,20,20,0.95,0.7512672372279723,0.9987349105020502,0.7368421052631579,0.4879706546541273,0.9085342150923335,0.7,0.4572108177237109,0.8810684095942722,0.050000000000000044,0.25,0.0,80,0.9,0.8124348925365684,0.955829059846371,0.7638888888888888,0.649099965987076,0.8560339363545927,0.6875,0.5741109261435505,0.7865253688912328,0.09999999999999998,0.21250000000000005,2.7755575615628914e-17,0.7
groundingdino,83353,42756,64,the tree in right corner,1,20,5,0,0.019828815915041095,40,40,0.925,0.796135251267101,0.9842578201489585,0.7297297297297297,0.5588063664242643,0.862097415586498,0.675,0.5087051245215516,0.8142710332366501,0.07499999999999996,0.25,0.0,80,0.9,0.8124348925365684,0.955829059846371,0.7638888888888888,0.649099965987076,0.8560339363545927,0.6875,0.5741109261435505,0.7865253688912328,0.09999999999999998,0.21250000000000005,2.7755575615628914e-17,0.675
groundingdino,457555,10797,8,blue mercedes truck,1,10,5,0,0.08743087126870293,5,5,1.0,0.47817624989501856,1.0,1.0,0.47817624989501856,1.0,1.0,0.47817624989501856,1.0,0.0,0.0,0.0,80,0.9875,0.9323122155360776,0.9996835774723672,1.0,0.9543787472413889,1.0,0.9875,0.9323122155360776,0.9996835774723672,0.012499999999999956,0.0,0.0,1.0
groundingdino,457555,10797,8,blue mercedes truck,1,10,5,0,0.08743087126870293,10,10,1.0,0.6915028921812392,1.0,1.0,0.6915028921812392,1.0,1.0,0.6915028921812392,1.0,0.0,0.0,0.0,80,0.9875,0.9323122155360776,0.9996835774723672,1.0,0.9543787472413889,1.0,0.9875,0.9323122155360776,0.9996835774723672,0.012499999999999956,0.0,0.0,1.0
groundingdino,457555,10797,8,blue mercedes truck,1,10,5,0,0.08743087126870293,20,20,1.0,0.8315665290169146,1.0,1.0,0.8315665290169146,1.0,1.0,0.8315665290169146,1.0,0.0,0.0,0.0,80,0.9875,0.9323122155360776,0.9996835774723672,1.0,0.9543787472413889,1.0,0.9875,0.9323122155360776,0.9996835774723672,0.012499999999999956,0.0,0.0,1.0
groundingdino,457555,10797,8,blue mercedes truck,1,10,5,0,0.08743087126870293,40,40,0.975,0.8684141415172343,0.9993672550679505,1.0,0.9097488990396657,1.0,0.975,0.8684141415172343,0.9993672550679505,0.025000000000000022,0.0,0.0,80,0.9875,0.9323122155360776,0.9996835774723672,1.0,0.9543787472413889,1.0,0.9875,0.9323122155360776,0.9996835774723672,0.012499999999999956,0.0,0.0,0.975
groundingdino,467145,9958,1,right lady in black,1,20,5,1,0.9514813204556858,5,5,1.0,0.47817624989501856,1.0,1.0,0.47817624989501856,1.0,1.0,0.47817624989501856,1.0,0.0,0.0,0.0,80,1.0,0.9549359649323077,1.0,0.975,0.9125928440694078,0.9969579138351904,0.975,0.9125928440694078,0.9969579138351904,0.0,0.025000000000000022,0.0,1.0
groundingdino,467145,9958,1,right lady in black,1,20,5,1,0.9514813204556858,10,10,1.0,0.6915028921812392,1.0,0.9,0.5549838829718046,0.9974714214555382,0.9,0.5549838829718046,0.9974714214555382,0.0,0.09999999999999998,0.0,80,1.0,0.9549359649323077,1.0,0.975,0.9125928440694078,0.9969579138351904,0.975,0.9125928440694078,0.9969579138351904,0.0,0.025000000000000022,0.0,0.9
groundingdino,467145,9958,1,right lady in black,1,20,5,1,0.9514813204556858,20,20,1.0,0.8315665290169146,1.0,0.95,0.7512672372279723,0.9987349105020502,0.95,0.7512672372279723,0.9987349105020502,0.0,0.050000000000000044,0.0,80,1.0,0.9549359649323077,1.0,0.975,0.9125928440694078,0.9969579138351904,0.975,0.9125928440694078,0.9969579138351904,0.0,0.025000000000000022,0.0,0.95
groundingdino,467145,9958,1,right lady in black,1,20,5,1,0.9514813204556858,40,40,1.0,0.9119026971211976,1.0,0.975,0.8684141415172343,0.9993672550679505,0.975,0.8684141415172343,0.9993672550679505,0.0,0.025000000000000022,0.0,80,1.0,0.9549359649323077,1.0,0.975,0.9125928440694078,0.9969579138351904,0.975,0.9125928440694078,0.9969579138351904,0.0,0.025000000000000022,0.0,0.975
groundingdino,389498,16696,1,man,1,8,5,1,0.9765681728689286,5,5,0.4,0.05274495052631693,0.8533672003653268,1.0,0.15811388300841903,1.0,0.4,0.05274495052631693,0.8533672003653268,0.6,0.0,0.0,80,0.6,0.48437694049548946,0.7079906437446896,1.0,0.9260272146527198,1.0,0.6,0.48437694049548946,0.7079906437446896,0.4,0.0,0.0,0.4
groundingdino,389498,16696,1,man,1,8,5,1,0.9765681728689286,10,10,0.6,0.2623780766069451,0.8784477418801728,1.0,0.5407418735600996,1.0,0.6,0.2623780766069451,0.8784477418801728,0.4,0.0,0.0,80,0.6,0.48437694049548946,0.7079906437446896,1.0,0.9260272146527198,1.0,0.6,0.48437694049548946,0.7079906437446896,0.4,0.0,0.0,0.6
groundingdino,389498,16696,1,man,1,8,5,1,0.9765681728689286,20,20,0.6,0.3605425873074897,0.8088099392746928,1.0,0.7353515306029488,1.0,0.6,0.3605425873074897,0.8088099392746928,0.4,0.0,0.0,80,0.6,0.48437694049548946,0.7079906437446896,1.0,0.9260272146527198,1.0,0.6,0.48437694049548946,0.7079906437446896,0.4,0.0,0.0,0.6
groundingdino,389498,16696,1,man,1,8,5,1,0.9765681728689286,40,40,0.6,0.4332670521932967,0.7513500134122563,1.0,0.8575264022774743,1.0,0.6,0.4332670521932967,0.7513500134122563,0.4,0.0,0.0,80,0.6,0.48437694049548946,0.7079906437446896,1.0,0.9260272146527198,1.0,0.6,0.48437694049548946,0.7079906437446896,0.4,0.0,0.0,0.6
groundingdino,339454,20822,1,woman in white dress with umbrella,1,20,5,1,0.9666777721769035,5,5,1.0,0.47817624989501856,1.0,1.0,0.47817624989501856,1.0,1.0,0.47817624989501856,1.0,0.0,0.0,0.0,80,1.0,0.9549359649323077,1.0,0.95,0.876901263556847,0.9862106060235382,0.95,0.876901263556847,0.9862106060235382,0.0,0.050000000000000044,0.0,1.0
groundingdino,339454,20822,1,woman in white dress with umbrella,1,20,5,1,0.9666777721769035,10,10,1.0,0.6915028921812392,1.0,1.0,0.6915028921812392,1.0,1.0,0.6915028921812392,1.0,0.0,0.0,0.0,80,1.0,0.9549359649323077,1.0,0.95,0.876901263556847,0.9862106060235382,0.95,0.876901263556847,0.9862106060235382,0.0,0.050000000000000044,0.0,1.0
groundingdino,339454,20822,1,woman in white dress with umbrella,1,20,5,1,0.9666777721769035,20,20,1.0,0.8315665290169146,1.0,1.0,0.8315665290169146,1.0,1.0,0.8315665290169146,1.0,0.0,0.0,0.0,80,1.0,0.9549359649323077,1.0,0.95,0.876901263556847,0.9862106060235382,0.95,0.876901263556847,0.9862106060235382,0.0,0.050000000000000044,0.0,1.0
groundingdino,339454,20822,1,woman in white dress with umbrella,1,20,5,1,0.9666777721769035,40,40,1.0,0.9119026971211976,1.0,0.95,0.8308031360405824,0.9938863534006491,0.95,0.8308031360405824,0.9938863534006491,0.0,0.050000000000000044,0.0,80,1.0,0.9549359649323077,1.0,0.95,0.876901263556847,0.9862106060235382,0.95,0.876901263556847,0.9862106060235382,0.0,0.050000000000000044,0.0,0.95
groundingdino,218447,31468,56,broc laying sideways in center of photo,1,20,5,0,0.09900753807537901,5,5,1.0,0.47817624989501856,1.0,1.0,0.47817624989501856,1.0,1.0,0.47817624989501856,1.0,0.0,0.0,0.0,80,0.9875,0.9323122155360776,0.9996835774723672,1.0,0.9543787472413889,1.0,0.9875,0.9323122155360776,0.9996835774723672,0.012499999999999956,0.0,0.0,1.0
groundingdino,218447,31468,56,broc laying sideways in center of photo,1,20,5,0,0.09900753807537901,10,10,1.0,0.6915028921812392,1.0,1.0,0.6915028921812392,1.0,1.0,0.6915028921812392,1.0,0.0,0.0,0.0,80,0.9875,0.9323122155360776,0.9996835774723672,1.0,0.9543787472413889,1.0,0.9875,0.9323122155360776,0.9996835774723672,0.012499999999999956,0.0,0.0,1.0
groundingdino,218447,31468,56,broc laying sideways in center of photo,1,20,5,0,0.09900753807537901,20,20,1.0,0.8315665290169146,1.0,1.0,0.8315665290169146,1.0,1.0,0.8315665290169146,1.0,0.0,0.0,0.0,80,0.9875,0.9323122155360776,0.9996835774723672,1.0,0.9543787472413889,1.0,0.9875,0.9323122155360776,0.9996835774723672,0.012499999999999956,0.0,0.0,1.0
groundingdino,218447,31468,56,broc laying sideways in center of photo,1,20,5,0,0.09900753807537901,40,40,1.0,0.9119026971211976,1.0,1.0,0.9119026971211976,1.0,1.0,0.9119026971211976,1.0,0.0,0.0,0.0,80,0.9875,0.9323122155360776,0.9996835774723672,1.0,0.9543787472413889,1.0,0.9875,0.9323122155360776,0.9996835774723672,0.012499999999999956,0.0,0.0,1.0
groundingdino,55618,45176,1,green woman,1,12,5,1,0.8026436313537626,5,5,1.0,0.47817624989501856,1.0,1.0,0.47817624989501856,1.0,1.0,0.47817624989501856,1.0,0.0,0.0,0.0,80,1.0,0.9549359649323077,1.0,1.0,0.9549359649323077,1.0,1.0,0.9549359649323077,1.0,0.0,0.0,0.0,1.0
groundingdino,55618,45176,1,green woman,1,12,5,1,0.8026436313537626,10,10,1.0,0.6915028921812392,1.0,1.0,0.6915028921812392,1.0,1.0,0.6915028921812392,1.0,0.0,0.0,0.0,80,1.0,0.9549359649323077,1.0,1.0,0.9549359649323077,1.0,1.0,0.9549359649323077,1.0,0.0,0.0,0.0,1.0
groundingdino,55618,45176,1,green woman,1,12,5,1,0.8026436313537626,20,20,1.0,0.8315665290169146,1.0,1.0,0.8315665290169146,1.0,1.0,0.8315665290169146,1.0,0.0,0.0,0.0,80,1.0,0.9549359649323077,1.0,1.0,0.9549359649323077,1.0,1.0,0.9549359649323077,1.0,0.0,0.0,0.0,1.0
groundingdino,55618,45176,1,green woman,1,12,5,1,0.8026436313537626,40,40,1.0,0.9119026971211976,1.0,1.0,0.9119026971211976,1.0,1.0,0.9119026971211976,1.0,0.0,0.0,0.0,80,1.0,0.9549359649323077,1.0,1.0,0.9549359649323077,1.0,1.0,0.9549359649323077,1.0,0.0,0.0,0.0,1.0
groundingdino,226348,30735,1,cut out,1,20,5,0,0.0,5,5,0.8,0.2835820638819106,0.9949492366205319,0.25,0.0063094632097098705,0.8058795503167565,0.2,0.005050763379468061,0.7164179361180893,0.19999999999999996,0.6000000000000001,0.0,80,0.75,0.64063652409315,0.8401203554931442,0.65,0.5159719906294329,0.76867357785154,0.4875,0.37405748144443896,0.6018953312968145,0.25,0.26249999999999996,0.0,0.2
groundingdino,226348,30735,1,cut out,1,20,5,0,0.0,10,10,0.8,0.4439045376923585,0.9747892736731666,0.5,0.15701277048705797,0.842987229512942,0.4,0.1215522581198272,0.7376219233930549,0.19999999999999996,0.4,0.0,80,0.75,0.64063652409315,0.8401203554931442,0.65,0.5159719906294329,0.76867357785154,0.4875,0.37405748144443896,0.6018953312968145,0.25,0.26249999999999996,0.0,0.4
groundingdino,226348,30735,1,cut out,1,20,5,0,0.0,20,20,0.7,0.4572108177237109,0.8810684095942722,0.5714285714285714,0.2886094000383075,0.8233889100178821,0.4,0.1911900607253072,0.6394574126925103,0.30000000000000004,0.3,5.551115123125783e-17,80,0.75,0.64063652409315,0.8401203554931442,0.65,0.5159719906294329,0.76867357785154,0.4875,0.37405748144443896,0.6018953312968145,0.25,0.26249999999999996,0.0,0.4
groundingdino,226348,30735,1,cut out,1,20,5,0,0.0,40,40,0.725,0.5611170928209519,0.8539910080361344,0.5862068965517241,0.38936279139690627,0.7647597902471015,0.425,0.2704290312688629,0.5910994195730366,0.275,0.30000000000000004,1.1102230246251565e-16,80,0.75,0.64063652409315,0.8401203554931442,0.65,0.5159719906294329,0.76867357785154,0.4875,0.37405748144443896,0.6018953312968145,0.25,0.26249999999999996,0.0,0.425
groundingdino,226594,30712,1,girl pink pants,1,20,5,1,0.9366207236811919,5,5,1.0,0.47817624989501856,1.0,1.0,0.47817624989501856,1.0,1.0,0.47817624989501856,1.0,0.0,0.0,0.0,80,1.0,0.9549359649323077,1.0,1.0,0.9549359649323077,1.0,1.0,0.9549359649323077,1.0,0.0,0.0,0.0,1.0
groundingdino,226594,30712,1,girl pink pants,1,20,5,1,0.9366207236811919,10,10,1.0,0.6915028921812392,1.0,1.0,0.6915028921812392,1.0,1.0,0.6915028921812392,1.0,0.0,0.0,0.0,80,1.0,0.9549359649323077,1.0,1.0,0.9549359649323077,1.0,1.0,0.9549359649323077,1.0,0.0,0.0,0.0,1.0
groundingdino,226594,30712,1,girl pink pants,1,20,5,1,0.9366207236811919,20,20,1.0,0.8315665290169146,1.0,1.0,0.8315665290169146,1.0,1.0,0.8315665290169146,1.0,0.0,0.0,0.0,80,1.0,0.9549359649323077,1.0,1.0,0.9549359649323077,1.0,1.0,0.9549359649323077,1.0,0.0,0.0,0.0,1.0
groundingdino,226594,30712,1,girl pink pants,1,20,5,1,0.9366207236811919,40,40,1.0,0.9119026971211976,1.0,1.0,0.9119026971211976,1.0,1.0,0.9119026971211976,1.0,0.0,0.0,0.0,80,1.0,0.9549359649323077,1.0,1.0,0.9549359649323077,1.0,1.0,0.9549359649323077,1.0,0.0,0.0,0.0,1.0
groundingdino,15750,48658,70,pink toilet left side third down,1,20,5,1,0.9716407635914958,5,5,1.0,0.47817624989501856,1.0,1.0,0.47817624989501856,1.0,1.0,0.47817624989501856,1.0,0.0,0.0,0.0,80,0.9375,0.8601429247023609,0.9793969276979898,0.9733333333333334,0.9069684677792745,0.9967540690710339,0.9125,0.8279916615801152,0.9640936410104413,0.0625,0.024999999999999953,6.938893903907228e-17,1.0
groundingdino,15750,48658,70,pink toilet left side third down,1,20,5,1,0.9716407635914958,10,10,0.9,0.5549838829718046,0.9974714214555382,1.0,0.6637328831200572,1.0,0.9,0.5549838829718046,0.9974714214555382,0.09999999999999998,0.0,0.0,80,0.9375,0.8601429247023609,0.9793969276979898,0.9733333333333334,0.9069684677792745,0.9967540690710339,0.9125,0.8279916615801152,0.9640936410104413,0.0625,0.024999999999999953,6.938893903907228e-17,0.9
groundingdino,15750,48658,70,pink toilet left side third down,1,20,5,1,0.9716407635914958,20,20,0.85,0.6210731734546859,0.9679290628145363,1.0,0.8049356770309068,1.0,0.85,0.6210731734546859,0.9679290628145363,0.15000000000000002,0.0,0.0,80,0.9375,0.8601429247023609,0.9793969276979898,0.9733333333333334,0.9069684677792745,0.9967540690710339,0.9125,0.8279916615801152,0.9640936410104413,0.0625,0.024999999999999953,6.938893903907228e-17,0.85
groundingdino,15750,48658,70,pink toilet left side third down,1,20,5,1,0.9716407635914958,40,40,0.9,0.7633626001239001,0.9720745847057807,0.9722222222222222,0.8547107352531468,0.9992969747940952,0.875,0.7319670826382796,0.9581403738613833,0.09999999999999998,0.025000000000000012,1.0408340855860843e-17,80,0.9375,0.8601429247023609,0.9793969276979898,0.9733333333333334,0.9069684677792745,0.9967540690710339,0.9125,0.8279916615801152,0.9640936410104413,0.0625,0.024999999999999953,6.938893903907228e-17,0.875
groundingdino,34810,47052,1,guy in black not jumping,1,19,5,0,0.0,5,5,1.0,0.47817624989501856,1.0,0.6,0.14663279963467318,0.9472550494736831,0.6,0.14663279963467318,0.9472550494736831,0.0,0.4,0.0,80,1.0,0.9549359649323077,1.0,0.4875,0.37405748144443896,0.6018953312968145,0.4875,0.37405748144443896,0.6018953312968145,0.0,0.5125,0.0,0.6
groundingdino,34810,47052,1,guy in black not jumping,1,19,5,0,0.0,10,10,1.0,0.6915028921812392,1.0,0.6,0.2623780766069451,0.8784477418801728,0.6,0.2623780766069451,0.8784477418801728,0.0,0.4,0.0,80,1.0,0.9549359649323077,1.0,0.4875,0.37405748144443896,0.6018953312968145,0.4875,0.37405748144443896,0.6018953312968145,0.0,0.5125,0.0,0.6
groundingdino,34810,47052,1,guy in black not jumping,1,19,5,0,0.0,20,20,1.0,0.8315665290169146,1.0,0.55,0.3152781330405486,0.7694221032240758,0.55,0.3152781330405486,0.7694221032240758,0.0,0.44999999999999996,0.0,80,1.0,0.9549359649323077,1.0,0.4875,0.37405748144443896,0.6018953312968145,0.4875,0.37405748144443896,0.6018953312968145,0.0,0.5125,0.0,0.55
groundingdino,34810,47052,1,guy in black not jumping,1,19,5,0,0.0,40,40,1.0,0.9119026971211976,1.0,0.5,0.33801781373723455,0.6619821862627655,0.5,0.33801781373723455,0.6619821862627655,0.0,0.5,0.0,80,1.0,0.9549359649323077,1.0,0.4875,0.37405748144443896,0.6018953312968145,0.4875,0.37405748144443896,0.6018953312968145,0.0,0.5125,0.0,0.5
groundingdino,550760,2766,1,person on left,1,20,5,1,0.5808475489506667,5,5,1.0,0.47817624989501856,1.0,0.2,0.005050763379468061,0.7164179361180893,0.2,0.005050763379468061,0.7164179361180893,0.0,0.8,0.0,80,1.0,0.9549359649323077,1.0,0.25,0.1598796445068558,0.35936347590685,0.25,0.1598796445068558,0.35936347590685,0.0,0.75,0.0,0.2
groundingdino,550760,2766,1,person on left,1,20,5,1,0.5808475489506667,10,10,1.0,0.6915028921812392,1.0,0.1,0.0025285785444617865,0.4450161170281954,0.1,0.0025285785444617865,0.4450161170281954,0.0,0.9,0.0,80,1.0,0.9549359649323077,1.0,0.25,0.1598796445068558,0.35936347590685,0.25,0.1598796445068558,0.35936347590685,0.0,0.75,0.0,0.1
groundingdino,550760,2766,1,person on left,1,20,5,1,0.5808475489506667,20,20,1.0,0.8315665290169146,1.0,0.1,0.012348527170294813,0.31698271401908235,0.1,0.012348527170294813,0.31698271401908235,0.0,0.9,0.0,80,1.0,0.9549359649323077,1.0,0.25,0.1598796445068558,0.35936347590685,0.25,0.1598796445068558,0.35936347590685,0.0,0.75,0.0,0.1
groundingdino,550760,2766,1,person on left,1,20,5,1,0.5808475489506667,40,40,1.0,0.9119026971211976,1.0,0.15,0.057102258154525895,0.29835266683957645,0.15,0.057102258154525895,0.29835266683957645,0.0,0.85,0.0,80,1.0,0.9549359649323077,1.0,0.25,0.1598796445068558,0.35936347590685,0.25,0.1598796445068558,0.35936347590685,0.0,0.75,0.0,0.15
groundingdino,52109,45518,1,red shirt,1,14,5,0,0.2673998409034812,5,5,1.0,0.47817624989501856,1.0,1.0,0.47817624989501856,1.0,1.0,0.47817624989501856,1.0,0.0,0.0,0.0,80,0.9625,0.8942980149834914,0.9921988127342833,1.0,0.9532219318395959,1.0,0.9625,0.8942980149834914,0.9921988127342833,0.03749999999999998,0.0,0.0,1.0
groundingdino,52109,45518,1,red shirt,1,14,5,0,0.2673998409034812,10,10,0.9,0.5549838829718046,0.9974714214555382,1.0,0.6637328831200572,1.0,0.9,0.5549838829718046,0.9974714214555382,0.09999999999999998,0.0,0.0,80,0.9625,0.8942980149834914,0.9921988127342833,1.0,0.9532219318395959,1.0,0.9625,0.8942980149834914,0.9921988127342833,0.03749999999999998,0.0,0.0,0.9
groundingdino,52109,45518,1,red shirt,1,14,5,0,0.2673998409034812,20,20,0.95,0.7512672372279723,0.9987349105020502,1.0,0.8235330881930346,1.0,0.95,0.7512672372279723,0.9987349105020502,0.050000000000000044,0.0,0.0,80,0.9625,0.8942980149834914,0.9921988127342833,1.0,0.9532219318395959,1.0,0.9625,0.8942980149834914,0.9921988127342833,0.03749999999999998,0.0,0.0,0.95
groundingdino,52109,45518,1,red shirt,1,14,5,0,0.2673998409034812,40,40,0.975,0.8684141415172343,0.9993672550679505,1.0,0.9097488990396657,1.0,0.975,0.8684141415172343,0.9993672550679505,0.025000000000000022,0.0,0.0,80,0.9625,0.8942980149834914,0.9921988127342833,1.0,0.9532219318395959,1.0,0.9625,0.8942980149834914,0.9921988127342833,0.03749999999999998,0.0,0.0,0.975
groundingdino,369805,18360,4,red motorcycle,1,20,5,1,0.8542590552104372,5,5,1.0,0.47817624989501856,1.0,1.0,0.47817624989501856,1.0,1.0,0.47817624989501856,1.0,0.0,0.0,0.0,80,0.875,0.7821108659305637,0.9383979034415657,0.9714285714285714,0.9005710699078315,0.9965209429289579,0.85,0.7526358884071023,0.9200184386902862,0.125,0.02500000000000001,1.3877787807814457e-17,1.0
groundingdino,369805,18360,4,red motorcycle,1,20,5,1,0.8542590552104372,10,10,1.0,0.6915028921812392,1.0,1.0,0.6915028921812392,1.0,1.0,0.6915028921812392,1.0,0.0,0.0,0.0,80,0.875,0.7821108659305637,0.9383979034415657,0.9714285714285714,0.9005710699078315,0.9965209429289579,0.85,0.7526358884071023,0.9200184386902862,0.125,0.02500000000000001,1.3877787807814457e-17,1.0
groundingdino,369805,18360,4,red motorcycle,1,20,5,1,0.8542590552104372,20,20,1.0,0.8315665290169146,1.0,1.0,0.8315665290169146,1.0,1.0,0.8315665290169146,1.0,0.0,0.0,0.0,80,0.875,0.7821108659305637,0.9383979034415657,0.9714285714285714,0.9005710699078315,0.9965209429289579,0.85,0.7526358884071023,0.9200184386902862,0.125,0.02500000000000001,1.3877787807814457e-17,1.0
groundingdino,369805,18360,4,red motorcycle,1,20,5,1,0.8542590552104372,40,40,0.975,0.8684141415172343,0.9993672550679505,1.0,0.9097488990396657,1.0,0.975,0.8684141415172343,0.9993672550679505,0.025000000000000022,0.0,0.0,80,0.875,0.7821108659305637,0.9383979034415657,0.9714285714285714,0.9005710699078315,0.9965209429289579,0.85,0.7526358884071023,0.9200184386902862,0.125,0.02500000000000001,1.3877787807814457e-17,0.975
groundingdino,446670,11759,62,close chair,1,20,5,0,0.11250518794859214,5,5,1.0,0.47817624989501856,1.0,0.4,0.05274495052631693,0.8533672003653268,0.4,0.05274495052631693,0.8533672003653268,0.0,0.6,0.0,80,1.0,0.9549359649323077,1.0,0.5375,0.4224175280048351,0.6497235734616016,0.5375,0.4224175280048351,0.6497235734616016,0.0,0.4625,0.0,0.4
groundingdino,446670,11759,62,close chair,1,20,5,0,0.11250518794859214,10,10,1.0,0.6915028921812392,1.0,0.4,0.1215522581198272,0.7376219233930549,0.4,0.1215522581198272,0.7376219233930549,0.0,0.6,0.0,80,1.0,0.9549359649323077,1.0,0.5375,0.4224175280048351,0.6497235734616016,0.5375,0.4224175280048351,0.6497235734616016,0.0,0.4625,0.0,0.4
groundingdino,446670,11759,62,close chair,1,20,5,0,0.11250518794859214,20,20,1.0,0.8315665290169146,1.0,0.55,0.3152781330405486,0.7694221032240758,0.55,0.3152781330405486,0.7694221032240758,0.0,0.44999999999999996,0.0,80,1.0,0.9549359649323077,1.0,0.5375,0.4224175280048351,0.6497235734616016,0.5375,0.4224175280048351,0.6497235734616016,0.0,0.4625,0.0,0.55
groundingdino,446670,11759,62,close chair,1,20,5,0,0.11250518794859214,40,40,1.0,0.9119026971211976,1.0,0.475,0.31511970663498623,0.6387198647359378,0.475,0.31511970663498623,0.6387198647359378,0.0,0.525,0.0,80,1.0,0.9549359649323077,1.0,0.5375,0.4224175280048351,0.6497235734616016,0.5375,0.4224175280048351,0.6497235734616016,0.0,0.4625,0.0,0.475
groundingdino,156258,36577,67,left side of table,1,20,5,0,0.4402885116291888,5,5,1.0,0.47817624989501856,1.0,1.0,0.47817624989501856,1.0,1.0,0.47817624989501856,1.0,0.0,0.0,0.0,80,0.7125,0.6004548866879794,0.8082395280280349,1.0,0.9373325190855151,1.0,0.7125,0.6004548866879794,0.8082395280280349,0.2875,0.0,0.0,1.0
groundingdino,156258,36577,67,left side of table,1,20,5,0,0.4402885116291888,10,10,0.9,0.5549838829718046,0.9974714214555382,1.0,0.6637328831200572,1.0,0.9,0.5549838829718046,0.9974714214555382,0.09999999999999998,0.0,0.0,80,0.7125,0.6004548866879794,0.8082395280280349,1.0,0.9373325190855151,1.0,0.7125,0.6004548866879794,0.8082395280280349,0.2875,0.0,0.0,0.9
groundingdino,156258,36577,67,left side of table,1,20,5,0,0.4402885116291888,20,20,0.8,0.5633859970033317,0.9426660029499673,1.0,0.7940927857921773,1.0,0.8,0.5633859970033317,0.9426660029499673,0.19999999999999996,0.0,0.0,80,0.7125,0.6004548866879794,0.8082395280280349,1.0,0.9373325190855151,1.0,0.7125,0.6004548866879794,0.8082395280280349,0.2875,0.0,0.0,0.8
groundingdino,156258,36577,67,left side of table,1,20,5,0,0.4402885116291888,40,40,0.75,0.5880380198485702,0.873085201067155,1.0,0.8842966917779722,1.0,0.75,0.5880380198485702,0.873085201067155,0.25,0.0,0.0,80,0.7125,0.6004548866879794,0.8082395280280349,1.0,0.9373325190855151,1.0,0.7125,0.6004548866879794,0.8082395280280349,0.2875,0.0,0.0,0.75
groundingdino,291493,25281,54,bottom sandwich,1,13,5,1,0.6632088513155432,5,5,1.0,0.47817624989501856,1.0,1.0,0.47817624989501856,1.0,1.0,0.47817624989501856,1.0,0.0,0.0,0.0,80,0.825,0.7238459604789864,0.9008894901605713,0.8939393939393939,0.793606517867613,0.9562815509014071,0.7375,0.6271491697875681,0.8295907488995917,0.17500000000000004,0.08750000000000001,9.71445146547012e-17,1.0
groundingdino,291493,25281,54,bottom sandwich,1,13,5,1,0.6632088513155432,10,10,0.9,0.5549838829718046,0.9974714214555382,1.0,0.6637328831200572,1.0,0.9,0.5549838829718046,0.9974714214555382,0.09999999999999998,0.0,0.0,80,0.825,0.7238459604789864,0.9008894901605713,0.8939393939393939,0.793606517867613,0.9562815509014071,0.7375,0.6271491697875681,0.8295907488995917,0.17500000000000004,0.08750000000000001,9.71445146547012e-17,0.9
groundingdino,291493,25281,54,bottom sandwich,1,13,5,1,0.6632088513155432,20,20,0.85,0.6210731734546859,0.9679290628145363,0.9411764705882353,0.7131106033327794,0.9985118256087334,0.8,0.5633859970033317,0.9426660029499673,0.15000000000000002,0.05000000000000001,7.632783294297951e-17,80,0.825,0.7238459604789864,0.9008894901605713,0.8939393939393939,0.793606517867613,0.9562815509014071,0.7375,0.6271491697875681,0.8295907488995917,0.17500000000000004,0.08750000000000001,9.71445146547012e-17,0.8
groundingdino,291493,25281,54,bottom sandwich,1,13,5,1,0.6632088513155432,40,40,0.825,0.6722098666384142,0.9266172706479148,0.9696969696969697,0.8424060277275032,0.9992330879249519,0.8,0.6435219813207653,0.9094775906000093,0.17500000000000004,0.024999999999999977,6.591949208711867e-17,80,0.825,0.7238459604789864,0.9008894901605713,0.8939393939393939,0.793606517867613,0.9562815509014071,0.7375,0.6271491697875681,0.8295907488995917,0.17500000000000004,0.08750000000000001,9.71445146547012e-17,0.8
groundingdino,520831,5305,1,skier in red,1,20,5,1,0.9611701161805741,5,5,1.0,0.47817624989501856,1.0,1.0,0.47817624989501856,1.0,1.0,0.47817624989501856,1.0,0.0,0.0,0.0,80,1.0,0.9549359649323077,1.0,1.0,0.9549359649323077,1.0,1.0,0.9549359649323077,1.0,0.0,0.0,0.0,1.0
groundingdino,520831,5305,1,skier in red,1,20,5,1,0.9611701161805741,10,10,1.0,0.6915028921812392,1.0,1.0,0.6915028921812392,1.0,1.0,0.6915028921812392,1.0,0.0,0.0,0.0,80,1.0,0.9549359649323077,1.0,1.0,0.9549359649323077,1.0,1.0,0.9549359649323077,1.0,0.0,0.0,0.0,1.0
groundingdino,520831,5305,1,skier in red,1,20,5,1,0.9611701161805741,20,20,1.0,0.8315665290169146,1.0,1.0,0.8315665290169146,1.0,1.0,0.8315665290169146,1.0,0.0,0.0,0.0,80,1.0,0.9549359649323077,1.0,1.0,0.9549359649323077,1.0,1.0,0.9549359649323077,1.0,0.0,0.0,0.0,1.0
groundingdino,520831,5305,1,skier in red,1,20,5,1,0.9611701161805741,40,40,1.0,0.9119026971211976,1.0,1.0,0.9119026971211976,1.0,1.0,0.9119026971211976,1.0,0.0,0.0,0.0,80,1.0,0.9549359649323077,1.0,1.0,0.9549359649323077,1.0,1.0,0.9549359649323077,1.0,0.0,0.0,0.0,1.0
groundingdino,83093,42773,1,boy in brown shirt,1,20,5,1,0.9559035799213335,5,5,1.0,0.47817624989501856,1.0,1.0,0.47817624989501856,1.0,1.0,0.47817624989501856,1.0,0.0,0.0,0.0,80,1.0,0.9549359649323077,1.0,1.0,0.9549359649323077,1.0,1.0,0.9549359649323077,1.0,0.0,0.0,0.0,1.0
groundingdino,83093,42773,1,boy in brown shirt,1,20,5,1,0.9559035799213335,10,10,1.0,0.6915028921812392,1.0,1.0,0.6915028921812392,1.0,1.0,0.6915028921812392,1.0,0.0,0.0,0.0,80,1.0,0.9549359649323077,1.0,1.0,0.9549359649323077,1.0,1.0,0.9549359649323077,1.0,0.0,0.0,0.0,1.0
groundingdino,83093,42773,1,boy in brown shirt,1,20,5,1,0.9559035799213335,20,20,1.0,0.8315665290169146,1.0,1.0,0.8315665290169146,1.0,1.0,0.8315665290169146,1.0,0.0,0.0,0.0,80,1.0,0.9549359649323077,1.0,1.0,0.9549359649323077,1.0,1.0,0.9549359649323077,1.0,0.0,0.0,0.0,1.0
groundingdino,83093,42773,1,boy in brown shirt,1,20,5,1,0.9559035799213335,40,40,1.0,0.9119026971211976,1.0,1.0,0.9119026971211976,1.0,1.0,0.9119026971211976,1.0,0.0,0.0,0.0,80,1.0,0.9549359649323077,1.0,1.0,0.9549359649323077,1.0,1.0,0.9549359649323077,1.0,0.0,0.0,0.0,1.0
groundingdino,458633,10693,21,blk cow,1,20,5,0,0.27751329652843204,5,5,0.8,0.2835820638819106,0.9949492366205319,1.0,0.3976353643835254,1.0,0.8,0.2835820638819106,0.9949492366205319,0.19999999999999996,0.0,0.0,80,0.9,0.8124348925365684,0.955829059846371,1.0,0.9500559162941453,1.0,0.9,0.8124348925365684,0.955829059846371,0.09999999999999998,0.0,0.0,0.8
groundingdino,458633,10693,21,blk cow,1,20,5,0,0.27751329652843204,10,10,0.8,0.4439045376923585,0.9747892736731666,1.0,0.6305833524471808,1.0,0.8,0.4439045376923585,0.9747892736731666,0.19999999999999996,0.0,0.0,80,0.9,0.8124348925365684,0.955829059846371,1.0,0.9500559162941453,1.0,0.9,0.8124348925365684,0.955829059846371,0.09999999999999998,0.0,0.0,0.8
groundingdino,458633,10693,21,blk cow,1,20,5,0,0.27751329652843204,20,20,0.9,0.6830172859809176,0.9876514728297052,1.0,0.8146980318621478,1.0,0.9,0.6830172859809176,0.9876514728297052,0.09999999999999998,0.0,0.0,80,0.9,0.8124348925365684,0.955829059846371,1.0,0.9500559162941453,1.0,0.9,0.8124348925365684,0.955829059846371,0.09999999999999998,0.0,0.0,0.9
groundingdino,458633,10693,21,blk cow,1,20,5,0,0.27751329652843204,40,40,0.95,0.8308031360405824,0.9938863534006491,1.0,0.9074872385841217,1.0,0.95,0.8308031360405824,0.9938863534006491,0.050000000000000044,0.0,0.0,80,0.9,0.8124348925365684,0.955829059846371,1.0,0.9500559162941453,1.0,0.9,0.8124348925365684,0.955829059846371,0.09999999999999998,0.0,0.0,0.95
groundingdino,77417,43254,72,left monitor,1,20,5,1,0.9234201021006624,5,5,1.0,0.47817624989501856,1.0,1.0,0.47817624989501856,1.0,1.0,0.47817624989501856,1.0,0.0,0.0,0.0,80,1.0,0.9549359649323077,1.0,1.0,0.9549359649323077,1.0,1.0,0.9549359649323077,1.0,0.0,0.0,0.0,1.0
groundingdino,77417,43254,72,left monitor,1,20,5,1,0.9234201021006624,10,10,1.0,0.6915028921812392,1.0,1.0,0.6915028921812392,1.0,1.0,0.6915028921812392,1.0,0.0,0.0,0.0,80,1.0,0.9549359649323077,1.0,1.0,0.9549359649323077,1.0,1.0,0.9549359649323077,1.0,0.0,0.0,0.0,1.0
groundingdino,77417,43254,72,left monitor,1,20,5,1,0.9234201021006624,20,20,1.0,0.8315665290169146,1.0,1.0,0.8315665290169146,1.0,1.0,0.8315665290169146,1.0,0.0,0.0,0.0,80,1.0,0.9549359649323077,1.0,1.0,0.9549359649323077,1.0,1.0,0.9549359649323077,1.0,0.0,0.0,0.0,1.0
groundingdino,77417,43254,72,left monitor,1,20,5,1,0.9234201021006624,40,40,1.0,0.9119026971211976,1.0,1.0,0.9119026971211976,1.0,1.0,0.9119026971211976,1.0,0.0,0.0,0.0,80,1.0,0.9549359649323077,1.0,1.0,0.9549359649323077,1.0,1.0,0.9549359649323077,1.0,0.0,0.0,0.0,1.0
groundingdino,184835,34252,1,dude sitting with face covered in black,1,20,5,0,0.0,5,5,1.0,0.47817624989501856,1.0,1.0,0.47817624989501856,1.0,1.0,0.47817624989501856,1.0,0.0,0.0,0.0,80,0.975,0.9125928440694078,0.9969579138351904,1.0,0.9538075796719513,1.0,0.975,0.9125928440694078,0.9969579138351904,0.025000000000000022,0.0,0.0,1.0
groundingdino,184835,34252,1,dude sitting with face covered in black,1,20,5,0,0.0,10,10,1.0,0.6915028921812392,1.0,1.0,0.6915028921812392,1.0,1.0,0.6915028921812392,1.0,0.0,0.0,0.0,80,0.975,0.9125928440694078,0.9969579138351904,1.0,0.9538075796719513,1.0,0.975,0.9125928440694078,0.9969579138351904,0.025000000000000022,0.0,0.0,1.0
groundingdino,184835,34252,1,dude sitting with face covered in black,1,20,5,0,0.0,20,20,1.0,0.8315665290169146,1.0,1.0,0.8315665290169146,1.0,1.0,0.8315665290169146,1.0,0.0,0.0,0.0,80,0.975,0.9125928440694078,0.9969579138351904,1.0,0.9538075796719513,1.0,0.975,0.9125928440694078,0.9969579138351904,0.025000000000000022,0.0,0.0,1.0
groundingdino,184835,34252,1,dude sitting with face covered in black,1,20,5,0,0.0,40,40,1.0,0.9119026971211976,1.0,1.0,0.9119026971211976,1.0,1.0,0.9119026971211976,1.0,0.0,0.0,0.0,80,0.975,0.9125928440694078,0.9969579138351904,1.0,0.9538075796719513,1.0,0.975,0.9125928440694078,0.9969579138351904,0.025000000000000022,0.0,0.0,1.0
groundingdino,35995,46945,1,man in a tie,1,20,5,1,0.9440524895676148,5,5,1.0,0.47817624989501856,1.0,0.6,0.14663279963467318,0.9472550494736831,0.6,0.14663279963467318,0.9472550494736831,0.0,0.4,0.0,80,1.0,0.9549359649323077,1.0,0.525,0.4102278413767706,0.6378664183228473,0.525,0.4102278413767706,0.6378664183228473,0.0,0.475,0.0,0.6
groundingdino,35995,46945,1,man in a tie,1,20,5,1,0.9440524895676148,10,10,1.0,0.6915028921812392,1.0,0.6,0.2623780766069451,0.8784477418801728,0.6,0.2623780766069451,0.8784477418801728,0.0,0.4,0.0,80,1.0,0.9549359649323077,1.0,0.525,0.4102278413767706,0.6378664183228473,0.525,0.4102278413767706,0.6378664183228473,0.0,0.475,0.0,0.6
groundingdino,35995,46945,1,man in a tie,1,20,5,1,0.9440524895676148,20,20,1.0,0.8315665290169146,1.0,0.5,0.27195784956079183,0.7280421504392082,0.5,0.27195784956079183,0.7280421504392082,0.0,0.5,0.0,80,1.0,0.9549359649323077,1.0,0.525,0.4102278413767706,0.6378664183228473,0.525,0.4102278413767706,0.6378664183228473,0.0,0.475,0.0,0.5
groundingdino,35995,46945,1,man in a tie,1,20,5,1,0.9440524895676148,40,40,1.0,0.9119026971211976,1.0,0.475,0.31511970663498623,0.6387198647359378,0.475,0.31511970663498623,0.6387198647359378,0.0,0.525,0.0,80,1.0,0.9549359649323077,1.0,0.525,0.4102278413767706,0.6378664183228473,0.525,0.4102278413767706,0.6378664183228473,0.0,0.475,0.0,0.475
groundingdino,103430,40996,58,bottom right bun,1,20,5,0,0.0,5,5,1.0,0.47817624989501856,1.0,0.6,0.14663279963467318,0.9472550494736831,0.6,0.14663279963467318,0.9472550494736831,0.0,0.4,0.0,80,0.925,0.8438720682639279,0.9719794538231588,0.7027027027027027,0.5851647453138276,0.8034160457876345,0.65,0.5352031145206642,0.7533280635274648,0.07499999999999996,0.27499999999999997,5.551115123125783e-17,0.6
groundingdino,103430,40996,58,bottom right bun,1,20,5,0,0.0,10,10,0.9,0.5549838829718046,0.9974714214555382,0.7777777777777778,0.39990642628368794,0.9718550265221018,0.7,0.34754714994000274,0.9332604888222655,0.09999999999999998,0.19999999999999998,8.326672684688674e-17,80,0.925,0.8438720682639279,0.9719794538231588,0.7027027027027027,0.5851647453138276,0.8034160457876345,0.65,0.5352031145206642,0.7533280635274648,0.07499999999999996,0.27499999999999997,5.551115123125783e-17,0.7
groundingdino,103430,40996,58,bottom right bun,1,20,5,0,0.0,20,20,0.9,0.6830172859809176,0.9876514728297052,0.7222222222222222,0.4651980344169439,0.9030507874744407,0.65,0.4078114654671719,0.8460907952154588,0.09999999999999998,0.25,0.0,80,0.925,0.8438720682639279,0.9719794538231588,0.7027027027027027,0.5851647453138276,0.8034160457876345,0.65,0.5352031145206642,0.7533280635274648,0.07499999999999996,0.27499999999999997,5.551115123125783e-17,0.65
groundingdino,103430,40996,58,bottom right bun,1,20,5,0,0.0,40,40,0.925,0.796135251267101,0.9842578201489585,0.7027027027027027,0.5302004650059331,0.8412745636203715,0.65,0.48315554635100944,0.793717509129233,0.07499999999999996,0.27499999999999997,5.551115123125783e-17,80,0.925,0.8438720682639279,0.9719794538231588,0.7027027027027027,0.5851647453138276,0.8034160457876345,0.65,0.5352031145206642,0.7533280635274648,0.07499999999999996,0.27499999999999997,5.551115123125783e-17,0.65
groundingdino,340971,20658,62,white chair bottom left,1,20,5,0,0.19131847501362248,5,5,1.0,0.47817624989501856,1.0,1.0,0.47817624989501856,1.0,1.0,0.47817624989501856,1.0,0.0,0.0,0.0,80,1.0,0.9549359649323077,1.0,0.9375,0.8601429247023609,0.9793969276979898,0.9375,0.8601429247023609,0.9793969276979898,0.0,0.0625,0.0,1.0
groundingdino,340971,20658,62,white chair bottom left,1,20,5,0,0.19131847501362248,10,10,1.0,0.6915028921812392,1.0,1.0,0.6915028921812392,1.0,1.0,0.6915028921812392,1.0,0.0,0.0,0.0,80,1.0,0.9549359649323077,1.0,0.9375,0.8601429247023609,0.9793969276979898,0.9375,0.8601429247023609,0.9793969276979898,0.0,0.0625,0.0,1.0
groundingdino,340971,20658,62,white chair bottom left,1,20,5,0,0.19131847501362248,20,20,1.0,0.8315665290169146,1.0,1.0,0.8315665290169146,1.0,1.0,0.8315665290169146,1.0,0.0,0.0,0.0,80,1.0,0.9549359649323077,1.0,0.9375,0.8601429247023609,0.9793969276979898,0.9375,0.8601429247023609,0.9793969276979898,0.0,0.0625,0.0,1.0
groundingdino,340971,20658,62,white chair bottom left,1,20,5,0,0.19131847501362248,40,40,1.0,0.9119026971211976,1.0,0.975,0.8684141415172343,0.9993672550679505,0.975,0.8684141415172343,0.9993672550679505,0.0,0.025000000000000022,0.0,80,1.0,0.9549359649323077,1.0,0.9375,0.8601429247023609,0.9793969276979898,0.9375,0.8601429247023609,0.9793969276979898,0.0,0.0625,0.0,0.975
groundingdino,97939,41436,1,girl with phone,1,20,5,0,0.28143006318891006,5,5,1.0,0.47817624989501856,1.0,1.0,0.47817624989501856,1.0,1.0,0.47817624989501856,1.0,0.0,0.0,0.0,80,0.9875,0.9323122155360776,0.9996835774723672,0.9746835443037974,0.9115230072043964,0.99691921921458,0.9625,0.8942980149834914,0.9921988127342833,0.012499999999999956,0.025000000000000026,3.469446951953614e-18,1.0
groundingdino,97939,41436,1,girl with phone,1,20,5,0,0.28143006318891006,10,10,1.0,0.6915028921812392,1.0,1.0,0.6915028921812392,1.0,1.0,0.6915028921812392,1.0,0.0,0.0,0.0,80,0.9875,0.9323122155360776,0.9996835774723672,0.9746835443037974,0.9115230072043964,0.99691921921458,0.9625,0.8942980149834914,0.9921988127342833,0.012499999999999956,0.025000000000000026,3.469446951953614e-18,1.0
groundingdino,97939,41436,1,girl with phone,1,20,5,0,0.28143006318891006,20,20,1.0,0.8315665290169146,1.0,1.0,0.8315665290169146,1.0,1.0,0.8315665290169146,1.0,0.0,0.0,0.0,80,0.9875,0.9323122155360776,0.9996835774723672,0.9746835443037974,0.9115230072043964,0.99691921921458,0.9625,0.8942980149834914,0.9921988127342833,0.012499999999999956,0.025000000000000026,3.469446951953614e-18,1.0
groundingdino,97939,41436,1,girl with phone,1,20,5,0,0.28143006318891006,40,40,1.0,0.9119026971211976,1.0,1.0,0.9119026971211976,1.0,1.0,0.9119026971211976,1.0,0.0,0.0,0.0,80,0.9875,0.9323122155360776,0.9996835774723672,0.9746835443037974,0.9115230072043964,0.99691921921458,0.9625,0.8942980149834914,0.9921988127342833,0.012499999999999956,0.025000000000000026,3.469446951953614e-18,1.0
groundingdino,199640,33072,4,click the motorcycle that the girl with the pink shirt is riding,1,20,5,0,0.214905468934659,5,5,1.0,0.47817624989501856,1.0,1.0,0.47817624989501856,1.0,1.0,0.47817624989501856,1.0,0.0,0.0,0.0,80,1.0,0.9549359649323077,1.0,1.0,0.9549359649323077,1.0,1.0,0.9549359649323077,1.0,0.0,0.0,0.0,1.0
groundingdino,199640,33072,4,click the motorcycle that the girl with the pink shirt is riding,1,20,5,0,0.214905468934659,10,10,1.0,0.6915028921812392,1.0,1.0,0.6915028921812392,1.0,1.0,0.6915028921812392,1.0,0.0,0.0,0.0,80,1.0,0.9549359649323077,1.0,1.0,0.9549359649323077,1.0,1.0,0.9549359649323077,1.0,0.0,0.0,0.0,1.0
groundingdino,199640,33072,4,click the motorcycle that the girl with the pink shirt is riding,1,20,5,0,0.214905468934659,20,20,1.0,0.8315665290169146,1.0,1.0,0.8315665290169146,1.0,1.0,0.8315665290169146,1.0,0.0,0.0,0.0,80,1.0,0.9549359649323077,1.0,1.0,0.9549359649323077,1.0,1.0,0.9549359649323077,1.0,0.0,0.0,0.0,1.0
groundingdino,199640,33072,4,click the motorcycle that the girl with the pink shirt is riding,1,20,5,0,0.214905468934659,40,40,1.0,0.9119026971211976,1.0,1.0,0.9119026971211976,1.0,1.0,0.9119026971211976,1.0,0.0,0.0,0.0,80,1.0,0.9549359649323077,1.0,1.0,0.9549359649323077,1.0,1.0,0.9549359649323077,1.0,0.0,0.0,0.0,1.0
groundingdino,124030,39320,25,giraffe background,1,20,5,0,0.15787006920852004,5,5,1.0,0.47817624989501856,1.0,0.4,0.05274495052631693,0.8533672003653268,0.4,0.05274495052631693,0.8533672003653268,0.0,0.6,0.0,80,1.0,0.9549359649323077,1.0,0.4875,0.37405748144443896,0.6018953312968145,0.4875,0.37405748144443896,0.6018953312968145,0.0,0.5125,0.0,0.4
groundingdino,124030,39320,25,giraffe background,1,20,5,0,0.15787006920852004,10,10,1.0,0.6915028921812392,1.0,0.4,0.1215522581198272,0.7376219233930549,0.4,0.1215522581198272,0.7376219233930549,0.0,0.6,0.0,80,1.0,0.9549359649323077,1.0,0.4875,0.37405748144443896,0.6018953312968145,0.4875,0.37405748144443896,0.6018953312968145,0.0,0.5125,0.0,0.4
groundingdino,124030,39320,25,giraffe background,1,20,5,0,0.15787006920852004,20,20,1.0,0.8315665290169146,1.0,0.5,0.27195784956079183,0.7280421504392082,0.5,0.27195784956079183,0.7280421504392082,0.0,0.5,0.0,80,1.0,0.9549359649323077,1.0,0.4875,0.37405748144443896,0.6018953312968145,0.4875,0.37405748144443896,0.6018953312968145,0.0,0.5125,0.0,0.5
groundingdino,124030,39320,25,giraffe background,1,20,5,0,0.15787006920852004,40,40,1.0,0.9119026971211976,1.0,0.55,0.38490679453401333,0.7074116499601201,0.55,0.38490679453401333,0.7074116499601201,0.0,0.44999999999999996,0.0,80,1.0,0.9549359649323077,1.0,0.4875,0.37405748144443896,0.6018953312968145,0.4875,0.37405748144443896,0.6018953312968145,0.0,0.5125,0.0,0.55
groundingdino,298481,24663,62,left chair back facing us,1,20,5,0,0.0,5,5,1.0,0.47817624989501856,1.0,0.2,0.005050763379468061,0.7164179361180893,0.2,0.005050763379468061,0.7164179361180893,0.0,0.8,0.0,80,1.0,0.9549359649323077,1.0,0.525,0.4102278413767706,0.6378664183228473,0.525,0.4102278413767706,0.6378664183228473,0.0,0.475,0.0,0.2
groundingdino,298481,24663,62,left chair back facing us,1,20,5,0,0.0,10,10,1.0,0.6915028921812392,1.0,0.4,0.1215522581198272,0.7376219233930549,0.4,0.1215522581198272,0.7376219233930549,0.0,0.6,0.0,80,1.0,0.9549359649323077,1.0,0.525,0.4102278413767706,0.6378664183228473,0.525,0.4102278413767706,0.6378664183228473,0.0,0.475,0.0,0.4
groundingdino,298481,24663,62,left chair back facing us,1,20,5,0,0.0,20,20,1.0,0.8315665290169146,1.0,0.45,0.2305778967759242,0.6847218669594515,0.45,0.2305778967759242,0.6847218669594515,0.0,0.55,0.0,80,1.0,0.9549359649323077,1.0,0.525,0.4102278413767706,0.6378664183228473,0.525,0.4102278413767706,0.6378664183228473,0.0,0.475,0.0,0.45
groundingdino,298481,24663,62,left chair back facing us,1,20,5,0,0.0,40,40,1.0,0.9119026971211976,1.0,0.425,0.2704290312688629,0.5910994195730366,0.425,0.2704290312688629,0.5910994195730366,0.0,0.575,0.0,80,1.0,0.9549359649323077,1.0,0.525,0.4102278413767706,0.6378664183228473,0.525,0.4102278413767706,0.6378664183228473,0.0,0.475,0.0,0.425
groundingdino,481804,8752,1,reclining boy in back,1,20,5,0,0.06749534575534459,5,5,0.6,0.14663279963467318,0.9472550494736831,1.0,0.29240177382128674,1.0,0.6,0.14663279963467318,0.9472550494736831,0.4,0.0,0.0,80,0.7125,0.6004548866879794,0.8082395280280349,0.8947368421052632,0.7848363951978967,0.9603784641499192,0.6375,0.5223872787351915,0.7421051046283819,0.2875,0.075,6.938893903907228e-17,0.6
groundingdino,481804,8752,1,reclining boy in back,1,20,5,0,0.06749534575534459,10,10,0.6,0.2623780766069451,0.8784477418801728,0.8333333333333334,0.3587654210023252,0.9957892554855106,0.5,0.18708602844739855,0.8129139715526015,0.4,0.09999999999999998,0.0,80,0.7125,0.6004548866879794,0.8082395280280349,0.8947368421052632,0.7848363951978967,0.9603784641499192,0.6375,0.5223872787351915,0.7421051046283819,0.2875,0.075,6.938893903907228e-17,0.5
groundingdino,481804,8752,1,reclining boy in back,1,20,5,0,0.06749534575534459,20,20,0.65,0.4078114654671719,0.8460907952154588,0.9230769230769231,0.6397025647321226,0.9980543715026533,0.6,0.3605425873074897,0.8088099392746928,0.35,0.04999999999999997,7.632783294297951e-17,80,0.7125,0.6004548866879794,0.8082395280280349,0.8947368421052632,0.7848363951978967,0.9603784641499192,0.6375,0.5223872787351915,0.7421051046283819,0.2875,0.075,6.938893903907228e-17,0.6
groundingdino,481804,8752,1,reclining boy in back,1,20,5,0,0.06749534575534459,40,40,0.7,0.5346837147458767,0.8343727956067644,0.9642857142857143,0.8165224024553763,0.999096201244342,0.675,0.5087051245215516,0.8142710332366501,0.30000000000000004,0.024999999999999988,7.632783294297951e-17,80,0.7125,0.6004548866879794,0.8082395280280349,0.8947368421052632,0.7848363951978967,0.9603784641499192,0.6375,0.5223872787351915,0.7421051046283819,0.2875,0.075,6.938893903907228e-17,0.675
groundingdino,24026,47963,1,left the hand,1,20,5,0,0.2408770392394214,5,5,0.8,0.2835820638819106,0.9949492366205319,0.75,0.19412044968324346,0.9936905367902902,0.6,0.14663279963467318,0.9472550494736831,0.19999999999999996,0.2,5.551115123125783e-17,80,0.9625,0.8942980149834914,0.9921988127342833,0.6753246753246753,0.5590129208016218,0.7776834867827014,0.65,0.5352031145206642,0.7533280635274648,0.03749999999999998,0.3125,0.0,0.6
groundingdino,24026,47963,1,left the hand,1,20,5,0,0.2408770392394214,10,10,0.9,0.5549838829718046,0.9974714214555382,0.6666666666666666,0.2992950562085404,0.9251453685803082,0.6,0.2623780766069451,0.8784477418801728,0.09999999999999998,0.30000000000000004,0.0,80,0.9625,0.8942980149834914,0.9921988127342833,0.6753246753246753,0.5590129208016218,0.7776834867827014,0.65,0.5352031145206642,0.7533280635274648,0.03749999999999998,0.3125,0.0,0.6
groundingdino,24026,47963,1,left the hand,1,20,5,0,0.2408770392394214,20,20,0.95,0.7512672372279723,0.9987349105020502,0.631578947368421,0.3835779233144053,0.8371141278449004,0.6,0.3605425873074897,0.8088099392746928,0.050000000000000044,0.35000000000000003,5.551115123125783e-17,80,0.9625,0.8942980149834914,0.9921988127342833,0.6753246753246753,0.5590129208016218,0.7776834867827014,0.65,0.5352031145206642,0.7533280635274648,0.03749999999999998,0.3125,0.0,0.6
groundingdino,24026,47963,1,left the hand,1,20,5,0,0.2408770392394214,40,40,0.925,0.796135251267101,0.9842578201489585,0.6486486486486487,0.47461125562602574,0.7979001847159973,0.6,0.4332670521932967,0.7513500134122563,0.07499999999999996,0.32499999999999996,1.1102230246251565e-16,80,0.9625,0.8942980149834914,0.9921988127342833,0.6753246753246753,0.5590129208016218,0.7776834867827014,0.65,0.5352031145206642,0.7533280635274648,0.03749999999999998,0.3125,0.0,0.6
groundingdino,391088,16582,60,chocalate doughnut,1,20,5,1,0.9729481621791649,5,5,1.0,0.47817624989501856,1.0,1.0,0.47817624989501856,1.0,1.0,0.47817624989501856,1.0,0.0,0.0,0.0,80,1.0,0.9549359649323077,1.0,0.725,0.6137565791555908,0.8189623614429612,0.725,0.6137565791555908,0.8189623614429612,0.0,0.275,0.0,1.0
groundingdino,391088,16582,60,chocalate doughnut,1,20,5,1,0.9729481621791649,10,10,1.0,0.6915028921812392,1.0,0.9,0.5549838829718046,0.9974714214555382,0.9,0.5549838829718046,0.9974714214555382,0.0,0.09999999999999998,0.0,80,1.0,0.9549359649323077,1.0,0.725,0.6137565791555908,0.8189623614429612,0.725,0.6137565791555908,0.8189623614429612,0.0,0.275,0.0,0.9
groundingdino,391088,16582,60,chocalate doughnut,1,20,5,1,0.9729481621791649,20,20,1.0,0.8315665290169146,1.0,0.85,0.6210731734546859,0.9679290628145363,0.85,0.6210731734546859,0.9679290628145363,0.0,0.15000000000000002,0.0,80,1.0,0.9549359649323077,1.0,0.725,0.6137565791555908,0.8189623614429612,0.725,0.6137565791555908,0.8189623614429612,0.0,0.275,0.0,0.85
groundingdino,391088,16582,60,chocalate doughnut,1,20,5,1,0.9729481621791649,40,40,1.0,0.9119026971211976,1.0,0.8,0.6435219813207653,0.9094775906000093,0.8,0.6435219813207653,0.9094775906000093,0.0,0.19999999999999996,0.0,80,1.0,0.9549359649323077,1.0,0.725,0.6137565791555908,0.8189623614429612,0.725,0.6137565791555908,0.8189623614429612,0.0,0.275,0.0,0.8
groundingdino,152556,36857,1,main girl,1,12,5,1,0.9921293487502223,5,5,0.8,0.2835820638819106,0.9949492366205319,1.0,0.3976353643835254,1.0,0.8,0.2835820638819106,0.9949492366205319,0.19999999999999996,0.0,0.0,80,0.7,0.587240676918624,0.7974260708533272,1.0,0.9362499033376378,1.0,0.7,0.587240676918624,0.7974260708533272,0.30000000000000004,0.0,0.0,0.8
groundingdino,152556,36857,1,main girl,1,12,5,1,0.9921293487502223,10,10,0.8,0.4439045376923585,0.9747892736731666,1.0,0.6305833524471808,1.0,0.8,0.4439045376923585,0.9747892736731666,0.19999999999999996,0.0,0.0,80,0.7,0.587240676918624,0.7974260708533272,1.0,0.9362499033376378,1.0,0.7,0.587240676918624,0.7974260708533272,0.30000000000000004,0.0,0.0,0.8
groundingdino,152556,36857,1,main girl,1,12,5,1,0.9921293487502223,20,20,0.8,0.5633859970033317,0.9426660029499673,1.0,0.7940927857921773,1.0,0.8,0.5633859970033317,0.9426660029499673,0.19999999999999996,0.0,0.0,80,0.7,0.587240676918624,0.7974260708533272,1.0,0.9362499033376378,1.0,0.7,0.587240676918624,0.7974260708533272,0.30000000000000004,0.0,0.0,0.8
groundingdino,152556,36857,1,main girl,1,12,5,1,0.9921293487502223,40,40,0.775,0.6154883226965773,0.891603361015928,1.0,0.8878112530776301,1.0,0.775,0.6154883226965773,0.891603361015928,0.22499999999999998,0.0,0.0,80,0.7,0.587240676918624,0.7974260708533272,1.0,0.9362499033376378,1.0,0.7,0.587240676918624,0.7974260708533272,0.30000000000000004,0.0,0.0,0.775
groundingdino,498639,7265,1,girl sitting in back,1,20,5,1,0.8215587929935264,5,5,1.0,0.47817624989501856,1.0,1.0,0.47817624989501856,1.0,1.0,0.47817624989501856,1.0,0.0,0.0,0.0,80,1.0,0.9549359649323077,1.0,0.7875,0.6817141914403442,0.8710635049024182,0.7875,0.6817141914403442,0.8710635049024182,0.0,0.21250000000000002,0.0,1.0
groundingdino,498639,7265,1,girl sitting in back,1,20,5,1,0.8215587929935264,10,10,1.0,0.6915028921812392,1.0,1.0,0.6915028921812392,1.0,1.0,0.6915028921812392,1.0,0.0,0.0,0.0,80,1.0,0.9549359649323077,1.0,0.7875,0.6817141914403442,0.8710635049024182,0.7875,0.6817141914403442,0.8710635049024182,0.0,0.21250000000000002,0.0,1.0
groundingdino,498639,7265,1,girl sitting in back,1,20,5,1,0.8215587929935264,20,20,1.0,0.8315665290169146,1.0,0.95,0.7512672372279723,0.9987349105020502,0.95,0.7512672372279723,0.9987349105020502,0.0,0.050000000000000044,0.0,80,1.0,0.9549359649323077,1.0,0.7875,0.6817141914403442,0.8710635049024182,0.7875,0.6817141914403442,0.8710635049024182,0.0,0.21250000000000002,0.0,0.95
groundingdino,498639,7265,1,girl sitting in back,1,20,5,1,0.8215587929935264,40,40,1.0,0.9119026971211976,1.0,0.95,0.8308031360405824,0.9938863534006491,0.95,0.8308031360405824,0.9938863534006491,0.0,0.050000000000000044,0.0,80,1.0,0.9549359649323077,1.0,0.7875,0.6817141914403442,0.8710635049024182,0.7875,0.6817141914403442,0.8710635049024182,0.0,0.21250000000000002,0.0,0.95
groundingdino,472954,9478,1,man in blue,1,20,5,1,0.9691043327646207,5,5,1.0,0.47817624989501856,1.0,1.0,0.47817624989501856,1.0,1.0,0.47817624989501856,1.0,0.0,0.0,0.0,80,1.0,0.9549359649323077,1.0,1.0,0.9549359649323077,1.0,1.0,0.9549359649323077,1.0,0.0,0.0,0.0,1.0
groundingdino,472954,9478,1,man in blue,1,20,5,1,0.9691043327646207,10,10,1.0,0.6915028921812392,1.0,1.0,0.6915028921812392,1.0,1.0,0.6915028921812392,1.0,0.0,0.0,0.0,80,1.0,0.9549359649323077,1.0,1.0,0.9549359649323077,1.0,1.0,0.9549359649323077,1.0,0.0,0.0,0.0,1.0
groundingdino,472954,9478,1,man in blue,1,20,5,1,0.9691043327646207,20,20,1.0,0.8315665290169146,1.0,1.0,0.8315665290169146,1.0,1.0,0.8315665290169146,1.0,0.0,0.0,0.0,80,1.0,0.9549359649323077,1.0,1.0,0.9549359649323077,1.0,1.0,0.9549359649323077,1.0,0.0,0.0,0.0,1.0
groundingdino,472954,9478,1,man in blue,1,20,5,1,0.9691043327646207,40,40,1.0,0.9119026971211976,1.0,1.0,0.9119026971211976,1.0,1.0,0.9119026971211976,1.0,0.0,0.0,0.0,80,1.0,0.9549359649323077,1.0,1.0,0.9549359649323077,1.0,1.0,0.9549359649323077,1.0,0.0,0.0,0.0,1.0
groundingdino,410845,14864,51,bowl bottom left corner,1,20,5,0,0.0,5,5,1.0,0.47817624989501856,1.0,1.0,0.47817624989501856,1.0,1.0,0.47817624989501856,1.0,0.0,0.0,0.0,80,1.0,0.9549359649323077,1.0,1.0,0.9549359649323077,1.0,1.0,0.9549359649323077,1.0,0.0,0.0,0.0,1.0
groundingdino,410845,14864,51,bowl bottom left corner,1,20,5,0,0.0,10,10,1.0,0.6915028921812392,1.0,1.0,0.6915028921812392,1.0,1.0,0.6915028921812392,1.0,0.0,0.0,0.0,80,1.0,0.9549359649323077,1.0,1.0,0.9549359649323077,1.0,1.0,0.9549359649323077,1.0,0.0,0.0,0.0,1.0
groundingdino,410845,14864,51,bowl bottom left corner,1,20,5,0,0.0,20,20,1.0,0.8315665290169146,1.0,1.0,0.8315665290169146,1.0,1.0,0.8315665290169146,1.0,0.0,0.0,0.0,80,1.0,0.9549359649323077,1.0,1.0,0.9549359649323077,1.0,1.0,0.9549359649323077,1.0,0.0,0.0,0.0,1.0
groundingdino,410845,14864,51,bowl bottom left corner,1,20,5,0,0.0,40,40,1.0,0.9119026971211976,1.0,1.0,0.9119026971211976,1.0,1.0,0.9119026971211976,1.0,0.0,0.0,0.0,80,1.0,0.9549359649323077,1.0,1.0,0.9549359649323077,1.0,1.0,0.9549359649323077,1.0,0.0,0.0,0.0,1.0
groundingdino,223909,30957,25,left giraffe,1,14,5,0,0.004636103251418932,5,5,0.2,0.005050763379468061,0.7164179361180893,1.0,0.025000000000000022,1.0,0.2,0.005050763379468061,0.7164179361180893,0.8,0.0,0.0,80,0.2125,0.12893649509758176,0.3182858085596558,1.0,0.8049356770309068,1.0,0.2125,0.12893649509758176,0.3182858085596558,0.7875,0.0,0.0,0.2
groundingdino,223909,30957,25,left giraffe,1,14,5,0,0.004636103251418932,10,10,0.1,0.0025285785444617865,0.4450161170281954,1.0,0.025000000000000022,1.0,0.1,0.0025285785444617865,0.4450161170281954,0.9,0.0,0.0,80,0.2125,0.12893649509758176,0.3182858085596558,1.0,0.8049356770309068,1.0,0.2125,0.12893649509758176,0.3182858085596558,0.7875,0.0,0.0,0.1
groundingdino,223909,30957,25,left giraffe,1,14,5,0,0.004636103251418932,20,20,0.05,0.0012650894979498047,0.24873276277202766,1.0,0.025000000000000022,1.0,0.05,0.0012650894979498047,0.24873276277202766,0.95,0.0,0.0,80,0.2125,0.12893649509758176,0.3182858085596558,1.0,0.8049356770309068,1.0,0.2125,0.12893649509758176,0.3182858085596558,0.7875,0.0,0.0,0.05
groundingdino,223909,30957,25,left giraffe,1,14,5,0,0.004636103251418932,40,40,0.1,0.027925415294219314,0.2366373998760999,1.0,0.3976353643835254,1.0,0.1,0.027925415294219314,0.2366373998760999,0.9,0.0,0.0,80,0.2125,0.12893649509758176,0.3182858085596558,1.0,0.8049356770309068,1.0,0.2125,0.12893649509758176,0.3182858085596558,0.7875,0.0,0.0,0.1
groundingdino,29915,47432,4,bike tire going off the screen on right,1,20,5,1,0.5097144206409964,5,5,0.8,0.2835820638819106,0.9949492366205319,1.0,0.3976353643835254,1.0,0.8,0.2835820638819106,0.9949492366205319,0.19999999999999996,0.0,0.0,80,0.9625,0.8942980149834914,0.9921988127342833,1.0,0.9532219318395959,1.0,0.9625,0.8942980149834914,0.9921988127342833,0.03749999999999998,0.0,0.0,0.8
groundingdino,29915,47432,4,bike tire going off the screen on right,1,20,5,1,0.5097144206409964,10,10,0.9,0.5549838829718046,0.9974714214555382,1.0,0.6637328831200572,1.0,0.9,0.5549838829718046,0.9974714214555382,0.09999999999999998,0.0,0.0,80,0.9625,0.8942980149834914,0.9921988127342833,1.0,0.9532219318395959,1.0,0.9625,0.8942980149834914,0.9921988127342833,0.03749999999999998,0.0,0.0,0.9
groundingdino,29915,47432,4,bike tire going off the screen on right,1,20,5,1,0.5097144206409964,20,20,0.95,0.7512672372279723,0.9987349105020502,1.0,0.8235330881930346,1.0,0.95,0.7512672372279723,0.9987349105020502,0.050000000000000044,0.0,0.0,80,0.9625,0.8942980149834914,0.9921988127342833,1.0,0.9532219318395959,1.0,0.9625,0.8942980149834914,0.9921988127342833,0.03749999999999998,0.0,0.0,0.95
groundingdino,29915,47432,4,bike tire going off the screen on right,1,20,5,1,0.5097144206409964,40,40,0.975,0.8684141415172343,0.9993672550679505,1.0,0.9097488990396657,1.0,0.975,0.8684141415172343,0.9993672550679505,0.025000000000000022,0.0,0.0,80,0.9625,0.8942980149834914,0.9921988127342833,1.0,0.9532219318395959,1.0,0.9625,0.8942980149834914,0.9921988127342833,0.03749999999999998,0.0,0.0,0.975
groundingdino,261381,27789,1,second man from the right,1,20,5,0,0.2858121111104517,5,5,1.0,0.47817624989501856,1.0,1.0,0.47817624989501856,1.0,1.0,0.47817624989501856,1.0,0.0,0.0,0.0,80,1.0,0.9549359649323077,1.0,1.0,0.9549359649323077,1.0,1.0,0.9549359649323077,1.0,0.0,0.0,0.0,1.0
groundingdino,261381,27789,1,second man from the right,1,20,5,0,0.2858121111104517,10,10,1.0,0.6915028921812392,1.0,1.0,0.6915028921812392,1.0,1.0,0.6915028921812392,1.0,0.0,0.0,0.0,80,1.0,0.9549359649323077,1.0,1.0,0.9549359649323077,1.0,1.0,0.9549359649323077,1.0,0.0,0.0,0.0,1.0
groundingdino,261381,27789,1,second man from the right,1,20,5,0,0.2858121111104517,20,20,1.0,0.8315665290169146,1.0,1.0,0.8315665290169146,1.0,1.0,0.8315665290169146,1.0,0.0,0.0,0.0,80,1.0,0.9549359649323077,1.0,1.0,0.9549359649323077,1.0,1.0,0.9549359649323077,1.0,0.0,0.0,0.0,1.0
groundingdino,261381,27789,1,second man from the right,1,20,5,0,0.2858121111104517,40,40,1.0,0.9119026971211976,1.0,1.0,0.9119026971211976,1.0,1.0,0.9119026971211976,1.0,0.0,0.0,0.0,80,1.0,0.9549359649323077,1.0,1.0,0.9549359649323077,1.0,1.0,0.9549359649323077,1.0,0.0,0.0,0.0,1.0
groundingdino,31812,47281,61,cake with cherries on top,1,20,5,0,0.005993651817312374,5,5,1.0,0.47817624989501856,1.0,0.6,0.14663279963467318,0.9472550494736831,0.6,0.14663279963467318,0.9472550494736831,0.0,0.4,0.0,80,1.0,0.9549359649323077,1.0,0.3625,0.25789489537161814,0.47761272126480847,0.3625,0.25789489537161814,0.47761272126480847,0.0,0.6375,0.0,0.6
groundingdino,31812,47281,61,cake with cherries on top,1,20,5,0,0.005993651817312374,10,10,1.0,0.6915028921812392,1.0,0.5,0.18708602844739855,0.8129139715526015,0.5,0.18708602844739855,0.8129139715526015,0.0,0.5,0.0,80,1.0,0.9549359649323077,1.0,0.3625,0.25789489537161814,0.47761272126480847,0.3625,0.25789489537161814,0.47761272126480847,0.0,0.6375,0.0,0.5
groundingdino,31812,47281,61,cake with cherries on top,1,20,5,0,0.005993651817312374,20,20,1.0,0.8315665290169146,1.0,0.4,0.1911900607253072,0.6394574126925103,0.4,0.1911900607253072,0.6394574126925103,0.0,0.6,0.0,80,1.0,0.9549359649323077,1.0,0.3625,0.25789489537161814,0.47761272126480847,0.3625,0.25789489537161814,0.47761272126480847,0.0,0.6375,0.0,0.4
groundingdino,31812,47281,61,cake with cherries on top,1,20,5,0,0.005993651817312374,40,40,1.0,0.9119026971211976,1.0,0.4,0.24864998658774376,0.5667329478067034,0.4,0.24864998658774376,0.5667329478067034,0.0,0.6,0.0,80,1.0,0.9549359649323077,1.0,0.3625,0.25789489537161814,0.47761272126480847,0.3625,0.25789489537161814,0.47761272126480847,0.0,0.6375,0.0,0.4
groundingdino,235316,30050,1,right cutting cake,1,15,5,0,0.036880715063982106,5,5,0.6,0.14663279963467318,0.9472550494736831,1.0,0.29240177382128674,1.0,0.6,0.14663279963467318,0.9472550494736831,0.4,0.0,0.0,80,0.7125,0.6004548866879794,0.8082395280280349,1.0,0.9373325190855151,1.0,0.7125,0.6004548866879794,0.8082395280280349,0.2875,0.0,0.0,0.6
groundingdino,235316,30050,1,right cutting cake,1,15,5,0,0.036880715063982106,10,10,0.7,0.34754714994000274,0.9332604888222655,1.0,0.5903836027749967,1.0,0.7,0.34754714994000274,0.9332604888222655,0.30000000000000004,0.0,0.0,80,0.7125,0.6004548866879794,0.8082395280280349,1.0,0.9373325190855151,1.0,0.7125,0.6004548866879794,0.8082395280280349,0.2875,0.0,0.0,0.7
groundingdino,235316,30050,1,right cutting cake,1,15,5,0,0.036880715063982106,20,20,0.7,0.4572108177237109,0.8810684095942722,1.0,0.7683642383498835,1.0,0.7,0.4572108177237109,0.8810684095942722,0.30000000000000004,0.0,0.0,80,0.7125,0.6004548866879794,0.8082395280280349,1.0,0.9373325190855151,1.0,0.7125,0.6004548866879794,0.8082395280280349,0.2875,0.0,0.0,0.7
groundingdino,235316,30050,1,right cutting cake,1,15,5,0,0.036880715063982106,40,40,0.7,0.5346837147458767,0.8343727956067644,1.0,0.8765638814997362,1.0,0.7,0.5346837147458767,0.8343727956067644,0.30000000000000004,0.0,0.0,80,0.7125,0.6004548866879794,0.8082395280280349,1.0,0.9373325190855151,1.0,0.7125,0.6004548866879794,0.8082395280280349,0.2875,0.0,0.0,0.7
groundingdino,566798,1350,1,man,1,3,3,1,0.9871257321349883,5,5,1.0,0.47817624989501856,1.0,1.0,0.47817624989501856,1.0,1.0,0.47817624989501856,1.0,0.0,0.0,0.0,80,1.0,0.9549359649323077,1.0,1.0,0.9549359649323077,1.0,1.0,0.9549359649323077,1.0,0.0,0.0,0.0,1.0
groundingdino,566798,1350,1,man,1,3,3,1,0.9871257321349883,10,10,1.0,0.6915028921812392,1.0,1.0,0.6915028921812392,1.0,1.0,0.6915028921812392,1.0,0.0,0.0,0.0,80,1.0,0.9549359649323077,1.0,1.0,0.9549359649323077,1.0,1.0,0.9549359649323077,1.0,0.0,0.0,0.0,1.0
groundingdino,566798,1350,1,man,1,3,3,1,0.9871257321349883,20,20,1.0,0.8315665290169146,1.0,1.0,0.8315665290169146,1.0,1.0,0.8315665290169146,1.0,0.0,0.0,0.0,80,1.0,0.9549359649323077,1.0,1.0,0.9549359649323077,1.0,1.0,0.9549359649323077,1.0,0.0,0.0,0.0,1.0
groundingdino,566798,1350,1,man,1,3,3,1,0.9871257321349883,40,40,1.0,0.9119026971211976,1.0,1.0,0.9119026971211976,1.0,1.0,0.9119026971211976,1.0,0.0,0.0,0.0,80,1.0,0.9549359649323077,1.0,1.0,0.9549359649323077,1.0,1.0,0.9549359649323077,1.0,0.0,0.0,0.0,1.0
groundingdino,197289,33252,54,left sandwich,1,20,5,0,0.030387931446186626,5,5,1.0,0.47817624989501856,1.0,0.8,0.2835820638819106,0.9949492366205319,0.8,0.2835820638819106,0.9949492366205319,0.0,0.19999999999999996,0.0,80,1.0,0.9549359649323077,1.0,0.5375,0.4224175280048351,0.6497235734616016,0.5375,0.4224175280048351,0.6497235734616016,0.0,0.4625,0.0,0.8
groundingdino,197289,33252,54,left sandwich,1,20,5,0,0.030387931446186626,10,10,1.0,0.6915028921812392,1.0,0.8,0.4439045376923585,0.9747892736731666,0.8,0.4439045376923585,0.9747892736731666,0.0,0.19999999999999996,0.0,80,1.0,0.9549359649323077,1.0,0.5375,0.4224175280048351,0.6497235734616016,0.5375,0.4224175280048351,0.6497235734616016,0.0,0.4625,0.0,0.8
groundingdino,197289,33252,54,left sandwich,1,20,5,0,0.030387931446186626,20,20,0.9,0.6830172859809176,0.9876514728297052,0.6666666666666666,0.4099252381720745,0.8665725974938765,0.6,0.3605425873074897,0.8088099392746928,0.09999999999999998,0.30000000000000004,0.0,80,1.0,0.9549359649323077,1.0,0.5375,0.4224175280048351,0.6497235734616016,0.5375,0.4224175280048351,0.6497235734616016,0.0,0.4625,0.0,0.6
groundingdino,197289,33252,54,left sandwich,1,20,5,0,0.030387931446186626,40,40,0.95,0.8308031360405824,0.9938863534006491,0.631578947368421,0.4599427859244378,0.7818749649038482,0.6,0.4332670521932967,0.7513500134122563,0.050000000000000044,0.35000000000000003,5.551115123125783e-17,80,1.0,0.9549359649323077,1.0,0.5375,0.4224175280048351,0.6497235734616016,0.5375,0.4224175280048351,0.6497235734616016,0.0,0.4625,0.0,0.6
groundingdino,426478,13513,58,right dog,1,20,5,0,0.0,5,5,0.6,0.14663279963467318,0.9472550494736831,0.3333333333333333,0.008403758659612645,0.9057006759497539,0.2,0.005050763379468061,0.7164179361180893,0.4,0.4,0.0,80,0.8,0.6956311329945355,0.8811409135950147,0.484375,0.3575019967197626,0.6127411917795764,0.3875,0.28056513312478215,0.5030244574981009,0.19999999999999996,0.41250000000000003,5.551115123125783e-17,0.2
groundingdino,426478,13513,58,right dog,1,20,5,0,0.0,10,10,0.7,0.34754714994000274,0.9332604888222655,0.2857142857142857,0.03669256617608557,0.7095791362626572,0.2,0.02521072632683339,0.5560954623076415,0.30000000000000004,0.5,0.0,80,0.8,0.6956311329945355,0.8811409135950147,0.484375,0.3575019967197626,0.6127411917795764,0.3875,0.28056513312478215,0.5030244574981009,0.19999999999999996,0.41250000000000003,5.551115123125783e-17,0.2
groundingdino,426478,13513,58,right dog,1,20,5,0,0.0,20,20,0.8,0.5633859970033317,0.9426660029499673,0.3125,0.11016995471711763,0.5866206364513586,0.25,0.08657146910143462,0.49104587170795755,0.19999999999999996,0.55,0.0,80,0.8,0.6956311329945355,0.8811409135950147,0.484375,0.3575019967197626,0.6127411917795764,0.3875,0.28056513312478215,0.5030244574981009,0.19999999999999996,0.41250000000000003,5.551115123125783e-17,0.25
groundingdino,426478,13513,58,right dog,1,20,5,0,0.0,40,40,0.875,0.7319670826382796,0.9581403738613833,0.34285714285714286,0.19132410218826584,0.5221099833935212,0.3,0.16562720439323564,0.4653162852541233,0.125,0.575,0.0,80,0.8,0.6956311329945355,0.8811409135950147,0.484375,0.3575019967197626,0.6127411917795764,0.3875,0.28056513312478215,0.5030244574981009,0.19999999999999996,0.41250000000000003,5.551115123125783e-17,0.3
groundingdino,521618,5230,1,little kid,1,2,2,1,0.9677755678523403,5,5,1.0,0.47817624989501856,1.0,1.0,0.47817624989501856,1.0,1.0,0.47817624989501856,1.0,0.0,0.0,0.0,80,1.0,0.9549359649323077,1.0,1.0,0.9549359649323077,1.0,1.0,0.9549359649323077,1.0,0.0,0.0,0.0,1.0
groundingdino,521618,5230,1,little kid,1,2,2,1,0.9677755678523403,10,10,1.0,0.6915028921812392,1.0,1.0,0.6915028921812392,1.0,1.0,0.6915028921812392,1.0,0.0,0.0,0.0,80,1.0,0.9549359649323077,1.0,1.0,0.9549359649323077,1.0,1.0,0.9549359649323077,1.0,0.0,0.0,0.0,1.0
groundingdino,521618,5230,1,little kid,1,2,2,1,0.9677755678523403,20,20,1.0,0.8315665290169146,1.0,1.0,0.8315665290169146,1.0,1.0,0.8315665290169146,1.0,0.0,0.0,0.0,80,1.0,0.9549359649323077,1.0,1.0,0.9549359649323077,1.0,1.0,0.9549359649323077,1.0,0.0,0.0,0.0,1.0
groundingdino,521618,5230,1,little kid,1,2,2,1,0.9677755678523403,40,40,1.0,0.9119026971211976,1.0,1.0,0.9119026971211976,1.0,1.0,0.9119026971211976,1.0,0.0,0.0,0.0,80,1.0,0.9549359649323077,1.0,1.0,0.9549359649323077,1.0,1.0,0.9549359649323077,1.0,0.0,0.0,0.0,1.0
groundingdino,453602,11189,56,center broccoli,1,20,5,0,0.06938211342955888,5,5,1.0,0.47817624989501856,1.0,0.8,0.2835820638819106,0.9949492366205319,0.8,0.2835820638819106,0.9949492366205319,0.0,0.19999999999999996,0.0,80,1.0,0.9549359649323077,1.0,0.75,0.64063652409315,0.8401203554931442,0.75,0.64063652409315,0.8401203554931442,0.0,0.25,0.0,0.8
groundingdino,453602,11189,56,center broccoli,1,20,5,0,0.06938211342955888,10,10,1.0,0.6915028921812392,1.0,0.8,0.4439045376923585,0.9747892736731666,0.8,0.4439045376923585,0.9747892736731666,0.0,0.19999999999999996,0.0,80,1.0,0.9549359649323077,1.0,0.75,0.64063652409315,0.8401203554931442,0.75,0.64063652409315,0.8401203554931442,0.0,0.25,0.0,0.8
groundingdino,453602,11189,56,center broccoli,1,20,5,0,0.06938211342955888,20,20,1.0,0.8315665290169146,1.0,0.75,0.5089541282920425,0.9134285308985653,0.75,0.5089541282920425,0.9134285308985653,0.0,0.25,0.0,80,1.0,0.9549359649323077,1.0,0.75,0.64063652409315,0.8401203554931442,0.75,0.64063652409315,0.8401203554931442,0.0,0.25,0.0,0.75
groundingdino,453602,11189,56,center broccoli,1,20,5,0,0.06938211342955888,40,40,1.0,0.9119026971211976,1.0,0.75,0.5880380198485702,0.873085201067155,0.75,0.5880380198485702,0.873085201067155,0.0,0.25,0.0,80,1.0,0.9549359649323077,1.0,0.75,0.64063652409315,0.8401203554931442,0.75,0.64063652409315,0.8401203554931442,0.0,0.25,0.0,0.75
groundingdino,17578,48497,1,red and white tied dye shirt,1,20,5,0,0.27636761835986184,5,5,1.0,0.47817624989501856,1.0,1.0,0.47817624989501856,1.0,1.0,0.47817624989501856,1.0,0.0,0.0,0.0,80,1.0,0.9549359649323077,1.0,1.0,0.9549359649323077,1.0,1.0,0.9549359649323077,1.0,0.0,0.0,0.0,1.0
groundingdino,17578,48497,1,red and white tied dye shirt,1,20,5,0,0.27636761835986184,10,10,1.0,0.6915028921812392,1.0,1.0,0.6915028921812392,1.0,1.0,0.6915028921812392,1.0,0.0,0.0,0.0,80,1.0,0.9549359649323077,1.0,1.0,0.9549359649323077,1.0,1.0,0.9549359649323077,1.0,0.0,0.0,0.0,1.0
groundingdino,17578,48497,1,red and white tied dye shirt,1,20,5,0,0.27636761835986184,20,20,1.0,0.8315665290169146,1.0,1.0,0.8315665290169146,1.0,1.0,0.8315665290169146,1.0,0.0,0.0,0.0,80,1.0,0.9549359649323077,1.0,1.0,0.9549359649323077,1.0,1.0,0.9549359649323077,1.0,0.0,0.0,0.0,1.0
groundingdino,17578,48497,1,red and white tied dye shirt,1,20,5,0,0.27636761835986184,40,40,1.0,0.9119026971211976,1.0,1.0,0.9119026971211976,1.0,1.0,0.9119026971211976,1.0,0.0,0.0,0.0,80,1.0,0.9549359649323077,1.0,1.0,0.9549359649323077,1.0,1.0,0.9549359649323077,1.0,0.0,0.0,0.0,1.0
groundingdino,95812,41649,1,man holding kid,1,20,5,1,0.9717254318564624,5,5,1.0,0.47817624989501856,1.0,1.0,0.47817624989501856,1.0,1.0,0.47817624989501856,1.0,0.0,0.0,0.0,80,1.0,0.9549359649323077,1.0,1.0,0.9549359649323077,1.0,1.0,0.9549359649323077,1.0,0.0,0.0,0.0,1.0
groundingdino,95812,41649,1,man holding kid,1,20,5,1,0.9717254318564624,10,10,1.0,0.6915028921812392,1.0,1.0,0.6915028921812392,1.0,1.0,0.6915028921812392,1.0,0.0,0.0,0.0,80,1.0,0.9549359649323077,1.0,1.0,0.9549359649323077,1.0,1.0,0.9549359649323077,1.0,0.0,0.0,0.0,1.0
groundingdino,95812,41649,1,man holding kid,1,20,5,1,0.9717254318564624,20,20,1.0,0.8315665290169146,1.0,1.0,0.8315665290169146,1.0,1.0,0.8315665290169146,1.0,0.0,0.0,0.0,80,1.0,0.9549359649323077,1.0,1.0,0.9549359649323077,1.0,1.0,0.9549359649323077,1.0,0.0,0.0,0.0,1.0
groundingdino,95812,41649,1,man holding kid,1,20,5,1,0.9717254318564624,40,40,1.0,0.9119026971211976,1.0,1.0,0.9119026971211976,1.0,1.0,0.9119026971211976,1.0,0.0,0.0,0.0,80,1.0,0.9549359649323077,1.0,1.0,0.9549359649323077,1.0,1.0,0.9549359649323077,1.0,0.0,0.0,0.0,1.0
groundingdino,163506,36006,1,man in blue in middle,1,20,5,1,0.9702602777489157,5,5,1.0,0.47817624989501856,1.0,1.0,0.47817624989501856,1.0,1.0,0.47817624989501856,1.0,0.0,0.0,0.0,80,1.0,0.9549359649323077,1.0,1.0,0.9549359649323077,1.0,1.0,0.9549359649323077,1.0,0.0,0.0,0.0,1.0
groundingdino,163506,36006,1,man in blue in middle,1,20,5,1,0.9702602777489157,10,10,1.0,0.6915028921812392,1.0,1.0,0.6915028921812392,1.0,1.0,0.6915028921812392,1.0,0.0,0.0,0.0,80,1.0,0.9549359649323077,1.0,1.0,0.9549359649323077,1.0,1.0,0.9549359649323077,1.0,0.0,0.0,0.0,1.0
groundingdino,163506,36006,1,man in blue in middle,1,20,5,1,0.9702602777489157,20,20,1.0,0.8315665290169146,1.0,1.0,0.8315665290169146,1.0,1.0,0.8315665290169146,1.0,0.0,0.0,0.0,80,1.0,0.9549359649323077,1.0,1.0,0.9549359649323077,1.0,1.0,0.9549359649323077,1.0,0.0,0.0,0.0,1.0
groundingdino,163506,36006,1,man in blue in middle,1,20,5,1,0.9702602777489157,40,40,1.0,0.9119026971211976,1.0,1.0,0.9119026971211976,1.0,1.0,0.9119026971211976,1.0,0.0,0.0,0.0,80,1.0,0.9549359649323077,1.0,1.0,0.9549359649323077,1.0,1.0,0.9549359649323077,1.0,0.0,0.0,0.0,1.0
groundingdino,530132,4519,6,second bus front,1,15,5,0,0.034301853702980896,5,5,1.0,0.47817624989501856,1.0,1.0,0.47817624989501856,1.0,1.0,0.47817624989501856,1.0,0.0,0.0,0.0,80,1.0,0.9549359649323077,1.0,1.0,0.9549359649323077,1.0,1.0,0.9549359649323077,1.0,0.0,0.0,0.0,1.0
groundingdino,530132,4519,6,second bus front,1,15,5,0,0.034301853702980896,10,10,1.0,0.6915028921812392,1.0,1.0,0.6915028921812392,1.0,1.0,0.6915028921812392,1.0,0.0,0.0,0.0,80,1.0,0.9549359649323077,1.0,1.0,0.9549359649323077,1.0,1.0,0.9549359649323077,1.0,0.0,0.0,0.0,1.0
groundingdino,530132,4519,6,second bus front,1,15,5,0,0.034301853702980896,20,20,1.0,0.8315665290169146,1.0,1.0,0.8315665290169146,1.0,1.0,0.8315665290169146,1.0,0.0,0.0,0.0,80,1.0,0.9549359649323077,1.0,1.0,0.9549359649323077,1.0,1.0,0.9549359649323077,1.0,0.0,0.0,0.0,1.0
groundingdino,530132,4519,6,second bus front,1,15,5,0,0.034301853702980896,40,40,1.0,0.9119026971211976,1.0,1.0,0.9119026971211976,1.0,1.0,0.9119026971211976,1.0,0.0,0.0,0.0,80,1.0,0.9549359649323077,1.0,1.0,0.9549359649323077,1.0,1.0,0.9549359649323077,1.0,0.0,0.0,0.0,1.0
groundingdino,492293,7822,6,red bus in back,1,20,5,1,0.9478348071131457,5,5,1.0,0.47817624989501856,1.0,1.0,0.47817624989501856,1.0,1.0,0.47817624989501856,1.0,0.0,0.0,0.0,80,1.0,0.9549359649323077,1.0,1.0,0.9549359649323077,1.0,1.0,0.9549359649323077,1.0,0.0,0.0,0.0,1.0
groundingdino,492293,7822,6,red bus in back,1,20,5,1,0.9478348071131457,10,10,1.0,0.6915028921812392,1.0,1.0,0.6915028921812392,1.0,1.0,0.6915028921812392,1.0,0.0,0.0,0.0,80,1.0,0.9549359649323077,1.0,1.0,0.9549359649323077,1.0,1.0,0.9549359649323077,1.0,0.0,0.0,0.0,1.0
groundingdino,492293,7822,6,red bus in back,1,20,5,1,0.9478348071131457,20,20,1.0,0.8315665290169146,1.0,1.0,0.8315665290169146,1.0,1.0,0.8315665290169146,1.0,0.0,0.0,0.0,80,1.0,0.9549359649323077,1.0,1.0,0.9549359649323077,1.0,1.0,0.9549359649323077,1.0,0.0,0.0,0.0,1.0
groundingdino,492293,7822,6,red bus in back,1,20,5,1,0.9478348071131457,40,40,1.0,0.9119026971211976,1.0,1.0,0.9119026971211976,1.0,1.0,0.9119026971211976,1.0,0.0,0.0,0.0,80,1.0,0.9549359649323077,1.0,1.0,0.9549359649323077,1.0,1.0,0.9549359649323077,1.0,0.0,0.0,0.0,1.0
groundingdino,372003,18201,3,blue car on right,1,3,2,1,0.9432796137624532,5,5,1.0,0.47817624989501856,1.0,1.0,0.47817624989501856,1.0,1.0,0.47817624989501856,1.0,0.0,0.0,0.0,80,1.0,0.9549359649323077,1.0,1.0,0.9549359649323077,1.0,1.0,0.9549359649323077,1.0,0.0,0.0,0.0,1.0
groundingdino,372003,18201,3,blue car on right,1,3,2,1,0.9432796137624532,10,10,1.0,0.6915028921812392,1.0,1.0,0.6915028921812392,1.0,1.0,0.6915028921812392,1.0,0.0,0.0,0.0,80,1.0,0.9549359649323077,1.0,1.0,0.9549359649323077,1.0,1.0,0.9549359649323077,1.0,0.0,0.0,0.0,1.0
groundingdino,372003,18201,3,blue car on right,1,3,2,1,0.9432796137624532,20,20,1.0,0.8315665290169146,1.0,1.0,0.8315665290169146,1.0,1.0,0.8315665290169146,1.0,0.0,0.0,0.0,80,1.0,0.9549359649323077,1.0,1.0,0.9549359649323077,1.0,1.0,0.9549359649323077,1.0,0.0,0.0,0.0,1.0
groundingdino,372003,18201,3,blue car on right,1,3,2,1,0.9432796137624532,40,40,1.0,0.9119026971211976,1.0,1.0,0.9119026971211976,1.0,1.0,0.9119026971211976,1.0,0.0,0.0,0.0,80,1.0,0.9549359649323077,1.0,1.0,0.9549359649323077,1.0,1.0,0.9549359649323077,1.0,0.0,0.0,0.0,1.0
groundingdino,348609,20035,1,guy in front,1,20,5,1,0.9491758251487288,5,5,1.0,0.47817624989501856,1.0,1.0,0.47817624989501856,1.0,1.0,0.47817624989501856,1.0,0.0,0.0,0.0,80,1.0,0.9549359649323077,1.0,1.0,0.9549359649323077,1.0,1.0,0.9549359649323077,1.0,0.0,0.0,0.0,1.0
groundingdino,348609,20035,1,guy in front,1,20,5,1,0.9491758251487288,10,10,1.0,0.6915028921812392,1.0,1.0,0.6915028921812392,1.0,1.0,0.6915028921812392,1.0,0.0,0.0,0.0,80,1.0,0.9549359649323077,1.0,1.0,0.9549359649323077,1.0,1.0,0.9549359649323077,1.0,0.0,0.0,0.0,1.0
groundingdino,348609,20035,1,guy in front,1,20,5,1,0.9491758251487288,20,20,1.0,0.8315665290169146,1.0,1.0,0.8315665290169146,1.0,1.0,0.8315665290169146,1.0,0.0,0.0,0.0,80,1.0,0.9549359649323077,1.0,1.0,0.9549359649323077,1.0,1.0,0.9549359649323077,1.0,0.0,0.0,0.0,1.0
groundingdino,348609,20035,1,guy in front,1,20,5,1,0.9491758251487288,40,40,1.0,0.9119026971211976,1.0,1.0,0.9119026971211976,1.0,1.0,0.9119026971211976,1.0,0.0,0.0,0.0,80,1.0,0.9549359649323077,1.0,1.0,0.9549359649323077,1.0,1.0,0.9549359649323077,1.0,0.0,0.0,0.0,1.0
groundingdino,260010,27940,1,batter,1,12,5,1,0.9281031083755007,5,5,1.0,0.47817624989501856,1.0,1.0,0.47817624989501856,1.0,1.0,0.47817624989501856,1.0,0.0,0.0,0.0,80,1.0,0.9549359649323077,1.0,1.0,0.9549359649323077,1.0,1.0,0.9549359649323077,1.0,0.0,0.0,0.0,1.0
groundingdino,260010,27940,1,batter,1,12,5,1,0.9281031083755007,10,10,1.0,0.6915028921812392,1.0,1.0,0.6915028921812392,1.0,1.0,0.6915028921812392,1.0,0.0,0.0,0.0,80,1.0,0.9549359649323077,1.0,1.0,0.9549359649323077,1.0,1.0,0.9549359649323077,1.0,0.0,0.0,0.0,1.0
groundingdino,260010,27940,1,batter,1,12,5,1,0.9281031083755007,20,20,1.0,0.8315665290169146,1.0,1.0,0.8315665290169146,1.0,1.0,0.8315665290169146,1.0,0.0,0.0,0.0,80,1.0,0.9549359649323077,1.0,1.0,0.9549359649323077,1.0,1.0,0.9549359649323077,1.0,0.0,0.0,0.0,1.0
groundingdino,260010,27940,1,batter,1,12,5,1,0.9281031083755007,40,40,1.0,0.9119026971211976,1.0,1.0,0.9119026971211976,1.0,1.0,0.9119026971211976,1.0,0.0,0.0,0.0,80,1.0,0.9549359649323077,1.0,1.0,0.9549359649323077,1.0,1.0,0.9549359649323077,1.0,0.0,0.0,0.0,1.0
groundingdino,380034,17534,1,the man in the middle wearing the black suit hes shaking hands,1,20,5,1,0.6086987129794001,5,5,1.0,0.47817624989501856,1.0,0.4,0.05274495052631693,0.8533672003653268,0.4,0.05274495052631693,0.8533672003653268,0.0,0.6,0.0,80,1.0,0.9549359649323077,1.0,0.325,0.22445958517745324,0.4389370456044483,0.325,0.22445958517745324,0.4389370456044483,0.0,0.675,0.0,0.4
groundingdino,380034,17534,1,the man in the middle wearing the black suit hes shaking hands,1,20,5,1,0.6086987129794001,10,10,1.0,0.6915028921812392,1.0,0.2,0.02521072632683339,0.5560954623076415,0.2,0.02521072632683339,0.5560954623076415,0.0,0.8,0.0,80,1.0,0.9549359649323077,1.0,0.325,0.22445958517745324,0.4389370456044483,0.325,0.22445958517745324,0.4389370456044483,0.0,0.675,0.0,0.2
groundingdino,380034,17534,1,the man in the middle wearing the black suit hes shaking hands,1,20,5,1,0.6086987129794001,20,20,1.0,0.8315665290169146,1.0,0.45,0.2305778967759242,0.6847218669594515,0.45,0.2305778967759242,0.6847218669594515,0.0,0.55,0.0,80,1.0,0.9549359649323077,1.0,0.325,0.22445958517745324,0.4389370456044483,0.325,0.22445958517745324,0.4389370456044483,0.0,0.675,0.0,0.45
groundingdino,380034,17534,1,the man in the middle wearing the black suit hes shaking hands,1,20,5,1,0.6086987129794001,40,40,1.0,0.9119026971211976,1.0,0.475,0.31511970663498623,0.6387198647359378,0.475,0.31511970663498623,0.6387198647359378,0.0,0.525,0.0,80,1.0,0.9549359649323077,1.0,0.325,0.22445958517745324,0.4389370456044483,0.325,0.22445958517745324,0.4389370456044483,0.0,0.675,0.0,0.475
groundingdino,115604,40058,1,chef on left,1,20,5,1,0.9397128754342494,5,5,1.0,0.47817624989501856,1.0,1.0,0.47817624989501856,1.0,1.0,0.47817624989501856,1.0,0.0,0.0,0.0,80,1.0,0.9549359649323077,1.0,1.0,0.9549359649323077,1.0,1.0,0.9549359649323077,1.0,0.0,0.0,0.0,1.0
groundingdino,115604,40058,1,chef on left,1,20,5,1,0.9397128754342494,10,10,1.0,0.6915028921812392,1.0,1.0,0.6915028921812392,1.0,1.0,0.6915028921812392,1.0,0.0,0.0,0.0,80,1.0,0.9549359649323077,1.0,1.0,0.9549359649323077,1.0,1.0,0.9549359649323077,1.0,0.0,0.0,0.0,1.0
groundingdino,115604,40058,1,chef on left,1,20,5,1,0.9397128754342494,20,20,1.0,0.8315665290169146,1.0,1.0,0.8315665290169146,1.0,1.0,0.8315665290169146,1.0,0.0,0.0,0.0,80,1.0,0.9549359649323077,1.0,1.0,0.9549359649323077,1.0,1.0,0.9549359649323077,1.0,0.0,0.0,0.0,1.0
groundingdino,115604,40058,1,chef on left,1,20,5,1,0.9397128754342494,40,40,1.0,0.9119026971211976,1.0,1.0,0.9119026971211976,1.0,1.0,0.9119026971211976,1.0,0.0,0.0,0.0,80,1.0,0.9549359649323077,1.0,1.0,0.9549359649323077,1.0,1.0,0.9549359649323077,1.0,0.0,0.0,0.0,1.0
groundingdino,161865,36122,1,left person,1,18,5,1,0.9313459958722938,5,5,1.0,0.47817624989501856,1.0,0.6,0.14663279963467318,0.9472550494736831,0.6,0.14663279963467318,0.9472550494736831,0.0,0.4,0.0,80,1.0,0.9549359649323077,1.0,0.675,0.5610629543955516,0.7755404148225468,0.675,0.5610629543955516,0.7755404148225468,0.0,0.32499999999999996,0.0,0.6
groundingdino,161865,36122,1,left person,1,18,5,1,0.9313459958722938,10,10,1.0,0.6915028921812392,1.0,0.7,0.34754714994000274,0.9332604888222655,0.7,0.34754714994000274,0.9332604888222655,0.0,0.30000000000000004,0.0,80,1.0,0.9549359649323077,1.0,0.675,0.5610629543955516,0.7755404148225468,0.675,0.5610629543955516,0.7755404148225468,0.0,0.32499999999999996,0.0,0.7
groundingdino,161865,36122,1,left person,1,18,5,1,0.9313459958722938,20,20,1.0,0.8315665290169146,1.0,0.8,0.5633859970033317,0.9426660029499673,0.8,0.5633859970033317,0.9426660029499673,0.0,0.19999999999999996,0.0,80,1.0,0.9549359649323077,1.0,0.675,0.5610629543955516,0.7755404148225468,0.675,0.5610629543955516,0.7755404148225468,0.0,0.32499999999999996,0.0,0.8
groundingdino,161865,36122,1,left person,1,18,5,1,0.9313459958722938,40,40,1.0,0.9119026971211976,1.0,0.7,0.5346837147458767,0.8343727956067644,0.7,0.5346837147458767,0.8343727956067644,0.0,0.30000000000000004,0.0,80,1.0,0.9549359649323077,1.0,0.675,0.5610629543955516,0.7755404148225468,0.675,0.5610629543955516,0.7755404148225468,0.0,0.32499999999999996,0.0,0.7
groundingdino,506030,6611,1,old guy,1,8,5,1,0.9625876036704679,5,5,1.0,0.47817624989501856,1.0,1.0,0.47817624989501856,1.0,1.0,0.47817624989501856,1.0,0.0,0.0,0.0,80,0.875,0.7821108659305637,0.9383979034415657,1.0,0.9486662028489763,1.0,0.875,0.7821108659305637,0.9383979034415657,0.125,0.0,0.0,1.0
groundingdino,506030,6611,1,old guy,1,8,5,1,0.9625876036704679,10,10,0.9,0.5549838829718046,0.9974714214555382,1.0,0.6637328831200572,1.0,0.9,0.5549838829718046,0.9974714214555382,0.09999999999999998,0.0,0.0,80,0.875,0.7821108659305637,0.9383979034415657,1.0,0.9486662028489763,1.0,0.875,0.7821108659305637,0.9383979034415657,0.125,0.0,0.0,0.9
groundingdino,506030,6611,1,old guy,1,8,5,1,0.9625876036704679,20,20,0.9,0.6830172859809176,0.9876514728297052,1.0,0.8146980318621478,1.0,0.9,0.6830172859809176,0.9876514728297052,0.09999999999999998,0.0,0.0,80,0.875,0.7821108659305637,0.9383979034415657,1.0,0.9486662028489763,1.0,0.875,0.7821108659305637,0.9383979034415657,0.125,0.0,0.0,0.9
groundingdino,506030,6611,1,old guy,1,8,5,1,0.9625876036704679,40,40,0.875,0.7319670826382796,0.9581403738613833,1.0,0.8999675644278949,1.0,0.875,0.7319670826382796,0.9581403738613833,0.125,0.0,0.0,80,0.875,0.7821108659305637,0.9383979034415657,1.0,0.9486662028489763,1.0,0.875,0.7821108659305637,0.9383979034415657,0.125,0.0,0.0,0.875
groundingdino,292498,25206,6,bus at center of photo,1,20,5,1,0.9524705801038755,5,5,1.0,0.47817624989501856,1.0,1.0,0.47817624989501856,1.0,1.0,0.47817624989501856,1.0,0.0,0.0,0.0,80,1.0,0.9549359649323077,1.0,1.0,0.9549359649323077,1.0,1.0,0.9549359649323077,1.0,0.0,0.0,0.0,1.0
groundingdino,292498,25206,6,bus at center of photo,1,20,5,1,0.9524705801038755,10,10,1.0,0.6915028921812392,1.0,1.0,0.6915028921812392,1.0,1.0,0.6915028921812392,1.0,0.0,0.0,0.0,80,1.0,0.9549359649323077,1.0,1.0,0.9549359649323077,1.0,1.0,0.9549359649323077,1.0,0.0,0.0,0.0,1.0
groundingdino,292498,25206,6,bus at center of photo,1,20,5,1,0.9524705801038755,20,20,1.0,0.8315665290169146,1.0,1.0,0.8315665290169146,1.0,1.0,0.8315665290169146,1.0,0.0,0.0,0.0,80,1.0,0.9549359649323077,1.0,1.0,0.9549359649323077,1.0,1.0,0.9549359649323077,1.0,0.0,0.0,0.0,1.0
groundingdino,292498,25206,6,bus at center of photo,1,20,5,1,0.9524705801038755,40,40,1.0,0.9119026971211976,1.0,1.0,0.9119026971211976,1.0,1.0,0.9119026971211976,1.0,0.0,0.0,0.0,80,1.0,0.9549359649323077,1.0,1.0,0.9549359649323077,1.0,1.0,0.9549359649323077,1.0,0.0,0.0,0.0,1.0
groundingdino,206628,32456,1,woman left,1,7,5,1,0.8495081094394428,5,5,1.0,0.47817624989501856,1.0,0.8,0.2835820638819106,0.9949492366205319,0.8,0.2835820638819106,0.9949492366205319,0.0,0.19999999999999996,0.0,80,1.0,0.9549359649323077,1.0,0.65,0.5352031145206642,0.7533280635274648,0.65,0.5352031145206642,0.7533280635274648,0.0,0.35,0.0,0.8
groundingdino,206628,32456,1,woman left,1,7,5,1,0.8495081094394428,10,10,1.0,0.6915028921812392,1.0,0.8,0.4439045376923585,0.9747892736731666,0.8,0.4439045376923585,0.9747892736731666,0.0,0.19999999999999996,0.0,80,1.0,0.9549359649323077,1.0,0.65,0.5352031145206642,0.7533280635274648,0.65,0.5352031145206642,0.7533280635274648,0.0,0.35,0.0,0.8
groundingdino,206628,32456,1,woman left,1,7,5,1,0.8495081094394428,20,20,1.0,0.8315665290169146,1.0,0.8,0.5633859970033317,0.9426660029499673,0.8,0.5633859970033317,0.9426660029499673,0.0,0.19999999999999996,0.0,80,1.0,0.9549359649323077,1.0,0.65,0.5352031145206642,0.7533280635274648,0.65,0.5352031145206642,0.7533280635274648,0.0,0.35,0.0,0.8
groundingdino,206628,32456,1,woman left,1,7,5,1,0.8495081094394428,40,40,1.0,0.9119026971211976,1.0,0.65,0.48315554635100944,0.793717509129233,0.65,0.48315554635100944,0.793717509129233,0.0,0.35,0.0,80,1.0,0.9549359649323077,1.0,0.65,0.5352031145206642,0.7533280635274648,0.65,0.5352031145206642,0.7533280635274648,0.0,0.35,0.0,0.65
groundingdino,177917,34869,88,bear feet,1,20,5,0,0.38062623026091813,5,5,1.0,0.47817624989501856,1.0,0.8,0.2835820638819106,0.9949492366205319,0.8,0.2835820638819106,0.9949492366205319,0.0,0.19999999999999996,0.0,80,0.9375,0.8601429247023609,0.9793969276979898,0.6133333333333333,0.4937958449660755,0.7236318702551019,0.575,0.4593888114309382,0.6848902345476577,0.0625,0.36250000000000004,0.0,0.8
groundingdino,177917,34869,88,bear feet,1,20,5,0,0.38062623026091813,10,10,1.0,0.6915028921812392,1.0,0.6,0.2623780766069451,0.8784477418801728,0.6,0.2623780766069451,0.8784477418801728,0.0,0.4,0.0,80,0.9375,0.8601429247023609,0.9793969276979898,0.6133333333333333,0.4937958449660755,0.7236318702551019,0.575,0.4593888114309382,0.6848902345476577,0.0625,0.36250000000000004,0.0,0.6
groundingdino,177917,34869,88,bear feet,1,20,5,0,0.38062623026091813,20,20,0.95,0.7512672372279723,0.9987349105020502,0.5789473684210527,0.3349978440117354,0.7974785610228372,0.55,0.3152781330405486,0.7694221032240758,0.050000000000000044,0.39999999999999997,5.551115123125783e-17,80,0.9375,0.8601429247023609,0.9793969276979898,0.6133333333333333,0.4937958449660755,0.7236318702551019,0.575,0.4593888114309382,0.6848902345476577,0.0625,0.36250000000000004,0.0,0.55
groundingdino,177917,34869,88,bear feet,1,20,5,0,0.38062623026091813,40,40,0.95,0.8308031360405824,0.9938863534006491,0.6052631578947368,0.43386153860952953,0.7596121063559645,0.575,0.40890058042696337,0.7295709687311371,0.050000000000000044,0.375,0.0,80,0.9375,0.8601429247023609,0.9793969276979898,0.6133333333333333,0.4937958449660755,0.7236318702551019,0.575,0.4593888114309382,0.6848902345476577,0.0625,0.36250000000000004,0.0,0.575
groundingdino,420620,14062,4,left bike behind the man on left,1,20,5,0,0.4323822986336756,5,5,1.0,0.47817624989501856,1.0,1.0,0.47817624989501856,1.0,1.0,0.47817624989501856,1.0,0.0,0.0,0.0,80,1.0,0.9549359649323077,1.0,0.9875,0.9323122155360776,0.9996835774723672,0.9875,0.9323122155360776,0.9996835774723672,0.0,0.012499999999999956,0.0,1.0
groundingdino,420620,14062,4,left bike behind the man on left,1,20,5,0,0.4323822986336756,10,10,1.0,0.6915028921812392,1.0,1.0,0.6915028921812392,1.0,1.0,0.6915028921812392,1.0,0.0,0.0,0.0,80,1.0,0.9549359649323077,1.0,0.9875,0.9323122155360776,0.9996835774723672,0.9875,0.9323122155360776,0.9996835774723672,0.0,0.012499999999999956,0.0,1.0
groundingdino,420620,14062,4,left bike behind the man on left,1,20,5,0,0.4323822986336756,20,20,1.0,0.8315665290169146,1.0,1.0,0.8315665290169146,1.0,1.0,0.8315665290169146,1.0,0.0,0.0,0.0,80,1.0,0.9549359649323077,1.0,0.9875,0.9323122155360776,0.9996835774723672,0.9875,0.9323122155360776,0.9996835774723672,0.0,0.012499999999999956,0.0,1.0
groundingdino,420620,14062,4,left bike behind the man on left,1,20,5,0,0.4323822986336756,40,40,1.0,0.9119026971211976,1.0,1.0,0.9119026971211976,1.0,1.0,0.9119026971211976,1.0,0.0,0.0,0.0,80,1.0,0.9549359649323077,1.0,0.9875,0.9323122155360776,0.9996835774723672,0.9875,0.9323122155360776,0.9996835774723672,0.0,0.012499999999999956,0.0,1.0
groundingdino,75881,43371,24,adult zebra,1,4,3,1,0.9794046545666327,5,5,1.0,0.47817624989501856,1.0,1.0,0.47817624989501856,1.0,1.0,0.47817624989501856,1.0,0.0,0.0,0.0,80,1.0,0.9549359649323077,1.0,1.0,0.9549359649323077,1.0,1.0,0.9549359649323077,1.0,0.0,0.0,0.0,1.0
groundingdino,75881,43371,24,adult zebra,1,4,3,1,0.9794046545666327,10,10,1.0,0.6915028921812392,1.0,1.0,0.6915028921812392,1.0,1.0,0.6915028921812392,1.0,0.0,0.0,0.0,80,1.0,0.9549359649323077,1.0,1.0,0.9549359649323077,1.0,1.0,0.9549359649323077,1.0,0.0,0.0,0.0,1.0
groundingdino,75881,43371,24,adult zebra,1,4,3,1,0.9794046545666327,20,20,1.0,0.8315665290169146,1.0,1.0,0.8315665290169146,1.0,1.0,0.8315665290169146,1.0,0.0,0.0,0.0,80,1.0,0.9549359649323077,1.0,1.0,0.9549359649323077,1.0,1.0,0.9549359649323077,1.0,0.0,0.0,0.0,1.0
groundingdino,75881,43371,24,adult zebra,1,4,3,1,0.9794046545666327,40,40,1.0,0.9119026971211976,1.0,1.0,0.9119026971211976,1.0,1.0,0.9119026971211976,1.0,0.0,0.0,0.0,80,1.0,0.9549359649323077,1.0,1.0,0.9549359649323077,1.0,1.0,0.9549359649323077,1.0,0.0,0.0,0.0,1.0
groundingdino,555022,2369,63,pink couch with pink pillow on it but click the couch not the pillow,1,20,5,1,0.8724449250978871,5,5,1.0,0.47817624989501856,1.0,1.0,0.47817624989501856,1.0,1.0,0.47817624989501856,1.0,0.0,0.0,0.0,80,1.0,0.9549359649323077,1.0,1.0,0.9549359649323077,1.0,1.0,0.9549359649323077,1.0,0.0,0.0,0.0,1.0
groundingdino,555022,2369,63,pink couch with pink pillow on it but click the couch not the pillow,1,20,5,1,0.8724449250978871,10,10,1.0,0.6915028921812392,1.0,1.0,0.6915028921812392,1.0,1.0,0.6915028921812392,1.0,0.0,0.0,0.0,80,1.0,0.9549359649323077,1.0,1.0,0.9549359649323077,1.0,1.0,0.9549359649323077,1.0,0.0,0.0,0.0,1.0
groundingdino,555022,2369,63,pink couch with pink pillow on it but click the couch not the pillow,1,20,5,1,0.8724449250978871,20,20,1.0,0.8315665290169146,1.0,1.0,0.8315665290169146,1.0,1.0,0.8315665290169146,1.0,0.0,0.0,0.0,80,1.0,0.9549359649323077,1.0,1.0,0.9549359649323077,1.0,1.0,0.9549359649323077,1.0,0.0,0.0,0.0,1.0
groundingdino,555022,2369,63,pink couch with pink pillow on it but click the couch not the pillow,1,20,5,1,0.8724449250978871,40,40,1.0,0.9119026971211976,1.0,1.0,0.9119026971211976,1.0,1.0,0.9119026971211976,1.0,0.0,0.0,0.0,80,1.0,0.9549359649323077,1.0,1.0,0.9549359649323077,1.0,1.0,0.9549359649323077,1.0,0.0,0.0,0.0,1.0
groundingdino,22928,48064,18,right dog,1,20,5,0,0.08451524238416656,5,5,1.0,0.47817624989501856,1.0,0.4,0.05274495052631693,0.8533672003653268,0.4,0.05274495052631693,0.8533672003653268,0.0,0.6,0.0,80,0.975,0.9125928440694078,0.9969579138351904,0.7564102564102564,0.6460304968039317,0.8465254431713166,0.7375,0.6271491697875681,0.8295907488995917,0.025000000000000022,0.23750000000000002,8.326672684688674e-17,0.4
groundingdino,22928,48064,18,right dog,1,20,5,0,0.08451524238416656,10,10,1.0,0.6915028921812392,1.0,0.6,0.2623780766069451,0.8784477418801728,0.6,0.2623780766069451,0.8784477418801728,0.0,0.4,0.0,80,0.975,0.9125928440694078,0.9969579138351904,0.7564102564102564,0.6460304968039317,0.8465254431713166,0.7375,0.6271491697875681,0.8295907488995917,0.025000000000000022,0.23750000000000002,8.326672684688674e-17,0.6
groundingdino,22928,48064,18,right dog,1,20,5,0,0.08451524238416656,20,20,0.9,0.6830172859809176,0.9876514728297052,0.6111111111111112,0.35745120589306273,0.8270141452102482,0.55,0.3152781330405486,0.7694221032240758,0.09999999999999998,0.35,0.0,80,0.975,0.9125928440694078,0.9969579138351904,0.7564102564102564,0.6460304968039317,0.8465254431713166,0.7375,0.6271491697875681,0.8295907488995917,0.025000000000000022,0.23750000000000002,8.326672684688674e-17,0.55
groundingdino,22928,48064,18,right dog,1,20,5,0,0.08451524238416656,40,40,0.9,0.7633626001239001,0.9720745847057807,0.75,0.5779704154218559,0.8787967058761648,0.675,0.5087051245215516,0.8142710332366501,0.09999999999999998,0.225,2.7755575615628914e-17,80,0.975,0.9125928440694078,0.9969579138351904,0.7564102564102564,0.6460304968039317,0.8465254431713166,0.7375,0.6271491697875681,0.8295907488995917,0.025000000000000022,0.23750000000000002,8.326672684688674e-17,0.675
groundingdino,349144,19982,2,middle bike tire,1,20,5,1,0.6057909261093212,5,5,1.0,0.47817624989501856,1.0,0.8,0.2835820638819106,0.9949492366205319,0.8,0.2835820638819106,0.9949492366205319,0.0,0.19999999999999996,0.0,80,1.0,0.9549359649323077,1.0,0.725,0.6137565791555908,0.8189623614429612,0.725,0.6137565791555908,0.8189623614429612,0.0,0.275,0.0,0.8
groundingdino,349144,19982,2,middle bike tire,1,20,5,1,0.6057909261093212,10,10,1.0,0.6915028921812392,1.0,0.8,0.4439045376923585,0.9747892736731666,0.8,0.4439045376923585,0.9747892736731666,0.0,0.19999999999999996,0.0,80,1.0,0.9549359649323077,1.0,0.725,0.6137565791555908,0.8189623614429612,0.725,0.6137565791555908,0.8189623614429612,0.0,0.275,0.0,0.8
groundingdino,349144,19982,2,middle bike tire,1,20,5,1,0.6057909261093212,20,20,1.0,0.8315665290169146,1.0,0.9,0.6830172859809176,0.9876514728297052,0.9,0.6830172859809176,0.9876514728297052,0.0,0.09999999999999998,0.0,80,1.0,0.9549359649323077,1.0,0.725,0.6137565791555908,0.8189623614429612,0.725,0.6137565791555908,0.8189623614429612,0.0,0.275,0.0,0.9
groundingdino,349144,19982,2,middle bike tire,1,20,5,1,0.6057909261093212,40,40,1.0,0.9119026971211976,1.0,0.875,0.7319670826382796,0.9581403738613833,0.875,0.7319670826382796,0.9581403738613833,0.0,0.125,0.0,80,1.0,0.9549359649323077,1.0,0.725,0.6137565791555908,0.8189623614429612,0.725,0.6137565791555908,0.8189623614429612,0.0,0.275,0.0,0.875
groundingdino,233153,30199,1,hot dude,1,11,5,1,0.9132710811850283,5,5,0.8,0.2835820638819106,0.9949492366205319,1.0,0.3976353643835254,1.0,0.8,0.2835820638819106,0.9949492366205319,0.19999999999999996,0.0,0.0,80,0.8125,0.7096721043523089,0.8910863118524706,1.0,0.9448283656811867,1.0,0.8125,0.7096721043523089,0.8910863118524706,0.1875,0.0,0.0,0.8
groundingdino,233153,30199,1,hot dude,1,11,5,1,0.9132710811850283,10,10,0.9,0.5549838829718046,0.9974714214555382,1.0,0.6637328831200572,1.0,0.9,0.5549838829718046,0.9974714214555382,0.09999999999999998,0.0,0.0,80,0.8125,0.7096721043523089,0.8910863118524706,1.0,0.9448283656811867,1.0,0.8125,0.7096721043523089,0.8910863118524706,0.1875,0.0,0.0,0.9
groundingdino,233153,30199,1,hot dude,1,11,5,1,0.9132710811850283,20,20,0.85,0.6210731734546859,0.9679290628145363,1.0,0.8049356770309068,1.0,0.85,0.6210731734546859,0.9679290628145363,0.15000000000000002,0.0,0.0,80,0.8125,0.7096721043523089,0.8910863118524706,1.0,0.9448283656811867,1.0,0.8125,0.7096721043523089,0.8910863118524706,0.1875,0.0,0.0,0.85
groundingdino,233153,30199,1,hot dude,1,11,5,1,0.9132710811850283,40,40,0.825,0.6722098666384142,0.9266172706479148,1.0,0.8942371899254207,1.0,0.825,0.6722098666384142,0.9266172706479148,0.17500000000000004,0.0,0.0,80,0.8125,0.7096721043523089,0.8910863118524706,1.0,0.9448283656811867,1.0,0.8125,0.7096721043523089,0.8910863118524706,0.1875,0.0,0.0,0.825
groundingdino,128599,38888,1,guy in middle,1,20,5,1,0.9921796114289583,5,5,1.0,0.47817624989501856,1.0,1.0,0.47817624989501856,1.0,1.0,0.47817624989501856,1.0,0.0,0.0,0.0,80,1.0,0.9549359649323077,1.0,1.0,0.9549359649323077,1.0,1.0,0.9549359649323077,1.0,0.0,0.0,0.0,1.0
groundingdino,128599,38888,1,guy in middle,1,20,5,1,0.9921796114289583,10,10,1.0,0.6915028921812392,1.0,1.0,0.6915028921812392,1.0,1.0,0.6915028921812392,1.0,0.0,0.0,0.0,80,1.0,0.9549359649323077,1.0,1.0,0.9549359649323077,1.0,1.0,0.9549359649323077,1.0,0.0,0.0,0.0,1.0
groundingdino,128599,38888,1,guy in middle,1,20,5,1,0.9921796114289583,20,20,1.0,0.8315665290169146,1.0,1.0,0.8315665290169146,1.0,1.0,0.8315665290169146,1.0,0.0,0.0,0.0,80,1.0,0.9549359649323077,1.0,1.0,0.9549359649323077,1.0,1.0,0.9549359649323077,1.0,0.0,0.0,0.0,1.0
groundingdino,128599,38888,1,guy in middle,1,20,5,1,0.9921796114289583,40,40,0.975,0.8684141415172343,0.9993672550679505,1.0,0.9097488990396657,1.0,0.975,0.8684141415172343,0.9993672550679505,0.025000000000000022,0.0,0.0,80,1.0,0.9549359649323077,1.0,1.0,0.9549359649323077,1.0,1.0,0.9549359649323077,1.0,0.0,0.0,0.0,0.975
groundingdino,521800,5217,60,left choc donut on bottom,1,20,5,0,0.009240494593430166,5,5,1.0,0.47817624989501856,1.0,1.0,0.47817624989501856,1.0,1.0,0.47817624989501856,1.0,0.0,0.0,0.0,80,1.0,0.9549359649323077,1.0,1.0,0.9549359649323077,1.0,1.0,0.9549359649323077,1.0,0.0,0.0,0.0,1.0
groundingdino,521800,5217,60,left choc donut on bottom,1,20,5,0,0.009240494593430166,10,10,1.0,0.6915028921812392,1.0,1.0,0.6915028921812392,1.0,1.0,0.6915028921812392,1.0,0.0,0.0,0.0,80,1.0,0.9549359649323077,1.0,1.0,0.9549359649323077,1.0,1.0,0.9549359649323077,1.0,0.0,0.0,0.0,1.0
groundingdino,521800,5217,60,left choc donut on bottom,1,20,5,0,0.009240494593430166,20,20,1.0,0.8315665290169146,1.0,1.0,0.8315665290169146,1.0,1.0,0.8315665290169146,1.0,0.0,0.0,0.0,80,1.0,0.9549359649323077,1.0,1.0,0.9549359649323077,1.0,1.0,0.9549359649323077,1.0,0.0,0.0,0.0,1.0
groundingdino,521800,5217,60,left choc donut on bottom,1,20,5,0,0.009240494593430166,40,40,1.0,0.9119026971211976,1.0,1.0,0.9119026971211976,1.0,1.0,0.9119026971211976,1.0,0.0,0.0,0.0,80,1.0,0.9549359649323077,1.0,1.0,0.9549359649323077,1.0,1.0,0.9549359649323077,1.0,0.0,0.0,0.0,1.0
groundingdino,177658,34885,1,woman,1,20,5,0,0.03699211411345464,5,5,1.0,0.47817624989501856,1.0,1.0,0.47817624989501856,1.0,1.0,0.47817624989501856,1.0,0.0,0.0,0.0,80,0.8875,0.7971534080830098,0.9472484868543125,1.0,0.9493705920455963,1.0,0.8875,0.7971534080830098,0.9472484868543125,0.11250000000000004,0.0,0.0,1.0
groundingdino,177658,34885,1,woman,1,20,5,0,0.03699211411345464,10,10,0.9,0.5549838829718046,0.9974714214555382,1.0,0.6637328831200572,1.0,0.9,0.5549838829718046,0.9974714214555382,0.09999999999999998,0.0,0.0,80,0.8875,0.7971534080830098,0.9472484868543125,1.0,0.9493705920455963,1.0,0.8875,0.7971534080830098,0.9472484868543125,0.11250000000000004,0.0,0.0,0.9
groundingdino,177658,34885,1,woman,1,20,5,0,0.03699211411345464,20,20,0.85,0.6210731734546859,0.9679290628145363,1.0,0.8049356770309068,1.0,0.85,0.6210731734546859,0.9679290628145363,0.15000000000000002,0.0,0.0,80,0.8875,0.7971534080830098,0.9472484868543125,1.0,0.9493705920455963,1.0,0.8875,0.7971534080830098,0.9472484868543125,0.11250000000000004,0.0,0.0,0.85
groundingdino,177658,34885,1,woman,1,20,5,0,0.03699211411345464,40,40,0.825,0.6722098666384142,0.9266172706479148,1.0,0.8942371899254207,1.0,0.825,0.6722098666384142,0.9266172706479148,0.17500000000000004,0.0,0.0,80,0.8875,0.7971534080830098,0.9472484868543125,1.0,0.9493705920455963,1.0,0.8875,0.7971534080830098,0.9472484868543125,0.11250000000000004,0.0,0.0,0.825
groundingdino,139763,37936,62,first chair on right,1,20,5,0,0.3334519801019035,5,5,1.0,0.47817624989501856,1.0,1.0,0.47817624989501856,1.0,1.0,0.47817624989501856,1.0,0.0,0.0,0.0,80,1.0,0.9549359649323077,1.0,1.0,0.9549359649323077,1.0,1.0,0.9549359649323077,1.0,0.0,0.0,0.0,1.0
groundingdino,139763,37936,62,first chair on right,1,20,5,0,0.3334519801019035,10,10,1.0,0.6915028921812392,1.0,1.0,0.6915028921812392,1.0,1.0,0.6915028921812392,1.0,0.0,0.0,0.0,80,1.0,0.9549359649323077,1.0,1.0,0.9549359649323077,1.0,1.0,0.9549359649323077,1.0,0.0,0.0,0.0,1.0
groundingdino,139763,37936,62,first chair on right,1,20,5,0,0.3334519801019035,20,20,1.0,0.8315665290169146,1.0,1.0,0.8315665290169146,1.0,1.0,0.8315665290169146,1.0,0.0,0.0,0.0,80,1.0,0.9549359649323077,1.0,1.0,0.9549359649323077,1.0,1.0,0.9549359649323077,1.0,0.0,0.0,0.0,1.0
groundingdino,139763,37936,62,first chair on right,1,20,5,0,0.3334519801019035,40,40,1.0,0.9119026971211976,1.0,1.0,0.9119026971211976,1.0,1.0,0.9119026971211976,1.0,0.0,0.0,0.0,80,1.0,0.9549359649323077,1.0,1.0,0.9549359649323077,1.0,1.0,0.9549359649323077,1.0,0.0,0.0,0.0,1.0
groundingdino,74183,43524,1,front row second from left,1,20,5,0,0.1623280871741527,5,5,1.0,0.47817624989501856,1.0,1.0,0.47817624989501856,1.0,1.0,0.47817624989501856,1.0,0.0,0.0,0.0,80,1.0,0.9549359649323077,1.0,1.0,0.9549359649323077,1.0,1.0,0.9549359649323077,1.0,0.0,0.0,0.0,1.0
groundingdino,74183,43524,1,front row second from left,1,20,5,0,0.1623280871741527,10,10,1.0,0.6915028921812392,1.0,1.0,0.6915028921812392,1.0,1.0,0.6915028921812392,1.0,0.0,0.0,0.0,80,1.0,0.9549359649323077,1.0,1.0,0.9549359649323077,1.0,1.0,0.9549359649323077,1.0,0.0,0.0,0.0,1.0
groundingdino,74183,43524,1,front row second from left,1,20,5,0,0.1623280871741527,20,20,1.0,0.8315665290169146,1.0,1.0,0.8315665290169146,1.0,1.0,0.8315665290169146,1.0,0.0,0.0,0.0,80,1.0,0.9549359649323077,1.0,1.0,0.9549359649323077,1.0,1.0,0.9549359649323077,1.0,0.0,0.0,0.0,1.0
groundingdino,74183,43524,1,front row second from left,1,20,5,0,0.1623280871741527,40,40,1.0,0.9119026971211976,1.0,1.0,0.9119026971211976,1.0,1.0,0.9119026971211976,1.0,0.0,0.0,0.0,80,1.0,0.9549359649323077,1.0,1.0,0.9549359649323077,1.0,1.0,0.9549359649323077,1.0,0.0,0.0,0.0,1.0
groundingdino,275707,26641,1,guy left,1,20,5,0,0.0,5,5,1.0,0.47817624989501856,1.0,0.8,0.2835820638819106,0.9949492366205319,0.8,0.2835820638819106,0.9949492366205319,0.0,0.19999999999999996,0.0,80,1.0,0.9549359649323077,1.0,0.8375,0.7381631061748872,0.9105383582774708,0.8375,0.7381631061748872,0.9105383582774708,0.0,0.16249999999999998,0.0,0.8
groundingdino,275707,26641,1,guy left,1,20,5,0,0.0,10,10,1.0,0.6915028921812392,1.0,0.8,0.4439045376923585,0.9747892736731666,0.8,0.4439045376923585,0.9747892736731666,0.0,0.19999999999999996,0.0,80,1.0,0.9549359649323077,1.0,0.8375,0.7381631061748872,0.9105383582774708,0.8375,0.7381631061748872,0.9105383582774708,0.0,0.16249999999999998,0.0,0.8
groundingdino,275707,26641,1,guy left,1,20,5,0,0.0,20,20,1.0,0.8315665290169146,1.0,0.8,0.5633859970033317,0.9426660029499673,0.8,0.5633859970033317,0.9426660029499673,0.0,0.19999999999999996,0.0,80,1.0,0.9549359649323077,1.0,0.8375,0.7381631061748872,0.9105383582774708,0.8375,0.7381631061748872,0.9105383582774708,0.0,0.16249999999999998,0.0,0.8
groundingdino,275707,26641,1,guy left,1,20,5,0,0.0,40,40,1.0,0.9119026971211976,1.0,0.75,0.5880380198485702,0.873085201067155,0.75,0.5880380198485702,0.873085201067155,0.0,0.25,0.0,80,1.0,0.9549359649323077,1.0,0.8375,0.7381631061748872,0.9105383582774708,0.8375,0.7381631061748872,0.9105383582774708,0.0,0.16249999999999998,0.0,0.75
groundingdino,163828,35981,1,hitta,1,20,5,0,0.0,5,5,1.0,0.47817624989501856,1.0,1.0,0.47817624989501856,1.0,1.0,0.47817624989501856,1.0,0.0,0.0,0.0,80,1.0,0.9549359649323077,1.0,1.0,0.9549359649323077,1.0,1.0,0.9549359649323077,1.0,0.0,0.0,0.0,1.0
groundingdino,163828,35981,1,hitta,1,20,5,0,0.0,10,10,1.0,0.6915028921812392,1.0,1.0,0.6915028921812392,1.0,1.0,0.6915028921812392,1.0,0.0,0.0,0.0,80,1.0,0.9549359649323077,1.0,1.0,0.9549359649323077,1.0,1.0,0.9549359649323077,1.0,0.0,0.0,0.0,1.0
groundingdino,163828,35981,1,hitta,1,20,5,0,0.0,20,20,1.0,0.8315665290169146,1.0,1.0,0.8315665290169146,1.0,1.0,0.8315665290169146,1.0,0.0,0.0,0.0,80,1.0,0.9549359649323077,1.0,1.0,0.9549359649323077,1.0,1.0,0.9549359649323077,1.0,0.0,0.0,0.0,1.0
groundingdino,163828,35981,1,hitta,1,20,5,0,0.0,40,40,1.0,0.9119026971211976,1.0,1.0,0.9119026971211976,1.0,1.0,0.9119026971211976,1.0,0.0,0.0,0.0,80,1.0,0.9549359649323077,1.0,1.0,0.9549359649323077,1.0,1.0,0.9549359649323077,1.0,0.0,0.0,0.0,1.0
groundingdino,71989,43765,1,person on right,1,20,5,0,0.0,5,5,1.0,0.47817624989501856,1.0,1.0,0.47817624989501856,1.0,1.0,0.47817624989501856,1.0,0.0,0.0,0.0,80,1.0,0.9549359649323077,1.0,0.9,0.8124348925365684,0.955829059846371,0.9,0.8124348925365684,0.955829059846371,0.0,0.09999999999999998,0.0,1.0
groundingdino,71989,43765,1,person on right,1,20,5,0,0.0,10,10,1.0,0.6915028921812392,1.0,1.0,0.6915028921812392,1.0,1.0,0.6915028921812392,1.0,0.0,0.0,0.0,80,1.0,0.9549359649323077,1.0,0.9,0.8124348925365684,0.955829059846371,0.9,0.8124348925365684,0.955829059846371,0.0,0.09999999999999998,0.0,1.0
groundingdino,71989,43765,1,person on right,1,20,5,0,0.0,20,20,1.0,0.8315665290169146,1.0,0.95,0.7512672372279723,0.9987349105020502,0.95,0.7512672372279723,0.9987349105020502,0.0,0.050000000000000044,0.0,80,1.0,0.9549359649323077,1.0,0.9,0.8124348925365684,0.955829059846371,0.9,0.8124348925365684,0.955829059846371,0.0,0.09999999999999998,0.0,0.95
groundingdino,71989,43765,1,person on right,1,20,5,0,0.0,40,40,1.0,0.9119026971211976,1.0,0.9,0.7633626001239001,0.9720745847057807,0.9,0.7633626001239001,0.9720745847057807,0.0,0.09999999999999998,0.0,80,1.0,0.9549359649323077,1.0,0.9,0.8124348925365684,0.955829059846371,0.9,0.8124348925365684,0.955829059846371,0.0,0.09999999999999998,0.0,0.9
groundingdino,77174,43277,54,left sandwich half,1,13,5,0,0.3276258080325641,5,5,1.0,0.47817624989501856,1.0,1.0,0.47817624989501856,1.0,1.0,0.47817624989501856,1.0,0.0,0.0,0.0,80,0.9625,0.8942980149834914,0.9921988127342833,1.0,0.9532219318395959,1.0,0.9625,0.8942980149834914,0.9921988127342833,0.03749999999999998,0.0,0.0,1.0
groundingdino,77174,43277,54,left sandwich half,1,13,5,0,0.3276258080325641,10,10,1.0,0.6915028921812392,1.0,1.0,0.6915028921812392,1.0,1.0,0.6915028921812392,1.0,0.0,0.0,0.0,80,0.9625,0.8942980149834914,0.9921988127342833,1.0,0.9532219318395959,1.0,0.9625,0.8942980149834914,0.9921988127342833,0.03749999999999998,0.0,0.0,1.0
groundingdino,77174,43277,54,left sandwich half,1,13,5,0,0.3276258080325641,20,20,0.95,0.7512672372279723,0.9987349105020502,1.0,0.8235330881930346,1.0,0.95,0.7512672372279723,0.9987349105020502,0.050000000000000044,0.0,0.0,80,0.9625,0.8942980149834914,0.9921988127342833,1.0,0.9532219318395959,1.0,0.9625,0.8942980149834914,0.9921988127342833,0.03749999999999998,0.0,0.0,0.95
groundingdino,77174,43277,54,left sandwich half,1,13,5,0,0.3276258080325641,40,40,0.95,0.8308031360405824,0.9938863534006491,1.0,0.9074872385841217,1.0,0.95,0.8308031360405824,0.9938863534006491,0.050000000000000044,0.0,0.0,80,0.9625,0.8942980149834914,0.9921988127342833,1.0,0.9532219318395959,1.0,0.9625,0.8942980149834914,0.9921988127342833,0.03749999999999998,0.0,0.0,0.95
groundingdino,289782,25388,8,red truck on right,1,20,5,0,0.1298444803147405,5,5,0.8,0.2835820638819106,0.9949492366205319,0.75,0.19412044968324346,0.9936905367902902,0.6,0.14663279963467318,0.9472550494736831,0.19999999999999996,0.2,5.551115123125783e-17,80,0.975,0.9125928440694078,0.9969579138351904,0.8589743589743589,0.7616610093373138,0.9274424621443964,0.8375,0.7381631061748872,0.9105383582774708,0.025000000000000022,0.13750000000000004,8.326672684688674e-17,0.6
groundingdino,289782,25388,8,red truck on right,1,20,5,0,0.1298444803147405,10,10,0.9,0.5549838829718046,0.9974714214555382,0.6666666666666666,0.2992950562085404,0.9251453685803082,0.6,0.2623780766069451,0.8784477418801728,0.09999999999999998,0.30000000000000004,0.0,80,0.975,0.9125928440694078,0.9969579138351904,0.8589743589743589,0.7616610093373138,0.9274424621443964,0.8375,0.7381631061748872,0.9105383582774708,0.025000000000000022,0.13750000000000004,8.326672684688674e-17,0.6
groundingdino,289782,25388,8,red truck on right,1,20,5,0,0.1298444803147405,20,20,0.9,0.6830172859809176,0.9876514728297052,0.7777777777777778,0.52362723426352,0.9359079522823335,0.7,0.4572108177237109,0.8810684095942722,0.09999999999999998,0.19999999999999998,8.326672684688674e-17,80,0.975,0.9125928440694078,0.9969579138351904,0.8589743589743589,0.7616610093373138,0.9274424621443964,0.8375,0.7381631061748872,0.9105383582774708,0.025000000000000022,0.13750000000000004,8.326672684688674e-17,0.7
groundingdino,289782,25388,8,red truck on right,1,20,5,0,0.1298444803147405,40,40,0.95,0.8308031360405824,0.9938863534006491,0.7631578947368421,0.5975876394285091,0.8855582951774693,0.725,0.5611170928209519,0.8539910080361344,0.050000000000000044,0.22499999999999995,2.7755575615628914e-17,80,0.975,0.9125928440694078,0.9969579138351904,0.8589743589743589,0.7616610093373138,0.9274424621443964,0.8375,0.7381631061748872,0.9105383582774708,0.025000000000000022,0.13750000000000004,8.326672684688674e-17,0.725
groundingdino,61877,44578,1,right girl,1,20,5,0,0.0,5,5,1.0,0.47817624989501856,1.0,1.0,0.47817624989501856,1.0,1.0,0.47817624989501856,1.0,0.0,0.0,0.0,80,1.0,0.9549359649323077,1.0,0.9875,0.9323122155360776,0.9996835774723672,0.9875,0.9323122155360776,0.9996835774723672,0.0,0.012499999999999956,0.0,1.0
groundingdino,61877,44578,1,right girl,1,20,5,0,0.0,10,10,1.0,0.6915028921812392,1.0,1.0,0.6915028921812392,1.0,1.0,0.6915028921812392,1.0,0.0,0.0,0.0,80,1.0,0.9549359649323077,1.0,0.9875,0.9323122155360776,0.9996835774723672,0.9875,0.9323122155360776,0.9996835774723672,0.0,0.012499999999999956,0.0,1.0
groundingdino,61877,44578,1,right girl,1,20,5,0,0.0,20,20,1.0,0.8315665290169146,1.0,1.0,0.8315665290169146,1.0,1.0,0.8315665290169146,1.0,0.0,0.0,0.0,80,1.0,0.9549359649323077,1.0,0.9875,0.9323122155360776,0.9996835774723672,0.9875,0.9323122155360776,0.9996835774723672,0.0,0.012499999999999956,0.0,1.0
groundingdino,61877,44578,1,right girl,1,20,5,0,0.0,40,40,1.0,0.9119026971211976,1.0,1.0,0.9119026971211976,1.0,1.0,0.9119026971211976,1.0,0.0,0.0,0.0,80,1.0,0.9549359649323077,1.0,0.9875,0.9323122155360776,0.9996835774723672,0.9875,0.9323122155360776,0.9996835774723672,0.0,0.012499999999999956,0.0,1.0
groundingdino,158051,36394,1,woman,1,10,5,1,0.9204068295373842,5,5,1.0,0.47817624989501856,1.0,1.0,0.47817624989501856,1.0,1.0,0.47817624989501856,1.0,0.0,0.0,0.0,80,0.6625,0.5480943856258318,0.7644738620163491,1.0,0.9327654536936989,1.0,0.6625,0.5480943856258318,0.7644738620163491,0.3375,0.0,0.0,1.0
groundingdino,158051,36394,1,woman,1,10,5,1,0.9204068295373842,10,10,0.9,0.5549838829718046,0.9974714214555382,1.0,0.6637328831200572,1.0,0.9,0.5549838829718046,0.9974714214555382,0.09999999999999998,0.0,0.0,80,0.6625,0.5480943856258318,0.7644738620163491,1.0,0.9327654536936989,1.0,0.6625,0.5480943856258318,0.7644738620163491,0.3375,0.0,0.0,0.9
groundingdino,158051,36394,1,woman,1,10,5,1,0.9204068295373842,20,20,0.75,0.5089541282920425,0.9134285308985653,1.0,0.781980639089466,1.0,0.75,0.5089541282920425,0.9134285308985653,0.25,0.0,0.0,80,0.6625,0.5480943856258318,0.7644738620163491,1.0,0.9327654536936989,1.0,0.6625,0.5480943856258318,0.7644738620163491,0.3375,0.0,0.0,0.75
groundingdino,158051,36394,1,woman,1,10,5,1,0.9204068295373842,40,40,0.725,0.5611170928209519,0.8539910080361344,1.0,0.8805551309304973,1.0,0.725,0.5611170928209519,0.8539910080361344,0.275,0.0,0.0,80,0.6625,0.5480943856258318,0.7644738620163491,1.0,0.9327654536936989,1.0,0.6625,0.5480943856258318,0.7644738620163491,0.3375,0.0,0.0,0.725
groundingdino,553586,2501,54,right bread,1,20,5,0,0.12546621363589064,5,5,1.0,0.47817624989501856,1.0,0.4,0.05274495052631693,0.8533672003653268,0.4,0.05274495052631693,0.8533672003653268,0.0,0.6,0.0,80,0.9625,0.8942980149834914,0.9921988127342833,0.45454545454545453,0.34059841027660265,0.5720950709934152,0.4375,0.32676395343377895,0.5530024286118197,0.03749999999999998,0.525,0.0,0.4
groundingdino,553586,2501,54,right bread,1,20,5,0,0.12546621363589064,10,10,0.9,0.5549838829718046,0.9974714214555382,0.4444444444444444,0.13699566226516652,0.7879914932211319,0.4,0.1215522581198272,0.7376219233930549,0.09999999999999998,0.5,0.0,80,0.9625,0.8942980149834914,0.9921988127342833,0.45454545454545453,0.34059841027660265,0.5720950709934152,0.4375,0.32676395343377895,0.5530024286118197,0.03749999999999998,0.525,0.0,0.4
groundingdino,553586,2501,54,right bread,1,20,5,0,0.12546621363589064,20,20,0.9,0.6830172859809176,0.9876514728297052,0.3888888888888889,0.17298585478975187,0.6425487941069372,0.35,0.15390920478454118,0.5921885345328282,0.09999999999999998,0.55,0.0,80,0.9625,0.8942980149834914,0.9921988127342833,0.45454545454545453,0.34059841027660265,0.5720950709934152,0.4375,0.32676395343377895,0.5530024286118197,0.03749999999999998,0.525,0.0,0.35
groundingdino,553586,2501,54,right bread,1,20,5,0,0.12546621363589064,40,40,0.9,0.7633626001239001,0.9720745847057807,0.4444444444444444,0.2793541919668476,0.6190232059106163,0.4,0.24864998658774376,0.5667329478067034,0.09999999999999998,0.5,0.0,80,0.9625,0.8942980149834914,0.9921988127342833,0.45454545454545453,0.34059841027660265,0.5720950709934152,0.4375,0.32676395343377895,0.5530024286118197,0.03749999999999998,0.525,0.0,0.4
groundingdino,135348,38331,1,guy with orange back far left no head,1,20,5,0,0.018579485382979377,5,5,1.0,0.47817624989501856,1.0,1.0,0.47817624989501856,1.0,1.0,0.47817624989501856,1.0,0.0,0.0,0.0,80,1.0,0.9549359649323077,1.0,1.0,0.9549359649323077,1.0,1.0,0.9549359649323077,1.0,0.0,0.0,0.0,1.0
groundingdino,135348,38331,1,guy with orange back far left no head,1,20,5,0,0.018579485382979377,10,10,1.0,0.6915028921812392,1.0,1.0,0.6915028921812392,1.0,1.0,0.6915028921812392,1.0,0.0,0.0,0.0,80,1.0,0.9549359649323077,1.0,1.0,0.9549359649323077,1.0,1.0,0.9549359649323077,1.0,0.0,0.0,0.0,1.0
groundingdino,135348,38331,1,guy with orange back far left no head,1,20,5,0,0.018579485382979377,20,20,1.0,0.8315665290169146,1.0,1.0,0.8315665290169146,1.0,1.0,0.8315665290169146,1.0,0.0,0.0,0.0,80,1.0,0.9549359649323077,1.0,1.0,0.9549359649323077,1.0,1.0,0.9549359649323077,1.0,0.0,0.0,0.0,1.0
groundingdino,135348,38331,1,guy with orange back far left no head,1,20,5,0,0.018579485382979377,40,40,1.0,0.9119026971211976,1.0,1.0,0.9119026971211976,1.0,1.0,0.9119026971211976,1.0,0.0,0.0,0.0,80,1.0,0.9549359649323077,1.0,1.0,0.9549359649323077,1.0,1.0,0.9549359649323077,1.0,0.0,0.0,0.0,1.0
groundingdino,474123,9388,1,tats chick,1,20,5,1,0.9755810535964325,5,5,1.0,0.47817624989501856,1.0,0.8,0.2835820638819106,0.9949492366205319,0.8,0.2835820638819106,0.9949492366205319,0.0,0.19999999999999996,0.0,80,1.0,0.9549359649323077,1.0,0.875,0.7821108659305637,0.9383979034415657,0.875,0.7821108659305637,0.9383979034415657,0.0,0.125,0.0,0.8
groundingdino,474123,9388,1,tats chick,1,20,5,1,0.9755810535964325,10,10,1.0,0.6915028921812392,1.0,0.6,0.2623780766069451,0.8784477418801728,0.6,0.2623780766069451,0.8784477418801728,0.0,0.4,0.0,80,1.0,0.9549359649323077,1.0,0.875,0.7821108659305637,0.9383979034415657,0.875,0.7821108659305637,0.9383979034415657,0.0,0.125,0.0,0.6
groundingdino,474123,9388,1,tats chick,1,20,5,1,0.9755810535964325,20,20,1.0,0.8315665290169146,1.0,0.8,0.5633859970033317,0.9426660029499673,0.8,0.5633859970033317,0.9426660029499673,0.0,0.19999999999999996,0.0,80,1.0,0.9549359649323077,1.0,0.875,0.7821108659305637,0.9383979034415657,0.875,0.7821108659305637,0.9383979034415657,0.0,0.125,0.0,0.8
groundingdino,474123,9388,1,tats chick,1,20,5,1,0.9755810535964325,40,40,1.0,0.9119026971211976,1.0,0.875,0.7319670826382796,0.9581403738613833,0.875,0.7319670826382796,0.9581403738613833,0.0,0.125,0.0,80,1.0,0.9549359649323077,1.0,0.875,0.7821108659305637,0.9383979034415657,0.875,0.7821108659305637,0.9383979034415657,0.0,0.125,0.0,0.875
groundingdino,538398,3810,63,striped thing,1,20,5,1,0.8845761242079258,5,5,1.0,0.47817624989501856,1.0,1.0,0.47817624989501856,1.0,1.0,0.47817624989501856,1.0,0.0,0.0,0.0,80,0.9625,0.8942980149834914,0.9921988127342833,1.0,0.9532219318395959,1.0,0.9625,0.8942980149834914,0.9921988127342833,0.03749999999999998,0.0,0.0,1.0
groundingdino,538398,3810,63,striped thing,1,20,5,1,0.8845761242079258,10,10,1.0,0.6915028921812392,1.0,1.0,0.6915028921812392,1.0,1.0,0.6915028921812392,1.0,0.0,0.0,0.0,80,0.9625,0.8942980149834914,0.9921988127342833,1.0,0.9532219318395959,1.0,0.9625,0.8942980149834914,0.9921988127342833,0.03749999999999998,0.0,0.0,1.0
groundingdino,538398,3810,63,striped thing,1,20,5,1,0.8845761242079258,20,20,1.0,0.8315665290169146,1.0,1.0,0.8315665290169146,1.0,1.0,0.8315665290169146,1.0,0.0,0.0,0.0,80,0.9625,0.8942980149834914,0.9921988127342833,1.0,0.9532219318395959,1.0,0.9625,0.8942980149834914,0.9921988127342833,0.03749999999999998,0.0,0.0,1.0
groundingdino,538398,3810,63,striped thing,1,20,5,1,0.8845761242079258,40,40,1.0,0.9119026971211976,1.0,1.0,0.9119026971211976,1.0,1.0,0.9119026971211976,1.0,0.0,0.0,0.0,80,0.9625,0.8942980149834914,0.9921988127342833,1.0,0.9532219318395959,1.0,0.9625,0.8942980149834914,0.9921988127342833,0.03749999999999998,0.0,0.0,1.0
groundingdino,116882,39938,1,woman,1,20,5,1,0.9701900598064145,5,5,1.0,0.47817624989501856,1.0,1.0,0.47817624989501856,1.0,1.0,0.47817624989501856,1.0,0.0,0.0,0.0,80,1.0,0.9549359649323077,1.0,1.0,0.9549359649323077,1.0,1.0,0.9549359649323077,1.0,0.0,0.0,0.0,1.0
groundingdino,116882,39938,1,woman,1,20,5,1,0.9701900598064145,10,10,1.0,0.6915028921812392,1.0,1.0,0.6915028921812392,1.0,1.0,0.6915028921812392,1.0,0.0,0.0,0.0,80,1.0,0.9549359649323077,1.0,1.0,0.9549359649323077,1.0,1.0,0.9549359649323077,1.0,0.0,0.0,0.0,1.0
groundingdino,116882,39938,1,woman,1,20,5,1,0.9701900598064145,20,20,1.0,0.8315665290169146,1.0,1.0,0.8315665290169146,1.0,1.0,0.8315665290169146,1.0,0.0,0.0,0.0,80,1.0,0.9549359649323077,1.0,1.0,0.9549359649323077,1.0,1.0,0.9549359649323077,1.0,0.0,0.0,0.0,1.0
groundingdino,116882,39938,1,woman,1,20,5,1,0.9701900598064145,40,40,1.0,0.9119026971211976,1.0,1.0,0.9119026971211976,1.0,1.0,0.9119026971211976,1.0,0.0,0.0,0.0,80,1.0,0.9549359649323077,1.0,1.0,0.9549359649323077,1.0,1.0,0.9549359649323077,1.0,0.0,0.0,0.0,1.0
groundingdino,176945,34939,54,top half of sandwich,1,20,5,0,0.48960257964376414,5,5,1.0,0.47817624989501856,1.0,1.0,0.47817624989501856,1.0,1.0,0.47817624989501856,1.0,0.0,0.0,0.0,80,0.9875,0.9323122155360776,0.9996835774723672,0.9873417721518988,0.9314800905132279,0.9996795727656957,0.975,0.9125928440694078,0.9969579138351904,0.012499999999999956,0.012499999999999957,1.0928757898653885e-16,1.0
groundingdino,176945,34939,54,top half of sandwich,1,20,5,0,0.48960257964376414,10,10,1.0,0.6915028921812392,1.0,1.0,0.6915028921812392,1.0,1.0,0.6915028921812392,1.0,0.0,0.0,0.0,80,0.9875,0.9323122155360776,0.9996835774723672,0.9873417721518988,0.9314800905132279,0.9996795727656957,0.975,0.9125928440694078,0.9969579138351904,0.012499999999999956,0.012499999999999957,1.0928757898653885e-16,1.0
groundingdino,176945,34939,54,top half of sandwich,1,20,5,0,0.48960257964376414,20,20,1.0,0.8315665290169146,1.0,0.95,0.7512672372279723,0.9987349105020502,0.95,0.7512672372279723,0.9987349105020502,0.0,0.050000000000000044,0.0,80,0.9875,0.9323122155360776,0.9996835774723672,0.9873417721518988,0.9314800905132279,0.9996795727656957,0.975,0.9125928440694078,0.9969579138351904,0.012499999999999956,0.012499999999999957,1.0928757898653885e-16,0.95
groundingdino,176945,34939,54,top half of sandwich,1,20,5,0,0.48960257964376414,40,40,0.975,0.8684141415172343,0.9993672550679505,0.9743589743589743,0.8652360784405021,0.999351036104518,0.95,0.8308031360405824,0.9938863534006491,0.025000000000000022,0.02500000000000002,3.469446951953614e-18,80,0.9875,0.9323122155360776,0.9996835774723672,0.9873417721518988,0.9314800905132279,0.9996795727656957,0.975,0.9125928440694078,0.9969579138351904,0.012499999999999956,0.012499999999999957,1.0928757898653885e-16,0.95
groundingdino,394992,16234,1,middle front row,1,20,5,0,0.07448172895640881,5,5,1.0,0.47817624989501856,1.0,1.0,0.47817624989501856,1.0,1.0,0.47817624989501856,1.0,0.0,0.0,0.0,80,0.9,0.8124348925365684,0.955829059846371,1.0,0.9500559162941453,1.0,0.9,0.8124348925365684,0.955829059846371,0.09999999999999998,0.0,0.0,1.0
groundingdino,394992,16234,1,middle front row,1,20,5,0,0.07448172895640881,10,10,1.0,0.6915028921812392,1.0,1.0,0.6915028921812392,1.0,1.0,0.6915028921812392,1.0,0.0,0.0,0.0,80,0.9,0.8124348925365684,0.955829059846371,1.0,0.9500559162941453,1.0,0.9,0.8124348925365684,0.955829059846371,0.09999999999999998,0.0,0.0,1.0
groundingdino,394992,16234,1,middle front row,1,20,5,0,0.07448172895640881,20,20,0.95,0.7512672372279723,0.9987349105020502,1.0,0.8235330881930346,1.0,0.95,0.7512672372279723,0.9987349105020502,0.050000000000000044,0.0,0.0,80,0.9,0.8124348925365684,0.955829059846371,1.0,0.9500559162941453,1.0,0.9,0.8124348925365684,0.955829059846371,0.09999999999999998,0.0,0.0,0.95
groundingdino,394992,16234,1,middle front row,1,20,5,0,0.07448172895640881,40,40,0.95,0.8308031360405824,0.9938863534006491,1.0,0.9074872385841217,1.0,0.95,0.8308031360405824,0.9938863534006491,0.050000000000000044,0.0,0.0,80,0.9,0.8124348925365684,0.955829059846371,1.0,0.9500559162941453,1.0,0.9,0.8124348925365684,0.955829059846371,0.09999999999999998,0.0,0.0,0.95
groundingdino,132617,38525,62,the chair on the far left that is empty,1,6,5,0,0.07328125127658289,5,5,0.8,0.2835820638819106,0.9949492366205319,1.0,0.3976353643835254,1.0,0.8,0.2835820638819106,0.9949492366205319,0.19999999999999996,0.0,0.0,80,0.6875,0.5741109261435505,0.7865253688912328,1.0,0.9351292391745754,1.0,0.6875,0.5741109261435505,0.7865253688912328,0.3125,0.0,0.0,0.8
groundingdino,132617,38525,62,the chair on the far left that is empty,1,6,5,0,0.07328125127658289,10,10,0.7,0.34754714994000274,0.9332604888222655,1.0,0.5903836027749967,1.0,0.7,0.34754714994000274,0.9332604888222655,0.30000000000000004,0.0,0.0,80,0.6875,0.5741109261435505,0.7865253688912328,1.0,0.9351292391745754,1.0,0.6875,0.5741109261435505,0.7865253688912328,0.3125,0.0,0.0,0.7
groundingdino,132617,38525,62,the chair on the far left that is empty,1,6,5,0,0.07328125127658289,20,20,0.7,0.4572108177237109,0.8810684095942722,1.0,0.7683642383498835,1.0,0.7,0.4572108177237109,0.8810684095942722,0.30000000000000004,0.0,0.0,80,0.6875,0.5741109261435505,0.7865253688912328,1.0,0.9351292391745754,1.0,0.6875,0.5741109261435505,0.7865253688912328,0.3125,0.0,0.0,0.7
groundingdino,132617,38525,62,the chair on the far left that is empty,1,6,5,0,0.07328125127658289,40,40,0.675,0.5087051245215516,0.8142710332366501,1.0,0.8722971323845676,1.0,0.675,0.5087051245215516,0.8142710332366501,0.32499999999999996,0.0,0.0,80,0.6875,0.5741109261435505,0.7865253688912328,1.0,0.9351292391745754,1.0,0.6875,0.5741109261435505,0.7865253688912328,0.3125,0.0,0.0,0.675
groundingdino,547348,3059,1,blue suite left bottom corner,1,20,5,1,0.6517171005980401,5,5,1.0,0.47817624989501856,1.0,1.0,0.47817624989501856,1.0,1.0,0.47817624989501856,1.0,0.0,0.0,0.0,80,1.0,0.9549359649323077,1.0,0.9875,0.9323122155360776,0.9996835774723672,0.9875,0.9323122155360776,0.9996835774723672,0.0,0.012499999999999956,0.0,1.0
groundingdino,547348,3059,1,blue suite left bottom corner,1,20,5,1,0.6517171005980401,10,10,1.0,0.6915028921812392,1.0,1.0,0.6915028921812392,1.0,1.0,0.6915028921812392,1.0,0.0,0.0,0.0,80,1.0,0.9549359649323077,1.0,0.9875,0.9323122155360776,0.9996835774723672,0.9875,0.9323122155360776,0.9996835774723672,0.0,0.012499999999999956,0.0,1.0
groundingdino,547348,3059,1,blue suite left bottom corner,1,20,5,1,0.6517171005980401,20,20,1.0,0.8315665290169146,1.0,1.0,0.8315665290169146,1.0,1.0,0.8315665290169146,1.0,0.0,0.0,0.0,80,1.0,0.9549359649323077,1.0,0.9875,0.9323122155360776,0.9996835774723672,0.9875,0.9323122155360776,0.9996835774723672,0.0,0.012499999999999956,0.0,1.0
groundingdino,547348,3059,1,blue suite left bottom corner,1,20,5,1,0.6517171005980401,40,40,1.0,0.9119026971211976,1.0,1.0,0.9119026971211976,1.0,1.0,0.9119026971211976,1.0,0.0,0.0,0.0,80,1.0,0.9549359649323077,1.0,0.9875,0.9323122155360776,0.9996835774723672,0.9875,0.9323122155360776,0.9996835774723672,0.0,0.012499999999999956,0.0,1.0
groundingdino,74925,43450,1,the person with their back to us,1,20,5,0,0.0,5,5,1.0,0.47817624989501856,1.0,1.0,0.47817624989501856,1.0,1.0,0.47817624989501856,1.0,0.0,0.0,0.0,80,0.8,0.6956311329945355,0.8811409135950147,0.890625,0.7875427740445976,0.9548789798128852,0.7125,0.6004548866879794,0.8082395280280349,0.19999999999999996,0.08750000000000001,1.3877787807814457e-17,1.0
groundingdino,74925,43450,1,the person with their back to us,1,20,5,0,0.0,10,10,0.8,0.4439045376923585,0.9747892736731666,1.0,0.6305833524471808,1.0,0.8,0.4439045376923585,0.9747892736731666,0.19999999999999996,0.0,0.0,80,0.8,0.6956311329945355,0.8811409135950147,0.890625,0.7875427740445976,0.9548789798128852,0.7125,0.6004548866879794,0.8082395280280349,0.19999999999999996,0.08750000000000001,1.3877787807814457e-17,0.8
groundingdino,74925,43450,1,the person with their back to us,1,20,5,0,0.0,20,20,0.9,0.6830172859809176,0.9876514728297052,1.0,0.8146980318621478,1.0,0.9,0.6830172859809176,0.9876514728297052,0.09999999999999998,0.0,0.0,80,0.8,0.6956311329945355,0.8811409135950147,0.890625,0.7875427740445976,0.9548789798128852,0.7125,0.6004548866879794,0.8082395280280349,0.19999999999999996,0.08750000000000001,1.3877787807814457e-17,0.9
groundingdino,74925,43450,1,the person with their back to us,1,20,5,0,0.0,40,40,0.825,0.6722098666384142,0.9266172706479148,0.9696969696969697,0.8424060277275032,0.9992330879249519,0.8,0.6435219813207653,0.9094775906000093,0.17500000000000004,0.024999999999999977,6.591949208711867e-17,80,0.8,0.6956311329945355,0.8811409135950147,0.890625,0.7875427740445976,0.9548789798128852,0.7125,0.6004548866879794,0.8082395280280349,0.19999999999999996,0.08750000000000001,1.3877787807814457e-17,0.8
groundingdino,233871,30147,1,girl with chin in hand,1,20,5,0,0.1111376357115527,5,5,1.0,0.47817624989501856,1.0,1.0,0.47817624989501856,1.0,1.0,0.47817624989501856,1.0,0.0,0.0,0.0,80,1.0,0.9549359649323077,1.0,0.9625,0.8942980149834914,0.9921988127342833,0.9625,0.8942980149834914,0.9921988127342833,0.0,0.03749999999999998,0.0,1.0
groundingdino,233871,30147,1,girl with chin in hand,1,20,5,0,0.1111376357115527,10,10,1.0,0.6915028921812392,1.0,1.0,0.6915028921812392,1.0,1.0,0.6915028921812392,1.0,0.0,0.0,0.0,80,1.0,0.9549359649323077,1.0,0.9625,0.8942980149834914,0.9921988127342833,0.9625,0.8942980149834914,0.9921988127342833,0.0,0.03749999999999998,0.0,1.0
groundingdino,233871,30147,1,girl with chin in hand,1,20,5,0,0.1111376357115527,20,20,1.0,0.8315665290169146,1.0,1.0,0.8315665290169146,1.0,1.0,0.8315665290169146,1.0,0.0,0.0,0.0,80,1.0,0.9549359649323077,1.0,0.9625,0.8942980149834914,0.9921988127342833,0.9625,0.8942980149834914,0.9921988127342833,0.0,0.03749999999999998,0.0,1.0
groundingdino,233871,30147,1,girl with chin in hand,1,20,5,0,0.1111376357115527,40,40,1.0,0.9119026971211976,1.0,1.0,0.9119026971211976,1.0,1.0,0.9119026971211976,1.0,0.0,0.0,0.0,80,1.0,0.9549359649323077,1.0,0.9625,0.8942980149834914,0.9921988127342833,0.9625,0.8942980149834914,0.9921988127342833,0.0,0.03749999999999998,0.0,1.0
groundingdino,476934,9180,1,hands right,1,20,5,0,0.3764792355230821,5,5,1.0,0.47817624989501856,1.0,0.6,0.14663279963467318,0.9472550494736831,0.6,0.14663279963467318,0.9472550494736831,0.0,0.4,0.0,80,1.0,0.9549359649323077,1.0,0.4625,0.35027642653839836,0.5775824719951649,0.4625,0.35027642653839836,0.5775824719951649,0.0,0.5375,0.0,0.6
groundingdino,476934,9180,1,hands right,1,20,5,0,0.3764792355230821,10,10,1.0,0.6915028921812392,1.0,0.6,0.2623780766069451,0.8784477418801728,0.6,0.2623780766069451,0.8784477418801728,0.0,0.4,0.0,80,1.0,0.9549359649323077,1.0,0.4625,0.35027642653839836,0.5775824719951649,0.4625,0.35027642653839836,0.5775824719951649,0.0,0.5375,0.0,0.6
groundingdino,476934,9180,1,hands right,1,20,5,0,0.3764792355230821,20,20,1.0,0.8315665290169146,1.0,0.5,0.27195784956079183,0.7280421504392082,0.5,0.27195784956079183,0.7280421504392082,0.0,0.5,0.0,80,1.0,0.9549359649323077,1.0,0.4625,0.35027642653839836,0.5775824719951649,0.4625,0.35027642653839836,0.5775824719951649,0.0,0.5375,0.0,0.5
groundingdino,476934,9180,1,hands right,1,20,5,0,0.3764792355230821,40,40,1.0,0.9119026971211976,1.0,0.45,0.29258835003987993,0.6150932054659867,0.45,0.29258835003987993,0.6150932054659867,0.0,0.55,0.0,80,1.0,0.9549359649323077,1.0,0.4625,0.35027642653839836,0.5775824719951649,0.4625,0.35027642653839836,0.5775824719951649,0.0,0.5375,0.0,0.45
groundingdino,550129,2813,25,giraffe front,1,20,5,1,0.75551303392079,5,5,1.0,0.47817624989501856,1.0,1.0,0.47817624989501856,1.0,1.0,0.47817624989501856,1.0,0.0,0.0,0.0,80,0.9625,0.8942980149834914,0.9921988127342833,1.0,0.9532219318395959,1.0,0.9625,0.8942980149834914,0.9921988127342833,0.03749999999999998,0.0,0.0,1.0
groundingdino,550129,2813,25,giraffe front,1,20,5,1,0.75551303392079,10,10,0.9,0.5549838829718046,0.9974714214555382,1.0,0.6637328831200572,1.0,0.9,0.5549838829718046,0.9974714214555382,0.09999999999999998,0.0,0.0,80,0.9625,0.8942980149834914,0.9921988127342833,1.0,0.9532219318395959,1.0,0.9625,0.8942980149834914,0.9921988127342833,0.03749999999999998,0.0,0.0,0.9
groundingdino,550129,2813,25,giraffe front,1,20,5,1,0.75551303392079,20,20,0.9,0.6830172859809176,0.9876514728297052,1.0,0.8146980318621478,1.0,0.9,0.6830172859809176,0.9876514728297052,0.09999999999999998,0.0,0.0,80,0.9625,0.8942980149834914,0.9921988127342833,1.0,0.9532219318395959,1.0,0.9625,0.8942980149834914,0.9921988127342833,0.03749999999999998,0.0,0.0,0.9
groundingdino,550129,2813,25,giraffe front,1,20,5,1,0.75551303392079,40,40,0.95,0.8308031360405824,0.9938863534006491,1.0,0.9074872385841217,1.0,0.95,0.8308031360405824,0.9938863534006491,0.050000000000000044,0.0,0.0,80,0.9625,0.8942980149834914,0.9921988127342833,1.0,0.9532219318395959,1.0,0.9625,0.8942980149834914,0.9921988127342833,0.03749999999999998,0.0,0.0,0.95
groundingdino,276460,26582,1,man middle yellow shirt,1,20,5,1,0.6518448110575059,5,5,1.0,0.47817624989501856,1.0,1.0,0.47817624989501856,1.0,1.0,0.47817624989501856,1.0,0.0,0.0,0.0,80,1.0,0.9549359649323077,1.0,0.875,0.7821108659305637,0.9383979034415657,0.875,0.7821108659305637,0.9383979034415657,0.0,0.125,0.0,1.0
groundingdino,276460,26582,1,man middle yellow shirt,1,20,5,1,0.6518448110575059,10,10,1.0,0.6915028921812392,1.0,0.9,0.5549838829718046,0.9974714214555382,0.9,0.5549838829718046,0.9974714214555382,0.0,0.09999999999999998,0.0,80,1.0,0.9549359649323077,1.0,0.875,0.7821108659305637,0.9383979034415657,0.875,0.7821108659305637,0.9383979034415657,0.0,0.125,0.0,0.9
groundingdino,276460,26582,1,man middle yellow shirt,1,20,5,1,0.6518448110575059,20,20,1.0,0.8315665290169146,1.0,0.85,0.6210731734546859,0.9679290628145363,0.85,0.6210731734546859,0.9679290628145363,0.0,0.15000000000000002,0.0,80,1.0,0.9549359649323077,1.0,0.875,0.7821108659305637,0.9383979034415657,0.875,0.7821108659305637,0.9383979034415657,0.0,0.125,0.0,0.85
groundingdino,276460,26582,1,man middle yellow shirt,1,20,5,1,0.6518448110575059,40,40,1.0,0.9119026971211976,1.0,0.875,0.7319670826382796,0.9581403738613833,0.875,0.7319670826382796,0.9581403738613833,0.0,0.125,0.0,80,1.0,0.9549359649323077,1.0,0.875,0.7821108659305637,0.9383979034415657,0.875,0.7821108659305637,0.9383979034415657,0.0,0.125,0.0,0.875
groundingdino,450162,11481,1,suit and tie,1,12,5,1,0.6520316947110265,5,5,0.8,0.2835820638819106,0.9949492366205319,1.0,0.3976353643835254,1.0,0.8,0.2835820638819106,0.9949492366205319,0.19999999999999996,0.0,0.0,80,0.75,0.64063652409315,0.8401203554931442,1.0,0.9403705077138331,1.0,0.75,0.64063652409315,0.8401203554931442,0.25,0.0,0.0,0.8
groundingdino,450162,11481,1,suit and tie,1,12,5,1,0.6520316947110265,10,10,0.8,0.4439045376923585,0.9747892736731666,1.0,0.6305833524471808,1.0,0.8,0.4439045376923585,0.9747892736731666,0.19999999999999996,0.0,0.0,80,0.75,0.64063652409315,0.8401203554931442,1.0,0.9403705077138331,1.0,0.75,0.64063652409315,0.8401203554931442,0.25,0.0,0.0,0.8
groundingdino,450162,11481,1,suit and tie,1,12,5,1,0.6520316947110265,20,20,0.75,0.5089541282920425,0.9134285308985653,1.0,0.781980639089466,1.0,0.75,0.5089541282920425,0.9134285308985653,0.25,0.0,0.0,80,0.75,0.64063652409315,0.8401203554931442,1.0,0.9403705077138331,1.0,0.75,0.64063652409315,0.8401203554931442,0.25,0.0,0.0,0.75
groundingdino,450162,11481,1,suit and tie,1,12,5,1,0.6520316947110265,40,40,0.7,0.5346837147458767,0.8343727956067644,1.0,0.8765638814997362,1.0,0.7,0.5346837147458767,0.8343727956067644,0.30000000000000004,0.0,0.0,80,0.75,0.64063652409315,0.8401203554931442,1.0,0.9403705077138331,1.0,0.75,0.64063652409315,0.8401203554931442,0.25,0.0,0.0,0.7
groundingdino,85939,42549,86,top right of frame dark circles,1,20,5,0,0.0,5,5,1.0,0.47817624989501856,1.0,1.0,0.47817624989501856,1.0,1.0,0.47817624989501856,1.0,0.0,0.0,0.0,80,0.9625,0.8942980149834914,0.9921988127342833,1.0,0.9532219318395959,1.0,0.9625,0.8942980149834914,0.9921988127342833,0.03749999999999998,0.0,0.0,1.0
groundingdino,85939,42549,86,top right of frame dark circles,1,20,5,0,0.0,10,10,0.9,0.5549838829718046,0.9974714214555382,1.0,0.6637328831200572,1.0,0.9,0.5549838829718046,0.9974714214555382,0.09999999999999998,0.0,0.0,80,0.9625,0.8942980149834914,0.9921988127342833,1.0,0.9532219318395959,1.0,0.9625,0.8942980149834914,0.9921988127342833,0.03749999999999998,0.0,0.0,0.9
groundingdino,85939,42549,86,top right of frame dark circles,1,20,5,0,0.0,20,20,0.95,0.7512672372279723,0.9987349105020502,1.0,0.8235330881930346,1.0,0.95,0.7512672372279723,0.9987349105020502,0.050000000000000044,0.0,0.0,80,0.9625,0.8942980149834914,0.9921988127342833,1.0,0.9532219318395959,1.0,0.9625,0.8942980149834914,0.9921988127342833,0.03749999999999998,0.0,0.0,0.95
groundingdino,85939,42549,86,top right of frame dark circles,1,20,5,0,0.0,40,40,0.925,0.796135251267101,0.9842578201489585,1.0,0.9051094125850101,1.0,0.925,0.796135251267101,0.9842578201489585,0.07499999999999996,0.0,0.0,80,0.9625,0.8942980149834914,0.9921988127342833,1.0,0.9532219318395959,1.0,0.9625,0.8942980149834914,0.9921988127342833,0.03749999999999998,0.0,0.0,0.925
groundingdino,360302,19049,22,figurine closest,1,20,5,1,0.9648044033436496,5,5,1.0,0.47817624989501856,1.0,1.0,0.47817624989501856,1.0,1.0,0.47817624989501856,1.0,0.0,0.0,0.0,80,0.95,0.876901263556847,0.9862106060235382,1.0,0.9526212461330692,1.0,0.95,0.876901263556847,0.9862106060235382,0.050000000000000044,0.0,0.0,1.0
groundingdino,360302,19049,22,figurine closest,1,20,5,1,0.9648044033436496,10,10,1.0,0.6915028921812392,1.0,1.0,0.6915028921812392,1.0,1.0,0.6915028921812392,1.0,0.0,0.0,0.0,80,0.95,0.876901263556847,0.9862106060235382,1.0,0.9526212461330692,1.0,0.95,0.876901263556847,0.9862106060235382,0.050000000000000044,0.0,0.0,1.0
groundingdino,360302,19049,22,figurine closest,1,20,5,1,0.9648044033436496,20,20,1.0,0.8315665290169146,1.0,1.0,0.8315665290169146,1.0,1.0,0.8315665290169146,1.0,0.0,0.0,0.0,80,0.95,0.876901263556847,0.9862106060235382,1.0,0.9526212461330692,1.0,0.95,0.876901263556847,0.9862106060235382,0.050000000000000044,0.0,0.0,1.0
groundingdino,360302,19049,22,figurine closest,1,20,5,1,0.9648044033436496,40,40,0.975,0.8684141415172343,0.9993672550679505,1.0,0.9097488990396657,1.0,0.975,0.8684141415172343,0.9993672550679505,0.025000000000000022,0.0,0.0,80,0.95,0.876901263556847,0.9862106060235382,1.0,0.9526212461330692,1.0,0.95,0.876901263556847,0.9862106060235382,0.050000000000000044,0.0,0.0,0.975
groundingdino,270460,26990,28,nearest biggest umbrella,1,20,5,1,0.9550708926354876,5,5,1.0,0.47817624989501856,1.0,1.0,0.47817624989501856,1.0,1.0,0.47817624989501856,1.0,0.0,0.0,0.0,80,1.0,0.9549359649323077,1.0,1.0,0.9549359649323077,1.0,1.0,0.9549359649323077,1.0,0.0,0.0,0.0,1.0
groundingdino,270460,26990,28,nearest biggest umbrella,1,20,5,1,0.9550708926354876,10,10,1.0,0.6915028921812392,1.0,1.0,0.6915028921812392,1.0,1.0,0.6915028921812392,1.0,0.0,0.0,0.0,80,1.0,0.9549359649323077,1.0,1.0,0.9549359649323077,1.0,1.0,0.9549359649323077,1.0,0.0,0.0,0.0,1.0
groundingdino,270460,26990,28,nearest biggest umbrella,1,20,5,1,0.9550708926354876,20,20,1.0,0.8315665290169146,1.0,1.0,0.8315665290169146,1.0,1.0,0.8315665290169146,1.0,0.0,0.0,0.0,80,1.0,0.9549359649323077,1.0,1.0,0.9549359649323077,1.0,1.0,0.9549359649323077,1.0,0.0,0.0,0.0,1.0
groundingdino,270460,26990,28,nearest biggest umbrella,1,20,5,1,0.9550708926354876,40,40,1.0,0.9119026971211976,1.0,1.0,0.9119026971211976,1.0,1.0,0.9119026971211976,1.0,0.0,0.0,0.0,80,1.0,0.9549359649323077,1.0,1.0,0.9549359649323077,1.0,1.0,0.9549359649323077,1.0,0.0,0.0,0.0,1.0
groundingdino,464744,10169,63,bottom left corner black leather,1,20,5,0,0.3095990808127644,5,5,1.0,0.47817624989501856,1.0,1.0,0.47817624989501856,1.0,1.0,0.47817624989501856,1.0,0.0,0.0,0.0,80,1.0,0.9549359649323077,1.0,1.0,0.9549359649323077,1.0,1.0,0.9549359649323077,1.0,0.0,0.0,0.0,1.0
groundingdino,464744,10169,63,bottom left corner black leather,1,20,5,0,0.3095990808127644,10,10,1.0,0.6915028921812392,1.0,1.0,0.6915028921812392,1.0,1.0,0.6915028921812392,1.0,0.0,0.0,0.0,80,1.0,0.9549359649323077,1.0,1.0,0.9549359649323077,1.0,1.0,0.9549359649323077,1.0,0.0,0.0,0.0,1.0
groundingdino,464744,10169,63,bottom left corner black leather,1,20,5,0,0.3095990808127644,20,20,1.0,0.8315665290169146,1.0,1.0,0.8315665290169146,1.0,1.0,0.8315665290169146,1.0,0.0,0.0,0.0,80,1.0,0.9549359649323077,1.0,1.0,0.9549359649323077,1.0,1.0,0.9549359649323077,1.0,0.0,0.0,0.0,1.0
groundingdino,464744,10169,63,bottom left corner black leather,1,20,5,0,0.3095990808127644,40,40,1.0,0.9119026971211976,1.0,1.0,0.9119026971211976,1.0,1.0,0.9119026971211976,1.0,0.0,0.0,0.0,80,1.0,0.9549359649323077,1.0,1.0,0.9549359649323077,1.0,1.0,0.9549359649323077,1.0,0.0,0.0,0.0,1.0
groundingdino,221794,31152,1,red on right,1,20,5,1,0.9470058207947154,5,5,1.0,0.47817624989501856,1.0,1.0,0.47817624989501856,1.0,1.0,0.47817624989501856,1.0,0.0,0.0,0.0,80,1.0,0.9549359649323077,1.0,1.0,0.9549359649323077,1.0,1.0,0.9549359649323077,1.0,0.0,0.0,0.0,1.0
groundingdino,221794,31152,1,red on right,1,20,5,1,0.9470058207947154,10,10,1.0,0.6915028921812392,1.0,1.0,0.6915028921812392,1.0,1.0,0.6915028921812392,1.0,0.0,0.0,0.0,80,1.0,0.9549359649323077,1.0,1.0,0.9549359649323077,1.0,1.0,0.9549359649323077,1.0,0.0,0.0,0.0,1.0
groundingdino,221794,31152,1,red on right,1,20,5,1,0.9470058207947154,20,20,1.0,0.8315665290169146,1.0,1.0,0.8315665290169146,1.0,1.0,0.8315665290169146,1.0,0.0,0.0,0.0,80,1.0,0.9549359649323077,1.0,1.0,0.9549359649323077,1.0,1.0,0.9549359649323077,1.0,0.0,0.0,0.0,1.0
groundingdino,221794,31152,1,red on right,1,20,5,1,0.9470058207947154,40,40,1.0,0.9119026971211976,1.0,1.0,0.9119026971211976,1.0,1.0,0.9119026971211976,1.0,0.0,0.0,0.0,80,1.0,0.9549359649323077,1.0,1.0,0.9549359649323077,1.0,1.0,0.9549359649323077,1.0,0.0,0.0,0.0,1.0
groundingdino,280018,26223,51,top left white stuff,1,20,5,0,0.0,5,5,1.0,0.47817624989501856,1.0,0.8,0.2835820638819106,0.9949492366205319,0.8,0.2835820638819106,0.9949492366205319,0.0,0.19999999999999996,0.0,80,1.0,0.9549359649323077,1.0,0.675,0.5610629543955516,0.7755404148225468,0.675,0.5610629543955516,0.7755404148225468,0.0,0.32499999999999996,0.0,0.8
groundingdino,280018,26223,51,top left white stuff,1,20,5,0,0.0,10,10,1.0,0.6915028921812392,1.0,0.8,0.4439045376923585,0.9747892736731666,0.8,0.4439045376923585,0.9747892736731666,0.0,0.19999999999999996,0.0,80,1.0,0.9549359649323077,1.0,0.675,0.5610629543955516,0.7755404148225468,0.675,0.5610629543955516,0.7755404148225468,0.0,0.32499999999999996,0.0,0.8
groundingdino,280018,26223,51,top left white stuff,1,20,5,0,0.0,20,20,1.0,0.8315665290169146,1.0,0.75,0.5089541282920425,0.9134285308985653,0.75,0.5089541282920425,0.9134285308985653,0.0,0.25,0.0,80,1.0,0.9549359649323077,1.0,0.675,0.5610629543955516,0.7755404148225468,0.675,0.5610629543955516,0.7755404148225468,0.0,0.32499999999999996,0.0,0.75
groundingdino,280018,26223,51,top left white stuff,1,20,5,0,0.0,40,40,1.0,0.9119026971211976,1.0,0.725,0.5611170928209519,0.8539910080361344,0.725,0.5611170928209519,0.8539910080361344,0.0,0.275,0.0,80,1.0,0.9549359649323077,1.0,0.675,0.5610629543955516,0.7755404148225468,0.675,0.5610629543955516,0.7755404148225468,0.0,0.32499999999999996,0.0,0.725
groundingdino,197068,33280,77,the closed phone,1,3,3,0,0.030334302522117954,5,5,1.0,0.47817624989501856,1.0,1.0,0.47817624989501856,1.0,1.0,0.47817624989501856,1.0,0.0,0.0,0.0,80,1.0,0.9549359649323077,1.0,1.0,0.9549359649323077,1.0,1.0,0.9549359649323077,1.0,0.0,0.0,0.0,1.0
groundingdino,197068,33280,77,the closed phone,1,3,3,0,0.030334302522117954,10,10,1.0,0.6915028921812392,1.0,1.0,0.6915028921812392,1.0,1.0,0.6915028921812392,1.0,0.0,0.0,0.0,80,1.0,0.9549359649323077,1.0,1.0,0.9549359649323077,1.0,1.0,0.9549359649323077,1.0,0.0,0.0,0.0,1.0
groundingdino,197068,33280,77,the closed phone,1,3,3,0,0.030334302522117954,20,20,1.0,0.8315665290169146,1.0,1.0,0.8315665290169146,1.0,1.0,0.8315665290169146,1.0,0.0,0.0,0.0,80,1.0,0.9549359649323077,1.0,1.0,0.9549359649323077,1.0,1.0,0.9549359649323077,1.0,0.0,0.0,0.0,1.0
groundingdino,197068,33280,77,the closed phone,1,3,3,0,0.030334302522117954,40,40,1.0,0.9119026971211976,1.0,1.0,0.9119026971211976,1.0,1.0,0.9119026971211976,1.0,0.0,0.0,0.0,80,1.0,0.9549359649323077,1.0,1.0,0.9549359649323077,1.0,1.0,0.9549359649323077,1.0,0.0,0.0,0.0,1.0
groundingdino,5638,49560,1,driver,1,20,5,1,0.9340799430757333,5,5,1.0,0.47817624989501856,1.0,1.0,0.47817624989501856,1.0,1.0,0.47817624989501856,1.0,0.0,0.0,0.0,80,1.0,0.9549359649323077,1.0,1.0,0.9549359649323077,1.0,1.0,0.9549359649323077,1.0,0.0,0.0,0.0,1.0
groundingdino,5638,49560,1,driver,1,20,5,1,0.9340799430757333,10,10,1.0,0.6915028921812392,1.0,1.0,0.6915028921812392,1.0,1.0,0.6915028921812392,1.0,0.0,0.0,0.0,80,1.0,0.9549359649323077,1.0,1.0,0.9549359649323077,1.0,1.0,0.9549359649323077,1.0,0.0,0.0,0.0,1.0
groundingdino,5638,49560,1,driver,1,20,5,1,0.9340799430757333,20,20,1.0,0.8315665290169146,1.0,1.0,0.8315665290169146,1.0,1.0,0.8315665290169146,1.0,0.0,0.0,0.0,80,1.0,0.9549359649323077,1.0,1.0,0.9549359649323077,1.0,1.0,0.9549359649323077,1.0,0.0,0.0,0.0,1.0
groundingdino,5638,49560,1,driver,1,20,5,1,0.9340799430757333,40,40,1.0,0.9119026971211976,1.0,1.0,0.9119026971211976,1.0,1.0,0.9119026971211976,1.0,0.0,0.0,0.0,80,1.0,0.9549359649323077,1.0,1.0,0.9549359649323077,1.0,1.0,0.9549359649323077,1.0,0.0,0.0,0.0,1.0
groundingdino,108375,40612,1,lady on leftpurple shirt,1,20,5,1,0.9481405079687151,5,5,1.0,0.47817624989501856,1.0,1.0,0.47817624989501856,1.0,1.0,0.47817624989501856,1.0,0.0,0.0,0.0,80,1.0,0.9549359649323077,1.0,0.8375,0.7381631061748872,0.9105383582774708,0.8375,0.7381631061748872,0.9105383582774708,0.0,0.16249999999999998,0.0,1.0
groundingdino,108375,40612,1,lady on leftpurple shirt,1,20,5,1,0.9481405079687151,10,10,1.0,0.6915028921812392,1.0,0.9,0.5549838829718046,0.9974714214555382,0.9,0.5549838829718046,0.9974714214555382,0.0,0.09999999999999998,0.0,80,1.0,0.9549359649323077,1.0,0.8375,0.7381631061748872,0.9105383582774708,0.8375,0.7381631061748872,0.9105383582774708,0.0,0.16249999999999998,0.0,0.9
groundingdino,108375,40612,1,lady on leftpurple shirt,1,20,5,1,0.9481405079687151,20,20,1.0,0.8315665290169146,1.0,0.85,0.6210731734546859,0.9679290628145363,0.85,0.6210731734546859,0.9679290628145363,0.0,0.15000000000000002,0.0,80,1.0,0.9549359649323077,1.0,0.8375,0.7381631061748872,0.9105383582774708,0.8375,0.7381631061748872,0.9105383582774708,0.0,0.16249999999999998,0.0,0.85
groundingdino,108375,40612,1,lady on leftpurple shirt,1,20,5,1,0.9481405079687151,40,40,1.0,0.9119026971211976,1.0,0.825,0.6722098666384142,0.9266172706479148,0.825,0.6722098666384142,0.9266172706479148,0.0,0.17500000000000004,0.0,80,1.0,0.9549359649323077,1.0,0.8375,0.7381631061748872,0.9105383582774708,0.8375,0.7381631061748872,0.9105383582774708,0.0,0.16249999999999998,0.0,0.825
groundingdino,102290,41091,1,dancer,1,14,5,1,0.9278578757638892,5,5,1.0,0.47817624989501856,1.0,1.0,0.47817624989501856,1.0,1.0,0.47817624989501856,1.0,0.0,0.0,0.0,80,0.875,0.7821108659305637,0.9383979034415657,1.0,0.9486662028489763,1.0,0.875,0.7821108659305637,0.9383979034415657,0.125,0.0,0.0,1.0
groundingdino,102290,41091,1,dancer,1,14,5,1,0.9278578757638892,10,10,0.9,0.5549838829718046,0.9974714214555382,1.0,0.6637328831200572,1.0,0.9,0.5549838829718046,0.9974714214555382,0.09999999999999998,0.0,0.0,80,0.875,0.7821108659305637,0.9383979034415657,1.0,0.9486662028489763,1.0,0.875,0.7821108659305637,0.9383979034415657,0.125,0.0,0.0,0.9
groundingdino,102290,41091,1,dancer,1,14,5,1,0.9278578757638892,20,20,0.85,0.6210731734546859,0.9679290628145363,1.0,0.8049356770309068,1.0,0.85,0.6210731734546859,0.9679290628145363,0.15000000000000002,0.0,0.0,80,0.875,0.7821108659305637,0.9383979034415657,1.0,0.9486662028489763,1.0,0.875,0.7821108659305637,0.9383979034415657,0.125,0.0,0.0,0.85
groundingdino,102290,41091,1,dancer,1,14,5,1,0.9278578757638892,40,40,0.875,0.7319670826382796,0.9581403738613833,1.0,0.8999675644278949,1.0,0.875,0.7319670826382796,0.9581403738613833,0.125,0.0,0.0,80,0.875,0.7821108659305637,0.9383979034415657,1.0,0.9486662028489763,1.0,0.875,0.7821108659305637,0.9383979034415657,0.125,0.0,0.0,0.875
groundingdino,26052,47798,47,cup with lemon on the,1,20,5,0,0.0,5,5,1.0,0.47817624989501856,1.0,0.8,0.2835820638819106,0.9949492366205319,0.8,0.2835820638819106,0.9949492366205319,0.0,0.19999999999999996,0.0,80,1.0,0.9549359649323077,1.0,0.6625,0.5480943856258318,0.7644738620163491,0.6625,0.5480943856258318,0.7644738620163491,0.0,0.3375,0.0,0.8
groundingdino,26052,47798,47,cup with lemon on the,1,20,5,0,0.0,10,10,1.0,0.6915028921812392,1.0,0.7,0.34754714994000274,0.9332604888222655,0.7,0.34754714994000274,0.9332604888222655,0.0,0.30000000000000004,0.0,80,1.0,0.9549359649323077,1.0,0.6625,0.5480943856258318,0.7644738620163491,0.6625,0.5480943856258318,0.7644738620163491,0.0,0.3375,0.0,0.7
groundingdino,26052,47798,47,cup with lemon on the,1,20,5,0,0.0,20,20,1.0,0.8315665290169146,1.0,0.75,0.5089541282920425,0.9134285308985653,0.75,0.5089541282920425,0.9134285308985653,0.0,0.25,0.0,80,1.0,0.9549359649323077,1.0,0.6625,0.5480943856258318,0.7644738620163491,0.6625,0.5480943856258318,0.7644738620163491,0.0,0.3375,0.0,0.75
groundingdino,26052,47798,47,cup with lemon on the,1,20,5,0,0.0,40,40,1.0,0.9119026971211976,1.0,0.7,0.5346837147458767,0.8343727956067644,0.7,0.5346837147458767,0.8343727956067644,0.0,0.30000000000000004,0.0,80,1.0,0.9549359649323077,1.0,0.6625,0.5480943856258318,0.7644738620163491,0.6625,0.5480943856258318,0.7644738620163491,0.0,0.3375,0.0,0.7
groundingdino,539647,3700,1,left guy,1,20,5,1,0.980500444456324,5,5,1.0,0.47817624989501856,1.0,1.0,0.47817624989501856,1.0,1.0,0.47817624989501856,1.0,0.0,0.0,0.0,80,1.0,0.9549359649323077,1.0,1.0,0.9549359649323077,1.0,1.0,0.9549359649323077,1.0,0.0,0.0,0.0,1.0
groundingdino,539647,3700,1,left guy,1,20,5,1,0.980500444456324,10,10,1.0,0.6915028921812392,1.0,1.0,0.6915028921812392,1.0,1.0,0.6915028921812392,1.0,0.0,0.0,0.0,80,1.0,0.9549359649323077,1.0,1.0,0.9549359649323077,1.0,1.0,0.9549359649323077,1.0,0.0,0.0,0.0,1.0
groundingdino,539647,3700,1,left guy,1,20,5,1,0.980500444456324,20,20,1.0,0.8315665290169146,1.0,1.0,0.8315665290169146,1.0,1.0,0.8315665290169146,1.0,0.0,0.0,0.0,80,1.0,0.9549359649323077,1.0,1.0,0.9549359649323077,1.0,1.0,0.9549359649323077,1.0,0.0,0.0,0.0,1.0
groundingdino,539647,3700,1,left guy,1,20,5,1,0.980500444456324,40,40,1.0,0.9119026971211976,1.0,1.0,0.9119026971211976,1.0,1.0,0.9119026971211976,1.0,0.0,0.0,0.0,80,1.0,0.9549359649323077,1.0,1.0,0.9549359649323077,1.0,1.0,0.9549359649323077,1.0,0.0,0.0,0.0,1.0
groundingdino,421208,14012,24,zebra on left,1,20,5,0,0.34736159616745627,5,5,1.0,0.47817624989501856,1.0,0.8,0.2835820638819106,0.9949492366205319,0.8,0.2835820638819106,0.9949492366205319,0.0,0.19999999999999996,0.0,80,1.0,0.9549359649323077,1.0,0.5875,0.4718483404252045,0.6964754070624058,0.5875,0.4718483404252045,0.6964754070624058,0.0,0.4125,0.0,0.8
groundingdino,421208,14012,24,zebra on left,1,20,5,0,0.34736159616745627,10,10,1.0,0.6915028921812392,1.0,0.7,0.34754714994000274,0.9332604888222655,0.7,0.34754714994000274,0.9332604888222655,0.0,0.30000000000000004,0.0,80,1.0,0.9549359649323077,1.0,0.5875,0.4718483404252045,0.6964754070624058,0.5875,0.4718483404252045,0.6964754070624058,0.0,0.4125,0.0,0.7
groundingdino,421208,14012,24,zebra on left,1,20,5,0,0.34736159616745627,20,20,1.0,0.8315665290169146,1.0,0.65,0.4078114654671719,0.8460907952154588,0.65,0.4078114654671719,0.8460907952154588,0.0,0.35,0.0,80,1.0,0.9549359649323077,1.0,0.5875,0.4718483404252045,0.6964754070624058,0.5875,0.4718483404252045,0.6964754070624058,0.0,0.4125,0.0,0.65
groundingdino,421208,14012,24,zebra on left,1,20,5,0,0.34736159616745627,40,40,1.0,0.9119026971211976,1.0,0.625,0.4580147522326109,0.772737277518174,0.625,0.4580147522326109,0.772737277518174,0.0,0.375,0.0,80,1.0,0.9549359649323077,1.0,0.5875,0.4718483404252045,0.6964754070624058,0.5875,0.4718483404252045,0.6964754070624058,0.0,0.4125,0.0,0.625
groundingdino,387105,16916,16,top center bird,1,20,5,1,0.5484139601295713,5,5,1.0,0.47817624989501856,1.0,1.0,0.47817624989501856,1.0,1.0,0.47817624989501856,1.0,0.0,0.0,0.0,80,0.975,0.9125928440694078,0.9969579138351904,0.8974358974358975,0.8078725425815965,0.9546690502212429,0.875,0.7821108659305637,0.9383979034415657,0.025000000000000022,0.09999999999999996,1.3877787807814457e-17,1.0
groundingdino,387105,16916,16,top center bird,1,20,5,1,0.5484139601295713,10,10,1.0,0.6915028921812392,1.0,1.0,0.6915028921812392,1.0,1.0,0.6915028921812392,1.0,0.0,0.0,0.0,80,0.975,0.9125928440694078,0.9969579138351904,0.8974358974358975,0.8078725425815965,0.9546690502212429,0.875,0.7821108659305637,0.9383979034415657,0.025000000000000022,0.09999999999999996,1.3877787807814457e-17,1.0
groundingdino,387105,16916,16,top center bird,1,20,5,1,0.5484139601295713,20,20,1.0,0.8315665290169146,1.0,1.0,0.8315665290169146,1.0,1.0,0.8315665290169146,1.0,0.0,0.0,0.0,80,0.975,0.9125928440694078,0.9969579138351904,0.8974358974358975,0.8078725425815965,0.9546690502212429,0.875,0.7821108659305637,0.9383979034415657,0.025000000000000022,0.09999999999999996,1.3877787807814457e-17,1.0
groundingdino,387105,16916,16,top center bird,1,20,5,1,0.5484139601295713,40,40,0.975,0.8684141415172343,0.9993672550679505,0.9487179487179487,0.8267552186263942,0.9937280279043096,0.925,0.796135251267101,0.9842578201489585,0.025000000000000022,0.05000000000000004,1.0408340855860843e-16,80,0.975,0.9125928440694078,0.9969579138351904,0.8974358974358975,0.8078725425815965,0.9546690502212429,0.875,0.7821108659305637,0.9383979034415657,0.025000000000000022,0.09999999999999996,1.3877787807814457e-17,0.925
groundingdino,531873,4392,57,carrot on the left,1,20,5,1,0.879436912521743,5,5,1.0,0.47817624989501856,1.0,0.8,0.2835820638819106,0.9949492366205319,0.8,0.2835820638819106,0.9949492366205319,0.0,0.19999999999999996,0.0,80,1.0,0.9549359649323077,1.0,0.9,0.8124348925365684,0.955829059846371,0.9,0.8124348925365684,0.955829059846371,0.0,0.09999999999999998,0.0,0.8
groundingdino,531873,4392,57,carrot on the left,1,20,5,1,0.879436912521743,10,10,1.0,0.6915028921812392,1.0,0.9,0.5549838829718046,0.9974714214555382,0.9,0.5549838829718046,0.9974714214555382,0.0,0.09999999999999998,0.0,80,1.0,0.9549359649323077,1.0,0.9,0.8124348925365684,0.955829059846371,0.9,0.8124348925365684,0.955829059846371,0.0,0.09999999999999998,0.0,0.9
groundingdino,531873,4392,57,carrot on the left,1,20,5,1,0.879436912521743,20,20,1.0,0.8315665290169146,1.0,0.9,0.6830172859809176,0.9876514728297052,0.9,0.6830172859809176,0.9876514728297052,0.0,0.09999999999999998,0.0,80,1.0,0.9549359649323077,1.0,0.9,0.8124348925365684,0.955829059846371,0.9,0.8124348925365684,0.955829059846371,0.0,0.09999999999999998,0.0,0.9
groundingdino,531873,4392,57,carrot on the left,1,20,5,1,0.879436912521743,40,40,1.0,0.9119026971211976,1.0,0.925,0.796135251267101,0.9842578201489585,0.925,0.796135251267101,0.9842578201489585,0.0,0.07499999999999996,0.0,80,1.0,0.9549359649323077,1.0,0.9,0.8124348925365684,0.955829059846371,0.9,0.8124348925365684,0.955829059846371,0.0,0.09999999999999998,0.0,0.925
groundingdino,232957,30218,1,woman left,1,20,5,1,0.9583619155904421,5,5,1.0,0.47817624989501856,1.0,1.0,0.47817624989501856,1.0,1.0,0.47817624989501856,1.0,0.0,0.0,0.0,80,1.0,0.9549359649323077,1.0,1.0,0.9549359649323077,1.0,1.0,0.9549359649323077,1.0,0.0,0.0,0.0,1.0
groundingdino,232957,30218,1,woman left,1,20,5,1,0.9583619155904421,10,10,1.0,0.6915028921812392,1.0,1.0,0.6915028921812392,1.0,1.0,0.6915028921812392,1.0,0.0,0.0,0.0,80,1.0,0.9549359649323077,1.0,1.0,0.9549359649323077,1.0,1.0,0.9549359649323077,1.0,0.0,0.0,0.0,1.0
groundingdino,232957,30218,1,woman left,1,20,5,1,0.9583619155904421,20,20,1.0,0.8315665290169146,1.0,1.0,0.8315665290169146,1.0,1.0,0.8315665290169146,1.0,0.0,0.0,0.0,80,1.0,0.9549359649323077,1.0,1.0,0.9549359649323077,1.0,1.0,0.9549359649323077,1.0,0.0,0.0,0.0,1.0
groundingdino,232957,30218,1,woman left,1,20,5,1,0.9583619155904421,40,40,1.0,0.9119026971211976,1.0,1.0,0.9119026971211976,1.0,1.0,0.9119026971211976,1.0,0.0,0.0,0.0,80,1.0,0.9549359649323077,1.0,1.0,0.9549359649323077,1.0,1.0,0.9549359649323077,1.0,0.0,0.0,0.0,1.0
groundingdino,132991,38500,1,man far right second step,1,20,5,0,0.0,5,5,1.0,0.47817624989501856,1.0,0.8,0.2835820638819106,0.9949492366205319,0.8,0.2835820638819106,0.9949492366205319,0.0,0.19999999999999996,0.0,80,1.0,0.9549359649323077,1.0,0.9625,0.8942980149834914,0.9921988127342833,0.9625,0.8942980149834914,0.9921988127342833,0.0,0.03749999999999998,0.0,0.8
groundingdino,132991,38500,1,man far right second step,1,20,5,0,0.0,10,10,1.0,0.6915028921812392,1.0,0.8,0.4439045376923585,0.9747892736731666,0.8,0.4439045376923585,0.9747892736731666,0.0,0.19999999999999996,0.0,80,1.0,0.9549359649323077,1.0,0.9625,0.8942980149834914,0.9921988127342833,0.9625,0.8942980149834914,0.9921988127342833,0.0,0.03749999999999998,0.0,0.8
groundingdino,132991,38500,1,man far right second step,1,20,5,0,0.0,20,20,1.0,0.8315665290169146,1.0,0.9,0.6830172859809176,0.9876514728297052,0.9,0.6830172859809176,0.9876514728297052,0.0,0.09999999999999998,0.0,80,1.0,0.9549359649323077,1.0,0.9625,0.8942980149834914,0.9921988127342833,0.9625,0.8942980149834914,0.9921988127342833,0.0,0.03749999999999998,0.0,0.9
groundingdino,132991,38500,1,man far right second step,1,20,5,0,0.0,40,40,1.0,0.9119026971211976,1.0,0.925,0.796135251267101,0.9842578201489585,0.925,0.796135251267101,0.9842578201489585,0.0,0.07499999999999996,0.0,80,1.0,0.9549359649323077,1.0,0.9625,0.8942980149834914,0.9921988127342833,0.9625,0.8942980149834914,0.9921988127342833,0.0,0.03749999999999998,0.0,0.925
groundingdino,458827,10669,1,right guy,1,20,5,0,0.0,5,5,1.0,0.47817624989501856,1.0,1.0,0.47817624989501856,1.0,1.0,0.47817624989501856,1.0,0.0,0.0,0.0,80,1.0,0.9549359649323077,1.0,1.0,0.9549359649323077,1.0,1.0,0.9549359649323077,1.0,0.0,0.0,0.0,1.0
groundingdino,458827,10669,1,right guy,1,20,5,0,0.0,10,10,1.0,0.6915028921812392,1.0,1.0,0.6915028921812392,1.0,1.0,0.6915028921812392,1.0,0.0,0.0,0.0,80,1.0,0.9549359649323077,1.0,1.0,0.9549359649323077,1.0,1.0,0.9549359649323077,1.0,0.0,0.0,0.0,1.0
groundingdino,458827,10669,1,right guy,1,20,5,0,0.0,20,20,1.0,0.8315665290169146,1.0,1.0,0.8315665290169146,1.0,1.0,0.8315665290169146,1.0,0.0,0.0,0.0,80,1.0,0.9549359649323077,1.0,1.0,0.9549359649323077,1.0,1.0,0.9549359649323077,1.0,0.0,0.0,0.0,1.0
groundingdino,458827,10669,1,right guy,1,20,5,0,0.0,40,40,1.0,0.9119026971211976,1.0,1.0,0.9119026971211976,1.0,1.0,0.9119026971211976,1.0,0.0,0.0,0.0,80,1.0,0.9549359649323077,1.0,1.0,0.9549359649323077,1.0,1.0,0.9549359649323077,1.0,0.0,0.0,0.0,1.0
groundingdino,43892,46280,53,fruit at top above lemon,1,20,5,0,0.07262771802709586,5,5,1.0,0.47817624989501856,1.0,1.0,0.47817624989501856,1.0,1.0,0.47817624989501856,1.0,0.0,0.0,0.0,80,1.0,0.9549359649323077,1.0,1.0,0.9549359649323077,1.0,1.0,0.9549359649323077,1.0,0.0,0.0,0.0,1.0
groundingdino,43892,46280,53,fruit at top above lemon,1,20,5,0,0.07262771802709586,10,10,1.0,0.6915028921812392,1.0,1.0,0.6915028921812392,1.0,1.0,0.6915028921812392,1.0,0.0,0.0,0.0,80,1.0,0.9549359649323077,1.0,1.0,0.9549359649323077,1.0,1.0,0.9549359649323077,1.0,0.0,0.0,0.0,1.0
groundingdino,43892,46280,53,fruit at top above lemon,1,20,5,0,0.07262771802709586,20,20,1.0,0.8315665290169146,1.0,1.0,0.8315665290169146,1.0,1.0,0.8315665290169146,1.0,0.0,0.0,0.0,80,1.0,0.9549359649323077,1.0,1.0,0.9549359649323077,1.0,1.0,0.9549359649323077,1.0,0.0,0.0,0.0,1.0
groundingdino,43892,46280,53,fruit at top above lemon,1,20,5,0,0.07262771802709586,40,40,1.0,0.9119026971211976,1.0,1.0,0.9119026971211976,1.0,1.0,0.9119026971211976,1.0,0.0,0.0,0.0,80,1.0,0.9549359649323077,1.0,1.0,0.9549359649323077,1.0,1.0,0.9549359649323077,1.0,0.0,0.0,0.0,1.0
groundingdino,335865,21147,72,tv on the left,1,19,5,1,0.6217750354993301,5,5,0.6,0.14663279963467318,0.9472550494736831,1.0,0.29240177382128674,1.0,0.6,0.14663279963467318,0.9472550494736831,0.4,0.0,0.0,80,0.7,0.587240676918624,0.7974260708533272,1.0,0.9362499033376378,1.0,0.7,0.587240676918624,0.7974260708533272,0.30000000000000004,0.0,0.0,0.6
groundingdino,335865,21147,72,tv on the left,1,19,5,1,0.6217750354993301,10,10,0.7,0.34754714994000274,0.9332604888222655,1.0,0.5903836027749967,1.0,0.7,0.34754714994000274,0.9332604888222655,0.30000000000000004,0.0,0.0,80,0.7,0.587240676918624,0.7974260708533272,1.0,0.9362499033376378,1.0,0.7,0.587240676918624,0.7974260708533272,0.30000000000000004,0.0,0.0,0.7
groundingdino,335865,21147,72,tv on the left,1,19,5,1,0.6217750354993301,20,20,0.65,0.4078114654671719,0.8460907952154588,1.0,0.752947361999529,1.0,0.65,0.4078114654671719,0.8460907952154588,0.35,0.0,0.0,80,0.7,0.587240676918624,0.7974260708533272,1.0,0.9362499033376378,1.0,0.7,0.587240676918624,0.7974260708533272,0.30000000000000004,0.0,0.0,0.65
groundingdino,335865,21147,72,tv on the left,1,19,5,1,0.6217750354993301,40,40,0.725,0.5611170928209519,0.8539910080361344,1.0,0.8805551309304973,1.0,0.725,0.5611170928209519,0.8539910080361344,0.275,0.0,0.0,80,0.7,0.587240676918624,0.7974260708533272,1.0,0.9362499033376378,1.0,0.7,0.587240676918624,0.7974260708533272,0.30000000000000004,0.0,0.0,0.725
groundingdino,86750,42466,1,woman biting nails,1,20,5,1,0.9830297590060659,5,5,1.0,0.47817624989501856,1.0,1.0,0.47817624989501856,1.0,1.0,0.47817624989501856,1.0,0.0,0.0,0.0,80,1.0,0.9549359649323077,1.0,1.0,0.9549359649323077,1.0,1.0,0.9549359649323077,1.0,0.0,0.0,0.0,1.0
groundingdino,86750,42466,1,woman biting nails,1,20,5,1,0.9830297590060659,10,10,1.0,0.6915028921812392,1.0,1.0,0.6915028921812392,1.0,1.0,0.6915028921812392,1.0,0.0,0.0,0.0,80,1.0,0.9549359649323077,1.0,1.0,0.9549359649323077,1.0,1.0,0.9549359649323077,1.0,0.0,0.0,0.0,1.0
groundingdino,86750,42466,1,woman biting nails,1,20,5,1,0.9830297590060659,20,20,1.0,0.8315665290169146,1.0,1.0,0.8315665290169146,1.0,1.0,0.8315665290169146,1.0,0.0,0.0,0.0,80,1.0,0.9549359649323077,1.0,1.0,0.9549359649323077,1.0,1.0,0.9549359649323077,1.0,0.0,0.0,0.0,1.0
groundingdino,86750,42466,1,woman biting nails,1,20,5,1,0.9830297590060659,40,40,1.0,0.9119026971211976,1.0,1.0,0.9119026971211976,1.0,1.0,0.9119026971211976,1.0,0.0,0.0,0.0,80,1.0,0.9549359649323077,1.0,1.0,0.9549359649323077,1.0,1.0,0.9549359649323077,1.0,0.0,0.0,0.0,1.0
groundingdino,351654,19757,51,bottom left mixin bowl,1,20,5,1,0.9832929641890167,5,5,1.0,0.47817624989501856,1.0,1.0,0.47817624989501856,1.0,1.0,0.47817624989501856,1.0,0.0,0.0,0.0,80,1.0,0.9549359649323077,1.0,1.0,0.9549359649323077,1.0,1.0,0.9549359649323077,1.0,0.0,0.0,0.0,1.0
groundingdino,351654,19757,51,bottom left mixin bowl,1,20,5,1,0.9832929641890167,10,10,1.0,0.6915028921812392,1.0,1.0,0.6915028921812392,1.0,1.0,0.6915028921812392,1.0,0.0,0.0,0.0,80,1.0,0.9549359649323077,1.0,1.0,0.9549359649323077,1.0,1.0,0.9549359649323077,1.0,0.0,0.0,0.0,1.0
groundingdino,351654,19757,51,bottom left mixin bowl,1,20,5,1,0.9832929641890167,20,20,1.0,0.8315665290169146,1.0,1.0,0.8315665290169146,1.0,1.0,0.8315665290169146,1.0,0.0,0.0,0.0,80,1.0,0.9549359649323077,1.0,1.0,0.9549359649323077,1.0,1.0,0.9549359649323077,1.0,0.0,0.0,0.0,1.0
groundingdino,351654,19757,51,bottom left mixin bowl,1,20,5,1,0.9832929641890167,40,40,1.0,0.9119026971211976,1.0,1.0,0.9119026971211976,1.0,1.0,0.9119026971211976,1.0,0.0,0.0,0.0,80,1.0,0.9549359649323077,1.0,1.0,0.9549359649323077,1.0,1.0,0.9549359649323077,1.0,0.0,0.0,0.0,1.0
groundingdino,461996,10421,1,lady on left,1,20,5,1,0.9716858687776593,5,5,1.0,0.47817624989501856,1.0,1.0,0.47817624989501856,1.0,1.0,0.47817624989501856,1.0,0.0,0.0,0.0,80,1.0,0.9549359649323077,1.0,1.0,0.9549359649323077,1.0,1.0,0.9549359649323077,1.0,0.0,0.0,0.0,1.0
groundingdino,461996,10421,1,lady on left,1,20,5,1,0.9716858687776593,10,10,1.0,0.6915028921812392,1.0,1.0,0.6915028921812392,1.0,1.0,0.6915028921812392,1.0,0.0,0.0,0.0,80,1.0,0.9549359649323077,1.0,1.0,0.9549359649323077,1.0,1.0,0.9549359649323077,1.0,0.0,0.0,0.0,1.0
groundingdino,461996,10421,1,lady on left,1,20,5,1,0.9716858687776593,20,20,1.0,0.8315665290169146,1.0,1.0,0.8315665290169146,1.0,1.0,0.8315665290169146,1.0,0.0,0.0,0.0,80,1.0,0.9549359649323077,1.0,1.0,0.9549359649323077,1.0,1.0,0.9549359649323077,1.0,0.0,0.0,0.0,1.0
groundingdino,461996,10421,1,lady on left,1,20,5,1,0.9716858687776593,40,40,1.0,0.9119026971211976,1.0,1.0,0.9119026971211976,1.0,1.0,0.9119026971211976,1.0,0.0,0.0,0.0,80,1.0,0.9549359649323077,1.0,1.0,0.9549359649323077,1.0,1.0,0.9549359649323077,1.0,0.0,0.0,0.0,1.0
groundingdino,106832,40711,54,bottom of sanwich,1,20,5,0,0.2427879460682354,5,5,1.0,0.47817624989501856,1.0,1.0,0.47817624989501856,1.0,1.0,0.47817624989501856,1.0,0.0,0.0,0.0,80,1.0,0.9549359649323077,1.0,1.0,0.9549359649323077,1.0,1.0,0.9549359649323077,1.0,0.0,0.0,0.0,1.0
groundingdino,106832,40711,54,bottom of sanwich,1,20,5,0,0.2427879460682354,10,10,1.0,0.6915028921812392,1.0,1.0,0.6915028921812392,1.0,1.0,0.6915028921812392,1.0,0.0,0.0,0.0,80,1.0,0.9549359649323077,1.0,1.0,0.9549359649323077,1.0,1.0,0.9549359649323077,1.0,0.0,0.0,0.0,1.0
groundingdino,106832,40711,54,bottom of sanwich,1,20,5,0,0.2427879460682354,20,20,1.0,0.8315665290169146,1.0,1.0,0.8315665290169146,1.0,1.0,0.8315665290169146,1.0,0.0,0.0,0.0,80,1.0,0.9549359649323077,1.0,1.0,0.9549359649323077,1.0,1.0,0.9549359649323077,1.0,0.0,0.0,0.0,1.0
groundingdino,106832,40711,54,bottom of sanwich,1,20,5,0,0.2427879460682354,40,40,1.0,0.9119026971211976,1.0,1.0,0.9119026971211976,1.0,1.0,0.9119026971211976,1.0,0.0,0.0,0.0,80,1.0,0.9549359649323077,1.0,1.0,0.9549359649323077,1.0,1.0,0.9549359649323077,1.0,0.0,0.0,0.0,1.0
groundingdino,456545,10882,1,person skate black,1,20,5,1,0.6351657162282534,5,5,1.0,0.47817624989501856,1.0,0.8,0.2835820638819106,0.9949492366205319,0.8,0.2835820638819106,0.9949492366205319,0.0,0.19999999999999996,0.0,80,1.0,0.9549359649323077,1.0,0.75,0.64063652409315,0.8401203554931442,0.75,0.64063652409315,0.8401203554931442,0.0,0.25,0.0,0.8
groundingdino,456545,10882,1,person skate black,1,20,5,1,0.6351657162282534,10,10,1.0,0.6915028921812392,1.0,0.7,0.34754714994000274,0.9332604888222655,0.7,0.34754714994000274,0.9332604888222655,0.0,0.30000000000000004,0.0,80,1.0,0.9549359649323077,1.0,0.75,0.64063652409315,0.8401203554931442,0.75,0.64063652409315,0.8401203554931442,0.0,0.25,0.0,0.7
groundingdino,456545,10882,1,person skate black,1,20,5,1,0.6351657162282534,20,20,1.0,0.8315665290169146,1.0,0.7,0.4572108177237109,0.8810684095942722,0.7,0.4572108177237109,0.8810684095942722,0.0,0.30000000000000004,0.0,80,1.0,0.9549359649323077,1.0,0.75,0.64063652409315,0.8401203554931442,0.75,0.64063652409315,0.8401203554931442,0.0,0.25,0.0,0.7
groundingdino,456545,10882,1,person skate black,1,20,5,1,0.6351657162282534,40,40,1.0,0.9119026971211976,1.0,0.775,0.6154883226965773,0.891603361015928,0.775,0.6154883226965773,0.891603361015928,0.0,0.22499999999999998,0.0,80,1.0,0.9549359649323077,1.0,0.75,0.64063652409315,0.8401203554931442,0.75,0.64063652409315,0.8401203554931442,0.0,0.25,0.0,0.775
groundingdino,180559,34644,1,guy in gray shirt,1,20,5,1,0.9655952339657687,5,5,1.0,0.47817624989501856,1.0,1.0,0.47817624989501856,1.0,1.0,0.47817624989501856,1.0,0.0,0.0,0.0,80,1.0,0.9549359649323077,1.0,1.0,0.9549359649323077,1.0,1.0,0.9549359649323077,1.0,0.0,0.0,0.0,1.0
groundingdino,180559,34644,1,guy in gray shirt,1,20,5,1,0.9655952339657687,10,10,1.0,0.6915028921812392,1.0,1.0,0.6915028921812392,1.0,1.0,0.6915028921812392,1.0,0.0,0.0,0.0,80,1.0,0.9549359649323077,1.0,1.0,0.9549359649323077,1.0,1.0,0.9549359649323077,1.0,0.0,0.0,0.0,1.0
groundingdino,180559,34644,1,guy in gray shirt,1,20,5,1,0.9655952339657687,20,20,1.0,0.8315665290169146,1.0,1.0,0.8315665290169146,1.0,1.0,0.8315665290169146,1.0,0.0,0.0,0.0,80,1.0,0.9549359649323077,1.0,1.0,0.9549359649323077,1.0,1.0,0.9549359649323077,1.0,0.0,0.0,0.0,1.0
groundingdino,180559,34644,1,guy in gray shirt,1,20,5,1,0.9655952339657687,40,40,1.0,0.9119026971211976,1.0,1.0,0.9119026971211976,1.0,1.0,0.9119026971211976,1.0,0.0,0.0,0.0,80,1.0,0.9549359649323077,1.0,1.0,0.9549359649323077,1.0,1.0,0.9549359649323077,1.0,0.0,0.0,0.0,1.0
groundingdino,359339,19128,1,man,1,20,5,1,0.8381019889032022,5,5,1.0,0.47817624989501856,1.0,1.0,0.47817624989501856,1.0,1.0,0.47817624989501856,1.0,0.0,0.0,0.0,80,1.0,0.9549359649323077,1.0,1.0,0.9549359649323077,1.0,1.0,0.9549359649323077,1.0,0.0,0.0,0.0,1.0
groundingdino,359339,19128,1,man,1,20,5,1,0.8381019889032022,10,10,1.0,0.6915028921812392,1.0,1.0,0.6915028921812392,1.0,1.0,0.6915028921812392,1.0,0.0,0.0,0.0,80,1.0,0.9549359649323077,1.0,1.0,0.9549359649323077,1.0,1.0,0.9549359649323077,1.0,0.0,0.0,0.0,1.0
groundingdino,359339,19128,1,man,1,20,5,1,0.8381019889032022,20,20,1.0,0.8315665290169146,1.0,1.0,0.8315665290169146,1.0,1.0,0.8315665290169146,1.0,0.0,0.0,0.0,80,1.0,0.9549359649323077,1.0,1.0,0.9549359649323077,1.0,1.0,0.9549359649323077,1.0,0.0,0.0,0.0,1.0
groundingdino,359339,19128,1,man,1,20,5,1,0.8381019889032022,40,40,1.0,0.9119026971211976,1.0,1.0,0.9119026971211976,1.0,1.0,0.9119026971211976,1.0,0.0,0.0,0.0,80,1.0,0.9549359649323077,1.0,1.0,0.9549359649323077,1.0,1.0,0.9549359649323077,1.0,0.0,0.0,0.0,1.0
groundingdino,283479,25971,84,robert book,1,20,5,1,0.9720614270381176,5,5,1.0,0.47817624989501856,1.0,1.0,0.47817624989501856,1.0,1.0,0.47817624989501856,1.0,0.0,0.0,0.0,80,1.0,0.9549359649323077,1.0,1.0,0.9549359649323077,1.0,1.0,0.9549359649323077,1.0,0.0,0.0,0.0,1.0
groundingdino,283479,25971,84,robert book,1,20,5,1,0.9720614270381176,10,10,1.0,0.6915028921812392,1.0,1.0,0.6915028921812392,1.0,1.0,0.6915028921812392,1.0,0.0,0.0,0.0,80,1.0,0.9549359649323077,1.0,1.0,0.9549359649323077,1.0,1.0,0.9549359649323077,1.0,0.0,0.0,0.0,1.0
groundingdino,283479,25971,84,robert book,1,20,5,1,0.9720614270381176,20,20,1.0,0.8315665290169146,1.0,1.0,0.8315665290169146,1.0,1.0,0.8315665290169146,1.0,0.0,0.0,0.0,80,1.0,0.9549359649323077,1.0,1.0,0.9549359649323077,1.0,1.0,0.9549359649323077,1.0,0.0,0.0,0.0,1.0
groundingdino,283479,25971,84,robert book,1,20,5,1,0.9720614270381176,40,40,1.0,0.9119026971211976,1.0,1.0,0.9119026971211976,1.0,1.0,0.9119026971211976,1.0,0.0,0.0,0.0,80,1.0,0.9549359649323077,1.0,1.0,0.9549359649323077,1.0,1.0,0.9549359649323077,1.0,0.0,0.0,0.0,1.0
groundingdino,298306,24697,1,left man,1,20,5,1,0.8941419638301797,5,5,1.0,0.47817624989501856,1.0,1.0,0.47817624989501856,1.0,1.0,0.47817624989501856,1.0,0.0,0.0,0.0,80,1.0,0.9549359649323077,1.0,1.0,0.9549359649323077,1.0,1.0,0.9549359649323077,1.0,0.0,0.0,0.0,1.0
groundingdino,298306,24697,1,left man,1,20,5,1,0.8941419638301797,10,10,1.0,0.6915028921812392,1.0,1.0,0.6915028921812392,1.0,1.0,0.6915028921812392,1.0,0.0,0.0,0.0,80,1.0,0.9549359649323077,1.0,1.0,0.9549359649323077,1.0,1.0,0.9549359649323077,1.0,0.0,0.0,0.0,1.0
groundingdino,298306,24697,1,left man,1,20,5,1,0.8941419638301797,20,20,1.0,0.8315665290169146,1.0,1.0,0.8315665290169146,1.0,1.0,0.8315665290169146,1.0,0.0,0.0,0.0,80,1.0,0.9549359649323077,1.0,1.0,0.9549359649323077,1.0,1.0,0.9549359649323077,1.0,0.0,0.0,0.0,1.0
groundingdino,298306,24697,1,left man,1,20,5,1,0.8941419638301797,40,40,1.0,0.9119026971211976,1.0,1.0,0.9119026971211976,1.0,1.0,0.9119026971211976,1.0,0.0,0.0,0.0,80,1.0,0.9549359649323077,1.0,1.0,0.9549359649323077,1.0,1.0,0.9549359649323077,1.0,0.0,0.0,0.0,1.0
groundingdino,375133,17922,1,right guy in black,1,20,5,1,0.9373332393349458,5,5,1.0,0.47817624989501856,1.0,1.0,0.47817624989501856,1.0,1.0,0.47817624989501856,1.0,0.0,0.0,0.0,80,1.0,0.9549359649323077,1.0,1.0,0.9549359649323077,1.0,1.0,0.9549359649323077,1.0,0.0,0.0,0.0,1.0
groundingdino,375133,17922,1,right guy in black,1,20,5,1,0.9373332393349458,10,10,1.0,0.6915028921812392,1.0,1.0,0.6915028921812392,1.0,1.0,0.6915028921812392,1.0,0.0,0.0,0.0,80,1.0,0.9549359649323077,1.0,1.0,0.9549359649323077,1.0,1.0,0.9549359649323077,1.0,0.0,0.0,0.0,1.0
groundingdino,375133,17922,1,right guy in black,1,20,5,1,0.9373332393349458,20,20,1.0,0.8315665290169146,1.0,1.0,0.8315665290169146,1.0,1.0,0.8315665290169146,1.0,0.0,0.0,0.0,80,1.0,0.9549359649323077,1.0,1.0,0.9549359649323077,1.0,1.0,0.9549359649323077,1.0,0.0,0.0,0.0,1.0
groundingdino,375133,17922,1,right guy in black,1,20,5,1,0.9373332393349458,40,40,1.0,0.9119026971211976,1.0,1.0,0.9119026971211976,1.0,1.0,0.9119026971211976,1.0,0.0,0.0,0.0,80,1.0,0.9549359649323077,1.0,1.0,0.9549359649323077,1.0,1.0,0.9549359649323077,1.0,0.0,0.0,0.0,1.0
groundingdino,252277,28579,84,bottom book right,1,20,5,1,0.9409928684878088,5,5,1.0,0.47817624989501856,1.0,1.0,0.47817624989501856,1.0,1.0,0.47817624989501856,1.0,0.0,0.0,0.0,80,1.0,0.9549359649323077,1.0,0.95,0.876901263556847,0.9862106060235382,0.95,0.876901263556847,0.9862106060235382,0.0,0.050000000000000044,0.0,1.0
groundingdino,252277,28579,84,bottom book right,1,20,5,1,0.9409928684878088,10,10,1.0,0.6915028921812392,1.0,1.0,0.6915028921812392,1.0,1.0,0.6915028921812392,1.0,0.0,0.0,0.0,80,1.0,0.9549359649323077,1.0,0.95,0.876901263556847,0.9862106060235382,0.95,0.876901263556847,0.9862106060235382,0.0,0.050000000000000044,0.0,1.0
groundingdino,252277,28579,84,bottom book right,1,20,5,1,0.9409928684878088,20,20,1.0,0.8315665290169146,1.0,0.95,0.7512672372279723,0.9987349105020502,0.95,0.7512672372279723,0.9987349105020502,0.0,0.050000000000000044,0.0,80,1.0,0.9549359649323077,1.0,0.95,0.876901263556847,0.9862106060235382,0.95,0.876901263556847,0.9862106060235382,0.0,0.050000000000000044,0.0,0.95
groundingdino,252277,28579,84,bottom book right,1,20,5,1,0.9409928684878088,40,40,1.0,0.9119026971211976,1.0,0.95,0.8308031360405824,0.9938863534006491,0.95,0.8308031360405824,0.9938863534006491,0.0,0.050000000000000044,0.0,80,1.0,0.9549359649323077,1.0,0.95,0.876901263556847,0.9862106060235382,0.95,0.876901263556847,0.9862106060235382,0.0,0.050000000000000044,0.0,0.95
groundingdino,215421,31720,86,beige vase,1,10,5,0,0.0,5,5,1.0,0.47817624989501856,1.0,0.8,0.2835820638819106,0.9949492366205319,0.8,0.2835820638819106,0.9949492366205319,0.0,0.19999999999999996,0.0,80,1.0,0.9549359649323077,1.0,0.825,0.7238459604789864,0.9008894901605713,0.825,0.7238459604789864,0.9008894901605713,0.0,0.17500000000000004,0.0,0.8
groundingdino,215421,31720,86,beige vase,1,10,5,0,0.0,10,10,1.0,0.6915028921812392,1.0,0.9,0.5549838829718046,0.9974714214555382,0.9,0.5549838829718046,0.9974714214555382,0.0,0.09999999999999998,0.0,80,1.0,0.9549359649323077,1.0,0.825,0.7238459604789864,0.9008894901605713,0.825,0.7238459604789864,0.9008894901605713,0.0,0.17500000000000004,0.0,0.9
groundingdino,215421,31720,86,beige vase,1,10,5,0,0.0,20,20,1.0,0.8315665290169146,1.0,0.8,0.5633859970033317,0.9426660029499673,0.8,0.5633859970033317,0.9426660029499673,0.0,0.19999999999999996,0.0,80,1.0,0.9549359649323077,1.0,0.825,0.7238459604789864,0.9008894901605713,0.825,0.7238459604789864,0.9008894901605713,0.0,0.17500000000000004,0.0,0.8
groundingdino,215421,31720,86,beige vase,1,10,5,0,0.0,40,40,1.0,0.9119026971211976,1.0,0.85,0.7016473331604236,0.9428977418454741,0.85,0.7016473331604236,0.9428977418454741,0.0,0.15000000000000002,0.0,80,1.0,0.9549359649323077,1.0,0.825,0.7238459604789864,0.9008894901605713,0.825,0.7238459604789864,0.9008894901605713,0.0,0.17500000000000004,0.0,0.85
groundingdino,219169,31407,22,elephant in front on the right,1,20,5,1,0.7362336865055961,5,5,1.0,0.47817624989501856,1.0,1.0,0.47817624989501856,1.0,1.0,0.47817624989501856,1.0,0.0,0.0,0.0,80,1.0,0.9549359649323077,1.0,1.0,0.9549359649323077,1.0,1.0,0.9549359649323077,1.0,0.0,0.0,0.0,1.0
groundingdino,219169,31407,22,elephant in front on the right,1,20,5,1,0.7362336865055961,10,10,1.0,0.6915028921812392,1.0,1.0,0.6915028921812392,1.0,1.0,0.6915028921812392,1.0,0.0,0.0,0.0,80,1.0,0.9549359649323077,1.0,1.0,0.9549359649323077,1.0,1.0,0.9549359649323077,1.0,0.0,0.0,0.0,1.0
groundingdino,219169,31407,22,elephant in front on the right,1,20,5,1,0.7362336865055961,20,20,1.0,0.8315665290169146,1.0,1.0,0.8315665290169146,1.0,1.0,0.8315665290169146,1.0,0.0,0.0,0.0,80,1.0,0.9549359649323077,1.0,1.0,0.9549359649323077,1.0,1.0,0.9549359649323077,1.0,0.0,0.0,0.0,1.0
groundingdino,219169,31407,22,elephant in front on the right,1,20,5,1,0.7362336865055961,40,40,1.0,0.9119026971211976,1.0,1.0,0.9119026971211976,1.0,1.0,0.9119026971211976,1.0,0.0,0.0,0.0,80,1.0,0.9549359649323077,1.0,1.0,0.9549359649323077,1.0,1.0,0.9549359649323077,1.0,0.0,0.0,0.0,1.0
groundingdino,55232,45238,28,left umbrella,1,20,5,0,0.3409286513865501,5,5,1.0,0.47817624989501856,1.0,0.8,0.2835820638819106,0.9949492366205319,0.8,0.2835820638819106,0.9949492366205319,0.0,0.19999999999999996,0.0,80,1.0,0.9549359649323077,1.0,0.7125,0.6004548866879794,0.8082395280280349,0.7125,0.6004548866879794,0.8082395280280349,0.0,0.2875,0.0,0.8
groundingdino,55232,45238,28,left umbrella,1,20,5,0,0.3409286513865501,10,10,1.0,0.6915028921812392,1.0,0.8,0.4439045376923585,0.9747892736731666,0.8,0.4439045376923585,0.9747892736731666,0.0,0.19999999999999996,0.0,80,1.0,0.9549359649323077,1.0,0.7125,0.6004548866879794,0.8082395280280349,0.7125,0.6004548866879794,0.8082395280280349,0.0,0.2875,0.0,0.8
groundingdino,55232,45238,28,left umbrella,1,20,5,0,0.3409286513865501,20,20,1.0,0.8315665290169146,1.0,0.75,0.5089541282920425,0.9134285308985653,0.75,0.5089541282920425,0.9134285308985653,0.0,0.25,0.0,80,1.0,0.9549359649323077,1.0,0.7125,0.6004548866879794,0.8082395280280349,0.7125,0.6004548866879794,0.8082395280280349,0.0,0.2875,0.0,0.75
groundingdino,55232,45238,28,left umbrella,1,20,5,0,0.3409286513865501,40,40,1.0,0.9119026971211976,1.0,0.75,0.5880380198485702,0.873085201067155,0.75,0.5880380198485702,0.873085201067155,0.0,0.25,0.0,80,1.0,0.9549359649323077,1.0,0.7125,0.6004548866879794,0.8082395280280349,0.7125,0.6004548866879794,0.8082395280280349,0.0,0.2875,0.0,0.75
groundingdino,11292,49090,1,man right,1,20,5,1,0.9620887591890968,5,5,0.6,0.14663279963467318,0.9472550494736831,1.0,0.29240177382128674,1.0,0.6,0.14663279963467318,0.9472550494736831,0.4,0.0,0.0,80,0.75,0.64063652409315,0.8401203554931442,1.0,0.9403705077138331,1.0,0.75,0.64063652409315,0.8401203554931442,0.25,0.0,0.0,0.6
groundingdino,11292,49090,1,man right,1,20,5,1,0.9620887591890968,10,10,0.7,0.34754714994000274,0.9332604888222655,1.0,0.5903836027749967,1.0,0.7,0.34754714994000274,0.9332604888222655,0.30000000000000004,0.0,0.0,80,0.75,0.64063652409315,0.8401203554931442,1.0,0.9403705077138331,1.0,0.75,0.64063652409315,0.8401203554931442,0.25,0.0,0.0,0.7
groundingdino,11292,49090,1,man right,1,20,5,1,0.9620887591890968,20,20,0.7,0.4572108177237109,0.8810684095942722,1.0,0.7683642383498835,1.0,0.7,0.4572108177237109,0.8810684095942722,0.30000000000000004,0.0,0.0,80,0.75,0.64063652409315,0.8401203554931442,1.0,0.9403705077138331,1.0,0.75,0.64063652409315,0.8401203554931442,0.25,0.0,0.0,0.7
groundingdino,11292,49090,1,man right,1,20,5,1,0.9620887591890968,40,40,0.75,0.5880380198485702,0.873085201067155,1.0,0.8842966917779722,1.0,0.75,0.5880380198485702,0.873085201067155,0.25,0.0,0.0,80,0.75,0.64063652409315,0.8401203554931442,1.0,0.9403705077138331,1.0,0.75,0.64063652409315,0.8401203554931442,0.25,0.0,0.0,0.75
groundingdino,79722,43046,84,white book at right,1,20,5,1,0.92286926188323,5,5,1.0,0.47817624989501856,1.0,1.0,0.47817624989501856,1.0,1.0,0.47817624989501856,1.0,0.0,0.0,0.0,80,1.0,0.9549359649323077,1.0,0.975,0.9125928440694078,0.9969579138351904,0.975,0.9125928440694078,0.9969579138351904,0.0,0.025000000000000022,0.0,1.0
groundingdino,79722,43046,84,white book at right,1,20,5,1,0.92286926188323,10,10,1.0,0.6915028921812392,1.0,1.0,0.6915028921812392,1.0,1.0,0.6915028921812392,1.0,0.0,0.0,0.0,80,1.0,0.9549359649323077,1.0,0.975,0.9125928440694078,0.9969579138351904,0.975,0.9125928440694078,0.9969579138351904,0.0,0.025000000000000022,0.0,1.0
groundingdino,79722,43046,84,white book at right,1,20,5,1,0.92286926188323,20,20,1.0,0.8315665290169146,1.0,1.0,0.8315665290169146,1.0,1.0,0.8315665290169146,1.0,0.0,0.0,0.0,80,1.0,0.9549359649323077,1.0,0.975,0.9125928440694078,0.9969579138351904,0.975,0.9125928440694078,0.9969579138351904,0.0,0.025000000000000022,0.0,1.0
groundingdino,79722,43046,84,white book at right,1,20,5,1,0.92286926188323,40,40,1.0,0.9119026971211976,1.0,1.0,0.9119026971211976,1.0,1.0,0.9119026971211976,1.0,0.0,0.0,0.0,80,1.0,0.9549359649323077,1.0,0.975,0.9125928440694078,0.9969579138351904,0.975,0.9125928440694078,0.9969579138351904,0.0,0.025000000000000022,0.0,1.0
groundingdino,258705,28035,1,orange,1,4,4,0,0.09621807696206316,5,5,0.8,0.2835820638819106,0.9949492366205319,0.75,0.19412044968324346,0.9936905367902902,0.6,0.14663279963467318,0.9472550494736831,0.19999999999999996,0.2,5.551115123125783e-17,80,0.7,0.587240676918624,0.7974260708533272,0.9107142857142857,0.8038065590652177,0.9703701581104578,0.6375,0.5223872787351915,0.7421051046283819,0.30000000000000004,0.06250000000000001,1.3877787807814457e-17,0.6
groundingdino,258705,28035,1,orange,1,4,4,0,0.09621807696206316,10,10,0.9,0.5549838829718046,0.9974714214555382,0.8888888888888888,0.517503485082663,0.9971908632534008,0.8,0.4439045376923585,0.9747892736731666,0.09999999999999998,0.10000000000000005,6.938893903907228e-17,80,0.7,0.587240676918624,0.7974260708533272,0.9107142857142857,0.8038065590652177,0.9703701581104578,0.6375,0.5223872787351915,0.7421051046283819,0.30000000000000004,0.06250000000000001,1.3877787807814457e-17,0.8
groundingdino,258705,28035,1,orange,1,4,4,0,0.09621807696206316,20,20,0.85,0.6210731734546859,0.9679290628145363,0.9411764705882353,0.7131106033327794,0.9985118256087334,0.8,0.5633859970033317,0.9426660029499673,0.15000000000000002,0.05000000000000001,7.632783294297951e-17,80,0.7,0.587240676918624,0.7974260708533272,0.9107142857142857,0.8038065590652177,0.9703701581104578,0.6375,0.5223872787351915,0.7421051046283819,0.30000000000000004,0.06250000000000001,1.3877787807814457e-17,0.8
groundingdino,258705,28035,1,orange,1,4,4,0,0.09621807696206316,40,40,0.825,0.6722098666384142,0.9266172706479148,0.9393939393939394,0.797735687473645,0.9925741622577402,0.775,0.6154883226965773,0.891603361015928,0.17500000000000004,0.049999999999999954,2.0816681711721685e-17,80,0.7,0.587240676918624,0.7974260708533272,0.9107142857142857,0.8038065590652177,0.9703701581104578,0.6375,0.5223872787351915,0.7421051046283819,0.30000000000000004,0.06250000000000001,1.3877787807814457e-17,0.775
groundingdino,128974,38853,1,person on first motorcycle right guy closest to us,1,20,5,0,0.041531100632407385,5,5,1.0,0.47817624989501856,1.0,0.2,0.005050763379468061,0.7164179361180893,0.2,0.005050763379468061,0.7164179361180893,0.0,0.8,0.0,80,1.0,0.9549359649323077,1.0,0.2,0.11885908640498533,0.30436886700546445,0.2,0.11885908640498533,0.30436886700546445,0.0,0.8,0.0,0.2
groundingdino,128974,38853,1,person on first motorcycle right guy closest to us,1,20,5,0,0.041531100632407385,10,10,1.0,0.6915028921812392,1.0,0.1,0.0025285785444617865,0.4450161170281954,0.1,0.0025285785444617865,0.4450161170281954,0.0,0.9,0.0,80,1.0,0.9549359649323077,1.0,0.2,0.11885908640498533,0.30436886700546445,0.2,0.11885908640498533,0.30436886700546445,0.0,0.8,0.0,0.1
groundingdino,128974,38853,1,person on first motorcycle right guy closest to us,1,20,5,0,0.041531100632407385,20,20,1.0,0.8315665290169146,1.0,0.2,0.057333997050032774,0.43661400299666825,0.2,0.057333997050032774,0.43661400299666825,0.0,0.8,0.0,80,1.0,0.9549359649323077,1.0,0.2,0.11885908640498533,0.30436886700546445,0.2,0.11885908640498533,0.30436886700546445,0.0,0.8,0.0,0.2
groundingdino,128974,38853,1,person on first motorcycle right guy closest to us,1,20,5,0,0.041531100632407385,40,40,1.0,0.9119026971211976,1.0,0.175,0.07338272935208522,0.3277901333615858,0.175,0.07338272935208522,0.3277901333615858,0.0,0.825,0.0,80,1.0,0.9549359649323077,1.0,0.2,0.11885908640498533,0.30436886700546445,0.2,0.11885908640498533,0.30436886700546445,0.0,0.8,0.0,0.175
groundingdino,242807,29419,1,uniform behind the dark skin child,1,20,5,0,0.2517426100291382,5,5,1.0,0.47817624989501856,1.0,1.0,0.47817624989501856,1.0,1.0,0.47817624989501856,1.0,0.0,0.0,0.0,80,1.0,0.9549359649323077,1.0,0.95,0.876901263556847,0.9862106060235382,0.95,0.876901263556847,0.9862106060235382,0.0,0.050000000000000044,0.0,1.0
groundingdino,242807,29419,1,uniform behind the dark skin child,1,20,5,0,0.2517426100291382,10,10,1.0,0.6915028921812392,1.0,0.9,0.5549838829718046,0.9974714214555382,0.9,0.5549838829718046,0.9974714214555382,0.0,0.09999999999999998,0.0,80,1.0,0.9549359649323077,1.0,0.95,0.876901263556847,0.9862106060235382,0.95,0.876901263556847,0.9862106060235382,0.0,0.050000000000000044,0.0,0.9
groundingdino,242807,29419,1,uniform behind the dark skin child,1,20,5,0,0.2517426100291382,20,20,1.0,0.8315665290169146,1.0,0.9,0.6830172859809176,0.9876514728297052,0.9,0.6830172859809176,0.9876514728297052,0.0,0.09999999999999998,0.0,80,1.0,0.9549359649323077,1.0,0.95,0.876901263556847,0.9862106060235382,0.95,0.876901263556847,0.9862106060235382,0.0,0.050000000000000044,0.0,0.9
groundingdino,242807,29419,1,uniform behind the dark skin child,1,20,5,0,0.2517426100291382,40,40,1.0,0.9119026971211976,1.0,0.95,0.8308031360405824,0.9938863534006491,0.95,0.8308031360405824,0.9938863534006491,0.0,0.050000000000000044,0.0,80,1.0,0.9549359649323077,1.0,0.95,0.876901263556847,0.9862106060235382,0.95,0.876901263556847,0.9862106060235382,0.0,0.050000000000000044,0.0,0.95
groundingdino,76781,43308,22,front elephant,1,7,5,1,0.9888372618780182,5,5,1.0,0.47817624989501856,1.0,1.0,0.47817624989501856,1.0,1.0,0.47817624989501856,1.0,0.0,0.0,0.0,80,0.8375,0.7381631061748872,0.9105383582774708,1.0,0.9464303458729032,1.0,0.8375,0.7381631061748872,0.9105383582774708,0.16249999999999998,0.0,0.0,1.0
groundingdino,76781,43308,22,front elephant,1,7,5,1,0.9888372618780182,10,10,1.0,0.6915028921812392,1.0,1.0,0.6915028921812392,1.0,1.0,0.6915028921812392,1.0,0.0,0.0,0.0,80,0.8375,0.7381631061748872,0.9105383582774708,1.0,0.9464303458729032,1.0,0.8375,0.7381631061748872,0.9105383582774708,0.16249999999999998,0.0,0.0,1.0
groundingdino,76781,43308,22,front elephant,1,7,5,1,0.9888372618780182,20,20,0.9,0.6830172859809176,0.9876514728297052,1.0,0.8146980318621478,1.0,0.9,0.6830172859809176,0.9876514728297052,0.09999999999999998,0.0,0.0,80,0.8375,0.7381631061748872,0.9105383582774708,1.0,0.9464303458729032,1.0,0.8375,0.7381631061748872,0.9105383582774708,0.16249999999999998,0.0,0.0,0.9
groundingdino,76781,43308,22,front elephant,1,7,5,1,0.9888372618780182,40,40,0.875,0.7319670826382796,0.9581403738613833,1.0,0.8999675644278949,1.0,0.875,0.7319670826382796,0.9581403738613833,0.125,0.0,0.0,80,0.8375,0.7381631061748872,0.9105383582774708,1.0,0.9464303458729032,1.0,0.8375,0.7381631061748872,0.9105383582774708,0.16249999999999998,0.0,0.0,0.875
groundingdino,250978,28705,88,bear the child is hugging,1,20,5,1,0.6148139724472128,5,5,1.0,0.47817624989501856,1.0,1.0,0.47817624989501856,1.0,1.0,0.47817624989501856,1.0,0.0,0.0,0.0,80,1.0,0.9549359649323077,1.0,1.0,0.9549359649323077,1.0,1.0,0.9549359649323077,1.0,0.0,0.0,0.0,1.0
groundingdino,250978,28705,88,bear the child is hugging,1,20,5,1,0.6148139724472128,10,10,1.0,0.6915028921812392,1.0,1.0,0.6915028921812392,1.0,1.0,0.6915028921812392,1.0,0.0,0.0,0.0,80,1.0,0.9549359649323077,1.0,1.0,0.9549359649323077,1.0,1.0,0.9549359649323077,1.0,0.0,0.0,0.0,1.0
groundingdino,250978,28705,88,bear the child is hugging,1,20,5,1,0.6148139724472128,20,20,1.0,0.8315665290169146,1.0,1.0,0.8315665290169146,1.0,1.0,0.8315665290169146,1.0,0.0,0.0,0.0,80,1.0,0.9549359649323077,1.0,1.0,0.9549359649323077,1.0,1.0,0.9549359649323077,1.0,0.0,0.0,0.0,1.0
groundingdino,250978,28705,88,bear the child is hugging,1,20,5,1,0.6148139724472128,40,40,1.0,0.9119026971211976,1.0,1.0,0.9119026971211976,1.0,1.0,0.9119026971211976,1.0,0.0,0.0,0.0,80,1.0,0.9549359649323077,1.0,1.0,0.9549359649323077,1.0,1.0,0.9549359649323077,1.0,0.0,0.0,0.0,1.0
groundingdino,534772,4136,1,top left,1,20,5,0,0.0,5,5,0.8,0.2835820638819106,0.9949492366205319,1.0,0.3976353643835254,1.0,0.8,0.2835820638819106,0.9949492366205319,0.19999999999999996,0.0,0.0,80,0.8,0.6956311329945355,0.8811409135950147,0.984375,0.9159896735656463,0.9996044874859493,0.7875,0.6817141914403442,0.8710635049024182,0.19999999999999996,0.0125,6.591949208711867e-17,0.8
groundingdino,534772,4136,1,top left,1,20,5,0,0.0,10,10,0.8,0.4439045376923585,0.9747892736731666,1.0,0.6305833524471808,1.0,0.8,0.4439045376923585,0.9747892736731666,0.19999999999999996,0.0,0.0,80,0.8,0.6956311329945355,0.8811409135950147,0.984375,0.9159896735656463,0.9996044874859493,0.7875,0.6817141914403442,0.8710635049024182,0.19999999999999996,0.0125,6.591949208711867e-17,0.8
groundingdino,534772,4136,1,top left,1,20,5,0,0.0,20,20,0.8,0.5633859970033317,0.9426660029499673,1.0,0.7940927857921773,1.0,0.8,0.5633859970033317,0.9426660029499673,0.19999999999999996,0.0,0.0,80,0.8,0.6956311329945355,0.8811409135950147,0.984375,0.9159896735656463,0.9996044874859493,0.7875,0.6817141914403442,0.8710635049024182,0.19999999999999996,0.0125,6.591949208711867e-17,0.8
groundingdino,534772,4136,1,top left,1,20,5,0,0.0,40,40,0.8,0.6435219813207653,0.9094775906000093,0.96875,0.8378290058184885,0.9992091314020475,0.775,0.6154883226965773,0.891603361015928,0.19999999999999996,0.025,2.0816681711721685e-17,80,0.8,0.6956311329945355,0.8811409135950147,0.984375,0.9159896735656463,0.9996044874859493,0.7875,0.6817141914403442,0.8710635049024182,0.19999999999999996,0.0125,6.591949208711867e-17,0.775
groundingdino,62038,44565,46,closest glass,1,20,5,1,0.9637652373351512,5,5,1.0,0.47817624989501856,1.0,1.0,0.47817624989501856,1.0,1.0,0.47817624989501856,1.0,0.0,0.0,0.0,80,1.0,0.9549359649323077,1.0,1.0,0.9549359649323077,1.0,1.0,0.9549359649323077,1.0,0.0,0.0,0.0,1.0
groundingdino,62038,44565,46,closest glass,1,20,5,1,0.9637652373351512,10,10,1.0,0.6915028921812392,1.0,1.0,0.6915028921812392,1.0,1.0,0.6915028921812392,1.0,0.0,0.0,0.0,80,1.0,0.9549359649323077,1.0,1.0,0.9549359649323077,1.0,1.0,0.9549359649323077,1.0,0.0,0.0,0.0,1.0
groundingdino,62038,44565,46,closest glass,1,20,5,1,0.9637652373351512,20,20,1.0,0.8315665290169146,1.0,1.0,0.8315665290169146,1.0,1.0,0.8315665290169146,1.0,0.0,0.0,0.0,80,1.0,0.9549359649323077,1.0,1.0,0.9549359649323077,1.0,1.0,0.9549359649323077,1.0,0.0,0.0,0.0,1.0
groundingdino,62038,44565,46,closest glass,1,20,5,1,0.9637652373351512,40,40,1.0,0.9119026971211976,1.0,1.0,0.9119026971211976,1.0,1.0,0.9119026971211976,1.0,0.0,0.0,0.0,80,1.0,0.9549359649323077,1.0,1.0,0.9549359649323077,1.0,1.0,0.9549359649323077,1.0,0.0,0.0,0.0,1.0
groundingdino,454002,11146,67,table,1,16,5,1,0.9612286505902122,5,5,0.8,0.2835820638819106,0.9949492366205319,1.0,0.3976353643835254,1.0,0.8,0.2835820638819106,0.9949492366205319,0.19999999999999996,0.0,0.0,80,0.5875,0.4718483404252045,0.6964754070624058,1.0,0.9245142663089414,1.0,0.5875,0.4718483404252045,0.6964754070624058,0.4125,0.0,0.0,0.8
groundingdino,454002,11146,67,table,1,16,5,1,0.9612286505902122,10,10,0.7,0.34754714994000274,0.9332604888222655,1.0,0.5903836027749967,1.0,0.7,0.34754714994000274,0.9332604888222655,0.30000000000000004,0.0,0.0,80,0.5875,0.4718483404252045,0.6964754070624058,1.0,0.9245142663089414,1.0,0.5875,0.4718483404252045,0.6964754070624058,0.4125,0.0,0.0,0.7
groundingdino,454002,11146,67,table,1,16,5,1,0.9612286505902122,20,20,0.65,0.4078114654671719,0.8460907952154588,1.0,0.752947361999529,1.0,0.65,0.4078114654671719,0.8460907952154588,0.35,0.0,0.0,80,0.5875,0.4718483404252045,0.6964754070624058,1.0,0.9245142663089414,1.0,0.5875,0.4718483404252045,0.6964754070624058,0.4125,0.0,0.0,0.65
groundingdino,454002,11146,67,table,1,16,5,1,0.9612286505902122,40,40,0.625,0.4580147522326109,0.772737277518174,1.0,0.8628148284692875,1.0,0.625,0.4580147522326109,0.772737277518174,0.375,0.0,0.0,80,0.5875,0.4718483404252045,0.6964754070624058,1.0,0.9245142663089414,1.0,0.5875,0.4718483404252045,0.6964754070624058,0.4125,0.0,0.0,0.625
groundingdino,183923,34338,1,khaki pants to the far left,1,20,5,0,0.38430074471833636,5,5,1.0,0.47817624989501856,1.0,1.0,0.47817624989501856,1.0,1.0,0.47817624989501856,1.0,0.0,0.0,0.0,80,1.0,0.9549359649323077,1.0,1.0,0.9549359649323077,1.0,1.0,0.9549359649323077,1.0,0.0,0.0,0.0,1.0
groundingdino,183923,34338,1,khaki pants to the far left,1,20,5,0,0.38430074471833636,10,10,1.0,0.6915028921812392,1.0,1.0,0.6915028921812392,1.0,1.0,0.6915028921812392,1.0,0.0,0.0,0.0,80,1.0,0.9549359649323077,1.0,1.0,0.9549359649323077,1.0,1.0,0.9549359649323077,1.0,0.0,0.0,0.0,1.0
groundingdino,183923,34338,1,khaki pants to the far left,1,20,5,0,0.38430074471833636,20,20,1.0,0.8315665290169146,1.0,1.0,0.8315665290169146,1.0,1.0,0.8315665290169146,1.0,0.0,0.0,0.0,80,1.0,0.9549359649323077,1.0,1.0,0.9549359649323077,1.0,1.0,0.9549359649323077,1.0,0.0,0.0,0.0,1.0
groundingdino,183923,34338,1,khaki pants to the far left,1,20,5,0,0.38430074471833636,40,40,1.0,0.9119026971211976,1.0,1.0,0.9119026971211976,1.0,1.0,0.9119026971211976,1.0,0.0,0.0,0.0,80,1.0,0.9549359649323077,1.0,1.0,0.9549359649323077,1.0,1.0,0.9549359649323077,1.0,0.0,0.0,0.0,1.0
groundingdino,175745,35052,1,girl wearing pink shorts,1,16,5,1,0.9839144119321755,5,5,1.0,0.47817624989501856,1.0,1.0,0.47817624989501856,1.0,1.0,0.47817624989501856,1.0,0.0,0.0,0.0,80,1.0,0.9549359649323077,1.0,1.0,0.9549359649323077,1.0,1.0,0.9549359649323077,1.0,0.0,0.0,0.0,1.0
groundingdino,175745,35052,1,girl wearing pink shorts,1,16,5,1,0.9839144119321755,10,10,1.0,0.6915028921812392,1.0,1.0,0.6915028921812392,1.0,1.0,0.6915028921812392,1.0,0.0,0.0,0.0,80,1.0,0.9549359649323077,1.0,1.0,0.9549359649323077,1.0,1.0,0.9549359649323077,1.0,0.0,0.0,0.0,1.0
groundingdino,175745,35052,1,girl wearing pink shorts,1,16,5,1,0.9839144119321755,20,20,1.0,0.8315665290169146,1.0,1.0,0.8315665290169146,1.0,1.0,0.8315665290169146,1.0,0.0,0.0,0.0,80,1.0,0.9549359649323077,1.0,1.0,0.9549359649323077,1.0,1.0,0.9549359649323077,1.0,0.0,0.0,0.0,1.0
groundingdino,175745,35052,1,girl wearing pink shorts,1,16,5,1,0.9839144119321755,40,40,1.0,0.9119026971211976,1.0,1.0,0.9119026971211976,1.0,1.0,0.9119026971211976,1.0,0.0,0.0,0.0,80,1.0,0.9549359649323077,1.0,1.0,0.9549359649323077,1.0,1.0,0.9549359649323077,1.0,0.0,0.0,0.0,1.0
groundingdino,177214,34908,22,small elephant left,1,20,5,0,0.0,5,5,1.0,0.47817624989501856,1.0,1.0,0.47817624989501856,1.0,1.0,0.47817624989501856,1.0,0.0,0.0,0.0,80,1.0,0.9549359649323077,1.0,1.0,0.9549359649323077,1.0,1.0,0.9549359649323077,1.0,0.0,0.0,0.0,1.0
groundingdino,177214,34908,22,small elephant left,1,20,5,0,0.0,10,10,1.0,0.6915028921812392,1.0,1.0,0.6915028921812392,1.0,1.0,0.6915028921812392,1.0,0.0,0.0,0.0,80,1.0,0.9549359649323077,1.0,1.0,0.9549359649323077,1.0,1.0,0.9549359649323077,1.0,0.0,0.0,0.0,1.0
groundingdino,177214,34908,22,small elephant left,1,20,5,0,0.0,20,20,1.0,0.8315665290169146,1.0,1.0,0.8315665290169146,1.0,1.0,0.8315665290169146,1.0,0.0,0.0,0.0,80,1.0,0.9549359649323077,1.0,1.0,0.9549359649323077,1.0,1.0,0.9549359649323077,1.0,0.0,0.0,0.0,1.0
groundingdino,177214,34908,22,small elephant left,1,20,5,0,0.0,40,40,1.0,0.9119026971211976,1.0,1.0,0.9119026971211976,1.0,1.0,0.9119026971211976,1.0,0.0,0.0,0.0,80,1.0,0.9549359649323077,1.0,1.0,0.9549359649323077,1.0,1.0,0.9549359649323077,1.0,0.0,0.0,0.0,1.0
groundingdino,1958,49846,63,chair in blue bottom right corner,1,20,5,1,0.9270210327665916,5,5,0.8,0.2835820638819106,0.9949492366205319,1.0,0.3976353643835254,1.0,0.8,0.2835820638819106,0.9949492366205319,0.19999999999999996,0.0,0.0,80,0.9125,0.8279916615801152,0.9640936410104413,1.0,0.9507229391041407,1.0,0.9125,0.8279916615801152,0.9640936410104413,0.08750000000000002,0.0,0.0,0.8
groundingdino,1958,49846,63,chair in blue bottom right corner,1,20,5,1,0.9270210327665916,10,10,0.7,0.34754714994000274,0.9332604888222655,1.0,0.5903836027749967,1.0,0.7,0.34754714994000274,0.9332604888222655,0.30000000000000004,0.0,0.0,80,0.9125,0.8279916615801152,0.9640936410104413,1.0,0.9507229391041407,1.0,0.9125,0.8279916615801152,0.9640936410104413,0.08750000000000002,0.0,0.0,0.7
groundingdino,1958,49846,63,chair in blue bottom right corner,1,20,5,1,0.9270210327665916,20,20,0.8,0.5633859970033317,0.9426660029499673,1.0,0.7940927857921773,1.0,0.8,0.5633859970033317,0.9426660029499673,0.19999999999999996,0.0,0.0,80,0.9125,0.8279916615801152,0.9640936410104413,1.0,0.9507229391041407,1.0,0.9125,0.8279916615801152,0.9640936410104413,0.08750000000000002,0.0,0.0,0.8
groundingdino,1958,49846,63,chair in blue bottom right corner,1,20,5,1,0.9270210327665916,40,40,0.825,0.6722098666384142,0.9266172706479148,1.0,0.8942371899254207,1.0,0.825,0.6722098666384142,0.9266172706479148,0.17500000000000004,0.0,0.0,80,0.9125,0.8279916615801152,0.9640936410104413,1.0,0.9507229391041407,1.0,0.9125,0.8279916615801152,0.9640936410104413,0.08750000000000002,0.0,0.0,0.825
groundingdino,73610,43595,1,actual man,1,5,5,1,0.9753239464711919,5,5,0.8,0.2835820638819106,0.9949492366205319,1.0,0.3976353643835254,1.0,0.8,0.2835820638819106,0.9949492366205319,0.19999999999999996,0.0,0.0,80,0.5,0.38604788336490925,0.6139521166350907,1.0,0.9119026971211976,1.0,0.5,0.38604788336490925,0.6139521166350907,0.5,0.0,0.0,0.8
groundingdino,73610,43595,1,actual man,1,5,5,1,0.9753239464711919,10,10,0.6,0.2623780766069451,0.8784477418801728,1.0,0.5407418735600996,1.0,0.6,0.2623780766069451,0.8784477418801728,0.4,0.0,0.0,80,0.5,0.38604788336490925,0.6139521166350907,1.0,0.9119026971211976,1.0,0.5,0.38604788336490925,0.6139521166350907,0.5,0.0,0.0,0.6
groundingdino,73610,43595,1,actual man,1,5,5,1,0.9753239464711919,20,20,0.5,0.27195784956079183,0.7280421504392082,1.0,0.6915028921812392,1.0,0.5,0.27195784956079183,0.7280421504392082,0.5,0.0,0.0,80,0.5,0.38604788336490925,0.6139521166350907,1.0,0.9119026971211976,1.0,0.5,0.38604788336490925,0.6139521166350907,0.5,0.0,0.0,0.5
groundingdino,73610,43595,1,actual man,1,5,5,1,0.9753239464711919,40,40,0.45,0.29258835003987993,0.6150932054659867,1.0,0.8146980318621478,1.0,0.45,0.29258835003987993,0.6150932054659867,0.55,0.0,0.0,80,0.5,0.38604788336490925,0.6139521166350907,1.0,0.9119026971211976,1.0,0.5,0.38604788336490925,0.6139521166350907,0.5,0.0,0.0,0.45
groundingdino,511036,6193,51,blue dish with bread or whatever in it bottom right,1,20,5,1,0.9363884876305345,5,5,1.0,0.47817624989501856,1.0,1.0,0.47817624989501856,1.0,1.0,0.47817624989501856,1.0,0.0,0.0,0.0,80,1.0,0.9549359649323077,1.0,1.0,0.9549359649323077,1.0,1.0,0.9549359649323077,1.0,0.0,0.0,0.0,1.0
groundingdino,511036,6193,51,blue dish with bread or whatever in it bottom right,1,20,5,1,0.9363884876305345,10,10,1.0,0.6915028921812392,1.0,1.0,0.6915028921812392,1.0,1.0,0.6915028921812392,1.0,0.0,0.0,0.0,80,1.0,0.9549359649323077,1.0,1.0,0.9549359649323077,1.0,1.0,0.9549359649323077,1.0,0.0,0.0,0.0,1.0
groundingdino,511036,6193,51,blue dish with bread or whatever in it bottom right,1,20,5,1,0.9363884876305345,20,20,1.0,0.8315665290169146,1.0,0.95,0.7512672372279723,0.9987349105020502,0.95,0.7512672372279723,0.9987349105020502,0.0,0.050000000000000044,0.0,80,1.0,0.9549359649323077,1.0,1.0,0.9549359649323077,1.0,1.0,0.9549359649323077,1.0,0.0,0.0,0.0,0.95
groundingdino,511036,6193,51,blue dish with bread or whatever in it bottom right,1,20,5,1,0.9363884876305345,40,40,1.0,0.9119026971211976,1.0,0.975,0.8684141415172343,0.9993672550679505,0.975,0.8684141415172343,0.9993672550679505,0.0,0.025000000000000022,0.0,80,1.0,0.9549359649323077,1.0,1.0,0.9549359649323077,1.0,1.0,0.9549359649323077,1.0,0.0,0.0,0.0,0.975
groundingdino,264741,27481,63,bottom right corner couch cushion,1,20,5,0,0.0,5,5,1.0,0.47817624989501856,1.0,1.0,0.47817624989501856,1.0,1.0,0.47817624989501856,1.0,0.0,0.0,0.0,80,0.9625,0.8942980149834914,0.9921988127342833,1.0,0.9532219318395959,1.0,0.9625,0.8942980149834914,0.9921988127342833,0.03749999999999998,0.0,0.0,1.0
groundingdino,264741,27481,63,bottom right corner couch cushion,1,20,5,0,0.0,10,10,0.9,0.5549838829718046,0.9974714214555382,1.0,0.6637328831200572,1.0,0.9,0.5549838829718046,0.9974714214555382,0.09999999999999998,0.0,0.0,80,0.9625,0.8942980149834914,0.9921988127342833,1.0,0.9532219318395959,1.0,0.9625,0.8942980149834914,0.9921988127342833,0.03749999999999998,0.0,0.0,0.9
groundingdino,264741,27481,63,bottom right corner couch cushion,1,20,5,0,0.0,20,20,0.85,0.6210731734546859,0.9679290628145363,1.0,0.8049356770309068,1.0,0.85,0.6210731734546859,0.9679290628145363,0.15000000000000002,0.0,0.0,80,0.9625,0.8942980149834914,0.9921988127342833,1.0,0.9532219318395959,1.0,0.9625,0.8942980149834914,0.9921988127342833,0.03749999999999998,0.0,0.0,0.85
groundingdino,264741,27481,63,bottom right corner couch cushion,1,20,5,0,0.0,40,40,0.875,0.7319670826382796,0.9581403738613833,1.0,0.8999675644278949,1.0,0.875,0.7319670826382796,0.9581403738613833,0.125,0.0,0.0,80,0.9625,0.8942980149834914,0.9921988127342833,1.0,0.9532219318395959,1.0,0.9625,0.8942980149834914,0.9921988127342833,0.03749999999999998,0.0,0.0,0.875
groundingdino,247126,29015,1,blue shirt,1,10,5,0,0.3070111608740344,5,5,0.8,0.2835820638819106,0.9949492366205319,1.0,0.3976353643835254,1.0,0.8,0.2835820638819106,0.9949492366205319,0.19999999999999996,0.0,0.0,80,0.8625,0.7672791291752744,0.9293121672961213,1.0,0.9479419421369203,1.0,0.8625,0.7672791291752744,0.9293121672961213,0.13749999999999996,0.0,0.0,0.8
groundingdino,247126,29015,1,blue shirt,1,10,5,0,0.3070111608740344,10,10,0.8,0.4439045376923585,0.9747892736731666,1.0,0.6305833524471808,1.0,0.8,0.4439045376923585,0.9747892736731666,0.19999999999999996,0.0,0.0,80,0.8625,0.7672791291752744,0.9293121672961213,1.0,0.9479419421369203,1.0,0.8625,0.7672791291752744,0.9293121672961213,0.13749999999999996,0.0,0.0,0.8
groundingdino,247126,29015,1,blue shirt,1,10,5,0,0.3070111608740344,20,20,0.8,0.5633859970033317,0.9426660029499673,1.0,0.7940927857921773,1.0,0.8,0.5633859970033317,0.9426660029499673,0.19999999999999996,0.0,0.0,80,0.8625,0.7672791291752744,0.9293121672961213,1.0,0.9479419421369203,1.0,0.8625,0.7672791291752744,0.9293121672961213,0.13749999999999996,0.0,0.0,0.8
groundingdino,247126,29015,1,blue shirt,1,10,5,0,0.3070111608740344,40,40,0.825,0.6722098666384142,0.9266172706479148,1.0,0.8942371899254207,1.0,0.825,0.6722098666384142,0.9266172706479148,0.17500000000000004,0.0,0.0,80,0.8625,0.7672791291752744,0.9293121672961213,1.0,0.9479419421369203,1.0,0.8625,0.7672791291752744,0.9293121672961213,0.13749999999999996,0.0,0.0,0.825
groundingdino,554699,2394,51,hot dogs far left,1,20,5,0,0.0,5,5,1.0,0.47817624989501856,1.0,1.0,0.47817624989501856,1.0,1.0,0.47817624989501856,1.0,0.0,0.0,0.0,80,1.0,0.9549359649323077,1.0,1.0,0.9549359649323077,1.0,1.0,0.9549359649323077,1.0,0.0,0.0,0.0,1.0
groundingdino,554699,2394,51,hot dogs far left,1,20,5,0,0.0,10,10,1.0,0.6915028921812392,1.0,1.0,0.6915028921812392,1.0,1.0,0.6915028921812392,1.0,0.0,0.0,0.0,80,1.0,0.9549359649323077,1.0,1.0,0.9549359649323077,1.0,1.0,0.9549359649323077,1.0,0.0,0.0,0.0,1.0
groundingdino,554699,2394,51,hot dogs far left,1,20,5,0,0.0,20,20,1.0,0.8315665290169146,1.0,1.0,0.8315665290169146,1.0,1.0,0.8315665290169146,1.0,0.0,0.0,0.0,80,1.0,0.9549359649323077,1.0,1.0,0.9549359649323077,1.0,1.0,0.9549359649323077,1.0,0.0,0.0,0.0,1.0
groundingdino,554699,2394,51,hot dogs far left,1,20,5,0,0.0,40,40,1.0,0.9119026971211976,1.0,1.0,0.9119026971211976,1.0,1.0,0.9119026971211976,1.0,0.0,0.0,0.0,80,1.0,0.9549359649323077,1.0,1.0,0.9549359649323077,1.0,1.0,0.9549359649323077,1.0,0.0,0.0,0.0,1.0
groundingdino,194056,33509,1,yellow coat,1,2,2,1,0.504363845287894,5,5,1.0,0.47817624989501856,1.0,1.0,0.47817624989501856,1.0,1.0,0.47817624989501856,1.0,0.0,0.0,0.0,80,1.0,0.9549359649323077,1.0,1.0,0.9549359649323077,1.0,1.0,0.9549359649323077,1.0,0.0,0.0,0.0,1.0
groundingdino,194056,33509,1,yellow coat,1,2,2,1,0.504363845287894,10,10,1.0,0.6915028921812392,1.0,1.0,0.6915028921812392,1.0,1.0,0.6915028921812392,1.0,0.0,0.0,0.0,80,1.0,0.9549359649323077,1.0,1.0,0.9549359649323077,1.0,1.0,0.9549359649323077,1.0,0.0,0.0,0.0,1.0
groundingdino,194056,33509,1,yellow coat,1,2,2,1,0.504363845287894,20,20,1.0,0.8315665290169146,1.0,1.0,0.8315665290169146,1.0,1.0,0.8315665290169146,1.0,0.0,0.0,0.0,80,1.0,0.9549359649323077,1.0,1.0,0.9549359649323077,1.0,1.0,0.9549359649323077,1.0,0.0,0.0,0.0,1.0
groundingdino,194056,33509,1,yellow coat,1,2,2,1,0.504363845287894,40,40,1.0,0.9119026971211976,1.0,1.0,0.9119026971211976,1.0,1.0,0.9119026971211976,1.0,0.0,0.0,0.0,80,1.0,0.9549359649323077,1.0,1.0,0.9549359649323077,1.0,1.0,0.9549359649323077,1.0,0.0,0.0,0.0,1.0
groundingdino,193168,33579,59,right slice,1,18,5,0,0.29450968592184484,5,5,1.0,0.47817624989501856,1.0,1.0,0.47817624989501856,1.0,1.0,0.47817624989501856,1.0,0.0,0.0,0.0,80,0.8375,0.7381631061748872,0.9105383582774708,1.0,0.9464303458729032,1.0,0.8375,0.7381631061748872,0.9105383582774708,0.16249999999999998,0.0,0.0,1.0
groundingdino,193168,33579,59,right slice,1,18,5,0,0.29450968592184484,10,10,0.9,0.5549838829718046,0.9974714214555382,1.0,0.6637328831200572,1.0,0.9,0.5549838829718046,0.9974714214555382,0.09999999999999998,0.0,0.0,80,0.8375,0.7381631061748872,0.9105383582774708,1.0,0.9464303458729032,1.0,0.8375,0.7381631061748872,0.9105383582774708,0.16249999999999998,0.0,0.0,0.9
groundingdino,193168,33579,59,right slice,1,18,5,0,0.29450968592184484,20,20,0.9,0.6830172859809176,0.9876514728297052,1.0,0.8146980318621478,1.0,0.9,0.6830172859809176,0.9876514728297052,0.09999999999999998,0.0,0.0,80,0.8375,0.7381631061748872,0.9105383582774708,1.0,0.9464303458729032,1.0,0.8375,0.7381631061748872,0.9105383582774708,0.16249999999999998,0.0,0.0,0.9
groundingdino,193168,33579,59,right slice,1,18,5,0,0.29450968592184484,40,40,0.9,0.7633626001239001,0.9720745847057807,1.0,0.902606244085508,1.0,0.9,0.7633626001239001,0.9720745847057807,0.09999999999999998,0.0,0.0,80,0.8375,0.7381631061748872,0.9105383582774708,1.0,0.9464303458729032,1.0,0.8375,0.7381631061748872,0.9105383582774708,0.16249999999999998,0.0,0.0,0.9
groundingdino,6051,49530,62,the white chair right above the dog,1,20,5,0,0.1803774936351297,5,5,1.0,0.47817624989501856,1.0,1.0,0.47817624989501856,1.0,1.0,0.47817624989501856,1.0,0.0,0.0,0.0,80,1.0,0.9549359649323077,1.0,0.925,0.8438720682639279,0.9719794538231588,0.925,0.8438720682639279,0.9719794538231588,0.0,0.07499999999999996,0.0,1.0
groundingdino,6051,49530,62,the white chair right above the dog,1,20,5,0,0.1803774936351297,10,10,1.0,0.6915028921812392,1.0,1.0,0.6915028921812392,1.0,1.0,0.6915028921812392,1.0,0.0,0.0,0.0,80,1.0,0.9549359649323077,1.0,0.925,0.8438720682639279,0.9719794538231588,0.925,0.8438720682639279,0.9719794538231588,0.0,0.07499999999999996,0.0,1.0
groundingdino,6051,49530,62,the white chair right above the dog,1,20,5,0,0.1803774936351297,20,20,1.0,0.8315665290169146,1.0,1.0,0.8315665290169146,1.0,1.0,0.8315665290169146,1.0,0.0,0.0,0.0,80,1.0,0.9549359649323077,1.0,0.925,0.8438720682639279,0.9719794538231588,0.925,0.8438720682639279,0.9719794538231588,0.0,0.07499999999999996,0.0,1.0
groundingdino,6051,49530,62,the white chair right above the dog,1,20,5,0,0.1803774936351297,40,40,1.0,0.9119026971211976,1.0,1.0,0.9119026971211976,1.0,1.0,0.9119026971211976,1.0,0.0,0.0,0.0,80,1.0,0.9549359649323077,1.0,0.925,0.8438720682639279,0.9719794538231588,0.925,0.8438720682639279,0.9719794538231588,0.0,0.07499999999999996,0.0,1.0
groundingdino,469825,9745,1,person in shorts,1,20,5,0,0.21861737263315076,5,5,0.8,0.2835820638819106,0.9949492366205319,1.0,0.3976353643835254,1.0,0.8,0.2835820638819106,0.9949492366205319,0.19999999999999996,0.0,0.0,80,0.95,0.876901263556847,0.9862106060235382,1.0,0.9526212461330692,1.0,0.95,0.876901263556847,0.9862106060235382,0.050000000000000044,0.0,0.0,0.8
groundingdino,469825,9745,1,person in shorts,1,20,5,0,0.21861737263315076,10,10,0.8,0.4439045376923585,0.9747892736731666,1.0,0.6305833524471808,1.0,0.8,0.4439045376923585,0.9747892736731666,0.19999999999999996,0.0,0.0,80,0.95,0.876901263556847,0.9862106060235382,1.0,0.9526212461330692,1.0,0.95,0.876901263556847,0.9862106060235382,0.050000000000000044,0.0,0.0,0.8
groundingdino,469825,9745,1,person in shorts,1,20,5,0,0.21861737263315076,20,20,0.9,0.6830172859809176,0.9876514728297052,1.0,0.8146980318621478,1.0,0.9,0.6830172859809176,0.9876514728297052,0.09999999999999998,0.0,0.0,80,0.95,0.876901263556847,0.9862106060235382,1.0,0.9526212461330692,1.0,0.95,0.876901263556847,0.9862106060235382,0.050000000000000044,0.0,0.0,0.9
groundingdino,469825,9745,1,person in shorts,1,20,5,0,0.21861737263315076,40,40,0.925,0.796135251267101,0.9842578201489585,1.0,0.9051094125850101,1.0,0.925,0.796135251267101,0.9842578201489585,0.07499999999999996,0.0,0.0,80,0.95,0.876901263556847,0.9862106060235382,1.0,0.9526212461330692,1.0,0.95,0.876901263556847,0.9862106060235382,0.050000000000000044,0.0,0.0,0.925
groundingdino,130869,38678,1,boy on right,1,20,5,1,0.951931665891134,5,5,1.0,0.47817624989501856,1.0,0.8,0.2835820638819106,0.9949492366205319,0.8,0.2835820638819106,0.9949492366205319,0.0,0.19999999999999996,0.0,80,1.0,0.9549359649323077,1.0,0.9625,0.8942980149834914,0.9921988127342833,0.9625,0.8942980149834914,0.9921988127342833,0.0,0.03749999999999998,0.0,0.8
groundingdino,130869,38678,1,boy on right,1,20,5,1,0.951931665891134,10,10,1.0,0.6915028921812392,1.0,0.8,0.4439045376923585,0.9747892736731666,0.8,0.4439045376923585,0.9747892736731666,0.0,0.19999999999999996,0.0,80,1.0,0.9549359649323077,1.0,0.9625,0.8942980149834914,0.9921988127342833,0.9625,0.8942980149834914,0.9921988127342833,0.0,0.03749999999999998,0.0,0.8
groundingdino,130869,38678,1,boy on right,1,20,5,1,0.951931665891134,20,20,1.0,0.8315665290169146,1.0,0.9,0.6830172859809176,0.9876514728297052,0.9,0.6830172859809176,0.9876514728297052,0.0,0.09999999999999998,0.0,80,1.0,0.9549359649323077,1.0,0.9625,0.8942980149834914,0.9921988127342833,0.9625,0.8942980149834914,0.9921988127342833,0.0,0.03749999999999998,0.0,0.9
groundingdino,130869,38678,1,boy on right,1,20,5,1,0.951931665891134,40,40,1.0,0.9119026971211976,1.0,0.925,0.796135251267101,0.9842578201489585,0.925,0.796135251267101,0.9842578201489585,0.0,0.07499999999999996,0.0,80,1.0,0.9549359649323077,1.0,0.9625,0.8942980149834914,0.9921988127342833,0.9625,0.8942980149834914,0.9921988127342833,0.0,0.03749999999999998,0.0,0.925
groundingdino,8436,49328,1,person third from the right,1,20,5,0,0.1868962192442244,5,5,1.0,0.47817624989501856,1.0,0.6,0.14663279963467318,0.9472550494736831,0.6,0.14663279963467318,0.9472550494736831,0.0,0.4,0.0,80,1.0,0.9549359649323077,1.0,0.6,0.48437694049548946,0.7079906437446896,0.6,0.48437694049548946,0.7079906437446896,0.0,0.4,0.0,0.6
groundingdino,8436,49328,1,person third from the right,1,20,5,0,0.1868962192442244,10,10,1.0,0.6915028921812392,1.0,0.6,0.2623780766069451,0.8784477418801728,0.6,0.2623780766069451,0.8784477418801728,0.0,0.4,0.0,80,1.0,0.9549359649323077,1.0,0.6,0.48437694049548946,0.7079906437446896,0.6,0.48437694049548946,0.7079906437446896,0.0,0.4,0.0,0.6
groundingdino,8436,49328,1,person third from the right,1,20,5,0,0.1868962192442244,20,20,1.0,0.8315665290169146,1.0,0.6,0.3605425873074897,0.8088099392746928,0.6,0.3605425873074897,0.8088099392746928,0.0,0.4,0.0,80,1.0,0.9549359649323077,1.0,0.6,0.48437694049548946,0.7079906437446896,0.6,0.48437694049548946,0.7079906437446896,0.0,0.4,0.0,0.6
groundingdino,8436,49328,1,person third from the right,1,20,5,0,0.1868962192442244,40,40,1.0,0.9119026971211976,1.0,0.6,0.4332670521932967,0.7513500134122563,0.6,0.4332670521932967,0.7513500134122563,0.0,0.4,0.0,80,1.0,0.9549359649323077,1.0,0.6,0.48437694049548946,0.7079906437446896,0.6,0.48437694049548946,0.7079906437446896,0.0,0.4,0.0,0.6
groundingdino,194550,33474,1,right guy,1,20,5,0,0.01634329897592537,5,5,1.0,0.47817624989501856,1.0,0.2,0.005050763379468061,0.7164179361180893,0.2,0.005050763379468061,0.7164179361180893,0.0,0.8,0.0,80,1.0,0.9549359649323077,1.0,0.525,0.4102278413767706,0.6378664183228473,0.525,0.4102278413767706,0.6378664183228473,0.0,0.475,0.0,0.2
groundingdino,194550,33474,1,right guy,1,20,5,0,0.01634329897592537,10,10,1.0,0.6915028921812392,1.0,0.3,0.0667395111777345,0.6524528500599973,0.3,0.0667395111777345,0.6524528500599973,0.0,0.7,0.0,80,1.0,0.9549359649323077,1.0,0.525,0.4102278413767706,0.6378664183228473,0.525,0.4102278413767706,0.6378664183228473,0.0,0.475,0.0,0.3
groundingdino,194550,33474,1,right guy,1,20,5,0,0.01634329897592537,20,20,1.0,0.8315665290169146,1.0,0.4,0.1911900607253072,0.6394574126925103,0.4,0.1911900607253072,0.6394574126925103,0.0,0.6,0.0,80,1.0,0.9549359649323077,1.0,0.525,0.4102278413767706,0.6378664183228473,0.525,0.4102278413767706,0.6378664183228473,0.0,0.475,0.0,0.4
groundingdino,194550,33474,1,right guy,1,20,5,0,0.01634329897592537,40,40,1.0,0.9119026971211976,1.0,0.475,0.31511970663498623,0.6387198647359378,0.475,0.31511970663498623,0.6387198647359378,0.0,0.525,0.0,80,1.0,0.9549359649323077,1.0,0.525,0.4102278413767706,0.6378664183228473,0.525,0.4102278413767706,0.6378664183228473,0.0,0.475,0.0,0.475
groundingdino,253049,28511,60,left most donut,1,20,5,0,0.0,5,5,0.8,0.2835820638819106,0.9949492366205319,0.75,0.19412044968324346,0.9936905367902902,0.6,0.14663279963467318,0.9472550494736831,0.19999999999999996,0.2,5.551115123125783e-17,80,0.875,0.7821108659305637,0.9383979034415657,0.6857142857142857,0.5636670295228919,0.7914702095687195,0.6,0.48437694049548946,0.7079906437446896,0.125,0.275,0.0,0.6
groundingdino,253049,28511,60,left most donut,1,20,5,0,0.0,10,10,0.9,0.5549838829718046,0.9974714214555382,0.6666666666666666,0.2992950562085404,0.9251453685803082,0.6,0.2623780766069451,0.8784477418801728,0.09999999999999998,0.30000000000000004,0.0,80,0.875,0.7821108659305637,0.9383979034415657,0.6857142857142857,0.5636670295228919,0.7914702095687195,0.6,0.48437694049548946,0.7079906437446896,0.125,0.275,0.0,0.6
groundingdino,253049,28511,60,left most donut,1,20,5,0,0.0,20,20,0.9,0.6830172859809176,0.9876514728297052,0.6666666666666666,0.4099252381720745,0.8665725974938765,0.6,0.3605425873074897,0.8088099392746928,0.09999999999999998,0.30000000000000004,0.0,80,0.875,0.7821108659305637,0.9383979034415657,0.6857142857142857,0.5636670295228919,0.7914702095687195,0.6,0.48437694049548946,0.7079906437446896,0.125,0.275,0.0,0.6
groundingdino,253049,28511,60,left most donut,1,20,5,0,0.0,40,40,0.875,0.7319670826382796,0.9581403738613833,0.6857142857142857,0.5071199996848252,0.8314828492529975,0.6,0.4332670521932967,0.7513500134122563,0.125,0.275,0.0,80,0.875,0.7821108659305637,0.9383979034415657,0.6857142857142857,0.5636670295228919,0.7914702095687195,0.6,0.48437694049548946,0.7079906437446896,0.125,0.275,0.0,0.6
groundingdino,278931,26336,1,person in a checked shirt,1,20,5,0,0.08931814999537246,5,5,1.0,0.47817624989501856,1.0,1.0,0.47817624989501856,1.0,1.0,0.47817624989501856,1.0,0.0,0.0,0.0,80,1.0,0.9549359649323077,1.0,1.0,0.9549359649323077,1.0,1.0,0.9549359649323077,1.0,0.0,0.0,0.0,1.0
groundingdino,278931,26336,1,person in a checked shirt,1,20,5,0,0.08931814999537246,10,10,1.0,0.6915028921812392,1.0,1.0,0.6915028921812392,1.0,1.0,0.6915028921812392,1.0,0.0,0.0,0.0,80,1.0,0.9549359649323077,1.0,1.0,0.9549359649323077,1.0,1.0,0.9549359649323077,1.0,0.0,0.0,0.0,1.0
groundingdino,278931,26336,1,person in a checked shirt,1,20,5,0,0.08931814999537246,20,20,1.0,0.8315665290169146,1.0,1.0,0.8315665290169146,1.0,1.0,0.8315665290169146,1.0,0.0,0.0,0.0,80,1.0,0.9549359649323077,1.0,1.0,0.9549359649323077,1.0,1.0,0.9549359649323077,1.0,0.0,0.0,0.0,1.0
groundingdino,278931,26336,1,person in a checked shirt,1,20,5,0,0.08931814999537246,40,40,1.0,0.9119026971211976,1.0,1.0,0.9119026971211976,1.0,1.0,0.9119026971211976,1.0,0.0,0.0,0.0,80,1.0,0.9549359649323077,1.0,1.0,0.9549359649323077,1.0,1.0,0.9549359649323077,1.0,0.0,0.0,0.0,1.0
groundingdino,20513,48271,46,top center glass,1,20,5,1,0.932078369438795,5,5,1.0,0.47817624989501856,1.0,1.0,0.47817624989501856,1.0,1.0,0.47817624989501856,1.0,0.0,0.0,0.0,80,1.0,0.9549359649323077,1.0,1.0,0.9549359649323077,1.0,1.0,0.9549359649323077,1.0,0.0,0.0,0.0,1.0
groundingdino,20513,48271,46,top center glass,1,20,5,1,0.932078369438795,10,10,1.0,0.6915028921812392,1.0,1.0,0.6915028921812392,1.0,1.0,0.6915028921812392,1.0,0.0,0.0,0.0,80,1.0,0.9549359649323077,1.0,1.0,0.9549359649323077,1.0,1.0,0.9549359649323077,1.0,0.0,0.0,0.0,1.0
groundingdino,20513,48271,46,top center glass,1,20,5,1,0.932078369438795,20,20,1.0,0.8315665290169146,1.0,1.0,0.8315665290169146,1.0,1.0,0.8315665290169146,1.0,0.0,0.0,0.0,80,1.0,0.9549359649323077,1.0,1.0,0.9549359649323077,1.0,1.0,0.9549359649323077,1.0,0.0,0.0,0.0,1.0
groundingdino,20513,48271,46,top center glass,1,20,5,1,0.932078369438795,40,40,0.975,0.8684141415172343,0.9993672550679505,1.0,0.9097488990396657,1.0,0.975,0.8684141415172343,0.9993672550679505,0.025000000000000022,0.0,0.0,80,1.0,0.9549359649323077,1.0,1.0,0.9549359649323077,1.0,1.0,0.9549359649323077,1.0,0.0,0.0,0.0,0.975
groundingdino,402041,15613,22,left elephant,1,17,5,0,0.0,5,5,1.0,0.47817624989501856,1.0,1.0,0.47817624989501856,1.0,1.0,0.47817624989501856,1.0,0.0,0.0,0.0,80,1.0,0.9549359649323077,1.0,0.8625,0.7672791291752744,0.9293121672961213,0.8625,0.7672791291752744,0.9293121672961213,0.0,0.13749999999999996,0.0,1.0
groundingdino,402041,15613,22,left elephant,1,17,5,0,0.0,10,10,1.0,0.6915028921812392,1.0,0.9,0.5549838829718046,0.9974714214555382,0.9,0.5549838829718046,0.9974714214555382,0.0,0.09999999999999998,0.0,80,1.0,0.9549359649323077,1.0,0.8625,0.7672791291752744,0.9293121672961213,0.8625,0.7672791291752744,0.9293121672961213,0.0,0.13749999999999996,0.0,0.9
groundingdino,402041,15613,22,left elephant,1,17,5,0,0.0,20,20,1.0,0.8315665290169146,1.0,0.9,0.6830172859809176,0.9876514728297052,0.9,0.6830172859809176,0.9876514728297052,0.0,0.09999999999999998,0.0,80,1.0,0.9549359649323077,1.0,0.8625,0.7672791291752744,0.9293121672961213,0.8625,0.7672791291752744,0.9293121672961213,0.0,0.13749999999999996,0.0,0.9
groundingdino,402041,15613,22,left elephant,1,17,5,0,0.0,40,40,1.0,0.9119026971211976,1.0,0.9,0.7633626001239001,0.9720745847057807,0.9,0.7633626001239001,0.9720745847057807,0.0,0.09999999999999998,0.0,80,1.0,0.9549359649323077,1.0,0.8625,0.7672791291752744,0.9293121672961213,0.8625,0.7672791291752744,0.9293121672961213,0.0,0.13749999999999996,0.0,0.9
groundingdino,66637,44150,1,person with green shirt on right,1,20,5,1,0.9108752544585339,5,5,1.0,0.47817624989501856,1.0,1.0,0.47817624989501856,1.0,1.0,0.47817624989501856,1.0,0.0,0.0,0.0,80,1.0,0.9549359649323077,1.0,1.0,0.9549359649323077,1.0,1.0,0.9549359649323077,1.0,0.0,0.0,0.0,1.0
groundingdino,66637,44150,1,person with green shirt on right,1,20,5,1,0.9108752544585339,10,10,1.0,0.6915028921812392,1.0,1.0,0.6915028921812392,1.0,1.0,0.6915028921812392,1.0,0.0,0.0,0.0,80,1.0,0.9549359649323077,1.0,1.0,0.9549359649323077,1.0,1.0,0.9549359649323077,1.0,0.0,0.0,0.0,1.0
groundingdino,66637,44150,1,person with green shirt on right,1,20,5,1,0.9108752544585339,20,20,1.0,0.8315665290169146,1.0,1.0,0.8315665290169146,1.0,1.0,0.8315665290169146,1.0,0.0,0.0,0.0,80,1.0,0.9549359649323077,1.0,1.0,0.9549359649323077,1.0,1.0,0.9549359649323077,1.0,0.0,0.0,0.0,1.0
groundingdino,66637,44150,1,person with green shirt on right,1,20,5,1,0.9108752544585339,40,40,1.0,0.9119026971211976,1.0,1.0,0.9119026971211976,1.0,1.0,0.9119026971211976,1.0,0.0,0.0,0.0,80,1.0,0.9549359649323077,1.0,1.0,0.9549359649323077,1.0,1.0,0.9549359649323077,1.0,0.0,0.0,0.0,1.0
groundingdino,438045,12543,1,standing white shirt headless person,1,14,5,0,0.4071737465138083,5,5,1.0,0.47817624989501856,1.0,0.2,0.005050763379468061,0.7164179361180893,0.2,0.005050763379468061,0.7164179361180893,0.0,0.8,0.0,80,1.0,0.9549359649323077,1.0,0.2375,0.14945375185664092,0.34577697114026784,0.2375,0.14945375185664092,0.34577697114026784,0.0,0.7625,0.0,0.2
groundingdino,438045,12543,1,standing white shirt headless person,1,14,5,0,0.4071737465138083,10,10,1.0,0.6915028921812392,1.0,0.1,0.0025285785444617865,0.4450161170281954,0.1,0.0025285785444617865,0.4450161170281954,0.0,0.9,0.0,80,1.0,0.9549359649323077,1.0,0.2375,0.14945375185664092,0.34577697114026784,0.2375,0.14945375185664092,0.34577697114026784,0.0,0.7625,0.0,0.1
groundingdino,438045,12543,1,standing white shirt headless person,1,14,5,0,0.4071737465138083,20,20,0.95,0.7512672372279723,0.9987349105020502,0.21052631578947367,0.06052453770928977,0.45565308189150555,0.2,0.057333997050032774,0.43661400299666825,0.050000000000000044,0.75,0.0,80,1.0,0.9549359649323077,1.0,0.2375,0.14945375185664092,0.34577697114026784,0.2375,0.14945375185664092,0.34577697114026784,0.0,0.7625,0.0,0.2
groundingdino,438045,12543,1,standing white shirt headless person,1,14,5,0,0.4071737465138083,40,40,0.975,0.8684141415172343,0.9993672550679505,0.23076923076923078,0.11133694110414682,0.3932615406784675,0.225,0.10839663898407204,0.3845116773034227,0.025000000000000022,0.7499999999999999,1.1102230246251565e-16,80,1.0,0.9549359649323077,1.0,0.2375,0.14945375185664092,0.34577697114026784,0.2375,0.14945375185664092,0.34577697114026784,0.0,0.7625,0.0,0.225
groundingdino,409653,14975,5,left plane,1,20,5,1,0.907838298249681,5,5,0.8,0.2835820638819106,0.9949492366205319,0.75,0.19412044968324346,0.9936905367902902,0.6,0.14663279963467318,0.9472550494736831,0.19999999999999996,0.2,5.551115123125783e-17,80,0.675,0.5610629543955516,0.7755404148225468,0.6481481481481481,0.5062378617592178,0.7731881159015285,0.4375,0.32676395343377895,0.5530024286118197,0.32499999999999996,0.23750000000000002,2.7755575615628914e-17,0.6
groundingdino,409653,14975,5,left plane,1,20,5,1,0.907838298249681,10,10,0.7,0.34754714994000274,0.9332604888222655,0.5714285714285714,0.18405156764008304,0.9010117215574921,0.4,0.1215522581198272,0.7376219233930549,0.30000000000000004,0.3,5.551115123125783e-17,80,0.675,0.5610629543955516,0.7755404148225468,0.6481481481481481,0.5062378617592178,0.7731881159015285,0.4375,0.32676395343377895,0.5530024286118197,0.32499999999999996,0.23750000000000002,2.7755575615628914e-17,0.4
groundingdino,409653,14975,5,left plane,1,20,5,1,0.907838298249681,20,20,0.7,0.4572108177237109,0.8810684095942722,0.5,0.23036054144806237,0.7696394585519376,0.35,0.15390920478454118,0.5921885345328282,0.30000000000000004,0.35,0.0,80,0.675,0.5610629543955516,0.7755404148225468,0.6481481481481481,0.5062378617592178,0.7731881159015285,0.4375,0.32676395343377895,0.5530024286118197,0.32499999999999996,0.23750000000000002,2.7755575615628914e-17,0.35
groundingdino,409653,14975,5,left plane,1,20,5,1,0.907838298249681,40,40,0.725,0.5611170928209519,0.8539910080361344,0.5862068965517241,0.38936279139690627,0.7647597902471015,0.425,0.2704290312688629,0.5910994195730366,0.275,0.30000000000000004,1.1102230246251565e-16,80,0.675,0.5610629543955516,0.7755404148225468,0.6481481481481481,0.5062378617592178,0.7731881159015285,0.4375,0.32676395343377895,0.5530024286118197,0.32499999999999996,0.23750000000000002,2.7755575615628914e-17,0.425
groundingdino,222893,31057,21,cow right,1,20,5,1,0.8976506230818766,5,5,1.0,0.47817624989501856,1.0,1.0,0.47817624989501856,1.0,1.0,0.47817624989501856,1.0,0.0,0.0,0.0,80,1.0,0.9549359649323077,1.0,1.0,0.9549359649323077,1.0,1.0,0.9549359649323077,1.0,0.0,0.0,0.0,1.0
groundingdino,222893,31057,21,cow right,1,20,5,1,0.8976506230818766,10,10,1.0,0.6915028921812392,1.0,1.0,0.6915028921812392,1.0,1.0,0.6915028921812392,1.0,0.0,0.0,0.0,80,1.0,0.9549359649323077,1.0,1.0,0.9549359649323077,1.0,1.0,0.9549359649323077,1.0,0.0,0.0,0.0,1.0
groundingdino,222893,31057,21,cow right,1,20,5,1,0.8976506230818766,20,20,1.0,0.8315665290169146,1.0,1.0,0.8315665290169146,1.0,1.0,0.8315665290169146,1.0,0.0,0.0,0.0,80,1.0,0.9549359649323077,1.0,1.0,0.9549359649323077,1.0,1.0,0.9549359649323077,1.0,0.0,0.0,0.0,1.0
groundingdino,222893,31057,21,cow right,1,20,5,1,0.8976506230818766,40,40,1.0,0.9119026971211976,1.0,1.0,0.9119026971211976,1.0,1.0,0.9119026971211976,1.0,0.0,0.0,0.0,80,1.0,0.9549359649323077,1.0,1.0,0.9549359649323077,1.0,1.0,0.9549359649323077,1.0,0.0,0.0,0.0,1.0
groundingdino,449780,11512,1,woman facing away on left in back,1,18,5,1,0.8966462975218168,5,5,1.0,0.47817624989501856,1.0,1.0,0.47817624989501856,1.0,1.0,0.47817624989501856,1.0,0.0,0.0,0.0,80,1.0,0.9549359649323077,1.0,1.0,0.9549359649323077,1.0,1.0,0.9549359649323077,1.0,0.0,0.0,0.0,1.0
groundingdino,449780,11512,1,woman facing away on left in back,1,18,5,1,0.8966462975218168,10,10,1.0,0.6915028921812392,1.0,1.0,0.6915028921812392,1.0,1.0,0.6915028921812392,1.0,0.0,0.0,0.0,80,1.0,0.9549359649323077,1.0,1.0,0.9549359649323077,1.0,1.0,0.9549359649323077,1.0,0.0,0.0,0.0,1.0
groundingdino,449780,11512,1,woman facing away on left in back,1,18,5,1,0.8966462975218168,20,20,1.0,0.8315665290169146,1.0,1.0,0.8315665290169146,1.0,1.0,0.8315665290169146,1.0,0.0,0.0,0.0,80,1.0,0.9549359649323077,1.0,1.0,0.9549359649323077,1.0,1.0,0.9549359649323077,1.0,0.0,0.0,0.0,1.0
groundingdino,449780,11512,1,woman facing away on left in back,1,18,5,1,0.8966462975218168,40,40,1.0,0.9119026971211976,1.0,1.0,0.9119026971211976,1.0,1.0,0.9119026971211976,1.0,0.0,0.0,0.0,80,1.0,0.9549359649323077,1.0,1.0,0.9549359649323077,1.0,1.0,0.9549359649323077,1.0,0.0,0.0,0.0,1.0
groundingdino,116088,40006,1,guy bending over,1,20,5,1,0.9043825246737712,5,5,1.0,0.47817624989501856,1.0,1.0,0.47817624989501856,1.0,1.0,0.47817624989501856,1.0,0.0,0.0,0.0,80,1.0,0.9549359649323077,1.0,0.7625,0.6542230288597322,0.8505462481433591,0.7625,0.6542230288597322,0.8505462481433591,0.0,0.23750000000000004,0.0,1.0
groundingdino,116088,40006,1,guy bending over,1,20,5,1,0.9043825246737712,10,10,1.0,0.6915028921812392,1.0,0.8,0.4439045376923585,0.9747892736731666,0.8,0.4439045376923585,0.9747892736731666,0.0,0.19999999999999996,0.0,80,1.0,0.9549359649323077,1.0,0.7625,0.6542230288597322,0.8505462481433591,0.7625,0.6542230288597322,0.8505462481433591,0.0,0.23750000000000004,0.0,0.8
groundingdino,116088,40006,1,guy bending over,1,20,5,1,0.9043825246737712,20,20,1.0,0.8315665290169146,1.0,0.8,0.5633859970033317,0.9426660029499673,0.8,0.5633859970033317,0.9426660029499673,0.0,0.19999999999999996,0.0,80,1.0,0.9549359649323077,1.0,0.7625,0.6542230288597322,0.8505462481433591,0.7625,0.6542230288597322,0.8505462481433591,0.0,0.23750000000000004,0.0,0.8
groundingdino,116088,40006,1,guy bending over,1,20,5,1,0.9043825246737712,40,40,1.0,0.9119026971211976,1.0,0.75,0.5880380198485702,0.873085201067155,0.75,0.5880380198485702,0.873085201067155,0.0,0.25,0.0,80,1.0,0.9549359649323077,1.0,0.7625,0.6542230288597322,0.8505462481433591,0.7625,0.6542230288597322,0.8505462481433591,0.0,0.23750000000000004,0.0,0.75
groundingdino,377609,17714,18,dog in center of photo,1,20,5,1,0.8286258841928361,5,5,1.0,0.47817624989501856,1.0,0.8,0.2835820638819106,0.9949492366205319,0.8,0.2835820638819106,0.9949492366205319,0.0,0.19999999999999996,0.0,80,1.0,0.9549359649323077,1.0,0.6,0.48437694049548946,0.7079906437446896,0.6,0.48437694049548946,0.7079906437446896,0.0,0.4,0.0,0.8
groundingdino,377609,17714,18,dog in center of photo,1,20,5,1,0.8286258841928361,10,10,1.0,0.6915028921812392,1.0,0.6,0.2623780766069451,0.8784477418801728,0.6,0.2623780766069451,0.8784477418801728,0.0,0.4,0.0,80,1.0,0.9549359649323077,1.0,0.6,0.48437694049548946,0.7079906437446896,0.6,0.48437694049548946,0.7079906437446896,0.0,0.4,0.0,0.6
groundingdino,377609,17714,18,dog in center of photo,1,20,5,1,0.8286258841928361,20,20,0.95,0.7512672372279723,0.9987349105020502,0.5263157894736842,0.28864324791699886,0.7555253105338039,0.5,0.27195784956079183,0.7280421504392082,0.050000000000000044,0.45,5.551115123125783e-17,80,1.0,0.9549359649323077,1.0,0.6,0.48437694049548946,0.7079906437446896,0.6,0.48437694049548946,0.7079906437446896,0.0,0.4,0.0,0.5
groundingdino,377609,17714,18,dog in center of photo,1,20,5,1,0.8286258841928361,40,40,0.975,0.8684141415172343,0.9993672550679505,0.6153846153846154,0.4461905682219938,0.7663606749341801,0.6,0.4332670521932967,0.7513500134122563,0.025000000000000022,0.37499999999999994,5.551115123125783e-17,80,1.0,0.9549359649323077,1.0,0.6,0.48437694049548946,0.7079906437446896,0.6,0.48437694049548946,0.7079906437446896,0.0,0.4,0.0,0.6
groundingdino,57689,44962,24,zebra in front,1,20,5,1,0.9682793261719227,5,5,0.8,0.2835820638819106,0.9949492366205319,1.0,0.3976353643835254,1.0,0.8,0.2835820638819106,0.9949492366205319,0.19999999999999996,0.0,0.0,80,0.9125,0.8279916615801152,0.9640936410104413,1.0,0.9507229391041407,1.0,0.9125,0.8279916615801152,0.9640936410104413,0.08750000000000002,0.0,0.0,0.8
groundingdino,57689,44962,24,zebra in front,1,20,5,1,0.9682793261719227,10,10,0.9,0.5549838829718046,0.9974714214555382,1.0,0.6637328831200572,1.0,0.9,0.5549838829718046,0.9974714214555382,0.09999999999999998,0.0,0.0,80,0.9125,0.8279916615801152,0.9640936410104413,1.0,0.9507229391041407,1.0,0.9125,0.8279916615801152,0.9640936410104413,0.08750000000000002,0.0,0.0,0.9
groundingdino,57689,44962,24,zebra in front,1,20,5,1,0.9682793261719227,20,20,0.9,0.6830172859809176,0.9876514728297052,1.0,0.8146980318621478,1.0,0.9,0.6830172859809176,0.9876514728297052,0.09999999999999998,0.0,0.0,80,0.9125,0.8279916615801152,0.9640936410104413,1.0,0.9507229391041407,1.0,0.9125,0.8279916615801152,0.9640936410104413,0.08750000000000002,0.0,0.0,0.9
groundingdino,57689,44962,24,zebra in front,1,20,5,1,0.9682793261719227,40,40,0.85,0.7016473331604236,0.9428977418454741,1.0,0.8971820757409874,1.0,0.85,0.7016473331604236,0.9428977418454741,0.15000000000000002,0.0,0.0,80,0.9125,0.8279916615801152,0.9640936410104413,1.0,0.9507229391041407,1.0,0.9125,0.8279916615801152,0.9640936410104413,0.08750000000000002,0.0,0.0,0.85
groundingdino,567199,1305,1,red,1,2,2,0,0.21225608285596834,5,5,1.0,0.47817624989501856,1.0,0.8,0.2835820638819106,0.9949492366205319,0.8,0.2835820638819106,0.9949492366205319,0.0,0.19999999999999996,0.0,80,0.9375,0.8601429247023609,0.9793969276979898,0.7866666666666666,0.676808324338181,0.8728632011272364,0.7375,0.6271491697875681,0.8295907488995917,0.0625,0.20000000000000004,8.326672684688674e-17,0.8
groundingdino,567199,1305,1,red,1,2,2,0,0.21225608285596834,10,10,0.9,0.5549838829718046,0.9974714214555382,0.8888888888888888,0.517503485082663,0.9971908632534008,0.8,0.4439045376923585,0.9747892736731666,0.09999999999999998,0.10000000000000005,6.938893903907228e-17,80,0.9375,0.8601429247023609,0.9793969276979898,0.7866666666666666,0.676808324338181,0.8728632011272364,0.7375,0.6271491697875681,0.8295907488995917,0.0625,0.20000000000000004,8.326672684688674e-17,0.8
groundingdino,567199,1305,1,red,1,2,2,0,0.21225608285596834,20,20,0.9,0.6830172859809176,0.9876514728297052,0.8888888888888888,0.6528795613913279,0.9862487843356355,0.8,0.5633859970033317,0.9426660029499673,0.09999999999999998,0.10000000000000005,6.938893903907228e-17,80,0.9375,0.8601429247023609,0.9793969276979898,0.7866666666666666,0.676808324338181,0.8728632011272364,0.7375,0.6271491697875681,0.8295907488995917,0.0625,0.20000000000000004,8.326672684688674e-17,0.8
groundingdino,567199,1305,1,red,1,2,2,0,0.21225608285596834,40,40,0.9,0.7633626001239001,0.9720745847057807,0.8888888888888888,0.7393890794891709,0.9688838600549847,0.8,0.6435219813207653,0.9094775906000093,0.09999999999999998,0.10000000000000005,6.938893903907228e-17,80,0.9375,0.8601429247023609,0.9793969276979898,0.7866666666666666,0.676808324338181,0.8728632011272364,0.7375,0.6271491697875681,0.8295907488995917,0.0625,0.20000000000000004,8.326672684688674e-17,0.8
groundingdino,207467,32374,1,white t shirt in back,1,20,5,0,0.08908077624663666,5,5,1.0,0.47817624989501856,1.0,1.0,0.47817624989501856,1.0,1.0,0.47817624989501856,1.0,0.0,0.0,0.0,80,0.9875,0.9323122155360776,0.9996835774723672,0.9746835443037974,0.9115230072043964,0.99691921921458,0.9625,0.8942980149834914,0.9921988127342833,0.012499999999999956,0.025000000000000026,3.469446951953614e-18,1.0
groundingdino,207467,32374,1,white t shirt in back,1,20,5,0,0.08908077624663666,10,10,1.0,0.6915028921812392,1.0,1.0,0.6915028921812392,1.0,1.0,0.6915028921812392,1.0,0.0,0.0,0.0,80,0.9875,0.9323122155360776,0.9996835774723672,0.9746835443037974,0.9115230072043964,0.99691921921458,0.9625,0.8942980149834914,0.9921988127342833,0.012499999999999956,0.025000000000000026,3.469446951953614e-18,1.0
groundingdino,207467,32374,1,white t shirt in back,1,20,5,0,0.08908077624663666,20,20,1.0,0.8315665290169146,1.0,0.95,0.7512672372279723,0.9987349105020502,0.95,0.7512672372279723,0.9987349105020502,0.0,0.050000000000000044,0.0,80,0.9875,0.9323122155360776,0.9996835774723672,0.9746835443037974,0.9115230072043964,0.99691921921458,0.9625,0.8942980149834914,0.9921988127342833,0.012499999999999956,0.025000000000000026,3.469446951953614e-18,0.95
groundingdino,207467,32374,1,white t shirt in back,1,20,5,0,0.08908077624663666,40,40,0.95,0.8308031360405824,0.9938863534006491,0.9473684210526315,0.8225094096523593,0.9935612832849081,0.9,0.7633626001239001,0.9720745847057807,0.050000000000000044,0.050000000000000044,1.1102230246251565e-16,80,0.9875,0.9323122155360776,0.9996835774723672,0.9746835443037974,0.9115230072043964,0.99691921921458,0.9625,0.8942980149834914,0.9921988127342833,0.012499999999999956,0.025000000000000026,3.469446951953614e-18,0.9
groundingdino,185229,34215,1,second blue black dude,1,20,5,0,0.17285426085095437,5,5,1.0,0.47817624989501856,1.0,1.0,0.47817624989501856,1.0,1.0,0.47817624989501856,1.0,0.0,0.0,0.0,80,1.0,0.9549359649323077,1.0,1.0,0.9549359649323077,1.0,1.0,0.9549359649323077,1.0,0.0,0.0,0.0,1.0
groundingdino,185229,34215,1,second blue black dude,1,20,5,0,0.17285426085095437,10,10,1.0,0.6915028921812392,1.0,1.0,0.6915028921812392,1.0,1.0,0.6915028921812392,1.0,0.0,0.0,0.0,80,1.0,0.9549359649323077,1.0,1.0,0.9549359649323077,1.0,1.0,0.9549359649323077,1.0,0.0,0.0,0.0,1.0
groundingdino,185229,34215,1,second blue black dude,1,20,5,0,0.17285426085095437,20,20,1.0,0.8315665290169146,1.0,1.0,0.8315665290169146,1.0,1.0,0.8315665290169146,1.0,0.0,0.0,0.0,80,1.0,0.9549359649323077,1.0,1.0,0.9549359649323077,1.0,1.0,0.9549359649323077,1.0,0.0,0.0,0.0,1.0
groundingdino,185229,34215,1,second blue black dude,1,20,5,0,0.17285426085095437,40,40,1.0,0.9119026971211976,1.0,1.0,0.9119026971211976,1.0,1.0,0.9119026971211976,1.0,0.0,0.0,0.0,80,1.0,0.9549359649323077,1.0,1.0,0.9549359649323077,1.0,1.0,0.9549359649323077,1.0,0.0,0.0,0.0,1.0
groundingdino,24086,47956,1,lady to the left,1,18,5,1,0.9773820477617838,5,5,1.0,0.47817624989501856,1.0,1.0,0.47817624989501856,1.0,1.0,0.47817624989501856,1.0,0.0,0.0,0.0,80,1.0,0.9549359649323077,1.0,1.0,0.9549359649323077,1.0,1.0,0.9549359649323077,1.0,0.0,0.0,0.0,1.0
groundingdino,24086,47956,1,lady to the left,1,18,5,1,0.9773820477617838,10,10,1.0,0.6915028921812392,1.0,1.0,0.6915028921812392,1.0,1.0,0.6915028921812392,1.0,0.0,0.0,0.0,80,1.0,0.9549359649323077,1.0,1.0,0.9549359649323077,1.0,1.0,0.9549359649323077,1.0,0.0,0.0,0.0,1.0
groundingdino,24086,47956,1,lady to the left,1,18,5,1,0.9773820477617838,20,20,1.0,0.8315665290169146,1.0,1.0,0.8315665290169146,1.0,1.0,0.8315665290169146,1.0,0.0,0.0,0.0,80,1.0,0.9549359649323077,1.0,1.0,0.9549359649323077,1.0,1.0,0.9549359649323077,1.0,0.0,0.0,0.0,1.0
groundingdino,24086,47956,1,lady to the left,1,18,5,1,0.9773820477617838,40,40,1.0,0.9119026971211976,1.0,1.0,0.9119026971211976,1.0,1.0,0.9119026971211976,1.0,0.0,0.0,0.0,80,1.0,0.9549359649323077,1.0,1.0,0.9549359649323077,1.0,1.0,0.9549359649323077,1.0,0.0,0.0,0.0,1.0
groundingdino,184578,34279,22,elephant facing away on right,1,20,5,0,0.4158011188409696,5,5,1.0,0.47817624989501856,1.0,1.0,0.47817624989501856,1.0,1.0,0.47817624989501856,1.0,0.0,0.0,0.0,80,1.0,0.9549359649323077,1.0,1.0,0.9549359649323077,1.0,1.0,0.9549359649323077,1.0,0.0,0.0,0.0,1.0
groundingdino,184578,34279,22,elephant facing away on right,1,20,5,0,0.4158011188409696,10,10,1.0,0.6915028921812392,1.0,1.0,0.6915028921812392,1.0,1.0,0.6915028921812392,1.0,0.0,0.0,0.0,80,1.0,0.9549359649323077,1.0,1.0,0.9549359649323077,1.0,1.0,0.9549359649323077,1.0,0.0,0.0,0.0,1.0
groundingdino,184578,34279,22,elephant facing away on right,1,20,5,0,0.4158011188409696,20,20,1.0,0.8315665290169146,1.0,1.0,0.8315665290169146,1.0,1.0,0.8315665290169146,1.0,0.0,0.0,0.0,80,1.0,0.9549359649323077,1.0,1.0,0.9549359649323077,1.0,1.0,0.9549359649323077,1.0,0.0,0.0,0.0,1.0
groundingdino,184578,34279,22,elephant facing away on right,1,20,5,0,0.4158011188409696,40,40,1.0,0.9119026971211976,1.0,1.0,0.9119026971211976,1.0,1.0,0.9119026971211976,1.0,0.0,0.0,0.0,80,1.0,0.9549359649323077,1.0,1.0,0.9549359649323077,1.0,1.0,0.9549359649323077,1.0,0.0,0.0,0.0,1.0
groundingdino,147753,37276,1,middle man,1,6,5,1,0.9858036082121444,5,5,0.4,0.05274495052631693,0.8533672003653268,1.0,0.15811388300841903,1.0,0.4,0.05274495052631693,0.8533672003653268,0.6,0.0,0.0,80,0.3875,0.28056513312478215,0.5030244574981009,1.0,0.8878112530776301,1.0,0.3875,0.28056513312478215,0.5030244574981009,0.6125,0.0,0.0,0.4
groundingdino,147753,37276,1,middle man,1,6,5,1,0.9858036082121444,10,10,0.5,0.18708602844739855,0.8129139715526015,1.0,0.47817624989501856,1.0,0.5,0.18708602844739855,0.8129139715526015,0.5,0.0,0.0,80,0.3875,0.28056513312478215,0.5030244574981009,1.0,0.8878112530776301,1.0,0.3875,0.28056513312478215,0.5030244574981009,0.6125,0.0,0.0,0.5
groundingdino,147753,37276,1,middle man,1,6,5,1,0.9858036082121444,20,20,0.5,0.27195784956079183,0.7280421504392082,1.0,0.6915028921812392,1.0,0.5,0.27195784956079183,0.7280421504392082,0.5,0.0,0.0,80,0.3875,0.28056513312478215,0.5030244574981009,1.0,0.8878112530776301,1.0,0.3875,0.28056513312478215,0.5030244574981009,0.6125,0.0,0.0,0.5
groundingdino,147753,37276,1,middle man,1,6,5,1,0.9858036082121444,40,40,0.4,0.24864998658774376,0.5667329478067034,1.0,0.7940927857921773,1.0,0.4,0.24864998658774376,0.5667329478067034,0.6,0.0,0.0,80,0.3875,0.28056513312478215,0.5030244574981009,1.0,0.8878112530776301,1.0,0.3875,0.28056513312478215,0.5030244574981009,0.6125,0.0,0.0,0.4
groundingdino,64092,44384,19,horse right,1,19,5,0,0.12219127094605088,5,5,1.0,0.47817624989501856,1.0,1.0,0.47817624989501856,1.0,1.0,0.47817624989501856,1.0,0.0,0.0,0.0,80,0.9875,0.9323122155360776,0.9996835774723672,1.0,0.9543787472413889,1.0,0.9875,0.9323122155360776,0.9996835774723672,0.012499999999999956,0.0,0.0,1.0
groundingdino,64092,44384,19,horse right,1,19,5,0,0.12219127094605088,10,10,1.0,0.6915028921812392,1.0,1.0,0.6915028921812392,1.0,1.0,0.6915028921812392,1.0,0.0,0.0,0.0,80,0.9875,0.9323122155360776,0.9996835774723672,1.0,0.9543787472413889,1.0,0.9875,0.9323122155360776,0.9996835774723672,0.012499999999999956,0.0,0.0,1.0
groundingdino,64092,44384,19,horse right,1,19,5,0,0.12219127094605088,20,20,1.0,0.8315665290169146,1.0,1.0,0.8315665290169146,1.0,1.0,0.8315665290169146,1.0,0.0,0.0,0.0,80,0.9875,0.9323122155360776,0.9996835774723672,1.0,0.9543787472413889,1.0,0.9875,0.9323122155360776,0.9996835774723672,0.012499999999999956,0.0,0.0,1.0
groundingdino,64092,44384,19,horse right,1,19,5,0,0.12219127094605088,40,40,1.0,0.9119026971211976,1.0,1.0,0.9119026971211976,1.0,1.0,0.9119026971211976,1.0,0.0,0.0,0.0,80,0.9875,0.9323122155360776,0.9996835774723672,1.0,0.9543787472413889,1.0,0.9875,0.9323122155360776,0.9996835774723672,0.012499999999999956,0.0,0.0,1.0
groundingdino,224056,30946,76,white keyboard,1,10,5,1,0.9446652211780441,5,5,0.6,0.14663279963467318,0.9472550494736831,1.0,0.29240177382128674,1.0,0.6,0.14663279963467318,0.9472550494736831,0.4,0.0,0.0,80,0.6125,0.4969755425018991,0.7194348668752178,1.0,0.9274807363357226,1.0,0.6125,0.4969755425018991,0.7194348668752178,0.38749999999999996,0.0,0.0,0.6
groundingdino,224056,30946,76,white keyboard,1,10,5,1,0.9446652211780441,10,10,0.7,0.34754714994000274,0.9332604888222655,1.0,0.5903836027749967,1.0,0.7,0.34754714994000274,0.9332604888222655,0.30000000000000004,0.0,0.0,80,0.6125,0.4969755425018991,0.7194348668752178,1.0,0.9274807363357226,1.0,0.6125,0.4969755425018991,0.7194348668752178,0.38749999999999996,0.0,0.0,0.7
groundingdino,224056,30946,76,white keyboard,1,10,5,1,0.9446652211780441,20,20,0.65,0.4078114654671719,0.8460907952154588,1.0,0.752947361999529,1.0,0.65,0.4078114654671719,0.8460907952154588,0.35,0.0,0.0,80,0.6125,0.4969755425018991,0.7194348668752178,1.0,0.9274807363357226,1.0,0.6125,0.4969755425018991,0.7194348668752178,0.38749999999999996,0.0,0.0,0.65
groundingdino,224056,30946,76,white keyboard,1,10,5,1,0.9446652211780441,40,40,0.675,0.5087051245215516,0.8142710332366501,1.0,0.8722971323845676,1.0,0.675,0.5087051245215516,0.8142710332366501,0.32499999999999996,0.0,0.0,80,0.6125,0.4969755425018991,0.7194348668752178,1.0,0.9274807363357226,1.0,0.6125,0.4969755425018991,0.7194348668752178,0.38749999999999996,0.0,0.0,0.675
groundingdino,578808,277,1,man on right in shorts elephant wants to charge,1,20,5,1,0.967562837890035,5,5,1.0,0.47817624989501856,1.0,1.0,0.47817624989501856,1.0,1.0,0.47817624989501856,1.0,0.0,0.0,0.0,80,1.0,0.9549359649323077,1.0,1.0,0.9549359649323077,1.0,1.0,0.9549359649323077,1.0,0.0,0.0,0.0,1.0
groundingdino,578808,277,1,man on right in shorts elephant wants to charge,1,20,5,1,0.967562837890035,10,10,1.0,0.6915028921812392,1.0,1.0,0.6915028921812392,1.0,1.0,0.6915028921812392,1.0,0.0,0.0,0.0,80,1.0,0.9549359649323077,1.0,1.0,0.9549359649323077,1.0,1.0,0.9549359649323077,1.0,0.0,0.0,0.0,1.0
groundingdino,578808,277,1,man on right in shorts elephant wants to charge,1,20,5,1,0.967562837890035,20,20,1.0,0.8315665290169146,1.0,1.0,0.8315665290169146,1.0,1.0,0.8315665290169146,1.0,0.0,0.0,0.0,80,1.0,0.9549359649323077,1.0,1.0,0.9549359649323077,1.0,1.0,0.9549359649323077,1.0,0.0,0.0,0.0,1.0
groundingdino,578808,277,1,man on right in shorts elephant wants to charge,1,20,5,1,0.967562837890035,40,40,1.0,0.9119026971211976,1.0,1.0,0.9119026971211976,1.0,1.0,0.9119026971211976,1.0,0.0,0.0,0.0,80,1.0,0.9549359649323077,1.0,1.0,0.9549359649323077,1.0,1.0,0.9549359649323077,1.0,0.0,0.0,0.0,1.0
groundingdino,420183,14096,56,bottom right piece of broccoli,1,20,5,0,0.09071872688149442,5,5,1.0,0.47817624989501856,1.0,1.0,0.47817624989501856,1.0,1.0,0.47817624989501856,1.0,0.0,0.0,0.0,80,1.0,0.9549359649323077,1.0,1.0,0.9549359649323077,1.0,1.0,0.9549359649323077,1.0,0.0,0.0,0.0,1.0
groundingdino,420183,14096,56,bottom right piece of broccoli,1,20,5,0,0.09071872688149442,10,10,1.0,0.6915028921812392,1.0,1.0,0.6915028921812392,1.0,1.0,0.6915028921812392,1.0,0.0,0.0,0.0,80,1.0,0.9549359649323077,1.0,1.0,0.9549359649323077,1.0,1.0,0.9549359649323077,1.0,0.0,0.0,0.0,1.0
groundingdino,420183,14096,56,bottom right piece of broccoli,1,20,5,0,0.09071872688149442,20,20,1.0,0.8315665290169146,1.0,1.0,0.8315665290169146,1.0,1.0,0.8315665290169146,1.0,0.0,0.0,0.0,80,1.0,0.9549359649323077,1.0,1.0,0.9549359649323077,1.0,1.0,0.9549359649323077,1.0,0.0,0.0,0.0,1.0
groundingdino,420183,14096,56,bottom right piece of broccoli,1,20,5,0,0.09071872688149442,40,40,1.0,0.9119026971211976,1.0,1.0,0.9119026971211976,1.0,1.0,0.9119026971211976,1.0,0.0,0.0,0.0,80,1.0,0.9549359649323077,1.0,1.0,0.9549359649323077,1.0,1.0,0.9549359649323077,1.0,0.0,0.0,0.0,1.0
groundingdino,272194,26864,1,child on back,1,20,5,0,0.1471170426754173,5,5,1.0,0.47817624989501856,1.0,1.0,0.47817624989501856,1.0,1.0,0.47817624989501856,1.0,0.0,0.0,0.0,80,1.0,0.9549359649323077,1.0,1.0,0.9549359649323077,1.0,1.0,0.9549359649323077,1.0,0.0,0.0,0.0,1.0
groundingdino,272194,26864,1,child on back,1,20,5,0,0.1471170426754173,10,10,1.0,0.6915028921812392,1.0,1.0,0.6915028921812392,1.0,1.0,0.6915028921812392,1.0,0.0,0.0,0.0,80,1.0,0.9549359649323077,1.0,1.0,0.9549359649323077,1.0,1.0,0.9549359649323077,1.0,0.0,0.0,0.0,1.0
groundingdino,272194,26864,1,child on back,1,20,5,0,0.1471170426754173,20,20,1.0,0.8315665290169146,1.0,1.0,0.8315665290169146,1.0,1.0,0.8315665290169146,1.0,0.0,0.0,0.0,80,1.0,0.9549359649323077,1.0,1.0,0.9549359649323077,1.0,1.0,0.9549359649323077,1.0,0.0,0.0,0.0,1.0
groundingdino,272194,26864,1,child on back,1,20,5,0,0.1471170426754173,40,40,1.0,0.9119026971211976,1.0,1.0,0.9119026971211976,1.0,1.0,0.9119026971211976,1.0,0.0,0.0,0.0,80,1.0,0.9549359649323077,1.0,1.0,0.9549359649323077,1.0,1.0,0.9549359649323077,1.0,0.0,0.0,0.0,1.0
groundingdino,238589,29758,1,man in the black shirt sitting next to the woman,1,20,5,0,0.04827434106861805,5,5,1.0,0.47817624989501856,1.0,1.0,0.47817624989501856,1.0,1.0,0.47817624989501856,1.0,0.0,0.0,0.0,80,1.0,0.9549359649323077,1.0,1.0,0.9549359649323077,1.0,1.0,0.9549359649323077,1.0,0.0,0.0,0.0,1.0
groundingdino,238589,29758,1,man in the black shirt sitting next to the woman,1,20,5,0,0.04827434106861805,10,10,1.0,0.6915028921812392,1.0,1.0,0.6915028921812392,1.0,1.0,0.6915028921812392,1.0,0.0,0.0,0.0,80,1.0,0.9549359649323077,1.0,1.0,0.9549359649323077,1.0,1.0,0.9549359649323077,1.0,0.0,0.0,0.0,1.0
groundingdino,238589,29758,1,man in the black shirt sitting next to the woman,1,20,5,0,0.04827434106861805,20,20,1.0,0.8315665290169146,1.0,1.0,0.8315665290169146,1.0,1.0,0.8315665290169146,1.0,0.0,0.0,0.0,80,1.0,0.9549359649323077,1.0,1.0,0.9549359649323077,1.0,1.0,0.9549359649323077,1.0,0.0,0.0,0.0,1.0
groundingdino,238589,29758,1,man in the black shirt sitting next to the woman,1,20,5,0,0.04827434106861805,40,40,1.0,0.9119026971211976,1.0,1.0,0.9119026971211976,1.0,1.0,0.9119026971211976,1.0,0.0,0.0,0.0,80,1.0,0.9549359649323077,1.0,1.0,0.9549359649323077,1.0,1.0,0.9549359649323077,1.0,0.0,0.0,0.0,1.0
groundingdino,197662,33210,1,woman on the left,1,15,5,1,0.9493917795649939,5,5,1.0,0.47817624989501856,1.0,1.0,0.47817624989501856,1.0,1.0,0.47817624989501856,1.0,0.0,0.0,0.0,80,1.0,0.9549359649323077,1.0,1.0,0.9549359649323077,1.0,1.0,0.9549359649323077,1.0,0.0,0.0,0.0,1.0
groundingdino,197662,33210,1,woman on the left,1,15,5,1,0.9493917795649939,10,10,1.0,0.6915028921812392,1.0,1.0,0.6915028921812392,1.0,1.0,0.6915028921812392,1.0,0.0,0.0,0.0,80,1.0,0.9549359649323077,1.0,1.0,0.9549359649323077,1.0,1.0,0.9549359649323077,1.0,0.0,0.0,0.0,1.0
groundingdino,197662,33210,1,woman on the left,1,15,5,1,0.9493917795649939,20,20,1.0,0.8315665290169146,1.0,1.0,0.8315665290169146,1.0,1.0,0.8315665290169146,1.0,0.0,0.0,0.0,80,1.0,0.9549359649323077,1.0,1.0,0.9549359649323077,1.0,1.0,0.9549359649323077,1.0,0.0,0.0,0.0,1.0
groundingdino,197662,33210,1,woman on the left,1,15,5,1,0.9493917795649939,40,40,1.0,0.9119026971211976,1.0,1.0,0.9119026971211976,1.0,1.0,0.9119026971211976,1.0,0.0,0.0,0.0,80,1.0,0.9549359649323077,1.0,1.0,0.9549359649323077,1.0,1.0,0.9549359649323077,1.0,0.0,0.0,0.0,1.0
groundingdino,143258,37655,46,glass in back,1,20,5,1,0.931428428587361,5,5,1.0,0.47817624989501856,1.0,1.0,0.47817624989501856,1.0,1.0,0.47817624989501856,1.0,0.0,0.0,0.0,80,1.0,0.9549359649323077,1.0,1.0,0.9549359649323077,1.0,1.0,0.9549359649323077,1.0,0.0,0.0,0.0,1.0
groundingdino,143258,37655,46,glass in back,1,20,5,1,0.931428428587361,10,10,1.0,0.6915028921812392,1.0,1.0,0.6915028921812392,1.0,1.0,0.6915028921812392,1.0,0.0,0.0,0.0,80,1.0,0.9549359649323077,1.0,1.0,0.9549359649323077,1.0,1.0,0.9549359649323077,1.0,0.0,0.0,0.0,1.0
groundingdino,143258,37655,46,glass in back,1,20,5,1,0.931428428587361,20,20,1.0,0.8315665290169146,1.0,1.0,0.8315665290169146,1.0,1.0,0.8315665290169146,1.0,0.0,0.0,0.0,80,1.0,0.9549359649323077,1.0,1.0,0.9549359649323077,1.0,1.0,0.9549359649323077,1.0,0.0,0.0,0.0,1.0
groundingdino,143258,37655,46,glass in back,1,20,5,1,0.931428428587361,40,40,1.0,0.9119026971211976,1.0,1.0,0.9119026971211976,1.0,1.0,0.9119026971211976,1.0,0.0,0.0,0.0,80,1.0,0.9549359649323077,1.0,1.0,0.9549359649323077,1.0,1.0,0.9549359649323077,1.0,0.0,0.0,0.0,1.0
groundingdino,101552,41166,1,right person facing back,1,20,5,0,0.044699672108452576,5,5,1.0,0.47817624989501856,1.0,0.6,0.14663279963467318,0.9472550494736831,0.6,0.14663279963467318,0.9472550494736831,0.0,0.4,0.0,80,1.0,0.9549359649323077,1.0,0.7625,0.6542230288597322,0.8505462481433591,0.7625,0.6542230288597322,0.8505462481433591,0.0,0.23750000000000004,0.0,0.6
groundingdino,101552,41166,1,right person facing back,1,20,5,0,0.044699672108452576,10,10,1.0,0.6915028921812392,1.0,0.8,0.4439045376923585,0.9747892736731666,0.8,0.4439045376923585,0.9747892736731666,0.0,0.19999999999999996,0.0,80,1.0,0.9549359649323077,1.0,0.7625,0.6542230288597322,0.8505462481433591,0.7625,0.6542230288597322,0.8505462481433591,0.0,0.23750000000000004,0.0,0.8
groundingdino,101552,41166,1,right person facing back,1,20,5,0,0.044699672108452576,20,20,1.0,0.8315665290169146,1.0,0.85,0.6210731734546859,0.9679290628145363,0.85,0.6210731734546859,0.9679290628145363,0.0,0.15000000000000002,0.0,80,1.0,0.9549359649323077,1.0,0.7625,0.6542230288597322,0.8505462481433591,0.7625,0.6542230288597322,0.8505462481433591,0.0,0.23750000000000004,0.0,0.85
groundingdino,101552,41166,1,right person facing back,1,20,5,0,0.044699672108452576,40,40,1.0,0.9119026971211976,1.0,0.775,0.6154883226965773,0.891603361015928,0.775,0.6154883226965773,0.891603361015928,0.0,0.22499999999999998,0.0,80,1.0,0.9549359649323077,1.0,0.7625,0.6542230288597322,0.8505462481433591,0.7625,0.6542230288597322,0.8505462481433591,0.0,0.23750000000000004,0.0,0.775
groundingdino,38122,46767,1,girl holding a green plate wearing white,1,20,5,0,0.14714786732436516,5,5,1.0,0.47817624989501856,1.0,1.0,0.47817624989501856,1.0,1.0,0.47817624989501856,1.0,0.0,0.0,0.0,80,1.0,0.9549359649323077,1.0,1.0,0.9549359649323077,1.0,1.0,0.9549359649323077,1.0,0.0,0.0,0.0,1.0
groundingdino,38122,46767,1,girl holding a green plate wearing white,1,20,5,0,0.14714786732436516,10,10,1.0,0.6915028921812392,1.0,1.0,0.6915028921812392,1.0,1.0,0.6915028921812392,1.0,0.0,0.0,0.0,80,1.0,0.9549359649323077,1.0,1.0,0.9549359649323077,1.0,1.0,0.9549359649323077,1.0,0.0,0.0,0.0,1.0
groundingdino,38122,46767,1,girl holding a green plate wearing white,1,20,5,0,0.14714786732436516,20,20,1.0,0.8315665290169146,1.0,1.0,0.8315665290169146,1.0,1.0,0.8315665290169146,1.0,0.0,0.0,0.0,80,1.0,0.9549359649323077,1.0,1.0,0.9549359649323077,1.0,1.0,0.9549359649323077,1.0,0.0,0.0,0.0,1.0
groundingdino,38122,46767,1,girl holding a green plate wearing white,1,20,5,0,0.14714786732436516,40,40,1.0,0.9119026971211976,1.0,1.0,0.9119026971211976,1.0,1.0,0.9119026971211976,1.0,0.0,0.0,0.0,80,1.0,0.9549359649323077,1.0,1.0,0.9549359649323077,1.0,1.0,0.9549359649323077,1.0,0.0,0.0,0.0,1.0
groundingdino,376806,17825,51,tuna upper left,1,20,5,0,0.0,5,5,1.0,0.47817624989501856,1.0,1.0,0.47817624989501856,1.0,1.0,0.47817624989501856,1.0,0.0,0.0,0.0,80,1.0,0.9549359649323077,1.0,1.0,0.9549359649323077,1.0,1.0,0.9549359649323077,1.0,0.0,0.0,0.0,1.0
groundingdino,376806,17825,51,tuna upper left,1,20,5,0,0.0,10,10,1.0,0.6915028921812392,1.0,1.0,0.6915028921812392,1.0,1.0,0.6915028921812392,1.0,0.0,0.0,0.0,80,1.0,0.9549359649323077,1.0,1.0,0.9549359649323077,1.0,1.0,0.9549359649323077,1.0,0.0,0.0,0.0,1.0
groundingdino,376806,17825,51,tuna upper left,1,20,5,0,0.0,20,20,1.0,0.8315665290169146,1.0,1.0,0.8315665290169146,1.0,1.0,0.8315665290169146,1.0,0.0,0.0,0.0,80,1.0,0.9549359649323077,1.0,1.0,0.9549359649323077,1.0,1.0,0.9549359649323077,1.0,0.0,0.0,0.0,1.0
groundingdino,376806,17825,51,tuna upper left,1,20,5,0,0.0,40,40,1.0,0.9119026971211976,1.0,1.0,0.9119026971211976,1.0,1.0,0.9119026971211976,1.0,0.0,0.0,0.0,80,1.0,0.9549359649323077,1.0,1.0,0.9549359649323077,1.0,1.0,0.9549359649323077,1.0,0.0,0.0,0.0,1.0
groundingdino,30274,47406,1,skateboard,1,6,5,0,0.21703121437368214,5,5,0.8,0.2835820638819106,0.9949492366205319,1.0,0.3976353643835254,1.0,0.8,0.2835820638819106,0.9949492366205319,0.19999999999999996,0.0,0.0,80,0.5875,0.4718483404252045,0.6964754070624058,1.0,0.9245142663089414,1.0,0.5875,0.4718483404252045,0.6964754070624058,0.4125,0.0,0.0,0.8
groundingdino,30274,47406,1,skateboard,1,6,5,0,0.21703121437368214,10,10,0.9,0.5549838829718046,0.9974714214555382,1.0,0.6637328831200572,1.0,0.9,0.5549838829718046,0.9974714214555382,0.09999999999999998,0.0,0.0,80,0.5875,0.4718483404252045,0.6964754070624058,1.0,0.9245142663089414,1.0,0.5875,0.4718483404252045,0.6964754070624058,0.4125,0.0,0.0,0.9
groundingdino,30274,47406,1,skateboard,1,6,5,0,0.21703121437368214,20,20,0.85,0.6210731734546859,0.9679290628145363,1.0,0.8049356770309068,1.0,0.85,0.6210731734546859,0.9679290628145363,0.15000000000000002,0.0,0.0,80,0.5875,0.4718483404252045,0.6964754070624058,1.0,0.9245142663089414,1.0,0.5875,0.4718483404252045,0.6964754070624058,0.4125,0.0,0.0,0.85
groundingdino,30274,47406,1,skateboard,1,6,5,0,0.21703121437368214,40,40,0.75,0.5880380198485702,0.873085201067155,1.0,0.8842966917779722,1.0,0.75,0.5880380198485702,0.873085201067155,0.25,0.0,0.0,80,0.5875,0.4718483404252045,0.6964754070624058,1.0,0.9245142663089414,1.0,0.5875,0.4718483404252045,0.6964754070624058,0.4125,0.0,0.0,0.75
groundingdino,290072,25364,42,blue board standing up,1,20,5,1,0.8906396046434187,5,5,1.0,0.47817624989501856,1.0,1.0,0.47817624989501856,1.0,1.0,0.47817624989501856,1.0,0.0,0.0,0.0,80,1.0,0.9549359649323077,1.0,1.0,0.9549359649323077,1.0,1.0,0.9549359649323077,1.0,0.0,0.0,0.0,1.0
groundingdino,290072,25364,42,blue board standing up,1,20,5,1,0.8906396046434187,10,10,1.0,0.6915028921812392,1.0,1.0,0.6915028921812392,1.0,1.0,0.6915028921812392,1.0,0.0,0.0,0.0,80,1.0,0.9549359649323077,1.0,1.0,0.9549359649323077,1.0,1.0,0.9549359649323077,1.0,0.0,0.0,0.0,1.0
groundingdino,290072,25364,42,blue board standing up,1,20,5,1,0.8906396046434187,20,20,1.0,0.8315665290169146,1.0,1.0,0.8315665290169146,1.0,1.0,0.8315665290169146,1.0,0.0,0.0,0.0,80,1.0,0.9549359649323077,1.0,1.0,0.9549359649323077,1.0,1.0,0.9549359649323077,1.0,0.0,0.0,0.0,1.0
groundingdino,290072,25364,42,blue board standing up,1,20,5,1,0.8906396046434187,40,40,1.0,0.9119026971211976,1.0,1.0,0.9119026971211976,1.0,1.0,0.9119026971211976,1.0,0.0,0.0,0.0,80,1.0,0.9549359649323077,1.0,1.0,0.9549359649323077,1.0,1.0,0.9549359649323077,1.0,0.0,0.0,0.0,1.0
groundingdino,51001,45608,58,right hotdog,1,20,5,0,0.04045852463084384,5,5,0.8,0.2835820638819106,0.9949492366205319,1.0,0.3976353643835254,1.0,0.8,0.2835820638819106,0.9949492366205319,0.19999999999999996,0.0,0.0,80,0.875,0.7821108659305637,0.9383979034415657,1.0,0.9486662028489763,1.0,0.875,0.7821108659305637,0.9383979034415657,0.125,0.0,0.0,0.8
groundingdino,51001,45608,58,right hotdog,1,20,5,0,0.04045852463084384,10,10,0.8,0.4439045376923585,0.9747892736731666,1.0,0.6305833524471808,1.0,0.8,0.4439045376923585,0.9747892736731666,0.19999999999999996,0.0,0.0,80,0.875,0.7821108659305637,0.9383979034415657,1.0,0.9486662028489763,1.0,0.875,0.7821108659305637,0.9383979034415657,0.125,0.0,0.0,0.8
groundingdino,51001,45608,58,right hotdog,1,20,5,0,0.04045852463084384,20,20,0.85,0.6210731734546859,0.9679290628145363,1.0,0.8049356770309068,1.0,0.85,0.6210731734546859,0.9679290628145363,0.15000000000000002,0.0,0.0,80,0.875,0.7821108659305637,0.9383979034415657,1.0,0.9486662028489763,1.0,0.875,0.7821108659305637,0.9383979034415657,0.125,0.0,0.0,0.85
groundingdino,51001,45608,58,right hotdog,1,20,5,0,0.04045852463084384,40,40,0.875,0.7319670826382796,0.9581403738613833,1.0,0.8999675644278949,1.0,0.875,0.7319670826382796,0.9581403738613833,0.125,0.0,0.0,80,0.875,0.7821108659305637,0.9383979034415657,1.0,0.9486662028489763,1.0,0.875,0.7821108659305637,0.9383979034415657,0.125,0.0,0.0,0.875
groundingdino,565769,1435,22,elephant in backleft,1,20,5,0,0.40633794431475867,5,5,1.0,0.47817624989501856,1.0,1.0,0.47817624989501856,1.0,1.0,0.47817624989501856,1.0,0.0,0.0,0.0,80,1.0,0.9549359649323077,1.0,1.0,0.9549359649323077,1.0,1.0,0.9549359649323077,1.0,0.0,0.0,0.0,1.0
groundingdino,565769,1435,22,elephant in backleft,1,20,5,0,0.40633794431475867,10,10,1.0,0.6915028921812392,1.0,1.0,0.6915028921812392,1.0,1.0,0.6915028921812392,1.0,0.0,0.0,0.0,80,1.0,0.9549359649323077,1.0,1.0,0.9549359649323077,1.0,1.0,0.9549359649323077,1.0,0.0,0.0,0.0,1.0
groundingdino,565769,1435,22,elephant in backleft,1,20,5,0,0.40633794431475867,20,20,1.0,0.8315665290169146,1.0,1.0,0.8315665290169146,1.0,1.0,0.8315665290169146,1.0,0.0,0.0,0.0,80,1.0,0.9549359649323077,1.0,1.0,0.9549359649323077,1.0,1.0,0.9549359649323077,1.0,0.0,0.0,0.0,1.0
groundingdino,565769,1435,22,elephant in backleft,1,20,5,0,0.40633794431475867,40,40,1.0,0.9119026971211976,1.0,1.0,0.9119026971211976,1.0,1.0,0.9119026971211976,1.0,0.0,0.0,0.0,80,1.0,0.9549359649323077,1.0,1.0,0.9549359649323077,1.0,1.0,0.9549359649323077,1.0,0.0,0.0,0.0,1.0
groundingdino,158201,36383,67,blue item front of picture,1,20,5,1,0.8312814781503476,5,5,1.0,0.47817624989501856,1.0,1.0,0.47817624989501856,1.0,1.0,0.47817624989501856,1.0,0.0,0.0,0.0,80,1.0,0.9549359649323077,1.0,1.0,0.9549359649323077,1.0,1.0,0.9549359649323077,1.0,0.0,0.0,0.0,1.0
groundingdino,158201,36383,67,blue item front of picture,1,20,5,1,0.8312814781503476,10,10,1.0,0.6915028921812392,1.0,1.0,0.6915028921812392,1.0,1.0,0.6915028921812392,1.0,0.0,0.0,0.0,80,1.0,0.9549359649323077,1.0,1.0,0.9549359649323077,1.0,1.0,0.9549359649323077,1.0,0.0,0.0,0.0,1.0
groundingdino,158201,36383,67,blue item front of picture,1,20,5,1,0.8312814781503476,20,20,1.0,0.8315665290169146,1.0,1.0,0.8315665290169146,1.0,1.0,0.8315665290169146,1.0,0.0,0.0,0.0,80,1.0,0.9549359649323077,1.0,1.0,0.9549359649323077,1.0,1.0,0.9549359649323077,1.0,0.0,0.0,0.0,1.0
groundingdino,158201,36383,67,blue item front of picture,1,20,5,1,0.8312814781503476,40,40,1.0,0.9119026971211976,1.0,1.0,0.9119026971211976,1.0,1.0,0.9119026971211976,1.0,0.0,0.0,0.0,80,1.0,0.9549359649323077,1.0,1.0,0.9549359649323077,1.0,1.0,0.9549359649323077,1.0,0.0,0.0,0.0,1.0
groundingdino,486936,8272,62,middle chair,1,20,5,1,0.9740295185921072,5,5,1.0,0.47817624989501856,1.0,1.0,0.47817624989501856,1.0,1.0,0.47817624989501856,1.0,0.0,0.0,0.0,80,1.0,0.9549359649323077,1.0,1.0,0.9549359649323077,1.0,1.0,0.9549359649323077,1.0,0.0,0.0,0.0,1.0
groundingdino,486936,8272,62,middle chair,1,20,5,1,0.9740295185921072,10,10,1.0,0.6915028921812392,1.0,1.0,0.6915028921812392,1.0,1.0,0.6915028921812392,1.0,0.0,0.0,0.0,80,1.0,0.9549359649323077,1.0,1.0,0.9549359649323077,1.0,1.0,0.9549359649323077,1.0,0.0,0.0,0.0,1.0
groundingdino,486936,8272,62,middle chair,1,20,5,1,0.9740295185921072,20,20,1.0,0.8315665290169146,1.0,1.0,0.8315665290169146,1.0,1.0,0.8315665290169146,1.0,0.0,0.0,0.0,80,1.0,0.9549359649323077,1.0,1.0,0.9549359649323077,1.0,1.0,0.9549359649323077,1.0,0.0,0.0,0.0,1.0
groundingdino,486936,8272,62,middle chair,1,20,5,1,0.9740295185921072,40,40,1.0,0.9119026971211976,1.0,1.0,0.9119026971211976,1.0,1.0,0.9119026971211976,1.0,0.0,0.0,0.0,80,1.0,0.9549359649323077,1.0,1.0,0.9549359649323077,1.0,1.0,0.9549359649323077,1.0,0.0,0.0,0.0,1.0
groundingdino,253251,28488,64,kush plant blue pot,1,11,5,0,0.1997068444650064,5,5,1.0,0.47817624989501856,1.0,1.0,0.47817624989501856,1.0,1.0,0.47817624989501856,1.0,0.0,0.0,0.0,80,1.0,0.9549359649323077,1.0,0.975,0.9125928440694078,0.9969579138351904,0.975,0.9125928440694078,0.9969579138351904,0.0,0.025000000000000022,0.0,1.0
groundingdino,253251,28488,64,kush plant blue pot,1,11,5,0,0.1997068444650064,10,10,1.0,0.6915028921812392,1.0,1.0,0.6915028921812392,1.0,1.0,0.6915028921812392,1.0,0.0,0.0,0.0,80,1.0,0.9549359649323077,1.0,0.975,0.9125928440694078,0.9969579138351904,0.975,0.9125928440694078,0.9969579138351904,0.0,0.025000000000000022,0.0,1.0
groundingdino,253251,28488,64,kush plant blue pot,1,11,5,0,0.1997068444650064,20,20,1.0,0.8315665290169146,1.0,1.0,0.8315665290169146,1.0,1.0,0.8315665290169146,1.0,0.0,0.0,0.0,80,1.0,0.9549359649323077,1.0,0.975,0.9125928440694078,0.9969579138351904,0.975,0.9125928440694078,0.9969579138351904,0.0,0.025000000000000022,0.0,1.0
groundingdino,253251,28488,64,kush plant blue pot,1,11,5,0,0.1997068444650064,40,40,1.0,0.9119026971211976,1.0,1.0,0.9119026971211976,1.0,1.0,0.9119026971211976,1.0,0.0,0.0,0.0,80,1.0,0.9549359649323077,1.0,0.975,0.9125928440694078,0.9969579138351904,0.975,0.9125928440694078,0.9969579138351904,0.0,0.025000000000000022,0.0,1.0
groundingdino,83178,42764,1,guy on bottom left blue suit,1,20,5,1,0.9210633060098763,5,5,1.0,0.47817624989501856,1.0,1.0,0.47817624989501856,1.0,1.0,0.47817624989501856,1.0,0.0,0.0,0.0,80,0.925,0.8438720682639279,0.9719794538231588,1.0,0.9513723837620105,1.0,0.925,0.8438720682639279,0.9719794538231588,0.07499999999999996,0.0,0.0,1.0
groundingdino,83178,42764,1,guy on bottom left blue suit,1,20,5,1,0.9210633060098763,10,10,1.0,0.6915028921812392,1.0,1.0,0.6915028921812392,1.0,1.0,0.6915028921812392,1.0,0.0,0.0,0.0,80,0.925,0.8438720682639279,0.9719794538231588,1.0,0.9513723837620105,1.0,0.925,0.8438720682639279,0.9719794538231588,0.07499999999999996,0.0,0.0,1.0
groundingdino,83178,42764,1,guy on bottom left blue suit,1,20,5,1,0.9210633060098763,20,20,1.0,0.8315665290169146,1.0,1.0,0.8315665290169146,1.0,1.0,0.8315665290169146,1.0,0.0,0.0,0.0,80,0.925,0.8438720682639279,0.9719794538231588,1.0,0.9513723837620105,1.0,0.925,0.8438720682639279,0.9719794538231588,0.07499999999999996,0.0,0.0,1.0
groundingdino,83178,42764,1,guy on bottom left blue suit,1,20,5,1,0.9210633060098763,40,40,1.0,0.9119026971211976,1.0,1.0,0.9119026971211976,1.0,1.0,0.9119026971211976,1.0,0.0,0.0,0.0,80,0.925,0.8438720682639279,0.9719794538231588,1.0,0.9513723837620105,1.0,0.925,0.8438720682639279,0.9719794538231588,0.07499999999999996,0.0,0.0,1.0
groundingdino,399922,15789,1,ladie jacket walking bike,1,20,5,0,0.4150197202579333,5,5,0.8,0.2835820638819106,0.9949492366205319,1.0,0.3976353643835254,1.0,0.8,0.2835820638819106,0.9949492366205319,0.19999999999999996,0.0,0.0,80,0.75,0.64063652409315,0.8401203554931442,0.9666666666666667,0.8847189555807483,0.9959373753579065,0.725,0.6137565791555908,0.8189623614429612,0.25,0.024999999999999994,2.7755575615628914e-17,0.8
groundingdino,399922,15789,1,ladie jacket walking bike,1,20,5,0,0.4150197202579333,10,10,0.7,0.34754714994000274,0.9332604888222655,1.0,0.5903836027749967,1.0,0.7,0.34754714994000274,0.9332604888222655,0.30000000000000004,0.0,0.0,80,0.75,0.64063652409315,0.8401203554931442,0.9666666666666667,0.8847189555807483,0.9959373753579065,0.725,0.6137565791555908,0.8189623614429612,0.25,0.024999999999999994,2.7755575615628914e-17,0.7
groundingdino,399922,15789,1,ladie jacket walking bike,1,20,5,0,0.4150197202579333,20,20,0.85,0.6210731734546859,0.9679290628145363,1.0,0.8049356770309068,1.0,0.85,0.6210731734546859,0.9679290628145363,0.15000000000000002,0.0,0.0,80,0.75,0.64063652409315,0.8401203554931442,0.9666666666666667,0.8847189555807483,0.9959373753579065,0.725,0.6137565791555908,0.8189623614429612,0.25,0.024999999999999994,2.7755575615628914e-17,0.85
groundingdino,399922,15789,1,ladie jacket walking bike,1,20,5,0,0.4150197202579333,40,40,0.825,0.6722098666384142,0.9266172706479148,1.0,0.8942371899254207,1.0,0.825,0.6722098666384142,0.9266172706479148,0.17500000000000004,0.0,0.0,80,0.75,0.64063652409315,0.8401203554931442,0.9666666666666667,0.8847189555807483,0.9959373753579065,0.725,0.6137565791555908,0.8189623614429612,0.25,0.024999999999999994,2.7755575615628914e-17,0.825
groundingdino,270369,26993,1,woman blue,1,15,5,1,0.9277023407143424,5,5,1.0,0.47817624989501856,1.0,0.8,0.2835820638819106,0.9949492366205319,0.8,0.2835820638819106,0.9949492366205319,0.0,0.19999999999999996,0.0,80,1.0,0.9549359649323077,1.0,0.9125,0.8279916615801152,0.9640936410104413,0.9125,0.8279916615801152,0.9640936410104413,0.0,0.08750000000000002,0.0,0.8
groundingdino,270369,26993,1,woman blue,1,15,5,1,0.9277023407143424,10,10,1.0,0.6915028921812392,1.0,0.9,0.5549838829718046,0.9974714214555382,0.9,0.5549838829718046,0.9974714214555382,0.0,0.09999999999999998,0.0,80,1.0,0.9549359649323077,1.0,0.9125,0.8279916615801152,0.9640936410104413,0.9125,0.8279916615801152,0.9640936410104413,0.0,0.08750000000000002,0.0,0.9
groundingdino,270369,26993,1,woman blue,1,15,5,1,0.9277023407143424,20,20,1.0,0.8315665290169146,1.0,0.9,0.6830172859809176,0.9876514728297052,0.9,0.6830172859809176,0.9876514728297052,0.0,0.09999999999999998,0.0,80,1.0,0.9549359649323077,1.0,0.9125,0.8279916615801152,0.9640936410104413,0.9125,0.8279916615801152,0.9640936410104413,0.0,0.08750000000000002,0.0,0.9
groundingdino,270369,26993,1,woman blue,1,15,5,1,0.9277023407143424,40,40,1.0,0.9119026971211976,1.0,0.875,0.7319670826382796,0.9581403738613833,0.875,0.7319670826382796,0.9581403738613833,0.0,0.125,0.0,80,1.0,0.9549359649323077,1.0,0.9125,0.8279916615801152,0.9640936410104413,0.9125,0.8279916615801152,0.9640936410104413,0.0,0.08750000000000002,0.0,0.875
groundingdino,417220,14332,33,case top of pink one,1,20,5,0,0.176905202289676,5,5,0.8,0.2835820638819106,0.9949492366205319,1.0,0.3976353643835254,1.0,0.8,0.2835820638819106,0.9949492366205319,0.19999999999999996,0.0,0.0,80,1.0,0.9549359649323077,1.0,1.0,0.9549359649323077,1.0,1.0,0.9549359649323077,1.0,0.0,0.0,0.0,0.8
groundingdino,417220,14332,33,case top of pink one,1,20,5,0,0.176905202289676,10,10,0.9,0.5549838829718046,0.9974714214555382,1.0,0.6637328831200572,1.0,0.9,0.5549838829718046,0.9974714214555382,0.09999999999999998,0.0,0.0,80,1.0,0.9549359649323077,1.0,1.0,0.9549359649323077,1.0,1.0,0.9549359649323077,1.0,0.0,0.0,0.0,0.9
groundingdino,417220,14332,33,case top of pink one,1,20,5,0,0.176905202289676,20,20,0.9,0.6830172859809176,0.9876514728297052,1.0,0.8146980318621478,1.0,0.9,0.6830172859809176,0.9876514728297052,0.09999999999999998,0.0,0.0,80,1.0,0.9549359649323077,1.0,1.0,0.9549359649323077,1.0,1.0,0.9549359649323077,1.0,0.0,0.0,0.0,0.9
groundingdino,417220,14332,33,case top of pink one,1,20,5,0,0.176905202289676,40,40,0.95,0.8308031360405824,0.9938863534006491,1.0,0.9074872385841217,1.0,0.95,0.8308031360405824,0.9938863534006491,0.050000000000000044,0.0,0.0,80,1.0,0.9549359649323077,1.0,1.0,0.9549359649323077,1.0,1.0,0.9549359649323077,1.0,0.0,0.0,0.0,0.95
groundingdino,251368,28680,1,khaki pants in back behind dog,1,20,5,0,0.4453034037518219,5,5,1.0,0.47817624989501856,1.0,1.0,0.47817624989501856,1.0,1.0,0.47817624989501856,1.0,0.0,0.0,0.0,80,1.0,0.9549359649323077,1.0,1.0,0.9549359649323077,1.0,1.0,0.9549359649323077,1.0,0.0,0.0,0.0,1.0
groundingdino,251368,28680,1,khaki pants in back behind dog,1,20,5,0,0.4453034037518219,10,10,1.0,0.6915028921812392,1.0,1.0,0.6915028921812392,1.0,1.0,0.6915028921812392,1.0,0.0,0.0,0.0,80,1.0,0.9549359649323077,1.0,1.0,0.9549359649323077,1.0,1.0,0.9549359649323077,1.0,0.0,0.0,0.0,1.0
groundingdino,251368,28680,1,khaki pants in back behind dog,1,20,5,0,0.4453034037518219,20,20,1.0,0.8315665290169146,1.0,1.0,0.8315665290169146,1.0,1.0,0.8315665290169146,1.0,0.0,0.0,0.0,80,1.0,0.9549359649323077,1.0,1.0,0.9549359649323077,1.0,1.0,0.9549359649323077,1.0,0.0,0.0,0.0,1.0
groundingdino,251368,28680,1,khaki pants in back behind dog,1,20,5,0,0.4453034037518219,40,40,1.0,0.9119026971211976,1.0,1.0,0.9119026971211976,1.0,1.0,0.9119026971211976,1.0,0.0,0.0,0.0,80,1.0,0.9549359649323077,1.0,1.0,0.9549359649323077,1.0,1.0,0.9549359649323077,1.0,0.0,0.0,0.0,1.0
groundingdino,478712,9015,1,man on the left,1,20,5,1,0.9729083430616925,5,5,1.0,0.47817624989501856,1.0,1.0,0.47817624989501856,1.0,1.0,0.47817624989501856,1.0,0.0,0.0,0.0,80,0.975,0.9125928440694078,0.9969579138351904,0.9743589743589743,0.9104266728536723,0.996879527517066,0.95,0.876901263556847,0.9862106060235382,0.025000000000000022,0.02500000000000002,3.469446951953614e-18,1.0
groundingdino,478712,9015,1,man on the left,1,20,5,1,0.9729083430616925,10,10,1.0,0.6915028921812392,1.0,1.0,0.6915028921812392,1.0,1.0,0.6915028921812392,1.0,0.0,0.0,0.0,80,0.975,0.9125928440694078,0.9969579138351904,0.9743589743589743,0.9104266728536723,0.996879527517066,0.95,0.876901263556847,0.9862106060235382,0.025000000000000022,0.02500000000000002,3.469446951953614e-18,1.0
groundingdino,478712,9015,1,man on the left,1,20,5,1,0.9729083430616925,20,20,0.9,0.6830172859809176,0.9876514728297052,1.0,0.8146980318621478,1.0,0.9,0.6830172859809176,0.9876514728297052,0.09999999999999998,0.0,0.0,80,0.975,0.9125928440694078,0.9969579138351904,0.9743589743589743,0.9104266728536723,0.996879527517066,0.95,0.876901263556847,0.9862106060235382,0.025000000000000022,0.02500000000000002,3.469446951953614e-18,0.9
groundingdino,478712,9015,1,man on the left,1,20,5,1,0.9729083430616925,40,40,0.95,0.8308031360405824,0.9938863534006491,0.9736842105263158,0.8619009702075799,0.9993339637957976,0.925,0.796135251267101,0.9842578201489585,0.050000000000000044,0.02499999999999997,5.898059818321144e-17,80,0.975,0.9125928440694078,0.9969579138351904,0.9743589743589743,0.9104266728536723,0.996879527517066,0.95,0.876901263556847,0.9862106060235382,0.025000000000000022,0.02500000000000002,3.469446951953614e-18,0.925
groundingdino,279415,26295,1,guy in the middle,1,20,5,0,0.4649985370029557,5,5,1.0,0.47817624989501856,1.0,1.0,0.47817624989501856,1.0,1.0,0.47817624989501856,1.0,0.0,0.0,0.0,80,1.0,0.9549359649323077,1.0,0.875,0.7821108659305637,0.9383979034415657,0.875,0.7821108659305637,0.9383979034415657,0.0,0.125,0.0,1.0
groundingdino,279415,26295,1,guy in the middle,1,20,5,0,0.4649985370029557,10,10,1.0,0.6915028921812392,1.0,0.9,0.5549838829718046,0.9974714214555382,0.9,0.5549838829718046,0.9974714214555382,0.0,0.09999999999999998,0.0,80,1.0,0.9549359649323077,1.0,0.875,0.7821108659305637,0.9383979034415657,0.875,0.7821108659305637,0.9383979034415657,0.0,0.125,0.0,0.9
groundingdino,279415,26295,1,guy in the middle,1,20,5,0,0.4649985370029557,20,20,1.0,0.8315665290169146,1.0,0.9,0.6830172859809176,0.9876514728297052,0.9,0.6830172859809176,0.9876514728297052,0.0,0.09999999999999998,0.0,80,1.0,0.9549359649323077,1.0,0.875,0.7821108659305637,0.9383979034415657,0.875,0.7821108659305637,0.9383979034415657,0.0,0.125,0.0,0.9
groundingdino,279415,26295,1,guy in the middle,1,20,5,0,0.4649985370029557,40,40,1.0,0.9119026971211976,1.0,0.925,0.796135251267101,0.9842578201489585,0.925,0.796135251267101,0.9842578201489585,0.0,0.07499999999999996,0.0,80,1.0,0.9549359649323077,1.0,0.875,0.7821108659305637,0.9383979034415657,0.875,0.7821108659305637,0.9383979034415657,0.0,0.125,0.0,0.925
groundingdino,438196,12529,1,right side black shirt no backpack,1,20,5,0,0.0,5,5,1.0,0.47817624989501856,1.0,1.0,0.47817624989501856,1.0,1.0,0.47817624989501856,1.0,0.0,0.0,0.0,80,0.75,0.64063652409315,0.8401203554931442,0.9333333333333333,0.8380132448022711,0.9815382224241185,0.7,0.587240676918624,0.7974260708533272,0.25,0.04999999999999999,5.551115123125783e-17,1.0
groundingdino,438196,12529,1,right side black shirt no backpack,1,20,5,0,0.0,10,10,0.7,0.34754714994000274,0.9332604888222655,1.0,0.5903836027749967,1.0,0.7,0.34754714994000274,0.9332604888222655,0.30000000000000004,0.0,0.0,80,0.75,0.64063652409315,0.8401203554931442,0.9333333333333333,0.8380132448022711,0.9815382224241185,0.7,0.587240676918624,0.7974260708533272,0.25,0.04999999999999999,5.551115123125783e-17,0.7
groundingdino,438196,12529,1,right side black shirt no backpack,1,20,5,0,0.0,20,20,0.8,0.5633859970033317,0.9426660029499673,0.9375,0.6976792615654681,0.9984188882772341,0.75,0.5089541282920425,0.9134285308985653,0.19999999999999996,0.05,4.163336342344337e-17,80,0.75,0.64063652409315,0.8401203554931442,0.9333333333333333,0.8380132448022711,0.9815382224241185,0.7,0.587240676918624,0.7974260708533272,0.25,0.04999999999999999,5.551115123125783e-17,0.75
groundingdino,438196,12529,1,right side black shirt no backpack,1,20,5,0,0.0,40,40,0.8,0.6435219813207653,0.9094775906000093,0.9375,0.7919305701049926,0.9923392636535436,0.75,0.5880380198485702,0.873085201067155,0.19999999999999996,0.05,4.163336342344337e-17,80,0.75,0.64063652409315,0.8401203554931442,0.9333333333333333,0.8380132448022711,0.9815382224241185,0.7,0.587240676918624,0.7974260708533272,0.25,0.04999999999999999,5.551115123125783e-17,0.75
groundingdino,199888,33052,22,front elephant,1,20,5,1,0.9852238942713316,5,5,1.0,0.47817624989501856,1.0,1.0,0.47817624989501856,1.0,1.0,0.47817624989501856,1.0,0.0,0.0,0.0,80,1.0,0.9549359649323077,1.0,1.0,0.9549359649323077,1.0,1.0,0.9549359649323077,1.0,0.0,0.0,0.0,1.0
groundingdino,199888,33052,22,front elephant,1,20,5,1,0.9852238942713316,10,10,1.0,0.6915028921812392,1.0,1.0,0.6915028921812392,1.0,1.0,0.6915028921812392,1.0,0.0,0.0,0.0,80,1.0,0.9549359649323077,1.0,1.0,0.9549359649323077,1.0,1.0,0.9549359649323077,1.0,0.0,0.0,0.0,1.0
groundingdino,199888,33052,22,front elephant,1,20,5,1,0.9852238942713316,20,20,1.0,0.8315665290169146,1.0,1.0,0.8315665290169146,1.0,1.0,0.8315665290169146,1.0,0.0,0.0,0.0,80,1.0,0.9549359649323077,1.0,1.0,0.9549359649323077,1.0,1.0,0.9549359649323077,1.0,0.0,0.0,0.0,1.0
groundingdino,199888,33052,22,front elephant,1,20,5,1,0.9852238942713316,40,40,1.0,0.9119026971211976,1.0,1.0,0.9119026971211976,1.0,1.0,0.9119026971211976,1.0,0.0,0.0,0.0,80,1.0,0.9549359649323077,1.0,1.0,0.9549359649323077,1.0,1.0,0.9549359649323077,1.0,0.0,0.0,0.0,1.0
groundingdino,369019,18441,1,white jersey,1,20,5,0,0.0,5,5,1.0,0.47817624989501856,1.0,1.0,0.47817624989501856,1.0,1.0,0.47817624989501856,1.0,0.0,0.0,0.0,80,1.0,0.9549359649323077,1.0,1.0,0.9549359649323077,1.0,1.0,0.9549359649323077,1.0,0.0,0.0,0.0,1.0
groundingdino,369019,18441,1,white jersey,1,20,5,0,0.0,10,10,1.0,0.6915028921812392,1.0,1.0,0.6915028921812392,1.0,1.0,0.6915028921812392,1.0,0.0,0.0,0.0,80,1.0,0.9549359649323077,1.0,1.0,0.9549359649323077,1.0,1.0,0.9549359649323077,1.0,0.0,0.0,0.0,1.0
groundingdino,369019,18441,1,white jersey,1,20,5,0,0.0,20,20,1.0,0.8315665290169146,1.0,1.0,0.8315665290169146,1.0,1.0,0.8315665290169146,1.0,0.0,0.0,0.0,80,1.0,0.9549359649323077,1.0,1.0,0.9549359649323077,1.0,1.0,0.9549359649323077,1.0,0.0,0.0,0.0,1.0
groundingdino,369019,18441,1,white jersey,1,20,5,0,0.0,40,40,1.0,0.9119026971211976,1.0,1.0,0.9119026971211976,1.0,1.0,0.9119026971211976,1.0,0.0,0.0,0.0,80,1.0,0.9549359649323077,1.0,1.0,0.9549359649323077,1.0,1.0,0.9549359649323077,1.0,0.0,0.0,0.0,1.0
groundingdino,180179,34674,24,upper right large zebra head,1,20,5,1,0.9056609435851347,5,5,1.0,0.47817624989501856,1.0,1.0,0.47817624989501856,1.0,1.0,0.47817624989501856,1.0,0.0,0.0,0.0,80,1.0,0.9549359649323077,1.0,1.0,0.9549359649323077,1.0,1.0,0.9549359649323077,1.0,0.0,0.0,0.0,1.0
groundingdino,180179,34674,24,upper right large zebra head,1,20,5,1,0.9056609435851347,10,10,1.0,0.6915028921812392,1.0,1.0,0.6915028921812392,1.0,1.0,0.6915028921812392,1.0,0.0,0.0,0.0,80,1.0,0.9549359649323077,1.0,1.0,0.9549359649323077,1.0,1.0,0.9549359649323077,1.0,0.0,0.0,0.0,1.0
groundingdino,180179,34674,24,upper right large zebra head,1,20,5,1,0.9056609435851347,20,20,1.0,0.8315665290169146,1.0,1.0,0.8315665290169146,1.0,1.0,0.8315665290169146,1.0,0.0,0.0,0.0,80,1.0,0.9549359649323077,1.0,1.0,0.9549359649323077,1.0,1.0,0.9549359649323077,1.0,0.0,0.0,0.0,1.0
groundingdino,180179,34674,24,upper right large zebra head,1,20,5,1,0.9056609435851347,40,40,1.0,0.9119026971211976,1.0,1.0,0.9119026971211976,1.0,1.0,0.9119026971211976,1.0,0.0,0.0,0.0,80,1.0,0.9549359649323077,1.0,1.0,0.9549359649323077,1.0,1.0,0.9549359649323077,1.0,0.0,0.0,0.0,1.0
groundingdino,233878,30137,51,mac and cheese,1,20,5,1,0.7953719379490408,5,5,0.8,0.2835820638819106,0.9949492366205319,1.0,0.3976353643835254,1.0,0.8,0.2835820638819106,0.9949492366205319,0.19999999999999996,0.0,0.0,80,0.9625,0.8942980149834914,0.9921988127342833,1.0,0.9532219318395959,1.0,0.9625,0.8942980149834914,0.9921988127342833,0.03749999999999998,0.0,0.0,0.8
groundingdino,233878,30137,51,mac and cheese,1,20,5,1,0.7953719379490408,10,10,0.9,0.5549838829718046,0.9974714214555382,1.0,0.6637328831200572,1.0,0.9,0.5549838829718046,0.9974714214555382,0.09999999999999998,0.0,0.0,80,0.9625,0.8942980149834914,0.9921988127342833,1.0,0.9532219318395959,1.0,0.9625,0.8942980149834914,0.9921988127342833,0.03749999999999998,0.0,0.0,0.9
groundingdino,233878,30137,51,mac and cheese,1,20,5,1,0.7953719379490408,20,20,0.95,0.7512672372279723,0.9987349105020502,1.0,0.8235330881930346,1.0,0.95,0.7512672372279723,0.9987349105020502,0.050000000000000044,0.0,0.0,80,0.9625,0.8942980149834914,0.9921988127342833,1.0,0.9532219318395959,1.0,0.9625,0.8942980149834914,0.9921988127342833,0.03749999999999998,0.0,0.0,0.95
groundingdino,233878,30137,51,mac and cheese,1,20,5,1,0.7953719379490408,40,40,0.975,0.8684141415172343,0.9993672550679505,1.0,0.9097488990396657,1.0,0.975,0.8684141415172343,0.9993672550679505,0.025000000000000022,0.0,0.0,80,0.9625,0.8942980149834914,0.9921988127342833,1.0,0.9532219318395959,1.0,0.9625,0.8942980149834914,0.9921988127342833,0.03749999999999998,0.0,0.0,0.975
groundingdino,383512,17235,6,section of the bus on the far right,1,20,5,0,0.008544814582768593,5,5,1.0,0.47817624989501856,1.0,0.6,0.14663279963467318,0.9472550494736831,0.6,0.14663279963467318,0.9472550494736831,0.0,0.4,0.0,80,0.8,0.6956311329945355,0.8811409135950147,0.765625,0.6430658896037342,0.8624845215594039,0.6125,0.4969755425018991,0.7194348668752178,0.19999999999999996,0.1875,0.0,0.6
groundingdino,383512,17235,6,section of the bus on the far right,1,20,5,0,0.008544814582768593,10,10,0.9,0.5549838829718046,0.9974714214555382,0.5555555555555556,0.21200850677886804,0.8630043377348335,0.5,0.18708602844739855,0.8129139715526015,0.09999999999999998,0.39999999999999997,5.551115123125783e-17,80,0.8,0.6956311329945355,0.8811409135950147,0.765625,0.6430658896037342,0.8624845215594039,0.6125,0.4969755425018991,0.7194348668752178,0.19999999999999996,0.1875,0.0,0.5
groundingdino,383512,17235,6,section of the bus on the far right,1,20,5,0,0.008544814582768593,20,20,0.8,0.5633859970033317,0.9426660029499673,0.6875,0.4133793635486414,0.8898300452828823,0.55,0.3152781330405486,0.7694221032240758,0.19999999999999996,0.25,0.0,80,0.8,0.6956311329945355,0.8811409135950147,0.765625,0.6430658896037342,0.8624845215594039,0.6125,0.4969755425018991,0.7194348668752178,0.19999999999999996,0.1875,0.0,0.55
groundingdino,383512,17235,6,section of the bus on the far right,1,20,5,0,0.008544814582768593,40,40,0.825,0.6722098666384142,0.9266172706479148,0.6363636363636364,0.4512453552173484,0.79599692554488,0.525,0.36128013526406216,0.6848802933650138,0.17500000000000004,0.3,5.551115123125783e-17,80,0.8,0.6956311329945355,0.8811409135950147,0.765625,0.6430658896037342,0.8624845215594039,0.6125,0.4969755425018991,0.7194348668752178,0.19999999999999996,0.1875,0.0,0.525
groundingdino,224891,30859,25,smaller giraffe,1,20,5,0,0.31045576816381637,5,5,1.0,0.47817624989501856,1.0,1.0,0.47817624989501856,1.0,1.0,0.47817624989501856,1.0,0.0,0.0,0.0,80,1.0,0.9549359649323077,1.0,1.0,0.9549359649323077,1.0,1.0,0.9549359649323077,1.0,0.0,0.0,0.0,1.0
groundingdino,224891,30859,25,smaller giraffe,1,20,5,0,0.31045576816381637,10,10,1.0,0.6915028921812392,1.0,1.0,0.6915028921812392,1.0,1.0,0.6915028921812392,1.0,0.0,0.0,0.0,80,1.0,0.9549359649323077,1.0,1.0,0.9549359649323077,1.0,1.0,0.9549359649323077,1.0,0.0,0.0,0.0,1.0
groundingdino,224891,30859,25,smaller giraffe,1,20,5,0,0.31045576816381637,20,20,1.0,0.8315665290169146,1.0,1.0,0.8315665290169146,1.0,1.0,0.8315665290169146,1.0,0.0,0.0,0.0,80,1.0,0.9549359649323077,1.0,1.0,0.9549359649323077,1.0,1.0,0.9549359649323077,1.0,0.0,0.0,0.0,1.0
groundingdino,224891,30859,25,smaller giraffe,1,20,5,0,0.31045576816381637,40,40,1.0,0.9119026971211976,1.0,1.0,0.9119026971211976,1.0,1.0,0.9119026971211976,1.0,0.0,0.0,0.0,80,1.0,0.9549359649323077,1.0,1.0,0.9549359649323077,1.0,1.0,0.9549359649323077,1.0,0.0,0.0,0.0,1.0
groundingdino,540436,3652,67,table behind plate,1,20,5,0,0.06683250197265715,5,5,1.0,0.47817624989501856,1.0,1.0,0.47817624989501856,1.0,1.0,0.47817624989501856,1.0,0.0,0.0,0.0,80,1.0,0.9549359649323077,1.0,1.0,0.9549359649323077,1.0,1.0,0.9549359649323077,1.0,0.0,0.0,0.0,1.0
groundingdino,540436,3652,67,table behind plate,1,20,5,0,0.06683250197265715,10,10,1.0,0.6915028921812392,1.0,1.0,0.6915028921812392,1.0,1.0,0.6915028921812392,1.0,0.0,0.0,0.0,80,1.0,0.9549359649323077,1.0,1.0,0.9549359649323077,1.0,1.0,0.9549359649323077,1.0,0.0,0.0,0.0,1.0
groundingdino,540436,3652,67,table behind plate,1,20,5,0,0.06683250197265715,20,20,1.0,0.8315665290169146,1.0,1.0,0.8315665290169146,1.0,1.0,0.8315665290169146,1.0,0.0,0.0,0.0,80,1.0,0.9549359649323077,1.0,1.0,0.9549359649323077,1.0,1.0,0.9549359649323077,1.0,0.0,0.0,0.0,1.0
groundingdino,540436,3652,67,table behind plate,1,20,5,0,0.06683250197265715,40,40,1.0,0.9119026971211976,1.0,1.0,0.9119026971211976,1.0,1.0,0.9119026971211976,1.0,0.0,0.0,0.0,80,1.0,0.9549359649323077,1.0,1.0,0.9549359649323077,1.0,1.0,0.9549359649323077,1.0,0.0,0.0,0.0,1.0
groundingdino,535561,4053,1,suit,1,13,5,1,0.945029997681674,5,5,1.0,0.47817624989501856,1.0,1.0,0.47817624989501856,1.0,1.0,0.47817624989501856,1.0,0.0,0.0,0.0,80,1.0,0.9549359649323077,1.0,1.0,0.9549359649323077,1.0,1.0,0.9549359649323077,1.0,0.0,0.0,0.0,1.0
groundingdino,535561,4053,1,suit,1,13,5,1,0.945029997681674,10,10,1.0,0.6915028921812392,1.0,1.0,0.6915028921812392,1.0,1.0,0.6915028921812392,1.0,0.0,0.0,0.0,80,1.0,0.9549359649323077,1.0,1.0,0.9549359649323077,1.0,1.0,0.9549359649323077,1.0,0.0,0.0,0.0,1.0
groundingdino,535561,4053,1,suit,1,13,5,1,0.945029997681674,20,20,1.0,0.8315665290169146,1.0,1.0,0.8315665290169146,1.0,1.0,0.8315665290169146,1.0,0.0,0.0,0.0,80,1.0,0.9549359649323077,1.0,1.0,0.9549359649323077,1.0,1.0,0.9549359649323077,1.0,0.0,0.0,0.0,1.0
groundingdino,535561,4053,1,suit,1,13,5,1,0.945029997681674,40,40,1.0,0.9119026971211976,1.0,1.0,0.9119026971211976,1.0,1.0,0.9119026971211976,1.0,0.0,0.0,0.0,80,1.0,0.9549359649323077,1.0,1.0,0.9549359649323077,1.0,1.0,0.9549359649323077,1.0,0.0,0.0,0.0,1.0
groundingdino,254821,28366,73,red laptop,1,4,4,1,0.9657829524464911,5,5,1.0,0.47817624989501856,1.0,1.0,0.47817624989501856,1.0,1.0,0.47817624989501856,1.0,0.0,0.0,0.0,80,0.9875,0.9323122155360776,0.9996835774723672,1.0,0.9543787472413889,1.0,0.9875,0.9323122155360776,0.9996835774723672,0.012499999999999956,0.0,0.0,1.0
groundingdino,254821,28366,73,red laptop,1,4,4,1,0.9657829524464911,10,10,1.0,0.6915028921812392,1.0,1.0,0.6915028921812392,1.0,1.0,0.6915028921812392,1.0,0.0,0.0,0.0,80,0.9875,0.9323122155360776,0.9996835774723672,1.0,0.9543787472413889,1.0,0.9875,0.9323122155360776,0.9996835774723672,0.012499999999999956,0.0,0.0,1.0
groundingdino,254821,28366,73,red laptop,1,4,4,1,0.9657829524464911,20,20,1.0,0.8315665290169146,1.0,1.0,0.8315665290169146,1.0,1.0,0.8315665290169146,1.0,0.0,0.0,0.0,80,0.9875,0.9323122155360776,0.9996835774723672,1.0,0.9543787472413889,1.0,0.9875,0.9323122155360776,0.9996835774723672,0.012499999999999956,0.0,0.0,1.0
groundingdino,254821,28366,73,red laptop,1,4,4,1,0.9657829524464911,40,40,1.0,0.9119026971211976,1.0,1.0,0.9119026971211976,1.0,1.0,0.9119026971211976,1.0,0.0,0.0,0.0,80,0.9875,0.9323122155360776,0.9996835774723672,1.0,0.9543787472413889,1.0,0.9875,0.9323122155360776,0.9996835774723672,0.012499999999999956,0.0,0.0,1.0
groundingdino,3518,49728,52,bottom banana,1,10,5,0,0.0,5,5,1.0,0.47817624989501856,1.0,1.0,0.47817624989501856,1.0,1.0,0.47817624989501856,1.0,0.0,0.0,0.0,80,0.85,0.7526358884071023,0.9200184386902862,0.9411764705882353,0.8561821745079986,0.9837418390106527,0.8,0.6956311329945355,0.8811409135950147,0.15000000000000002,0.05000000000000001,7.632783294297951e-17,1.0
groundingdino,3518,49728,52,bottom banana,1,10,5,0,0.0,10,10,0.9,0.5549838829718046,0.9974714214555382,1.0,0.6637328831200572,1.0,0.9,0.5549838829718046,0.9974714214555382,0.09999999999999998,0.0,0.0,80,0.85,0.7526358884071023,0.9200184386902862,0.9411764705882353,0.8561821745079986,0.9837418390106527,0.8,0.6956311329945355,0.8811409135950147,0.15000000000000002,0.05000000000000001,7.632783294297951e-17,0.9
groundingdino,3518,49728,52,bottom banana,1,10,5,0,0.0,20,20,0.9,0.6830172859809176,0.9876514728297052,1.0,0.8146980318621478,1.0,0.9,0.6830172859809176,0.9876514728297052,0.09999999999999998,0.0,0.0,80,0.85,0.7526358884071023,0.9200184386902862,0.9411764705882353,0.8561821745079986,0.9837418390106527,0.8,0.6956311329945355,0.8811409135950147,0.15000000000000002,0.05000000000000001,7.632783294297951e-17,0.9
groundingdino,3518,49728,52,bottom banana,1,10,5,0,0.0,40,40,0.85,0.7016473331604236,0.9428977418454741,1.0,0.8971820757409874,1.0,0.85,0.7016473331604236,0.9428977418454741,0.15000000000000002,0.0,0.0,80,0.85,0.7526358884071023,0.9200184386902862,0.9411764705882353,0.8561821745079986,0.9837418390106527,0.8,0.6956311329945355,0.8811409135950147,0.15000000000000002,0.05000000000000001,7.632783294297951e-17,0.85
groundingdino,227825,30602,1,black guy,1,7,5,1,0.9497847405212807,5,5,0.8,0.2835820638819106,0.9949492366205319,1.0,0.3976353643835254,1.0,0.8,0.2835820638819106,0.9949492366205319,0.19999999999999996,0.0,0.0,80,0.825,0.7238459604789864,0.9008894901605713,1.0,0.945641152829878,1.0,0.825,0.7238459604789864,0.9008894901605713,0.17500000000000004,0.0,0.0,0.8
groundingdino,227825,30602,1,black guy,1,7,5,1,0.9497847405212807,10,10,0.8,0.4439045376923585,0.9747892736731666,1.0,0.6305833524471808,1.0,0.8,0.4439045376923585,0.9747892736731666,0.19999999999999996,0.0,0.0,80,0.825,0.7238459604789864,0.9008894901605713,1.0,0.945641152829878,1.0,0.825,0.7238459604789864,0.9008894901605713,0.17500000000000004,0.0,0.0,0.8
groundingdino,227825,30602,1,black guy,1,7,5,1,0.9497847405212807,20,20,0.9,0.6830172859809176,0.9876514728297052,1.0,0.8146980318621478,1.0,0.9,0.6830172859809176,0.9876514728297052,0.09999999999999998,0.0,0.0,80,0.825,0.7238459604789864,0.9008894901605713,1.0,0.945641152829878,1.0,0.825,0.7238459604789864,0.9008894901605713,0.17500000000000004,0.0,0.0,0.9
groundingdino,227825,30602,1,black guy,1,7,5,1,0.9497847405212807,40,40,0.8,0.6435219813207653,0.9094775906000093,1.0,0.8911188393206472,1.0,0.8,0.6435219813207653,0.9094775906000093,0.19999999999999996,0.0,0.0,80,0.825,0.7238459604789864,0.9008894901605713,1.0,0.945641152829878,1.0,0.825,0.7238459604789864,0.9008894901605713,0.17500000000000004,0.0,0.0,0.8
groundingdino,264781,27477,1,right person,1,6,4,0,0.0,5,5,1.0,0.47817624989501856,1.0,1.0,0.47817624989501856,1.0,1.0,0.47817624989501856,1.0,0.0,0.0,0.0,80,0.925,0.8438720682639279,0.9719794538231588,0.9054054054054054,0.8147623835265264,0.9611159730010648,0.8375,0.7381631061748872,0.9105383582774708,0.07499999999999996,0.08750000000000004,1.3877787807814457e-17,1.0
groundingdino,264781,27477,1,right person,1,6,4,0,0.0,10,10,1.0,0.6915028921812392,1.0,1.0,0.6915028921812392,1.0,1.0,0.6915028921812392,1.0,0.0,0.0,0.0,80,0.925,0.8438720682639279,0.9719794538231588,0.9054054054054054,0.8147623835265264,0.9611159730010648,0.8375,0.7381631061748872,0.9105383582774708,0.07499999999999996,0.08750000000000004,1.3877787807814457e-17,1.0
groundingdino,264781,27477,1,right person,1,6,4,0,0.0,20,20,1.0,0.8315665290169146,1.0,0.95,0.7512672372279723,0.9987349105020502,0.95,0.7512672372279723,0.9987349105020502,0.0,0.050000000000000044,0.0,80,0.925,0.8438720682639279,0.9719794538231588,0.9054054054054054,0.8147623835265264,0.9611159730010648,0.8375,0.7381631061748872,0.9105383582774708,0.07499999999999996,0.08750000000000004,1.3877787807814457e-17,0.95
groundingdino,264781,27477,1,right person,1,6,4,0,0.0,40,40,1.0,0.9119026971211976,1.0,0.925,0.796135251267101,0.9842578201489585,0.925,0.796135251267101,0.9842578201489585,0.0,0.07499999999999996,0.0,80,0.925,0.8438720682639279,0.9719794538231588,0.9054054054054054,0.8147623835265264,0.9611159730010648,0.8375,0.7381631061748872,0.9105383582774708,0.07499999999999996,0.08750000000000004,1.3877787807814457e-17,0.925
groundingdino,103419,41004,73,right screen,1,20,5,0,0.0,5,5,1.0,0.47817624989501856,1.0,0.8,0.2835820638819106,0.9949492366205319,0.8,0.2835820638819106,0.9949492366205319,0.0,0.19999999999999996,0.0,80,1.0,0.9549359649323077,1.0,0.8375,0.7381631061748872,0.9105383582774708,0.8375,0.7381631061748872,0.9105383582774708,0.0,0.16249999999999998,0.0,0.8
groundingdino,103419,41004,73,right screen,1,20,5,0,0.0,10,10,1.0,0.6915028921812392,1.0,0.8,0.4439045376923585,0.9747892736731666,0.8,0.4439045376923585,0.9747892736731666,0.0,0.19999999999999996,0.0,80,1.0,0.9549359649323077,1.0,0.8375,0.7381631061748872,0.9105383582774708,0.8375,0.7381631061748872,0.9105383582774708,0.0,0.16249999999999998,0.0,0.8
groundingdino,103419,41004,73,right screen,1,20,5,0,0.0,20,20,1.0,0.8315665290169146,1.0,0.85,0.6210731734546859,0.9679290628145363,0.85,0.6210731734546859,0.9679290628145363,0.0,0.15000000000000002,0.0,80,1.0,0.9549359649323077,1.0,0.8375,0.7381631061748872,0.9105383582774708,0.8375,0.7381631061748872,0.9105383582774708,0.0,0.16249999999999998,0.0,0.85
groundingdino,103419,41004,73,right screen,1,20,5,0,0.0,40,40,1.0,0.9119026971211976,1.0,0.9,0.7633626001239001,0.9720745847057807,0.9,0.7633626001239001,0.9720745847057807,0.0,0.09999999999999998,0.0,80,1.0,0.9549359649323077,1.0,0.8375,0.7381631061748872,0.9105383582774708,0.8375,0.7381631061748872,0.9105383582774708,0.0,0.16249999999999998,0.0,0.9
groundingdino,77650,43240,1,gal in blue,1,20,5,0,0.03847168313796883,5,5,1.0,0.47817624989501856,1.0,0.8,0.2835820638819106,0.9949492366205319,0.8,0.2835820638819106,0.9949492366205319,0.0,0.19999999999999996,0.0,80,1.0,0.9549359649323077,1.0,0.6625,0.5480943856258318,0.7644738620163491,0.6625,0.5480943856258318,0.7644738620163491,0.0,0.3375,0.0,0.8
groundingdino,77650,43240,1,gal in blue,1,20,5,0,0.03847168313796883,10,10,1.0,0.6915028921812392,1.0,0.8,0.4439045376923585,0.9747892736731666,0.8,0.4439045376923585,0.9747892736731666,0.0,0.19999999999999996,0.0,80,1.0,0.9549359649323077,1.0,0.6625,0.5480943856258318,0.7644738620163491,0.6625,0.5480943856258318,0.7644738620163491,0.0,0.3375,0.0,0.8
groundingdino,77650,43240,1,gal in blue,1,20,5,0,0.03847168313796883,20,20,1.0,0.8315665290169146,1.0,0.85,0.6210731734546859,0.9679290628145363,0.85,0.6210731734546859,0.9679290628145363,0.0,0.15000000000000002,0.0,80,1.0,0.9549359649323077,1.0,0.6625,0.5480943856258318,0.7644738620163491,0.6625,0.5480943856258318,0.7644738620163491,0.0,0.3375,0.0,0.85
groundingdino,77650,43240,1,gal in blue,1,20,5,0,0.03847168313796883,40,40,1.0,0.9119026971211976,1.0,0.75,0.5880380198485702,0.873085201067155,0.75,0.5880380198485702,0.873085201067155,0.0,0.25,0.0,80,1.0,0.9549359649323077,1.0,0.6625,0.5480943856258318,0.7644738620163491,0.6625,0.5480943856258318,0.7644738620163491,0.0,0.3375,0.0,0.75
groundingdino,574251,682,33,second bag from left,1,20,5,0,0.0,5,5,1.0,0.47817624989501856,1.0,1.0,0.47817624989501856,1.0,1.0,0.47817624989501856,1.0,0.0,0.0,0.0,80,1.0,0.9549359649323077,1.0,1.0,0.9549359649323077,1.0,1.0,0.9549359649323077,1.0,0.0,0.0,0.0,1.0
groundingdino,574251,682,33,second bag from left,1,20,5,0,0.0,10,10,1.0,0.6915028921812392,1.0,1.0,0.6915028921812392,1.0,1.0,0.6915028921812392,1.0,0.0,0.0,0.0,80,1.0,0.9549359649323077,1.0,1.0,0.9549359649323077,1.0,1.0,0.9549359649323077,1.0,0.0,0.0,0.0,1.0
groundingdino,574251,682,33,second bag from left,1,20,5,0,0.0,20,20,1.0,0.8315665290169146,1.0,1.0,0.8315665290169146,1.0,1.0,0.8315665290169146,1.0,0.0,0.0,0.0,80,1.0,0.9549359649323077,1.0,1.0,0.9549359649323077,1.0,1.0,0.9549359649323077,1.0,0.0,0.0,0.0,1.0
groundingdino,574251,682,33,second bag from left,1,20,5,0,0.0,40,40,1.0,0.9119026971211976,1.0,1.0,0.9119026971211976,1.0,1.0,0.9119026971211976,1.0,0.0,0.0,0.0,80,1.0,0.9549359649323077,1.0,1.0,0.9549359649323077,1.0,1.0,0.9549359649323077,1.0,0.0,0.0,0.0,1.0
groundingdino,270391,26991,1,front person,1,20,5,0,0.0,5,5,1.0,0.47817624989501856,1.0,1.0,0.47817624989501856,1.0,1.0,0.47817624989501856,1.0,0.0,0.0,0.0,80,1.0,0.9549359649323077,1.0,0.6,0.48437694049548946,0.7079906437446896,0.6,0.48437694049548946,0.7079906437446896,0.0,0.4,0.0,1.0
groundingdino,270391,26991,1,front person,1,20,5,0,0.0,10,10,1.0,0.6915028921812392,1.0,0.8,0.4439045376923585,0.9747892736731666,0.8,0.4439045376923585,0.9747892736731666,0.0,0.19999999999999996,0.0,80,1.0,0.9549359649323077,1.0,0.6,0.48437694049548946,0.7079906437446896,0.6,0.48437694049548946,0.7079906437446896,0.0,0.4,0.0,0.8
groundingdino,270391,26991,1,front person,1,20,5,0,0.0,20,20,1.0,0.8315665290169146,1.0,0.75,0.5089541282920425,0.9134285308985653,0.75,0.5089541282920425,0.9134285308985653,0.0,0.25,0.0,80,1.0,0.9549359649323077,1.0,0.6,0.48437694049548946,0.7079906437446896,0.6,0.48437694049548946,0.7079906437446896,0.0,0.4,0.0,0.75
groundingdino,270391,26991,1,front person,1,20,5,0,0.0,40,40,1.0,0.9119026971211976,1.0,0.625,0.4580147522326109,0.772737277518174,0.625,0.4580147522326109,0.772737277518174,0.0,0.375,0.0,80,1.0,0.9549359649323077,1.0,0.6,0.48437694049548946,0.7079906437446896,0.6,0.48437694049548946,0.7079906437446896,0.0,0.4,0.0,0.625
groundingdino,10710,49125,1,catcher,1,8,5,1,0.9676757679355981,5,5,0.2,0.005050763379468061,0.7164179361180893,1.0,0.025000000000000022,1.0,0.2,0.005050763379468061,0.7164179361180893,0.8,0.0,0.0,80,0.25,0.1598796445068558,0.35936347590685,1.0,0.8315665290169146,1.0,0.25,0.1598796445068558,0.35936347590685,0.75,0.0,0.0,0.2
groundingdino,10710,49125,1,catcher,1,8,5,1,0.9676757679355981,10,10,0.2,0.02521072632683339,0.5560954623076415,1.0,0.15811388300841903,1.0,0.2,0.02521072632683339,0.5560954623076415,0.8,0.0,0.0,80,0.25,0.1598796445068558,0.35936347590685,1.0,0.8315665290169146,1.0,0.25,0.1598796445068558,0.35936347590685,0.75,0.0,0.0,0.2
groundingdino,10710,49125,1,catcher,1,8,5,1,0.9676757679355981,20,20,0.2,0.057333997050032774,0.43661400299666825,1.0,0.3976353643835254,1.0,0.2,0.057333997050032774,0.43661400299666825,0.8,0.0,0.0,80,0.25,0.1598796445068558,0.35936347590685,1.0,0.8315665290169146,1.0,0.25,0.1598796445068558,0.35936347590685,0.75,0.0,0.0,0.2
groundingdino,10710,49125,1,catcher,1,8,5,1,0.9676757679355981,40,40,0.25,0.126914798932845,0.4119619801514298,1.0,0.6915028921812392,1.0,0.25,0.126914798932845,0.4119619801514298,0.75,0.0,0.0,80,0.25,0.1598796445068558,0.35936347590685,1.0,0.8315665290169146,1.0,0.25,0.1598796445068558,0.35936347590685,0.75,0.0,0.0,0.25
groundingdino,222209,31110,59,food at the top of the plate on the bottom,1,20,5,0,0.45076562150414434,5,5,1.0,0.47817624989501856,1.0,0.8,0.2835820638819106,0.9949492366205319,0.8,0.2835820638819106,0.9949492366205319,0.0,0.19999999999999996,0.0,80,1.0,0.9549359649323077,1.0,0.8375,0.7381631061748872,0.9105383582774708,0.8375,0.7381631061748872,0.9105383582774708,0.0,0.16249999999999998,0.0,0.8
groundingdino,222209,31110,59,food at the top of the plate on the bottom,1,20,5,0,0.45076562150414434,10,10,1.0,0.6915028921812392,1.0,0.8,0.4439045376923585,0.9747892736731666,0.8,0.4439045376923585,0.9747892736731666,0.0,0.19999999999999996,0.0,80,1.0,0.9549359649323077,1.0,0.8375,0.7381631061748872,0.9105383582774708,0.8375,0.7381631061748872,0.9105383582774708,0.0,0.16249999999999998,0.0,0.8
groundingdino,222209,31110,59,food at the top of the plate on the bottom,1,20,5,0,0.45076562150414434,20,20,1.0,0.8315665290169146,1.0,0.75,0.5089541282920425,0.9134285308985653,0.75,0.5089541282920425,0.9134285308985653,0.0,0.25,0.0,80,1.0,0.9549359649323077,1.0,0.8375,0.7381631061748872,0.9105383582774708,0.8375,0.7381631061748872,0.9105383582774708,0.0,0.16249999999999998,0.0,0.75
groundingdino,222209,31110,59,food at the top of the plate on the bottom,1,20,5,0,0.45076562150414434,40,40,1.0,0.9119026971211976,1.0,0.825,0.6722098666384142,0.9266172706479148,0.825,0.6722098666384142,0.9266172706479148,0.0,0.17500000000000004,0.0,80,1.0,0.9549359649323077,1.0,0.8375,0.7381631061748872,0.9105383582774708,0.8375,0.7381631061748872,0.9105383582774708,0.0,0.16249999999999998,0.0,0.825
groundingdino,573632,746,51,top right bowl,1,16,5,1,0.8567198967058477,5,5,1.0,0.47817624989501856,1.0,1.0,0.47817624989501856,1.0,1.0,0.47817624989501856,1.0,0.0,0.0,0.0,80,1.0,0.9549359649323077,1.0,0.725,0.6137565791555908,0.8189623614429612,0.725,0.6137565791555908,0.8189623614429612,0.0,0.275,0.0,1.0
groundingdino,573632,746,51,top right bowl,1,16,5,1,0.8567198967058477,10,10,1.0,0.6915028921812392,1.0,1.0,0.6915028921812392,1.0,1.0,0.6915028921812392,1.0,0.0,0.0,0.0,80,1.0,0.9549359649323077,1.0,0.725,0.6137565791555908,0.8189623614429612,0.725,0.6137565791555908,0.8189623614429612,0.0,0.275,0.0,1.0
groundingdino,573632,746,51,top right bowl,1,16,5,1,0.8567198967058477,20,20,1.0,0.8315665290169146,1.0,0.9,0.6830172859809176,0.9876514728297052,0.9,0.6830172859809176,0.9876514728297052,0.0,0.09999999999999998,0.0,80,1.0,0.9549359649323077,1.0,0.725,0.6137565791555908,0.8189623614429612,0.725,0.6137565791555908,0.8189623614429612,0.0,0.275,0.0,0.9
groundingdino,573632,746,51,top right bowl,1,16,5,1,0.8567198967058477,40,40,1.0,0.9119026971211976,1.0,0.85,0.7016473331604236,0.9428977418454741,0.85,0.7016473331604236,0.9428977418454741,0.0,0.15000000000000002,0.0,80,1.0,0.9549359649323077,1.0,0.725,0.6137565791555908,0.8189623614429612,0.725,0.6137565791555908,0.8189623614429612,0.0,0.275,0.0,0.85
groundingdino,242506,29438,7,leftmost in this image,1,20,5,0,0.02871889034037577,5,5,1.0,0.47817624989501856,1.0,1.0,0.47817624989501856,1.0,1.0,0.47817624989501856,1.0,0.0,0.0,0.0,80,0.9875,0.9323122155360776,0.9996835774723672,1.0,0.9543787472413889,1.0,0.9875,0.9323122155360776,0.9996835774723672,0.012499999999999956,0.0,0.0,1.0
groundingdino,242506,29438,7,leftmost in this image,1,20,5,0,0.02871889034037577,10,10,0.9,0.5549838829718046,0.9974714214555382,1.0,0.6637328831200572,1.0,0.9,0.5549838829718046,0.9974714214555382,0.09999999999999998,0.0,0.0,80,0.9875,0.9323122155360776,0.9996835774723672,1.0,0.9543787472413889,1.0,0.9875,0.9323122155360776,0.9996835774723672,0.012499999999999956,0.0,0.0,0.9
groundingdino,242506,29438,7,leftmost in this image,1,20,5,0,0.02871889034037577,20,20,0.95,0.7512672372279723,0.9987349105020502,1.0,0.8235330881930346,1.0,0.95,0.7512672372279723,0.9987349105020502,0.050000000000000044,0.0,0.0,80,0.9875,0.9323122155360776,0.9996835774723672,1.0,0.9543787472413889,1.0,0.9875,0.9323122155360776,0.9996835774723672,0.012499999999999956,0.0,0.0,0.95
groundingdino,242506,29438,7,leftmost in this image,1,20,5,0,0.02871889034037577,40,40,0.975,0.8684141415172343,0.9993672550679505,1.0,0.9097488990396657,1.0,0.975,0.8684141415172343,0.9993672550679505,0.025000000000000022,0.0,0.0,80,0.9875,0.9323122155360776,0.9996835774723672,1.0,0.9543787472413889,1.0,0.9875,0.9323122155360776,0.9996835774723672,0.012499999999999956,0.0,0.0,0.975
groundingdino,31112,47333,1,man in a black trouser,1,20,5,1,0.857940813226648,5,5,1.0,0.47817624989501856,1.0,0.8,0.2835820638819106,0.9949492366205319,0.8,0.2835820638819106,0.9949492366205319,0.0,0.19999999999999996,0.0,80,0.95,0.876901263556847,0.9862106060235382,0.6973684210526315,0.5812527835530914,0.7975457736293714,0.6625,0.5480943856258318,0.7644738620163491,0.050000000000000044,0.28750000000000003,5.551115123125783e-17,0.8
groundingdino,31112,47333,1,man in a black trouser,1,20,5,1,0.857940813226648,10,10,1.0,0.6915028921812392,1.0,0.9,0.5549838829718046,0.9974714214555382,0.9,0.5549838829718046,0.9974714214555382,0.0,0.09999999999999998,0.0,80,0.95,0.876901263556847,0.9862106060235382,0.6973684210526315,0.5812527835530914,0.7975457736293714,0.6625,0.5480943856258318,0.7644738620163491,0.050000000000000044,0.28750000000000003,5.551115123125783e-17,0.9
groundingdino,31112,47333,1,man in a black trouser,1,20,5,1,0.857940813226648,20,20,1.0,0.8315665290169146,1.0,0.8,0.5633859970033317,0.9426660029499673,0.8,0.5633859970033317,0.9426660029499673,0.0,0.19999999999999996,0.0,80,0.95,0.876901263556847,0.9862106060235382,0.6973684210526315,0.5812527835530914,0.7975457736293714,0.6625,0.5480943856258318,0.7644738620163491,0.050000000000000044,0.28750000000000003,5.551115123125783e-17,0.8
groundingdino,31112,47333,1,man in a black trouser,1,20,5,1,0.857940813226648,40,40,1.0,0.9119026971211976,1.0,0.775,0.6154883226965773,0.891603361015928,0.775,0.6154883226965773,0.891603361015928,0.0,0.22499999999999998,0.0,80,0.95,0.876901263556847,0.9862106060235382,0.6973684210526315,0.5812527835530914,0.7975457736293714,0.6625,0.5480943856258318,0.7644738620163491,0.050000000000000044,0.28750000000000003,5.551115123125783e-17,0.775
groundingdino,323213,22457,1,sitting woman,1,5,4,1,0.9483348002746673,5,5,1.0,0.47817624989501856,1.0,1.0,0.47817624989501856,1.0,1.0,0.47817624989501856,1.0,0.0,0.0,0.0,80,1.0,0.9549359649323077,1.0,1.0,0.9549359649323077,1.0,1.0,0.9549359649323077,1.0,0.0,0.0,0.0,1.0
groundingdino,323213,22457,1,sitting woman,1,5,4,1,0.9483348002746673,10,10,1.0,0.6915028921812392,1.0,1.0,0.6915028921812392,1.0,1.0,0.6915028921812392,1.0,0.0,0.0,0.0,80,1.0,0.9549359649323077,1.0,1.0,0.9549359649323077,1.0,1.0,0.9549359649323077,1.0,0.0,0.0,0.0,1.0
groundingdino,323213,22457,1,sitting woman,1,5,4,1,0.9483348002746673,20,20,1.0,0.8315665290169146,1.0,1.0,0.8315665290169146,1.0,1.0,0.8315665290169146,1.0,0.0,0.0,0.0,80,1.0,0.9549359649323077,1.0,1.0,0.9549359649323077,1.0,1.0,0.9549359649323077,1.0,0.0,0.0,0.0,1.0
groundingdino,323213,22457,1,sitting woman,1,5,4,1,0.9483348002746673,40,40,1.0,0.9119026971211976,1.0,1.0,0.9119026971211976,1.0,1.0,0.9119026971211976,1.0,0.0,0.0,0.0,80,1.0,0.9549359649323077,1.0,1.0,0.9549359649323077,1.0,1.0,0.9549359649323077,1.0,0.0,0.0,0.0,1.0
groundingdino,264296,27543,1,man cloestest to us,1,20,5,1,0.9832738104931479,5,5,1.0,0.47817624989501856,1.0,1.0,0.47817624989501856,1.0,1.0,0.47817624989501856,1.0,0.0,0.0,0.0,80,1.0,0.9549359649323077,1.0,1.0,0.9549359649323077,1.0,1.0,0.9549359649323077,1.0,0.0,0.0,0.0,1.0
groundingdino,264296,27543,1,man cloestest to us,1,20,5,1,0.9832738104931479,10,10,1.0,0.6915028921812392,1.0,1.0,0.6915028921812392,1.0,1.0,0.6915028921812392,1.0,0.0,0.0,0.0,80,1.0,0.9549359649323077,1.0,1.0,0.9549359649323077,1.0,1.0,0.9549359649323077,1.0,0.0,0.0,0.0,1.0
groundingdino,264296,27543,1,man cloestest to us,1,20,5,1,0.9832738104931479,20,20,1.0,0.8315665290169146,1.0,1.0,0.8315665290169146,1.0,1.0,0.8315665290169146,1.0,0.0,0.0,0.0,80,1.0,0.9549359649323077,1.0,1.0,0.9549359649323077,1.0,1.0,0.9549359649323077,1.0,0.0,0.0,0.0,1.0
groundingdino,264296,27543,1,man cloestest to us,1,20,5,1,0.9832738104931479,40,40,1.0,0.9119026971211976,1.0,1.0,0.9119026971211976,1.0,1.0,0.9119026971211976,1.0,0.0,0.0,0.0,80,1.0,0.9549359649323077,1.0,1.0,0.9549359649323077,1.0,1.0,0.9549359649323077,1.0,0.0,0.0,0.0,1.0
groundingdino,483611,8607,51,plate of rice,1,20,5,1,0.9392044934743956,5,5,1.0,0.47817624989501856,1.0,1.0,0.47817624989501856,1.0,1.0,0.47817624989501856,1.0,0.0,0.0,0.0,80,1.0,0.9549359649323077,1.0,0.975,0.9125928440694078,0.9969579138351904,0.975,0.9125928440694078,0.9969579138351904,0.0,0.025000000000000022,0.0,1.0
groundingdino,483611,8607,51,plate of rice,1,20,5,1,0.9392044934743956,10,10,1.0,0.6915028921812392,1.0,1.0,0.6915028921812392,1.0,1.0,0.6915028921812392,1.0,0.0,0.0,0.0,80,1.0,0.9549359649323077,1.0,0.975,0.9125928440694078,0.9969579138351904,0.975,0.9125928440694078,0.9969579138351904,0.0,0.025000000000000022,0.0,1.0
groundingdino,483611,8607,51,plate of rice,1,20,5,1,0.9392044934743956,20,20,1.0,0.8315665290169146,1.0,1.0,0.8315665290169146,1.0,1.0,0.8315665290169146,1.0,0.0,0.0,0.0,80,1.0,0.9549359649323077,1.0,0.975,0.9125928440694078,0.9969579138351904,0.975,0.9125928440694078,0.9969579138351904,0.0,0.025000000000000022,0.0,1.0
groundingdino,483611,8607,51,plate of rice,1,20,5,1,0.9392044934743956,40,40,1.0,0.9119026971211976,1.0,1.0,0.9119026971211976,1.0,1.0,0.9119026971211976,1.0,0.0,0.0,0.0,80,1.0,0.9549359649323077,1.0,0.975,0.9125928440694078,0.9969579138351904,0.975,0.9125928440694078,0.9969579138351904,0.0,0.025000000000000022,0.0,1.0
groundingdino,118848,39790,1,catcher,1,20,5,1,0.9682647239890845,5,5,1.0,0.47817624989501856,1.0,1.0,0.47817624989501856,1.0,1.0,0.47817624989501856,1.0,0.0,0.0,0.0,80,1.0,0.9549359649323077,1.0,1.0,0.9549359649323077,1.0,1.0,0.9549359649323077,1.0,0.0,0.0,0.0,1.0
groundingdino,118848,39790,1,catcher,1,20,5,1,0.9682647239890845,10,10,1.0,0.6915028921812392,1.0,1.0,0.6915028921812392,1.0,1.0,0.6915028921812392,1.0,0.0,0.0,0.0,80,1.0,0.9549359649323077,1.0,1.0,0.9549359649323077,1.0,1.0,0.9549359649323077,1.0,0.0,0.0,0.0,1.0
groundingdino,118848,39790,1,catcher,1,20,5,1,0.9682647239890845,20,20,1.0,0.8315665290169146,1.0,1.0,0.8315665290169146,1.0,1.0,0.8315665290169146,1.0,0.0,0.0,0.0,80,1.0,0.9549359649323077,1.0,1.0,0.9549359649323077,1.0,1.0,0.9549359649323077,1.0,0.0,0.0,0.0,1.0
groundingdino,118848,39790,1,catcher,1,20,5,1,0.9682647239890845,40,40,1.0,0.9119026971211976,1.0,1.0,0.9119026971211976,1.0,1.0,0.9119026971211976,1.0,0.0,0.0,0.0,80,1.0,0.9549359649323077,1.0,1.0,0.9549359649323077,1.0,1.0,0.9549359649323077,1.0,0.0,0.0,0.0,1.0
groundingdino,105685,40801,1,woman holding child,1,20,5,0,0.4891535463120842,5,5,0.8,0.2835820638819106,0.9949492366205319,1.0,0.3976353643835254,1.0,0.8,0.2835820638819106,0.9949492366205319,0.19999999999999996,0.0,0.0,80,0.9,0.8124348925365684,0.955829059846371,0.8333333333333334,0.7269607210880694,0.910803593991874,0.75,0.64063652409315,0.8401203554931442,0.09999999999999998,0.14999999999999997,5.551115123125783e-17,0.8
groundingdino,105685,40801,1,woman holding child,1,20,5,0,0.4891535463120842,10,10,0.8,0.4439045376923585,0.9747892736731666,1.0,0.6305833524471808,1.0,0.8,0.4439045376923585,0.9747892736731666,0.19999999999999996,0.0,0.0,80,0.9,0.8124348925365684,0.955829059846371,0.8333333333333334,0.7269607210880694,0.910803593991874,0.75,0.64063652409315,0.8401203554931442,0.09999999999999998,0.14999999999999997,5.551115123125783e-17,0.8
groundingdino,105685,40801,1,woman holding child,1,20,5,0,0.4891535463120842,20,20,0.9,0.6830172859809176,0.9876514728297052,0.8888888888888888,0.6528795613913279,0.9862487843356355,0.8,0.5633859970033317,0.9426660029499673,0.09999999999999998,0.10000000000000005,6.938893903907228e-17,80,0.9,0.8124348925365684,0.955829059846371,0.8333333333333334,0.7269607210880694,0.910803593991874,0.75,0.64063652409315,0.8401203554931442,0.09999999999999998,0.14999999999999997,5.551115123125783e-17,0.8
groundingdino,105685,40801,1,woman holding child,1,20,5,0,0.4891535463120842,40,40,0.9,0.7633626001239001,0.9720745847057807,0.9166666666666666,0.7753102394430269,0.9824735040760654,0.825,0.6722098666384142,0.9266172706479148,0.09999999999999998,0.07500000000000004,2.7755575615628914e-17,80,0.9,0.8124348925365684,0.955829059846371,0.8333333333333334,0.7269607210880694,0.910803593991874,0.75,0.64063652409315,0.8401203554931442,0.09999999999999998,0.14999999999999997,5.551115123125783e-17,0.825
groundingdino,364683,18721,22,elephant on right,1,19,5,0,0.11910731240211819,5,5,1.0,0.47817624989501856,1.0,1.0,0.47817624989501856,1.0,1.0,0.47817624989501856,1.0,0.0,0.0,0.0,80,1.0,0.9549359649323077,1.0,1.0,0.9549359649323077,1.0,1.0,0.9549359649323077,1.0,0.0,0.0,0.0,1.0
groundingdino,364683,18721,22,elephant on right,1,19,5,0,0.11910731240211819,10,10,1.0,0.6915028921812392,1.0,1.0,0.6915028921812392,1.0,1.0,0.6915028921812392,1.0,0.0,0.0,0.0,80,1.0,0.9549359649323077,1.0,1.0,0.9549359649323077,1.0,1.0,0.9549359649323077,1.0,0.0,0.0,0.0,1.0
groundingdino,364683,18721,22,elephant on right,1,19,5,0,0.11910731240211819,20,20,1.0,0.8315665290169146,1.0,1.0,0.8315665290169146,1.0,1.0,0.8315665290169146,1.0,0.0,0.0,0.0,80,1.0,0.9549359649323077,1.0,1.0,0.9549359649323077,1.0,1.0,0.9549359649323077,1.0,0.0,0.0,0.0,1.0
groundingdino,364683,18721,22,elephant on right,1,19,5,0,0.11910731240211819,40,40,1.0,0.9119026971211976,1.0,1.0,0.9119026971211976,1.0,1.0,0.9119026971211976,1.0,0.0,0.0,0.0,80,1.0,0.9549359649323077,1.0,1.0,0.9549359649323077,1.0,1.0,0.9549359649323077,1.0,0.0,0.0,0.0,1.0
groundingdino,258237,28066,1,person holding girl,1,20,5,0,0.2937467955134249,5,5,1.0,0.47817624989501856,1.0,1.0,0.47817624989501856,1.0,1.0,0.47817624989501856,1.0,0.0,0.0,0.0,80,1.0,0.9549359649323077,1.0,1.0,0.9549359649323077,1.0,1.0,0.9549359649323077,1.0,0.0,0.0,0.0,1.0
groundingdino,258237,28066,1,person holding girl,1,20,5,0,0.2937467955134249,10,10,1.0,0.6915028921812392,1.0,1.0,0.6915028921812392,1.0,1.0,0.6915028921812392,1.0,0.0,0.0,0.0,80,1.0,0.9549359649323077,1.0,1.0,0.9549359649323077,1.0,1.0,0.9549359649323077,1.0,0.0,0.0,0.0,1.0
groundingdino,258237,28066,1,person holding girl,1,20,5,0,0.2937467955134249,20,20,1.0,0.8315665290169146,1.0,1.0,0.8315665290169146,1.0,1.0,0.8315665290169146,1.0,0.0,0.0,0.0,80,1.0,0.9549359649323077,1.0,1.0,0.9549359649323077,1.0,1.0,0.9549359649323077,1.0,0.0,0.0,0.0,1.0
groundingdino,258237,28066,1,person holding girl,1,20,5,0,0.2937467955134249,40,40,1.0,0.9119026971211976,1.0,1.0,0.9119026971211976,1.0,1.0,0.9119026971211976,1.0,0.0,0.0,0.0,80,1.0,0.9549359649323077,1.0,1.0,0.9549359649323077,1.0,1.0,0.9549359649323077,1.0,0.0,0.0,0.0,1.0
groundingdino,493504,7703,76,keyboard at the bottom,1,20,5,1,0.9541701075214073,5,5,1.0,0.47817624989501856,1.0,1.0,0.47817624989501856,1.0,1.0,0.47817624989501856,1.0,0.0,0.0,0.0,80,1.0,0.9549359649323077,1.0,1.0,0.9549359649323077,1.0,1.0,0.9549359649323077,1.0,0.0,0.0,0.0,1.0
groundingdino,493504,7703,76,keyboard at the bottom,1,20,5,1,0.9541701075214073,10,10,1.0,0.6915028921812392,1.0,1.0,0.6915028921812392,1.0,1.0,0.6915028921812392,1.0,0.0,0.0,0.0,80,1.0,0.9549359649323077,1.0,1.0,0.9549359649323077,1.0,1.0,0.9549359649323077,1.0,0.0,0.0,0.0,1.0
groundingdino,493504,7703,76,keyboard at the bottom,1,20,5,1,0.9541701075214073,20,20,1.0,0.8315665290169146,1.0,1.0,0.8315665290169146,1.0,1.0,0.8315665290169146,1.0,0.0,0.0,0.0,80,1.0,0.9549359649323077,1.0,1.0,0.9549359649323077,1.0,1.0,0.9549359649323077,1.0,0.0,0.0,0.0,1.0
groundingdino,493504,7703,76,keyboard at the bottom,1,20,5,1,0.9541701075214073,40,40,1.0,0.9119026971211976,1.0,1.0,0.9119026971211976,1.0,1.0,0.9119026971211976,1.0,0.0,0.0,0.0,80,1.0,0.9549359649323077,1.0,1.0,0.9549359649323077,1.0,1.0,0.9549359649323077,1.0,0.0,0.0,0.0,1.0
groundingdino,289212,25436,3,car in the middle,1,20,5,1,0.9117837173040793,5,5,1.0,0.47817624989501856,1.0,1.0,0.47817624989501856,1.0,1.0,0.47817624989501856,1.0,0.0,0.0,0.0,80,1.0,0.9549359649323077,1.0,1.0,0.9549359649323077,1.0,1.0,0.9549359649323077,1.0,0.0,0.0,0.0,1.0
groundingdino,289212,25436,3,car in the middle,1,20,5,1,0.9117837173040793,10,10,1.0,0.6915028921812392,1.0,1.0,0.6915028921812392,1.0,1.0,0.6915028921812392,1.0,0.0,0.0,0.0,80,1.0,0.9549359649323077,1.0,1.0,0.9549359649323077,1.0,1.0,0.9549359649323077,1.0,0.0,0.0,0.0,1.0
groundingdino,289212,25436,3,car in the middle,1,20,5,1,0.9117837173040793,20,20,1.0,0.8315665290169146,1.0,1.0,0.8315665290169146,1.0,1.0,0.8315665290169146,1.0,0.0,0.0,0.0,80,1.0,0.9549359649323077,1.0,1.0,0.9549359649323077,1.0,1.0,0.9549359649323077,1.0,0.0,0.0,0.0,1.0
groundingdino,289212,25436,3,car in the middle,1,20,5,1,0.9117837173040793,40,40,1.0,0.9119026971211976,1.0,1.0,0.9119026971211976,1.0,1.0,0.9119026971211976,1.0,0.0,0.0,0.0,80,1.0,0.9549359649323077,1.0,1.0,0.9549359649323077,1.0,1.0,0.9549359649323077,1.0,0.0,0.0,0.0,1.0
groundingdino,113152,40242,1,blue shirt,1,8,5,0,0.4729575395096909,5,5,0.6,0.14663279963467318,0.9472550494736831,1.0,0.29240177382128674,1.0,0.6,0.14663279963467318,0.9472550494736831,0.4,0.0,0.0,80,0.7,0.587240676918624,0.7974260708533272,1.0,0.9362499033376378,1.0,0.7,0.587240676918624,0.7974260708533272,0.30000000000000004,0.0,0.0,0.6
groundingdino,113152,40242,1,blue shirt,1,8,5,0,0.4729575395096909,10,10,0.7,0.34754714994000274,0.9332604888222655,1.0,0.5903836027749967,1.0,0.7,0.34754714994000274,0.9332604888222655,0.30000000000000004,0.0,0.0,80,0.7,0.587240676918624,0.7974260708533272,1.0,0.9362499033376378,1.0,0.7,0.587240676918624,0.7974260708533272,0.30000000000000004,0.0,0.0,0.7
groundingdino,113152,40242,1,blue shirt,1,8,5,0,0.4729575395096909,20,20,0.75,0.5089541282920425,0.9134285308985653,1.0,0.781980639089466,1.0,0.75,0.5089541282920425,0.9134285308985653,0.25,0.0,0.0,80,0.7,0.587240676918624,0.7974260708533272,1.0,0.9362499033376378,1.0,0.7,0.587240676918624,0.7974260708533272,0.30000000000000004,0.0,0.0,0.75
groundingdino,113152,40242,1,blue shirt,1,8,5,0,0.4729575395096909,40,40,0.725,0.5611170928209519,0.8539910080361344,1.0,0.8805551309304973,1.0,0.725,0.5611170928209519,0.8539910080361344,0.275,0.0,0.0,80,0.7,0.587240676918624,0.7974260708533272,1.0,0.9362499033376378,1.0,0.7,0.587240676918624,0.7974260708533272,0.30000000000000004,0.0,0.0,0.725
groundingdino,419001,14207,22,elephant with all its feet on the ground,1,20,5,0,0.23506187974658946,5,5,1.0,0.47817624989501856,1.0,1.0,0.47817624989501856,1.0,1.0,0.47817624989501856,1.0,0.0,0.0,0.0,80,1.0,0.9549359649323077,1.0,0.9875,0.9323122155360776,0.9996835774723672,0.9875,0.9323122155360776,0.9996835774723672,0.0,0.012499999999999956,0.0,1.0
groundingdino,419001,14207,22,elephant with all its feet on the ground,1,20,5,0,0.23506187974658946,10,10,1.0,0.6915028921812392,1.0,1.0,0.6915028921812392,1.0,1.0,0.6915028921812392,1.0,0.0,0.0,0.0,80,1.0,0.9549359649323077,1.0,0.9875,0.9323122155360776,0.9996835774723672,0.9875,0.9323122155360776,0.9996835774723672,0.0,0.012499999999999956,0.0,1.0
groundingdino,419001,14207,22,elephant with all its feet on the ground,1,20,5,0,0.23506187974658946,20,20,1.0,0.8315665290169146,1.0,0.95,0.7512672372279723,0.9987349105020502,0.95,0.7512672372279723,0.9987349105020502,0.0,0.050000000000000044,0.0,80,1.0,0.9549359649323077,1.0,0.9875,0.9323122155360776,0.9996835774723672,0.9875,0.9323122155360776,0.9996835774723672,0.0,0.012499999999999956,0.0,0.95
groundingdino,419001,14207,22,elephant with all its feet on the ground,1,20,5,0,0.23506187974658946,40,40,1.0,0.9119026971211976,1.0,0.95,0.8308031360405824,0.9938863534006491,0.95,0.8308031360405824,0.9938863534006491,0.0,0.050000000000000044,0.0,80,1.0,0.9549359649323077,1.0,0.9875,0.9323122155360776,0.9996835774723672,0.9875,0.9323122155360776,0.9996835774723672,0.0,0.012499999999999956,0.0,0.95
groundingdino,92646,41928,1,butt directly in middle,1,20,5,0,0.1753556724438825,5,5,1.0,0.47817624989501856,1.0,1.0,0.47817624989501856,1.0,1.0,0.47817624989501856,1.0,0.0,0.0,0.0,80,1.0,0.9549359649323077,1.0,1.0,0.9549359649323077,1.0,1.0,0.9549359649323077,1.0,0.0,0.0,0.0,1.0
groundingdino,92646,41928,1,butt directly in middle,1,20,5,0,0.1753556724438825,10,10,1.0,0.6915028921812392,1.0,1.0,0.6915028921812392,1.0,1.0,0.6915028921812392,1.0,0.0,0.0,0.0,80,1.0,0.9549359649323077,1.0,1.0,0.9549359649323077,1.0,1.0,0.9549359649323077,1.0,0.0,0.0,0.0,1.0
groundingdino,92646,41928,1,butt directly in middle,1,20,5,0,0.1753556724438825,20,20,1.0,0.8315665290169146,1.0,1.0,0.8315665290169146,1.0,1.0,0.8315665290169146,1.0,0.0,0.0,0.0,80,1.0,0.9549359649323077,1.0,1.0,0.9549359649323077,1.0,1.0,0.9549359649323077,1.0,0.0,0.0,0.0,1.0
groundingdino,92646,41928,1,butt directly in middle,1,20,5,0,0.1753556724438825,40,40,1.0,0.9119026971211976,1.0,1.0,0.9119026971211976,1.0,1.0,0.9119026971211976,1.0,0.0,0.0,0.0,80,1.0,0.9549359649323077,1.0,1.0,0.9549359649323077,1.0,1.0,0.9549359649323077,1.0,0.0,0.0,0.0,1.0
groundingdino,266600,27332,1,red shirt,1,14,5,0,0.36063729012592877,5,5,1.0,0.47817624989501856,1.0,1.0,0.47817624989501856,1.0,1.0,0.47817624989501856,1.0,0.0,0.0,0.0,80,1.0,0.9549359649323077,1.0,1.0,0.9549359649323077,1.0,1.0,0.9549359649323077,1.0,0.0,0.0,0.0,1.0
groundingdino,266600,27332,1,red shirt,1,14,5,0,0.36063729012592877,10,10,1.0,0.6915028921812392,1.0,1.0,0.6915028921812392,1.0,1.0,0.6915028921812392,1.0,0.0,0.0,0.0,80,1.0,0.9549359649323077,1.0,1.0,0.9549359649323077,1.0,1.0,0.9549359649323077,1.0,0.0,0.0,0.0,1.0
groundingdino,266600,27332,1,red shirt,1,14,5,0,0.36063729012592877,20,20,1.0,0.8315665290169146,1.0,1.0,0.8315665290169146,1.0,1.0,0.8315665290169146,1.0,0.0,0.0,0.0,80,1.0,0.9549359649323077,1.0,1.0,0.9549359649323077,1.0,1.0,0.9549359649323077,1.0,0.0,0.0,0.0,1.0
groundingdino,266600,27332,1,red shirt,1,14,5,0,0.36063729012592877,40,40,1.0,0.9119026971211976,1.0,1.0,0.9119026971211976,1.0,1.0,0.9119026971211976,1.0,0.0,0.0,0.0,80,1.0,0.9549359649323077,1.0,1.0,0.9549359649323077,1.0,1.0,0.9549359649323077,1.0,0.0,0.0,0.0,1.0
groundingdino,14686,48786,25,right giraffe,1,20,5,0,0.0,5,5,1.0,0.47817624989501856,1.0,0.8,0.2835820638819106,0.9949492366205319,0.8,0.2835820638819106,0.9949492366205319,0.0,0.19999999999999996,0.0,80,1.0,0.9549359649323077,1.0,0.775,0.6679136799387491,0.8608627895010682,0.775,0.6679136799387491,0.8608627895010682,0.0,0.22499999999999998,0.0,0.8
groundingdino,14686,48786,25,right giraffe,1,20,5,0,0.0,10,10,1.0,0.6915028921812392,1.0,0.8,0.4439045376923585,0.9747892736731666,0.8,0.4439045376923585,0.9747892736731666,0.0,0.19999999999999996,0.0,80,1.0,0.9549359649323077,1.0,0.775,0.6679136799387491,0.8608627895010682,0.775,0.6679136799387491,0.8608627895010682,0.0,0.22499999999999998,0.0,0.8
groundingdino,14686,48786,25,right giraffe,1,20,5,0,0.0,20,20,1.0,0.8315665290169146,1.0,0.8,0.5633859970033317,0.9426660029499673,0.8,0.5633859970033317,0.9426660029499673,0.0,0.19999999999999996,0.0,80,1.0,0.9549359649323077,1.0,0.775,0.6679136799387491,0.8608627895010682,0.775,0.6679136799387491,0.8608627895010682,0.0,0.22499999999999998,0.0,0.8
groundingdino,14686,48786,25,right giraffe,1,20,5,0,0.0,40,40,1.0,0.9119026971211976,1.0,0.8,0.6435219813207653,0.9094775906000093,0.8,0.6435219813207653,0.9094775906000093,0.0,0.19999999999999996,0.0,80,1.0,0.9549359649323077,1.0,0.775,0.6679136799387491,0.8608627895010682,0.775,0.6679136799387491,0.8608627895010682,0.0,0.22499999999999998,0.0,0.8
groundingdino,387717,16860,59,the bottom half of pizza,1,20,5,1,0.9681812057712563,5,5,1.0,0.47817624989501856,1.0,1.0,0.47817624989501856,1.0,1.0,0.47817624989501856,1.0,0.0,0.0,0.0,80,1.0,0.9549359649323077,1.0,1.0,0.9549359649323077,1.0,1.0,0.9549359649323077,1.0,0.0,0.0,0.0,1.0
groundingdino,387717,16860,59,the bottom half of pizza,1,20,5,1,0.9681812057712563,10,10,1.0,0.6915028921812392,1.0,1.0,0.6915028921812392,1.0,1.0,0.6915028921812392,1.0,0.0,0.0,0.0,80,1.0,0.9549359649323077,1.0,1.0,0.9549359649323077,1.0,1.0,0.9549359649323077,1.0,0.0,0.0,0.0,1.0
groundingdino,387717,16860,59,the bottom half of pizza,1,20,5,1,0.9681812057712563,20,20,1.0,0.8315665290169146,1.0,1.0,0.8315665290169146,1.0,1.0,0.8315665290169146,1.0,0.0,0.0,0.0,80,1.0,0.9549359649323077,1.0,1.0,0.9549359649323077,1.0,1.0,0.9549359649323077,1.0,0.0,0.0,0.0,1.0
groundingdino,387717,16860,59,the bottom half of pizza,1,20,5,1,0.9681812057712563,40,40,1.0,0.9119026971211976,1.0,1.0,0.9119026971211976,1.0,1.0,0.9119026971211976,1.0,0.0,0.0,0.0,80,1.0,0.9549359649323077,1.0,1.0,0.9549359649323077,1.0,1.0,0.9549359649323077,1.0,0.0,0.0,0.0,1.0
groundingdino,485800,8371,1,man standing on the left,1,20,5,1,0.9213945343502762,5,5,1.0,0.47817624989501856,1.0,1.0,0.47817624989501856,1.0,1.0,0.47817624989501856,1.0,0.0,0.0,0.0,80,1.0,0.9549359649323077,1.0,1.0,0.9549359649323077,1.0,1.0,0.9549359649323077,1.0,0.0,0.0,0.0,1.0
groundingdino,485800,8371,1,man standing on the left,1,20,5,1,0.9213945343502762,10,10,1.0,0.6915028921812392,1.0,1.0,0.6915028921812392,1.0,1.0,0.6915028921812392,1.0,0.0,0.0,0.0,80,1.0,0.9549359649323077,1.0,1.0,0.9549359649323077,1.0,1.0,0.9549359649323077,1.0,0.0,0.0,0.0,1.0
groundingdino,485800,8371,1,man standing on the left,1,20,5,1,0.9213945343502762,20,20,1.0,0.8315665290169146,1.0,1.0,0.8315665290169146,1.0,1.0,0.8315665290169146,1.0,0.0,0.0,0.0,80,1.0,0.9549359649323077,1.0,1.0,0.9549359649323077,1.0,1.0,0.9549359649323077,1.0,0.0,0.0,0.0,1.0
groundingdino,485800,8371,1,man standing on the left,1,20,5,1,0.9213945343502762,40,40,1.0,0.9119026971211976,1.0,1.0,0.9119026971211976,1.0,1.0,0.9119026971211976,1.0,0.0,0.0,0.0,80,1.0,0.9549359649323077,1.0,1.0,0.9549359649323077,1.0,1.0,0.9549359649323077,1.0,0.0,0.0,0.0,1.0
groundingdino,433240,12925,64,bottom left plant,1,20,5,1,0.6303938341752326,5,5,1.0,0.47817624989501856,1.0,0.2,0.005050763379468061,0.7164179361180893,0.2,0.005050763379468061,0.7164179361180893,0.0,0.8,0.0,80,1.0,0.9549359649323077,1.0,0.45,0.3384863844898155,0.565326020905847,0.45,0.3384863844898155,0.565326020905847,0.0,0.55,0.0,0.2
groundingdino,433240,12925,64,bottom left plant,1,20,5,1,0.6303938341752326,10,10,1.0,0.6915028921812392,1.0,0.3,0.0667395111777345,0.6524528500599973,0.3,0.0667395111777345,0.6524528500599973,0.0,0.7,0.0,80,1.0,0.9549359649323077,1.0,0.45,0.3384863844898155,0.565326020905847,0.45,0.3384863844898155,0.565326020905847,0.0,0.55,0.0,0.3
groundingdino,433240,12925,64,bottom left plant,1,20,5,1,0.6303938341752326,20,20,1.0,0.8315665290169146,1.0,0.2,0.057333997050032774,0.43661400299666825,0.2,0.057333997050032774,0.43661400299666825,0.0,0.8,0.0,80,1.0,0.9549359649323077,1.0,0.45,0.3384863844898155,0.565326020905847,0.45,0.3384863844898155,0.565326020905847,0.0,0.55,0.0,0.2
groundingdino,433240,12925,64,bottom left plant,1,20,5,1,0.6303938341752326,40,40,1.0,0.9119026971211976,1.0,0.225,0.10839663898407204,0.3845116773034227,0.225,0.10839663898407204,0.3845116773034227,0.0,0.775,0.0,80,1.0,0.9549359649323077,1.0,0.45,0.3384863844898155,0.565326020905847,0.45,0.3384863844898155,0.565326020905847,0.0,0.55,0.0,0.225
groundingdino,376988,17795,1,top right guy,1,20,5,0,0.0,5,5,1.0,0.47817624989501856,1.0,1.0,0.47817624989501856,1.0,1.0,0.47817624989501856,1.0,0.0,0.0,0.0,80,1.0,0.9549359649323077,1.0,0.9125,0.8279916615801152,0.9640936410104413,0.9125,0.8279916615801152,0.9640936410104413,0.0,0.08750000000000002,0.0,1.0
groundingdino,376988,17795,1,top right guy,1,20,5,0,0.0,10,10,1.0,0.6915028921812392,1.0,1.0,0.6915028921812392,1.0,1.0,0.6915028921812392,1.0,0.0,0.0,0.0,80,1.0,0.9549359649323077,1.0,0.9125,0.8279916615801152,0.9640936410104413,0.9125,0.8279916615801152,0.9640936410104413,0.0,0.08750000000000002,0.0,1.0
groundingdino,376988,17795,1,top right guy,1,20,5,0,0.0,20,20,1.0,0.8315665290169146,1.0,1.0,0.8315665290169146,1.0,1.0,0.8315665290169146,1.0,0.0,0.0,0.0,80,1.0,0.9549359649323077,1.0,0.9125,0.8279916615801152,0.9640936410104413,0.9125,0.8279916615801152,0.9640936410104413,0.0,0.08750000000000002,0.0,1.0
groundingdino,376988,17795,1,top right guy,1,20,5,0,0.0,40,40,1.0,0.9119026971211976,1.0,1.0,0.9119026971211976,1.0,1.0,0.9119026971211976,1.0,0.0,0.0,0.0,80,1.0,0.9549359649323077,1.0,0.9125,0.8279916615801152,0.9640936410104413,0.9125,0.8279916615801152,0.9640936410104413,0.0,0.08750000000000002,0.0,1.0
groundingdino,289482,25416,1,guy in the back with a beard,1,20,5,0,0.0,5,5,1.0,0.47817624989501856,1.0,1.0,0.47817624989501856,1.0,1.0,0.47817624989501856,1.0,0.0,0.0,0.0,80,1.0,0.9549359649323077,1.0,0.875,0.7821108659305637,0.9383979034415657,0.875,0.7821108659305637,0.9383979034415657,0.0,0.125,0.0,1.0
groundingdino,289482,25416,1,guy in the back with a beard,1,20,5,0,0.0,10,10,1.0,0.6915028921812392,1.0,0.9,0.5549838829718046,0.9974714214555382,0.9,0.5549838829718046,0.9974714214555382,0.0,0.09999999999999998,0.0,80,1.0,0.9549359649323077,1.0,0.875,0.7821108659305637,0.9383979034415657,0.875,0.7821108659305637,0.9383979034415657,0.0,0.125,0.0,0.9
groundingdino,289482,25416,1,guy in the back with a beard,1,20,5,0,0.0,20,20,1.0,0.8315665290169146,1.0,0.85,0.6210731734546859,0.9679290628145363,0.85,0.6210731734546859,0.9679290628145363,0.0,0.15000000000000002,0.0,80,1.0,0.9549359649323077,1.0,0.875,0.7821108659305637,0.9383979034415657,0.875,0.7821108659305637,0.9383979034415657,0.0,0.125,0.0,0.85
groundingdino,289482,25416,1,guy in the back with a beard,1,20,5,0,0.0,40,40,1.0,0.9119026971211976,1.0,0.875,0.7319670826382796,0.9581403738613833,0.875,0.7319670826382796,0.9581403738613833,0.0,0.125,0.0,80,1.0,0.9549359649323077,1.0,0.875,0.7821108659305637,0.9383979034415657,0.875,0.7821108659305637,0.9383979034415657,0.0,0.125,0.0,0.875
groundingdino,278371,26400,1,laying down,1,19,5,1,0.9464917324896971,5,5,1.0,0.47817624989501856,1.0,0.8,0.2835820638819106,0.9949492366205319,0.8,0.2835820638819106,0.9949492366205319,0.0,0.19999999999999996,0.0,80,1.0,0.9549359649323077,1.0,0.9375,0.8601429247023609,0.9793969276979898,0.9375,0.8601429247023609,0.9793969276979898,0.0,0.0625,0.0,0.8
groundingdino,278371,26400,1,laying down,1,19,5,1,0.9464917324896971,10,10,1.0,0.6915028921812392,1.0,0.9,0.5549838829718046,0.9974714214555382,0.9,0.5549838829718046,0.9974714214555382,0.0,0.09999999999999998,0.0,80,1.0,0.9549359649323077,1.0,0.9375,0.8601429247023609,0.9793969276979898,0.9375,0.8601429247023609,0.9793969276979898,0.0,0.0625,0.0,0.9
groundingdino,278371,26400,1,laying down,1,19,5,1,0.9464917324896971,20,20,1.0,0.8315665290169146,1.0,0.95,0.7512672372279723,0.9987349105020502,0.95,0.7512672372279723,0.9987349105020502,0.0,0.050000000000000044,0.0,80,1.0,0.9549359649323077,1.0,0.9375,0.8601429247023609,0.9793969276979898,0.9375,0.8601429247023609,0.9793969276979898,0.0,0.0625,0.0,0.95
groundingdino,278371,26400,1,laying down,1,19,5,1,0.9464917324896971,40,40,1.0,0.9119026971211976,1.0,0.975,0.8684141415172343,0.9993672550679505,0.975,0.8684141415172343,0.9993672550679505,0.0,0.025000000000000022,0.0,80,1.0,0.9549359649323077,1.0,0.9375,0.8601429247023609,0.9793969276979898,0.9375,0.8601429247023609,0.9793969276979898,0.0,0.0625,0.0,0.975
groundingdino,105219,40844,1,guy on right,1,20,5,0,0.23194188448036673,5,5,1.0,0.47817624989501856,1.0,1.0,0.47817624989501856,1.0,1.0,0.47817624989501856,1.0,0.0,0.0,0.0,80,1.0,0.9549359649323077,1.0,0.7875,0.6817141914403442,0.8710635049024182,0.7875,0.6817141914403442,0.8710635049024182,0.0,0.21250000000000002,0.0,1.0
groundingdino,105219,40844,1,guy on right,1,20,5,0,0.23194188448036673,10,10,1.0,0.6915028921812392,1.0,0.8,0.4439045376923585,0.9747892736731666,0.8,0.4439045376923585,0.9747892736731666,0.0,0.19999999999999996,0.0,80,1.0,0.9549359649323077,1.0,0.7875,0.6817141914403442,0.8710635049024182,0.7875,0.6817141914403442,0.8710635049024182,0.0,0.21250000000000002,0.0,0.8
groundingdino,105219,40844,1,guy on right,1,20,5,0,0.23194188448036673,20,20,1.0,0.8315665290169146,1.0,0.9,0.6830172859809176,0.9876514728297052,0.9,0.6830172859809176,0.9876514728297052,0.0,0.09999999999999998,0.0,80,1.0,0.9549359649323077,1.0,0.7875,0.6817141914403442,0.8710635049024182,0.7875,0.6817141914403442,0.8710635049024182,0.0,0.21250000000000002,0.0,0.9
groundingdino,105219,40844,1,guy on right,1,20,5,0,0.23194188448036673,40,40,1.0,0.9119026971211976,1.0,0.775,0.6154883226965773,0.891603361015928,0.775,0.6154883226965773,0.891603361015928,0.0,0.22499999999999998,0.0,80,1.0,0.9549359649323077,1.0,0.7875,0.6817141914403442,0.8710635049024182,0.7875,0.6817141914403442,0.8710635049024182,0.0,0.21250000000000002,0.0,0.775
groundingdino,121706,39549,1,man red jacket,1,20,5,0,0.37133083219296414,5,5,0.6,0.14663279963467318,0.9472550494736831,0.3333333333333333,0.008403758659612645,0.9057006759497539,0.2,0.005050763379468061,0.7164179361180893,0.4,0.4,0.0,80,0.6,0.48437694049548946,0.7079906437446896,0.6458333333333334,0.49456825543663036,0.7783940670881664,0.3875,0.28056513312478215,0.5030244574981009,0.4,0.21249999999999997,5.551115123125783e-17,0.2
groundingdino,121706,39549,1,man red jacket,1,20,5,0,0.37133083219296414,10,10,0.6,0.2623780766069451,0.8784477418801728,0.5,0.11811724875702523,0.8818827512429748,0.3,0.0667395111777345,0.6524528500599973,0.4,0.3,5.551115123125783e-17,80,0.6,0.48437694049548946,0.7079906437446896,0.6458333333333334,0.49456825543663036,0.7783940670881664,0.3875,0.28056513312478215,0.5030244574981009,0.4,0.21249999999999997,5.551115123125783e-17,0.3
groundingdino,121706,39549,1,man red jacket,1,20,5,0,0.37133083219296414,20,20,0.4,0.1911900607253072,0.6394574126925103,0.5,0.15701277048705797,0.842987229512942,0.2,0.057333997050032774,0.43661400299666825,0.6,0.2,5.551115123125783e-17,80,0.6,0.48437694049548946,0.7079906437446896,0.6458333333333334,0.49456825543663036,0.7783940670881664,0.3875,0.28056513312478215,0.5030244574981009,0.4,0.21249999999999997,5.551115123125783e-17,0.2
groundingdino,121706,39549,1,man red jacket,1,20,5,0,0.37133083219296414,40,40,0.525,0.36128013526406216,0.6848802933650138,0.5238095238095238,0.29780683878364417,0.7428693735935925,0.275,0.14600899196386566,0.43888290717904815,0.475,0.25,0.0,80,0.6,0.48437694049548946,0.7079906437446896,0.6458333333333334,0.49456825543663036,0.7783940670881664,0.3875,0.28056513312478215,0.5030244574981009,0.4,0.21249999999999997,5.551115123125783e-17,0.275
groundingdino,578805,278,1,kid on left in blue,1,20,5,1,0.675300021101645,5,5,1.0,0.47817624989501856,1.0,0.4,0.05274495052631693,0.8533672003653268,0.4,0.05274495052631693,0.8533672003653268,0.0,0.6,0.0,80,0.9625,0.8942980149834914,0.9921988127342833,0.37662337662337664,0.26866760858383354,0.4943751795081649,0.3625,0.25789489537161814,0.47761272126480847,0.03749999999999998,0.6,0.0,0.4
groundingdino,578805,278,1,kid on left in blue,1,20,5,1,0.675300021101645,10,10,1.0,0.6915028921812392,1.0,0.3,0.0667395111777345,0.6524528500599973,0.3,0.0667395111777345,0.6524528500599973,0.0,0.7,0.0,80,0.9625,0.8942980149834914,0.9921988127342833,0.37662337662337664,0.26866760858383354,0.4943751795081649,0.3625,0.25789489537161814,0.47761272126480847,0.03749999999999998,0.6,0.0,0.3
groundingdino,578805,278,1,kid on left in blue,1,20,5,1,0.675300021101645,20,20,1.0,0.8315665290169146,1.0,0.4,0.1911900607253072,0.6394574126925103,0.4,0.1911900607253072,0.6394574126925103,0.0,0.6,0.0,80,0.9625,0.8942980149834914,0.9921988127342833,0.37662337662337664,0.26866760858383354,0.4943751795081649,0.3625,0.25789489537161814,0.47761272126480847,0.03749999999999998,0.6,0.0,0.4
groundingdino,578805,278,1,kid on left in blue,1,20,5,1,0.675300021101645,40,40,1.0,0.9119026971211976,1.0,0.35,0.20628249087076694,0.5168444536489906,0.35,0.20628249087076694,0.5168444536489906,0.0,0.65,0.0,80,0.9625,0.8942980149834914,0.9921988127342833,0.37662337662337664,0.26866760858383354,0.4943751795081649,0.3625,0.25789489537161814,0.47761272126480847,0.03749999999999998,0.6,0.0,0.35
groundingdino,325891,22186,1,man in striped shirt,1,20,5,1,0.8359322305335424,5,5,0.8,0.2835820638819106,0.9949492366205319,1.0,0.3976353643835254,1.0,0.8,0.2835820638819106,0.9949492366205319,0.19999999999999996,0.0,0.0,80,0.9625,0.8942980149834914,0.9921988127342833,0.948051948051948,0.872301396247797,0.9856664858835389,0.9125,0.8279916615801152,0.9640936410104413,0.03749999999999998,0.05000000000000002,2.7755575615628914e-17,0.8
groundingdino,325891,22186,1,man in striped shirt,1,20,5,1,0.8359322305335424,10,10,0.9,0.5549838829718046,0.9974714214555382,1.0,0.6637328831200572,1.0,0.9,0.5549838829718046,0.9974714214555382,0.09999999999999998,0.0,0.0,80,0.9625,0.8942980149834914,0.9921988127342833,0.948051948051948,0.872301396247797,0.9856664858835389,0.9125,0.8279916615801152,0.9640936410104413,0.03749999999999998,0.05000000000000002,2.7755575615628914e-17,0.9
groundingdino,325891,22186,1,man in striped shirt,1,20,5,1,0.8359322305335424,20,20,0.9,0.6830172859809176,0.9876514728297052,1.0,0.8146980318621478,1.0,0.9,0.6830172859809176,0.9876514728297052,0.09999999999999998,0.0,0.0,80,0.9625,0.8942980149834914,0.9921988127342833,0.948051948051948,0.872301396247797,0.9856664858835389,0.9125,0.8279916615801152,0.9640936410104413,0.03749999999999998,0.05000000000000002,2.7755575615628914e-17,0.9
groundingdino,325891,22186,1,man in striped shirt,1,20,5,1,0.8359322305335424,40,40,0.925,0.796135251267101,0.9842578201489585,0.972972972972973,0.858396904388842,0.9993159689753053,0.9,0.7633626001239001,0.9720745847057807,0.07499999999999996,0.024999999999999953,6.938893903907228e-17,80,0.9625,0.8942980149834914,0.9921988127342833,0.948051948051948,0.872301396247797,0.9856664858835389,0.9125,0.8279916615801152,0.9640936410104413,0.03749999999999998,0.05000000000000002,2.7755575615628914e-17,0.9
groundingdino,226961,30687,25,giraffe in middle,1,20,5,0,0.25550043177691406,5,5,1.0,0.47817624989501856,1.0,1.0,0.47817624989501856,1.0,1.0,0.47817624989501856,1.0,0.0,0.0,0.0,80,1.0,0.9549359649323077,1.0,1.0,0.9549359649323077,1.0,1.0,0.9549359649323077,1.0,0.0,0.0,0.0,1.0
groundingdino,226961,30687,25,giraffe in middle,1,20,5,0,0.25550043177691406,10,10,1.0,0.6915028921812392,1.0,1.0,0.6915028921812392,1.0,1.0,0.6915028921812392,1.0,0.0,0.0,0.0,80,1.0,0.9549359649323077,1.0,1.0,0.9549359649323077,1.0,1.0,0.9549359649323077,1.0,0.0,0.0,0.0,1.0
groundingdino,226961,30687,25,giraffe in middle,1,20,5,0,0.25550043177691406,20,20,1.0,0.8315665290169146,1.0,1.0,0.8315665290169146,1.0,1.0,0.8315665290169146,1.0,0.0,0.0,0.0,80,1.0,0.9549359649323077,1.0,1.0,0.9549359649323077,1.0,1.0,0.9549359649323077,1.0,0.0,0.0,0.0,1.0
groundingdino,226961,30687,25,giraffe in middle,1,20,5,0,0.25550043177691406,40,40,1.0,0.9119026971211976,1.0,1.0,0.9119026971211976,1.0,1.0,0.9119026971211976,1.0,0.0,0.0,0.0,80,1.0,0.9549359649323077,1.0,1.0,0.9549359649323077,1.0,1.0,0.9549359649323077,1.0,0.0,0.0,0.0,1.0
groundingdino,447457,11688,1,lady in black shirt,1,20,5,1,0.9084127467745075,5,5,1.0,0.47817624989501856,1.0,1.0,0.47817624989501856,1.0,1.0,0.47817624989501856,1.0,0.0,0.0,0.0,80,1.0,0.9549359649323077,1.0,1.0,0.9549359649323077,1.0,1.0,0.9549359649323077,1.0,0.0,0.0,0.0,1.0
groundingdino,447457,11688,1,lady in black shirt,1,20,5,1,0.9084127467745075,10,10,1.0,0.6915028921812392,1.0,1.0,0.6915028921812392,1.0,1.0,0.6915028921812392,1.0,0.0,0.0,0.0,80,1.0,0.9549359649323077,1.0,1.0,0.9549359649323077,1.0,1.0,0.9549359649323077,1.0,0.0,0.0,0.0,1.0
groundingdino,447457,11688,1,lady in black shirt,1,20,5,1,0.9084127467745075,20,20,1.0,0.8315665290169146,1.0,1.0,0.8315665290169146,1.0,1.0,0.8315665290169146,1.0,0.0,0.0,0.0,80,1.0,0.9549359649323077,1.0,1.0,0.9549359649323077,1.0,1.0,0.9549359649323077,1.0,0.0,0.0,0.0,1.0
groundingdino,447457,11688,1,lady in black shirt,1,20,5,1,0.9084127467745075,40,40,1.0,0.9119026971211976,1.0,1.0,0.9119026971211976,1.0,1.0,0.9119026971211976,1.0,0.0,0.0,0.0,80,1.0,0.9549359649323077,1.0,1.0,0.9549359649323077,1.0,1.0,0.9549359649323077,1.0,0.0,0.0,0.0,1.0
groundingdino,539167,3745,1,boy in a red shirt,1,20,5,1,0.9503629662431687,5,5,1.0,0.47817624989501856,1.0,1.0,0.47817624989501856,1.0,1.0,0.47817624989501856,1.0,0.0,0.0,0.0,80,1.0,0.9549359649323077,1.0,1.0,0.9549359649323077,1.0,1.0,0.9549359649323077,1.0,0.0,0.0,0.0,1.0
groundingdino,539167,3745,1,boy in a red shirt,1,20,5,1,0.9503629662431687,10,10,1.0,0.6915028921812392,1.0,1.0,0.6915028921812392,1.0,1.0,0.6915028921812392,1.0,0.0,0.0,0.0,80,1.0,0.9549359649323077,1.0,1.0,0.9549359649323077,1.0,1.0,0.9549359649323077,1.0,0.0,0.0,0.0,1.0
groundingdino,539167,3745,1,boy in a red shirt,1,20,5,1,0.9503629662431687,20,20,1.0,0.8315665290169146,1.0,1.0,0.8315665290169146,1.0,1.0,0.8315665290169146,1.0,0.0,0.0,0.0,80,1.0,0.9549359649323077,1.0,1.0,0.9549359649323077,1.0,1.0,0.9549359649323077,1.0,0.0,0.0,0.0,1.0
groundingdino,539167,3745,1,boy in a red shirt,1,20,5,1,0.9503629662431687,40,40,1.0,0.9119026971211976,1.0,1.0,0.9119026971211976,1.0,1.0,0.9119026971211976,1.0,0.0,0.0,0.0,80,1.0,0.9549359649323077,1.0,1.0,0.9549359649323077,1.0,1.0,0.9549359649323077,1.0,0.0,0.0,0.0,1.0
groundingdino,68812,43992,1,man in very front,1,13,5,1,0.9691444216624515,5,5,1.0,0.47817624989501856,1.0,1.0,0.47817624989501856,1.0,1.0,0.47817624989501856,1.0,0.0,0.0,0.0,80,1.0,0.9549359649323077,1.0,1.0,0.9549359649323077,1.0,1.0,0.9549359649323077,1.0,0.0,0.0,0.0,1.0
groundingdino,68812,43992,1,man in very front,1,13,5,1,0.9691444216624515,10,10,1.0,0.6915028921812392,1.0,1.0,0.6915028921812392,1.0,1.0,0.6915028921812392,1.0,0.0,0.0,0.0,80,1.0,0.9549359649323077,1.0,1.0,0.9549359649323077,1.0,1.0,0.9549359649323077,1.0,0.0,0.0,0.0,1.0
groundingdino,68812,43992,1,man in very front,1,13,5,1,0.9691444216624515,20,20,1.0,0.8315665290169146,1.0,1.0,0.8315665290169146,1.0,1.0,0.8315665290169146,1.0,0.0,0.0,0.0,80,1.0,0.9549359649323077,1.0,1.0,0.9549359649323077,1.0,1.0,0.9549359649323077,1.0,0.0,0.0,0.0,1.0
groundingdino,68812,43992,1,man in very front,1,13,5,1,0.9691444216624515,40,40,1.0,0.9119026971211976,1.0,1.0,0.9119026971211976,1.0,1.0,0.9119026971211976,1.0,0.0,0.0,0.0,80,1.0,0.9549359649323077,1.0,1.0,0.9549359649323077,1.0,1.0,0.9549359649323077,1.0,0.0,0.0,0.0,1.0
groundingdino,281790,26091,1,left person,1,20,5,0,0.14102430620070983,5,5,0.8,0.2835820638819106,0.9949492366205319,0.5,0.06758598648854298,0.932414013511457,0.4,0.05274495052631693,0.8533672003653268,0.19999999999999996,0.4,0.0,80,0.675,0.5610629543955516,0.7755404148225468,0.7407407407407407,0.6034552975929248,0.8504233326555408,0.5,0.38604788336490925,0.6139521166350907,0.32499999999999996,0.17500000000000004,0.0,0.4
groundingdino,281790,26091,1,left person,1,20,5,0,0.14102430620070983,10,10,0.7,0.34754714994000274,0.9332604888222655,0.7142857142857143,0.29042086373734277,0.9633074338239145,0.5,0.18708602844739855,0.8129139715526015,0.30000000000000004,0.19999999999999998,2.7755575615628914e-17,80,0.675,0.5610629543955516,0.7755404148225468,0.7407407407407407,0.6034552975929248,0.8504233326555408,0.5,0.38604788336490925,0.6139521166350907,0.32499999999999996,0.17500000000000004,0.0,0.5
groundingdino,281790,26091,1,left person,1,20,5,0,0.14102430620070983,20,20,0.65,0.4078114654671719,0.8460907952154588,0.6923076923076923,0.38573833824929565,0.9090796054279033,0.45,0.2305778967759242,0.6847218669594515,0.35,0.2,5.551115123125783e-17,80,0.675,0.5610629543955516,0.7755404148225468,0.7407407407407407,0.6034552975929248,0.8504233326555408,0.5,0.38604788336490925,0.6139521166350907,0.32499999999999996,0.17500000000000004,0.0,0.45
groundingdino,281790,26091,1,left person,1,20,5,0,0.14102430620070983,40,40,0.65,0.48315554635100944,0.793717509129233,0.7307692307692307,0.5221252103061684,0.884267786708496,0.475,0.31511970663498623,0.6387198647359378,0.35,0.17500000000000004,0.0,80,0.675,0.5610629543955516,0.7755404148225468,0.7407407407407407,0.6034552975929248,0.8504233326555408,0.5,0.38604788336490925,0.6139521166350907,0.32499999999999996,0.17500000000000004,0.0,0.475
groundingdino,168482,35610,10,top traffic light,1,20,5,0,0.005313836812073075,5,5,1.0,0.47817624989501856,1.0,0.2,0.005050763379468061,0.7164179361180893,0.2,0.005050763379468061,0.7164179361180893,0.0,0.8,0.0,80,0.9,0.8124348925365684,0.955829059846371,0.3611111111111111,0.25116285177856135,0.4828713519029786,0.325,0.22445958517745324,0.4389370456044483,0.09999999999999998,0.575,1.1102230246251565e-16,0.2
groundingdino,168482,35610,10,top traffic light,1,20,5,0,0.005313836812073075,10,10,1.0,0.6915028921812392,1.0,0.3,0.0667395111777345,0.6524528500599973,0.3,0.0667395111777345,0.6524528500599973,0.0,0.7,0.0,80,0.9,0.8124348925365684,0.955829059846371,0.3611111111111111,0.25116285177856135,0.4828713519029786,0.325,0.22445958517745324,0.4389370456044483,0.09999999999999998,0.575,1.1102230246251565e-16,0.3
groundingdino,168482,35610,10,top traffic light,1,20,5,0,0.005313836812073075,20,20,0.95,0.7512672372279723,0.9987349105020502,0.3157894736842105,0.1257606358729833,0.5655015688461509,0.3,0.1189315904057277,0.5427891822762891,0.050000000000000044,0.65,1.1102230246251565e-16,80,0.9,0.8124348925365684,0.955829059846371,0.3611111111111111,0.25116285177856135,0.4828713519029786,0.325,0.22445958517745324,0.4389370456044483,0.09999999999999998,0.575,1.1102230246251565e-16,0.3
groundingdino,168482,35610,10,top traffic light,1,20,5,0,0.005313836812073075,40,40,0.95,0.8308031360405824,0.9938863534006491,0.34210526315789475,0.19632909294904966,0.5135267551606642,0.325,0.18572896676334988,0.4912948754784484,0.050000000000000044,0.625,0.0,80,0.9,0.8124348925365684,0.955829059846371,0.3611111111111111,0.25116285177856135,0.4828713519029786,0.325,0.22445958517745324,0.4389370456044483,0.09999999999999998,0.575,1.1102230246251565e-16,0.325
groundingdino,78836,43128,1,lady,1,20,5,1,0.9575895511327938,5,5,1.0,0.47817624989501856,1.0,1.0,0.47817624989501856,1.0,1.0,0.47817624989501856,1.0,0.0,0.0,0.0,80,0.9625,0.8942980149834914,0.9921988127342833,0.961038961038961,0.8903346333254779,0.9918920827333061,0.925,0.8438720682639279,0.9719794538231588,0.03749999999999998,0.03750000000000001,3.469446951953614e-17,1.0
groundingdino,78836,43128,1,lady,1,20,5,1,0.9575895511327938,10,10,1.0,0.6915028921812392,1.0,1.0,0.6915028921812392,1.0,1.0,0.6915028921812392,1.0,0.0,0.0,0.0,80,0.9625,0.8942980149834914,0.9921988127342833,0.961038961038961,0.8903346333254779,0.9918920827333061,0.925,0.8438720682639279,0.9719794538231588,0.03749999999999998,0.03750000000000001,3.469446951953614e-17,1.0
groundingdino,78836,43128,1,lady,1,20,5,1,0.9575895511327938,20,20,1.0,0.8315665290169146,1.0,0.95,0.7512672372279723,0.9987349105020502,0.95,0.7512672372279723,0.9987349105020502,0.0,0.050000000000000044,0.0,80,0.9625,0.8942980149834914,0.9921988127342833,0.961038961038961,0.8903346333254779,0.9918920827333061,0.925,0.8438720682639279,0.9719794538231588,0.03749999999999998,0.03750000000000001,3.469446951953614e-17,0.95
groundingdino,78836,43128,1,lady,1,20,5,1,0.9575895511327938,40,40,0.95,0.8308031360405824,0.9938863534006491,0.9736842105263158,0.8619009702075799,0.9993339637957976,0.925,0.796135251267101,0.9842578201489585,0.050000000000000044,0.02499999999999997,5.898059818321144e-17,80,0.9625,0.8942980149834914,0.9921988127342833,0.961038961038961,0.8903346333254779,0.9918920827333061,0.925,0.8438720682639279,0.9719794538231588,0.03749999999999998,0.03750000000000001,3.469446951953614e-17,0.925
groundingdino,273197,26806,19,left horse,1,4,2,1,0.9735640824164093,5,5,1.0,0.47817624989501856,1.0,0.8,0.2835820638819106,0.9949492366205319,0.8,0.2835820638819106,0.9949492366205319,0.0,0.19999999999999996,0.0,80,1.0,0.9549359649323077,1.0,0.8875,0.7971534080830098,0.9472484868543125,0.8875,0.7971534080830098,0.9472484868543125,0.0,0.11250000000000004,0.0,0.8
groundingdino,273197,26806,19,left horse,1,4,2,1,0.9735640824164093,10,10,1.0,0.6915028921812392,1.0,0.9,0.5549838829718046,0.9974714214555382,0.9,0.5549838829718046,0.9974714214555382,0.0,0.09999999999999998,0.0,80,1.0,0.9549359649323077,1.0,0.8875,0.7971534080830098,0.9472484868543125,0.8875,0.7971534080830098,0.9472484868543125,0.0,0.11250000000000004,0.0,0.9
groundingdino,273197,26806,19,left horse,1,4,2,1,0.9735640824164093,20,20,1.0,0.8315665290169146,1.0,0.85,0.6210731734546859,0.9679290628145363,0.85,0.6210731734546859,0.9679290628145363,0.0,0.15000000000000002,0.0,80,1.0,0.9549359649323077,1.0,0.8875,0.7971534080830098,0.9472484868543125,0.8875,0.7971534080830098,0.9472484868543125,0.0,0.11250000000000004,0.0,0.85
groundingdino,273197,26806,19,left horse,1,4,2,1,0.9735640824164093,40,40,1.0,0.9119026971211976,1.0,0.825,0.6722098666384142,0.9266172706479148,0.825,0.6722098666384142,0.9266172706479148,0.0,0.17500000000000004,0.0,80,1.0,0.9549359649323077,1.0,0.8875,0.7971534080830098,0.9472484868543125,0.8875,0.7971534080830098,0.9472484868543125,0.0,0.11250000000000004,0.0,0.825
groundingdino,269890,27039,1,motorcycle driver,1,20,5,1,0.8057634742770473,5,5,0.8,0.2835820638819106,0.9949492366205319,1.0,0.3976353643835254,1.0,0.8,0.2835820638819106,0.9949492366205319,0.19999999999999996,0.0,0.0,80,0.8625,0.7672791291752744,0.9293121672961213,1.0,0.9479419421369203,1.0,0.8625,0.7672791291752744,0.9293121672961213,0.13749999999999996,0.0,0.0,0.8
groundingdino,269890,27039,1,motorcycle driver,1,20,5,1,0.8057634742770473,10,10,0.8,0.4439045376923585,0.9747892736731666,1.0,0.6305833524471808,1.0,0.8,0.4439045376923585,0.9747892736731666,0.19999999999999996,0.0,0.0,80,0.8625,0.7672791291752744,0.9293121672961213,1.0,0.9479419421369203,1.0,0.8625,0.7672791291752744,0.9293121672961213,0.13749999999999996,0.0,0.0,0.8
groundingdino,269890,27039,1,motorcycle driver,1,20,5,1,0.8057634742770473,20,20,0.85,0.6210731734546859,0.9679290628145363,1.0,0.8049356770309068,1.0,0.85,0.6210731734546859,0.9679290628145363,0.15000000000000002,0.0,0.0,80,0.8625,0.7672791291752744,0.9293121672961213,1.0,0.9479419421369203,1.0,0.8625,0.7672791291752744,0.9293121672961213,0.13749999999999996,0.0,0.0,0.85
groundingdino,269890,27039,1,motorcycle driver,1,20,5,1,0.8057634742770473,40,40,0.85,0.7016473331604236,0.9428977418454741,1.0,0.8971820757409874,1.0,0.85,0.7016473331604236,0.9428977418454741,0.15000000000000002,0.0,0.0,80,0.8625,0.7672791291752744,0.9293121672961213,1.0,0.9479419421369203,1.0,0.8625,0.7672791291752744,0.9293121672961213,0.13749999999999996,0.0,0.0,0.85
groundingdino,431400,13069,4,black motocicle,1,20,5,0,0.0,5,5,0.8,0.2835820638819106,0.9949492366205319,1.0,0.3976353643835254,1.0,0.8,0.2835820638819106,0.9949492366205319,0.19999999999999996,0.0,0.0,80,0.775,0.6679136799387491,0.8608627895010682,0.6612903225806451,0.5299312378341926,0.7766695787143149,0.5125,0.39810466870318545,0.625942518555561,0.22499999999999998,0.2625,5.551115123125783e-17,0.8
groundingdino,431400,13069,4,black motocicle,1,20,5,0,0.0,10,10,0.8,0.4439045376923585,0.9747892736731666,0.875,0.4734903291247935,0.9968402764687481,0.7,0.34754714994000274,0.9332604888222655,0.19999999999999996,0.1,8.326672684688674e-17,80,0.775,0.6679136799387491,0.8608627895010682,0.6612903225806451,0.5299312378341926,0.7766695787143149,0.5125,0.39810466870318545,0.625942518555561,0.22499999999999998,0.2625,5.551115123125783e-17,0.7
groundingdino,431400,13069,4,black motocicle,1,20,5,0,0.0,20,20,0.75,0.5089541282920425,0.9134285308985653,0.8,0.519108866193147,0.9566879948941633,0.6,0.3605425873074897,0.8088099392746928,0.25,0.14999999999999997,5.551115123125783e-17,80,0.775,0.6679136799387491,0.8608627895010682,0.6612903225806451,0.5299312378341926,0.7766695787143149,0.5125,0.39810466870318545,0.625942518555561,0.22499999999999998,0.2625,5.551115123125783e-17,0.6
groundingdino,431400,13069,4,black motocicle,1,20,5,0,0.0,40,40,0.825,0.6722098666384142,0.9266172706479148,0.696969696969697,0.5128893024616068,0.8440833976030141,0.575,0.40890058042696337,0.7295709687311371,0.17500000000000004,0.24999999999999994,5.551115123125783e-17,80,0.775,0.6679136799387491,0.8608627895010682,0.6612903225806451,0.5299312378341926,0.7766695787143149,0.5125,0.39810466870318545,0.625942518555561,0.22499999999999998,0.2625,5.551115123125783e-17,0.575
groundingdino,215407,31723,1,lol dude on far right,1,20,5,0,0.0,5,5,1.0,0.47817624989501856,1.0,1.0,0.47817624989501856,1.0,1.0,0.47817624989501856,1.0,0.0,0.0,0.0,80,1.0,0.9549359649323077,1.0,0.9875,0.9323122155360776,0.9996835774723672,0.9875,0.9323122155360776,0.9996835774723672,0.0,0.012499999999999956,0.0,1.0
groundingdino,215407,31723,1,lol dude on far right,1,20,5,0,0.0,10,10,1.0,0.6915028921812392,1.0,1.0,0.6915028921812392,1.0,1.0,0.6915028921812392,1.0,0.0,0.0,0.0,80,1.0,0.9549359649323077,1.0,0.9875,0.9323122155360776,0.9996835774723672,0.9875,0.9323122155360776,0.9996835774723672,0.0,0.012499999999999956,0.0,1.0
groundingdino,215407,31723,1,lol dude on far right,1,20,5,0,0.0,20,20,1.0,0.8315665290169146,1.0,1.0,0.8315665290169146,1.0,1.0,0.8315665290169146,1.0,0.0,0.0,0.0,80,1.0,0.9549359649323077,1.0,0.9875,0.9323122155360776,0.9996835774723672,0.9875,0.9323122155360776,0.9996835774723672,0.0,0.012499999999999956,0.0,1.0
groundingdino,215407,31723,1,lol dude on far right,1,20,5,0,0.0,40,40,1.0,0.9119026971211976,1.0,1.0,0.9119026971211976,1.0,1.0,0.9119026971211976,1.0,0.0,0.0,0.0,80,1.0,0.9549359649323077,1.0,0.9875,0.9323122155360776,0.9996835774723672,0.9875,0.9323122155360776,0.9996835774723672,0.0,0.012499999999999956,0.0,1.0
groundingdino,388421,16784,1,middle,1,20,5,1,0.9478527481357835,5,5,1.0,0.47817624989501856,1.0,0.8,0.2835820638819106,0.9949492366205319,0.8,0.2835820638819106,0.9949492366205319,0.0,0.19999999999999996,0.0,80,0.95,0.876901263556847,0.9862106060235382,0.7105263157894737,0.5951485609426322,0.8088878129116815,0.675,0.5610629543955516,0.7755404148225468,0.050000000000000044,0.275,1.1102230246251565e-16,0.8
groundingdino,388421,16784,1,middle,1,20,5,1,0.9478527481357835,10,10,0.9,0.5549838829718046,0.9974714214555382,0.8888888888888888,0.517503485082663,0.9971908632534008,0.8,0.4439045376923585,0.9747892736731666,0.09999999999999998,0.10000000000000005,6.938893903907228e-17,80,0.95,0.876901263556847,0.9862106060235382,0.7105263157894737,0.5951485609426322,0.8088878129116815,0.675,0.5610629543955516,0.7755404148225468,0.050000000000000044,0.275,1.1102230246251565e-16,0.8
groundingdino,388421,16784,1,middle,1,20,5,1,0.9478527481357835,20,20,0.9,0.6830172859809176,0.9876514728297052,0.8888888888888888,0.6528795613913279,0.9862487843356355,0.8,0.5633859970033317,0.9426660029499673,0.09999999999999998,0.10000000000000005,6.938893903907228e-17,80,0.95,0.876901263556847,0.9862106060235382,0.7105263157894737,0.5951485609426322,0.8088878129116815,0.675,0.5610629543955516,0.7755404148225468,0.050000000000000044,0.275,1.1102230246251565e-16,0.8
groundingdino,388421,16784,1,middle,1,20,5,1,0.9478527481357835,40,40,0.925,0.796135251267101,0.9842578201489585,0.7837837837837838,0.6178635082284506,0.9017343641645508,0.725,0.5611170928209519,0.8539910080361344,0.07499999999999996,0.2,5.551115123125783e-17,80,0.95,0.876901263556847,0.9862106060235382,0.7105263157894737,0.5951485609426322,0.8088878129116815,0.675,0.5610629543955516,0.7755404148225468,0.050000000000000044,0.275,1.1102230246251565e-16,0.725
groundingdino,580785,102,1,child sitting on womans lap,1,20,5,1,0.8556663203367036,5,5,1.0,0.47817624989501856,1.0,1.0,0.47817624989501856,1.0,1.0,0.47817624989501856,1.0,0.0,0.0,0.0,80,1.0,0.9549359649323077,1.0,1.0,0.9549359649323077,1.0,1.0,0.9549359649323077,1.0,0.0,0.0,0.0,1.0
groundingdino,580785,102,1,child sitting on womans lap,1,20,5,1,0.8556663203367036,10,10,1.0,0.6915028921812392,1.0,1.0,0.6915028921812392,1.0,1.0,0.6915028921812392,1.0,0.0,0.0,0.0,80,1.0,0.9549359649323077,1.0,1.0,0.9549359649323077,1.0,1.0,0.9549359649323077,1.0,0.0,0.0,0.0,1.0
groundingdino,580785,102,1,child sitting on womans lap,1,20,5,1,0.8556663203367036,20,20,1.0,0.8315665290169146,1.0,1.0,0.8315665290169146,1.0,1.0,0.8315665290169146,1.0,0.0,0.0,0.0,80,1.0,0.9549359649323077,1.0,1.0,0.9549359649323077,1.0,1.0,0.9549359649323077,1.0,0.0,0.0,0.0,1.0
groundingdino,580785,102,1,child sitting on womans lap,1,20,5,1,0.8556663203367036,40,40,1.0,0.9119026971211976,1.0,1.0,0.9119026971211976,1.0,1.0,0.9119026971211976,1.0,0.0,0.0,0.0,80,1.0,0.9549359649323077,1.0,1.0,0.9549359649323077,1.0,1.0,0.9549359649323077,1.0,0.0,0.0,0.0,1.0
groundingdino,103510,40983,51,veggies,1,20,5,1,0.9736332467191229,5,5,1.0,0.47817624989501856,1.0,1.0,0.47817624989501856,1.0,1.0,0.47817624989501856,1.0,0.0,0.0,0.0,80,1.0,0.9549359649323077,1.0,1.0,0.9549359649323077,1.0,1.0,0.9549359649323077,1.0,0.0,0.0,0.0,1.0
groundingdino,103510,40983,51,veggies,1,20,5,1,0.9736332467191229,10,10,1.0,0.6915028921812392,1.0,1.0,0.6915028921812392,1.0,1.0,0.6915028921812392,1.0,0.0,0.0,0.0,80,1.0,0.9549359649323077,1.0,1.0,0.9549359649323077,1.0,1.0,0.9549359649323077,1.0,0.0,0.0,0.0,1.0
groundingdino,103510,40983,51,veggies,1,20,5,1,0.9736332467191229,20,20,1.0,0.8315665290169146,1.0,1.0,0.8315665290169146,1.0,1.0,0.8315665290169146,1.0,0.0,0.0,0.0,80,1.0,0.9549359649323077,1.0,1.0,0.9549359649323077,1.0,1.0,0.9549359649323077,1.0,0.0,0.0,0.0,1.0
groundingdino,103510,40983,51,veggies,1,20,5,1,0.9736332467191229,40,40,1.0,0.9119026971211976,1.0,1.0,0.9119026971211976,1.0,1.0,0.9119026971211976,1.0,0.0,0.0,0.0,80,1.0,0.9549359649323077,1.0,1.0,0.9549359649323077,1.0,1.0,0.9549359649323077,1.0,0.0,0.0,0.0,1.0
groundingdino,488160,8156,21,left brown one,1,20,5,1,0.9869290982585155,5,5,1.0,0.47817624989501856,1.0,1.0,0.47817624989501856,1.0,1.0,0.47817624989501856,1.0,0.0,0.0,0.0,80,1.0,0.9549359649323077,1.0,1.0,0.9549359649323077,1.0,1.0,0.9549359649323077,1.0,0.0,0.0,0.0,1.0
groundingdino,488160,8156,21,left brown one,1,20,5,1,0.9869290982585155,10,10,1.0,0.6915028921812392,1.0,1.0,0.6915028921812392,1.0,1.0,0.6915028921812392,1.0,0.0,0.0,0.0,80,1.0,0.9549359649323077,1.0,1.0,0.9549359649323077,1.0,1.0,0.9549359649323077,1.0,0.0,0.0,0.0,1.0
groundingdino,488160,8156,21,left brown one,1,20,5,1,0.9869290982585155,20,20,1.0,0.8315665290169146,1.0,1.0,0.8315665290169146,1.0,1.0,0.8315665290169146,1.0,0.0,0.0,0.0,80,1.0,0.9549359649323077,1.0,1.0,0.9549359649323077,1.0,1.0,0.9549359649323077,1.0,0.0,0.0,0.0,1.0
groundingdino,488160,8156,21,left brown one,1,20,5,1,0.9869290982585155,40,40,1.0,0.9119026971211976,1.0,1.0,0.9119026971211976,1.0,1.0,0.9119026971211976,1.0,0.0,0.0,0.0,80,1.0,0.9549359649323077,1.0,1.0,0.9549359649323077,1.0,1.0,0.9549359649323077,1.0,0.0,0.0,0.0,1.0
groundingdino,425721,13596,67,stand back right,1,20,5,0,0.002874759980756872,5,5,1.0,0.47817624989501856,1.0,1.0,0.47817624989501856,1.0,1.0,0.47817624989501856,1.0,0.0,0.0,0.0,80,0.975,0.9125928440694078,0.9969579138351904,1.0,0.9538075796719513,1.0,0.975,0.9125928440694078,0.9969579138351904,0.025000000000000022,0.0,0.0,1.0
groundingdino,425721,13596,67,stand back right,1,20,5,0,0.002874759980756872,10,10,1.0,0.6915028921812392,1.0,1.0,0.6915028921812392,1.0,1.0,0.6915028921812392,1.0,0.0,0.0,0.0,80,0.975,0.9125928440694078,0.9969579138351904,1.0,0.9538075796719513,1.0,0.975,0.9125928440694078,0.9969579138351904,0.025000000000000022,0.0,0.0,1.0
groundingdino,425721,13596,67,stand back right,1,20,5,0,0.002874759980756872,20,20,1.0,0.8315665290169146,1.0,1.0,0.8315665290169146,1.0,1.0,0.8315665290169146,1.0,0.0,0.0,0.0,80,0.975,0.9125928440694078,0.9969579138351904,1.0,0.9538075796719513,1.0,0.975,0.9125928440694078,0.9969579138351904,0.025000000000000022,0.0,0.0,1.0
groundingdino,425721,13596,67,stand back right,1,20,5,0,0.002874759980756872,40,40,1.0,0.9119026971211976,1.0,1.0,0.9119026971211976,1.0,1.0,0.9119026971211976,1.0,0.0,0.0,0.0,80,0.975,0.9125928440694078,0.9969579138351904,1.0,0.9538075796719513,1.0,0.975,0.9125928440694078,0.9969579138351904,0.025000000000000022,0.0,0.0,1.0
groundingdino,432683,12971,1,blue shirt,1,15,5,0,0.4388780366222107,5,5,1.0,0.47817624989501856,1.0,1.0,0.47817624989501856,1.0,1.0,0.47817624989501856,1.0,0.0,0.0,0.0,80,1.0,0.9549359649323077,1.0,1.0,0.9549359649323077,1.0,1.0,0.9549359649323077,1.0,0.0,0.0,0.0,1.0
groundingdino,432683,12971,1,blue shirt,1,15,5,0,0.4388780366222107,10,10,1.0,0.6915028921812392,1.0,1.0,0.6915028921812392,1.0,1.0,0.6915028921812392,1.0,0.0,0.0,0.0,80,1.0,0.9549359649323077,1.0,1.0,0.9549359649323077,1.0,1.0,0.9549359649323077,1.0,0.0,0.0,0.0,1.0
groundingdino,432683,12971,1,blue shirt,1,15,5,0,0.4388780366222107,20,20,1.0,0.8315665290169146,1.0,1.0,0.8315665290169146,1.0,1.0,0.8315665290169146,1.0,0.0,0.0,0.0,80,1.0,0.9549359649323077,1.0,1.0,0.9549359649323077,1.0,1.0,0.9549359649323077,1.0,0.0,0.0,0.0,1.0
groundingdino,432683,12971,1,blue shirt,1,15,5,0,0.4388780366222107,40,40,1.0,0.9119026971211976,1.0,1.0,0.9119026971211976,1.0,1.0,0.9119026971211976,1.0,0.0,0.0,0.0,80,1.0,0.9549359649323077,1.0,1.0,0.9549359649323077,1.0,1.0,0.9549359649323077,1.0,0.0,0.0,0.0,1.0
groundingdino,455079,11048,1,boy,1,10,5,1,0.9526695150495458,5,5,1.0,0.47817624989501856,1.0,1.0,0.47817624989501856,1.0,1.0,0.47817624989501856,1.0,0.0,0.0,0.0,80,1.0,0.9549359649323077,1.0,1.0,0.9549359649323077,1.0,1.0,0.9549359649323077,1.0,0.0,0.0,0.0,1.0
groundingdino,455079,11048,1,boy,1,10,5,1,0.9526695150495458,10,10,1.0,0.6915028921812392,1.0,1.0,0.6915028921812392,1.0,1.0,0.6915028921812392,1.0,0.0,0.0,0.0,80,1.0,0.9549359649323077,1.0,1.0,0.9549359649323077,1.0,1.0,0.9549359649323077,1.0,0.0,0.0,0.0,1.0
groundingdino,455079,11048,1,boy,1,10,5,1,0.9526695150495458,20,20,1.0,0.8315665290169146,1.0,1.0,0.8315665290169146,1.0,1.0,0.8315665290169146,1.0,0.0,0.0,0.0,80,1.0,0.9549359649323077,1.0,1.0,0.9549359649323077,1.0,1.0,0.9549359649323077,1.0,0.0,0.0,0.0,1.0
groundingdino,455079,11048,1,boy,1,10,5,1,0.9526695150495458,40,40,1.0,0.9119026971211976,1.0,1.0,0.9119026971211976,1.0,1.0,0.9119026971211976,1.0,0.0,0.0,0.0,80,1.0,0.9549359649323077,1.0,1.0,0.9549359649323077,1.0,1.0,0.9549359649323077,1.0,0.0,0.0,0.0,1.0
groundingdino,297171,24828,72,tv bottom right corner,1,20,5,0,0.052923668955280896,5,5,0.8,0.2835820638819106,0.9949492366205319,0.75,0.19412044968324346,0.9936905367902902,0.6,0.14663279963467318,0.9472550494736831,0.19999999999999996,0.2,5.551115123125783e-17,80,0.7625,0.6542230288597322,0.8505462481433591,0.7377049180327869,0.60929414715919,0.842039402463965,0.5625,0.4469975713881803,0.673236046566221,0.23750000000000004,0.19999999999999996,0.0,0.6
groundingdino,297171,24828,72,tv bottom right corner,1,20,5,0,0.052923668955280896,10,10,0.9,0.5549838829718046,0.9974714214555382,0.7777777777777778,0.39990642628368794,0.9718550265221018,0.7,0.34754714994000274,0.9332604888222655,0.09999999999999998,0.19999999999999998,8.326672684688674e-17,80,0.7625,0.6542230288597322,0.8505462481433591,0.7377049180327869,0.60929414715919,0.842039402463965,0.5625,0.4469975713881803,0.673236046566221,0.23750000000000004,0.19999999999999996,0.0,0.7
groundingdino,297171,24828,72,tv bottom right corner,1,20,5,0,0.052923668955280896,20,20,0.85,0.6210731734546859,0.9679290628145363,0.6470588235294118,0.3832836634434029,0.857902516889779,0.55,0.3152781330405486,0.7694221032240758,0.15000000000000002,0.3,5.551115123125783e-17,80,0.7625,0.6542230288597322,0.8505462481433591,0.7377049180327869,0.60929414715919,0.842039402463965,0.5625,0.4469975713881803,0.673236046566221,0.23750000000000004,0.19999999999999996,0.0,0.55
groundingdino,297171,24828,72,tv bottom right corner,1,20,5,0,0.052923668955280896,40,40,0.8,0.6435219813207653,0.9094775906000093,0.6875,0.49992241836783036,0.8388152759117995,0.55,0.38490679453401333,0.7074116499601201,0.19999999999999996,0.25,0.0,80,0.7625,0.6542230288597322,0.8505462481433591,0.7377049180327869,0.60929414715919,0.842039402463965,0.5625,0.4469975713881803,0.673236046566221,0.23750000000000004,0.19999999999999996,0.0,0.55
groundingdino,561593,1860,1,batter,1,6,5,1,0.982956522358525,5,5,0.0,0.0,0.5218237501049814,,,,0.0,0.0,0.5218237501049814,1.0,0.0,0.0,80,0.1,0.044170940153629046,0.1875651074634316,1.0,0.6305833524471808,1.0,0.1,0.044170940153629046,0.1875651074634316,0.9,0.0,0.0,0.0
groundingdino,561593,1860,1,batter,1,6,5,1,0.982956522358525,10,10,0.0,0.0,0.3084971078187608,,,,0.0,0.0,0.3084971078187608,1.0,0.0,0.0,80,0.1,0.044170940153629046,0.1875651074634316,1.0,0.6305833524471808,1.0,0.1,0.044170940153629046,0.1875651074634316,0.9,0.0,0.0,0.0
groundingdino,561593,1860,1,batter,1,6,5,1,0.982956522358525,20,20,0.05,0.0012650894979498047,0.24873276277202766,1.0,0.025000000000000022,1.0,0.05,0.0012650894979498047,0.24873276277202766,0.95,0.0,0.0,80,0.1,0.044170940153629046,0.1875651074634316,1.0,0.6305833524471808,1.0,0.1,0.044170940153629046,0.1875651074634316,0.9,0.0,0.0,0.05
groundingdino,561593,1860,1,batter,1,6,5,1,0.982956522358525,40,40,0.075,0.015742179851041534,0.20386474873289892,1.0,0.29240177382128674,1.0,0.075,0.015742179851041534,0.20386474873289892,0.925,0.0,0.0,80,0.1,0.044170940153629046,0.1875651074634316,1.0,0.6305833524471808,1.0,0.1,0.044170940153629046,0.1875651074634316,0.9,0.0,0.0,0.075
groundingdino,96475,41571,61,food on plate,1,20,5,0,0.23284148104835187,5,5,1.0,0.47817624989501856,1.0,1.0,0.47817624989501856,1.0,1.0,0.47817624989501856,1.0,0.0,0.0,0.0,80,0.9875,0.9323122155360776,0.9996835774723672,1.0,0.9543787472413889,1.0,0.9875,0.9323122155360776,0.9996835774723672,0.012499999999999956,0.0,0.0,1.0
groundingdino,96475,41571,61,food on plate,1,20,5,0,0.23284148104835187,10,10,1.0,0.6915028921812392,1.0,1.0,0.6915028921812392,1.0,1.0,0.6915028921812392,1.0,0.0,0.0,0.0,80,0.9875,0.9323122155360776,0.9996835774723672,1.0,0.9543787472413889,1.0,0.9875,0.9323122155360776,0.9996835774723672,0.012499999999999956,0.0,0.0,1.0
groundingdino,96475,41571,61,food on plate,1,20,5,0,0.23284148104835187,20,20,1.0,0.8315665290169146,1.0,1.0,0.8315665290169146,1.0,1.0,0.8315665290169146,1.0,0.0,0.0,0.0,80,0.9875,0.9323122155360776,0.9996835774723672,1.0,0.9543787472413889,1.0,0.9875,0.9323122155360776,0.9996835774723672,0.012499999999999956,0.0,0.0,1.0
groundingdino,96475,41571,61,food on plate,1,20,5,0,0.23284148104835187,40,40,1.0,0.9119026971211976,1.0,1.0,0.9119026971211976,1.0,1.0,0.9119026971211976,1.0,0.0,0.0,0.0,80,0.9875,0.9323122155360776,0.9996835774723672,1.0,0.9543787472413889,1.0,0.9875,0.9323122155360776,0.9996835774723672,0.012499999999999956,0.0,0.0,1.0
groundingdino,508504,6383,1,person on right,1,20,5,0,0.0,5,5,1.0,0.47817624989501856,1.0,1.0,0.47817624989501856,1.0,1.0,0.47817624989501856,1.0,0.0,0.0,0.0,80,0.975,0.9125928440694078,0.9969579138351904,0.9487179487179487,0.873872369821711,0.9858525691055138,0.925,0.8438720682639279,0.9719794538231588,0.025000000000000022,0.05000000000000004,1.0408340855860843e-16,1.0
groundingdino,508504,6383,1,person on right,1,20,5,0,0.0,10,10,0.9,0.5549838829718046,0.9974714214555382,1.0,0.6637328831200572,1.0,0.9,0.5549838829718046,0.9974714214555382,0.09999999999999998,0.0,0.0,80,0.975,0.9125928440694078,0.9969579138351904,0.9487179487179487,0.873872369821711,0.9858525691055138,0.925,0.8438720682639279,0.9719794538231588,0.025000000000000022,0.05000000000000004,1.0408340855860843e-16,0.9
groundingdino,508504,6383,1,person on right,1,20,5,0,0.0,20,20,0.95,0.7512672372279723,0.9987349105020502,0.9473684210526315,0.7397193458047859,0.9986683711958205,0.9,0.6830172859809176,0.9876514728297052,0.050000000000000044,0.050000000000000044,1.1102230246251565e-16,80,0.975,0.9125928440694078,0.9969579138351904,0.9487179487179487,0.873872369821711,0.9858525691055138,0.925,0.8438720682639279,0.9719794538231588,0.025000000000000022,0.05000000000000004,1.0408340855860843e-16,0.9
groundingdino,508504,6383,1,person on right,1,20,5,0,0.0,40,40,0.925,0.796135251267101,0.9842578201489585,0.9459459459459459,0.8180508816222507,0.9933854295884712,0.875,0.7319670826382796,0.9581403738613833,0.07499999999999996,0.05,4.163336342344337e-17,80,0.975,0.9125928440694078,0.9969579138351904,0.9487179487179487,0.873872369821711,0.9858525691055138,0.925,0.8438720682639279,0.9719794538231588,0.025000000000000022,0.05000000000000004,1.0408340855860843e-16,0.875
groundingdino,55237,45232,1,guy in center with black shirt,1,20,5,1,0.9623279212212327,5,5,1.0,0.47817624989501856,1.0,1.0,0.47817624989501856,1.0,1.0,0.47817624989501856,1.0,0.0,0.0,0.0,80,1.0,0.9549359649323077,1.0,1.0,0.9549359649323077,1.0,1.0,0.9549359649323077,1.0,0.0,0.0,0.0,1.0
groundingdino,55237,45232,1,guy in center with black shirt,1,20,5,1,0.9623279212212327,10,10,1.0,0.6915028921812392,1.0,1.0,0.6915028921812392,1.0,1.0,0.6915028921812392,1.0,0.0,0.0,0.0,80,1.0,0.9549359649323077,1.0,1.0,0.9549359649323077,1.0,1.0,0.9549359649323077,1.0,0.0,0.0,0.0,1.0
groundingdino,55237,45232,1,guy in center with black shirt,1,20,5,1,0.9623279212212327,20,20,1.0,0.8315665290169146,1.0,1.0,0.8315665290169146,1.0,1.0,0.8315665290169146,1.0,0.0,0.0,0.0,80,1.0,0.9549359649323077,1.0,1.0,0.9549359649323077,1.0,1.0,0.9549359649323077,1.0,0.0,0.0,0.0,1.0
groundingdino,55237,45232,1,guy in center with black shirt,1,20,5,1,0.9623279212212327,40,40,1.0,0.9119026971211976,1.0,1.0,0.9119026971211976,1.0,1.0,0.9119026971211976,1.0,0.0,0.0,0.0,80,1.0,0.9549359649323077,1.0,1.0,0.9549359649323077,1.0,1.0,0.9549359649323077,1.0,0.0,0.0,0.0,1.0
groundingdino,324705,22285,1,guy sitting at bottom right,1,20,5,1,0.9766101792235877,5,5,1.0,0.47817624989501856,1.0,1.0,0.47817624989501856,1.0,1.0,0.47817624989501856,1.0,0.0,0.0,0.0,80,1.0,0.9549359649323077,1.0,1.0,0.9549359649323077,1.0,1.0,0.9549359649323077,1.0,0.0,0.0,0.0,1.0
groundingdino,324705,22285,1,guy sitting at bottom right,1,20,5,1,0.9766101792235877,10,10,1.0,0.6915028921812392,1.0,1.0,0.6915028921812392,1.0,1.0,0.6915028921812392,1.0,0.0,0.0,0.0,80,1.0,0.9549359649323077,1.0,1.0,0.9549359649323077,1.0,1.0,0.9549359649323077,1.0,0.0,0.0,0.0,1.0
groundingdino,324705,22285,1,guy sitting at bottom right,1,20,5,1,0.9766101792235877,20,20,1.0,0.8315665290169146,1.0,1.0,0.8315665290169146,1.0,1.0,0.8315665290169146,1.0,0.0,0.0,0.0,80,1.0,0.9549359649323077,1.0,1.0,0.9549359649323077,1.0,1.0,0.9549359649323077,1.0,0.0,0.0,0.0,1.0
groundingdino,324705,22285,1,guy sitting at bottom right,1,20,5,1,0.9766101792235877,40,40,1.0,0.9119026971211976,1.0,1.0,0.9119026971211976,1.0,1.0,0.9119026971211976,1.0,0.0,0.0,0.0,80,1.0,0.9549359649323077,1.0,1.0,0.9549359649323077,1.0,1.0,0.9549359649323077,1.0,0.0,0.0,0.0,1.0
groundingdino,136230,38269,72,black space above right monitors,1,20,5,0,0.0,5,5,1.0,0.47817624989501856,1.0,0.8,0.2835820638819106,0.9949492366205319,0.8,0.2835820638819106,0.9949492366205319,0.0,0.19999999999999996,0.0,80,1.0,0.9549359649323077,1.0,0.975,0.9125928440694078,0.9969579138351904,0.975,0.9125928440694078,0.9969579138351904,0.0,0.025000000000000022,0.0,0.8
groundingdino,136230,38269,72,black space above right monitors,1,20,5,0,0.0,10,10,1.0,0.6915028921812392,1.0,0.9,0.5549838829718046,0.9974714214555382,0.9,0.5549838829718046,0.9974714214555382,0.0,0.09999999999999998,0.0,80,1.0,0.9549359649323077,1.0,0.975,0.9125928440694078,0.9969579138351904,0.975,0.9125928440694078,0.9969579138351904,0.0,0.025000000000000022,0.0,0.9
groundingdino,136230,38269,72,black space above right monitors,1,20,5,0,0.0,20,20,1.0,0.8315665290169146,1.0,0.9,0.6830172859809176,0.9876514728297052,0.9,0.6830172859809176,0.9876514728297052,0.0,0.09999999999999998,0.0,80,1.0,0.9549359649323077,1.0,0.975,0.9125928440694078,0.9969579138351904,0.975,0.9125928440694078,0.9969579138351904,0.0,0.025000000000000022,0.0,0.9
groundingdino,136230,38269,72,black space above right monitors,1,20,5,0,0.0,40,40,1.0,0.9119026971211976,1.0,0.95,0.8308031360405824,0.9938863534006491,0.95,0.8308031360405824,0.9938863534006491,0.0,0.050000000000000044,0.0,80,1.0,0.9549359649323077,1.0,0.975,0.9125928440694078,0.9969579138351904,0.975,0.9125928440694078,0.9969579138351904,0.0,0.025000000000000022,0.0,0.95
groundingdino,402448,15572,62,chair to left of kat,1,20,5,1,0.9143413027303893,5,5,1.0,0.47817624989501856,1.0,1.0,0.47817624989501856,1.0,1.0,0.47817624989501856,1.0,0.0,0.0,0.0,80,1.0,0.9549359649323077,1.0,0.925,0.8438720682639279,0.9719794538231588,0.925,0.8438720682639279,0.9719794538231588,0.0,0.07499999999999996,0.0,1.0
groundingdino,402448,15572,62,chair to left of kat,1,20,5,1,0.9143413027303893,10,10,1.0,0.6915028921812392,1.0,1.0,0.6915028921812392,1.0,1.0,0.6915028921812392,1.0,0.0,0.0,0.0,80,1.0,0.9549359649323077,1.0,0.925,0.8438720682639279,0.9719794538231588,0.925,0.8438720682639279,0.9719794538231588,0.0,0.07499999999999996,0.0,1.0
groundingdino,402448,15572,62,chair to left of kat,1,20,5,1,0.9143413027303893,20,20,1.0,0.8315665290169146,1.0,0.95,0.7512672372279723,0.9987349105020502,0.95,0.7512672372279723,0.9987349105020502,0.0,0.050000000000000044,0.0,80,1.0,0.9549359649323077,1.0,0.925,0.8438720682639279,0.9719794538231588,0.925,0.8438720682639279,0.9719794538231588,0.0,0.07499999999999996,0.0,0.95
groundingdino,402448,15572,62,chair to left of kat,1,20,5,1,0.9143413027303893,40,40,1.0,0.9119026971211976,1.0,0.925,0.796135251267101,0.9842578201489585,0.925,0.796135251267101,0.9842578201489585,0.0,0.07499999999999996,0.0,80,1.0,0.9549359649323077,1.0,0.925,0.8438720682639279,0.9719794538231588,0.925,0.8438720682639279,0.9719794538231588,0.0,0.07499999999999996,0.0,0.925
groundingdino,137724,38109,1,purple guy,1,12,5,0,0.0,5,5,1.0,0.47817624989501856,1.0,1.0,0.47817624989501856,1.0,1.0,0.47817624989501856,1.0,0.0,0.0,0.0,80,1.0,0.9549359649323077,1.0,1.0,0.9549359649323077,1.0,1.0,0.9549359649323077,1.0,0.0,0.0,0.0,1.0
groundingdino,137724,38109,1,purple guy,1,12,5,0,0.0,10,10,1.0,0.6915028921812392,1.0,1.0,0.6915028921812392,1.0,1.0,0.6915028921812392,1.0,0.0,0.0,0.0,80,1.0,0.9549359649323077,1.0,1.0,0.9549359649323077,1.0,1.0,0.9549359649323077,1.0,0.0,0.0,0.0,1.0
groundingdino,137724,38109,1,purple guy,1,12,5,0,0.0,20,20,1.0,0.8315665290169146,1.0,1.0,0.8315665290169146,1.0,1.0,0.8315665290169146,1.0,0.0,0.0,0.0,80,1.0,0.9549359649323077,1.0,1.0,0.9549359649323077,1.0,1.0,0.9549359649323077,1.0,0.0,0.0,0.0,1.0
groundingdino,137724,38109,1,purple guy,1,12,5,0,0.0,40,40,1.0,0.9119026971211976,1.0,1.0,0.9119026971211976,1.0,1.0,0.9119026971211976,1.0,0.0,0.0,0.0,80,1.0,0.9549359649323077,1.0,1.0,0.9549359649323077,1.0,1.0,0.9549359649323077,1.0,0.0,0.0,0.0,1.0
groundingdino,254176,28419,4,front of motocycle with two people on it,1,20,5,0,0.14949325983243025,5,5,1.0,0.47817624989501856,1.0,0.8,0.2835820638819106,0.9949492366205319,0.8,0.2835820638819106,0.9949492366205319,0.0,0.19999999999999996,0.0,80,0.825,0.7238459604789864,0.9008894901605713,0.8484848484848485,0.7389589287110891,0.9248753700606944,0.7,0.587240676918624,0.7974260708533272,0.17500000000000004,0.12499999999999997,2.7755575615628914e-17,0.8
groundingdino,254176,28419,4,front of motocycle with two people on it,1,20,5,0,0.14949325983243025,10,10,1.0,0.6915028921812392,1.0,0.7,0.34754714994000274,0.9332604888222655,0.7,0.34754714994000274,0.9332604888222655,0.0,0.30000000000000004,0.0,80,0.825,0.7238459604789864,0.9008894901605713,0.8484848484848485,0.7389589287110891,0.9248753700606944,0.7,0.587240676918624,0.7974260708533272,0.17500000000000004,0.12499999999999997,2.7755575615628914e-17,0.7
groundingdino,254176,28419,4,front of motocycle with two people on it,1,20,5,0,0.14949325983243025,20,20,0.9,0.6830172859809176,0.9876514728297052,0.6666666666666666,0.4099252381720745,0.8665725974938765,0.6,0.3605425873074897,0.8088099392746928,0.09999999999999998,0.30000000000000004,0.0,80,0.825,0.7238459604789864,0.9008894901605713,0.8484848484848485,0.7389589287110891,0.9248753700606944,0.7,0.587240676918624,0.7974260708533272,0.17500000000000004,0.12499999999999997,2.7755575615628914e-17,0.6
groundingdino,254176,28419,4,front of motocycle with two people on it,1,20,5,0,0.14949325983243025,40,40,0.825,0.6722098666384142,0.9266172706479148,0.7272727272727273,0.5447615722392182,0.8670036112891851,0.6,0.4332670521932967,0.7513500134122563,0.17500000000000004,0.22499999999999998,0.0,80,0.825,0.7238459604789864,0.9008894901605713,0.8484848484848485,0.7389589287110891,0.9248753700606944,0.7,0.587240676918624,0.7974260708533272,0.17500000000000004,0.12499999999999997,2.7755575615628914e-17,0.6
groundingdino,432170,13012,1,highest person in white,1,20,5,1,0.8583918854919144,5,5,1.0,0.47817624989501856,1.0,1.0,0.47817624989501856,1.0,1.0,0.47817624989501856,1.0,0.0,0.0,0.0,80,1.0,0.9549359649323077,1.0,1.0,0.9549359649323077,1.0,1.0,0.9549359649323077,1.0,0.0,0.0,0.0,1.0
groundingdino,432170,13012,1,highest person in white,1,20,5,1,0.8583918854919144,10,10,1.0,0.6915028921812392,1.0,1.0,0.6915028921812392,1.0,1.0,0.6915028921812392,1.0,0.0,0.0,0.0,80,1.0,0.9549359649323077,1.0,1.0,0.9549359649323077,1.0,1.0,0.9549359649323077,1.0,0.0,0.0,0.0,1.0
groundingdino,432170,13012,1,highest person in white,1,20,5,1,0.8583918854919144,20,20,1.0,0.8315665290169146,1.0,1.0,0.8315665290169146,1.0,1.0,0.8315665290169146,1.0,0.0,0.0,0.0,80,1.0,0.9549359649323077,1.0,1.0,0.9549359649323077,1.0,1.0,0.9549359649323077,1.0,0.0,0.0,0.0,1.0
groundingdino,432170,13012,1,highest person in white,1,20,5,1,0.8583918854919144,40,40,1.0,0.9119026971211976,1.0,1.0,0.9119026971211976,1.0,1.0,0.9119026971211976,1.0,0.0,0.0,0.0,80,1.0,0.9549359649323077,1.0,1.0,0.9549359649323077,1.0,1.0,0.9549359649323077,1.0,0.0,0.0,0.0,1.0
groundingdino,224168,30928,62,top of chair on left,1,20,5,0,0.0,5,5,0.8,0.2835820638819106,0.9949492366205319,1.0,0.3976353643835254,1.0,0.8,0.2835820638819106,0.9949492366205319,0.19999999999999996,0.0,0.0,80,1.0,0.9549359649323077,1.0,1.0,0.9549359649323077,1.0,1.0,0.9549359649323077,1.0,0.0,0.0,0.0,0.8
groundingdino,224168,30928,62,top of chair on left,1,20,5,0,0.0,10,10,0.9,0.5549838829718046,0.9974714214555382,1.0,0.6637328831200572,1.0,0.9,0.5549838829718046,0.9974714214555382,0.09999999999999998,0.0,0.0,80,1.0,0.9549359649323077,1.0,1.0,0.9549359649323077,1.0,1.0,0.9549359649323077,1.0,0.0,0.0,0.0,0.9
groundingdino,224168,30928,62,top of chair on left,1,20,5,0,0.0,20,20,0.95,0.7512672372279723,0.9987349105020502,1.0,0.8235330881930346,1.0,0.95,0.7512672372279723,0.9987349105020502,0.050000000000000044,0.0,0.0,80,1.0,0.9549359649323077,1.0,1.0,0.9549359649323077,1.0,1.0,0.9549359649323077,1.0,0.0,0.0,0.0,0.95
groundingdino,224168,30928,62,top of chair on left,1,20,5,0,0.0,40,40,0.975,0.8684141415172343,0.9993672550679505,1.0,0.9097488990396657,1.0,0.975,0.8684141415172343,0.9993672550679505,0.025000000000000022,0.0,0.0,80,1.0,0.9549359649323077,1.0,1.0,0.9549359649323077,1.0,1.0,0.9549359649323077,1.0,0.0,0.0,0.0,0.975
groundingdino,22890,48065,65,bed by window,1,20,5,1,0.8833975257187066,5,5,1.0,0.47817624989501856,1.0,1.0,0.47817624989501856,1.0,1.0,0.47817624989501856,1.0,0.0,0.0,0.0,80,1.0,0.9549359649323077,1.0,1.0,0.9549359649323077,1.0,1.0,0.9549359649323077,1.0,0.0,0.0,0.0,1.0
groundingdino,22890,48065,65,bed by window,1,20,5,1,0.8833975257187066,10,10,1.0,0.6915028921812392,1.0,1.0,0.6915028921812392,1.0,1.0,0.6915028921812392,1.0,0.0,0.0,0.0,80,1.0,0.9549359649323077,1.0,1.0,0.9549359649323077,1.0,1.0,0.9549359649323077,1.0,0.0,0.0,0.0,1.0
groundingdino,22890,48065,65,bed by window,1,20,5,1,0.8833975257187066,20,20,1.0,0.8315665290169146,1.0,1.0,0.8315665290169146,1.0,1.0,0.8315665290169146,1.0,0.0,0.0,0.0,80,1.0,0.9549359649323077,1.0,1.0,0.9549359649323077,1.0,1.0,0.9549359649323077,1.0,0.0,0.0,0.0,1.0
groundingdino,22890,48065,65,bed by window,1,20,5,1,0.8833975257187066,40,40,1.0,0.9119026971211976,1.0,1.0,0.9119026971211976,1.0,1.0,0.9119026971211976,1.0,0.0,0.0,0.0,80,1.0,0.9549359649323077,1.0,1.0,0.9549359649323077,1.0,1.0,0.9549359649323077,1.0,0.0,0.0,0.0,1.0
groundingdino,243839,29331,1,legs,1,20,5,0,0.39221360318912335,5,5,1.0,0.47817624989501856,1.0,1.0,0.47817624989501856,1.0,1.0,0.47817624989501856,1.0,0.0,0.0,0.0,80,1.0,0.9549359649323077,1.0,1.0,0.9549359649323077,1.0,1.0,0.9549359649323077,1.0,0.0,0.0,0.0,1.0
groundingdino,243839,29331,1,legs,1,20,5,0,0.39221360318912335,10,10,1.0,0.6915028921812392,1.0,1.0,0.6915028921812392,1.0,1.0,0.6915028921812392,1.0,0.0,0.0,0.0,80,1.0,0.9549359649323077,1.0,1.0,0.9549359649323077,1.0,1.0,0.9549359649323077,1.0,0.0,0.0,0.0,1.0
groundingdino,243839,29331,1,legs,1,20,5,0,0.39221360318912335,20,20,1.0,0.8315665290169146,1.0,1.0,0.8315665290169146,1.0,1.0,0.8315665290169146,1.0,0.0,0.0,0.0,80,1.0,0.9549359649323077,1.0,1.0,0.9549359649323077,1.0,1.0,0.9549359649323077,1.0,0.0,0.0,0.0,1.0
groundingdino,243839,29331,1,legs,1,20,5,0,0.39221360318912335,40,40,1.0,0.9119026971211976,1.0,1.0,0.9119026971211976,1.0,1.0,0.9119026971211976,1.0,0.0,0.0,0.0,80,1.0,0.9549359649323077,1.0,1.0,0.9549359649323077,1.0,1.0,0.9549359649323077,1.0,0.0,0.0,0.0,1.0
groundingdino,430731,13112,73,left computer,1,20,5,0,0.0,5,5,1.0,0.47817624989501856,1.0,1.0,0.47817624989501856,1.0,1.0,0.47817624989501856,1.0,0.0,0.0,0.0,80,1.0,0.9549359649323077,1.0,0.9125,0.8279916615801152,0.9640936410104413,0.9125,0.8279916615801152,0.9640936410104413,0.0,0.08750000000000002,0.0,1.0
groundingdino,430731,13112,73,left computer,1,20,5,0,0.0,10,10,1.0,0.6915028921812392,1.0,0.9,0.5549838829718046,0.9974714214555382,0.9,0.5549838829718046,0.9974714214555382,0.0,0.09999999999999998,0.0,80,1.0,0.9549359649323077,1.0,0.9125,0.8279916615801152,0.9640936410104413,0.9125,0.8279916615801152,0.9640936410104413,0.0,0.08750000000000002,0.0,0.9
groundingdino,430731,13112,73,left computer,1,20,5,0,0.0,20,20,1.0,0.8315665290169146,1.0,0.85,0.6210731734546859,0.9679290628145363,0.85,0.6210731734546859,0.9679290628145363,0.0,0.15000000000000002,0.0,80,1.0,0.9549359649323077,1.0,0.9125,0.8279916615801152,0.9640936410104413,0.9125,0.8279916615801152,0.9640936410104413,0.0,0.08750000000000002,0.0,0.85
groundingdino,430731,13112,73,left computer,1,20,5,0,0.0,40,40,1.0,0.9119026971211976,1.0,0.825,0.6722098666384142,0.9266172706479148,0.825,0.6722098666384142,0.9266172706479148,0.0,0.17500000000000004,0.0,80,1.0,0.9549359649323077,1.0,0.9125,0.8279916615801152,0.9640936410104413,0.9125,0.8279916615801152,0.9640936410104413,0.0,0.08750000000000002,0.0,0.825
groundingdino,507642,6469,25,top giraffe,1,20,5,1,0.6039860213627564,5,5,1.0,0.47817624989501856,1.0,1.0,0.47817624989501856,1.0,1.0,0.47817624989501856,1.0,0.0,0.0,0.0,80,1.0,0.9549359649323077,1.0,0.975,0.9125928440694078,0.9969579138351904,0.975,0.9125928440694078,0.9969579138351904,0.0,0.025000000000000022,0.0,1.0
groundingdino,507642,6469,25,top giraffe,1,20,5,1,0.6039860213627564,10,10,1.0,0.6915028921812392,1.0,0.9,0.5549838829718046,0.9974714214555382,0.9,0.5549838829718046,0.9974714214555382,0.0,0.09999999999999998,0.0,80,1.0,0.9549359649323077,1.0,0.975,0.9125928440694078,0.9969579138351904,0.975,0.9125928440694078,0.9969579138351904,0.0,0.025000000000000022,0.0,0.9
groundingdino,507642,6469,25,top giraffe,1,20,5,1,0.6039860213627564,20,20,1.0,0.8315665290169146,1.0,0.95,0.7512672372279723,0.9987349105020502,0.95,0.7512672372279723,0.9987349105020502,0.0,0.050000000000000044,0.0,80,1.0,0.9549359649323077,1.0,0.975,0.9125928440694078,0.9969579138351904,0.975,0.9125928440694078,0.9969579138351904,0.0,0.025000000000000022,0.0,0.95
groundingdino,507642,6469,25,top giraffe,1,20,5,1,0.6039860213627564,40,40,1.0,0.9119026971211976,1.0,0.95,0.8308031360405824,0.9938863534006491,0.95,0.8308031360405824,0.9938863534006491,0.0,0.050000000000000044,0.0,80,1.0,0.9549359649323077,1.0,0.975,0.9125928440694078,0.9969579138351904,0.975,0.9125928440694078,0.9969579138351904,0.0,0.025000000000000022,0.0,0.95
groundingdino,127388,39005,1,woman,1,16,5,1,0.9813010454763742,5,5,1.0,0.47817624989501856,1.0,1.0,0.47817624989501856,1.0,1.0,0.47817624989501856,1.0,0.0,0.0,0.0,80,0.975,0.9125928440694078,0.9969579138351904,1.0,0.9538075796719513,1.0,0.975,0.9125928440694078,0.9969579138351904,0.025000000000000022,0.0,0.0,1.0
groundingdino,127388,39005,1,woman,1,16,5,1,0.9813010454763742,10,10,1.0,0.6915028921812392,1.0,1.0,0.6915028921812392,1.0,1.0,0.6915028921812392,1.0,0.0,0.0,0.0,80,0.975,0.9125928440694078,0.9969579138351904,1.0,0.9538075796719513,1.0,0.975,0.9125928440694078,0.9969579138351904,0.025000000000000022,0.0,0.0,1.0
groundingdino,127388,39005,1,woman,1,16,5,1,0.9813010454763742,20,20,1.0,0.8315665290169146,1.0,1.0,0.8315665290169146,1.0,1.0,0.8315665290169146,1.0,0.0,0.0,0.0,80,0.975,0.9125928440694078,0.9969579138351904,1.0,0.9538075796719513,1.0,0.975,0.9125928440694078,0.9969579138351904,0.025000000000000022,0.0,0.0,1.0
groundingdino,127388,39005,1,woman,1,16,5,1,0.9813010454763742,40,40,0.975,0.8684141415172343,0.9993672550679505,1.0,0.9097488990396657,1.0,0.975,0.8684141415172343,0.9993672550679505,0.025000000000000022,0.0,0.0,80,0.975,0.9125928440694078,0.9969579138351904,1.0,0.9538075796719513,1.0,0.975,0.9125928440694078,0.9969579138351904,0.025000000000000022,0.0,0.0,0.975
groundingdino,54805,45259,88,teddy bear on right with pink hat,1,20,5,1,0.9200432465441319,5,5,1.0,0.47817624989501856,1.0,1.0,0.47817624989501856,1.0,1.0,0.47817624989501856,1.0,0.0,0.0,0.0,80,1.0,0.9549359649323077,1.0,0.9875,0.9323122155360776,0.9996835774723672,0.9875,0.9323122155360776,0.9996835774723672,0.0,0.012499999999999956,0.0,1.0
groundingdino,54805,45259,88,teddy bear on right with pink hat,1,20,5,1,0.9200432465441319,10,10,1.0,0.6915028921812392,1.0,1.0,0.6915028921812392,1.0,1.0,0.6915028921812392,1.0,0.0,0.0,0.0,80,1.0,0.9549359649323077,1.0,0.9875,0.9323122155360776,0.9996835774723672,0.9875,0.9323122155360776,0.9996835774723672,0.0,0.012499999999999956,0.0,1.0
groundingdino,54805,45259,88,teddy bear on right with pink hat,1,20,5,1,0.9200432465441319,20,20,1.0,0.8315665290169146,1.0,1.0,0.8315665290169146,1.0,1.0,0.8315665290169146,1.0,0.0,0.0,0.0,80,1.0,0.9549359649323077,1.0,0.9875,0.9323122155360776,0.9996835774723672,0.9875,0.9323122155360776,0.9996835774723672,0.0,0.012499999999999956,0.0,1.0
groundingdino,54805,45259,88,teddy bear on right with pink hat,1,20,5,1,0.9200432465441319,40,40,1.0,0.9119026971211976,1.0,1.0,0.9119026971211976,1.0,1.0,0.9119026971211976,1.0,0.0,0.0,0.0,80,1.0,0.9549359649323077,1.0,0.9875,0.9323122155360776,0.9996835774723672,0.9875,0.9323122155360776,0.9996835774723672,0.0,0.012499999999999956,0.0,1.0
groundingdino,325806,22198,62,blue chair,1,7,5,1,0.9548750048902559,5,5,0.8,0.2835820638819106,0.9949492366205319,1.0,0.3976353643835254,1.0,0.8,0.2835820638819106,0.9949492366205319,0.19999999999999996,0.0,0.0,80,0.775,0.6679136799387491,0.8608627895010682,1.0,0.942237365570709,1.0,0.775,0.6679136799387491,0.8608627895010682,0.22499999999999998,0.0,0.0,0.8
groundingdino,325806,22198,62,blue chair,1,7,5,1,0.9548750048902559,10,10,0.7,0.34754714994000274,0.9332604888222655,1.0,0.5903836027749967,1.0,0.7,0.34754714994000274,0.9332604888222655,0.30000000000000004,0.0,0.0,80,0.775,0.6679136799387491,0.8608627895010682,1.0,0.942237365570709,1.0,0.775,0.6679136799387491,0.8608627895010682,0.22499999999999998,0.0,0.0,0.7
groundingdino,325806,22198,62,blue chair,1,7,5,1,0.9548750048902559,20,20,0.7,0.4572108177237109,0.8810684095942722,1.0,0.7683642383498835,1.0,0.7,0.4572108177237109,0.8810684095942722,0.30000000000000004,0.0,0.0,80,0.775,0.6679136799387491,0.8608627895010682,1.0,0.942237365570709,1.0,0.775,0.6679136799387491,0.8608627895010682,0.22499999999999998,0.0,0.0,0.7
groundingdino,325806,22198,62,blue chair,1,7,5,1,0.9548750048902559,40,40,0.75,0.5880380198485702,0.873085201067155,1.0,0.8842966917779722,1.0,0.75,0.5880380198485702,0.873085201067155,0.25,0.0,0.0,80,0.775,0.6679136799387491,0.8608627895010682,1.0,0.942237365570709,1.0,0.775,0.6679136799387491,0.8608627895010682,0.22499999999999998,0.0,0.0,0.75
groundingdino,457976,10768,21,upper right cow,1,20,5,0,0.06507087530684687,5,5,1.0,0.47817624989501856,1.0,1.0,0.47817624989501856,1.0,1.0,0.47817624989501856,1.0,0.0,0.0,0.0,80,1.0,0.9549359649323077,1.0,1.0,0.9549359649323077,1.0,1.0,0.9549359649323077,1.0,0.0,0.0,0.0,1.0
groundingdino,457976,10768,21,upper right cow,1,20,5,0,0.06507087530684687,10,10,1.0,0.6915028921812392,1.0,1.0,0.6915028921812392,1.0,1.0,0.6915028921812392,1.0,0.0,0.0,0.0,80,1.0,0.9549359649323077,1.0,1.0,0.9549359649323077,1.0,1.0,0.9549359649323077,1.0,0.0,0.0,0.0,1.0
groundingdino,457976,10768,21,upper right cow,1,20,5,0,0.06507087530684687,20,20,1.0,0.8315665290169146,1.0,1.0,0.8315665290169146,1.0,1.0,0.8315665290169146,1.0,0.0,0.0,0.0,80,1.0,0.9549359649323077,1.0,1.0,0.9549359649323077,1.0,1.0,0.9549359649323077,1.0,0.0,0.0,0.0,1.0
groundingdino,457976,10768,21,upper right cow,1,20,5,0,0.06507087530684687,40,40,1.0,0.9119026971211976,1.0,1.0,0.9119026971211976,1.0,1.0,0.9119026971211976,1.0,0.0,0.0,0.0,80,1.0,0.9549359649323077,1.0,1.0,0.9549359649323077,1.0,1.0,0.9549359649323077,1.0,0.0,0.0,0.0,1.0
groundingdino,250588,28730,1,right guy,1,8,5,1,0.9331681331850554,5,5,0.2,0.005050763379468061,0.7164179361180893,1.0,0.025000000000000022,1.0,0.2,0.005050763379468061,0.7164179361180893,0.8,0.0,0.0,80,0.225,0.13913721049893182,0.33208632006125094,1.0,0.8146980318621478,1.0,0.225,0.13913721049893182,0.33208632006125094,0.775,0.0,0.0,0.2
groundingdino,250588,28730,1,right guy,1,8,5,1,0.9331681331850554,10,10,0.3,0.0667395111777345,0.6524528500599973,1.0,0.29240177382128674,1.0,0.3,0.0667395111777345,0.6524528500599973,0.7,0.0,0.0,80,0.225,0.13913721049893182,0.33208632006125094,1.0,0.8146980318621478,1.0,0.225,0.13913721049893182,0.33208632006125094,0.775,0.0,0.0,0.3
groundingdino,250588,28730,1,right guy,1,8,5,1,0.9331681331850554,20,20,0.25,0.08657146910143462,0.49104587170795755,1.0,0.47817624989501856,1.0,0.25,0.08657146910143462,0.49104587170795755,0.75,0.0,0.0,80,0.225,0.13913721049893182,0.33208632006125094,1.0,0.8146980318621478,1.0,0.225,0.13913721049893182,0.33208632006125094,0.775,0.0,0.0,0.25
groundingdino,250588,28730,1,right guy,1,8,5,1,0.9331681331850554,40,40,0.275,0.14600899196386566,0.43888290717904815,1.0,0.7150858470818456,1.0,0.275,0.14600899196386566,0.43888290717904815,0.725,0.0,0.0,80,0.225,0.13913721049893182,0.33208632006125094,1.0,0.8146980318621478,1.0,0.225,0.13913721049893182,0.33208632006125094,0.775,0.0,0.0,0.275
groundingdino,495902,7495,57,carrot in the middle looks like one on top,1,20,5,0,0.25969769157234684,5,5,1.0,0.47817624989501856,1.0,1.0,0.47817624989501856,1.0,1.0,0.47817624989501856,1.0,0.0,0.0,0.0,80,1.0,0.9549359649323077,1.0,0.9375,0.8601429247023609,0.9793969276979898,0.9375,0.8601429247023609,0.9793969276979898,0.0,0.0625,0.0,1.0
groundingdino,495902,7495,57,carrot in the middle looks like one on top,1,20,5,0,0.25969769157234684,10,10,1.0,0.6915028921812392,1.0,1.0,0.6915028921812392,1.0,1.0,0.6915028921812392,1.0,0.0,0.0,0.0,80,1.0,0.9549359649323077,1.0,0.9375,0.8601429247023609,0.9793969276979898,0.9375,0.8601429247023609,0.9793969276979898,0.0,0.0625,0.0,1.0
groundingdino,495902,7495,57,carrot in the middle looks like one on top,1,20,5,0,0.25969769157234684,20,20,1.0,0.8315665290169146,1.0,0.95,0.7512672372279723,0.9987349105020502,0.95,0.7512672372279723,0.9987349105020502,0.0,0.050000000000000044,0.0,80,1.0,0.9549359649323077,1.0,0.9375,0.8601429247023609,0.9793969276979898,0.9375,0.8601429247023609,0.9793969276979898,0.0,0.0625,0.0,0.95
groundingdino,495902,7495,57,carrot in the middle looks like one on top,1,20,5,0,0.25969769157234684,40,40,1.0,0.9119026971211976,1.0,0.925,0.796135251267101,0.9842578201489585,0.925,0.796135251267101,0.9842578201489585,0.0,0.07499999999999996,0.0,80,1.0,0.9549359649323077,1.0,0.9375,0.8601429247023609,0.9793969276979898,0.9375,0.8601429247023609,0.9793969276979898,0.0,0.0625,0.0,0.925
groundingdino,411446,14787,18,black white dog,1,20,5,0,0.1482639508236101,5,5,1.0,0.47817624989501856,1.0,1.0,0.47817624989501856,1.0,1.0,0.47817624989501856,1.0,0.0,0.0,0.0,80,1.0,0.9549359649323077,1.0,0.925,0.8438720682639279,0.9719794538231588,0.925,0.8438720682639279,0.9719794538231588,0.0,0.07499999999999996,0.0,1.0
groundingdino,411446,14787,18,black white dog,1,20,5,0,0.1482639508236101,10,10,1.0,0.6915028921812392,1.0,1.0,0.6915028921812392,1.0,1.0,0.6915028921812392,1.0,0.0,0.0,0.0,80,1.0,0.9549359649323077,1.0,0.925,0.8438720682639279,0.9719794538231588,0.925,0.8438720682639279,0.9719794538231588,0.0,0.07499999999999996,0.0,1.0
groundingdino,411446,14787,18,black white dog,1,20,5,0,0.1482639508236101,20,20,1.0,0.8315665290169146,1.0,0.95,0.7512672372279723,0.9987349105020502,0.95,0.7512672372279723,0.9987349105020502,0.0,0.050000000000000044,0.0,80,1.0,0.9549359649323077,1.0,0.925,0.8438720682639279,0.9719794538231588,0.925,0.8438720682639279,0.9719794538231588,0.0,0.07499999999999996,0.0,0.95
groundingdino,411446,14787,18,black white dog,1,20,5,0,0.1482639508236101,40,40,1.0,0.9119026971211976,1.0,0.95,0.8308031360405824,0.9938863534006491,0.95,0.8308031360405824,0.9938863534006491,0.0,0.050000000000000044,0.0,80,1.0,0.9549359649323077,1.0,0.925,0.8438720682639279,0.9719794538231588,0.925,0.8438720682639279,0.9719794538231588,0.0,0.07499999999999996,0.0,0.95
groundingdino,231320,30341,85,far left clock in top row,1,20,5,0,0.0,5,5,1.0,0.47817624989501856,1.0,1.0,0.47817624989501856,1.0,1.0,0.47817624989501856,1.0,0.0,0.0,0.0,80,1.0,0.9549359649323077,1.0,1.0,0.9549359649323077,1.0,1.0,0.9549359649323077,1.0,0.0,0.0,0.0,1.0
groundingdino,231320,30341,85,far left clock in top row,1,20,5,0,0.0,10,10,1.0,0.6915028921812392,1.0,1.0,0.6915028921812392,1.0,1.0,0.6915028921812392,1.0,0.0,0.0,0.0,80,1.0,0.9549359649323077,1.0,1.0,0.9549359649323077,1.0,1.0,0.9549359649323077,1.0,0.0,0.0,0.0,1.0
groundingdino,231320,30341,85,far left clock in top row,1,20,5,0,0.0,20,20,1.0,0.8315665290169146,1.0,1.0,0.8315665290169146,1.0,1.0,0.8315665290169146,1.0,0.0,0.0,0.0,80,1.0,0.9549359649323077,1.0,1.0,0.9549359649323077,1.0,1.0,0.9549359649323077,1.0,0.0,0.0,0.0,1.0
groundingdino,231320,30341,85,far left clock in top row,1,20,5,0,0.0,40,40,1.0,0.9119026971211976,1.0,1.0,0.9119026971211976,1.0,1.0,0.9119026971211976,1.0,0.0,0.0,0.0,80,1.0,0.9549359649323077,1.0,1.0,0.9549359649323077,1.0,1.0,0.9549359649323077,1.0,0.0,0.0,0.0,1.0
groundingdino,347167,20163,1,left pair legs,1,20,5,1,0.6311196416072019,5,5,1.0,0.47817624989501856,1.0,1.0,0.47817624989501856,1.0,1.0,0.47817624989501856,1.0,0.0,0.0,0.0,80,0.9625,0.8942980149834914,0.9921988127342833,0.987012987012987,0.9297529393524033,0.9996712513485894,0.95,0.876901263556847,0.9862106060235382,0.03749999999999998,0.012500000000000004,6.245004513516506e-17,1.0
groundingdino,347167,20163,1,left pair legs,1,20,5,1,0.6311196416072019,10,10,1.0,0.6915028921812392,1.0,1.0,0.6915028921812392,1.0,1.0,0.6915028921812392,1.0,0.0,0.0,0.0,80,0.9625,0.8942980149834914,0.9921988127342833,0.987012987012987,0.9297529393524033,0.9996712513485894,0.95,0.876901263556847,0.9862106060235382,0.03749999999999998,0.012500000000000004,6.245004513516506e-17,1.0
groundingdino,347167,20163,1,left pair legs,1,20,5,1,0.6311196416072019,20,20,1.0,0.8315665290169146,1.0,1.0,0.8315665290169146,1.0,1.0,0.8315665290169146,1.0,0.0,0.0,0.0,80,0.9625,0.8942980149834914,0.9921988127342833,0.987012987012987,0.9297529393524033,0.9996712513485894,0.95,0.876901263556847,0.9862106060235382,0.03749999999999998,0.012500000000000004,6.245004513516506e-17,1.0
groundingdino,347167,20163,1,left pair legs,1,20,5,1,0.6311196416072019,40,40,0.95,0.8308031360405824,0.9938863534006491,1.0,0.9074872385841217,1.0,0.95,0.8308031360405824,0.9938863534006491,0.050000000000000044,0.0,0.0,80,0.9625,0.8942980149834914,0.9921988127342833,0.987012987012987,0.9297529393524033,0.9996712513485894,0.95,0.876901263556847,0.9862106060235382,0.03749999999999998,0.012500000000000004,6.245004513516506e-17,0.95
groundingdino,238070,29804,6,left bus window,1,20,5,1,0.6908117765324859,5,5,1.0,0.47817624989501856,1.0,1.0,0.47817624989501856,1.0,1.0,0.47817624989501856,1.0,0.0,0.0,0.0,80,1.0,0.9549359649323077,1.0,1.0,0.9549359649323077,1.0,1.0,0.9549359649323077,1.0,0.0,0.0,0.0,1.0
groundingdino,238070,29804,6,left bus window,1,20,5,1,0.6908117765324859,10,10,1.0,0.6915028921812392,1.0,1.0,0.6915028921812392,1.0,1.0,0.6915028921812392,1.0,0.0,0.0,0.0,80,1.0,0.9549359649323077,1.0,1.0,0.9549359649323077,1.0,1.0,0.9549359649323077,1.0,0.0,0.0,0.0,1.0
groundingdino,238070,29804,6,left bus window,1,20,5,1,0.6908117765324859,20,20,1.0,0.8315665290169146,1.0,1.0,0.8315665290169146,1.0,1.0,0.8315665290169146,1.0,0.0,0.0,0.0,80,1.0,0.9549359649323077,1.0,1.0,0.9549359649323077,1.0,1.0,0.9549359649323077,1.0,0.0,0.0,0.0,1.0
groundingdino,238070,29804,6,left bus window,1,20,5,1,0.6908117765324859,40,40,1.0,0.9119026971211976,1.0,1.0,0.9119026971211976,1.0,1.0,0.9119026971211976,1.0,0.0,0.0,0.0,80,1.0,0.9549359649323077,1.0,1.0,0.9549359649323077,1.0,1.0,0.9549359649323077,1.0,0.0,0.0,0.0,1.0
groundingdino,110761,40423,1,center guy of the 5,1,15,5,1,0.9612430733270573,5,5,1.0,0.47817624989501856,1.0,1.0,0.47817624989501856,1.0,1.0,0.47817624989501856,1.0,0.0,0.0,0.0,80,1.0,0.9549359649323077,1.0,0.8,0.6956311329945355,0.8811409135950147,0.8,0.6956311329945355,0.8811409135950147,0.0,0.19999999999999996,0.0,1.0
groundingdino,110761,40423,1,center guy of the 5,1,15,5,1,0.9612430733270573,10,10,1.0,0.6915028921812392,1.0,0.9,0.5549838829718046,0.9974714214555382,0.9,0.5549838829718046,0.9974714214555382,0.0,0.09999999999999998,0.0,80,1.0,0.9549359649323077,1.0,0.8,0.6956311329945355,0.8811409135950147,0.8,0.6956311329945355,0.8811409135950147,0.0,0.19999999999999996,0.0,0.9
groundingdino,110761,40423,1,center guy of the 5,1,15,5,1,0.9612430733270573,20,20,1.0,0.8315665290169146,1.0,0.9,0.6830172859809176,0.9876514728297052,0.9,0.6830172859809176,0.9876514728297052,0.0,0.09999999999999998,0.0,80,1.0,0.9549359649323077,1.0,0.8,0.6956311329945355,0.8811409135950147,0.8,0.6956311329945355,0.8811409135950147,0.0,0.19999999999999996,0.0,0.9
groundingdino,110761,40423,1,center guy of the 5,1,15,5,1,0.9612430733270573,40,40,1.0,0.9119026971211976,1.0,0.875,0.7319670826382796,0.9581403738613833,0.875,0.7319670826382796,0.9581403738613833,0.0,0.125,0.0,80,1.0,0.9549359649323077,1.0,0.8,0.6956311329945355,0.8811409135950147,0.8,0.6956311329945355,0.8811409135950147,0.0,0.19999999999999996,0.0,0.875
groundingdino,5424,49588,1,man,1,16,5,1,0.9782211347940886,5,5,1.0,0.47817624989501856,1.0,1.0,0.47817624989501856,1.0,1.0,0.47817624989501856,1.0,0.0,0.0,0.0,80,0.9875,0.9323122155360776,0.9996835774723672,1.0,0.9543787472413889,1.0,0.9875,0.9323122155360776,0.9996835774723672,0.012499999999999956,0.0,0.0,1.0
groundingdino,5424,49588,1,man,1,16,5,1,0.9782211347940886,10,10,1.0,0.6915028921812392,1.0,1.0,0.6915028921812392,1.0,1.0,0.6915028921812392,1.0,0.0,0.0,0.0,80,0.9875,0.9323122155360776,0.9996835774723672,1.0,0.9543787472413889,1.0,0.9875,0.9323122155360776,0.9996835774723672,0.012499999999999956,0.0,0.0,1.0
groundingdino,5424,49588,1,man,1,16,5,1,0.9782211347940886,20,20,1.0,0.8315665290169146,1.0,1.0,0.8315665290169146,1.0,1.0,0.8315665290169146,1.0,0.0,0.0,0.0,80,0.9875,0.9323122155360776,0.9996835774723672,1.0,0.9543787472413889,1.0,0.9875,0.9323122155360776,0.9996835774723672,0.012499999999999956,0.0,0.0,1.0
groundingdino,5424,49588,1,man,1,16,5,1,0.9782211347940886,40,40,0.975,0.8684141415172343,0.9993672550679505,1.0,0.9097488990396657,1.0,0.975,0.8684141415172343,0.9993672550679505,0.025000000000000022,0.0,0.0,80,0.9875,0.9323122155360776,0.9996835774723672,1.0,0.9543787472413889,1.0,0.9875,0.9323122155360776,0.9996835774723672,0.012499999999999956,0.0,0.0,0.975
groundingdino,218863,31431,88,top right bear,1,20,5,0,0.0,5,5,1.0,0.47817624989501856,1.0,1.0,0.47817624989501856,1.0,1.0,0.47817624989501856,1.0,0.0,0.0,0.0,80,0.9875,0.9323122155360776,0.9996835774723672,0.810126582278481,0.7062415403812736,0.8896524755629918,0.8,0.6956311329945355,0.8811409135950147,0.012499999999999956,0.18750000000000003,2.7755575615628914e-17,1.0
groundingdino,218863,31431,88,top right bear,1,20,5,0,0.0,10,10,1.0,0.6915028921812392,1.0,1.0,0.6915028921812392,1.0,1.0,0.6915028921812392,1.0,0.0,0.0,0.0,80,0.9875,0.9323122155360776,0.9996835774723672,0.810126582278481,0.7062415403812736,0.8896524755629918,0.8,0.6956311329945355,0.8811409135950147,0.012499999999999956,0.18750000000000003,2.7755575615628914e-17,1.0
groundingdino,218863,31431,88,top right bear,1,20,5,0,0.0,20,20,1.0,0.8315665290169146,1.0,0.9,0.6830172859809176,0.9876514728297052,0.9,0.6830172859809176,0.9876514728297052,0.0,0.09999999999999998,0.0,80,0.9875,0.9323122155360776,0.9996835774723672,0.810126582278481,0.7062415403812736,0.8896524755629918,0.8,0.6956311329945355,0.8811409135950147,0.012499999999999956,0.18750000000000003,2.7755575615628914e-17,0.9
groundingdino,218863,31431,88,top right bear,1,20,5,0,0.0,40,40,1.0,0.9119026971211976,1.0,0.85,0.7016473331604236,0.9428977418454741,0.85,0.7016473331604236,0.9428977418454741,0.0,0.15000000000000002,0.0,80,0.9875,0.9323122155360776,0.9996835774723672,0.810126582278481,0.7062415403812736,0.8896524755629918,0.8,0.6956311329945355,0.8811409135950147,0.012499999999999956,0.18750000000000003,2.7755575615628914e-17,0.85
groundingdino,80590,42969,44,purple bottle,1,20,5,0,0.0,5,5,1.0,0.47817624989501856,1.0,0.8,0.2835820638819106,0.9949492366205319,0.8,0.2835820638819106,0.9949492366205319,0.0,0.19999999999999996,0.0,80,1.0,0.9549359649323077,1.0,0.95,0.876901263556847,0.9862106060235382,0.95,0.876901263556847,0.9862106060235382,0.0,0.050000000000000044,0.0,0.8
groundingdino,80590,42969,44,purple bottle,1,20,5,0,0.0,10,10,1.0,0.6915028921812392,1.0,0.9,0.5549838829718046,0.9974714214555382,0.9,0.5549838829718046,0.9974714214555382,0.0,0.09999999999999998,0.0,80,1.0,0.9549359649323077,1.0,0.95,0.876901263556847,0.9862106060235382,0.95,0.876901263556847,0.9862106060235382,0.0,0.050000000000000044,0.0,0.9
groundingdino,80590,42969,44,purple bottle,1,20,5,0,0.0,20,20,1.0,0.8315665290169146,1.0,0.95,0.7512672372279723,0.9987349105020502,0.95,0.7512672372279723,0.9987349105020502,0.0,0.050000000000000044,0.0,80,1.0,0.9549359649323077,1.0,0.95,0.876901263556847,0.9862106060235382,0.95,0.876901263556847,0.9862106060235382,0.0,0.050000000000000044,0.0,0.95
groundingdino,80590,42969,44,purple bottle,1,20,5,0,0.0,40,40,1.0,0.9119026971211976,1.0,0.95,0.8308031360405824,0.9938863534006491,0.95,0.8308031360405824,0.9938863534006491,0.0,0.050000000000000044,0.0,80,1.0,0.9549359649323077,1.0,0.95,0.876901263556847,0.9862106060235382,0.95,0.876901263556847,0.9862106060235382,0.0,0.050000000000000044,0.0,0.95
groundingdino,80471,42996,1,third from right guy,1,20,5,1,0.944965506292306,5,5,1.0,0.47817624989501856,1.0,1.0,0.47817624989501856,1.0,1.0,0.47817624989501856,1.0,0.0,0.0,0.0,80,1.0,0.9549359649323077,1.0,1.0,0.9549359649323077,1.0,1.0,0.9549359649323077,1.0,0.0,0.0,0.0,1.0
groundingdino,80471,42996,1,third from right guy,1,20,5,1,0.944965506292306,10,10,1.0,0.6915028921812392,1.0,1.0,0.6915028921812392,1.0,1.0,0.6915028921812392,1.0,0.0,0.0,0.0,80,1.0,0.9549359649323077,1.0,1.0,0.9549359649323077,1.0,1.0,0.9549359649323077,1.0,0.0,0.0,0.0,1.0
groundingdino,80471,42996,1,third from right guy,1,20,5,1,0.944965506292306,20,20,1.0,0.8315665290169146,1.0,1.0,0.8315665290169146,1.0,1.0,0.8315665290169146,1.0,0.0,0.0,0.0,80,1.0,0.9549359649323077,1.0,1.0,0.9549359649323077,1.0,1.0,0.9549359649323077,1.0,0.0,0.0,0.0,1.0
groundingdino,80471,42996,1,third from right guy,1,20,5,1,0.944965506292306,40,40,1.0,0.9119026971211976,1.0,1.0,0.9119026971211976,1.0,1.0,0.9119026971211976,1.0,0.0,0.0,0.0,80,1.0,0.9549359649323077,1.0,1.0,0.9549359649323077,1.0,1.0,0.9549359649323077,1.0,0.0,0.0,0.0,1.0
groundingdino,30203,47409,1,girl,1,7,5,1,0.9533674410615469,5,5,1.0,0.47817624989501856,1.0,1.0,0.47817624989501856,1.0,1.0,0.47817624989501856,1.0,0.0,0.0,0.0,80,0.55,0.43467397909415295,0.6615136155101845,1.0,0.9195800602364241,1.0,0.55,0.43467397909415295,0.6615136155101845,0.44999999999999996,0.0,0.0,1.0
groundingdino,30203,47409,1,girl,1,7,5,1,0.9533674410615469,10,10,0.6,0.2623780766069451,0.8784477418801728,1.0,0.5407418735600996,1.0,0.6,0.2623780766069451,0.8784477418801728,0.4,0.0,0.0,80,0.55,0.43467397909415295,0.6615136155101845,1.0,0.9195800602364241,1.0,0.55,0.43467397909415295,0.6615136155101845,0.44999999999999996,0.0,0.0,0.6
groundingdino,30203,47409,1,girl,1,7,5,1,0.9533674410615469,20,20,0.65,0.4078114654671719,0.8460907952154588,1.0,0.752947361999529,1.0,0.65,0.4078114654671719,0.8460907952154588,0.35,0.0,0.0,80,0.55,0.43467397909415295,0.6615136155101845,1.0,0.9195800602364241,1.0,0.55,0.43467397909415295,0.6615136155101845,0.44999999999999996,0.0,0.0,0.65
groundingdino,30203,47409,1,girl,1,7,5,1,0.9533674410615469,40,40,0.6,0.4332670521932967,0.7513500134122563,1.0,0.8575264022774743,1.0,0.6,0.4332670521932967,0.7513500134122563,0.4,0.0,0.0,80,0.55,0.43467397909415295,0.6615136155101845,1.0,0.9195800602364241,1.0,0.55,0.43467397909415295,0.6615136155101845,0.44999999999999996,0.0,0.0,0.6
groundingdino,86459,42500,18,koo koo dog,1,9,5,1,0.9712096983271619,5,5,1.0,0.47817624989501856,1.0,1.0,0.47817624989501856,1.0,1.0,0.47817624989501856,1.0,0.0,0.0,0.0,80,1.0,0.9549359649323077,1.0,1.0,0.9549359649323077,1.0,1.0,0.9549359649323077,1.0,0.0,0.0,0.0,1.0
groundingdino,86459,42500,18,koo koo dog,1,9,5,1,0.9712096983271619,10,10,1.0,0.6915028921812392,1.0,1.0,0.6915028921812392,1.0,1.0,0.6915028921812392,1.0,0.0,0.0,0.0,80,1.0,0.9549359649323077,1.0,1.0,0.9549359649323077,1.0,1.0,0.9549359649323077,1.0,0.0,0.0,0.0,1.0
groundingdino,86459,42500,18,koo koo dog,1,9,5,1,0.9712096983271619,20,20,1.0,0.8315665290169146,1.0,1.0,0.8315665290169146,1.0,1.0,0.8315665290169146,1.0,0.0,0.0,0.0,80,1.0,0.9549359649323077,1.0,1.0,0.9549359649323077,1.0,1.0,0.9549359649323077,1.0,0.0,0.0,0.0,1.0
groundingdino,86459,42500,18,koo koo dog,1,9,5,1,0.9712096983271619,40,40,1.0,0.9119026971211976,1.0,1.0,0.9119026971211976,1.0,1.0,0.9119026971211976,1.0,0.0,0.0,0.0,80,1.0,0.9549359649323077,1.0,1.0,0.9549359649323077,1.0,1.0,0.9549359649323077,1.0,0.0,0.0,0.0,1.0
groundingdino,433336,12907,1,person on right,1,20,5,1,0.9622470663723074,5,5,1.0,0.47817624989501856,1.0,1.0,0.47817624989501856,1.0,1.0,0.47817624989501856,1.0,0.0,0.0,0.0,80,1.0,0.9549359649323077,1.0,1.0,0.9549359649323077,1.0,1.0,0.9549359649323077,1.0,0.0,0.0,0.0,1.0
groundingdino,433336,12907,1,person on right,1,20,5,1,0.9622470663723074,10,10,1.0,0.6915028921812392,1.0,1.0,0.6915028921812392,1.0,1.0,0.6915028921812392,1.0,0.0,0.0,0.0,80,1.0,0.9549359649323077,1.0,1.0,0.9549359649323077,1.0,1.0,0.9549359649323077,1.0,0.0,0.0,0.0,1.0
groundingdino,433336,12907,1,person on right,1,20,5,1,0.9622470663723074,20,20,1.0,0.8315665290169146,1.0,1.0,0.8315665290169146,1.0,1.0,0.8315665290169146,1.0,0.0,0.0,0.0,80,1.0,0.9549359649323077,1.0,1.0,0.9549359649323077,1.0,1.0,0.9549359649323077,1.0,0.0,0.0,0.0,1.0
groundingdino,433336,12907,1,person on right,1,20,5,1,0.9622470663723074,40,40,1.0,0.9119026971211976,1.0,1.0,0.9119026971211976,1.0,1.0,0.9119026971211976,1.0,0.0,0.0,0.0,80,1.0,0.9549359649323077,1.0,1.0,0.9549359649323077,1.0,1.0,0.9549359649323077,1.0,0.0,0.0,0.0,1.0
groundingdino,403197,15505,25,giraffe,1,20,5,1,0.9929114954003485,5,5,1.0,0.47817624989501856,1.0,1.0,0.47817624989501856,1.0,1.0,0.47817624989501856,1.0,0.0,0.0,0.0,80,1.0,0.9549359649323077,1.0,1.0,0.9549359649323077,1.0,1.0,0.9549359649323077,1.0,0.0,0.0,0.0,1.0
groundingdino,403197,15505,25,giraffe,1,20,5,1,0.9929114954003485,10,10,1.0,0.6915028921812392,1.0,1.0,0.6915028921812392,1.0,1.0,0.6915028921812392,1.0,0.0,0.0,0.0,80,1.0,0.9549359649323077,1.0,1.0,0.9549359649323077,1.0,1.0,0.9549359649323077,1.0,0.0,0.0,0.0,1.0
groundingdino,403197,15505,25,giraffe,1,20,5,1,0.9929114954003485,20,20,1.0,0.8315665290169146,1.0,1.0,0.8315665290169146,1.0,1.0,0.8315665290169146,1.0,0.0,0.0,0.0,80,1.0,0.9549359649323077,1.0,1.0,0.9549359649323077,1.0,1.0,0.9549359649323077,1.0,0.0,0.0,0.0,1.0
groundingdino,403197,15505,25,giraffe,1,20,5,1,0.9929114954003485,40,40,1.0,0.9119026971211976,1.0,1.0,0.9119026971211976,1.0,1.0,0.9119026971211976,1.0,0.0,0.0,0.0,80,1.0,0.9549359649323077,1.0,1.0,0.9549359649323077,1.0,1.0,0.9549359649323077,1.0,0.0,0.0,0.0,1.0
groundingdino,242539,29433,1,man sitting on edge by bats,1,20,5,1,0.9235675981086806,5,5,1.0,0.47817624989501856,1.0,1.0,0.47817624989501856,1.0,1.0,0.47817624989501856,1.0,0.0,0.0,0.0,80,1.0,0.9549359649323077,1.0,1.0,0.9549359649323077,1.0,1.0,0.9549359649323077,1.0,0.0,0.0,0.0,1.0
groundingdino,242539,29433,1,man sitting on edge by bats,1,20,5,1,0.9235675981086806,10,10,1.0,0.6915028921812392,1.0,1.0,0.6915028921812392,1.0,1.0,0.6915028921812392,1.0,0.0,0.0,0.0,80,1.0,0.9549359649323077,1.0,1.0,0.9549359649323077,1.0,1.0,0.9549359649323077,1.0,0.0,0.0,0.0,1.0
groundingdino,242539,29433,1,man sitting on edge by bats,1,20,5,1,0.9235675981086806,20,20,1.0,0.8315665290169146,1.0,1.0,0.8315665290169146,1.0,1.0,0.8315665290169146,1.0,0.0,0.0,0.0,80,1.0,0.9549359649323077,1.0,1.0,0.9549359649323077,1.0,1.0,0.9549359649323077,1.0,0.0,0.0,0.0,1.0
groundingdino,242539,29433,1,man sitting on edge by bats,1,20,5,1,0.9235675981086806,40,40,1.0,0.9119026971211976,1.0,1.0,0.9119026971211976,1.0,1.0,0.9119026971211976,1.0,0.0,0.0,0.0,80,1.0,0.9549359649323077,1.0,1.0,0.9549359649323077,1.0,1.0,0.9549359649323077,1.0,0.0,0.0,0.0,1.0
groundingdino,392180,16471,6,left front bus,1,20,5,1,0.9325298187186813,5,5,1.0,0.47817624989501856,1.0,1.0,0.47817624989501856,1.0,1.0,0.47817624989501856,1.0,0.0,0.0,0.0,80,1.0,0.9549359649323077,1.0,1.0,0.9549359649323077,1.0,1.0,0.9549359649323077,1.0,0.0,0.0,0.0,1.0
groundingdino,392180,16471,6,left front bus,1,20,5,1,0.9325298187186813,10,10,1.0,0.6915028921812392,1.0,1.0,0.6915028921812392,1.0,1.0,0.6915028921812392,1.0,0.0,0.0,0.0,80,1.0,0.9549359649323077,1.0,1.0,0.9549359649323077,1.0,1.0,0.9549359649323077,1.0,0.0,0.0,0.0,1.0
groundingdino,392180,16471,6,left front bus,1,20,5,1,0.9325298187186813,20,20,1.0,0.8315665290169146,1.0,1.0,0.8315665290169146,1.0,1.0,0.8315665290169146,1.0,0.0,0.0,0.0,80,1.0,0.9549359649323077,1.0,1.0,0.9549359649323077,1.0,1.0,0.9549359649323077,1.0,0.0,0.0,0.0,1.0
groundingdino,392180,16471,6,left front bus,1,20,5,1,0.9325298187186813,40,40,1.0,0.9119026971211976,1.0,1.0,0.9119026971211976,1.0,1.0,0.9119026971211976,1.0,0.0,0.0,0.0,80,1.0,0.9549359649323077,1.0,1.0,0.9549359649323077,1.0,1.0,0.9549359649323077,1.0,0.0,0.0,0.0,1.0
groundingdino,510680,6222,52,left center banna,1,20,5,0,0.028222018899234574,5,5,1.0,0.47817624989501856,1.0,1.0,0.47817624989501856,1.0,1.0,0.47817624989501856,1.0,0.0,0.0,0.0,80,1.0,0.9549359649323077,1.0,1.0,0.9549359649323077,1.0,1.0,0.9549359649323077,1.0,0.0,0.0,0.0,1.0
groundingdino,510680,6222,52,left center banna,1,20,5,0,0.028222018899234574,10,10,1.0,0.6915028921812392,1.0,1.0,0.6915028921812392,1.0,1.0,0.6915028921812392,1.0,0.0,0.0,0.0,80,1.0,0.9549359649323077,1.0,1.0,0.9549359649323077,1.0,1.0,0.9549359649323077,1.0,0.0,0.0,0.0,1.0
groundingdino,510680,6222,52,left center banna,1,20,5,0,0.028222018899234574,20,20,1.0,0.8315665290169146,1.0,1.0,0.8315665290169146,1.0,1.0,0.8315665290169146,1.0,0.0,0.0,0.0,80,1.0,0.9549359649323077,1.0,1.0,0.9549359649323077,1.0,1.0,0.9549359649323077,1.0,0.0,0.0,0.0,1.0
groundingdino,510680,6222,52,left center banna,1,20,5,0,0.028222018899234574,40,40,1.0,0.9119026971211976,1.0,1.0,0.9119026971211976,1.0,1.0,0.9119026971211976,1.0,0.0,0.0,0.0,80,1.0,0.9549359649323077,1.0,1.0,0.9549359649323077,1.0,1.0,0.9549359649323077,1.0,0.0,0.0,0.0,1.0
groundingdino,355779,19410,1,girl holding a cat,1,20,5,1,0.963477664443805,5,5,1.0,0.47817624989501856,1.0,1.0,0.47817624989501856,1.0,1.0,0.47817624989501856,1.0,0.0,0.0,0.0,80,1.0,0.9549359649323077,1.0,1.0,0.9549359649323077,1.0,1.0,0.9549359649323077,1.0,0.0,0.0,0.0,1.0
groundingdino,355779,19410,1,girl holding a cat,1,20,5,1,0.963477664443805,10,10,1.0,0.6915028921812392,1.0,1.0,0.6915028921812392,1.0,1.0,0.6915028921812392,1.0,0.0,0.0,0.0,80,1.0,0.9549359649323077,1.0,1.0,0.9549359649323077,1.0,1.0,0.9549359649323077,1.0,0.0,0.0,0.0,1.0
groundingdino,355779,19410,1,girl holding a cat,1,20,5,1,0.963477664443805,20,20,1.0,0.8315665290169146,1.0,1.0,0.8315665290169146,1.0,1.0,0.8315665290169146,1.0,0.0,0.0,0.0,80,1.0,0.9549359649323077,1.0,1.0,0.9549359649323077,1.0,1.0,0.9549359649323077,1.0,0.0,0.0,0.0,1.0
groundingdino,355779,19410,1,girl holding a cat,1,20,5,1,0.963477664443805,40,40,1.0,0.9119026971211976,1.0,1.0,0.9119026971211976,1.0,1.0,0.9119026971211976,1.0,0.0,0.0,0.0,80,1.0,0.9549359649323077,1.0,1.0,0.9549359649323077,1.0,1.0,0.9549359649323077,1.0,0.0,0.0,0.0,1.0
groundingdino,2823,49786,4,red bike on the far left,1,20,5,0,0.14093103921476557,5,5,1.0,0.47817624989501856,1.0,1.0,0.47817624989501856,1.0,1.0,0.47817624989501856,1.0,0.0,0.0,0.0,80,1.0,0.9549359649323077,1.0,1.0,0.9549359649323077,1.0,1.0,0.9549359649323077,1.0,0.0,0.0,0.0,1.0
groundingdino,2823,49786,4,red bike on the far left,1,20,5,0,0.14093103921476557,10,10,1.0,0.6915028921812392,1.0,1.0,0.6915028921812392,1.0,1.0,0.6915028921812392,1.0,0.0,0.0,0.0,80,1.0,0.9549359649323077,1.0,1.0,0.9549359649323077,1.0,1.0,0.9549359649323077,1.0,0.0,0.0,0.0,1.0
groundingdino,2823,49786,4,red bike on the far left,1,20,5,0,0.14093103921476557,20,20,1.0,0.8315665290169146,1.0,1.0,0.8315665290169146,1.0,1.0,0.8315665290169146,1.0,0.0,0.0,0.0,80,1.0,0.9549359649323077,1.0,1.0,0.9549359649323077,1.0,1.0,0.9549359649323077,1.0,0.0,0.0,0.0,1.0
groundingdino,2823,49786,4,red bike on the far left,1,20,5,0,0.14093103921476557,40,40,1.0,0.9119026971211976,1.0,1.0,0.9119026971211976,1.0,1.0,0.9119026971211976,1.0,0.0,0.0,0.0,80,1.0,0.9549359649323077,1.0,1.0,0.9549359649323077,1.0,1.0,0.9549359649323077,1.0,0.0,0.0,0.0,1.0
groundingdino,162283,36086,1,red shirt,1,8,5,0,0.1900540771774895,5,5,0.8,0.2835820638819106,0.9949492366205319,1.0,0.3976353643835254,1.0,0.8,0.2835820638819106,0.9949492366205319,0.19999999999999996,0.0,0.0,80,0.825,0.7238459604789864,0.9008894901605713,1.0,0.945641152829878,1.0,0.825,0.7238459604789864,0.9008894901605713,0.17500000000000004,0.0,0.0,0.8
groundingdino,162283,36086,1,red shirt,1,8,5,0,0.1900540771774895,10,10,0.8,0.4439045376923585,0.9747892736731666,1.0,0.6305833524471808,1.0,0.8,0.4439045376923585,0.9747892736731666,0.19999999999999996,0.0,0.0,80,0.825,0.7238459604789864,0.9008894901605713,1.0,0.945641152829878,1.0,0.825,0.7238459604789864,0.9008894901605713,0.17500000000000004,0.0,0.0,0.8
groundingdino,162283,36086,1,red shirt,1,8,5,0,0.1900540771774895,20,20,0.8,0.5633859970033317,0.9426660029499673,1.0,0.7940927857921773,1.0,0.8,0.5633859970033317,0.9426660029499673,0.19999999999999996,0.0,0.0,80,0.825,0.7238459604789864,0.9008894901605713,1.0,0.945641152829878,1.0,0.825,0.7238459604789864,0.9008894901605713,0.17500000000000004,0.0,0.0,0.8
groundingdino,162283,36086,1,red shirt,1,8,5,0,0.1900540771774895,40,40,0.825,0.6722098666384142,0.9266172706479148,1.0,0.8942371899254207,1.0,0.825,0.6722098666384142,0.9266172706479148,0.17500000000000004,0.0,0.0,80,0.825,0.7238459604789864,0.9008894901605713,1.0,0.945641152829878,1.0,0.825,0.7238459604789864,0.9008894901605713,0.17500000000000004,0.0,0.0,0.825
groundingdino,100209,41256,1,kid,1,11,5,1,0.938618294082951,5,5,0.6,0.14663279963467318,0.9472550494736831,1.0,0.29240177382128674,1.0,0.6,0.14663279963467318,0.9472550494736831,0.4,0.0,0.0,80,0.65,0.5352031145206642,0.7533280635274648,1.0,0.9315177912966804,1.0,0.65,0.5352031145206642,0.7533280635274648,0.35,0.0,0.0,0.6
groundingdino,100209,41256,1,kid,1,11,5,1,0.938618294082951,10,10,0.5,0.18708602844739855,0.8129139715526015,1.0,0.47817624989501856,1.0,0.5,0.18708602844739855,0.8129139715526015,0.5,0.0,0.0,80,0.65,0.5352031145206642,0.7533280635274648,1.0,0.9315177912966804,1.0,0.65,0.5352031145206642,0.7533280635274648,0.35,0.0,0.0,0.5
groundingdino,100209,41256,1,kid,1,11,5,1,0.938618294082951,20,20,0.55,0.3152781330405486,0.7694221032240758,1.0,0.7150858470818456,1.0,0.55,0.3152781330405486,0.7694221032240758,0.44999999999999996,0.0,0.0,80,0.65,0.5352031145206642,0.7533280635274648,1.0,0.9315177912966804,1.0,0.65,0.5352031145206642,0.7533280635274648,0.35,0.0,0.0,0.55
groundingdino,100209,41256,1,kid,1,11,5,1,0.938618294082951,40,40,0.6,0.4332670521932967,0.7513500134122563,1.0,0.8575264022774743,1.0,0.6,0.4332670521932967,0.7513500134122563,0.4,0.0,0.0,80,0.65,0.5352031145206642,0.7533280635274648,1.0,0.9315177912966804,1.0,0.65,0.5352031145206642,0.7533280635274648,0.35,0.0,0.0,0.6
groundingdino,498770,7244,56,brocolli on right front corner,1,20,5,0,0.33465261952775754,5,5,1.0,0.47817624989501856,1.0,1.0,0.47817624989501856,1.0,1.0,0.47817624989501856,1.0,0.0,0.0,0.0,80,1.0,0.9549359649323077,1.0,1.0,0.9549359649323077,1.0,1.0,0.9549359649323077,1.0,0.0,0.0,0.0,1.0
groundingdino,498770,7244,56,brocolli on right front corner,1,20,5,0,0.33465261952775754,10,10,1.0,0.6915028921812392,1.0,1.0,0.6915028921812392,1.0,1.0,0.6915028921812392,1.0,0.0,0.0,0.0,80,1.0,0.9549359649323077,1.0,1.0,0.9549359649323077,1.0,1.0,0.9549359649323077,1.0,0.0,0.0,0.0,1.0
groundingdino,498770,7244,56,brocolli on right front corner,1,20,5,0,0.33465261952775754,20,20,1.0,0.8315665290169146,1.0,1.0,0.8315665290169146,1.0,1.0,0.8315665290169146,1.0,0.0,0.0,0.0,80,1.0,0.9549359649323077,1.0,1.0,0.9549359649323077,1.0,1.0,0.9549359649323077,1.0,0.0,0.0,0.0,1.0
groundingdino,498770,7244,56,brocolli on right front corner,1,20,5,0,0.33465261952775754,40,40,1.0,0.9119026971211976,1.0,1.0,0.9119026971211976,1.0,1.0,0.9119026971211976,1.0,0.0,0.0,0.0,80,1.0,0.9549359649323077,1.0,1.0,0.9549359649323077,1.0,1.0,0.9549359649323077,1.0,0.0,0.0,0.0,1.0
groundingdino,232371,30262,25,taller girraff,1,12,5,1,0.51430540348595,5,5,1.0,0.47817624989501856,1.0,1.0,0.47817624989501856,1.0,1.0,0.47817624989501856,1.0,0.0,0.0,0.0,80,0.9875,0.9323122155360776,0.9996835774723672,1.0,0.9543787472413889,1.0,0.9875,0.9323122155360776,0.9996835774723672,0.012499999999999956,0.0,0.0,1.0
groundingdino,232371,30262,25,taller girraff,1,12,5,1,0.51430540348595,10,10,1.0,0.6915028921812392,1.0,1.0,0.6915028921812392,1.0,1.0,0.6915028921812392,1.0,0.0,0.0,0.0,80,0.9875,0.9323122155360776,0.9996835774723672,1.0,0.9543787472413889,1.0,0.9875,0.9323122155360776,0.9996835774723672,0.012499999999999956,0.0,0.0,1.0
groundingdino,232371,30262,25,taller girraff,1,12,5,1,0.51430540348595,20,20,1.0,0.8315665290169146,1.0,1.0,0.8315665290169146,1.0,1.0,0.8315665290169146,1.0,0.0,0.0,0.0,80,0.9875,0.9323122155360776,0.9996835774723672,1.0,0.9543787472413889,1.0,0.9875,0.9323122155360776,0.9996835774723672,0.012499999999999956,0.0,0.0,1.0
groundingdino,232371,30262,25,taller girraff,1,12,5,1,0.51430540348595,40,40,1.0,0.9119026971211976,1.0,1.0,0.9119026971211976,1.0,1.0,0.9119026971211976,1.0,0.0,0.0,0.0,80,0.9875,0.9323122155360776,0.9996835774723672,1.0,0.9543787472413889,1.0,0.9875,0.9323122155360776,0.9996835774723672,0.012499999999999956,0.0,0.0,1.0
groundingdino,203034,32811,82,the fridge,1,20,5,0,0.4626496756243541,5,5,1.0,0.47817624989501856,1.0,1.0,0.47817624989501856,1.0,1.0,0.47817624989501856,1.0,0.0,0.0,0.0,80,1.0,0.9549359649323077,1.0,0.9875,0.9323122155360776,0.9996835774723672,0.9875,0.9323122155360776,0.9996835774723672,0.0,0.012499999999999956,0.0,1.0
groundingdino,203034,32811,82,the fridge,1,20,5,0,0.4626496756243541,10,10,1.0,0.6915028921812392,1.0,1.0,0.6915028921812392,1.0,1.0,0.6915028921812392,1.0,0.0,0.0,0.0,80,1.0,0.9549359649323077,1.0,0.9875,0.9323122155360776,0.9996835774723672,0.9875,0.9323122155360776,0.9996835774723672,0.0,0.012499999999999956,0.0,1.0
groundingdino,203034,32811,82,the fridge,1,20,5,0,0.4626496756243541,20,20,1.0,0.8315665290169146,1.0,1.0,0.8315665290169146,1.0,1.0,0.8315665290169146,1.0,0.0,0.0,0.0,80,1.0,0.9549359649323077,1.0,0.9875,0.9323122155360776,0.9996835774723672,0.9875,0.9323122155360776,0.9996835774723672,0.0,0.012499999999999956,0.0,1.0
groundingdino,203034,32811,82,the fridge,1,20,5,0,0.4626496756243541,40,40,1.0,0.9119026971211976,1.0,1.0,0.9119026971211976,1.0,1.0,0.9119026971211976,1.0,0.0,0.0,0.0,80,1.0,0.9549359649323077,1.0,0.9875,0.9323122155360776,0.9996835774723672,0.9875,0.9323122155360776,0.9996835774723672,0.0,0.012499999999999956,0.0,1.0
groundingdino,226840,30694,24,zebra on right,1,20,5,1,0.9122948477952483,5,5,1.0,0.47817624989501856,1.0,0.6,0.14663279963467318,0.9472550494736831,0.6,0.14663279963467318,0.9472550494736831,0.0,0.4,0.0,80,1.0,0.9549359649323077,1.0,0.625,0.5096452355928875,0.7308068300531951,0.625,0.5096452355928875,0.7308068300531951,0.0,0.375,0.0,0.6
groundingdino,226840,30694,24,zebra on right,1,20,5,1,0.9122948477952483,10,10,1.0,0.6915028921812392,1.0,0.6,0.2623780766069451,0.8784477418801728,0.6,0.2623780766069451,0.8784477418801728,0.0,0.4,0.0,80,1.0,0.9549359649323077,1.0,0.625,0.5096452355928875,0.7308068300531951,0.625,0.5096452355928875,0.7308068300531951,0.0,0.375,0.0,0.6
groundingdino,226840,30694,24,zebra on right,1,20,5,1,0.9122948477952483,20,20,1.0,0.8315665290169146,1.0,0.65,0.4078114654671719,0.8460907952154588,0.65,0.4078114654671719,0.8460907952154588,0.0,0.35,0.0,80,1.0,0.9549359649323077,1.0,0.625,0.5096452355928875,0.7308068300531951,0.625,0.5096452355928875,0.7308068300531951,0.0,0.375,0.0,0.65
groundingdino,226840,30694,24,zebra on right,1,20,5,1,0.9122948477952483,40,40,1.0,0.9119026971211976,1.0,0.625,0.4580147522326109,0.772737277518174,0.625,0.4580147522326109,0.772737277518174,0.0,0.375,0.0,80,1.0,0.9549359649323077,1.0,0.625,0.5096452355928875,0.7308068300531951,0.625,0.5096452355928875,0.7308068300531951,0.0,0.375,0.0,0.625
groundingdino,24939,47859,1,wii bowler,1,20,5,1,0.985888119607577,5,5,1.0,0.47817624989501856,1.0,1.0,0.47817624989501856,1.0,1.0,0.47817624989501856,1.0,0.0,0.0,0.0,80,1.0,0.9549359649323077,1.0,1.0,0.9549359649323077,1.0,1.0,0.9549359649323077,1.0,0.0,0.0,0.0,1.0
groundingdino,24939,47859,1,wii bowler,1,20,5,1,0.985888119607577,10,10,1.0,0.6915028921812392,1.0,1.0,0.6915028921812392,1.0,1.0,0.6915028921812392,1.0,0.0,0.0,0.0,80,1.0,0.9549359649323077,1.0,1.0,0.9549359649323077,1.0,1.0,0.9549359649323077,1.0,0.0,0.0,0.0,1.0
groundingdino,24939,47859,1,wii bowler,1,20,5,1,0.985888119607577,20,20,1.0,0.8315665290169146,1.0,1.0,0.8315665290169146,1.0,1.0,0.8315665290169146,1.0,0.0,0.0,0.0,80,1.0,0.9549359649323077,1.0,1.0,0.9549359649323077,1.0,1.0,0.9549359649323077,1.0,0.0,0.0,0.0,1.0
groundingdino,24939,47859,1,wii bowler,1,20,5,1,0.985888119607577,40,40,1.0,0.9119026971211976,1.0,1.0,0.9119026971211976,1.0,1.0,0.9119026971211976,1.0,0.0,0.0,0.0,80,1.0,0.9549359649323077,1.0,1.0,0.9549359649323077,1.0,1.0,0.9549359649323077,1.0,0.0,0.0,0.0,1.0
groundingdino,532595,4313,46,wine glass on the left,1,20,5,1,0.9511068759780669,5,5,0.8,0.2835820638819106,0.9949492366205319,0.75,0.19412044968324346,0.9936905367902902,0.6,0.14663279963467318,0.9472550494736831,0.19999999999999996,0.2,5.551115123125783e-17,80,0.95,0.876901263556847,0.9862106060235382,0.6447368421052632,0.5265914009355492,0.7512271334708953,0.6125,0.4969755425018991,0.7194348668752178,0.050000000000000044,0.33749999999999997,5.551115123125783e-17,0.6
groundingdino,532595,4313,46,wine glass on the left,1,20,5,1,0.9511068759780669,10,10,0.9,0.5549838829718046,0.9974714214555382,0.6666666666666666,0.2992950562085404,0.9251453685803082,0.6,0.2623780766069451,0.8784477418801728,0.09999999999999998,0.30000000000000004,0.0,80,0.95,0.876901263556847,0.9862106060235382,0.6447368421052632,0.5265914009355492,0.7512271334708953,0.6125,0.4969755425018991,0.7194348668752178,0.050000000000000044,0.33749999999999997,5.551115123125783e-17,0.6
groundingdino,532595,4313,46,wine glass on the left,1,20,5,1,0.9511068759780669,20,20,0.9,0.6830172859809176,0.9876514728297052,0.7222222222222222,0.4651980344169439,0.9030507874744407,0.65,0.4078114654671719,0.8460907952154588,0.09999999999999998,0.25,0.0,80,0.95,0.876901263556847,0.9862106060235382,0.6447368421052632,0.5265914009355492,0.7512271334708953,0.6125,0.4969755425018991,0.7194348668752178,0.050000000000000044,0.33749999999999997,5.551115123125783e-17,0.65
groundingdino,532595,4313,46,wine glass on the left,1,20,5,1,0.9511068759780669,40,40,0.925,0.796135251267101,0.9842578201489585,0.6486486486486487,0.47461125562602574,0.7979001847159973,0.6,0.4332670521932967,0.7513500134122563,0.07499999999999996,0.32499999999999996,1.1102230246251565e-16,80,0.95,0.876901263556847,0.9862106060235382,0.6447368421052632,0.5265914009355492,0.7512271334708953,0.6125,0.4969755425018991,0.7194348668752178,0.050000000000000044,0.33749999999999997,5.551115123125783e-17,0.6
groundingdino,90444,42135,1,guy sitting,1,7,5,1,0.9509750000544517,5,5,0.4,0.05274495052631693,0.8533672003653268,1.0,0.15811388300841903,1.0,0.4,0.05274495052631693,0.8533672003653268,0.6,0.0,0.0,80,0.6125,0.4969755425018991,0.7194348668752178,1.0,0.9274807363357226,1.0,0.6125,0.4969755425018991,0.7194348668752178,0.38749999999999996,0.0,0.0,0.4
groundingdino,90444,42135,1,guy sitting,1,7,5,1,0.9509750000544517,10,10,0.3,0.0667395111777345,0.6524528500599973,1.0,0.29240177382128674,1.0,0.3,0.0667395111777345,0.6524528500599973,0.7,0.0,0.0,80,0.6125,0.4969755425018991,0.7194348668752178,1.0,0.9274807363357226,1.0,0.6125,0.4969755425018991,0.7194348668752178,0.38749999999999996,0.0,0.0,0.3
groundingdino,90444,42135,1,guy sitting,1,7,5,1,0.9509750000544517,20,20,0.4,0.1911900607253072,0.6394574126925103,1.0,0.6305833524471808,1.0,0.4,0.1911900607253072,0.6394574126925103,0.6,0.0,0.0,80,0.6125,0.4969755425018991,0.7194348668752178,1.0,0.9274807363357226,1.0,0.6125,0.4969755425018991,0.7194348668752178,0.38749999999999996,0.0,0.0,0.4
groundingdino,90444,42135,1,guy sitting,1,7,5,1,0.9509750000544517,40,40,0.525,0.36128013526406216,0.6848802933650138,1.0,0.8389023847809204,1.0,0.525,0.36128013526406216,0.6848802933650138,0.475,0.0,0.0,80,0.6125,0.4969755425018991,0.7194348668752178,1.0,0.9274807363357226,1.0,0.6125,0.4969755425018991,0.7194348668752178,0.38749999999999996,0.0,0.0,0.525
groundingdino,321318,22624,1,right person,1,14,5,0,0.0,5,5,1.0,0.47817624989501856,1.0,1.0,0.47817624989501856,1.0,1.0,0.47817624989501856,1.0,0.0,0.0,0.0,80,1.0,0.9549359649323077,1.0,1.0,0.9549359649323077,1.0,1.0,0.9549359649323077,1.0,0.0,0.0,0.0,1.0
groundingdino,321318,22624,1,right person,1,14,5,0,0.0,10,10,1.0,0.6915028921812392,1.0,1.0,0.6915028921812392,1.0,1.0,0.6915028921812392,1.0,0.0,0.0,0.0,80,1.0,0.9549359649323077,1.0,1.0,0.9549359649323077,1.0,1.0,0.9549359649323077,1.0,0.0,0.0,0.0,1.0
groundingdino,321318,22624,1,right person,1,14,5,0,0.0,20,20,1.0,0.8315665290169146,1.0,1.0,0.8315665290169146,1.0,1.0,0.8315665290169146,1.0,0.0,0.0,0.0,80,1.0,0.9549359649323077,1.0,1.0,0.9549359649323077,1.0,1.0,0.9549359649323077,1.0,0.0,0.0,0.0,1.0
groundingdino,321318,22624,1,right person,1,14,5,0,0.0,40,40,1.0,0.9119026971211976,1.0,1.0,0.9119026971211976,1.0,1.0,0.9119026971211976,1.0,0.0,0.0,0.0,80,1.0,0.9549359649323077,1.0,1.0,0.9549359649323077,1.0,1.0,0.9549359649323077,1.0,0.0,0.0,0.0,1.0
groundingdino,320137,22746,1,man in white,1,20,5,1,0.9615961111544745,5,5,1.0,0.47817624989501856,1.0,0.8,0.2835820638819106,0.9949492366205319,0.8,0.2835820638819106,0.9949492366205319,0.0,0.19999999999999996,0.0,80,0.95,0.876901263556847,0.9862106060235382,0.9473684210526315,0.8706908415470153,0.9854754416608436,0.9,0.8124348925365684,0.955829059846371,0.050000000000000044,0.050000000000000044,1.1102230246251565e-16,0.8
groundingdino,320137,22746,1,man in white,1,20,5,1,0.9615961111544745,10,10,0.9,0.5549838829718046,0.9974714214555382,0.7777777777777778,0.39990642628368794,0.9718550265221018,0.7,0.34754714994000274,0.9332604888222655,0.09999999999999998,0.19999999999999998,8.326672684688674e-17,80,0.95,0.876901263556847,0.9862106060235382,0.9473684210526315,0.8706908415470153,0.9854754416608436,0.9,0.8124348925365684,0.955829059846371,0.050000000000000044,0.050000000000000044,1.1102230246251565e-16,0.7
groundingdino,320137,22746,1,man in white,1,20,5,1,0.9615961111544745,20,20,0.95,0.7512672372279723,0.9987349105020502,0.8421052631578947,0.6042154487333258,0.9661737509982353,0.8,0.5633859970033317,0.9426660029499673,0.050000000000000044,0.15000000000000005,1.3877787807814457e-16,80,0.95,0.876901263556847,0.9862106060235382,0.9473684210526315,0.8706908415470153,0.9854754416608436,0.9,0.8124348925365684,0.955829059846371,0.050000000000000044,0.050000000000000044,1.1102230246251565e-16,0.8
groundingdino,320137,22746,1,man in white,1,20,5,1,0.9615961111544745,40,40,0.975,0.8684141415172343,0.9993672550679505,0.8717948717948718,0.7257005895552842,0.9570316569982108,0.85,0.7016473331604236,0.9428977418454741,0.025000000000000022,0.12499999999999999,1.3877787807814457e-17,80,0.95,0.876901263556847,0.9862106060235382,0.9473684210526315,0.8706908415470153,0.9854754416608436,0.9,0.8124348925365684,0.955829059846371,0.050000000000000044,0.050000000000000044,1.1102230246251565e-16,0.85
groundingdino,420831,14049,84,the complete short stories book,1,20,5,0,0.1473675823434269,5,5,1.0,0.47817624989501856,1.0,0.8,0.2835820638819106,0.9949492366205319,0.8,0.2835820638819106,0.9949492366205319,0.0,0.19999999999999996,0.0,80,1.0,0.9549359649323077,1.0,0.7125,0.6004548866879794,0.8082395280280349,0.7125,0.6004548866879794,0.8082395280280349,0.0,0.2875,0.0,0.8
groundingdino,420831,14049,84,the complete short stories book,1,20,5,0,0.1473675823434269,10,10,1.0,0.6915028921812392,1.0,0.6,0.2623780766069451,0.8784477418801728,0.6,0.2623780766069451,0.8784477418801728,0.0,0.4,0.0,80,1.0,0.9549359649323077,1.0,0.7125,0.6004548866879794,0.8082395280280349,0.7125,0.6004548866879794,0.8082395280280349,0.0,0.2875,0.0,0.6
groundingdino,420831,14049,84,the complete short stories book,1,20,5,0,0.1473675823434269,20,20,1.0,0.8315665290169146,1.0,0.65,0.4078114654671719,0.8460907952154588,0.65,0.4078114654671719,0.8460907952154588,0.0,0.35,0.0,80,1.0,0.9549359649323077,1.0,0.7125,0.6004548866879794,0.8082395280280349,0.7125,0.6004548866879794,0.8082395280280349,0.0,0.2875,0.0,0.65
groundingdino,420831,14049,84,the complete short stories book,1,20,5,0,0.1473675823434269,40,40,1.0,0.9119026971211976,1.0,0.7,0.5346837147458767,0.8343727956067644,0.7,0.5346837147458767,0.8343727956067644,0.0,0.30000000000000004,0.0,80,1.0,0.9549359649323077,1.0,0.7125,0.6004548866879794,0.8082395280280349,0.7125,0.6004548866879794,0.8082395280280349,0.0,0.2875,0.0,0.7
groundingdino,78578,43154,1,far person left in the dark,1,20,5,0,0.0,5,5,1.0,0.47817624989501856,1.0,0.8,0.2835820638819106,0.9949492366205319,0.8,0.2835820638819106,0.9949492366205319,0.0,0.19999999999999996,0.0,80,1.0,0.9549359649323077,1.0,0.75,0.64063652409315,0.8401203554931442,0.75,0.64063652409315,0.8401203554931442,0.0,0.25,0.0,0.8
groundingdino,78578,43154,1,far person left in the dark,1,20,5,0,0.0,10,10,1.0,0.6915028921812392,1.0,0.8,0.4439045376923585,0.9747892736731666,0.8,0.4439045376923585,0.9747892736731666,0.0,0.19999999999999996,0.0,80,1.0,0.9549359649323077,1.0,0.75,0.64063652409315,0.8401203554931442,0.75,0.64063652409315,0.8401203554931442,0.0,0.25,0.0,0.8
groundingdino,78578,43154,1,far person left in the dark,1,20,5,0,0.0,20,20,1.0,0.8315665290169146,1.0,0.85,0.6210731734546859,0.9679290628145363,0.85,0.6210731734546859,0.9679290628145363,0.0,0.15000000000000002,0.0,80,1.0,0.9549359649323077,1.0,0.75,0.64063652409315,0.8401203554931442,0.75,0.64063652409315,0.8401203554931442,0.0,0.25,0.0,0.85
groundingdino,78578,43154,1,far person left in the dark,1,20,5,0,0.0,40,40,1.0,0.9119026971211976,1.0,0.8,0.6435219813207653,0.9094775906000093,0.8,0.6435219813207653,0.9094775906000093,0.0,0.19999999999999996,0.0,80,1.0,0.9549359649323077,1.0,0.75,0.64063652409315,0.8401203554931442,0.75,0.64063652409315,0.8401203554931442,0.0,0.25,0.0,0.8
groundingdino,298983,24617,19,right hrse,1,20,5,0,0.0,5,5,1.0,0.47817624989501856,1.0,0.8,0.2835820638819106,0.9949492366205319,0.8,0.2835820638819106,0.9949492366205319,0.0,0.19999999999999996,0.0,80,1.0,0.9549359649323077,1.0,0.9875,0.9323122155360776,0.9996835774723672,0.9875,0.9323122155360776,0.9996835774723672,0.0,0.012499999999999956,0.0,0.8
groundingdino,298983,24617,19,right hrse,1,20,5,0,0.0,10,10,1.0,0.6915028921812392,1.0,0.9,0.5549838829718046,0.9974714214555382,0.9,0.5549838829718046,0.9974714214555382,0.0,0.09999999999999998,0.0,80,1.0,0.9549359649323077,1.0,0.9875,0.9323122155360776,0.9996835774723672,0.9875,0.9323122155360776,0.9996835774723672,0.0,0.012499999999999956,0.0,0.9
groundingdino,298983,24617,19,right hrse,1,20,5,0,0.0,20,20,1.0,0.8315665290169146,1.0,0.95,0.7512672372279723,0.9987349105020502,0.95,0.7512672372279723,0.9987349105020502,0.0,0.050000000000000044,0.0,80,1.0,0.9549359649323077,1.0,0.9875,0.9323122155360776,0.9996835774723672,0.9875,0.9323122155360776,0.9996835774723672,0.0,0.012499999999999956,0.0,0.95
groundingdino,298983,24617,19,right hrse,1,20,5,0,0.0,40,40,1.0,0.9119026971211976,1.0,0.975,0.8684141415172343,0.9993672550679505,0.975,0.8684141415172343,0.9993672550679505,0.0,0.025000000000000022,0.0,80,1.0,0.9549359649323077,1.0,0.9875,0.9323122155360776,0.9996835774723672,0.9875,0.9323122155360776,0.9996835774723672,0.0,0.012499999999999956,0.0,0.975
groundingdino,1298,49892,1,fatty in center frame,1,20,5,1,0.9616451318759096,5,5,0.6,0.14663279963467318,0.9472550494736831,0.6666666666666666,0.09429932405024612,0.9915962413403874,0.4,0.05274495052631693,0.8533672003653268,0.4,0.2,5.551115123125783e-17,80,0.625,0.5096452355928875,0.7308068300531951,0.8,0.6628168916165122,0.899697762527429,0.5,0.38604788336490925,0.6139521166350907,0.375,0.12499999999999997,2.7755575615628914e-17,0.4
groundingdino,1298,49892,1,fatty in center frame,1,20,5,1,0.9616451318759096,10,10,0.6,0.2623780766069451,0.8784477418801728,0.6666666666666666,0.22277809550351216,0.9567281317072583,0.4,0.1215522581198272,0.7376219233930549,0.4,0.2,5.551115123125783e-17,80,0.625,0.5096452355928875,0.7308068300531951,0.8,0.6628168916165122,0.899697762527429,0.5,0.38604788336490925,0.6139521166350907,0.375,0.12499999999999997,2.7755575615628914e-17,0.4
groundingdino,1298,49892,1,fatty in center frame,1,20,5,1,0.9616451318759096,20,20,0.65,0.4078114654671719,0.8460907952154588,0.7692307692307693,0.46186846076595905,0.9496189265088485,0.5,0.27195784956079183,0.7280421504392082,0.35,0.14999999999999997,5.551115123125783e-17,80,0.625,0.5096452355928875,0.7308068300531951,0.8,0.6628168916165122,0.899697762527429,0.5,0.38604788336490925,0.6139521166350907,0.375,0.12499999999999997,2.7755575615628914e-17,0.5
groundingdino,1298,49892,1,fatty in center frame,1,20,5,1,0.9616451318759096,40,40,0.65,0.48315554635100944,0.793717509129233,0.7307692307692307,0.5221252103061684,0.884267786708496,0.475,0.31511970663498623,0.6387198647359378,0.35,0.17500000000000004,0.0,80,0.625,0.5096452355928875,0.7308068300531951,0.8,0.6628168916165122,0.899697762527429,0.5,0.38604788336490925,0.6139521166350907,0.375,0.12499999999999997,2.7755575615628914e-17,0.475
groundingdino,154911,36685,1,guy by the red wall with arms crossed,1,20,5,0,0.31456520321031145,5,5,1.0,0.47817624989501856,1.0,0.6,0.14663279963467318,0.9472550494736831,0.6,0.14663279963467318,0.9472550494736831,0.0,0.4,0.0,80,1.0,0.9549359649323077,1.0,0.5125,0.39810466870318545,0.625942518555561,0.5125,0.39810466870318545,0.625942518555561,0.0,0.48750000000000004,0.0,0.6
groundingdino,154911,36685,1,guy by the red wall with arms crossed,1,20,5,0,0.31456520321031145,10,10,1.0,0.6915028921812392,1.0,0.6,0.2623780766069451,0.8784477418801728,0.6,0.2623780766069451,0.8784477418801728,0.0,0.4,0.0,80,1.0,0.9549359649323077,1.0,0.5125,0.39810466870318545,0.625942518555561,0.5125,0.39810466870318545,0.625942518555561,0.0,0.48750000000000004,0.0,0.6
groundingdino,154911,36685,1,guy by the red wall with arms crossed,1,20,5,0,0.31456520321031145,20,20,1.0,0.8315665290169146,1.0,0.55,0.3152781330405486,0.7694221032240758,0.55,0.3152781330405486,0.7694221032240758,0.0,0.44999999999999996,0.0,80,1.0,0.9549359649323077,1.0,0.5125,0.39810466870318545,0.625942518555561,0.5125,0.39810466870318545,0.625942518555561,0.0,0.48750000000000004,0.0,0.55
groundingdino,154911,36685,1,guy by the red wall with arms crossed,1,20,5,0,0.31456520321031145,40,40,1.0,0.9119026971211976,1.0,0.525,0.36128013526406216,0.6848802933650138,0.525,0.36128013526406216,0.6848802933650138,0.0,0.475,0.0,80,1.0,0.9549359649323077,1.0,0.5125,0.39810466870318545,0.625942518555561,0.5125,0.39810466870318545,0.625942518555561,0.0,0.48750000000000004,0.0,0.525
groundingdino,416450,14412,1,guy on left,1,20,5,0,0.13232435838656342,5,5,1.0,0.47817624989501856,1.0,1.0,0.47817624989501856,1.0,1.0,0.47817624989501856,1.0,0.0,0.0,0.0,80,1.0,0.9549359649323077,1.0,1.0,0.9549359649323077,1.0,1.0,0.9549359649323077,1.0,0.0,0.0,0.0,1.0
groundingdino,416450,14412,1,guy on left,1,20,5,0,0.13232435838656342,10,10,1.0,0.6915028921812392,1.0,1.0,0.6915028921812392,1.0,1.0,0.6915028921812392,1.0,0.0,0.0,0.0,80,1.0,0.9549359649323077,1.0,1.0,0.9549359649323077,1.0,1.0,0.9549359649323077,1.0,0.0,0.0,0.0,1.0
groundingdino,416450,14412,1,guy on left,1,20,5,0,0.13232435838656342,20,20,1.0,0.8315665290169146,1.0,1.0,0.8315665290169146,1.0,1.0,0.8315665290169146,1.0,0.0,0.0,0.0,80,1.0,0.9549359649323077,1.0,1.0,0.9549359649323077,1.0,1.0,0.9549359649323077,1.0,0.0,0.0,0.0,1.0
groundingdino,416450,14412,1,guy on left,1,20,5,0,0.13232435838656342,40,40,1.0,0.9119026971211976,1.0,1.0,0.9119026971211976,1.0,1.0,0.9119026971211976,1.0,0.0,0.0,0.0,80,1.0,0.9549359649323077,1.0,1.0,0.9549359649323077,1.0,1.0,0.9549359649323077,1.0,0.0,0.0,0.0,1.0
groundingdino,35817,46961,1,girl in middle with necklace,1,20,5,0,0.03788270920414739,5,5,1.0,0.47817624989501856,1.0,0.6,0.14663279963467318,0.9472550494736831,0.6,0.14663279963467318,0.9472550494736831,0.0,0.4,0.0,80,0.975,0.9125928440694078,0.9969579138351904,0.6025641025641025,0.4853990787939231,0.7116967843741532,0.5875,0.4718483404252045,0.6964754070624058,0.025000000000000022,0.3875,5.551115123125783e-17,0.6
groundingdino,35817,46961,1,girl in middle with necklace,1,20,5,0,0.03788270920414739,10,10,1.0,0.6915028921812392,1.0,0.6,0.2623780766069451,0.8784477418801728,0.6,0.2623780766069451,0.8784477418801728,0.0,0.4,0.0,80,0.975,0.9125928440694078,0.9969579138351904,0.6025641025641025,0.4853990787939231,0.7116967843741532,0.5875,0.4718483404252045,0.6964754070624058,0.025000000000000022,0.3875,5.551115123125783e-17,0.6
groundingdino,35817,46961,1,girl in middle with necklace,1,20,5,0,0.03788270920414739,20,20,1.0,0.8315665290169146,1.0,0.65,0.4078114654671719,0.8460907952154588,0.65,0.4078114654671719,0.8460907952154588,0.0,0.35,0.0,80,0.975,0.9125928440694078,0.9969579138351904,0.6025641025641025,0.4853990787939231,0.7116967843741532,0.5875,0.4718483404252045,0.6964754070624058,0.025000000000000022,0.3875,5.551115123125783e-17,0.65
groundingdino,35817,46961,1,girl in middle with necklace,1,20,5,0,0.03788270920414739,40,40,1.0,0.9119026971211976,1.0,0.6,0.4332670521932967,0.7513500134122563,0.6,0.4332670521932967,0.7513500134122563,0.0,0.4,0.0,80,0.975,0.9125928440694078,0.9969579138351904,0.6025641025641025,0.4853990787939231,0.7116967843741532,0.5875,0.4718483404252045,0.6964754070624058,0.025000000000000022,0.3875,5.551115123125783e-17,0.6
groundingdino,439303,12431,88,top of photo partial bear,1,20,5,0,0.0,5,5,0.6,0.14663279963467318,0.9472550494736831,0.6666666666666666,0.09429932405024612,0.9915962413403874,0.4,0.05274495052631693,0.8533672003653268,0.4,0.2,5.551115123125783e-17,80,0.8,0.6956311329945355,0.8811409135950147,0.515625,0.38725880822042363,0.6424980032802374,0.4125,0.30352459293759415,0.5281516595747955,0.19999999999999996,0.3875,5.551115123125783e-17,0.4
groundingdino,439303,12431,88,top of photo partial bear,1,20,5,0,0.0,10,10,0.6,0.2623780766069451,0.8784477418801728,0.5,0.11811724875702523,0.8818827512429748,0.3,0.0667395111777345,0.6524528500599973,0.4,0.3,5.551115123125783e-17,80,0.8,0.6956311329945355,0.8811409135950147,0.515625,0.38725880822042363,0.6424980032802374,0.4125,0.30352459293759415,0.5281516595747955,0.19999999999999996,0.3875,5.551115123125783e-17,0.3
groundingdino,439303,12431,88,top of photo partial bear,1,20,5,0,0.0,20,20,0.55,0.3152781330405486,0.7694221032240758,0.5454545454545454,0.2337935976593452,0.8325119059362929,0.3,0.1189315904057277,0.5427891822762891,0.44999999999999996,0.25000000000000006,5.551115123125783e-17,80,0.8,0.6956311329945355,0.8811409135950147,0.515625,0.38725880822042363,0.6424980032802374,0.4125,0.30352459293759415,0.5281516595747955,0.19999999999999996,0.3875,5.551115123125783e-17,0.3
groundingdino,439303,12431,88,top of photo partial bear,1,20,5,0,0.0,40,40,0.6,0.4332670521932967,0.7513500134122563,0.5416666666666666,0.32820807569517796,0.7444697980052538,0.325,0.18572896676334988,0.4912948754784484,0.4,0.275,0.0,80,0.8,0.6956311329945355,0.8811409135950147,0.515625,0.38725880822042363,0.6424980032802374,0.4125,0.30352459293759415,0.5281516595747955,0.19999999999999996,0.3875,5.551115123125783e-17,0.325
groundingdino,38890,46712,24,zebra on right,1,20,5,0,0.1631979990676624,5,5,1.0,0.47817624989501856,1.0,1.0,0.47817624989501856,1.0,1.0,0.47817624989501856,1.0,0.0,0.0,0.0,80,1.0,0.9549359649323077,1.0,1.0,0.9549359649323077,1.0,1.0,0.9549359649323077,1.0,0.0,0.0,0.0,1.0
groundingdino,38890,46712,24,zebra on right,1,20,5,0,0.1631979990676624,10,10,1.0,0.6915028921812392,1.0,1.0,0.6915028921812392,1.0,1.0,0.6915028921812392,1.0,0.0,0.0,0.0,80,1.0,0.9549359649323077,1.0,1.0,0.9549359649323077,1.0,1.0,0.9549359649323077,1.0,0.0,0.0,0.0,1.0
groundingdino,38890,46712,24,zebra on right,1,20,5,0,0.1631979990676624,20,20,1.0,0.8315665290169146,1.0,1.0,0.8315665290169146,1.0,1.0,0.8315665290169146,1.0,0.0,0.0,0.0,80,1.0,0.9549359649323077,1.0,1.0,0.9549359649323077,1.0,1.0,0.9549359649323077,1.0,0.0,0.0,0.0,1.0
groundingdino,38890,46712,24,zebra on right,1,20,5,0,0.1631979990676624,40,40,1.0,0.9119026971211976,1.0,1.0,0.9119026971211976,1.0,1.0,0.9119026971211976,1.0,0.0,0.0,0.0,80,1.0,0.9549359649323077,1.0,1.0,0.9549359649323077,1.0,1.0,0.9549359649323077,1.0,0.0,0.0,0.0,1.0
groundingdino,576581,492,24,the fully visible zebra,1,20,5,1,0.9569859034402208,5,5,1.0,0.47817624989501856,1.0,1.0,0.47817624989501856,1.0,1.0,0.47817624989501856,1.0,0.0,0.0,0.0,80,0.875,0.7821108659305637,0.9383979034415657,1.0,0.9486662028489763,1.0,0.875,0.7821108659305637,0.9383979034415657,0.125,0.0,0.0,1.0
groundingdino,576581,492,24,the fully visible zebra,1,20,5,1,0.9569859034402208,10,10,0.9,0.5549838829718046,0.9974714214555382,1.0,0.6637328831200572,1.0,0.9,0.5549838829718046,0.9974714214555382,0.09999999999999998,0.0,0.0,80,0.875,0.7821108659305637,0.9383979034415657,1.0,0.9486662028489763,1.0,0.875,0.7821108659305637,0.9383979034415657,0.125,0.0,0.0,0.9
groundingdino,576581,492,24,the fully visible zebra,1,20,5,1,0.9569859034402208,20,20,0.9,0.6830172859809176,0.9876514728297052,1.0,0.8146980318621478,1.0,0.9,0.6830172859809176,0.9876514728297052,0.09999999999999998,0.0,0.0,80,0.875,0.7821108659305637,0.9383979034415657,1.0,0.9486662028489763,1.0,0.875,0.7821108659305637,0.9383979034415657,0.125,0.0,0.0,0.9
groundingdino,576581,492,24,the fully visible zebra,1,20,5,1,0.9569859034402208,40,40,0.875,0.7319670826382796,0.9581403738613833,1.0,0.8999675644278949,1.0,0.875,0.7319670826382796,0.9581403738613833,0.125,0.0,0.0,80,0.875,0.7821108659305637,0.9383979034415657,1.0,0.9486662028489763,1.0,0.875,0.7821108659305637,0.9383979034415657,0.125,0.0,0.0,0.875
groundingdino,475037,9317,1,girl,1,5,5,1,0.9148281319174218,5,5,0.6,0.14663279963467318,0.9472550494736831,1.0,0.29240177382128674,1.0,0.6,0.14663279963467318,0.9472550494736831,0.4,0.0,0.0,80,0.275,0.1810376385570388,0.38624342084440927,1.0,0.8456274871844255,1.0,0.275,0.1810376385570388,0.38624342084440927,0.725,0.0,0.0,0.6
groundingdino,475037,9317,1,girl,1,5,5,1,0.9148281319174218,10,10,0.3,0.0667395111777345,0.6524528500599973,1.0,0.29240177382128674,1.0,0.3,0.0667395111777345,0.6524528500599973,0.7,0.0,0.0,80,0.275,0.1810376385570388,0.38624342084440927,1.0,0.8456274871844255,1.0,0.275,0.1810376385570388,0.38624342084440927,0.725,0.0,0.0,0.3
groundingdino,475037,9317,1,girl,1,5,5,1,0.9148281319174218,20,20,0.35,0.15390920478454118,0.5921885345328282,1.0,0.5903836027749967,1.0,0.35,0.15390920478454118,0.5921885345328282,0.65,0.0,0.0,80,0.275,0.1810376385570388,0.38624342084440927,1.0,0.8456274871844255,1.0,0.275,0.1810376385570388,0.38624342084440927,0.725,0.0,0.0,0.35
groundingdino,475037,9317,1,girl,1,5,5,1,0.9148281319174218,40,40,0.3,0.16562720439323564,0.4653162852541233,1.0,0.7353515306029488,1.0,0.3,0.16562720439323564,0.4653162852541233,0.7,0.0,0.0,80,0.275,0.1810376385570388,0.38624342084440927,1.0,0.8456274871844255,1.0,0.275,0.1810376385570388,0.38624342084440927,0.725,0.0,0.0,0.3
groundingdino,56677,45043,1,girl in front,1,20,5,0,0.0,5,5,1.0,0.47817624989501856,1.0,1.0,0.47817624989501856,1.0,1.0,0.47817624989501856,1.0,0.0,0.0,0.0,80,1.0,0.9549359649323077,1.0,0.7625,0.6542230288597322,0.8505462481433591,0.7625,0.6542230288597322,0.8505462481433591,0.0,0.23750000000000004,0.0,1.0
groundingdino,56677,45043,1,girl in front,1,20,5,0,0.0,10,10,1.0,0.6915028921812392,1.0,0.9,0.5549838829718046,0.9974714214555382,0.9,0.5549838829718046,0.9974714214555382,0.0,0.09999999999999998,0.0,80,1.0,0.9549359649323077,1.0,0.7625,0.6542230288597322,0.8505462481433591,0.7625,0.6542230288597322,0.8505462481433591,0.0,0.23750000000000004,0.0,0.9
groundingdino,56677,45043,1,girl in front,1,20,5,0,0.0,20,20,1.0,0.8315665290169146,1.0,0.8,0.5633859970033317,0.9426660029499673,0.8,0.5633859970033317,0.9426660029499673,0.0,0.19999999999999996,0.0,80,1.0,0.9549359649323077,1.0,0.7625,0.6542230288597322,0.8505462481433591,0.7625,0.6542230288597322,0.8505462481433591,0.0,0.23750000000000004,0.0,0.8
groundingdino,56677,45043,1,girl in front,1,20,5,0,0.0,40,40,1.0,0.9119026971211976,1.0,0.7,0.5346837147458767,0.8343727956067644,0.7,0.5346837147458767,0.8343727956067644,0.0,0.30000000000000004,0.0,80,1.0,0.9549359649323077,1.0,0.7625,0.6542230288597322,0.8505462481433591,0.7625,0.6542230288597322,0.8505462481433591,0.0,0.23750000000000004,0.0,0.7
groundingdino,352892,19645,1,bride,1,20,5,1,0.8510635060145997,5,5,1.0,0.47817624989501856,1.0,1.0,0.47817624989501856,1.0,1.0,0.47817624989501856,1.0,0.0,0.0,0.0,80,1.0,0.9549359649323077,1.0,1.0,0.9549359649323077,1.0,1.0,0.9549359649323077,1.0,0.0,0.0,0.0,1.0
groundingdino,352892,19645,1,bride,1,20,5,1,0.8510635060145997,10,10,1.0,0.6915028921812392,1.0,1.0,0.6915028921812392,1.0,1.0,0.6915028921812392,1.0,0.0,0.0,0.0,80,1.0,0.9549359649323077,1.0,1.0,0.9549359649323077,1.0,1.0,0.9549359649323077,1.0,0.0,0.0,0.0,1.0
groundingdino,352892,19645,1,bride,1,20,5,1,0.8510635060145997,20,20,1.0,0.8315665290169146,1.0,1.0,0.8315665290169146,1.0,1.0,0.8315665290169146,1.0,0.0,0.0,0.0,80,1.0,0.9549359649323077,1.0,1.0,0.9549359649323077,1.0,1.0,0.9549359649323077,1.0,0.0,0.0,0.0,1.0
groundingdino,352892,19645,1,bride,1,20,5,1,0.8510635060145997,40,40,1.0,0.9119026971211976,1.0,1.0,0.9119026971211976,1.0,1.0,0.9119026971211976,1.0,0.0,0.0,0.0,80,1.0,0.9549359649323077,1.0,1.0,0.9549359649323077,1.0,1.0,0.9549359649323077,1.0,0.0,0.0,0.0,1.0
groundingdino,358789,19159,1,spectator far left,1,20,5,0,0.0,5,5,1.0,0.47817624989501856,1.0,1.0,0.47817624989501856,1.0,1.0,0.47817624989501856,1.0,0.0,0.0,0.0,80,1.0,0.9549359649323077,1.0,1.0,0.9549359649323077,1.0,1.0,0.9549359649323077,1.0,0.0,0.0,0.0,1.0
groundingdino,358789,19159,1,spectator far left,1,20,5,0,0.0,10,10,1.0,0.6915028921812392,1.0,1.0,0.6915028921812392,1.0,1.0,0.6915028921812392,1.0,0.0,0.0,0.0,80,1.0,0.9549359649323077,1.0,1.0,0.9549359649323077,1.0,1.0,0.9549359649323077,1.0,0.0,0.0,0.0,1.0
groundingdino,358789,19159,1,spectator far left,1,20,5,0,0.0,20,20,1.0,0.8315665290169146,1.0,1.0,0.8315665290169146,1.0,1.0,0.8315665290169146,1.0,0.0,0.0,0.0,80,1.0,0.9549359649323077,1.0,1.0,0.9549359649323077,1.0,1.0,0.9549359649323077,1.0,0.0,0.0,0.0,1.0
groundingdino,358789,19159,1,spectator far left,1,20,5,0,0.0,40,40,1.0,0.9119026971211976,1.0,1.0,0.9119026971211976,1.0,1.0,0.9119026971211976,1.0,0.0,0.0,0.0,80,1.0,0.9549359649323077,1.0,1.0,0.9549359649323077,1.0,1.0,0.9549359649323077,1.0,0.0,0.0,0.0,1.0
groundingdino,523907,5033,1,polka dot person on left,1,20,5,1,0.6941570389790944,5,5,1.0,0.47817624989501856,1.0,0.6,0.14663279963467318,0.9472550494736831,0.6,0.14663279963467318,0.9472550494736831,0.0,0.4,0.0,80,1.0,0.9549359649323077,1.0,0.85,0.7526358884071023,0.9200184386902862,0.85,0.7526358884071023,0.9200184386902862,0.0,0.15000000000000002,0.0,0.6
groundingdino,523907,5033,1,polka dot person on left,1,20,5,1,0.6941570389790944,10,10,1.0,0.6915028921812392,1.0,0.6,0.2623780766069451,0.8784477418801728,0.6,0.2623780766069451,0.8784477418801728,0.0,0.4,0.0,80,1.0,0.9549359649323077,1.0,0.85,0.7526358884071023,0.9200184386902862,0.85,0.7526358884071023,0.9200184386902862,0.0,0.15000000000000002,0.0,0.6
groundingdino,523907,5033,1,polka dot person on left,1,20,5,1,0.6941570389790944,20,20,1.0,0.8315665290169146,1.0,0.8,0.5633859970033317,0.9426660029499673,0.8,0.5633859970033317,0.9426660029499673,0.0,0.19999999999999996,0.0,80,1.0,0.9549359649323077,1.0,0.85,0.7526358884071023,0.9200184386902862,0.85,0.7526358884071023,0.9200184386902862,0.0,0.15000000000000002,0.0,0.8
groundingdino,523907,5033,1,polka dot person on left,1,20,5,1,0.6941570389790944,40,40,1.0,0.9119026971211976,1.0,0.775,0.6154883226965773,0.891603361015928,0.775,0.6154883226965773,0.891603361015928,0.0,0.22499999999999998,0.0,80,1.0,0.9549359649323077,1.0,0.85,0.7526358884071023,0.9200184386902862,0.85,0.7526358884071023,0.9200184386902862,0.0,0.15000000000000002,0.0,0.775
groundingdino,274770,26706,55,left orange,1,8,5,1,0.9088566149370106,5,5,1.0,0.47817624989501856,1.0,1.0,0.47817624989501856,1.0,1.0,0.47817624989501856,1.0,0.0,0.0,0.0,80,1.0,0.9549359649323077,1.0,1.0,0.9549359649323077,1.0,1.0,0.9549359649323077,1.0,0.0,0.0,0.0,1.0
groundingdino,274770,26706,55,left orange,1,8,5,1,0.9088566149370106,10,10,1.0,0.6915028921812392,1.0,1.0,0.6915028921812392,1.0,1.0,0.6915028921812392,1.0,0.0,0.0,0.0,80,1.0,0.9549359649323077,1.0,1.0,0.9549359649323077,1.0,1.0,0.9549359649323077,1.0,0.0,0.0,0.0,1.0
groundingdino,274770,26706,55,left orange,1,8,5,1,0.9088566149370106,20,20,1.0,0.8315665290169146,1.0,1.0,0.8315665290169146,1.0,1.0,0.8315665290169146,1.0,0.0,0.0,0.0,80,1.0,0.9549359649323077,1.0,1.0,0.9549359649323077,1.0,1.0,0.9549359649323077,1.0,0.0,0.0,0.0,1.0
groundingdino,274770,26706,55,left orange,1,8,5,1,0.9088566149370106,40,40,1.0,0.9119026971211976,1.0,1.0,0.9119026971211976,1.0,1.0,0.9119026971211976,1.0,0.0,0.0,0.0,80,1.0,0.9549359649323077,1.0,1.0,0.9549359649323077,1.0,1.0,0.9549359649323077,1.0,0.0,0.0,0.0,1.0
groundingdino,284964,25842,1,girl on the right giving high five,1,20,5,1,0.9225500443925989,5,5,1.0,0.47817624989501856,1.0,1.0,0.47817624989501856,1.0,1.0,0.47817624989501856,1.0,0.0,0.0,0.0,80,1.0,0.9549359649323077,1.0,1.0,0.9549359649323077,1.0,1.0,0.9549359649323077,1.0,0.0,0.0,0.0,1.0
groundingdino,284964,25842,1,girl on the right giving high five,1,20,5,1,0.9225500443925989,10,10,1.0,0.6915028921812392,1.0,1.0,0.6915028921812392,1.0,1.0,0.6915028921812392,1.0,0.0,0.0,0.0,80,1.0,0.9549359649323077,1.0,1.0,0.9549359649323077,1.0,1.0,0.9549359649323077,1.0,0.0,0.0,0.0,1.0
groundingdino,284964,25842,1,girl on the right giving high five,1,20,5,1,0.9225500443925989,20,20,1.0,0.8315665290169146,1.0,1.0,0.8315665290169146,1.0,1.0,0.8315665290169146,1.0,0.0,0.0,0.0,80,1.0,0.9549359649323077,1.0,1.0,0.9549359649323077,1.0,1.0,0.9549359649323077,1.0,0.0,0.0,0.0,1.0
groundingdino,284964,25842,1,girl on the right giving high five,1,20,5,1,0.9225500443925989,40,40,1.0,0.9119026971211976,1.0,1.0,0.9119026971211976,1.0,1.0,0.9119026971211976,1.0,0.0,0.0,0.0,80,1.0,0.9549359649323077,1.0,1.0,0.9549359649323077,1.0,1.0,0.9549359649323077,1.0,0.0,0.0,0.0,1.0
groundingdino,324677,22291,1,man in red,1,20,5,1,0.9814041334336225,5,5,1.0,0.47817624989501856,1.0,1.0,0.47817624989501856,1.0,1.0,0.47817624989501856,1.0,0.0,0.0,0.0,80,1.0,0.9549359649323077,1.0,1.0,0.9549359649323077,1.0,1.0,0.9549359649323077,1.0,0.0,0.0,0.0,1.0
groundingdino,324677,22291,1,man in red,1,20,5,1,0.9814041334336225,10,10,1.0,0.6915028921812392,1.0,1.0,0.6915028921812392,1.0,1.0,0.6915028921812392,1.0,0.0,0.0,0.0,80,1.0,0.9549359649323077,1.0,1.0,0.9549359649323077,1.0,1.0,0.9549359649323077,1.0,0.0,0.0,0.0,1.0
groundingdino,324677,22291,1,man in red,1,20,5,1,0.9814041334336225,20,20,1.0,0.8315665290169146,1.0,1.0,0.8315665290169146,1.0,1.0,0.8315665290169146,1.0,0.0,0.0,0.0,80,1.0,0.9549359649323077,1.0,1.0,0.9549359649323077,1.0,1.0,0.9549359649323077,1.0,0.0,0.0,0.0,1.0
groundingdino,324677,22291,1,man in red,1,20,5,1,0.9814041334336225,40,40,1.0,0.9119026971211976,1.0,1.0,0.9119026971211976,1.0,1.0,0.9119026971211976,1.0,0.0,0.0,0.0,80,1.0,0.9549359649323077,1.0,1.0,0.9549359649323077,1.0,1.0,0.9549359649323077,1.0,0.0,0.0,0.0,1.0
groundingdino,91604,42041,1,the umpire in white wearing black mask,1,20,5,0,0.028793635331517804,5,5,1.0,0.47817624989501856,1.0,1.0,0.47817624989501856,1.0,1.0,0.47817624989501856,1.0,0.0,0.0,0.0,80,1.0,0.9549359649323077,1.0,0.975,0.9125928440694078,0.9969579138351904,0.975,0.9125928440694078,0.9969579138351904,0.0,0.025000000000000022,0.0,1.0
groundingdino,91604,42041,1,the umpire in white wearing black mask,1,20,5,0,0.028793635331517804,10,10,1.0,0.6915028921812392,1.0,1.0,0.6915028921812392,1.0,1.0,0.6915028921812392,1.0,0.0,0.0,0.0,80,1.0,0.9549359649323077,1.0,0.975,0.9125928440694078,0.9969579138351904,0.975,0.9125928440694078,0.9969579138351904,0.0,0.025000000000000022,0.0,1.0
groundingdino,91604,42041,1,the umpire in white wearing black mask,1,20,5,0,0.028793635331517804,20,20,1.0,0.8315665290169146,1.0,1.0,0.8315665290169146,1.0,1.0,0.8315665290169146,1.0,0.0,0.0,0.0,80,1.0,0.9549359649323077,1.0,0.975,0.9125928440694078,0.9969579138351904,0.975,0.9125928440694078,0.9969579138351904,0.0,0.025000000000000022,0.0,1.0
groundingdino,91604,42041,1,the umpire in white wearing black mask,1,20,5,0,0.028793635331517804,40,40,1.0,0.9119026971211976,1.0,1.0,0.9119026971211976,1.0,1.0,0.9119026971211976,1.0,0.0,0.0,0.0,80,1.0,0.9549359649323077,1.0,0.975,0.9125928440694078,0.9969579138351904,0.975,0.9125928440694078,0.9969579138351904,0.0,0.025000000000000022,0.0,1.0
groundingdino,87248,42422,1,purple girl left,1,20,5,1,0.8987532866085157,5,5,1.0,0.47817624989501856,1.0,0.8,0.2835820638819106,0.9949492366205319,0.8,0.2835820638819106,0.9949492366205319,0.0,0.19999999999999996,0.0,80,1.0,0.9549359649323077,1.0,0.9125,0.8279916615801152,0.9640936410104413,0.9125,0.8279916615801152,0.9640936410104413,0.0,0.08750000000000002,0.0,0.8
groundingdino,87248,42422,1,purple girl left,1,20,5,1,0.8987532866085157,10,10,1.0,0.6915028921812392,1.0,0.9,0.5549838829718046,0.9974714214555382,0.9,0.5549838829718046,0.9974714214555382,0.0,0.09999999999999998,0.0,80,1.0,0.9549359649323077,1.0,0.9125,0.8279916615801152,0.9640936410104413,0.9125,0.8279916615801152,0.9640936410104413,0.0,0.08750000000000002,0.0,0.9
groundingdino,87248,42422,1,purple girl left,1,20,5,1,0.8987532866085157,20,20,1.0,0.8315665290169146,1.0,0.95,0.7512672372279723,0.9987349105020502,0.95,0.7512672372279723,0.9987349105020502,0.0,0.050000000000000044,0.0,80,1.0,0.9549359649323077,1.0,0.9125,0.8279916615801152,0.9640936410104413,0.9125,0.8279916615801152,0.9640936410104413,0.0,0.08750000000000002,0.0,0.95
groundingdino,87248,42422,1,purple girl left,1,20,5,1,0.8987532866085157,40,40,1.0,0.9119026971211976,1.0,0.925,0.796135251267101,0.9842578201489585,0.925,0.796135251267101,0.9842578201489585,0.0,0.07499999999999996,0.0,80,1.0,0.9549359649323077,1.0,0.9125,0.8279916615801152,0.9640936410104413,0.9125,0.8279916615801152,0.9640936410104413,0.0,0.08750000000000002,0.0,0.925
groundingdino,267871,27216,62,empty chair beside gib guy closest to us,1,20,5,1,0.8674444331243262,5,5,1.0,0.47817624989501856,1.0,1.0,0.47817624989501856,1.0,1.0,0.47817624989501856,1.0,0.0,0.0,0.0,80,1.0,0.9549359649323077,1.0,1.0,0.9549359649323077,1.0,1.0,0.9549359649323077,1.0,0.0,0.0,0.0,1.0
groundingdino,267871,27216,62,empty chair beside gib guy closest to us,1,20,5,1,0.8674444331243262,10,10,1.0,0.6915028921812392,1.0,1.0,0.6915028921812392,1.0,1.0,0.6915028921812392,1.0,0.0,0.0,0.0,80,1.0,0.9549359649323077,1.0,1.0,0.9549359649323077,1.0,1.0,0.9549359649323077,1.0,0.0,0.0,0.0,1.0
groundingdino,267871,27216,62,empty chair beside gib guy closest to us,1,20,5,1,0.8674444331243262,20,20,1.0,0.8315665290169146,1.0,0.95,0.7512672372279723,0.9987349105020502,0.95,0.7512672372279723,0.9987349105020502,0.0,0.050000000000000044,0.0,80,1.0,0.9549359649323077,1.0,1.0,0.9549359649323077,1.0,1.0,0.9549359649323077,1.0,0.0,0.0,0.0,0.95
groundingdino,267871,27216,62,empty chair beside gib guy closest to us,1,20,5,1,0.8674444331243262,40,40,1.0,0.9119026971211976,1.0,0.975,0.8684141415172343,0.9993672550679505,0.975,0.8684141415172343,0.9993672550679505,0.0,0.025000000000000022,0.0,80,1.0,0.9549359649323077,1.0,1.0,0.9549359649323077,1.0,1.0,0.9549359649323077,1.0,0.0,0.0,0.0,0.975
groundingdino,428109,13356,52,top third from left banana,1,20,5,0,0.04631759710751204,5,5,1.0,0.47817624989501856,1.0,1.0,0.47817624989501856,1.0,1.0,0.47817624989501856,1.0,0.0,0.0,0.0,80,1.0,0.9549359649323077,1.0,1.0,0.9549359649323077,1.0,1.0,0.9549359649323077,1.0,0.0,0.0,0.0,1.0
groundingdino,428109,13356,52,top third from left banana,1,20,5,0,0.04631759710751204,10,10,1.0,0.6915028921812392,1.0,1.0,0.6915028921812392,1.0,1.0,0.6915028921812392,1.0,0.0,0.0,0.0,80,1.0,0.9549359649323077,1.0,1.0,0.9549359649323077,1.0,1.0,0.9549359649323077,1.0,0.0,0.0,0.0,1.0
groundingdino,428109,13356,52,top third from left banana,1,20,5,0,0.04631759710751204,20,20,1.0,0.8315665290169146,1.0,1.0,0.8315665290169146,1.0,1.0,0.8315665290169146,1.0,0.0,0.0,0.0,80,1.0,0.9549359649323077,1.0,1.0,0.9549359649323077,1.0,1.0,0.9549359649323077,1.0,0.0,0.0,0.0,1.0
groundingdino,428109,13356,52,top third from left banana,1,20,5,0,0.04631759710751204,40,40,1.0,0.9119026971211976,1.0,1.0,0.9119026971211976,1.0,1.0,0.9119026971211976,1.0,0.0,0.0,0.0,80,1.0,0.9549359649323077,1.0,1.0,0.9549359649323077,1.0,1.0,0.9549359649323077,1.0,0.0,0.0,0.0,1.0
groundingdino,568272,1233,24,bigger zebra,1,18,5,0,0.13985079716637375,5,5,1.0,0.47817624989501856,1.0,0.4,0.05274495052631693,0.8533672003653268,0.4,0.05274495052631693,0.8533672003653268,0.0,0.6,0.0,80,1.0,0.9549359649323077,1.0,0.4625,0.35027642653839836,0.5775824719951649,0.4625,0.35027642653839836,0.5775824719951649,0.0,0.5375,0.0,0.4
groundingdino,568272,1233,24,bigger zebra,1,18,5,0,0.13985079716637375,10,10,1.0,0.6915028921812392,1.0,0.6,0.2623780766069451,0.8784477418801728,0.6,0.2623780766069451,0.8784477418801728,0.0,0.4,0.0,80,1.0,0.9549359649323077,1.0,0.4625,0.35027642653839836,0.5775824719951649,0.4625,0.35027642653839836,0.5775824719951649,0.0,0.5375,0.0,0.6
groundingdino,568272,1233,24,bigger zebra,1,18,5,0,0.13985079716637375,20,20,1.0,0.8315665290169146,1.0,0.5,0.27195784956079183,0.7280421504392082,0.5,0.27195784956079183,0.7280421504392082,0.0,0.5,0.0,80,1.0,0.9549359649323077,1.0,0.4625,0.35027642653839836,0.5775824719951649,0.4625,0.35027642653839836,0.5775824719951649,0.0,0.5375,0.0,0.5
groundingdino,568272,1233,24,bigger zebra,1,18,5,0,0.13985079716637375,40,40,1.0,0.9119026971211976,1.0,0.5,0.33801781373723455,0.6619821862627655,0.5,0.33801781373723455,0.6619821862627655,0.0,0.5,0.0,80,1.0,0.9549359649323077,1.0,0.4625,0.35027642653839836,0.5775824719951649,0.4625,0.35027642653839836,0.5775824719951649,0.0,0.5375,0.0,0.5
groundingdino,326092,22161,1,hands,1,20,5,0,0.15648835394681324,5,5,1.0,0.47817624989501856,1.0,0.6,0.14663279963467318,0.9472550494736831,0.6,0.14663279963467318,0.9472550494736831,0.0,0.4,0.0,80,1.0,0.9549359649323077,1.0,0.7875,0.6817141914403442,0.8710635049024182,0.7875,0.6817141914403442,0.8710635049024182,0.0,0.21250000000000002,0.0,0.6
groundingdino,326092,22161,1,hands,1,20,5,0,0.15648835394681324,10,10,1.0,0.6915028921812392,1.0,0.6,0.2623780766069451,0.8784477418801728,0.6,0.2623780766069451,0.8784477418801728,0.0,0.4,0.0,80,1.0,0.9549359649323077,1.0,0.7875,0.6817141914403442,0.8710635049024182,0.7875,0.6817141914403442,0.8710635049024182,0.0,0.21250000000000002,0.0,0.6
groundingdino,326092,22161,1,hands,1,20,5,0,0.15648835394681324,20,20,1.0,0.8315665290169146,1.0,0.75,0.5089541282920425,0.9134285308985653,0.75,0.5089541282920425,0.9134285308985653,0.0,0.25,0.0,80,1.0,0.9549359649323077,1.0,0.7875,0.6817141914403442,0.8710635049024182,0.7875,0.6817141914403442,0.8710635049024182,0.0,0.21250000000000002,0.0,0.75
groundingdino,326092,22161,1,hands,1,20,5,0,0.15648835394681324,40,40,1.0,0.9119026971211976,1.0,0.8,0.6435219813207653,0.9094775906000093,0.8,0.6435219813207653,0.9094775906000093,0.0,0.19999999999999996,0.0,80,1.0,0.9549359649323077,1.0,0.7875,0.6817141914403442,0.8710635049024182,0.7875,0.6817141914403442,0.8710635049024182,0.0,0.21250000000000002,0.0,0.8
groundingdino,198704,33127,3,car closest to us,1,3,3,0,0.0,5,5,0.8,0.2835820638819106,0.9949492366205319,1.0,0.3976353643835254,1.0,0.8,0.2835820638819106,0.9949492366205319,0.19999999999999996,0.0,0.0,80,0.7875,0.6817141914403442,0.8710635049024182,1.0,0.9431276476679837,1.0,0.7875,0.6817141914403442,0.8710635049024182,0.21250000000000002,0.0,0.0,0.8
groundingdino,198704,33127,3,car closest to us,1,3,3,0,0.0,10,10,0.8,0.4439045376923585,0.9747892736731666,1.0,0.6305833524471808,1.0,0.8,0.4439045376923585,0.9747892736731666,0.19999999999999996,0.0,0.0,80,0.7875,0.6817141914403442,0.8710635049024182,1.0,0.9431276476679837,1.0,0.7875,0.6817141914403442,0.8710635049024182,0.21250000000000002,0.0,0.0,0.8
groundingdino,198704,33127,3,car closest to us,1,3,3,0,0.0,20,20,0.8,0.5633859970033317,0.9426660029499673,1.0,0.7940927857921773,1.0,0.8,0.5633859970033317,0.9426660029499673,0.19999999999999996,0.0,0.0,80,0.7875,0.6817141914403442,0.8710635049024182,1.0,0.9431276476679837,1.0,0.7875,0.6817141914403442,0.8710635049024182,0.21250000000000002,0.0,0.0,0.8
groundingdino,198704,33127,3,car closest to us,1,3,3,0,0.0,40,40,0.825,0.6722098666384142,0.9266172706479148,1.0,0.8942371899254207,1.0,0.825,0.6722098666384142,0.9266172706479148,0.17500000000000004,0.0,0.0,80,0.7875,0.6817141914403442,0.8710635049024182,1.0,0.9431276476679837,1.0,0.7875,0.6817141914403442,0.8710635049024182,0.21250000000000002,0.0,0.0,0.825
groundingdino,44437,46237,1,orioles player,1,12,5,1,0.979820682414163,5,5,1.0,0.47817624989501856,1.0,0.8,0.2835820638819106,0.9949492366205319,0.8,0.2835820638819106,0.9949492366205319,0.0,0.19999999999999996,0.0,80,1.0,0.9549359649323077,1.0,0.7375,0.6271491697875681,0.8295907488995917,0.7375,0.6271491697875681,0.8295907488995917,0.0,0.26249999999999996,0.0,0.8
groundingdino,44437,46237,1,orioles player,1,12,5,1,0.979820682414163,10,10,1.0,0.6915028921812392,1.0,0.8,0.4439045376923585,0.9747892736731666,0.8,0.4439045376923585,0.9747892736731666,0.0,0.19999999999999996,0.0,80,1.0,0.9549359649323077,1.0,0.7375,0.6271491697875681,0.8295907488995917,0.7375,0.6271491697875681,0.8295907488995917,0.0,0.26249999999999996,0.0,0.8
groundingdino,44437,46237,1,orioles player,1,12,5,1,0.979820682414163,20,20,1.0,0.8315665290169146,1.0,0.7,0.4572108177237109,0.8810684095942722,0.7,0.4572108177237109,0.8810684095942722,0.0,0.30000000000000004,0.0,80,1.0,0.9549359649323077,1.0,0.7375,0.6271491697875681,0.8295907488995917,0.7375,0.6271491697875681,0.8295907488995917,0.0,0.26249999999999996,0.0,0.7
groundingdino,44437,46237,1,orioles player,1,12,5,1,0.979820682414163,40,40,1.0,0.9119026971211976,1.0,0.625,0.4580147522326109,0.772737277518174,0.625,0.4580147522326109,0.772737277518174,0.0,0.375,0.0,80,1.0,0.9549359649323077,1.0,0.7375,0.6271491697875681,0.8295907488995917,0.7375,0.6271491697875681,0.8295907488995917,0.0,0.26249999999999996,0.0,0.625
groundingdino,344259,20397,55,orange in front of banana,1,20,5,0,0.1983643871220369,5,5,0.8,0.2835820638819106,0.9949492366205319,0.75,0.19412044968324346,0.9936905367902902,0.6,0.14663279963467318,0.9472550494736831,0.19999999999999996,0.2,5.551115123125783e-17,80,0.8875,0.7971534080830098,0.9472484868543125,0.8450704225352113,0.7396750220611356,0.9200391524030307,0.75,0.64063652409315,0.8401203554931442,0.11250000000000004,0.1375,5.551115123125783e-17,0.6
groundingdino,344259,20397,55,orange in front of banana,1,20,5,0,0.1983643871220369,10,10,0.8,0.4439045376923585,0.9747892736731666,0.75,0.34914420558717585,0.9681459737500557,0.6,0.2623780766069451,0.8784477418801728,0.19999999999999996,0.2,5.551115123125783e-17,80,0.8875,0.7971534080830098,0.9472484868543125,0.8450704225352113,0.7396750220611356,0.9200391524030307,0.75,0.64063652409315,0.8401203554931442,0.11250000000000004,0.1375,5.551115123125783e-17,0.6
groundingdino,344259,20397,55,orange in front of banana,1,20,5,0,0.1983643871220369,20,20,0.85,0.6210731734546859,0.9679290628145363,0.8235294117647058,0.565682127155716,0.962014931929374,0.7,0.4572108177237109,0.8810684095942722,0.15000000000000002,0.15000000000000002,0.0,80,0.8875,0.7971534080830098,0.9472484868543125,0.8450704225352113,0.7396750220611356,0.9200391524030307,0.75,0.64063652409315,0.8401203554931442,0.11250000000000004,0.1375,5.551115123125783e-17,0.7
groundingdino,344259,20397,55,orange in front of banana,1,20,5,0,0.1983643871220369,40,40,0.825,0.6722098666384142,0.9266172706479148,0.8181818181818182,0.6453994405497312,0.9302121163336899,0.675,0.5087051245215516,0.8142710332366501,0.17500000000000004,0.14999999999999994,2.7755575615628914e-17,80,0.8875,0.7971534080830098,0.9472484868543125,0.8450704225352113,0.7396750220611356,0.9200391524030307,0.75,0.64063652409315,0.8401203554931442,0.11250000000000004,0.1375,5.551115123125783e-17,0.675
groundingdino,184761,34263,21,light cow on left no baby,1,20,5,0,0.12293638644445343,5,5,1.0,0.47817624989501856,1.0,1.0,0.47817624989501856,1.0,1.0,0.47817624989501856,1.0,0.0,0.0,0.0,80,1.0,0.9549359649323077,1.0,1.0,0.9549359649323077,1.0,1.0,0.9549359649323077,1.0,0.0,0.0,0.0,1.0
groundingdino,184761,34263,21,light cow on left no baby,1,20,5,0,0.12293638644445343,10,10,1.0,0.6915028921812392,1.0,1.0,0.6915028921812392,1.0,1.0,0.6915028921812392,1.0,0.0,0.0,0.0,80,1.0,0.9549359649323077,1.0,1.0,0.9549359649323077,1.0,1.0,0.9549359649323077,1.0,0.0,0.0,0.0,1.0
groundingdino,184761,34263,21,light cow on left no baby,1,20,5,0,0.12293638644445343,20,20,1.0,0.8315665290169146,1.0,1.0,0.8315665290169146,1.0,1.0,0.8315665290169146,1.0,0.0,0.0,0.0,80,1.0,0.9549359649323077,1.0,1.0,0.9549359649323077,1.0,1.0,0.9549359649323077,1.0,0.0,0.0,0.0,1.0
groundingdino,184761,34263,21,light cow on left no baby,1,20,5,0,0.12293638644445343,40,40,1.0,0.9119026971211976,1.0,1.0,0.9119026971211976,1.0,1.0,0.9119026971211976,1.0,0.0,0.0,0.0,80,1.0,0.9549359649323077,1.0,1.0,0.9549359649323077,1.0,1.0,0.9549359649323077,1.0,0.0,0.0,0.0,1.0
groundingdino,121938,39529,1,woman on left in front ooking at camera or phone with black shirt on,1,20,5,0,0.0,5,5,1.0,0.47817624989501856,1.0,1.0,0.47817624989501856,1.0,1.0,0.47817624989501856,1.0,0.0,0.0,0.0,80,1.0,0.9549359649323077,1.0,1.0,0.9549359649323077,1.0,1.0,0.9549359649323077,1.0,0.0,0.0,0.0,1.0
groundingdino,121938,39529,1,woman on left in front ooking at camera or phone with black shirt on,1,20,5,0,0.0,10,10,1.0,0.6915028921812392,1.0,1.0,0.6915028921812392,1.0,1.0,0.6915028921812392,1.0,0.0,0.0,0.0,80,1.0,0.9549359649323077,1.0,1.0,0.9549359649323077,1.0,1.0,0.9549359649323077,1.0,0.0,0.0,0.0,1.0
groundingdino,121938,39529,1,woman on left in front ooking at camera or phone with black shirt on,1,20,5,0,0.0,20,20,1.0,0.8315665290169146,1.0,1.0,0.8315665290169146,1.0,1.0,0.8315665290169146,1.0,0.0,0.0,0.0,80,1.0,0.9549359649323077,1.0,1.0,0.9549359649323077,1.0,1.0,0.9549359649323077,1.0,0.0,0.0,0.0,1.0
groundingdino,121938,39529,1,woman on left in front ooking at camera or phone with black shirt on,1,20,5,0,0.0,40,40,1.0,0.9119026971211976,1.0,1.0,0.9119026971211976,1.0,1.0,0.9119026971211976,1.0,0.0,0.0,0.0,80,1.0,0.9549359649323077,1.0,1.0,0.9549359649323077,1.0,1.0,0.9549359649323077,1.0,0.0,0.0,0.0,1.0
groundingdino,278055,26436,1,right kid,1,20,5,0,0.0,5,5,0.8,0.2835820638819106,0.9949492366205319,1.0,0.3976353643835254,1.0,0.8,0.2835820638819106,0.9949492366205319,0.19999999999999996,0.0,0.0,80,0.8,0.6956311329945355,0.8811409135950147,0.984375,0.9159896735656463,0.9996044874859493,0.7875,0.6817141914403442,0.8710635049024182,0.19999999999999996,0.0125,6.591949208711867e-17,0.8
groundingdino,278055,26436,1,right kid,1,20,5,0,0.0,10,10,0.7,0.34754714994000274,0.9332604888222655,1.0,0.5903836027749967,1.0,0.7,0.34754714994000274,0.9332604888222655,0.30000000000000004,0.0,0.0,80,0.8,0.6956311329945355,0.8811409135950147,0.984375,0.9159896735656463,0.9996044874859493,0.7875,0.6817141914403442,0.8710635049024182,0.19999999999999996,0.0125,6.591949208711867e-17,0.7
groundingdino,278055,26436,1,right kid,1,20,5,0,0.0,20,20,0.65,0.4078114654671719,0.8460907952154588,1.0,0.752947361999529,1.0,0.65,0.4078114654671719,0.8460907952154588,0.35,0.0,0.0,80,0.8,0.6956311329945355,0.8811409135950147,0.984375,0.9159896735656463,0.9996044874859493,0.7875,0.6817141914403442,0.8710635049024182,0.19999999999999996,0.0125,6.591949208711867e-17,0.65
groundingdino,278055,26436,1,right kid,1,20,5,0,0.0,40,40,0.725,0.5611170928209519,0.8539910080361344,1.0,0.8805551309304973,1.0,0.725,0.5611170928209519,0.8539910080361344,0.275,0.0,0.0,80,0.8,0.6956311329945355,0.8811409135950147,0.984375,0.9159896735656463,0.9996044874859493,0.7875,0.6817141914403442,0.8710635049024182,0.19999999999999996,0.0125,6.591949208711867e-17,0.725
groundingdino,78322,43190,1,second player from right,1,20,5,0,0.0,5,5,1.0,0.47817624989501856,1.0,1.0,0.47817624989501856,1.0,1.0,0.47817624989501856,1.0,0.0,0.0,0.0,80,1.0,0.9549359649323077,1.0,0.775,0.6679136799387491,0.8608627895010682,0.775,0.6679136799387491,0.8608627895010682,0.0,0.22499999999999998,0.0,1.0
groundingdino,78322,43190,1,second player from right,1,20,5,0,0.0,10,10,1.0,0.6915028921812392,1.0,0.9,0.5549838829718046,0.9974714214555382,0.9,0.5549838829718046,0.9974714214555382,0.0,0.09999999999999998,0.0,80,1.0,0.9549359649323077,1.0,0.775,0.6679136799387491,0.8608627895010682,0.775,0.6679136799387491,0.8608627895010682,0.0,0.22499999999999998,0.0,0.9
groundingdino,78322,43190,1,second player from right,1,20,5,0,0.0,20,20,1.0,0.8315665290169146,1.0,0.8,0.5633859970033317,0.9426660029499673,0.8,0.5633859970033317,0.9426660029499673,0.0,0.19999999999999996,0.0,80,1.0,0.9549359649323077,1.0,0.775,0.6679136799387491,0.8608627895010682,0.775,0.6679136799387491,0.8608627895010682,0.0,0.22499999999999998,0.0,0.8
groundingdino,78322,43190,1,second player from right,1,20,5,0,0.0,40,40,1.0,0.9119026971211976,1.0,0.775,0.6154883226965773,0.891603361015928,0.775,0.6154883226965773,0.891603361015928,0.0,0.22499999999999998,0.0,80,1.0,0.9549359649323077,1.0,0.775,0.6679136799387491,0.8608627895010682,0.775,0.6679136799387491,0.8608627895010682,0.0,0.22499999999999998,0.0,0.775
groundingdino,218984,31421,86,vase with flowers second from right,1,20,5,1,0.958341060267188,5,5,1.0,0.47817624989501856,1.0,1.0,0.47817624989501856,1.0,1.0,0.47817624989501856,1.0,0.0,0.0,0.0,80,1.0,0.9549359649323077,1.0,1.0,0.9549359649323077,1.0,1.0,0.9549359649323077,1.0,0.0,0.0,0.0,1.0
groundingdino,218984,31421,86,vase with flowers second from right,1,20,5,1,0.958341060267188,10,10,1.0,0.6915028921812392,1.0,1.0,0.6915028921812392,1.0,1.0,0.6915028921812392,1.0,0.0,0.0,0.0,80,1.0,0.9549359649323077,1.0,1.0,0.9549359649323077,1.0,1.0,0.9549359649323077,1.0,0.0,0.0,0.0,1.0
groundingdino,218984,31421,86,vase with flowers second from right,1,20,5,1,0.958341060267188,20,20,1.0,0.8315665290169146,1.0,1.0,0.8315665290169146,1.0,1.0,0.8315665290169146,1.0,0.0,0.0,0.0,80,1.0,0.9549359649323077,1.0,1.0,0.9549359649323077,1.0,1.0,0.9549359649323077,1.0,0.0,0.0,0.0,1.0
groundingdino,218984,31421,86,vase with flowers second from right,1,20,5,1,0.958341060267188,40,40,1.0,0.9119026971211976,1.0,1.0,0.9119026971211976,1.0,1.0,0.9119026971211976,1.0,0.0,0.0,0.0,80,1.0,0.9549359649323077,1.0,1.0,0.9549359649323077,1.0,1.0,0.9549359649323077,1.0,0.0,0.0,0.0,1.0
groundingdino,276666,26566,25,left giraffe,1,12,5,0,0.0,5,5,1.0,0.47817624989501856,1.0,1.0,0.47817624989501856,1.0,1.0,0.47817624989501856,1.0,0.0,0.0,0.0,80,0.8125,0.7096721043523089,0.8910863118524706,0.9692307692307692,0.893229679425601,0.9962517377804871,0.7875,0.6817141914403442,0.8710635049024182,0.1875,0.025,2.0816681711721685e-17,1.0
groundingdino,276666,26566,25,left giraffe,1,12,5,0,0.0,10,10,0.9,0.5549838829718046,0.9974714214555382,1.0,0.6637328831200572,1.0,0.9,0.5549838829718046,0.9974714214555382,0.09999999999999998,0.0,0.0,80,0.8125,0.7096721043523089,0.8910863118524706,0.9692307692307692,0.893229679425601,0.9962517377804871,0.7875,0.6817141914403442,0.8710635049024182,0.1875,0.025,2.0816681711721685e-17,0.9
groundingdino,276666,26566,25,left giraffe,1,12,5,0,0.0,20,20,0.95,0.7512672372279723,0.9987349105020502,1.0,0.8235330881930346,1.0,0.95,0.7512672372279723,0.9987349105020502,0.050000000000000044,0.0,0.0,80,0.8125,0.7096721043523089,0.8910863118524706,0.9692307692307692,0.893229679425601,0.9962517377804871,0.7875,0.6817141914403442,0.8710635049024182,0.1875,0.025,2.0816681711721685e-17,0.95
groundingdino,276666,26566,25,left giraffe,1,12,5,0,0.0,40,40,0.95,0.8308031360405824,0.9938863534006491,0.9736842105263158,0.8619009702075799,0.9993339637957976,0.925,0.796135251267101,0.9842578201489585,0.050000000000000044,0.02499999999999997,5.898059818321144e-17,80,0.8125,0.7096721043523089,0.8910863118524706,0.9692307692307692,0.893229679425601,0.9962517377804871,0.7875,0.6817141914403442,0.8710635049024182,0.1875,0.025,2.0816681711721685e-17,0.925
groundingdino,35045,47025,84,paper bottom right,1,20,5,0,0.00566720675925575,5,5,1.0,0.47817624989501856,1.0,0.6,0.14663279963467318,0.9472550494736831,0.6,0.14663279963467318,0.9472550494736831,0.0,0.4,0.0,80,0.9,0.8124348925365684,0.955829059846371,0.8194444444444444,0.7110565915970717,0.9002064918471038,0.7375,0.6271491697875681,0.8295907488995917,0.09999999999999998,0.16250000000000003,5.551115123125783e-17,0.6
groundingdino,35045,47025,84,paper bottom right,1,20,5,0,0.00566720675925575,10,10,1.0,0.6915028921812392,1.0,0.7,0.34754714994000274,0.9332604888222655,0.7,0.34754714994000274,0.9332604888222655,0.0,0.30000000000000004,0.0,80,0.9,0.8124348925365684,0.955829059846371,0.8194444444444444,0.7110565915970717,0.9002064918471038,0.7375,0.6271491697875681,0.8295907488995917,0.09999999999999998,0.16250000000000003,5.551115123125783e-17,0.7
groundingdino,35045,47025,84,paper bottom right,1,20,5,0,0.00566720675925575,20,20,1.0,0.8315665290169146,1.0,0.65,0.4078114654671719,0.8460907952154588,0.65,0.4078114654671719,0.8460907952154588,0.0,0.35,0.0,80,0.9,0.8124348925365684,0.955829059846371,0.8194444444444444,0.7110565915970717,0.9002064918471038,0.7375,0.6271491697875681,0.8295907488995917,0.09999999999999998,0.16250000000000003,5.551115123125783e-17,0.65
groundingdino,35045,47025,84,paper bottom right,1,20,5,0,0.00566720675925575,40,40,0.95,0.8308031360405824,0.9938863534006491,0.7105263157894737,0.5409679330757076,0.8457537132120901,0.675,0.5087051245215516,0.8142710332366501,0.050000000000000044,0.275,1.1102230246251565e-16,80,0.9,0.8124348925365684,0.955829059846371,0.8194444444444444,0.7110565915970717,0.9002064918471038,0.7375,0.6271491697875681,0.8295907488995917,0.09999999999999998,0.16250000000000003,5.551115123125783e-17,0.675
groundingdino,339453,20824,8,truck in middle,1,20,5,1,0.9764903047294372,5,5,1.0,0.47817624989501856,1.0,1.0,0.47817624989501856,1.0,1.0,0.47817624989501856,1.0,0.0,0.0,0.0,80,1.0,0.9549359649323077,1.0,1.0,0.9549359649323077,1.0,1.0,0.9549359649323077,1.0,0.0,0.0,0.0,1.0
groundingdino,339453,20824,8,truck in middle,1,20,5,1,0.9764903047294372,10,10,1.0,0.6915028921812392,1.0,1.0,0.6915028921812392,1.0,1.0,0.6915028921812392,1.0,0.0,0.0,0.0,80,1.0,0.9549359649323077,1.0,1.0,0.9549359649323077,1.0,1.0,0.9549359649323077,1.0,0.0,0.0,0.0,1.0
groundingdino,339453,20824,8,truck in middle,1,20,5,1,0.9764903047294372,20,20,1.0,0.8315665290169146,1.0,1.0,0.8315665290169146,1.0,1.0,0.8315665290169146,1.0,0.0,0.0,0.0,80,1.0,0.9549359649323077,1.0,1.0,0.9549359649323077,1.0,1.0,0.9549359649323077,1.0,0.0,0.0,0.0,1.0
groundingdino,339453,20824,8,truck in middle,1,20,5,1,0.9764903047294372,40,40,1.0,0.9119026971211976,1.0,1.0,0.9119026971211976,1.0,1.0,0.9119026971211976,1.0,0.0,0.0,0.0,80,1.0,0.9549359649323077,1.0,1.0,0.9549359649323077,1.0,1.0,0.9549359649323077,1.0,0.0,0.0,0.0,1.0
groundingdino,13318,48934,1,lady left brown purse,1,20,5,1,0.9610949481802548,5,5,1.0,0.47817624989501856,1.0,1.0,0.47817624989501856,1.0,1.0,0.47817624989501856,1.0,0.0,0.0,0.0,80,0.9875,0.9323122155360776,0.9996835774723672,1.0,0.9543787472413889,1.0,0.9875,0.9323122155360776,0.9996835774723672,0.012499999999999956,0.0,0.0,1.0
groundingdino,13318,48934,1,lady left brown purse,1,20,5,1,0.9610949481802548,10,10,1.0,0.6915028921812392,1.0,1.0,0.6915028921812392,1.0,1.0,0.6915028921812392,1.0,0.0,0.0,0.0,80,0.9875,0.9323122155360776,0.9996835774723672,1.0,0.9543787472413889,1.0,0.9875,0.9323122155360776,0.9996835774723672,0.012499999999999956,0.0,0.0,1.0
groundingdino,13318,48934,1,lady left brown purse,1,20,5,1,0.9610949481802548,20,20,1.0,0.8315665290169146,1.0,1.0,0.8315665290169146,1.0,1.0,0.8315665290169146,1.0,0.0,0.0,0.0,80,0.9875,0.9323122155360776,0.9996835774723672,1.0,0.9543787472413889,1.0,0.9875,0.9323122155360776,0.9996835774723672,0.012499999999999956,0.0,0.0,1.0
groundingdino,13318,48934,1,lady left brown purse,1,20,5,1,0.9610949481802548,40,40,1.0,0.9119026971211976,1.0,1.0,0.9119026971211976,1.0,1.0,0.9119026971211976,1.0,0.0,0.0,0.0,80,0.9875,0.9323122155360776,0.9996835774723672,1.0,0.9543787472413889,1.0,0.9875,0.9323122155360776,0.9996835774723672,0.012499999999999956,0.0,0.0,1.0
groundingdino,50994,45612,24,left bottom,1,20,5,1,0.9737601619180574,5,5,1.0,0.47817624989501856,1.0,0.4,0.05274495052631693,0.8533672003653268,0.4,0.05274495052631693,0.8533672003653268,0.0,0.6,0.0,80,1.0,0.9549359649323077,1.0,0.675,0.5610629543955516,0.7755404148225468,0.675,0.5610629543955516,0.7755404148225468,0.0,0.32499999999999996,0.0,0.4
groundingdino,50994,45612,24,left bottom,1,20,5,1,0.9737601619180574,10,10,1.0,0.6915028921812392,1.0,0.6,0.2623780766069451,0.8784477418801728,0.6,0.2623780766069451,0.8784477418801728,0.0,0.4,0.0,80,1.0,0.9549359649323077,1.0,0.675,0.5610629543955516,0.7755404148225468,0.675,0.5610629543955516,0.7755404148225468,0.0,0.32499999999999996,0.0,0.6
groundingdino,50994,45612,24,left bottom,1,20,5,1,0.9737601619180574,20,20,1.0,0.8315665290169146,1.0,0.65,0.4078114654671719,0.8460907952154588,0.65,0.4078114654671719,0.8460907952154588,0.0,0.35,0.0,80,1.0,0.9549359649323077,1.0,0.675,0.5610629543955516,0.7755404148225468,0.675,0.5610629543955516,0.7755404148225468,0.0,0.32499999999999996,0.0,0.65
groundingdino,50994,45612,24,left bottom,1,20,5,1,0.9737601619180574,40,40,1.0,0.9119026971211976,1.0,0.675,0.5087051245215516,0.8142710332366501,0.675,0.5087051245215516,0.8142710332366501,0.0,0.32499999999999996,0.0,80,1.0,0.9549359649323077,1.0,0.675,0.5610629543955516,0.7755404148225468,0.675,0.5610629543955516,0.7755404148225468,0.0,0.32499999999999996,0.0,0.675
groundingdino,542452,3480,1,blue shirt bottom left,1,20,5,0,0.0,5,5,0.8,0.2835820638819106,0.9949492366205319,1.0,0.3976353643835254,1.0,0.8,0.2835820638819106,0.9949492366205319,0.19999999999999996,0.0,0.0,80,0.9,0.8124348925365684,0.955829059846371,1.0,0.9500559162941453,1.0,0.9,0.8124348925365684,0.955829059846371,0.09999999999999998,0.0,0.0,0.8
groundingdino,542452,3480,1,blue shirt bottom left,1,20,5,0,0.0,10,10,0.9,0.5549838829718046,0.9974714214555382,1.0,0.6637328831200572,1.0,0.9,0.5549838829718046,0.9974714214555382,0.09999999999999998,0.0,0.0,80,0.9,0.8124348925365684,0.955829059846371,1.0,0.9500559162941453,1.0,0.9,0.8124348925365684,0.955829059846371,0.09999999999999998,0.0,0.0,0.9
groundingdino,542452,3480,1,blue shirt bottom left,1,20,5,0,0.0,20,20,0.95,0.7512672372279723,0.9987349105020502,1.0,0.8235330881930346,1.0,0.95,0.7512672372279723,0.9987349105020502,0.050000000000000044,0.0,0.0,80,0.9,0.8124348925365684,0.955829059846371,1.0,0.9500559162941453,1.0,0.9,0.8124348925365684,0.955829059846371,0.09999999999999998,0.0,0.0,0.95
groundingdino,542452,3480,1,blue shirt bottom left,1,20,5,0,0.0,40,40,0.975,0.8684141415172343,0.9993672550679505,1.0,0.9097488990396657,1.0,0.975,0.8684141415172343,0.9993672550679505,0.025000000000000022,0.0,0.0,80,0.9,0.8124348925365684,0.955829059846371,1.0,0.9500559162941453,1.0,0.9,0.8124348925365684,0.955829059846371,0.09999999999999998,0.0,0.0,0.975
groundingdino,274667,26715,4,bike in the background top left,1,20,5,0,0.07658533331684408,5,5,1.0,0.47817624989501856,1.0,1.0,0.47817624989501856,1.0,1.0,0.47817624989501856,1.0,0.0,0.0,0.0,80,0.925,0.8438720682639279,0.9719794538231588,1.0,0.9513723837620105,1.0,0.925,0.8438720682639279,0.9719794538231588,0.07499999999999996,0.0,0.0,1.0
groundingdino,274667,26715,4,bike in the background top left,1,20,5,0,0.07658533331684408,10,10,1.0,0.6915028921812392,1.0,1.0,0.6915028921812392,1.0,1.0,0.6915028921812392,1.0,0.0,0.0,0.0,80,0.925,0.8438720682639279,0.9719794538231588,1.0,0.9513723837620105,1.0,0.925,0.8438720682639279,0.9719794538231588,0.07499999999999996,0.0,0.0,1.0
groundingdino,274667,26715,4,bike in the background top left,1,20,5,0,0.07658533331684408,20,20,1.0,0.8315665290169146,1.0,1.0,0.8315665290169146,1.0,1.0,0.8315665290169146,1.0,0.0,0.0,0.0,80,0.925,0.8438720682639279,0.9719794538231588,1.0,0.9513723837620105,1.0,0.925,0.8438720682639279,0.9719794538231588,0.07499999999999996,0.0,0.0,1.0
groundingdino,274667,26715,4,bike in the background top left,1,20,5,0,0.07658533331684408,40,40,0.975,0.8684141415172343,0.9993672550679505,1.0,0.9097488990396657,1.0,0.975,0.8684141415172343,0.9993672550679505,0.025000000000000022,0.0,0.0,80,0.925,0.8438720682639279,0.9719794538231588,1.0,0.9513723837620105,1.0,0.925,0.8438720682639279,0.9719794538231588,0.07499999999999996,0.0,0.0,0.975
groundingdino,488127,8164,1,man in hat on the right next to guy in white shirt,1,20,5,1,0.7907092302465899,5,5,1.0,0.47817624989501856,1.0,1.0,0.47817624989501856,1.0,1.0,0.47817624989501856,1.0,0.0,0.0,0.0,80,0.95,0.876901263556847,0.9862106060235382,0.9868421052631579,0.9288563087482808,0.999666926428897,0.9375,0.8601429247023609,0.9793969276979898,0.050000000000000044,0.012500000000000039,8.326672684688674e-17,1.0
groundingdino,488127,8164,1,man in hat on the right next to guy in white shirt,1,20,5,1,0.7907092302465899,10,10,0.9,0.5549838829718046,0.9974714214555382,1.0,0.6637328831200572,1.0,0.9,0.5549838829718046,0.9974714214555382,0.09999999999999998,0.0,0.0,80,0.95,0.876901263556847,0.9862106060235382,0.9868421052631579,0.9288563087482808,0.999666926428897,0.9375,0.8601429247023609,0.9793969276979898,0.050000000000000044,0.012500000000000039,8.326672684688674e-17,0.9
groundingdino,488127,8164,1,man in hat on the right next to guy in white shirt,1,20,5,1,0.7907092302465899,20,20,0.9,0.6830172859809176,0.9876514728297052,1.0,0.8146980318621478,1.0,0.9,0.6830172859809176,0.9876514728297052,0.09999999999999998,0.0,0.0,80,0.95,0.876901263556847,0.9862106060235382,0.9868421052631579,0.9288563087482808,0.999666926428897,0.9375,0.8601429247023609,0.9793969276979898,0.050000000000000044,0.012500000000000039,8.326672684688674e-17,0.9
groundingdino,488127,8164,1,man in hat on the right next to guy in white shirt,1,20,5,1,0.7907092302465899,40,40,0.95,0.8308031360405824,0.9938863534006491,1.0,0.9074872385841217,1.0,0.95,0.8308031360405824,0.9938863534006491,0.050000000000000044,0.0,0.0,80,0.95,0.876901263556847,0.9862106060235382,0.9868421052631579,0.9288563087482808,0.999666926428897,0.9375,0.8601429247023609,0.9793969276979898,0.050000000000000044,0.012500000000000039,8.326672684688674e-17,0.95
groundingdino,53601,45386,1,right boy,1,20,5,1,0.9815500991427245,5,5,1.0,0.47817624989501856,1.0,1.0,0.47817624989501856,1.0,1.0,0.47817624989501856,1.0,0.0,0.0,0.0,80,0.9875,0.9323122155360776,0.9996835774723672,1.0,0.9543787472413889,1.0,0.9875,0.9323122155360776,0.9996835774723672,0.012499999999999956,0.0,0.0,1.0
groundingdino,53601,45386,1,right boy,1,20,5,1,0.9815500991427245,10,10,1.0,0.6915028921812392,1.0,1.0,0.6915028921812392,1.0,1.0,0.6915028921812392,1.0,0.0,0.0,0.0,80,0.9875,0.9323122155360776,0.9996835774723672,1.0,0.9543787472413889,1.0,0.9875,0.9323122155360776,0.9996835774723672,0.012499999999999956,0.0,0.0,1.0
groundingdino,53601,45386,1,right boy,1,20,5,1,0.9815500991427245,20,20,1.0,0.8315665290169146,1.0,1.0,0.8315665290169146,1.0,1.0,0.8315665290169146,1.0,0.0,0.0,0.0,80,0.9875,0.9323122155360776,0.9996835774723672,1.0,0.9543787472413889,1.0,0.9875,0.9323122155360776,0.9996835774723672,0.012499999999999956,0.0,0.0,1.0
groundingdino,53601,45386,1,right boy,1,20,5,1,0.9815500991427245,40,40,1.0,0.9119026971211976,1.0,1.0,0.9119026971211976,1.0,1.0,0.9119026971211976,1.0,0.0,0.0,0.0,80,0.9875,0.9323122155360776,0.9996835774723672,1.0,0.9543787472413889,1.0,0.9875,0.9323122155360776,0.9996835774723672,0.012499999999999956,0.0,0.0,1.0
groundingdino,540464,3642,52,right bannana on cluster,1,20,5,1,0.7604950487885923,5,5,1.0,0.47817624989501856,1.0,0.2,0.005050763379468061,0.7164179361180893,0.2,0.005050763379468061,0.7164179361180893,0.0,0.8,0.0,80,0.875,0.7821108659305637,0.9383979034415657,0.5714285714285714,0.44748710681153586,0.6891320818963957,0.5,0.38604788336490925,0.6139521166350907,0.125,0.375,0.0,0.2
groundingdino,540464,3642,52,right bannana on cluster,1,20,5,1,0.7604950487885923,10,10,1.0,0.6915028921812392,1.0,0.4,0.1215522581198272,0.7376219233930549,0.4,0.1215522581198272,0.7376219233930549,0.0,0.6,0.0,80,0.875,0.7821108659305637,0.9383979034415657,0.5714285714285714,0.44748710681153586,0.6891320818963957,0.5,0.38604788336490925,0.6139521166350907,0.125,0.375,0.0,0.4
groundingdino,540464,3642,52,right bannana on cluster,1,20,5,1,0.7604950487885923,20,20,0.95,0.7512672372279723,0.9987349105020502,0.5263157894736842,0.28864324791699886,0.7555253105338039,0.5,0.27195784956079183,0.7280421504392082,0.050000000000000044,0.45,5.551115123125783e-17,80,0.875,0.7821108659305637,0.9383979034415657,0.5714285714285714,0.44748710681153586,0.6891320818963957,0.5,0.38604788336490925,0.6139521166350907,0.125,0.375,0.0,0.5
groundingdino,540464,3642,52,right bannana on cluster,1,20,5,1,0.7604950487885923,40,40,0.95,0.8308031360405824,0.9938863534006491,0.5526315789473685,0.38299075116428966,0.7137585009994039,0.525,0.36128013526406216,0.6848802933650138,0.050000000000000044,0.42499999999999993,0.0,80,0.875,0.7821108659305637,0.9383979034415657,0.5714285714285714,0.44748710681153586,0.6891320818963957,0.5,0.38604788336490925,0.6139521166350907,0.125,0.375,0.0,0.525
groundingdino,406988,15206,25,left gir,1,5,3,0,0.13360862646807992,5,5,1.0,0.47817624989501856,1.0,1.0,0.47817624989501856,1.0,1.0,0.47817624989501856,1.0,0.0,0.0,0.0,80,1.0,0.9549359649323077,1.0,1.0,0.9549359649323077,1.0,1.0,0.9549359649323077,1.0,0.0,0.0,0.0,1.0
groundingdino,406988,15206,25,left gir,1,5,3,0,0.13360862646807992,10,10,1.0,0.6915028921812392,1.0,1.0,0.6915028921812392,1.0,1.0,0.6915028921812392,1.0,0.0,0.0,0.0,80,1.0,0.9549359649323077,1.0,1.0,0.9549359649323077,1.0,1.0,0.9549359649323077,1.0,0.0,0.0,0.0,1.0
groundingdino,406988,15206,25,left gir,1,5,3,0,0.13360862646807992,20,20,1.0,0.8315665290169146,1.0,1.0,0.8315665290169146,1.0,1.0,0.8315665290169146,1.0,0.0,0.0,0.0,80,1.0,0.9549359649323077,1.0,1.0,0.9549359649323077,1.0,1.0,0.9549359649323077,1.0,0.0,0.0,0.0,1.0
groundingdino,406988,15206,25,left gir,1,5,3,0,0.13360862646807992,40,40,1.0,0.9119026971211976,1.0,1.0,0.9119026971211976,1.0,1.0,0.9119026971211976,1.0,0.0,0.0,0.0,80,1.0,0.9549359649323077,1.0,1.0,0.9549359649323077,1.0,1.0,0.9549359649323077,1.0,0.0,0.0,0.0,1.0
groundingdino,376454,17844,67,table,1,20,5,1,0.9024137737815132,5,5,1.0,0.47817624989501856,1.0,1.0,0.47817624989501856,1.0,1.0,0.47817624989501856,1.0,0.0,0.0,0.0,80,1.0,0.9549359649323077,1.0,1.0,0.9549359649323077,1.0,1.0,0.9549359649323077,1.0,0.0,0.0,0.0,1.0
groundingdino,376454,17844,67,table,1,20,5,1,0.9024137737815132,10,10,1.0,0.6915028921812392,1.0,1.0,0.6915028921812392,1.0,1.0,0.6915028921812392,1.0,0.0,0.0,0.0,80,1.0,0.9549359649323077,1.0,1.0,0.9549359649323077,1.0,1.0,0.9549359649323077,1.0,0.0,0.0,0.0,1.0
groundingdino,376454,17844,67,table,1,20,5,1,0.9024137737815132,20,20,1.0,0.8315665290169146,1.0,1.0,0.8315665290169146,1.0,1.0,0.8315665290169146,1.0,0.0,0.0,0.0,80,1.0,0.9549359649323077,1.0,1.0,0.9549359649323077,1.0,1.0,0.9549359649323077,1.0,0.0,0.0,0.0,1.0
groundingdino,376454,17844,67,table,1,20,5,1,0.9024137737815132,40,40,1.0,0.9119026971211976,1.0,1.0,0.9119026971211976,1.0,1.0,0.9119026971211976,1.0,0.0,0.0,0.0,80,1.0,0.9549359649323077,1.0,1.0,0.9549359649323077,1.0,1.0,0.9549359649323077,1.0,0.0,0.0,0.0,1.0
groundingdino,128136,38935,22,the elephant to the right back by himself,1,20,5,1,0.940835171468556,5,5,1.0,0.47817624989501856,1.0,1.0,0.47817624989501856,1.0,1.0,0.47817624989501856,1.0,0.0,0.0,0.0,80,1.0,0.9549359649323077,1.0,1.0,0.9549359649323077,1.0,1.0,0.9549359649323077,1.0,0.0,0.0,0.0,1.0
groundingdino,128136,38935,22,the elephant to the right back by himself,1,20,5,1,0.940835171468556,10,10,1.0,0.6915028921812392,1.0,1.0,0.6915028921812392,1.0,1.0,0.6915028921812392,1.0,0.0,0.0,0.0,80,1.0,0.9549359649323077,1.0,1.0,0.9549359649323077,1.0,1.0,0.9549359649323077,1.0,0.0,0.0,0.0,1.0
groundingdino,128136,38935,22,the elephant to the right back by himself,1,20,5,1,0.940835171468556,20,20,1.0,0.8315665290169146,1.0,1.0,0.8315665290169146,1.0,1.0,0.8315665290169146,1.0,0.0,0.0,0.0,80,1.0,0.9549359649323077,1.0,1.0,0.9549359649323077,1.0,1.0,0.9549359649323077,1.0,0.0,0.0,0.0,1.0
groundingdino,128136,38935,22,the elephant to the right back by himself,1,20,5,1,0.940835171468556,40,40,1.0,0.9119026971211976,1.0,1.0,0.9119026971211976,1.0,1.0,0.9119026971211976,1.0,0.0,0.0,0.0,80,1.0,0.9549359649323077,1.0,1.0,0.9549359649323077,1.0,1.0,0.9549359649323077,1.0,0.0,0.0,0.0,1.0
groundingdino,191068,33728,67,candles bottom,1,20,5,0,0.0,5,5,0.6,0.14663279963467318,0.9472550494736831,1.0,0.29240177382128674,1.0,0.6,0.14663279963467318,0.9472550494736831,0.4,0.0,0.0,80,0.7,0.587240676918624,0.7974260708533272,0.8214285714285714,0.6960283930577571,0.910899046786023,0.575,0.4593888114309382,0.6848902345476577,0.30000000000000004,0.12500000000000003,2.7755575615628914e-17,0.6
groundingdino,191068,33728,67,candles bottom,1,20,5,0,0.0,10,10,0.5,0.18708602844739855,0.8129139715526015,1.0,0.47817624989501856,1.0,0.5,0.18708602844739855,0.8129139715526015,0.5,0.0,0.0,80,0.7,0.587240676918624,0.7974260708533272,0.8214285714285714,0.6960283930577571,0.910899046786023,0.575,0.4593888114309382,0.6848902345476577,0.30000000000000004,0.12500000000000003,2.7755575615628914e-17,0.5
groundingdino,191068,33728,67,candles bottom,1,20,5,0,0.0,20,20,0.55,0.3152781330405486,0.7694221032240758,0.9090909090909091,0.5872200830116173,0.9977010277861857,0.5,0.27195784956079183,0.7280421504392082,0.44999999999999996,0.050000000000000024,2.0816681711721685e-17,80,0.7,0.587240676918624,0.7974260708533272,0.8214285714285714,0.6960283930577571,0.910899046786023,0.575,0.4593888114309382,0.6848902345476577,0.30000000000000004,0.12500000000000003,2.7755575615628914e-17,0.5
groundingdino,191068,33728,67,candles bottom,1,20,5,0,0.0,40,40,0.65,0.48315554635100944,0.793717509129233,0.8846153846153846,0.6984595998924323,0.9755419246820378,0.575,0.40890058042696337,0.7295709687311371,0.35,0.07500000000000002,4.163336342344337e-17,80,0.7,0.587240676918624,0.7974260708533272,0.8214285714285714,0.6960283930577571,0.910899046786023,0.575,0.4593888114309382,0.6848902345476577,0.30000000000000004,0.12500000000000003,2.7755575615628914e-17,0.575
groundingdino,498295,7296,46,wine glass,1,20,5,1,0.9113728590270804,5,5,0.8,0.2835820638819106,0.9949492366205319,1.0,0.3976353643835254,1.0,0.8,0.2835820638819106,0.9949492366205319,0.19999999999999996,0.0,0.0,80,0.7,0.587240676918624,0.7974260708533272,1.0,0.9362499033376378,1.0,0.7,0.587240676918624,0.7974260708533272,0.30000000000000004,0.0,0.0,0.8
groundingdino,498295,7296,46,wine glass,1,20,5,1,0.9113728590270804,10,10,0.8,0.4439045376923585,0.9747892736731666,1.0,0.6305833524471808,1.0,0.8,0.4439045376923585,0.9747892736731666,0.19999999999999996,0.0,0.0,80,0.7,0.587240676918624,0.7974260708533272,1.0,0.9362499033376378,1.0,0.7,0.587240676918624,0.7974260708533272,0.30000000000000004,0.0,0.0,0.8
groundingdino,498295,7296,46,wine glass,1,20,5,1,0.9113728590270804,20,20,0.7,0.4572108177237109,0.8810684095942722,1.0,0.7683642383498835,1.0,0.7,0.4572108177237109,0.8810684095942722,0.30000000000000004,0.0,0.0,80,0.7,0.587240676918624,0.7974260708533272,1.0,0.9362499033376378,1.0,0.7,0.587240676918624,0.7974260708533272,0.30000000000000004,0.0,0.0,0.7
groundingdino,498295,7296,46,wine glass,1,20,5,1,0.9113728590270804,40,40,0.775,0.6154883226965773,0.891603361015928,1.0,0.8878112530776301,1.0,0.775,0.6154883226965773,0.891603361015928,0.22499999999999998,0.0,0.0,80,0.7,0.587240676918624,0.7974260708533272,1.0,0.9362499033376378,1.0,0.7,0.587240676918624,0.7974260708533272,0.30000000000000004,0.0,0.0,0.775
groundingdino,84712,42623,1,girl in the white shirt,1,20,5,1,0.9164359093216778,5,5,1.0,0.47817624989501856,1.0,1.0,0.47817624989501856,1.0,1.0,0.47817624989501856,1.0,0.0,0.0,0.0,80,0.9875,0.9323122155360776,0.9996835774723672,1.0,0.9543787472413889,1.0,0.9875,0.9323122155360776,0.9996835774723672,0.012499999999999956,0.0,0.0,1.0
groundingdino,84712,42623,1,girl in the white shirt,1,20,5,1,0.9164359093216778,10,10,1.0,0.6915028921812392,1.0,1.0,0.6915028921812392,1.0,1.0,0.6915028921812392,1.0,0.0,0.0,0.0,80,0.9875,0.9323122155360776,0.9996835774723672,1.0,0.9543787472413889,1.0,0.9875,0.9323122155360776,0.9996835774723672,0.012499999999999956,0.0,0.0,1.0
groundingdino,84712,42623,1,girl in the white shirt,1,20,5,1,0.9164359093216778,20,20,1.0,0.8315665290169146,1.0,1.0,0.8315665290169146,1.0,1.0,0.8315665290169146,1.0,0.0,0.0,0.0,80,0.9875,0.9323122155360776,0.9996835774723672,1.0,0.9543787472413889,1.0,0.9875,0.9323122155360776,0.9996835774723672,0.012499999999999956,0.0,0.0,1.0
groundingdino,84712,42623,1,girl in the white shirt,1,20,5,1,0.9164359093216778,40,40,0.975,0.8684141415172343,0.9993672550679505,1.0,0.9097488990396657,1.0,0.975,0.8684141415172343,0.9993672550679505,0.025000000000000022,0.0,0.0,80,0.9875,0.9323122155360776,0.9996835774723672,1.0,0.9543787472413889,1.0,0.9875,0.9323122155360776,0.9996835774723672,0.012499999999999956,0.0,0.0,0.975
groundingdino,354791,19507,1,the bottom head,1,20,5,0,0.0,5,5,1.0,0.47817624989501856,1.0,1.0,0.47817624989501856,1.0,1.0,0.47817624989501856,1.0,0.0,0.0,0.0,80,1.0,0.9549359649323077,1.0,1.0,0.9549359649323077,1.0,1.0,0.9549359649323077,1.0,0.0,0.0,0.0,1.0
groundingdino,354791,19507,1,the bottom head,1,20,5,0,0.0,10,10,1.0,0.6915028921812392,1.0,1.0,0.6915028921812392,1.0,1.0,0.6915028921812392,1.0,0.0,0.0,0.0,80,1.0,0.9549359649323077,1.0,1.0,0.9549359649323077,1.0,1.0,0.9549359649323077,1.0,0.0,0.0,0.0,1.0
groundingdino,354791,19507,1,the bottom head,1,20,5,0,0.0,20,20,1.0,0.8315665290169146,1.0,1.0,0.8315665290169146,1.0,1.0,0.8315665290169146,1.0,0.0,0.0,0.0,80,1.0,0.9549359649323077,1.0,1.0,0.9549359649323077,1.0,1.0,0.9549359649323077,1.0,0.0,0.0,0.0,1.0
groundingdino,354791,19507,1,the bottom head,1,20,5,0,0.0,40,40,1.0,0.9119026971211976,1.0,1.0,0.9119026971211976,1.0,1.0,0.9119026971211976,1.0,0.0,0.0,0.0,80,1.0,0.9549359649323077,1.0,1.0,0.9549359649323077,1.0,1.0,0.9549359649323077,1.0,0.0,0.0,0.0,1.0
groundingdino,530750,4474,1,woman on left,1,20,5,1,0.9810361140657504,5,5,1.0,0.47817624989501856,1.0,0.8,0.2835820638819106,0.9949492366205319,0.8,0.2835820638819106,0.9949492366205319,0.0,0.19999999999999996,0.0,80,1.0,0.9549359649323077,1.0,0.8,0.6956311329945355,0.8811409135950147,0.8,0.6956311329945355,0.8811409135950147,0.0,0.19999999999999996,0.0,0.8
groundingdino,530750,4474,1,woman on left,1,20,5,1,0.9810361140657504,10,10,1.0,0.6915028921812392,1.0,0.8,0.4439045376923585,0.9747892736731666,0.8,0.4439045376923585,0.9747892736731666,0.0,0.19999999999999996,0.0,80,1.0,0.9549359649323077,1.0,0.8,0.6956311329945355,0.8811409135950147,0.8,0.6956311329945355,0.8811409135950147,0.0,0.19999999999999996,0.0,0.8
groundingdino,530750,4474,1,woman on left,1,20,5,1,0.9810361140657504,20,20,1.0,0.8315665290169146,1.0,0.8,0.5633859970033317,0.9426660029499673,0.8,0.5633859970033317,0.9426660029499673,0.0,0.19999999999999996,0.0,80,1.0,0.9549359649323077,1.0,0.8,0.6956311329945355,0.8811409135950147,0.8,0.6956311329945355,0.8811409135950147,0.0,0.19999999999999996,0.0,0.8
groundingdino,530750,4474,1,woman on left,1,20,5,1,0.9810361140657504,40,40,1.0,0.9119026971211976,1.0,0.8,0.6435219813207653,0.9094775906000093,0.8,0.6435219813207653,0.9094775906000093,0.0,0.19999999999999996,0.0,80,1.0,0.9549359649323077,1.0,0.8,0.6956311329945355,0.8811409135950147,0.8,0.6956311329945355,0.8811409135950147,0.0,0.19999999999999996,0.0,0.8
groundingdino,259443,27982,1,right guy,1,9,5,1,0.9667768551569463,5,5,0.8,0.2835820638819106,0.9949492366205319,0.5,0.06758598648854298,0.932414013511457,0.4,0.05274495052631693,0.8533672003653268,0.19999999999999996,0.4,0.0,80,0.9875,0.9323122155360776,0.9996835774723672,0.35443037974683544,0.250005900232183,0.47012581037453816,0.35,0.2466719364725351,0.4647968854793358,0.012499999999999956,0.6375000000000001,0.0,0.4
groundingdino,259443,27982,1,right guy,1,9,5,1,0.9667768551569463,10,10,0.9,0.5549838829718046,0.9974714214555382,0.4444444444444444,0.13699566226516652,0.7879914932211319,0.4,0.1215522581198272,0.7376219233930549,0.09999999999999998,0.5,0.0,80,0.9875,0.9323122155360776,0.9996835774723672,0.35443037974683544,0.250005900232183,0.47012581037453816,0.35,0.2466719364725351,0.4647968854793358,0.012499999999999956,0.6375000000000001,0.0,0.4
groundingdino,259443,27982,1,right guy,1,9,5,1,0.9667768551569463,20,20,0.95,0.7512672372279723,0.9987349105020502,0.42105263157894735,0.20252143897716282,0.6650021559882646,0.4,0.1911900607253072,0.6394574126925103,0.050000000000000044,0.55,1.1102230246251565e-16,80,0.9875,0.9323122155360776,0.9996835774723672,0.35443037974683544,0.250005900232183,0.47012581037453816,0.35,0.2466719364725351,0.4647968854793358,0.012499999999999956,0.6375000000000001,0.0,0.4
groundingdino,259443,27982,1,right guy,1,9,5,1,0.9667768551569463,40,40,0.925,0.796135251267101,0.9842578201489585,0.3783783783783784,0.2245761435804319,0.5524319775491875,0.35,0.20628249087076694,0.5168444536489906,0.07499999999999996,0.575,1.1102230246251565e-16,80,0.9875,0.9323122155360776,0.9996835774723672,0.35443037974683544,0.250005900232183,0.47012581037453816,0.35,0.2466719364725351,0.4647968854793358,0.012499999999999956,0.6375000000000001,0.0,0.35
groundingdino,296614,24900,1,batter,1,10,5,1,0.9867075444666966,5,5,1.0,0.47817624989501856,1.0,1.0,0.47817624989501856,1.0,1.0,0.47817624989501856,1.0,0.0,0.0,0.0,80,1.0,0.9549359649323077,1.0,1.0,0.9549359649323077,1.0,1.0,0.9549359649323077,1.0,0.0,0.0,0.0,1.0
groundingdino,296614,24900,1,batter,1,10,5,1,0.9867075444666966,10,10,1.0,0.6915028921812392,1.0,1.0,0.6915028921812392,1.0,1.0,0.6915028921812392,1.0,0.0,0.0,0.0,80,1.0,0.9549359649323077,1.0,1.0,0.9549359649323077,1.0,1.0,0.9549359649323077,1.0,0.0,0.0,0.0,1.0
groundingdino,296614,24900,1,batter,1,10,5,1,0.9867075444666966,20,20,1.0,0.8315665290169146,1.0,1.0,0.8315665290169146,1.0,1.0,0.8315665290169146,1.0,0.0,0.0,0.0,80,1.0,0.9549359649323077,1.0,1.0,0.9549359649323077,1.0,1.0,0.9549359649323077,1.0,0.0,0.0,0.0,1.0
groundingdino,296614,24900,1,batter,1,10,5,1,0.9867075444666966,40,40,1.0,0.9119026971211976,1.0,1.0,0.9119026971211976,1.0,1.0,0.9119026971211976,1.0,0.0,0.0,0.0,80,1.0,0.9549359649323077,1.0,1.0,0.9549359649323077,1.0,1.0,0.9549359649323077,1.0,0.0,0.0,0.0,1.0
groundingdino,53672,45374,1,red player on left,1,20,5,0,0.0,5,5,1.0,0.47817624989501856,1.0,0.6,0.14663279963467318,0.9472550494736831,0.6,0.14663279963467318,0.9472550494736831,0.0,0.4,0.0,80,1.0,0.9549359649323077,1.0,0.5875,0.4718483404252045,0.6964754070624058,0.5875,0.4718483404252045,0.6964754070624058,0.0,0.4125,0.0,0.6
groundingdino,53672,45374,1,red player on left,1,20,5,0,0.0,10,10,1.0,0.6915028921812392,1.0,0.6,0.2623780766069451,0.8784477418801728,0.6,0.2623780766069451,0.8784477418801728,0.0,0.4,0.0,80,1.0,0.9549359649323077,1.0,0.5875,0.4718483404252045,0.6964754070624058,0.5875,0.4718483404252045,0.6964754070624058,0.0,0.4125,0.0,0.6
groundingdino,53672,45374,1,red player on left,1,20,5,0,0.0,20,20,1.0,0.8315665290169146,1.0,0.6,0.3605425873074897,0.8088099392746928,0.6,0.3605425873074897,0.8088099392746928,0.0,0.4,0.0,80,1.0,0.9549359649323077,1.0,0.5875,0.4718483404252045,0.6964754070624058,0.5875,0.4718483404252045,0.6964754070624058,0.0,0.4125,0.0,0.6
groundingdino,53672,45374,1,red player on left,1,20,5,0,0.0,40,40,1.0,0.9119026971211976,1.0,0.575,0.40890058042696337,0.7295709687311371,0.575,0.40890058042696337,0.7295709687311371,0.0,0.42500000000000004,0.0,80,1.0,0.9549359649323077,1.0,0.5875,0.4718483404252045,0.6964754070624058,0.5875,0.4718483404252045,0.6964754070624058,0.0,0.4125,0.0,0.575
groundingdino,544831,3281,84,book on left,1,18,5,1,0.9686940516391019,5,5,1.0,0.47817624989501856,1.0,1.0,0.47817624989501856,1.0,1.0,0.47817624989501856,1.0,0.0,0.0,0.0,80,1.0,0.9549359649323077,1.0,0.975,0.9125928440694078,0.9969579138351904,0.975,0.9125928440694078,0.9969579138351904,0.0,0.025000000000000022,0.0,1.0
groundingdino,544831,3281,84,book on left,1,18,5,1,0.9686940516391019,10,10,1.0,0.6915028921812392,1.0,1.0,0.6915028921812392,1.0,1.0,0.6915028921812392,1.0,0.0,0.0,0.0,80,1.0,0.9549359649323077,1.0,0.975,0.9125928440694078,0.9969579138351904,0.975,0.9125928440694078,0.9969579138351904,0.0,0.025000000000000022,0.0,1.0
groundingdino,544831,3281,84,book on left,1,18,5,1,0.9686940516391019,20,20,1.0,0.8315665290169146,1.0,1.0,0.8315665290169146,1.0,1.0,0.8315665290169146,1.0,0.0,0.0,0.0,80,1.0,0.9549359649323077,1.0,0.975,0.9125928440694078,0.9969579138351904,0.975,0.9125928440694078,0.9969579138351904,0.0,0.025000000000000022,0.0,1.0
groundingdino,544831,3281,84,book on left,1,18,5,1,0.9686940516391019,40,40,1.0,0.9119026971211976,1.0,0.975,0.8684141415172343,0.9993672550679505,0.975,0.8684141415172343,0.9993672550679505,0.0,0.025000000000000022,0.0,80,1.0,0.9549359649323077,1.0,0.975,0.9125928440694078,0.9969579138351904,0.975,0.9125928440694078,0.9969579138351904,0.0,0.025000000000000022,0.0,0.975
groundingdino,80634,42957,59,left portion of pizza,1,20,5,0,0.3485641326405934,5,5,1.0,0.47817624989501856,1.0,1.0,0.47817624989501856,1.0,1.0,0.47817624989501856,1.0,0.0,0.0,0.0,80,1.0,0.9549359649323077,1.0,1.0,0.9549359649323077,1.0,1.0,0.9549359649323077,1.0,0.0,0.0,0.0,1.0
groundingdino,80634,42957,59,left portion of pizza,1,20,5,0,0.3485641326405934,10,10,1.0,0.6915028921812392,1.0,1.0,0.6915028921812392,1.0,1.0,0.6915028921812392,1.0,0.0,0.0,0.0,80,1.0,0.9549359649323077,1.0,1.0,0.9549359649323077,1.0,1.0,0.9549359649323077,1.0,0.0,0.0,0.0,1.0
groundingdino,80634,42957,59,left portion of pizza,1,20,5,0,0.3485641326405934,20,20,1.0,0.8315665290169146,1.0,1.0,0.8315665290169146,1.0,1.0,0.8315665290169146,1.0,0.0,0.0,0.0,80,1.0,0.9549359649323077,1.0,1.0,0.9549359649323077,1.0,1.0,0.9549359649323077,1.0,0.0,0.0,0.0,1.0
groundingdino,80634,42957,59,left portion of pizza,1,20,5,0,0.3485641326405934,40,40,1.0,0.9119026971211976,1.0,1.0,0.9119026971211976,1.0,1.0,0.9119026971211976,1.0,0.0,0.0,0.0,80,1.0,0.9549359649323077,1.0,1.0,0.9549359649323077,1.0,1.0,0.9549359649323077,1.0,0.0,0.0,0.0,1.0
groundingdino,335697,21173,22,elephant back left,1,16,5,0,0.10454371580493475,5,5,1.0,0.47817624989501856,1.0,1.0,0.47817624989501856,1.0,1.0,0.47817624989501856,1.0,0.0,0.0,0.0,80,0.9875,0.9323122155360776,0.9996835774723672,1.0,0.9543787472413889,1.0,0.9875,0.9323122155360776,0.9996835774723672,0.012499999999999956,0.0,0.0,1.0
groundingdino,335697,21173,22,elephant back left,1,16,5,0,0.10454371580493475,10,10,1.0,0.6915028921812392,1.0,1.0,0.6915028921812392,1.0,1.0,0.6915028921812392,1.0,0.0,0.0,0.0,80,0.9875,0.9323122155360776,0.9996835774723672,1.0,0.9543787472413889,1.0,0.9875,0.9323122155360776,0.9996835774723672,0.012499999999999956,0.0,0.0,1.0
groundingdino,335697,21173,22,elephant back left,1,16,5,0,0.10454371580493475,20,20,1.0,0.8315665290169146,1.0,1.0,0.8315665290169146,1.0,1.0,0.8315665290169146,1.0,0.0,0.0,0.0,80,0.9875,0.9323122155360776,0.9996835774723672,1.0,0.9543787472413889,1.0,0.9875,0.9323122155360776,0.9996835774723672,0.012499999999999956,0.0,0.0,1.0
groundingdino,335697,21173,22,elephant back left,1,16,5,0,0.10454371580493475,40,40,1.0,0.9119026971211976,1.0,1.0,0.9119026971211976,1.0,1.0,0.9119026971211976,1.0,0.0,0.0,0.0,80,0.9875,0.9323122155360776,0.9996835774723672,1.0,0.9543787472413889,1.0,0.9875,0.9323122155360776,0.9996835774723672,0.012499999999999956,0.0,0.0,1.0
groundingdino,181054,34594,1,dude in white,1,20,5,1,0.9789064520006521,5,5,1.0,0.47817624989501856,1.0,1.0,0.47817624989501856,1.0,1.0,0.47817624989501856,1.0,0.0,0.0,0.0,80,1.0,0.9549359649323077,1.0,1.0,0.9549359649323077,1.0,1.0,0.9549359649323077,1.0,0.0,0.0,0.0,1.0
groundingdino,181054,34594,1,dude in white,1,20,5,1,0.9789064520006521,10,10,1.0,0.6915028921812392,1.0,1.0,0.6915028921812392,1.0,1.0,0.6915028921812392,1.0,0.0,0.0,0.0,80,1.0,0.9549359649323077,1.0,1.0,0.9549359649323077,1.0,1.0,0.9549359649323077,1.0,0.0,0.0,0.0,1.0
groundingdino,181054,34594,1,dude in white,1,20,5,1,0.9789064520006521,20,20,1.0,0.8315665290169146,1.0,1.0,0.8315665290169146,1.0,1.0,0.8315665290169146,1.0,0.0,0.0,0.0,80,1.0,0.9549359649323077,1.0,1.0,0.9549359649323077,1.0,1.0,0.9549359649323077,1.0,0.0,0.0,0.0,1.0
groundingdino,181054,34594,1,dude in white,1,20,5,1,0.9789064520006521,40,40,1.0,0.9119026971211976,1.0,1.0,0.9119026971211976,1.0,1.0,0.9119026971211976,1.0,0.0,0.0,0.0,80,1.0,0.9549359649323077,1.0,1.0,0.9549359649323077,1.0,1.0,0.9549359649323077,1.0,0.0,0.0,0.0,1.0
groundingdino,318333,22911,1,catcher in gray,1,11,5,1,0.9114723127597989,5,5,1.0,0.47817624989501856,1.0,1.0,0.47817624989501856,1.0,1.0,0.47817624989501856,1.0,0.0,0.0,0.0,80,1.0,0.9549359649323077,1.0,0.9875,0.9323122155360776,0.9996835774723672,0.9875,0.9323122155360776,0.9996835774723672,0.0,0.012499999999999956,0.0,1.0
groundingdino,318333,22911,1,catcher in gray,1,11,5,1,0.9114723127597989,10,10,1.0,0.6915028921812392,1.0,0.9,0.5549838829718046,0.9974714214555382,0.9,0.5549838829718046,0.9974714214555382,0.0,0.09999999999999998,0.0,80,1.0,0.9549359649323077,1.0,0.9875,0.9323122155360776,0.9996835774723672,0.9875,0.9323122155360776,0.9996835774723672,0.0,0.012499999999999956,0.0,0.9
groundingdino,318333,22911,1,catcher in gray,1,11,5,1,0.9114723127597989,20,20,1.0,0.8315665290169146,1.0,0.9,0.6830172859809176,0.9876514728297052,0.9,0.6830172859809176,0.9876514728297052,0.0,0.09999999999999998,0.0,80,1.0,0.9549359649323077,1.0,0.9875,0.9323122155360776,0.9996835774723672,0.9875,0.9323122155360776,0.9996835774723672,0.0,0.012499999999999956,0.0,0.9
groundingdino,318333,22911,1,catcher in gray,1,11,5,1,0.9114723127597989,40,40,1.0,0.9119026971211976,1.0,0.95,0.8308031360405824,0.9938863534006491,0.95,0.8308031360405824,0.9938863534006491,0.0,0.050000000000000044,0.0,80,1.0,0.9549359649323077,1.0,0.9875,0.9323122155360776,0.9996835774723672,0.9875,0.9323122155360776,0.9996835774723672,0.0,0.012499999999999956,0.0,0.95
groundingdino,47774,45878,64,plants at top left corner,1,20,5,0,0.44622209243719535,5,5,1.0,0.47817624989501856,1.0,0.6,0.14663279963467318,0.9472550494736831,0.6,0.14663279963467318,0.9472550494736831,0.0,0.4,0.0,80,0.9375,0.8601429247023609,0.9793969276979898,0.6,0.48037046925434906,0.7114807725715788,0.5625,0.4469975713881803,0.673236046566221,0.0625,0.375,0.0,0.6
groundingdino,47774,45878,64,plants at top left corner,1,20,5,0,0.44622209243719535,10,10,1.0,0.6915028921812392,1.0,0.7,0.34754714994000274,0.9332604888222655,0.7,0.34754714994000274,0.9332604888222655,0.0,0.30000000000000004,0.0,80,0.9375,0.8601429247023609,0.9793969276979898,0.6,0.48037046925434906,0.7114807725715788,0.5625,0.4469975713881803,0.673236046566221,0.0625,0.375,0.0,0.7
groundingdino,47774,45878,64,plants at top left corner,1,20,5,0,0.44622209243719535,20,20,0.95,0.7512672372279723,0.9987349105020502,0.6842105263157895,0.4344984311538491,0.8742393641270167,0.65,0.4078114654671719,0.8460907952154588,0.050000000000000044,0.3,5.551115123125783e-17,80,0.9375,0.8601429247023609,0.9793969276979898,0.6,0.48037046925434906,0.7114807725715788,0.5625,0.4469975713881803,0.673236046566221,0.0625,0.375,0.0,0.65
groundingdino,47774,45878,64,plants at top left corner,1,20,5,0,0.44622209243719535,40,40,0.925,0.796135251267101,0.9842578201489585,0.6756756756756757,0.5021467164866033,0.8198613519479433,0.625,0.4580147522326109,0.772737277518174,0.07499999999999996,0.30000000000000004,0.0,80,0.9375,0.8601429247023609,0.9793969276979898,0.6,0.48037046925434906,0.7114807725715788,0.5625,0.4469975713881803,0.673236046566221,0.0625,0.375,0.0,0.625
groundingdino,214563,31792,73,laptop on left,1,20,5,1,0.9769325554571193,5,5,1.0,0.47817624989501856,1.0,1.0,0.47817624989501856,1.0,1.0,0.47817624989501856,1.0,0.0,0.0,0.0,80,1.0,0.9549359649323077,1.0,0.975,0.9125928440694078,0.9969579138351904,0.975,0.9125928440694078,0.9969579138351904,0.0,0.025000000000000022,0.0,1.0
groundingdino,214563,31792,73,laptop on left,1,20,5,1,0.9769325554571193,10,10,1.0,0.6915028921812392,1.0,1.0,0.6915028921812392,1.0,1.0,0.6915028921812392,1.0,0.0,0.0,0.0,80,1.0,0.9549359649323077,1.0,0.975,0.9125928440694078,0.9969579138351904,0.975,0.9125928440694078,0.9969579138351904,0.0,0.025000000000000022,0.0,1.0
groundingdino,214563,31792,73,laptop on left,1,20,5,1,0.9769325554571193,20,20,1.0,0.8315665290169146,1.0,1.0,0.8315665290169146,1.0,1.0,0.8315665290169146,1.0,0.0,0.0,0.0,80,1.0,0.9549359649323077,1.0,0.975,0.9125928440694078,0.9969579138351904,0.975,0.9125928440694078,0.9969579138351904,0.0,0.025000000000000022,0.0,1.0
groundingdino,214563,31792,73,laptop on left,1,20,5,1,0.9769325554571193,40,40,1.0,0.9119026971211976,1.0,0.975,0.8684141415172343,0.9993672550679505,0.975,0.8684141415172343,0.9993672550679505,0.0,0.025000000000000022,0.0,80,1.0,0.9549359649323077,1.0,0.975,0.9125928440694078,0.9969579138351904,0.975,0.9125928440694078,0.9969579138351904,0.0,0.025000000000000022,0.0,0.975
groundingdino,381961,17371,22,baby elephant on right,1,20,5,0,0.11600078605677919,5,5,1.0,0.47817624989501856,1.0,0.8,0.2835820638819106,0.9949492366205319,0.8,0.2835820638819106,0.9949492366205319,0.0,0.19999999999999996,0.0,80,0.9875,0.9323122155360776,0.9996835774723672,0.9493670886075949,0.8754052019863836,0.9860338821107838,0.9375,0.8601429247023609,0.9793969276979898,0.012499999999999956,0.05000000000000005,6.938893903907228e-18,0.8
groundingdino,381961,17371,22,baby elephant on right,1,20,5,0,0.11600078605677919,10,10,1.0,0.6915028921812392,1.0,0.9,0.5549838829718046,0.9974714214555382,0.9,0.5549838829718046,0.9974714214555382,0.0,0.09999999999999998,0.0,80,0.9875,0.9323122155360776,0.9996835774723672,0.9493670886075949,0.8754052019863836,0.9860338821107838,0.9375,0.8601429247023609,0.9793969276979898,0.012499999999999956,0.05000000000000005,6.938893903907228e-18,0.9
groundingdino,381961,17371,22,baby elephant on right,1,20,5,0,0.11600078605677919,20,20,1.0,0.8315665290169146,1.0,0.9,0.6830172859809176,0.9876514728297052,0.9,0.6830172859809176,0.9876514728297052,0.0,0.09999999999999998,0.0,80,0.9875,0.9323122155360776,0.9996835774723672,0.9493670886075949,0.8754052019863836,0.9860338821107838,0.9375,0.8601429247023609,0.9793969276979898,0.012499999999999956,0.05000000000000005,6.938893903907228e-18,0.9
groundingdino,381961,17371,22,baby elephant on right,1,20,5,0,0.11600078605677919,40,40,1.0,0.9119026971211976,1.0,0.9,0.7633626001239001,0.9720745847057807,0.9,0.7633626001239001,0.9720745847057807,0.0,0.09999999999999998,0.0,80,0.9875,0.9323122155360776,0.9996835774723672,0.9493670886075949,0.8754052019863836,0.9860338821107838,0.9375,0.8601429247023609,0.9793969276979898,0.012499999999999956,0.05000000000000005,6.938893903907228e-18,0.9
groundingdino,340345,20703,25,right giraffe,1,20,5,0,0.0,5,5,1.0,0.47817624989501856,1.0,1.0,0.47817624989501856,1.0,1.0,0.47817624989501856,1.0,0.0,0.0,0.0,80,0.9875,0.9323122155360776,0.9996835774723672,0.9620253164556962,0.8930090802260363,0.9920991811253633,0.95,0.876901263556847,0.9862106060235382,0.012499999999999956,0.037499999999999985,1.0408340855860843e-16,1.0
groundingdino,340345,20703,25,right giraffe,1,20,5,0,0.0,10,10,1.0,0.6915028921812392,1.0,0.9,0.5549838829718046,0.9974714214555382,0.9,0.5549838829718046,0.9974714214555382,0.0,0.09999999999999998,0.0,80,0.9875,0.9323122155360776,0.9996835774723672,0.9620253164556962,0.8930090802260363,0.9920991811253633,0.95,0.876901263556847,0.9862106060235382,0.012499999999999956,0.037499999999999985,1.0408340855860843e-16,0.9
groundingdino,340345,20703,25,right giraffe,1,20,5,0,0.0,20,20,1.0,0.8315665290169146,1.0,0.95,0.7512672372279723,0.9987349105020502,0.95,0.7512672372279723,0.9987349105020502,0.0,0.050000000000000044,0.0,80,0.9875,0.9323122155360776,0.9996835774723672,0.9620253164556962,0.8930090802260363,0.9920991811253633,0.95,0.876901263556847,0.9862106060235382,0.012499999999999956,0.037499999999999985,1.0408340855860843e-16,0.95
groundingdino,340345,20703,25,right giraffe,1,20,5,0,0.0,40,40,1.0,0.9119026971211976,1.0,0.975,0.8684141415172343,0.9993672550679505,0.975,0.8684141415172343,0.9993672550679505,0.0,0.025000000000000022,0.0,80,0.9875,0.9323122155360776,0.9996835774723672,0.9620253164556962,0.8930090802260363,0.9920991811253633,0.95,0.876901263556847,0.9862106060235382,0.012499999999999956,0.037499999999999985,1.0408340855860843e-16,0.975
groundingdino,129722,38788,1,guy in red,1,20,5,1,0.9690621269517672,5,5,1.0,0.47817624989501856,1.0,1.0,0.47817624989501856,1.0,1.0,0.47817624989501856,1.0,0.0,0.0,0.0,80,1.0,0.9549359649323077,1.0,1.0,0.9549359649323077,1.0,1.0,0.9549359649323077,1.0,0.0,0.0,0.0,1.0
groundingdino,129722,38788,1,guy in red,1,20,5,1,0.9690621269517672,10,10,1.0,0.6915028921812392,1.0,1.0,0.6915028921812392,1.0,1.0,0.6915028921812392,1.0,0.0,0.0,0.0,80,1.0,0.9549359649323077,1.0,1.0,0.9549359649323077,1.0,1.0,0.9549359649323077,1.0,0.0,0.0,0.0,1.0
groundingdino,129722,38788,1,guy in red,1,20,5,1,0.9690621269517672,20,20,1.0,0.8315665290169146,1.0,1.0,0.8315665290169146,1.0,1.0,0.8315665290169146,1.0,0.0,0.0,0.0,80,1.0,0.9549359649323077,1.0,1.0,0.9549359649323077,1.0,1.0,0.9549359649323077,1.0,0.0,0.0,0.0,1.0
groundingdino,129722,38788,1,guy in red,1,20,5,1,0.9690621269517672,40,40,1.0,0.9119026971211976,1.0,1.0,0.9119026971211976,1.0,1.0,0.9119026971211976,1.0,0.0,0.0,0.0,80,1.0,0.9549359649323077,1.0,1.0,0.9549359649323077,1.0,1.0,0.9549359649323077,1.0,0.0,0.0,0.0,1.0
groundingdino,252567,28556,1,catcher,1,6,5,1,0.9814188953905283,5,5,1.0,0.47817624989501856,1.0,1.0,0.47817624989501856,1.0,1.0,0.47817624989501856,1.0,0.0,0.0,0.0,80,1.0,0.9549359649323077,1.0,1.0,0.9549359649323077,1.0,1.0,0.9549359649323077,1.0,0.0,0.0,0.0,1.0
groundingdino,252567,28556,1,catcher,1,6,5,1,0.9814188953905283,10,10,1.0,0.6915028921812392,1.0,1.0,0.6915028921812392,1.0,1.0,0.6915028921812392,1.0,0.0,0.0,0.0,80,1.0,0.9549359649323077,1.0,1.0,0.9549359649323077,1.0,1.0,0.9549359649323077,1.0,0.0,0.0,0.0,1.0
groundingdino,252567,28556,1,catcher,1,6,5,1,0.9814188953905283,20,20,1.0,0.8315665290169146,1.0,1.0,0.8315665290169146,1.0,1.0,0.8315665290169146,1.0,0.0,0.0,0.0,80,1.0,0.9549359649323077,1.0,1.0,0.9549359649323077,1.0,1.0,0.9549359649323077,1.0,0.0,0.0,0.0,1.0
groundingdino,252567,28556,1,catcher,1,6,5,1,0.9814188953905283,40,40,1.0,0.9119026971211976,1.0,1.0,0.9119026971211976,1.0,1.0,0.9119026971211976,1.0,0.0,0.0,0.0,80,1.0,0.9549359649323077,1.0,1.0,0.9549359649323077,1.0,1.0,0.9549359649323077,1.0,0.0,0.0,0.0,1.0
groundingdino,119974,39681,5,plane on top,1,20,5,1,0.9669737779429209,5,5,1.0,0.47817624989501856,1.0,1.0,0.47817624989501856,1.0,1.0,0.47817624989501856,1.0,0.0,0.0,0.0,80,0.825,0.7238459604789864,0.9008894901605713,0.9242424242424242,0.8319934099362835,0.9749443870832766,0.7625,0.6542230288597322,0.8505462481433591,0.17500000000000004,0.06250000000000003,2.7755575615628914e-17,1.0
groundingdino,119974,39681,5,plane on top,1,20,5,1,0.9669737779429209,10,10,0.9,0.5549838829718046,0.9974714214555382,1.0,0.6637328831200572,1.0,0.9,0.5549838829718046,0.9974714214555382,0.09999999999999998,0.0,0.0,80,0.825,0.7238459604789864,0.9008894901605713,0.9242424242424242,0.8319934099362835,0.9749443870832766,0.7625,0.6542230288597322,0.8505462481433591,0.17500000000000004,0.06250000000000003,2.7755575615628914e-17,0.9
groundingdino,119974,39681,5,plane on top,1,20,5,1,0.9669737779429209,20,20,0.9,0.6830172859809176,0.9876514728297052,1.0,0.8146980318621478,1.0,0.9,0.6830172859809176,0.9876514728297052,0.09999999999999998,0.0,0.0,80,0.825,0.7238459604789864,0.9008894901605713,0.9242424242424242,0.8319934099362835,0.9749443870832766,0.7625,0.6542230288597322,0.8505462481433591,0.17500000000000004,0.06250000000000003,2.7755575615628914e-17,0.9
groundingdino,119974,39681,5,plane on top,1,20,5,1,0.9669737779429209,40,40,0.875,0.7319670826382796,0.9581403738613833,1.0,0.8999675644278949,1.0,0.875,0.7319670826382796,0.9581403738613833,0.125,0.0,0.0,80,0.825,0.7238459604789864,0.9008894901605713,0.9242424242424242,0.8319934099362835,0.9749443870832766,0.7625,0.6542230288597322,0.8505462481433591,0.17500000000000004,0.06250000000000003,2.7755575615628914e-17,0.875
groundingdino,75843,43376,63,couch by window,1,20,5,1,0.9239578771967416,5,5,1.0,0.47817624989501856,1.0,1.0,0.47817624989501856,1.0,1.0,0.47817624989501856,1.0,0.0,0.0,0.0,80,1.0,0.9549359649323077,1.0,1.0,0.9549359649323077,1.0,1.0,0.9549359649323077,1.0,0.0,0.0,0.0,1.0
groundingdino,75843,43376,63,couch by window,1,20,5,1,0.9239578771967416,10,10,1.0,0.6915028921812392,1.0,1.0,0.6915028921812392,1.0,1.0,0.6915028921812392,1.0,0.0,0.0,0.0,80,1.0,0.9549359649323077,1.0,1.0,0.9549359649323077,1.0,1.0,0.9549359649323077,1.0,0.0,0.0,0.0,1.0
groundingdino,75843,43376,63,couch by window,1,20,5,1,0.9239578771967416,20,20,1.0,0.8315665290169146,1.0,1.0,0.8315665290169146,1.0,1.0,0.8315665290169146,1.0,0.0,0.0,0.0,80,1.0,0.9549359649323077,1.0,1.0,0.9549359649323077,1.0,1.0,0.9549359649323077,1.0,0.0,0.0,0.0,1.0
groundingdino,75843,43376,63,couch by window,1,20,5,1,0.9239578771967416,40,40,1.0,0.9119026971211976,1.0,1.0,0.9119026971211976,1.0,1.0,0.9119026971211976,1.0,0.0,0.0,0.0,80,1.0,0.9549359649323077,1.0,1.0,0.9549359649323077,1.0,1.0,0.9549359649323077,1.0,0.0,0.0,0.0,1.0
groundingdino,390963,16600,1,guy right,1,20,5,1,0.9680709011189101,5,5,1.0,0.47817624989501856,1.0,1.0,0.47817624989501856,1.0,1.0,0.47817624989501856,1.0,0.0,0.0,0.0,80,1.0,0.9549359649323077,1.0,1.0,0.9549359649323077,1.0,1.0,0.9549359649323077,1.0,0.0,0.0,0.0,1.0
groundingdino,390963,16600,1,guy right,1,20,5,1,0.9680709011189101,10,10,0.9,0.5549838829718046,0.9974714214555382,1.0,0.6637328831200572,1.0,0.9,0.5549838829718046,0.9974714214555382,0.09999999999999998,0.0,0.0,80,1.0,0.9549359649323077,1.0,1.0,0.9549359649323077,1.0,1.0,0.9549359649323077,1.0,0.0,0.0,0.0,0.9
groundingdino,390963,16600,1,guy right,1,20,5,1,0.9680709011189101,20,20,0.9,0.6830172859809176,0.9876514728297052,1.0,0.8146980318621478,1.0,0.9,0.6830172859809176,0.9876514728297052,0.09999999999999998,0.0,0.0,80,1.0,0.9549359649323077,1.0,1.0,0.9549359649323077,1.0,1.0,0.9549359649323077,1.0,0.0,0.0,0.0,0.9
groundingdino,390963,16600,1,guy right,1,20,5,1,0.9680709011189101,40,40,0.925,0.796135251267101,0.9842578201489585,1.0,0.9051094125850101,1.0,0.925,0.796135251267101,0.9842578201489585,0.07499999999999996,0.0,0.0,80,1.0,0.9549359649323077,1.0,1.0,0.9549359649323077,1.0,1.0,0.9549359649323077,1.0,0.0,0.0,0.0,0.925
groundingdino,169653,35514,1,umpire,1,20,5,1,0.9778326961404361,5,5,1.0,0.47817624989501856,1.0,1.0,0.47817624989501856,1.0,1.0,0.47817624989501856,1.0,0.0,0.0,0.0,80,1.0,0.9549359649323077,1.0,1.0,0.9549359649323077,1.0,1.0,0.9549359649323077,1.0,0.0,0.0,0.0,1.0
groundingdino,169653,35514,1,umpire,1,20,5,1,0.9778326961404361,10,10,1.0,0.6915028921812392,1.0,1.0,0.6915028921812392,1.0,1.0,0.6915028921812392,1.0,0.0,0.0,0.0,80,1.0,0.9549359649323077,1.0,1.0,0.9549359649323077,1.0,1.0,0.9549359649323077,1.0,0.0,0.0,0.0,1.0
groundingdino,169653,35514,1,umpire,1,20,5,1,0.9778326961404361,20,20,1.0,0.8315665290169146,1.0,1.0,0.8315665290169146,1.0,1.0,0.8315665290169146,1.0,0.0,0.0,0.0,80,1.0,0.9549359649323077,1.0,1.0,0.9549359649323077,1.0,1.0,0.9549359649323077,1.0,0.0,0.0,0.0,1.0
groundingdino,169653,35514,1,umpire,1,20,5,1,0.9778326961404361,40,40,1.0,0.9119026971211976,1.0,1.0,0.9119026971211976,1.0,1.0,0.9119026971211976,1.0,0.0,0.0,0.0,80,1.0,0.9549359649323077,1.0,1.0,0.9549359649323077,1.0,1.0,0.9549359649323077,1.0,0.0,0.0,0.0,1.0
groundingdino,372588,18151,65,bed farthest from the tv,1,20,5,0,0.3536501458522881,5,5,1.0,0.47817624989501856,1.0,0.6,0.14663279963467318,0.9472550494736831,0.6,0.14663279963467318,0.9472550494736831,0.0,0.4,0.0,80,1.0,0.9549359649323077,1.0,0.7625,0.6542230288597322,0.8505462481433591,0.7625,0.6542230288597322,0.8505462481433591,0.0,0.23750000000000004,0.0,0.6
groundingdino,372588,18151,65,bed farthest from the tv,1,20,5,0,0.3536501458522881,10,10,1.0,0.6915028921812392,1.0,0.7,0.34754714994000274,0.9332604888222655,0.7,0.34754714994000274,0.9332604888222655,0.0,0.30000000000000004,0.0,80,1.0,0.9549359649323077,1.0,0.7625,0.6542230288597322,0.8505462481433591,0.7625,0.6542230288597322,0.8505462481433591,0.0,0.23750000000000004,0.0,0.7
groundingdino,372588,18151,65,bed farthest from the tv,1,20,5,0,0.3536501458522881,20,20,1.0,0.8315665290169146,1.0,0.75,0.5089541282920425,0.9134285308985653,0.75,0.5089541282920425,0.9134285308985653,0.0,0.25,0.0,80,1.0,0.9549359649323077,1.0,0.7625,0.6542230288597322,0.8505462481433591,0.7625,0.6542230288597322,0.8505462481433591,0.0,0.23750000000000004,0.0,0.75
groundingdino,372588,18151,65,bed farthest from the tv,1,20,5,0,0.3536501458522881,40,40,1.0,0.9119026971211976,1.0,0.8,0.6435219813207653,0.9094775906000093,0.8,0.6435219813207653,0.9094775906000093,0.0,0.19999999999999996,0.0,80,1.0,0.9549359649323077,1.0,0.7625,0.6542230288597322,0.8505462481433591,0.7625,0.6542230288597322,0.8505462481433591,0.0,0.23750000000000004,0.0,0.8
groundingdino,112040,40309,6,farthest left truck,1,19,5,0,0.014563443373816128,5,5,1.0,0.47817624989501856,1.0,0.2,0.005050763379468061,0.7164179361180893,0.2,0.005050763379468061,0.7164179361180893,0.0,0.8,0.0,80,1.0,0.9549359649323077,1.0,0.4,0.29200935625531044,0.5156230595045106,0.4,0.29200935625531044,0.5156230595045106,0.0,0.6,0.0,0.2
groundingdino,112040,40309,6,farthest left truck,1,19,5,0,0.014563443373816128,10,10,1.0,0.6915028921812392,1.0,0.3,0.0667395111777345,0.6524528500599973,0.3,0.0667395111777345,0.6524528500599973,0.0,0.7,0.0,80,1.0,0.9549359649323077,1.0,0.4,0.29200935625531044,0.5156230595045106,0.4,0.29200935625531044,0.5156230595045106,0.0,0.6,0.0,0.3
groundingdino,112040,40309,6,farthest left truck,1,19,5,0,0.014563443373816128,20,20,1.0,0.8315665290169146,1.0,0.5,0.27195784956079183,0.7280421504392082,0.5,0.27195784956079183,0.7280421504392082,0.0,0.5,0.0,80,1.0,0.9549359649323077,1.0,0.4,0.29200935625531044,0.5156230595045106,0.4,0.29200935625531044,0.5156230595045106,0.0,0.6,0.0,0.5
groundingdino,112040,40309,6,farthest left truck,1,19,5,0,0.014563443373816128,40,40,1.0,0.9119026971211976,1.0,0.4,0.24864998658774376,0.5667329478067034,0.4,0.24864998658774376,0.5667329478067034,0.0,0.6,0.0,80,1.0,0.9549359649323077,1.0,0.4,0.29200935625531044,0.5156230595045106,0.4,0.29200935625531044,0.5156230595045106,0.0,0.6,0.0,0.4
groundingdino,425063,13648,60,front chocolate covered donut on right,1,20,5,0,0.0,5,5,1.0,0.47817624989501856,1.0,0.6,0.14663279963467318,0.9472550494736831,0.6,0.14663279963467318,0.9472550494736831,0.0,0.4,0.0,80,1.0,0.9549359649323077,1.0,0.75,0.64063652409315,0.8401203554931442,0.75,0.64063652409315,0.8401203554931442,0.0,0.25,0.0,0.6
groundingdino,425063,13648,60,front chocolate covered donut on right,1,20,5,0,0.0,10,10,1.0,0.6915028921812392,1.0,0.6,0.2623780766069451,0.8784477418801728,0.6,0.2623780766069451,0.8784477418801728,0.0,0.4,0.0,80,1.0,0.9549359649323077,1.0,0.75,0.64063652409315,0.8401203554931442,0.75,0.64063652409315,0.8401203554931442,0.0,0.25,0.0,0.6
groundingdino,425063,13648,60,front chocolate covered donut on right,1,20,5,0,0.0,20,20,1.0,0.8315665290169146,1.0,0.65,0.4078114654671719,0.8460907952154588,0.65,0.4078114654671719,0.8460907952154588,0.0,0.35,0.0,80,1.0,0.9549359649323077,1.0,0.75,0.64063652409315,0.8401203554931442,0.75,0.64063652409315,0.8401203554931442,0.0,0.25,0.0,0.65
groundingdino,425063,13648,60,front chocolate covered donut on right,1,20,5,0,0.0,40,40,1.0,0.9119026971211976,1.0,0.65,0.48315554635100944,0.793717509129233,0.65,0.48315554635100944,0.793717509129233,0.0,0.35,0.0,80,1.0,0.9549359649323077,1.0,0.75,0.64063652409315,0.8401203554931442,0.75,0.64063652409315,0.8401203554931442,0.0,0.25,0.0,0.65
groundingdino,443084,12142,1,sitting person,1,16,5,0,0.45568272878192806,5,5,1.0,0.47817624989501856,1.0,0.8,0.2835820638819106,0.9949492366205319,0.8,0.2835820638819106,0.9949492366205319,0.0,0.19999999999999996,0.0,80,1.0,0.9549359649323077,1.0,0.75,0.64063652409315,0.8401203554931442,0.75,0.64063652409315,0.8401203554931442,0.0,0.25,0.0,0.8
groundingdino,443084,12142,1,sitting person,1,16,5,0,0.45568272878192806,10,10,1.0,0.6915028921812392,1.0,0.7,0.34754714994000274,0.9332604888222655,0.7,0.34754714994000274,0.9332604888222655,0.0,0.30000000000000004,0.0,80,1.0,0.9549359649323077,1.0,0.75,0.64063652409315,0.8401203554931442,0.75,0.64063652409315,0.8401203554931442,0.0,0.25,0.0,0.7
groundingdino,443084,12142,1,sitting person,1,16,5,0,0.45568272878192806,20,20,1.0,0.8315665290169146,1.0,0.65,0.4078114654671719,0.8460907952154588,0.65,0.4078114654671719,0.8460907952154588,0.0,0.35,0.0,80,1.0,0.9549359649323077,1.0,0.75,0.64063652409315,0.8401203554931442,0.75,0.64063652409315,0.8401203554931442,0.0,0.25,0.0,0.65
groundingdino,443084,12142,1,sitting person,1,16,5,0,0.45568272878192806,40,40,1.0,0.9119026971211976,1.0,0.675,0.5087051245215516,0.8142710332366501,0.675,0.5087051245215516,0.8142710332366501,0.0,0.32499999999999996,0.0,80,1.0,0.9549359649323077,1.0,0.75,0.64063652409315,0.8401203554931442,0.75,0.64063652409315,0.8401203554931442,0.0,0.25,0.0,0.675
groundingdino,504878,6710,82,far bottomright fridge,1,20,5,0,0.01029148544410454,5,5,0.8,0.2835820638819106,0.9949492366205319,0.5,0.06758598648854298,0.932414013511457,0.4,0.05274495052631693,0.8533672003653268,0.19999999999999996,0.4,0.0,80,0.9875,0.9323122155360776,0.9996835774723672,0.6708860759493671,0.5560061048348177,0.7725190570054165,0.6625,0.5480943856258318,0.7644738620163491,0.012499999999999956,0.325,5.551115123125783e-17,0.4
groundingdino,504878,6710,82,far bottomright fridge,1,20,5,0,0.01029148544410454,10,10,0.9,0.5549838829718046,0.9974714214555382,0.5555555555555556,0.21200850677886804,0.8630043377348335,0.5,0.18708602844739855,0.8129139715526015,0.09999999999999998,0.39999999999999997,5.551115123125783e-17,80,0.9875,0.9323122155360776,0.9996835774723672,0.6708860759493671,0.5560061048348177,0.7725190570054165,0.6625,0.5480943856258318,0.7644738620163491,0.012499999999999956,0.325,5.551115123125783e-17,0.5
groundingdino,504878,6710,82,far bottomright fridge,1,20,5,0,0.01029148544410454,20,20,0.95,0.7512672372279723,0.9987349105020502,0.631578947368421,0.3835779233144053,0.8371141278449004,0.6,0.3605425873074897,0.8088099392746928,0.050000000000000044,0.35000000000000003,5.551115123125783e-17,80,0.9875,0.9323122155360776,0.9996835774723672,0.6708860759493671,0.5560061048348177,0.7725190570054165,0.6625,0.5480943856258318,0.7644738620163491,0.012499999999999956,0.325,5.551115123125783e-17,0.6
groundingdino,504878,6710,82,far bottomright fridge,1,20,5,0,0.01029148544410454,40,40,0.9,0.7633626001239001,0.9720745847057807,0.5833333333333334,0.40756524089177654,0.7448589516735322,0.525,0.36128013526406216,0.6848802933650138,0.09999999999999998,0.375,0.0,80,0.9875,0.9323122155360776,0.9996835774723672,0.6708860759493671,0.5560061048348177,0.7725190570054165,0.6625,0.5480943856258318,0.7644738620163491,0.012499999999999956,0.325,5.551115123125783e-17,0.525
groundingdino,16814,48551,28,white umbrella,1,11,5,1,0.9534608327835443,5,5,1.0,0.47817624989501856,1.0,1.0,0.47817624989501856,1.0,1.0,0.47817624989501856,1.0,0.0,0.0,0.0,80,1.0,0.9549359649323077,1.0,1.0,0.9549359649323077,1.0,1.0,0.9549359649323077,1.0,0.0,0.0,0.0,1.0
groundingdino,16814,48551,28,white umbrella,1,11,5,1,0.9534608327835443,10,10,1.0,0.6915028921812392,1.0,1.0,0.6915028921812392,1.0,1.0,0.6915028921812392,1.0,0.0,0.0,0.0,80,1.0,0.9549359649323077,1.0,1.0,0.9549359649323077,1.0,1.0,0.9549359649323077,1.0,0.0,0.0,0.0,1.0
groundingdino,16814,48551,28,white umbrella,1,11,5,1,0.9534608327835443,20,20,1.0,0.8315665290169146,1.0,1.0,0.8315665290169146,1.0,1.0,0.8315665290169146,1.0,0.0,0.0,0.0,80,1.0,0.9549359649323077,1.0,1.0,0.9549359649323077,1.0,1.0,0.9549359649323077,1.0,0.0,0.0,0.0,1.0
groundingdino,16814,48551,28,white umbrella,1,11,5,1,0.9534608327835443,40,40,1.0,0.9119026971211976,1.0,1.0,0.9119026971211976,1.0,1.0,0.9119026971211976,1.0,0.0,0.0,0.0,80,1.0,0.9549359649323077,1.0,1.0,0.9549359649323077,1.0,1.0,0.9549359649323077,1.0,0.0,0.0,0.0,1.0
groundingdino,372112,18196,25,closest giraffe,1,2,2,1,0.9820144343863251,5,5,1.0,0.47817624989501856,1.0,1.0,0.47817624989501856,1.0,1.0,0.47817624989501856,1.0,0.0,0.0,0.0,80,1.0,0.9549359649323077,1.0,1.0,0.9549359649323077,1.0,1.0,0.9549359649323077,1.0,0.0,0.0,0.0,1.0
groundingdino,372112,18196,25,closest giraffe,1,2,2,1,0.9820144343863251,10,10,1.0,0.6915028921812392,1.0,1.0,0.6915028921812392,1.0,1.0,0.6915028921812392,1.0,0.0,0.0,0.0,80,1.0,0.9549359649323077,1.0,1.0,0.9549359649323077,1.0,1.0,0.9549359649323077,1.0,0.0,0.0,0.0,1.0
groundingdino,372112,18196,25,closest giraffe,1,2,2,1,0.9820144343863251,20,20,1.0,0.8315665290169146,1.0,1.0,0.8315665290169146,1.0,1.0,0.8315665290169146,1.0,0.0,0.0,0.0,80,1.0,0.9549359649323077,1.0,1.0,0.9549359649323077,1.0,1.0,0.9549359649323077,1.0,0.0,0.0,0.0,1.0
groundingdino,372112,18196,25,closest giraffe,1,2,2,1,0.9820144343863251,40,40,1.0,0.9119026971211976,1.0,1.0,0.9119026971211976,1.0,1.0,0.9119026971211976,1.0,0.0,0.0,0.0,80,1.0,0.9549359649323077,1.0,1.0,0.9549359649323077,1.0,1.0,0.9549359649323077,1.0,0.0,0.0,0.0,1.0
groundingdino,556399,2283,52,right top object,1,18,5,0,0.012795551208618552,5,5,1.0,0.47817624989501856,1.0,1.0,0.47817624989501856,1.0,1.0,0.47817624989501856,1.0,0.0,0.0,0.0,80,0.9875,0.9323122155360776,0.9996835774723672,1.0,0.9543787472413889,1.0,0.9875,0.9323122155360776,0.9996835774723672,0.012499999999999956,0.0,0.0,1.0
groundingdino,556399,2283,52,right top object,1,18,5,0,0.012795551208618552,10,10,1.0,0.6915028921812392,1.0,1.0,0.6915028921812392,1.0,1.0,0.6915028921812392,1.0,0.0,0.0,0.0,80,0.9875,0.9323122155360776,0.9996835774723672,1.0,0.9543787472413889,1.0,0.9875,0.9323122155360776,0.9996835774723672,0.012499999999999956,0.0,0.0,1.0
groundingdino,556399,2283,52,right top object,1,18,5,0,0.012795551208618552,20,20,1.0,0.8315665290169146,1.0,1.0,0.8315665290169146,1.0,1.0,0.8315665290169146,1.0,0.0,0.0,0.0,80,0.9875,0.9323122155360776,0.9996835774723672,1.0,0.9543787472413889,1.0,0.9875,0.9323122155360776,0.9996835774723672,0.012499999999999956,0.0,0.0,1.0
groundingdino,556399,2283,52,right top object,1,18,5,0,0.012795551208618552,40,40,1.0,0.9119026971211976,1.0,1.0,0.9119026971211976,1.0,1.0,0.9119026971211976,1.0,0.0,0.0,0.0,80,0.9875,0.9323122155360776,0.9996835774723672,1.0,0.9543787472413889,1.0,0.9875,0.9323122155360776,0.9996835774723672,0.012499999999999956,0.0,0.0,1.0
groundingdino,114249,40166,1,25,0,1,0,0,0.0,5,0,0.0,,,,,,0.0,,,,,,0,0.0,,,,,,0.0,,,,,,0.0
groundingdino,114249,40166,1,25,0,1,0,0,0.0,10,0,0.0,,,,,,0.0,,,,,,0,0.0,,,,,,0.0,,,,,,0.0
groundingdino,114249,40166,1,25,0,1,0,0,0.0,20,0,0.0,,,,,,0.0,,,,,,0,0.0,,,,,,0.0,,,,,,0.0
groundingdino,114249,40166,1,25,0,1,0,0,0.0,40,0,0.0,,,,,,0.0,,,,,,0,0.0,,,,,,0.0,,,,,,0.0
groundingdino,38033,46779,54,the right half of the left sandwich,1,20,5,1,0.5524628415370686,5,5,1.0,0.47817624989501856,1.0,0.8,0.2835820638819106,0.9949492366205319,0.8,0.2835820638819106,0.9949492366205319,0.0,0.19999999999999996,0.0,80,1.0,0.9549359649323077,1.0,0.85,0.7526358884071023,0.9200184386902862,0.85,0.7526358884071023,0.9200184386902862,0.0,0.15000000000000002,0.0,0.8
groundingdino,38033,46779,54,the right half of the left sandwich,1,20,5,1,0.5524628415370686,10,10,1.0,0.6915028921812392,1.0,0.7,0.34754714994000274,0.9332604888222655,0.7,0.34754714994000274,0.9332604888222655,0.0,0.30000000000000004,0.0,80,1.0,0.9549359649323077,1.0,0.85,0.7526358884071023,0.9200184386902862,0.85,0.7526358884071023,0.9200184386902862,0.0,0.15000000000000002,0.0,0.7
groundingdino,38033,46779,54,the right half of the left sandwich,1,20,5,1,0.5524628415370686,20,20,1.0,0.8315665290169146,1.0,0.8,0.5633859970033317,0.9426660029499673,0.8,0.5633859970033317,0.9426660029499673,0.0,0.19999999999999996,0.0,80,1.0,0.9549359649323077,1.0,0.85,0.7526358884071023,0.9200184386902862,0.85,0.7526358884071023,0.9200184386902862,0.0,0.15000000000000002,0.0,0.8
groundingdino,38033,46779,54,the right half of the left sandwich,1,20,5,1,0.5524628415370686,40,40,1.0,0.9119026971211976,1.0,0.775,0.6154883226965773,0.891603361015928,0.775,0.6154883226965773,0.891603361015928,0.0,0.22499999999999998,0.0,80,1.0,0.9549359649323077,1.0,0.85,0.7526358884071023,0.9200184386902862,0.85,0.7526358884071023,0.9200184386902862,0.0,0.15000000000000002,0.0,0.775
groundingdino,29456,47472,6,rear bus next to old dude in brown,1,20,5,0,0.3549425400879433,5,5,1.0,0.47817624989501856,1.0,1.0,0.47817624989501856,1.0,1.0,0.47817624989501856,1.0,0.0,0.0,0.0,80,1.0,0.9549359649323077,1.0,1.0,0.9549359649323077,1.0,1.0,0.9549359649323077,1.0,0.0,0.0,0.0,1.0
groundingdino,29456,47472,6,rear bus next to old dude in brown,1,20,5,0,0.3549425400879433,10,10,1.0,0.6915028921812392,1.0,1.0,0.6915028921812392,1.0,1.0,0.6915028921812392,1.0,0.0,0.0,0.0,80,1.0,0.9549359649323077,1.0,1.0,0.9549359649323077,1.0,1.0,0.9549359649323077,1.0,0.0,0.0,0.0,1.0
groundingdino,29456,47472,6,rear bus next to old dude in brown,1,20,5,0,0.3549425400879433,20,20,1.0,0.8315665290169146,1.0,1.0,0.8315665290169146,1.0,1.0,0.8315665290169146,1.0,0.0,0.0,0.0,80,1.0,0.9549359649323077,1.0,1.0,0.9549359649323077,1.0,1.0,0.9549359649323077,1.0,0.0,0.0,0.0,1.0
groundingdino,29456,47472,6,rear bus next to old dude in brown,1,20,5,0,0.3549425400879433,40,40,1.0,0.9119026971211976,1.0,1.0,0.9119026971211976,1.0,1.0,0.9119026971211976,1.0,0.0,0.0,0.0,80,1.0,0.9549359649323077,1.0,1.0,0.9549359649323077,1.0,1.0,0.9549359649323077,1.0,0.0,0.0,0.0,1.0
groundingdino,222086,31118,1,girl with brown hair closest to camera hair in a bun,1,20,5,0,0.01651919731963764,5,5,1.0,0.47817624989501856,1.0,1.0,0.47817624989501856,1.0,1.0,0.47817624989501856,1.0,0.0,0.0,0.0,80,0.975,0.9125928440694078,0.9969579138351904,1.0,0.9538075796719513,1.0,0.975,0.9125928440694078,0.9969579138351904,0.025000000000000022,0.0,0.0,1.0
groundingdino,222086,31118,1,girl with brown hair closest to camera hair in a bun,1,20,5,0,0.01651919731963764,10,10,1.0,0.6915028921812392,1.0,1.0,0.6915028921812392,1.0,1.0,0.6915028921812392,1.0,0.0,0.0,0.0,80,0.975,0.9125928440694078,0.9969579138351904,1.0,0.9538075796719513,1.0,0.975,0.9125928440694078,0.9969579138351904,0.025000000000000022,0.0,0.0,1.0
groundingdino,222086,31118,1,girl with brown hair closest to camera hair in a bun,1,20,5,0,0.01651919731963764,20,20,0.95,0.7512672372279723,0.9987349105020502,1.0,0.8235330881930346,1.0,0.95,0.7512672372279723,0.9987349105020502,0.050000000000000044,0.0,0.0,80,0.975,0.9125928440694078,0.9969579138351904,1.0,0.9538075796719513,1.0,0.975,0.9125928440694078,0.9969579138351904,0.025000000000000022,0.0,0.0,0.95
groundingdino,222086,31118,1,girl with brown hair closest to camera hair in a bun,1,20,5,0,0.01651919731963764,40,40,0.95,0.8308031360405824,0.9938863534006491,1.0,0.9074872385841217,1.0,0.95,0.8308031360405824,0.9938863534006491,0.050000000000000044,0.0,0.0,80,0.975,0.9125928440694078,0.9969579138351904,1.0,0.9538075796719513,1.0,0.975,0.9125928440694078,0.9969579138351904,0.025000000000000022,0.0,0.0,0.95
groundingdino,52928,45438,1,guy in middle cutting cake,1,20,5,0,0.2597874951131255,5,5,1.0,0.47817624989501856,1.0,1.0,0.47817624989501856,1.0,1.0,0.47817624989501856,1.0,0.0,0.0,0.0,80,1.0,0.9549359649323077,1.0,0.8125,0.7096721043523089,0.8910863118524706,0.8125,0.7096721043523089,0.8910863118524706,0.0,0.1875,0.0,1.0
groundingdino,52928,45438,1,guy in middle cutting cake,1,20,5,0,0.2597874951131255,10,10,1.0,0.6915028921812392,1.0,1.0,0.6915028921812392,1.0,1.0,0.6915028921812392,1.0,0.0,0.0,0.0,80,1.0,0.9549359649323077,1.0,0.8125,0.7096721043523089,0.8910863118524706,0.8125,0.7096721043523089,0.8910863118524706,0.0,0.1875,0.0,1.0
groundingdino,52928,45438,1,guy in middle cutting cake,1,20,5,0,0.2597874951131255,20,20,1.0,0.8315665290169146,1.0,0.9,0.6830172859809176,0.9876514728297052,0.9,0.6830172859809176,0.9876514728297052,0.0,0.09999999999999998,0.0,80,1.0,0.9549359649323077,1.0,0.8125,0.7096721043523089,0.8910863118524706,0.8125,0.7096721043523089,0.8910863118524706,0.0,0.1875,0.0,0.9
groundingdino,52928,45438,1,guy in middle cutting cake,1,20,5,0,0.2597874951131255,40,40,1.0,0.9119026971211976,1.0,0.875,0.7319670826382796,0.9581403738613833,0.875,0.7319670826382796,0.9581403738613833,0.0,0.125,0.0,80,1.0,0.9549359649323077,1.0,0.8125,0.7096721043523089,0.8910863118524706,0.8125,0.7096721043523089,0.8910863118524706,0.0,0.1875,0.0,0.875
groundingdino,269532,27072,20,front sheep,1,20,5,1,0.9133856727900953,5,5,1.0,0.47817624989501856,1.0,1.0,0.47817624989501856,1.0,1.0,0.47817624989501856,1.0,0.0,0.0,0.0,80,1.0,0.9549359649323077,1.0,1.0,0.9549359649323077,1.0,1.0,0.9549359649323077,1.0,0.0,0.0,0.0,1.0
groundingdino,269532,27072,20,front sheep,1,20,5,1,0.9133856727900953,10,10,1.0,0.6915028921812392,1.0,1.0,0.6915028921812392,1.0,1.0,0.6915028921812392,1.0,0.0,0.0,0.0,80,1.0,0.9549359649323077,1.0,1.0,0.9549359649323077,1.0,1.0,0.9549359649323077,1.0,0.0,0.0,0.0,1.0
groundingdino,269532,27072,20,front sheep,1,20,5,1,0.9133856727900953,20,20,1.0,0.8315665290169146,1.0,1.0,0.8315665290169146,1.0,1.0,0.8315665290169146,1.0,0.0,0.0,0.0,80,1.0,0.9549359649323077,1.0,1.0,0.9549359649323077,1.0,1.0,0.9549359649323077,1.0,0.0,0.0,0.0,1.0
groundingdino,269532,27072,20,front sheep,1,20,5,1,0.9133856727900953,40,40,1.0,0.9119026971211976,1.0,1.0,0.9119026971211976,1.0,1.0,0.9119026971211976,1.0,0.0,0.0,0.0,80,1.0,0.9549359649323077,1.0,1.0,0.9549359649323077,1.0,1.0,0.9549359649323077,1.0,0.0,0.0,0.0,1.0
groundingdino,238007,29805,51,mushrooms,1,20,5,1,0.8455407016972579,5,5,0.8,0.2835820638819106,0.9949492366205319,0.5,0.06758598648854298,0.932414013511457,0.4,0.05274495052631693,0.8533672003653268,0.19999999999999996,0.4,0.0,80,0.9625,0.8942980149834914,0.9921988127342833,0.6623376623376623,0.5455406373534911,0.7662240380203539,0.6375,0.5223872787351915,0.7421051046283819,0.03749999999999998,0.325,5.551115123125783e-17,0.4
groundingdino,238007,29805,51,mushrooms,1,20,5,1,0.8455407016972579,10,10,0.8,0.4439045376923585,0.9747892736731666,0.625,0.24486321636655167,0.9147665858627465,0.5,0.18708602844739855,0.8129139715526015,0.19999999999999996,0.30000000000000004,0.0,80,0.9625,0.8942980149834914,0.9921988127342833,0.6623376623376623,0.5455406373534911,0.7662240380203539,0.6375,0.5223872787351915,0.7421051046283819,0.03749999999999998,0.325,5.551115123125783e-17,0.5
groundingdino,238007,29805,51,mushrooms,1,20,5,1,0.8455407016972579,20,20,0.9,0.6830172859809176,0.9876514728297052,0.7222222222222222,0.4651980344169439,0.9030507874744407,0.65,0.4078114654671719,0.8460907952154588,0.09999999999999998,0.25,0.0,80,0.9625,0.8942980149834914,0.9921988127342833,0.6623376623376623,0.5455406373534911,0.7662240380203539,0.6375,0.5223872787351915,0.7421051046283819,0.03749999999999998,0.325,5.551115123125783e-17,0.65
groundingdino,238007,29805,51,mushrooms,1,20,5,1,0.8455407016972579,40,40,0.95,0.8308031360405824,0.9938863534006491,0.7105263157894737,0.5409679330757076,0.8457537132120901,0.675,0.5087051245215516,0.8142710332366501,0.050000000000000044,0.275,1.1102230246251565e-16,80,0.9625,0.8942980149834914,0.9921988127342833,0.6623376623376623,0.5455406373534911,0.7662240380203539,0.6375,0.5223872787351915,0.7421051046283819,0.03749999999999998,0.325,5.551115123125783e-17,0.675
groundingdino,515401,5817,33,suitcase right,1,9,4,0,0.0,5,5,1.0,0.47817624989501856,1.0,1.0,0.47817624989501856,1.0,1.0,0.47817624989501856,1.0,0.0,0.0,0.0,80,1.0,0.9549359649323077,1.0,1.0,0.9549359649323077,1.0,1.0,0.9549359649323077,1.0,0.0,0.0,0.0,1.0
groundingdino,515401,5817,33,suitcase right,1,9,4,0,0.0,10,10,1.0,0.6915028921812392,1.0,1.0,0.6915028921812392,1.0,1.0,0.6915028921812392,1.0,0.0,0.0,0.0,80,1.0,0.9549359649323077,1.0,1.0,0.9549359649323077,1.0,1.0,0.9549359649323077,1.0,0.0,0.0,0.0,1.0
groundingdino,515401,5817,33,suitcase right,1,9,4,0,0.0,20,20,1.0,0.8315665290169146,1.0,1.0,0.8315665290169146,1.0,1.0,0.8315665290169146,1.0,0.0,0.0,0.0,80,1.0,0.9549359649323077,1.0,1.0,0.9549359649323077,1.0,1.0,0.9549359649323077,1.0,0.0,0.0,0.0,1.0
groundingdino,515401,5817,33,suitcase right,1,9,4,0,0.0,40,40,1.0,0.9119026971211976,1.0,1.0,0.9119026971211976,1.0,1.0,0.9119026971211976,1.0,0.0,0.0,0.0,80,1.0,0.9549359649323077,1.0,1.0,0.9549359649323077,1.0,1.0,0.9549359649323077,1.0,0.0,0.0,0.0,1.0
groundingdino,80826,42925,1,blue shirt,1,17,5,1,0.6653482449774298,5,5,1.0,0.47817624989501856,1.0,1.0,0.47817624989501856,1.0,1.0,0.47817624989501856,1.0,0.0,0.0,0.0,80,1.0,0.9549359649323077,1.0,1.0,0.9549359649323077,1.0,1.0,0.9549359649323077,1.0,0.0,0.0,0.0,1.0
groundingdino,80826,42925,1,blue shirt,1,17,5,1,0.6653482449774298,10,10,1.0,0.6915028921812392,1.0,1.0,0.6915028921812392,1.0,1.0,0.6915028921812392,1.0,0.0,0.0,0.0,80,1.0,0.9549359649323077,1.0,1.0,0.9549359649323077,1.0,1.0,0.9549359649323077,1.0,0.0,0.0,0.0,1.0
groundingdino,80826,42925,1,blue shirt,1,17,5,1,0.6653482449774298,20,20,1.0,0.8315665290169146,1.0,1.0,0.8315665290169146,1.0,1.0,0.8315665290169146,1.0,0.0,0.0,0.0,80,1.0,0.9549359649323077,1.0,1.0,0.9549359649323077,1.0,1.0,0.9549359649323077,1.0,0.0,0.0,0.0,1.0
groundingdino,80826,42925,1,blue shirt,1,17,5,1,0.6653482449774298,40,40,1.0,0.9119026971211976,1.0,1.0,0.9119026971211976,1.0,1.0,0.9119026971211976,1.0,0.0,0.0,0.0,80,1.0,0.9549359649323077,1.0,1.0,0.9549359649323077,1.0,1.0,0.9549359649323077,1.0,0.0,0.0,0.0,1.0
groundingdino,249429,28820,62,lounge chair on back left side,1,20,5,0,0.2552689117061225,5,5,1.0,0.47817624989501856,1.0,0.4,0.05274495052631693,0.8533672003653268,0.4,0.05274495052631693,0.8533672003653268,0.0,0.6,0.0,80,0.975,0.9125928440694078,0.9969579138351904,0.44871794871794873,0.33585694097718116,0.5655908672103908,0.4375,0.32676395343377895,0.5530024286118197,0.025000000000000022,0.5375,0.0,0.4
groundingdino,249429,28820,62,lounge chair on back left side,1,20,5,0,0.2552689117061225,10,10,1.0,0.6915028921812392,1.0,0.5,0.18708602844739855,0.8129139715526015,0.5,0.18708602844739855,0.8129139715526015,0.0,0.5,0.0,80,0.975,0.9125928440694078,0.9969579138351904,0.44871794871794873,0.33585694097718116,0.5655908672103908,0.4375,0.32676395343377895,0.5530024286118197,0.025000000000000022,0.5375,0.0,0.5
groundingdino,249429,28820,62,lounge chair on back left side,1,20,5,0,0.2552689117061225,20,20,1.0,0.8315665290169146,1.0,0.45,0.2305778967759242,0.6847218669594515,0.45,0.2305778967759242,0.6847218669594515,0.0,0.55,0.0,80,0.975,0.9125928440694078,0.9969579138351904,0.44871794871794873,0.33585694097718116,0.5655908672103908,0.4375,0.32676395343377895,0.5530024286118197,0.025000000000000022,0.5375,0.0,0.45
groundingdino,249429,28820,62,lounge chair on back left side,1,20,5,0,0.2552689117061225,40,40,1.0,0.9119026971211976,1.0,0.425,0.2704290312688629,0.5910994195730366,0.425,0.2704290312688629,0.5910994195730366,0.0,0.575,0.0,80,0.975,0.9125928440694078,0.9969579138351904,0.44871794871794873,0.33585694097718116,0.5655908672103908,0.4375,0.32676395343377895,0.5530024286118197,0.025000000000000022,0.5375,0.0,0.425
groundingdino,544109,3343,1,woman sitting on floor with legs apart,1,20,5,1,0.8053234675066736,5,5,1.0,0.47817624989501856,1.0,1.0,0.47817624989501856,1.0,1.0,0.47817624989501856,1.0,0.0,0.0,0.0,80,1.0,0.9549359649323077,1.0,1.0,0.9549359649323077,1.0,1.0,0.9549359649323077,1.0,0.0,0.0,0.0,1.0
groundingdino,544109,3343,1,woman sitting on floor with legs apart,1,20,5,1,0.8053234675066736,10,10,1.0,0.6915028921812392,1.0,1.0,0.6915028921812392,1.0,1.0,0.6915028921812392,1.0,0.0,0.0,0.0,80,1.0,0.9549359649323077,1.0,1.0,0.9549359649323077,1.0,1.0,0.9549359649323077,1.0,0.0,0.0,0.0,1.0
groundingdino,544109,3343,1,woman sitting on floor with legs apart,1,20,5,1,0.8053234675066736,20,20,1.0,0.8315665290169146,1.0,1.0,0.8315665290169146,1.0,1.0,0.8315665290169146,1.0,0.0,0.0,0.0,80,1.0,0.9549359649323077,1.0,1.0,0.9549359649323077,1.0,1.0,0.9549359649323077,1.0,0.0,0.0,0.0,1.0
groundingdino,544109,3343,1,woman sitting on floor with legs apart,1,20,5,1,0.8053234675066736,40,40,1.0,0.9119026971211976,1.0,1.0,0.9119026971211976,1.0,1.0,0.9119026971211976,1.0,0.0,0.0,0.0,80,1.0,0.9549359649323077,1.0,1.0,0.9549359649323077,1.0,1.0,0.9549359649323077,1.0,0.0,0.0,0.0,1.0
groundingdino,348382,20051,25,right giraffe,1,20,5,0,0.062237301120536936,5,5,1.0,0.47817624989501856,1.0,1.0,0.47817624989501856,1.0,1.0,0.47817624989501856,1.0,0.0,0.0,0.0,80,1.0,0.9549359649323077,1.0,0.9,0.8124348925365684,0.955829059846371,0.9,0.8124348925365684,0.955829059846371,0.0,0.09999999999999998,0.0,1.0
groundingdino,348382,20051,25,right giraffe,1,20,5,0,0.062237301120536936,10,10,1.0,0.6915028921812392,1.0,0.9,0.5549838829718046,0.9974714214555382,0.9,0.5549838829718046,0.9974714214555382,0.0,0.09999999999999998,0.0,80,1.0,0.9549359649323077,1.0,0.9,0.8124348925365684,0.955829059846371,0.9,0.8124348925365684,0.955829059846371,0.0,0.09999999999999998,0.0,0.9
groundingdino,348382,20051,25,right giraffe,1,20,5,0,0.062237301120536936,20,20,1.0,0.8315665290169146,1.0,0.85,0.6210731734546859,0.9679290628145363,0.85,0.6210731734546859,0.9679290628145363,0.0,0.15000000000000002,0.0,80,1.0,0.9549359649323077,1.0,0.9,0.8124348925365684,0.955829059846371,0.9,0.8124348925365684,0.955829059846371,0.0,0.09999999999999998,0.0,0.85
groundingdino,348382,20051,25,right giraffe,1,20,5,0,0.062237301120536936,40,40,1.0,0.9119026971211976,1.0,0.875,0.7319670826382796,0.9581403738613833,0.875,0.7319670826382796,0.9581403738613833,0.0,0.125,0.0,80,1.0,0.9549359649323077,1.0,0.9,0.8124348925365684,0.955829059846371,0.9,0.8124348925365684,0.955829059846371,0.0,0.09999999999999998,0.0,0.875
groundingdino,28451,47579,55,left lemon,1,16,5,1,0.9453838054382901,5,5,1.0,0.47817624989501856,1.0,0.6,0.14663279963467318,0.9472550494736831,0.6,0.14663279963467318,0.9472550494736831,0.0,0.4,0.0,80,1.0,0.9549359649323077,1.0,0.4625,0.35027642653839836,0.5775824719951649,0.4625,0.35027642653839836,0.5775824719951649,0.0,0.5375,0.0,0.6
groundingdino,28451,47579,55,left lemon,1,16,5,1,0.9453838054382901,10,10,1.0,0.6915028921812392,1.0,0.6,0.2623780766069451,0.8784477418801728,0.6,0.2623780766069451,0.8784477418801728,0.0,0.4,0.0,80,1.0,0.9549359649323077,1.0,0.4625,0.35027642653839836,0.5775824719951649,0.4625,0.35027642653839836,0.5775824719951649,0.0,0.5375,0.0,0.6
groundingdino,28451,47579,55,left lemon,1,16,5,1,0.9453838054382901,20,20,1.0,0.8315665290169146,1.0,0.55,0.3152781330405486,0.7694221032240758,0.55,0.3152781330405486,0.7694221032240758,0.0,0.44999999999999996,0.0,80,1.0,0.9549359649323077,1.0,0.4625,0.35027642653839836,0.5775824719951649,0.4625,0.35027642653839836,0.5775824719951649,0.0,0.5375,0.0,0.55
groundingdino,28451,47579,55,left lemon,1,16,5,1,0.9453838054382901,40,40,1.0,0.9119026971211976,1.0,0.5,0.33801781373723455,0.6619821862627655,0.5,0.33801781373723455,0.6619821862627655,0.0,0.5,0.0,80,1.0,0.9549359649323077,1.0,0.4625,0.35027642653839836,0.5775824719951649,0.4625,0.35027642653839836,0.5775824719951649,0.0,0.5375,0.0,0.5
groundingdino,209993,32154,20,left animal,1,5,3,0,0.0,5,5,1.0,0.47817624989501856,1.0,1.0,0.47817624989501856,1.0,1.0,0.47817624989501856,1.0,0.0,0.0,0.0,80,1.0,0.9549359649323077,1.0,1.0,0.9549359649323077,1.0,1.0,0.9549359649323077,1.0,0.0,0.0,0.0,1.0
groundingdino,209993,32154,20,left animal,1,5,3,0,0.0,10,10,1.0,0.6915028921812392,1.0,1.0,0.6915028921812392,1.0,1.0,0.6915028921812392,1.0,0.0,0.0,0.0,80,1.0,0.9549359649323077,1.0,1.0,0.9549359649323077,1.0,1.0,0.9549359649323077,1.0,0.0,0.0,0.0,1.0
groundingdino,209993,32154,20,left animal,1,5,3,0,0.0,20,20,1.0,0.8315665290169146,1.0,1.0,0.8315665290169146,1.0,1.0,0.8315665290169146,1.0,0.0,0.0,0.0,80,1.0,0.9549359649323077,1.0,1.0,0.9549359649323077,1.0,1.0,0.9549359649323077,1.0,0.0,0.0,0.0,1.0
groundingdino,209993,32154,20,left animal,1,5,3,0,0.0,40,40,1.0,0.9119026971211976,1.0,1.0,0.9119026971211976,1.0,1.0,0.9119026971211976,1.0,0.0,0.0,0.0,80,1.0,0.9549359649323077,1.0,1.0,0.9549359649323077,1.0,1.0,0.9549359649323077,1.0,0.0,0.0,0.0,1.0
groundingdino,175162,35094,56,broccoli on right side of bowl,1,20,5,1,0.6174688240654792,5,5,1.0,0.47817624989501856,1.0,1.0,0.47817624989501856,1.0,1.0,0.47817624989501856,1.0,0.0,0.0,0.0,80,1.0,0.9549359649323077,1.0,1.0,0.9549359649323077,1.0,1.0,0.9549359649323077,1.0,0.0,0.0,0.0,1.0
groundingdino,175162,35094,56,broccoli on right side of bowl,1,20,5,1,0.6174688240654792,10,10,1.0,0.6915028921812392,1.0,1.0,0.6915028921812392,1.0,1.0,0.6915028921812392,1.0,0.0,0.0,0.0,80,1.0,0.9549359649323077,1.0,1.0,0.9549359649323077,1.0,1.0,0.9549359649323077,1.0,0.0,0.0,0.0,1.0
groundingdino,175162,35094,56,broccoli on right side of bowl,1,20,5,1,0.6174688240654792,20,20,1.0,0.8315665290169146,1.0,1.0,0.8315665290169146,1.0,1.0,0.8315665290169146,1.0,0.0,0.0,0.0,80,1.0,0.9549359649323077,1.0,1.0,0.9549359649323077,1.0,1.0,0.9549359649323077,1.0,0.0,0.0,0.0,1.0
groundingdino,175162,35094,56,broccoli on right side of bowl,1,20,5,1,0.6174688240654792,40,40,1.0,0.9119026971211976,1.0,1.0,0.9119026971211976,1.0,1.0,0.9119026971211976,1.0,0.0,0.0,0.0,80,1.0,0.9549359649323077,1.0,1.0,0.9549359649323077,1.0,1.0,0.9549359649323077,1.0,0.0,0.0,0.0,1.0
groundingdino,558372,2134,1,arm of the man with backpack,1,20,5,0,0.29078643450935193,5,5,1.0,0.47817624989501856,1.0,0.6,0.14663279963467318,0.9472550494736831,0.6,0.14663279963467318,0.9472550494736831,0.0,0.4,0.0,80,1.0,0.9549359649323077,1.0,0.7875,0.6817141914403442,0.8710635049024182,0.7875,0.6817141914403442,0.8710635049024182,0.0,0.21250000000000002,0.0,0.6
groundingdino,558372,2134,1,arm of the man with backpack,1,20,5,0,0.29078643450935193,10,10,1.0,0.6915028921812392,1.0,0.7,0.34754714994000274,0.9332604888222655,0.7,0.34754714994000274,0.9332604888222655,0.0,0.30000000000000004,0.0,80,1.0,0.9549359649323077,1.0,0.7875,0.6817141914403442,0.8710635049024182,0.7875,0.6817141914403442,0.8710635049024182,0.0,0.21250000000000002,0.0,0.7
groundingdino,558372,2134,1,arm of the man with backpack,1,20,5,0,0.29078643450935193,20,20,0.95,0.7512672372279723,0.9987349105020502,0.7368421052631579,0.4879706546541273,0.9085342150923335,0.7,0.4572108177237109,0.8810684095942722,0.050000000000000044,0.25,0.0,80,1.0,0.9549359649323077,1.0,0.7875,0.6817141914403442,0.8710635049024182,0.7875,0.6817141914403442,0.8710635049024182,0.0,0.21250000000000002,0.0,0.7
groundingdino,558372,2134,1,arm of the man with backpack,1,20,5,0,0.29078643450935193,40,40,0.95,0.8308031360405824,0.9938863534006491,0.7368421052631579,0.5689917562977604,0.8659662769750264,0.7,0.5346837147458767,0.8343727956067644,0.050000000000000044,0.25,0.0,80,1.0,0.9549359649323077,1.0,0.7875,0.6817141914403442,0.8710635049024182,0.7875,0.6817141914403442,0.8710635049024182,0.0,0.21250000000000002,0.0,0.7
groundingdino,387849,16848,7,train,1,20,5,1,0.9603929506354633,5,5,0.8,0.2835820638819106,0.9949492366205319,1.0,0.3976353643835254,1.0,0.8,0.2835820638819106,0.9949492366205319,0.19999999999999996,0.0,0.0,80,0.6875,0.5741109261435505,0.7865253688912328,1.0,0.9351292391745754,1.0,0.6875,0.5741109261435505,0.7865253688912328,0.3125,0.0,0.0,0.8
groundingdino,387849,16848,7,train,1,20,5,1,0.9603929506354633,10,10,0.7,0.34754714994000274,0.9332604888222655,1.0,0.5903836027749967,1.0,0.7,0.34754714994000274,0.9332604888222655,0.30000000000000004,0.0,0.0,80,0.6875,0.5741109261435505,0.7865253688912328,1.0,0.9351292391745754,1.0,0.6875,0.5741109261435505,0.7865253688912328,0.3125,0.0,0.0,0.7
groundingdino,387849,16848,7,train,1,20,5,1,0.9603929506354633,20,20,0.7,0.4572108177237109,0.8810684095942722,1.0,0.7683642383498835,1.0,0.7,0.4572108177237109,0.8810684095942722,0.30000000000000004,0.0,0.0,80,0.6875,0.5741109261435505,0.7865253688912328,1.0,0.9351292391745754,1.0,0.6875,0.5741109261435505,0.7865253688912328,0.3125,0.0,0.0,0.7
groundingdino,387849,16848,7,train,1,20,5,1,0.9603929506354633,40,40,0.725,0.5611170928209519,0.8539910080361344,1.0,0.8805551309304973,1.0,0.725,0.5611170928209519,0.8539910080361344,0.275,0.0,0.0,80,0.6875,0.5741109261435505,0.7865253688912328,1.0,0.9351292391745754,1.0,0.6875,0.5741109261435505,0.7865253688912328,0.3125,0.0,0.0,0.725
groundingdino,396536,16060,8,blue truck being towed,1,20,5,0,0.11664830978541814,5,5,1.0,0.47817624989501856,1.0,1.0,0.47817624989501856,1.0,1.0,0.47817624989501856,1.0,0.0,0.0,0.0,80,1.0,0.9549359649323077,1.0,0.95,0.876901263556847,0.9862106060235382,0.95,0.876901263556847,0.9862106060235382,0.0,0.050000000000000044,0.0,1.0
groundingdino,396536,16060,8,blue truck being towed,1,20,5,0,0.11664830978541814,10,10,1.0,0.6915028921812392,1.0,0.9,0.5549838829718046,0.9974714214555382,0.9,0.5549838829718046,0.9974714214555382,0.0,0.09999999999999998,0.0,80,1.0,0.9549359649323077,1.0,0.95,0.876901263556847,0.9862106060235382,0.95,0.876901263556847,0.9862106060235382,0.0,0.050000000000000044,0.0,0.9
groundingdino,396536,16060,8,blue truck being towed,1,20,5,0,0.11664830978541814,20,20,1.0,0.8315665290169146,1.0,0.9,0.6830172859809176,0.9876514728297052,0.9,0.6830172859809176,0.9876514728297052,0.0,0.09999999999999998,0.0,80,1.0,0.9549359649323077,1.0,0.95,0.876901263556847,0.9862106060235382,0.95,0.876901263556847,0.9862106060235382,0.0,0.050000000000000044,0.0,0.9
groundingdino,396536,16060,8,blue truck being towed,1,20,5,0,0.11664830978541814,40,40,1.0,0.9119026971211976,1.0,0.875,0.7319670826382796,0.9581403738613833,0.875,0.7319670826382796,0.9581403738613833,0.0,0.125,0.0,80,1.0,0.9549359649323077,1.0,0.95,0.876901263556847,0.9862106060235382,0.95,0.876901263556847,0.9862106060235382,0.0,0.050000000000000044,0.0,0.875
groundingdino,86754,42465,1,green shorts,1,20,5,0,0.1633334829629905,5,5,1.0,0.47817624989501856,1.0,1.0,0.47817624989501856,1.0,1.0,0.47817624989501856,1.0,0.0,0.0,0.0,80,1.0,0.9549359649323077,1.0,1.0,0.9549359649323077,1.0,1.0,0.9549359649323077,1.0,0.0,0.0,0.0,1.0
groundingdino,86754,42465,1,green shorts,1,20,5,0,0.1633334829629905,10,10,1.0,0.6915028921812392,1.0,1.0,0.6915028921812392,1.0,1.0,0.6915028921812392,1.0,0.0,0.0,0.0,80,1.0,0.9549359649323077,1.0,1.0,0.9549359649323077,1.0,1.0,0.9549359649323077,1.0,0.0,0.0,0.0,1.0
groundingdino,86754,42465,1,green shorts,1,20,5,0,0.1633334829629905,20,20,1.0,0.8315665290169146,1.0,1.0,0.8315665290169146,1.0,1.0,0.8315665290169146,1.0,0.0,0.0,0.0,80,1.0,0.9549359649323077,1.0,1.0,0.9549359649323077,1.0,1.0,0.9549359649323077,1.0,0.0,0.0,0.0,1.0
groundingdino,86754,42465,1,green shorts,1,20,5,0,0.1633334829629905,40,40,1.0,0.9119026971211976,1.0,1.0,0.9119026971211976,1.0,1.0,0.9119026971211976,1.0,0.0,0.0,0.0,80,1.0,0.9549359649323077,1.0,1.0,0.9549359649323077,1.0,1.0,0.9549359649323077,1.0,0.0,0.0,0.0,1.0
groundingdino,531752,4402,58,second hotdogt from right,1,20,5,0,0.3954073623403625,5,5,1.0,0.47817624989501856,1.0,0.8,0.2835820638819106,0.9949492366205319,0.8,0.2835820638819106,0.9949492366205319,0.0,0.19999999999999996,0.0,80,1.0,0.9549359649323077,1.0,0.875,0.7821108659305637,0.9383979034415657,0.875,0.7821108659305637,0.9383979034415657,0.0,0.125,0.0,0.8
groundingdino,531752,4402,58,second hotdogt from right,1,20,5,0,0.3954073623403625,10,10,1.0,0.6915028921812392,1.0,0.8,0.4439045376923585,0.9747892736731666,0.8,0.4439045376923585,0.9747892736731666,0.0,0.19999999999999996,0.0,80,1.0,0.9549359649323077,1.0,0.875,0.7821108659305637,0.9383979034415657,0.875,0.7821108659305637,0.9383979034415657,0.0,0.125,0.0,0.8
groundingdino,531752,4402,58,second hotdogt from right,1,20,5,0,0.3954073623403625,20,20,1.0,0.8315665290169146,1.0,0.8,0.5633859970033317,0.9426660029499673,0.8,0.5633859970033317,0.9426660029499673,0.0,0.19999999999999996,0.0,80,1.0,0.9549359649323077,1.0,0.875,0.7821108659305637,0.9383979034415657,0.875,0.7821108659305637,0.9383979034415657,0.0,0.125,0.0,0.8
groundingdino,531752,4402,58,second hotdogt from right,1,20,5,0,0.3954073623403625,40,40,1.0,0.9119026971211976,1.0,0.825,0.6722098666384142,0.9266172706479148,0.825,0.6722098666384142,0.9266172706479148,0.0,0.17500000000000004,0.0,80,1.0,0.9549359649323077,1.0,0.875,0.7821108659305637,0.9383979034415657,0.875,0.7821108659305637,0.9383979034415657,0.0,0.125,0.0,0.825
groundingdino,18780,48386,59,first pizza,1,9,5,1,0.922060823555662,5,5,0.8,0.2835820638819106,0.9949492366205319,1.0,0.3976353643835254,1.0,0.8,0.2835820638819106,0.9949492366205319,0.19999999999999996,0.0,0.0,80,0.6375,0.5223872787351915,0.7421051046283819,1.0,0.9302229692504613,1.0,0.6375,0.5223872787351915,0.7421051046283819,0.36250000000000004,0.0,0.0,0.8
groundingdino,18780,48386,59,first pizza,1,9,5,1,0.922060823555662,10,10,0.7,0.34754714994000274,0.9332604888222655,1.0,0.5903836027749967,1.0,0.7,0.34754714994000274,0.9332604888222655,0.30000000000000004,0.0,0.0,80,0.6375,0.5223872787351915,0.7421051046283819,1.0,0.9302229692504613,1.0,0.6375,0.5223872787351915,0.7421051046283819,0.36250000000000004,0.0,0.0,0.7
groundingdino,18780,48386,59,first pizza,1,9,5,1,0.922060823555662,20,20,0.75,0.5089541282920425,0.9134285308985653,1.0,0.781980639089466,1.0,0.75,0.5089541282920425,0.9134285308985653,0.25,0.0,0.0,80,0.6375,0.5223872787351915,0.7421051046283819,1.0,0.9302229692504613,1.0,0.6375,0.5223872787351915,0.7421051046283819,0.36250000000000004,0.0,0.0,0.75
groundingdino,18780,48386,59,first pizza,1,9,5,1,0.922060823555662,40,40,0.675,0.5087051245215516,0.8142710332366501,1.0,0.8722971323845676,1.0,0.675,0.5087051245215516,0.8142710332366501,0.32499999999999996,0.0,0.0,80,0.6375,0.5223872787351915,0.7421051046283819,1.0,0.9302229692504613,1.0,0.6375,0.5223872787351915,0.7421051046283819,0.36250000000000004,0.0,0.0,0.675
groundingdino,43998,46267,4,full bike on right at front,1,20,5,1,0.9562966830446405,5,5,1.0,0.47817624989501856,1.0,1.0,0.47817624989501856,1.0,1.0,0.47817624989501856,1.0,0.0,0.0,0.0,80,0.975,0.9125928440694078,0.9969579138351904,1.0,0.9538075796719513,1.0,0.975,0.9125928440694078,0.9969579138351904,0.025000000000000022,0.0,0.0,1.0
groundingdino,43998,46267,4,full bike on right at front,1,20,5,1,0.9562966830446405,10,10,1.0,0.6915028921812392,1.0,1.0,0.6915028921812392,1.0,1.0,0.6915028921812392,1.0,0.0,0.0,0.0,80,0.975,0.9125928440694078,0.9969579138351904,1.0,0.9538075796719513,1.0,0.975,0.9125928440694078,0.9969579138351904,0.025000000000000022,0.0,0.0,1.0
groundingdino,43998,46267,4,full bike on right at front,1,20,5,1,0.9562966830446405,20,20,0.95,0.7512672372279723,0.9987349105020502,1.0,0.8235330881930346,1.0,0.95,0.7512672372279723,0.9987349105020502,0.050000000000000044,0.0,0.0,80,0.975,0.9125928440694078,0.9969579138351904,1.0,0.9538075796719513,1.0,0.975,0.9125928440694078,0.9969579138351904,0.025000000000000022,0.0,0.0,0.95
groundingdino,43998,46267,4,full bike on right at front,1,20,5,1,0.9562966830446405,40,40,0.975,0.8684141415172343,0.9993672550679505,1.0,0.9097488990396657,1.0,0.975,0.8684141415172343,0.9993672550679505,0.025000000000000022,0.0,0.0,80,0.975,0.9125928440694078,0.9969579138351904,1.0,0.9538075796719513,1.0,0.975,0.9125928440694078,0.9969579138351904,0.025000000000000022,0.0,0.0,0.975
groundingdino,325494,22216,1,gray shirted man,1,17,5,1,0.7825483678584735,5,5,1.0,0.47817624989501856,1.0,1.0,0.47817624989501856,1.0,1.0,0.47817624989501856,1.0,0.0,0.0,0.0,80,1.0,0.9549359649323077,1.0,0.9875,0.9323122155360776,0.9996835774723672,0.9875,0.9323122155360776,0.9996835774723672,0.0,0.012499999999999956,0.0,1.0
groundingdino,325494,22216,1,gray shirted man,1,17,5,1,0.7825483678584735,10,10,1.0,0.6915028921812392,1.0,1.0,0.6915028921812392,1.0,1.0,0.6915028921812392,1.0,0.0,0.0,0.0,80,1.0,0.9549359649323077,1.0,0.9875,0.9323122155360776,0.9996835774723672,0.9875,0.9323122155360776,0.9996835774723672,0.0,0.012499999999999956,0.0,1.0
groundingdino,325494,22216,1,gray shirted man,1,17,5,1,0.7825483678584735,20,20,1.0,0.8315665290169146,1.0,1.0,0.8315665290169146,1.0,1.0,0.8315665290169146,1.0,0.0,0.0,0.0,80,1.0,0.9549359649323077,1.0,0.9875,0.9323122155360776,0.9996835774723672,0.9875,0.9323122155360776,0.9996835774723672,0.0,0.012499999999999956,0.0,1.0
groundingdino,325494,22216,1,gray shirted man,1,17,5,1,0.7825483678584735,40,40,1.0,0.9119026971211976,1.0,1.0,0.9119026971211976,1.0,1.0,0.9119026971211976,1.0,0.0,0.0,0.0,80,1.0,0.9549359649323077,1.0,0.9875,0.9323122155360776,0.9996835774723672,0.9875,0.9323122155360776,0.9996835774723672,0.0,0.012499999999999956,0.0,1.0
groundingdino,351397,19784,88,white teddt far left,1,20,5,0,0.0,5,5,1.0,0.47817624989501856,1.0,1.0,0.47817624989501856,1.0,1.0,0.47817624989501856,1.0,0.0,0.0,0.0,80,1.0,0.9549359649323077,1.0,0.8875,0.7971534080830098,0.9472484868543125,0.8875,0.7971534080830098,0.9472484868543125,0.0,0.11250000000000004,0.0,1.0
groundingdino,351397,19784,88,white teddt far left,1,20,5,0,0.0,10,10,1.0,0.6915028921812392,1.0,0.9,0.5549838829718046,0.9974714214555382,0.9,0.5549838829718046,0.9974714214555382,0.0,0.09999999999999998,0.0,80,1.0,0.9549359649323077,1.0,0.8875,0.7971534080830098,0.9472484868543125,0.8875,0.7971534080830098,0.9472484868543125,0.0,0.11250000000000004,0.0,0.9
groundingdino,351397,19784,88,white teddt far left,1,20,5,0,0.0,20,20,1.0,0.8315665290169146,1.0,0.9,0.6830172859809176,0.9876514728297052,0.9,0.6830172859809176,0.9876514728297052,0.0,0.09999999999999998,0.0,80,1.0,0.9549359649323077,1.0,0.8875,0.7971534080830098,0.9472484868543125,0.8875,0.7971534080830098,0.9472484868543125,0.0,0.11250000000000004,0.0,0.9
groundingdino,351397,19784,88,white teddt far left,1,20,5,0,0.0,40,40,1.0,0.9119026971211976,1.0,0.85,0.7016473331604236,0.9428977418454741,0.85,0.7016473331604236,0.9428977418454741,0.0,0.15000000000000002,0.0,80,1.0,0.9549359649323077,1.0,0.8875,0.7971534080830098,0.9472484868543125,0.8875,0.7971534080830098,0.9472484868543125,0.0,0.11250000000000004,0.0,0.85
groundingdino,139324,37987,1,left kid,1,5,3,0,0.0,5,5,1.0,0.47817624989501856,1.0,0.2,0.005050763379468061,0.7164179361180893,0.2,0.005050763379468061,0.7164179361180893,0.0,0.8,0.0,80,1.0,0.9549359649323077,1.0,0.4375,0.32676395343377895,0.5530024286118197,0.4375,0.32676395343377895,0.5530024286118197,0.0,0.5625,0.0,0.2
groundingdino,139324,37987,1,left kid,1,5,3,0,0.0,10,10,1.0,0.6915028921812392,1.0,0.3,0.0667395111777345,0.6524528500599973,0.3,0.0667395111777345,0.6524528500599973,0.0,0.7,0.0,80,1.0,0.9549359649323077,1.0,0.4375,0.32676395343377895,0.5530024286118197,0.4375,0.32676395343377895,0.5530024286118197,0.0,0.5625,0.0,0.3
groundingdino,139324,37987,1,left kid,1,5,3,0,0.0,20,20,1.0,0.8315665290169146,1.0,0.35,0.15390920478454118,0.5921885345328282,0.35,0.15390920478454118,0.5921885345328282,0.0,0.65,0.0,80,1.0,0.9549359649323077,1.0,0.4375,0.32676395343377895,0.5530024286118197,0.4375,0.32676395343377895,0.5530024286118197,0.0,0.5625,0.0,0.35
groundingdino,139324,37987,1,left kid,1,5,3,0,0.0,40,40,1.0,0.9119026971211976,1.0,0.35,0.20628249087076694,0.5168444536489906,0.35,0.20628249087076694,0.5168444536489906,0.0,0.65,0.0,80,1.0,0.9549359649323077,1.0,0.4375,0.32676395343377895,0.5530024286118197,0.4375,0.32676395343377895,0.5530024286118197,0.0,0.5625,0.0,0.35
groundingdino,260129,27912,1,guy looking at phone,1,20,5,1,0.9789874837809288,5,5,1.0,0.47817624989501856,1.0,1.0,0.47817624989501856,1.0,1.0,0.47817624989501856,1.0,0.0,0.0,0.0,80,0.9625,0.8942980149834914,0.9921988127342833,1.0,0.9532219318395959,1.0,0.9625,0.8942980149834914,0.9921988127342833,0.03749999999999998,0.0,0.0,1.0
groundingdino,260129,27912,1,guy looking at phone,1,20,5,1,0.9789874837809288,10,10,1.0,0.6915028921812392,1.0,1.0,0.6915028921812392,1.0,1.0,0.6915028921812392,1.0,0.0,0.0,0.0,80,0.9625,0.8942980149834914,0.9921988127342833,1.0,0.9532219318395959,1.0,0.9625,0.8942980149834914,0.9921988127342833,0.03749999999999998,0.0,0.0,1.0
groundingdino,260129,27912,1,guy looking at phone,1,20,5,1,0.9789874837809288,20,20,1.0,0.8315665290169146,1.0,1.0,0.8315665290169146,1.0,1.0,0.8315665290169146,1.0,0.0,0.0,0.0,80,0.9625,0.8942980149834914,0.9921988127342833,1.0,0.9532219318395959,1.0,0.9625,0.8942980149834914,0.9921988127342833,0.03749999999999998,0.0,0.0,1.0
groundingdino,260129,27912,1,guy looking at phone,1,20,5,1,0.9789874837809288,40,40,1.0,0.9119026971211976,1.0,1.0,0.9119026971211976,1.0,1.0,0.9119026971211976,1.0,0.0,0.0,0.0,80,0.9625,0.8942980149834914,0.9921988127342833,1.0,0.9532219318395959,1.0,0.9625,0.8942980149834914,0.9921988127342833,0.03749999999999998,0.0,0.0,1.0
groundingdino,106383,40755,78,bottom box right,1,20,5,0,0.02028484938663213,5,5,1.0,0.47817624989501856,1.0,0.8,0.2835820638819106,0.9949492366205319,0.8,0.2835820638819106,0.9949492366205319,0.0,0.19999999999999996,0.0,80,1.0,0.9549359649323077,1.0,0.875,0.7821108659305637,0.9383979034415657,0.875,0.7821108659305637,0.9383979034415657,0.0,0.125,0.0,0.8
groundingdino,106383,40755,78,bottom box right,1,20,5,0,0.02028484938663213,10,10,1.0,0.6915028921812392,1.0,0.8,0.4439045376923585,0.9747892736731666,0.8,0.4439045376923585,0.9747892736731666,0.0,0.19999999999999996,0.0,80,1.0,0.9549359649323077,1.0,0.875,0.7821108659305637,0.9383979034415657,0.875,0.7821108659305637,0.9383979034415657,0.0,0.125,0.0,0.8
groundingdino,106383,40755,78,bottom box right,1,20,5,0,0.02028484938663213,20,20,1.0,0.8315665290169146,1.0,0.85,0.6210731734546859,0.9679290628145363,0.85,0.6210731734546859,0.9679290628145363,0.0,0.15000000000000002,0.0,80,1.0,0.9549359649323077,1.0,0.875,0.7821108659305637,0.9383979034415657,0.875,0.7821108659305637,0.9383979034415657,0.0,0.125,0.0,0.85
groundingdino,106383,40755,78,bottom box right,1,20,5,0,0.02028484938663213,40,40,1.0,0.9119026971211976,1.0,0.85,0.7016473331604236,0.9428977418454741,0.85,0.7016473331604236,0.9428977418454741,0.0,0.15000000000000002,0.0,80,1.0,0.9549359649323077,1.0,0.875,0.7821108659305637,0.9383979034415657,0.875,0.7821108659305637,0.9383979034415657,0.0,0.125,0.0,0.85
groundingdino,68287,44038,1,bottom man in blue,1,20,5,1,0.9640325511784457,5,5,1.0,0.47817624989501856,1.0,1.0,0.47817624989501856,1.0,1.0,0.47817624989501856,1.0,0.0,0.0,0.0,80,1.0,0.9549359649323077,1.0,1.0,0.9549359649323077,1.0,1.0,0.9549359649323077,1.0,0.0,0.0,0.0,1.0
groundingdino,68287,44038,1,bottom man in blue,1,20,5,1,0.9640325511784457,10,10,1.0,0.6915028921812392,1.0,1.0,0.6915028921812392,1.0,1.0,0.6915028921812392,1.0,0.0,0.0,0.0,80,1.0,0.9549359649323077,1.0,1.0,0.9549359649323077,1.0,1.0,0.9549359649323077,1.0,0.0,0.0,0.0,1.0
groundingdino,68287,44038,1,bottom man in blue,1,20,5,1,0.9640325511784457,20,20,1.0,0.8315665290169146,1.0,1.0,0.8315665290169146,1.0,1.0,0.8315665290169146,1.0,0.0,0.0,0.0,80,1.0,0.9549359649323077,1.0,1.0,0.9549359649323077,1.0,1.0,0.9549359649323077,1.0,0.0,0.0,0.0,1.0
groundingdino,68287,44038,1,bottom man in blue,1,20,5,1,0.9640325511784457,40,40,1.0,0.9119026971211976,1.0,1.0,0.9119026971211976,1.0,1.0,0.9119026971211976,1.0,0.0,0.0,0.0,80,1.0,0.9549359649323077,1.0,1.0,0.9549359649323077,1.0,1.0,0.9549359649323077,1.0,0.0,0.0,0.0,1.0
groundingdino,111992,40317,8,far left crate,1,20,5,0,0.0,5,5,1.0,0.47817624989501856,1.0,1.0,0.47817624989501856,1.0,1.0,0.47817624989501856,1.0,0.0,0.0,0.0,80,1.0,0.9549359649323077,1.0,0.9875,0.9323122155360776,0.9996835774723672,0.9875,0.9323122155360776,0.9996835774723672,0.0,0.012499999999999956,0.0,1.0
groundingdino,111992,40317,8,far left crate,1,20,5,0,0.0,10,10,1.0,0.6915028921812392,1.0,0.9,0.5549838829718046,0.9974714214555382,0.9,0.5549838829718046,0.9974714214555382,0.0,0.09999999999999998,0.0,80,1.0,0.9549359649323077,1.0,0.9875,0.9323122155360776,0.9996835774723672,0.9875,0.9323122155360776,0.9996835774723672,0.0,0.012499999999999956,0.0,0.9
groundingdino,111992,40317,8,far left crate,1,20,5,0,0.0,20,20,1.0,0.8315665290169146,1.0,0.95,0.7512672372279723,0.9987349105020502,0.95,0.7512672372279723,0.9987349105020502,0.0,0.050000000000000044,0.0,80,1.0,0.9549359649323077,1.0,0.9875,0.9323122155360776,0.9996835774723672,0.9875,0.9323122155360776,0.9996835774723672,0.0,0.012499999999999956,0.0,0.95
groundingdino,111992,40317,8,far left crate,1,20,5,0,0.0,40,40,1.0,0.9119026971211976,1.0,0.95,0.8308031360405824,0.9938863534006491,0.95,0.8308031360405824,0.9938863534006491,0.0,0.050000000000000044,0.0,80,1.0,0.9549359649323077,1.0,0.9875,0.9323122155360776,0.9996835774723672,0.9875,0.9323122155360776,0.9996835774723672,0.0,0.012499999999999956,0.0,0.95
groundingdino,92165,41976,60,pink donut,1,8,5,1,0.97574497171314,5,5,1.0,0.47817624989501856,1.0,1.0,0.47817624989501856,1.0,1.0,0.47817624989501856,1.0,0.0,0.0,0.0,80,0.7125,0.6004548866879794,0.8082395280280349,1.0,0.9373325190855151,1.0,0.7125,0.6004548866879794,0.8082395280280349,0.2875,0.0,0.0,1.0
groundingdino,92165,41976,60,pink donut,1,8,5,1,0.97574497171314,10,10,0.9,0.5549838829718046,0.9974714214555382,1.0,0.6637328831200572,1.0,0.9,0.5549838829718046,0.9974714214555382,0.09999999999999998,0.0,0.0,80,0.7125,0.6004548866879794,0.8082395280280349,1.0,0.9373325190855151,1.0,0.7125,0.6004548866879794,0.8082395280280349,0.2875,0.0,0.0,0.9
groundingdino,92165,41976,60,pink donut,1,8,5,1,0.97574497171314,20,20,0.9,0.6830172859809176,0.9876514728297052,1.0,0.8146980318621478,1.0,0.9,0.6830172859809176,0.9876514728297052,0.09999999999999998,0.0,0.0,80,0.7125,0.6004548866879794,0.8082395280280349,1.0,0.9373325190855151,1.0,0.7125,0.6004548866879794,0.8082395280280349,0.2875,0.0,0.0,0.9
groundingdino,92165,41976,60,pink donut,1,8,5,1,0.97574497171314,40,40,0.825,0.6722098666384142,0.9266172706479148,1.0,0.8942371899254207,1.0,0.825,0.6722098666384142,0.9266172706479148,0.17500000000000004,0.0,0.0,80,0.7125,0.6004548866879794,0.8082395280280349,1.0,0.9373325190855151,1.0,0.7125,0.6004548866879794,0.8082395280280349,0.2875,0.0,0.0,0.825
groundingdino,67748,44074,65,wood floor at the bottom of photo,1,20,5,1,0.8741635148651753,5,5,1.0,0.47817624989501856,1.0,0.6,0.14663279963467318,0.9472550494736831,0.6,0.14663279963467318,0.9472550494736831,0.0,0.4,0.0,80,1.0,0.9549359649323077,1.0,0.8625,0.7672791291752744,0.9293121672961213,0.8625,0.7672791291752744,0.9293121672961213,0.0,0.13749999999999996,0.0,0.6
groundingdino,67748,44074,65,wood floor at the bottom of photo,1,20,5,1,0.8741635148651753,10,10,1.0,0.6915028921812392,1.0,0.8,0.4439045376923585,0.9747892736731666,0.8,0.4439045376923585,0.9747892736731666,0.0,0.19999999999999996,0.0,80,1.0,0.9549359649323077,1.0,0.8625,0.7672791291752744,0.9293121672961213,0.8625,0.7672791291752744,0.9293121672961213,0.0,0.13749999999999996,0.0,0.8
groundingdino,67748,44074,65,wood floor at the bottom of photo,1,20,5,1,0.8741635148651753,20,20,1.0,0.8315665290169146,1.0,0.8,0.5633859970033317,0.9426660029499673,0.8,0.5633859970033317,0.9426660029499673,0.0,0.19999999999999996,0.0,80,1.0,0.9549359649323077,1.0,0.8625,0.7672791291752744,0.9293121672961213,0.8625,0.7672791291752744,0.9293121672961213,0.0,0.13749999999999996,0.0,0.8
groundingdino,67748,44074,65,wood floor at the bottom of photo,1,20,5,1,0.8741635148651753,40,40,1.0,0.9119026971211976,1.0,0.85,0.7016473331604236,0.9428977418454741,0.85,0.7016473331604236,0.9428977418454741,0.0,0.15000000000000002,0.0,80,1.0,0.9549359649323077,1.0,0.8625,0.7672791291752744,0.9293121672961213,0.8625,0.7672791291752744,0.9293121672961213,0.0,0.13749999999999996,0.0,0.85
groundingdino,208612,32283,62,empty chair middle,1,17,5,0,0.18050970731478255,5,5,1.0,0.47817624989501856,1.0,0.8,0.2835820638819106,0.9949492366205319,0.8,0.2835820638819106,0.9949492366205319,0.0,0.19999999999999996,0.0,80,0.975,0.9125928440694078,0.9969579138351904,0.8717948717948718,0.7768378532547537,0.9367722658785013,0.85,0.7526358884071023,0.9200184386902862,0.025000000000000022,0.12499999999999999,1.3877787807814457e-17,0.8
groundingdino,208612,32283,62,empty chair middle,1,17,5,0,0.18050970731478255,10,10,1.0,0.6915028921812392,1.0,0.8,0.4439045376923585,0.9747892736731666,0.8,0.4439045376923585,0.9747892736731666,0.0,0.19999999999999996,0.0,80,0.975,0.9125928440694078,0.9969579138351904,0.8717948717948718,0.7768378532547537,0.9367722658785013,0.85,0.7526358884071023,0.9200184386902862,0.025000000000000022,0.12499999999999999,1.3877787807814457e-17,0.8
groundingdino,208612,32283,62,empty chair middle,1,17,5,0,0.18050970731478255,20,20,1.0,0.8315665290169146,1.0,0.9,0.6830172859809176,0.9876514728297052,0.9,0.6830172859809176,0.9876514728297052,0.0,0.09999999999999998,0.0,80,0.975,0.9125928440694078,0.9969579138351904,0.8717948717948718,0.7768378532547537,0.9367722658785013,0.85,0.7526358884071023,0.9200184386902862,0.025000000000000022,0.12499999999999999,1.3877787807814457e-17,0.9
groundingdino,208612,32283,62,empty chair middle,1,17,5,0,0.18050970731478255,40,40,0.95,0.8308031360405824,0.9938863534006491,0.9473684210526315,0.8225094096523593,0.9935612832849081,0.9,0.7633626001239001,0.9720745847057807,0.050000000000000044,0.050000000000000044,1.1102230246251565e-16,80,0.975,0.9125928440694078,0.9969579138351904,0.8717948717948718,0.7768378532547537,0.9367722658785013,0.85,0.7526358884071023,0.9200184386902862,0.025000000000000022,0.12499999999999999,1.3877787807814457e-17,0.9
groundingdino,502504,6934,1,boy in stripes apron,1,16,5,1,0.7198927015374235,5,5,1.0,0.47817624989501856,1.0,1.0,0.47817624989501856,1.0,1.0,0.47817624989501856,1.0,0.0,0.0,0.0,80,0.9625,0.8942980149834914,0.9921988127342833,1.0,0.9532219318395959,1.0,0.9625,0.8942980149834914,0.9921988127342833,0.03749999999999998,0.0,0.0,1.0
groundingdino,502504,6934,1,boy in stripes apron,1,16,5,1,0.7198927015374235,10,10,1.0,0.6915028921812392,1.0,1.0,0.6915028921812392,1.0,1.0,0.6915028921812392,1.0,0.0,0.0,0.0,80,0.9625,0.8942980149834914,0.9921988127342833,1.0,0.9532219318395959,1.0,0.9625,0.8942980149834914,0.9921988127342833,0.03749999999999998,0.0,0.0,1.0
groundingdino,502504,6934,1,boy in stripes apron,1,16,5,1,0.7198927015374235,20,20,1.0,0.8315665290169146,1.0,0.95,0.7512672372279723,0.9987349105020502,0.95,0.7512672372279723,0.9987349105020502,0.0,0.050000000000000044,0.0,80,0.9625,0.8942980149834914,0.9921988127342833,1.0,0.9532219318395959,1.0,0.9625,0.8942980149834914,0.9921988127342833,0.03749999999999998,0.0,0.0,0.95
groundingdino,502504,6934,1,boy in stripes apron,1,16,5,1,0.7198927015374235,40,40,1.0,0.9119026971211976,1.0,0.975,0.8684141415172343,0.9993672550679505,0.975,0.8684141415172343,0.9993672550679505,0.0,0.025000000000000022,0.0,80,0.9625,0.8942980149834914,0.9921988127342833,1.0,0.9532219318395959,1.0,0.9625,0.8942980149834914,0.9921988127342833,0.03749999999999998,0.0,0.0,0.975
groundingdino,508140,6421,3,second car from left blue,1,20,5,1,0.7655068068757129,5,5,1.0,0.47817624989501856,1.0,0.8,0.2835820638819106,0.9949492366205319,0.8,0.2835820638819106,0.9949492366205319,0.0,0.19999999999999996,0.0,80,1.0,0.9549359649323077,1.0,0.675,0.5610629543955516,0.7755404148225468,0.675,0.5610629543955516,0.7755404148225468,0.0,0.32499999999999996,0.0,0.8
groundingdino,508140,6421,3,second car from left blue,1,20,5,1,0.7655068068757129,10,10,1.0,0.6915028921812392,1.0,0.7,0.34754714994000274,0.9332604888222655,0.7,0.34754714994000274,0.9332604888222655,0.0,0.30000000000000004,0.0,80,1.0,0.9549359649323077,1.0,0.675,0.5610629543955516,0.7755404148225468,0.675,0.5610629543955516,0.7755404148225468,0.0,0.32499999999999996,0.0,0.7
groundingdino,508140,6421,3,second car from left blue,1,20,5,1,0.7655068068757129,20,20,1.0,0.8315665290169146,1.0,0.7,0.4572108177237109,0.8810684095942722,0.7,0.4572108177237109,0.8810684095942722,0.0,0.30000000000000004,0.0,80,1.0,0.9549359649323077,1.0,0.675,0.5610629543955516,0.7755404148225468,0.675,0.5610629543955516,0.7755404148225468,0.0,0.32499999999999996,0.0,0.7
groundingdino,508140,6421,3,second car from left blue,1,20,5,1,0.7655068068757129,40,40,1.0,0.9119026971211976,1.0,0.725,0.5611170928209519,0.8539910080361344,0.725,0.5611170928209519,0.8539910080361344,0.0,0.275,0.0,80,1.0,0.9549359649323077,1.0,0.675,0.5610629543955516,0.7755404148225468,0.675,0.5610629543955516,0.7755404148225468,0.0,0.32499999999999996,0.0,0.725
groundingdino,237193,29904,1,person far right,1,20,5,1,0.9556483682189015,5,5,1.0,0.47817624989501856,1.0,1.0,0.47817624989501856,1.0,1.0,0.47817624989501856,1.0,0.0,0.0,0.0,80,0.9625,0.8942980149834914,0.9921988127342833,1.0,0.9532219318395959,1.0,0.9625,0.8942980149834914,0.9921988127342833,0.03749999999999998,0.0,0.0,1.0
groundingdino,237193,29904,1,person far right,1,20,5,1,0.9556483682189015,10,10,1.0,0.6915028921812392,1.0,1.0,0.6915028921812392,1.0,1.0,0.6915028921812392,1.0,0.0,0.0,0.0,80,0.9625,0.8942980149834914,0.9921988127342833,1.0,0.9532219318395959,1.0,0.9625,0.8942980149834914,0.9921988127342833,0.03749999999999998,0.0,0.0,1.0
groundingdino,237193,29904,1,person far right,1,20,5,1,0.9556483682189015,20,20,0.95,0.7512672372279723,0.9987349105020502,1.0,0.8235330881930346,1.0,0.95,0.7512672372279723,0.9987349105020502,0.050000000000000044,0.0,0.0,80,0.9625,0.8942980149834914,0.9921988127342833,1.0,0.9532219318395959,1.0,0.9625,0.8942980149834914,0.9921988127342833,0.03749999999999998,0.0,0.0,0.95
groundingdino,237193,29904,1,person far right,1,20,5,1,0.9556483682189015,40,40,0.95,0.8308031360405824,0.9938863534006491,1.0,0.9074872385841217,1.0,0.95,0.8308031360405824,0.9938863534006491,0.050000000000000044,0.0,0.0,80,0.9625,0.8942980149834914,0.9921988127342833,1.0,0.9532219318395959,1.0,0.9625,0.8942980149834914,0.9921988127342833,0.03749999999999998,0.0,0.0,0.95
groundingdino,323149,22467,2,bike thing in front,1,20,5,1,0.8078045088678928,5,5,0.8,0.2835820638819106,0.9949492366205319,1.0,0.3976353643835254,1.0,0.8,0.2835820638819106,0.9949492366205319,0.19999999999999996,0.0,0.0,80,0.9375,0.8601429247023609,0.9793969276979898,0.9733333333333334,0.9069684677792745,0.9967540690710339,0.9125,0.8279916615801152,0.9640936410104413,0.0625,0.024999999999999953,6.938893903907228e-17,0.8
groundingdino,323149,22467,2,bike thing in front,1,20,5,1,0.8078045088678928,10,10,0.9,0.5549838829718046,0.9974714214555382,1.0,0.6637328831200572,1.0,0.9,0.5549838829718046,0.9974714214555382,0.09999999999999998,0.0,0.0,80,0.9375,0.8601429247023609,0.9793969276979898,0.9733333333333334,0.9069684677792745,0.9967540690710339,0.9125,0.8279916615801152,0.9640936410104413,0.0625,0.024999999999999953,6.938893903907228e-17,0.9
groundingdino,323149,22467,2,bike thing in front,1,20,5,1,0.8078045088678928,20,20,0.9,0.6830172859809176,0.9876514728297052,1.0,0.8146980318621478,1.0,0.9,0.6830172859809176,0.9876514728297052,0.09999999999999998,0.0,0.0,80,0.9375,0.8601429247023609,0.9793969276979898,0.9733333333333334,0.9069684677792745,0.9967540690710339,0.9125,0.8279916615801152,0.9640936410104413,0.0625,0.024999999999999953,6.938893903907228e-17,0.9
groundingdino,323149,22467,2,bike thing in front,1,20,5,1,0.8078045088678928,40,40,0.875,0.7319670826382796,0.9581403738613833,0.9714285714285714,0.8508279203435684,0.999276895623662,0.85,0.7016473331604236,0.9428977418454741,0.125,0.02500000000000001,1.3877787807814457e-17,80,0.9375,0.8601429247023609,0.9793969276979898,0.9733333333333334,0.9069684677792745,0.9967540690710339,0.9125,0.8279916615801152,0.9640936410104413,0.0625,0.024999999999999953,6.938893903907228e-17,0.85
groundingdino,244171,29305,1,person right in the middle,1,20,5,0,0.0,5,5,1.0,0.47817624989501856,1.0,0.6,0.14663279963467318,0.9472550494736831,0.6,0.14663279963467318,0.9472550494736831,0.0,0.4,0.0,80,0.975,0.9125928440694078,0.9969579138351904,0.7435897435897436,0.6321417565393073,0.8358102803859818,0.725,0.6137565791555908,0.8189623614429612,0.025000000000000022,0.24999999999999997,2.7755575615628914e-17,0.6
groundingdino,244171,29305,1,person right in the middle,1,20,5,0,0.0,10,10,1.0,0.6915028921812392,1.0,0.6,0.2623780766069451,0.8784477418801728,0.6,0.2623780766069451,0.8784477418801728,0.0,0.4,0.0,80,0.975,0.9125928440694078,0.9969579138351904,0.7435897435897436,0.6321417565393073,0.8358102803859818,0.725,0.6137565791555908,0.8189623614429612,0.025000000000000022,0.24999999999999997,2.7755575615628914e-17,0.6
groundingdino,244171,29305,1,person right in the middle,1,20,5,0,0.0,20,20,1.0,0.8315665290169146,1.0,0.65,0.4078114654671719,0.8460907952154588,0.65,0.4078114654671719,0.8460907952154588,0.0,0.35,0.0,80,0.975,0.9125928440694078,0.9969579138351904,0.7435897435897436,0.6321417565393073,0.8358102803859818,0.725,0.6137565791555908,0.8189623614429612,0.025000000000000022,0.24999999999999997,2.7755575615628914e-17,0.65
groundingdino,244171,29305,1,person right in the middle,1,20,5,0,0.0,40,40,0.975,0.8684141415172343,0.9993672550679505,0.7435897435897436,0.5787261156214302,0.8696232007644127,0.725,0.5611170928209519,0.8539910080361344,0.025000000000000022,0.24999999999999997,2.7755575615628914e-17,80,0.975,0.9125928440694078,0.9969579138351904,0.7435897435897436,0.6321417565393073,0.8358102803859818,0.725,0.6137565791555908,0.8189623614429612,0.025000000000000022,0.24999999999999997,2.7755575615628914e-17,0.725
groundingdino,62348,44529,62,something bottom right with a white stripe,1,20,5,0,0.0,5,5,1.0,0.47817624989501856,1.0,1.0,0.47817624989501856,1.0,1.0,0.47817624989501856,1.0,0.0,0.0,0.0,80,1.0,0.9549359649323077,1.0,0.9,0.8124348925365684,0.955829059846371,0.9,0.8124348925365684,0.955829059846371,0.0,0.09999999999999998,0.0,1.0
groundingdino,62348,44529,62,something bottom right with a white stripe,1,20,5,0,0.0,10,10,1.0,0.6915028921812392,1.0,0.9,0.5549838829718046,0.9974714214555382,0.9,0.5549838829718046,0.9974714214555382,0.0,0.09999999999999998,0.0,80,1.0,0.9549359649323077,1.0,0.9,0.8124348925365684,0.955829059846371,0.9,0.8124348925365684,0.955829059846371,0.0,0.09999999999999998,0.0,0.9
groundingdino,62348,44529,62,something bottom right with a white stripe,1,20,5,0,0.0,20,20,1.0,0.8315665290169146,1.0,0.9,0.6830172859809176,0.9876514728297052,0.9,0.6830172859809176,0.9876514728297052,0.0,0.09999999999999998,0.0,80,1.0,0.9549359649323077,1.0,0.9,0.8124348925365684,0.955829059846371,0.9,0.8124348925365684,0.955829059846371,0.0,0.09999999999999998,0.0,0.9
groundingdino,62348,44529,62,something bottom right with a white stripe,1,20,5,0,0.0,40,40,1.0,0.9119026971211976,1.0,0.9,0.7633626001239001,0.9720745847057807,0.9,0.7633626001239001,0.9720745847057807,0.0,0.09999999999999998,0.0,80,1.0,0.9549359649323077,1.0,0.9,0.8124348925365684,0.955829059846371,0.9,0.8124348925365684,0.955829059846371,0.0,0.09999999999999998,0.0,0.9
groundingdino,126381,39083,22,elephant in back,1,20,5,0,0.10028234453870422,5,5,1.0,0.47817624989501856,1.0,1.0,0.47817624989501856,1.0,1.0,0.47817624989501856,1.0,0.0,0.0,0.0,80,1.0,0.9549359649323077,1.0,1.0,0.9549359649323077,1.0,1.0,0.9549359649323077,1.0,0.0,0.0,0.0,1.0
groundingdino,126381,39083,22,elephant in back,1,20,5,0,0.10028234453870422,10,10,1.0,0.6915028921812392,1.0,1.0,0.6915028921812392,1.0,1.0,0.6915028921812392,1.0,0.0,0.0,0.0,80,1.0,0.9549359649323077,1.0,1.0,0.9549359649323077,1.0,1.0,0.9549359649323077,1.0,0.0,0.0,0.0,1.0
groundingdino,126381,39083,22,elephant in back,1,20,5,0,0.10028234453870422,20,20,1.0,0.8315665290169146,1.0,1.0,0.8315665290169146,1.0,1.0,0.8315665290169146,1.0,0.0,0.0,0.0,80,1.0,0.9549359649323077,1.0,1.0,0.9549359649323077,1.0,1.0,0.9549359649323077,1.0,0.0,0.0,0.0,1.0
groundingdino,126381,39083,22,elephant in back,1,20,5,0,0.10028234453870422,40,40,1.0,0.9119026971211976,1.0,1.0,0.9119026971211976,1.0,1.0,0.9119026971211976,1.0,0.0,0.0,0.0,80,1.0,0.9549359649323077,1.0,1.0,0.9549359649323077,1.0,1.0,0.9549359649323077,1.0,0.0,0.0,0.0,1.0
groundingdino,314051,23278,21,cow on left,1,16,5,0,0.0,5,5,1.0,0.47817624989501856,1.0,0.6,0.14663279963467318,0.9472550494736831,0.6,0.14663279963467318,0.9472550494736831,0.0,0.4,0.0,80,1.0,0.9549359649323077,1.0,0.95,0.876901263556847,0.9862106060235382,0.95,0.876901263556847,0.9862106060235382,0.0,0.050000000000000044,0.0,0.6
groundingdino,314051,23278,21,cow on left,1,16,5,0,0.0,10,10,1.0,0.6915028921812392,1.0,0.8,0.4439045376923585,0.9747892736731666,0.8,0.4439045376923585,0.9747892736731666,0.0,0.19999999999999996,0.0,80,1.0,0.9549359649323077,1.0,0.95,0.876901263556847,0.9862106060235382,0.95,0.876901263556847,0.9862106060235382,0.0,0.050000000000000044,0.0,0.8
groundingdino,314051,23278,21,cow on left,1,16,5,0,0.0,20,20,1.0,0.8315665290169146,1.0,0.85,0.6210731734546859,0.9679290628145363,0.85,0.6210731734546859,0.9679290628145363,0.0,0.15000000000000002,0.0,80,1.0,0.9549359649323077,1.0,0.95,0.876901263556847,0.9862106060235382,0.95,0.876901263556847,0.9862106060235382,0.0,0.050000000000000044,0.0,0.85
groundingdino,314051,23278,21,cow on left,1,16,5,0,0.0,40,40,1.0,0.9119026971211976,1.0,0.9,0.7633626001239001,0.9720745847057807,0.9,0.7633626001239001,0.9720745847057807,0.0,0.09999999999999998,0.0,80,1.0,0.9549359649323077,1.0,0.95,0.876901263556847,0.9862106060235382,0.95,0.876901263556847,0.9862106060235382,0.0,0.050000000000000044,0.0,0.9
groundingdino,439374,12430,24,right zebra,1,4,4,0,0.0,5,5,0.4,0.05274495052631693,0.8533672003653268,1.0,0.15811388300841903,1.0,0.4,0.05274495052631693,0.8533672003653268,0.6,0.0,0.0,80,0.5875,0.4718483404252045,0.6964754070624058,0.8085106382978723,0.6674026631661145,0.90850843199181,0.475,0.36213358167715265,0.5897721586232294,0.4125,0.11250000000000003,1.3877787807814457e-17,0.4
groundingdino,439374,12430,24,right zebra,1,4,4,0,0.0,10,10,0.5,0.18708602844739855,0.8129139715526015,0.8,0.2835820638819106,0.9949492366205319,0.4,0.1215522581198272,0.7376219233930549,0.5,0.09999999999999998,0.0,80,0.5875,0.4718483404252045,0.6964754070624058,0.8085106382978723,0.6674026631661145,0.90850843199181,0.475,0.36213358167715265,0.5897721586232294,0.4125,0.11250000000000003,1.3877787807814457e-17,0.4
groundingdino,439374,12430,24,right zebra,1,4,4,0,0.0,20,20,0.55,0.3152781330405486,0.7694221032240758,0.9090909090909091,0.5872200830116173,0.9977010277861857,0.5,0.27195784956079183,0.7280421504392082,0.44999999999999996,0.050000000000000024,2.0816681711721685e-17,80,0.5875,0.4718483404252045,0.6964754070624058,0.8085106382978723,0.6674026631661145,0.90850843199181,0.475,0.36213358167715265,0.5897721586232294,0.4125,0.11250000000000003,1.3877787807814457e-17,0.5
groundingdino,439374,12430,24,right zebra,1,4,4,0,0.0,40,40,0.55,0.38490679453401333,0.7074116499601201,0.9090909090909091,0.7083872584460665,0.988794413975849,0.5,0.33801781373723455,0.6619821862627655,0.44999999999999996,0.050000000000000024,2.0816681711721685e-17,80,0.5875,0.4718483404252045,0.6964754070624058,0.8085106382978723,0.6674026631661145,0.90850843199181,0.475,0.36213358167715265,0.5897721586232294,0.4125,0.11250000000000003,1.3877787807814457e-17,0.5
groundingdino,484208,8540,20,right sheep,1,20,5,1,0.7475964389699589,5,5,1.0,0.47817624989501856,1.0,1.0,0.47817624989501856,1.0,1.0,0.47817624989501856,1.0,0.0,0.0,0.0,80,0.9375,0.8601429247023609,0.9793969276979898,1.0,0.9520049359448577,1.0,0.9375,0.8601429247023609,0.9793969276979898,0.0625,0.0,0.0,1.0
groundingdino,484208,8540,20,right sheep,1,20,5,1,0.7475964389699589,10,10,1.0,0.6915028921812392,1.0,1.0,0.6915028921812392,1.0,1.0,0.6915028921812392,1.0,0.0,0.0,0.0,80,0.9375,0.8601429247023609,0.9793969276979898,1.0,0.9520049359448577,1.0,0.9375,0.8601429247023609,0.9793969276979898,0.0625,0.0,0.0,1.0
groundingdino,484208,8540,20,right sheep,1,20,5,1,0.7475964389699589,20,20,0.95,0.7512672372279723,0.9987349105020502,1.0,0.8235330881930346,1.0,0.95,0.7512672372279723,0.9987349105020502,0.050000000000000044,0.0,0.0,80,0.9375,0.8601429247023609,0.9793969276979898,1.0,0.9520049359448577,1.0,0.9375,0.8601429247023609,0.9793969276979898,0.0625,0.0,0.0,0.95
groundingdino,484208,8540,20,right sheep,1,20,5,1,0.7475964389699589,40,40,0.9,0.7633626001239001,0.9720745847057807,1.0,0.902606244085508,1.0,0.9,0.7633626001239001,0.9720745847057807,0.09999999999999998,0.0,0.0,80,0.9375,0.8601429247023609,0.9793969276979898,1.0,0.9520049359448577,1.0,0.9375,0.8601429247023609,0.9793969276979898,0.0625,0.0,0.0,0.9
groundingdino,424821,13677,1,old man in crowd,1,20,5,0,0.0,5,5,1.0,0.47817624989501856,1.0,1.0,0.47817624989501856,1.0,1.0,0.47817624989501856,1.0,0.0,0.0,0.0,80,1.0,0.9549359649323077,1.0,1.0,0.9549359649323077,1.0,1.0,0.9549359649323077,1.0,0.0,0.0,0.0,1.0
groundingdino,424821,13677,1,old man in crowd,1,20,5,0,0.0,10,10,1.0,0.6915028921812392,1.0,1.0,0.6915028921812392,1.0,1.0,0.6915028921812392,1.0,0.0,0.0,0.0,80,1.0,0.9549359649323077,1.0,1.0,0.9549359649323077,1.0,1.0,0.9549359649323077,1.0,0.0,0.0,0.0,1.0
groundingdino,424821,13677,1,old man in crowd,1,20,5,0,0.0,20,20,1.0,0.8315665290169146,1.0,1.0,0.8315665290169146,1.0,1.0,0.8315665290169146,1.0,0.0,0.0,0.0,80,1.0,0.9549359649323077,1.0,1.0,0.9549359649323077,1.0,1.0,0.9549359649323077,1.0,0.0,0.0,0.0,1.0
groundingdino,424821,13677,1,old man in crowd,1,20,5,0,0.0,40,40,1.0,0.9119026971211976,1.0,1.0,0.9119026971211976,1.0,1.0,0.9119026971211976,1.0,0.0,0.0,0.0,80,1.0,0.9549359649323077,1.0,1.0,0.9549359649323077,1.0,1.0,0.9549359649323077,1.0,0.0,0.0,0.0,1.0
groundingdino,149566,37113,67,white area behind bears head,1,20,5,0,0.20567196795972678,5,5,1.0,0.47817624989501856,1.0,1.0,0.47817624989501856,1.0,1.0,0.47817624989501856,1.0,0.0,0.0,0.0,80,1.0,0.9549359649323077,1.0,1.0,0.9549359649323077,1.0,1.0,0.9549359649323077,1.0,0.0,0.0,0.0,1.0
groundingdino,149566,37113,67,white area behind bears head,1,20,5,0,0.20567196795972678,10,10,1.0,0.6915028921812392,1.0,1.0,0.6915028921812392,1.0,1.0,0.6915028921812392,1.0,0.0,0.0,0.0,80,1.0,0.9549359649323077,1.0,1.0,0.9549359649323077,1.0,1.0,0.9549359649323077,1.0,0.0,0.0,0.0,1.0
groundingdino,149566,37113,67,white area behind bears head,1,20,5,0,0.20567196795972678,20,20,1.0,0.8315665290169146,1.0,1.0,0.8315665290169146,1.0,1.0,0.8315665290169146,1.0,0.0,0.0,0.0,80,1.0,0.9549359649323077,1.0,1.0,0.9549359649323077,1.0,1.0,0.9549359649323077,1.0,0.0,0.0,0.0,1.0
groundingdino,149566,37113,67,white area behind bears head,1,20,5,0,0.20567196795972678,40,40,1.0,0.9119026971211976,1.0,1.0,0.9119026971211976,1.0,1.0,0.9119026971211976,1.0,0.0,0.0,0.0,80,1.0,0.9549359649323077,1.0,1.0,0.9549359649323077,1.0,1.0,0.9549359649323077,1.0,0.0,0.0,0.0,1.0
groundingdino,288559,25507,1,catcher in white,1,12,5,1,0.8755027109627745,5,5,1.0,0.47817624989501856,1.0,0.8,0.2835820638819106,0.9949492366205319,0.8,0.2835820638819106,0.9949492366205319,0.0,0.19999999999999996,0.0,80,1.0,0.9549359649323077,1.0,0.8625,0.7672791291752744,0.9293121672961213,0.8625,0.7672791291752744,0.9293121672961213,0.0,0.13749999999999996,0.0,0.8
groundingdino,288559,25507,1,catcher in white,1,12,5,1,0.8755027109627745,10,10,1.0,0.6915028921812392,1.0,0.8,0.4439045376923585,0.9747892736731666,0.8,0.4439045376923585,0.9747892736731666,0.0,0.19999999999999996,0.0,80,1.0,0.9549359649323077,1.0,0.8625,0.7672791291752744,0.9293121672961213,0.8625,0.7672791291752744,0.9293121672961213,0.0,0.13749999999999996,0.0,0.8
groundingdino,288559,25507,1,catcher in white,1,12,5,1,0.8755027109627745,20,20,1.0,0.8315665290169146,1.0,0.85,0.6210731734546859,0.9679290628145363,0.85,0.6210731734546859,0.9679290628145363,0.0,0.15000000000000002,0.0,80,1.0,0.9549359649323077,1.0,0.8625,0.7672791291752744,0.9293121672961213,0.8625,0.7672791291752744,0.9293121672961213,0.0,0.13749999999999996,0.0,0.85
groundingdino,288559,25507,1,catcher in white,1,12,5,1,0.8755027109627745,40,40,1.0,0.9119026971211976,1.0,0.8,0.6435219813207653,0.9094775906000093,0.8,0.6435219813207653,0.9094775906000093,0.0,0.19999999999999996,0.0,80,1.0,0.9549359649323077,1.0,0.8625,0.7672791291752744,0.9293121672961213,0.8625,0.7672791291752744,0.9293121672961213,0.0,0.13749999999999996,0.0,0.8
groundingdino,430244,13171,1,stripes guy,1,20,5,0,0.0,5,5,0.8,0.2835820638819106,0.9949492366205319,0.75,0.19412044968324346,0.9936905367902902,0.6,0.14663279963467318,0.9472550494736831,0.19999999999999996,0.2,5.551115123125783e-17,80,0.675,0.5610629543955516,0.7755404148225468,0.7222222222222222,0.5835649881631539,0.8354452937232868,0.4875,0.37405748144443896,0.6018953312968145,0.32499999999999996,0.18750000000000003,2.7755575615628914e-17,0.6
groundingdino,430244,13171,1,stripes guy,1,20,5,0,0.0,10,10,0.7,0.34754714994000274,0.9332604888222655,0.7142857142857143,0.29042086373734277,0.9633074338239145,0.5,0.18708602844739855,0.8129139715526015,0.30000000000000004,0.19999999999999998,2.7755575615628914e-17,80,0.675,0.5610629543955516,0.7755404148225468,0.7222222222222222,0.5835649881631539,0.8354452937232868,0.4875,0.37405748144443896,0.6018953312968145,0.32499999999999996,0.18750000000000003,2.7755575615628914e-17,0.5
groundingdino,430244,13171,1,stripes guy,1,20,5,0,0.0,20,20,0.8,0.5633859970033317,0.9426660029499673,0.75,0.4762291801038728,0.9273379617471178,0.6,0.3605425873074897,0.8088099392746928,0.19999999999999996,0.2,5.551115123125783e-17,80,0.675,0.5610629543955516,0.7755404148225468,0.7222222222222222,0.5835649881631539,0.8354452937232868,0.4875,0.37405748144443896,0.6018953312968145,0.32499999999999996,0.18750000000000003,2.7755575615628914e-17,0.6
groundingdino,430244,13171,1,stripes guy,1,20,5,0,0.0,40,40,0.75,0.5880380198485702,0.873085201067155,0.7333333333333333,0.5411063486052488,0.8772051901276452,0.55,0.38490679453401333,0.7074116499601201,0.25,0.20000000000000004,8.326672684688674e-17,80,0.675,0.5610629543955516,0.7755404148225468,0.7222222222222222,0.5835649881631539,0.8354452937232868,0.4875,0.37405748144443896,0.6018953312968145,0.32499999999999996,0.18750000000000003,2.7755575615628914e-17,0.55
groundingdino,314462,23231,1,left girl,1,5,3,1,0.9231101540757067,5,5,1.0,0.47817624989501856,1.0,1.0,0.47817624989501856,1.0,1.0,0.47817624989501856,1.0,0.0,0.0,0.0,80,1.0,0.9549359649323077,1.0,1.0,0.9549359649323077,1.0,1.0,0.9549359649323077,1.0,0.0,0.0,0.0,1.0
groundingdino,314462,23231,1,left girl,1,5,3,1,0.9231101540757067,10,10,1.0,0.6915028921812392,1.0,1.0,0.6915028921812392,1.0,1.0,0.6915028921812392,1.0,0.0,0.0,0.0,80,1.0,0.9549359649323077,1.0,1.0,0.9549359649323077,1.0,1.0,0.9549359649323077,1.0,0.0,0.0,0.0,1.0
groundingdino,314462,23231,1,left girl,1,5,3,1,0.9231101540757067,20,20,1.0,0.8315665290169146,1.0,1.0,0.8315665290169146,1.0,1.0,0.8315665290169146,1.0,0.0,0.0,0.0,80,1.0,0.9549359649323077,1.0,1.0,0.9549359649323077,1.0,1.0,0.9549359649323077,1.0,0.0,0.0,0.0,1.0
groundingdino,314462,23231,1,left girl,1,5,3,1,0.9231101540757067,40,40,1.0,0.9119026971211976,1.0,1.0,0.9119026971211976,1.0,1.0,0.9119026971211976,1.0,0.0,0.0,0.0,80,1.0,0.9549359649323077,1.0,1.0,0.9549359649323077,1.0,1.0,0.9549359649323077,1.0,0.0,0.0,0.0,1.0
groundingdino,545832,3199,3,white car on the left,1,18,5,1,0.9746486404456585,5,5,1.0,0.47817624989501856,1.0,1.0,0.47817624989501856,1.0,1.0,0.47817624989501856,1.0,0.0,0.0,0.0,80,1.0,0.9549359649323077,1.0,1.0,0.9549359649323077,1.0,1.0,0.9549359649323077,1.0,0.0,0.0,0.0,1.0
groundingdino,545832,3199,3,white car on the left,1,18,5,1,0.9746486404456585,10,10,1.0,0.6915028921812392,1.0,1.0,0.6915028921812392,1.0,1.0,0.6915028921812392,1.0,0.0,0.0,0.0,80,1.0,0.9549359649323077,1.0,1.0,0.9549359649323077,1.0,1.0,0.9549359649323077,1.0,0.0,0.0,0.0,1.0
groundingdino,545832,3199,3,white car on the left,1,18,5,1,0.9746486404456585,20,20,1.0,0.8315665290169146,1.0,1.0,0.8315665290169146,1.0,1.0,0.8315665290169146,1.0,0.0,0.0,0.0,80,1.0,0.9549359649323077,1.0,1.0,0.9549359649323077,1.0,1.0,0.9549359649323077,1.0,0.0,0.0,0.0,1.0
groundingdino,545832,3199,3,white car on the left,1,18,5,1,0.9746486404456585,40,40,1.0,0.9119026971211976,1.0,1.0,0.9119026971211976,1.0,1.0,0.9119026971211976,1.0,0.0,0.0,0.0,80,1.0,0.9549359649323077,1.0,1.0,0.9549359649323077,1.0,1.0,0.9549359649323077,1.0,0.0,0.0,0.0,1.0
groundingdino,497311,7352,67,far left center area,1,20,5,0,0.2623721166073631,5,5,1.0,0.47817624989501856,1.0,1.0,0.47817624989501856,1.0,1.0,0.47817624989501856,1.0,0.0,0.0,0.0,80,0.9875,0.9323122155360776,0.9996835774723672,1.0,0.9543787472413889,1.0,0.9875,0.9323122155360776,0.9996835774723672,0.012499999999999956,0.0,0.0,1.0
groundingdino,497311,7352,67,far left center area,1,20,5,0,0.2623721166073631,10,10,1.0,0.6915028921812392,1.0,1.0,0.6915028921812392,1.0,1.0,0.6915028921812392,1.0,0.0,0.0,0.0,80,0.9875,0.9323122155360776,0.9996835774723672,1.0,0.9543787472413889,1.0,0.9875,0.9323122155360776,0.9996835774723672,0.012499999999999956,0.0,0.0,1.0
groundingdino,497311,7352,67,far left center area,1,20,5,0,0.2623721166073631,20,20,1.0,0.8315665290169146,1.0,1.0,0.8315665290169146,1.0,1.0,0.8315665290169146,1.0,0.0,0.0,0.0,80,0.9875,0.9323122155360776,0.9996835774723672,1.0,0.9543787472413889,1.0,0.9875,0.9323122155360776,0.9996835774723672,0.012499999999999956,0.0,0.0,1.0
groundingdino,497311,7352,67,far left center area,1,20,5,0,0.2623721166073631,40,40,1.0,0.9119026971211976,1.0,1.0,0.9119026971211976,1.0,1.0,0.9119026971211976,1.0,0.0,0.0,0.0,80,0.9875,0.9323122155360776,0.9996835774723672,1.0,0.9543787472413889,1.0,0.9875,0.9323122155360776,0.9996835774723672,0.012499999999999956,0.0,0.0,1.0
groundingdino,260932,27825,1,player,1,19,5,1,0.9555073874578639,5,5,0.8,0.2835820638819106,0.9949492366205319,1.0,0.3976353643835254,1.0,0.8,0.2835820638819106,0.9949492366205319,0.19999999999999996,0.0,0.0,80,0.8375,0.7381631061748872,0.9105383582774708,1.0,0.9464303458729032,1.0,0.8375,0.7381631061748872,0.9105383582774708,0.16249999999999998,0.0,0.0,0.8
groundingdino,260932,27825,1,player,1,19,5,1,0.9555073874578639,10,10,0.8,0.4439045376923585,0.9747892736731666,1.0,0.6305833524471808,1.0,0.8,0.4439045376923585,0.9747892736731666,0.19999999999999996,0.0,0.0,80,0.8375,0.7381631061748872,0.9105383582774708,1.0,0.9464303458729032,1.0,0.8375,0.7381631061748872,0.9105383582774708,0.16249999999999998,0.0,0.0,0.8
groundingdino,260932,27825,1,player,1,19,5,1,0.9555073874578639,20,20,0.85,0.6210731734546859,0.9679290628145363,1.0,0.8049356770309068,1.0,0.85,0.6210731734546859,0.9679290628145363,0.15000000000000002,0.0,0.0,80,0.8375,0.7381631061748872,0.9105383582774708,1.0,0.9464303458729032,1.0,0.8375,0.7381631061748872,0.9105383582774708,0.16249999999999998,0.0,0.0,0.85
groundingdino,260932,27825,1,player,1,19,5,1,0.9555073874578639,40,40,0.85,0.7016473331604236,0.9428977418454741,1.0,0.8971820757409874,1.0,0.85,0.7016473331604236,0.9428977418454741,0.15000000000000002,0.0,0.0,80,0.8375,0.7381631061748872,0.9105383582774708,1.0,0.9464303458729032,1.0,0.8375,0.7381631061748872,0.9105383582774708,0.16249999999999998,0.0,0.0,0.85
groundingdino,120155,39663,1,backgroun boy wjhite shirt,1,20,5,0,0.046016842208152206,5,5,1.0,0.47817624989501856,1.0,1.0,0.47817624989501856,1.0,1.0,0.47817624989501856,1.0,0.0,0.0,0.0,80,0.975,0.9125928440694078,0.9969579138351904,1.0,0.9538075796719513,1.0,0.975,0.9125928440694078,0.9969579138351904,0.025000000000000022,0.0,0.0,1.0
groundingdino,120155,39663,1,backgroun boy wjhite shirt,1,20,5,0,0.046016842208152206,10,10,1.0,0.6915028921812392,1.0,1.0,0.6915028921812392,1.0,1.0,0.6915028921812392,1.0,0.0,0.0,0.0,80,0.975,0.9125928440694078,0.9969579138351904,1.0,0.9538075796719513,1.0,0.975,0.9125928440694078,0.9969579138351904,0.025000000000000022,0.0,0.0,1.0
groundingdino,120155,39663,1,backgroun boy wjhite shirt,1,20,5,0,0.046016842208152206,20,20,0.95,0.7512672372279723,0.9987349105020502,1.0,0.8235330881930346,1.0,0.95,0.7512672372279723,0.9987349105020502,0.050000000000000044,0.0,0.0,80,0.975,0.9125928440694078,0.9969579138351904,1.0,0.9538075796719513,1.0,0.975,0.9125928440694078,0.9969579138351904,0.025000000000000022,0.0,0.0,0.95
groundingdino,120155,39663,1,backgroun boy wjhite shirt,1,20,5,0,0.046016842208152206,40,40,0.975,0.8684141415172343,0.9993672550679505,1.0,0.9097488990396657,1.0,0.975,0.8684141415172343,0.9993672550679505,0.025000000000000022,0.0,0.0,80,0.975,0.9125928440694078,0.9969579138351904,1.0,0.9538075796719513,1.0,0.975,0.9125928440694078,0.9969579138351904,0.025000000000000022,0.0,0.0,0.975
groundingdino,385505,17085,1,purple hoodie,1,5,5,1,0.6066811558169474,5,5,0.4,0.05274495052631693,0.8533672003653268,1.0,0.15811388300841903,1.0,0.4,0.05274495052631693,0.8533672003653268,0.6,0.0,0.0,80,0.3625,0.25789489537161814,0.47761272126480847,1.0,0.8805551309304973,1.0,0.3625,0.25789489537161814,0.47761272126480847,0.6375,0.0,0.0,0.4
groundingdino,385505,17085,1,purple hoodie,1,5,5,1,0.6066811558169474,10,10,0.3,0.0667395111777345,0.6524528500599973,1.0,0.29240177382128674,1.0,0.3,0.0667395111777345,0.6524528500599973,0.7,0.0,0.0,80,0.3625,0.25789489537161814,0.47761272126480847,1.0,0.8805551309304973,1.0,0.3625,0.25789489537161814,0.47761272126480847,0.6375,0.0,0.0,0.3
groundingdino,385505,17085,1,purple hoodie,1,5,5,1,0.6066811558169474,20,20,0.35,0.15390920478454118,0.5921885345328282,1.0,0.5903836027749967,1.0,0.35,0.15390920478454118,0.5921885345328282,0.65,0.0,0.0,80,0.3625,0.25789489537161814,0.47761272126480847,1.0,0.8805551309304973,1.0,0.3625,0.25789489537161814,0.47761272126480847,0.6375,0.0,0.0,0.35
groundingdino,385505,17085,1,purple hoodie,1,5,5,1,0.6066811558169474,40,40,0.325,0.18572896676334988,0.4912948754784484,1.0,0.752947361999529,1.0,0.325,0.18572896676334988,0.4912948754784484,0.675,0.0,0.0,80,0.3625,0.25789489537161814,0.47761272126480847,1.0,0.8805551309304973,1.0,0.3625,0.25789489537161814,0.47761272126480847,0.6375,0.0,0.0,0.325
groundingdino,52086,45521,1,girl eating,1,6,4,1,0.9691859246095093,5,5,0.6,0.14663279963467318,0.9472550494736831,1.0,0.29240177382128674,1.0,0.6,0.14663279963467318,0.9472550494736831,0.4,0.0,0.0,80,0.725,0.6137565791555908,0.8189623614429612,1.0,0.9383789910960801,1.0,0.725,0.6137565791555908,0.8189623614429612,0.275,0.0,0.0,0.6
groundingdino,52086,45521,1,girl eating,1,6,4,1,0.9691859246095093,10,10,0.7,0.34754714994000274,0.9332604888222655,1.0,0.5903836027749967,1.0,0.7,0.34754714994000274,0.9332604888222655,0.30000000000000004,0.0,0.0,80,0.725,0.6137565791555908,0.8189623614429612,1.0,0.9383789910960801,1.0,0.725,0.6137565791555908,0.8189623614429612,0.275,0.0,0.0,0.7
groundingdino,52086,45521,1,girl eating,1,6,4,1,0.9691859246095093,20,20,0.75,0.5089541282920425,0.9134285308985653,1.0,0.781980639089466,1.0,0.75,0.5089541282920425,0.9134285308985653,0.25,0.0,0.0,80,0.725,0.6137565791555908,0.8189623614429612,1.0,0.9383789910960801,1.0,0.725,0.6137565791555908,0.8189623614429612,0.275,0.0,0.0,0.75
groundingdino,52086,45521,1,girl eating,1,6,4,1,0.9691859246095093,40,40,0.75,0.5880380198485702,0.873085201067155,1.0,0.8842966917779722,1.0,0.75,0.5880380198485702,0.873085201067155,0.25,0.0,0.0,80,0.725,0.6137565791555908,0.8189623614429612,1.0,0.9383789910960801,1.0,0.725,0.6137565791555908,0.8189623614429612,0.275,0.0,0.0,0.75
groundingdino,300624,24484,1,blue shirt,1,7,5,0,0.20924536807768884,5,5,0.8,0.2835820638819106,0.9949492366205319,1.0,0.3976353643835254,1.0,0.8,0.2835820638819106,0.9949492366205319,0.19999999999999996,0.0,0.0,80,0.8,0.6956311329945355,0.8811409135950147,1.0,0.9439909106133635,1.0,0.8,0.6956311329945355,0.8811409135950147,0.19999999999999996,0.0,0.0,0.8
groundingdino,300624,24484,1,blue shirt,1,7,5,0,0.20924536807768884,10,10,0.8,0.4439045376923585,0.9747892736731666,1.0,0.6305833524471808,1.0,0.8,0.4439045376923585,0.9747892736731666,0.19999999999999996,0.0,0.0,80,0.8,0.6956311329945355,0.8811409135950147,1.0,0.9439909106133635,1.0,0.8,0.6956311329945355,0.8811409135950147,0.19999999999999996,0.0,0.0,0.8
groundingdino,300624,24484,1,blue shirt,1,7,5,0,0.20924536807768884,20,20,0.8,0.5633859970033317,0.9426660029499673,1.0,0.7940927857921773,1.0,0.8,0.5633859970033317,0.9426660029499673,0.19999999999999996,0.0,0.0,80,0.8,0.6956311329945355,0.8811409135950147,1.0,0.9439909106133635,1.0,0.8,0.6956311329945355,0.8811409135950147,0.19999999999999996,0.0,0.0,0.8
groundingdino,300624,24484,1,blue shirt,1,7,5,0,0.20924536807768884,40,40,0.825,0.6722098666384142,0.9266172706479148,1.0,0.8942371899254207,1.0,0.825,0.6722098666384142,0.9266172706479148,0.17500000000000004,0.0,0.0,80,0.8,0.6956311329945355,0.8811409135950147,1.0,0.9439909106133635,1.0,0.8,0.6956311329945355,0.8811409135950147,0.19999999999999996,0.0,0.0,0.825
groundingdino,327970,21949,1,ref,1,20,5,1,0.6721347232311807,5,5,0.6,0.14663279963467318,0.9472550494736831,1.0,0.29240177382128674,1.0,0.6,0.14663279963467318,0.9472550494736831,0.4,0.0,0.0,80,0.85,0.7526358884071023,0.9200184386902862,1.0,0.9471969572063602,1.0,0.85,0.7526358884071023,0.9200184386902862,0.15000000000000002,0.0,0.0,0.6
groundingdino,327970,21949,1,ref,1,20,5,1,0.6721347232311807,10,10,0.7,0.34754714994000274,0.9332604888222655,1.0,0.5903836027749967,1.0,0.7,0.34754714994000274,0.9332604888222655,0.30000000000000004,0.0,0.0,80,0.85,0.7526358884071023,0.9200184386902862,1.0,0.9471969572063602,1.0,0.85,0.7526358884071023,0.9200184386902862,0.15000000000000002,0.0,0.0,0.7
groundingdino,327970,21949,1,ref,1,20,5,1,0.6721347232311807,20,20,0.8,0.5633859970033317,0.9426660029499673,1.0,0.7940927857921773,1.0,0.8,0.5633859970033317,0.9426660029499673,0.19999999999999996,0.0,0.0,80,0.85,0.7526358884071023,0.9200184386902862,1.0,0.9471969572063602,1.0,0.85,0.7526358884071023,0.9200184386902862,0.15000000000000002,0.0,0.0,0.8
groundingdino,327970,21949,1,ref,1,20,5,1,0.6721347232311807,40,40,0.9,0.7633626001239001,0.9720745847057807,1.0,0.902606244085508,1.0,0.9,0.7633626001239001,0.9720745847057807,0.09999999999999998,0.0,0.0,80,0.85,0.7526358884071023,0.9200184386902862,1.0,0.9471969572063602,1.0,0.85,0.7526358884071023,0.9200184386902862,0.15000000000000002,0.0,0.0,0.9
groundingdino,331900,21561,21,baby cow,1,20,5,1,0.9321857422591591,5,5,1.0,0.47817624989501856,1.0,0.8,0.2835820638819106,0.9949492366205319,0.8,0.2835820638819106,0.9949492366205319,0.0,0.19999999999999996,0.0,80,1.0,0.9549359649323077,1.0,0.95,0.876901263556847,0.9862106060235382,0.95,0.876901263556847,0.9862106060235382,0.0,0.050000000000000044,0.0,0.8
groundingdino,331900,21561,21,baby cow,1,20,5,1,0.9321857422591591,10,10,1.0,0.6915028921812392,1.0,0.8,0.4439045376923585,0.9747892736731666,0.8,0.4439045376923585,0.9747892736731666,0.0,0.19999999999999996,0.0,80,1.0,0.9549359649323077,1.0,0.95,0.876901263556847,0.9862106060235382,0.95,0.876901263556847,0.9862106060235382,0.0,0.050000000000000044,0.0,0.8
groundingdino,331900,21561,21,baby cow,1,20,5,1,0.9321857422591591,20,20,1.0,0.8315665290169146,1.0,0.8,0.5633859970033317,0.9426660029499673,0.8,0.5633859970033317,0.9426660029499673,0.0,0.19999999999999996,0.0,80,1.0,0.9549359649323077,1.0,0.95,0.876901263556847,0.9862106060235382,0.95,0.876901263556847,0.9862106060235382,0.0,0.050000000000000044,0.0,0.8
groundingdino,331900,21561,21,baby cow,1,20,5,1,0.9321857422591591,40,40,1.0,0.9119026971211976,1.0,0.9,0.7633626001239001,0.9720745847057807,0.9,0.7633626001239001,0.9720745847057807,0.0,0.09999999999999998,0.0,80,1.0,0.9549359649323077,1.0,0.95,0.876901263556847,0.9862106060235382,0.95,0.876901263556847,0.9862106060235382,0.0,0.050000000000000044,0.0,0.9
groundingdino,329058,21846,1,right lady,1,20,5,0,0.0,5,5,0.6,0.14663279963467318,0.9472550494736831,1.0,0.29240177382128674,1.0,0.6,0.14663279963467318,0.9472550494736831,0.4,0.0,0.0,80,0.825,0.7238459604789864,0.9008894901605713,1.0,0.945641152829878,1.0,0.825,0.7238459604789864,0.9008894901605713,0.17500000000000004,0.0,0.0,0.6
groundingdino,329058,21846,1,right lady,1,20,5,0,0.0,10,10,0.7,0.34754714994000274,0.9332604888222655,1.0,0.5903836027749967,1.0,0.7,0.34754714994000274,0.9332604888222655,0.30000000000000004,0.0,0.0,80,0.825,0.7238459604789864,0.9008894901605713,1.0,0.945641152829878,1.0,0.825,0.7238459604789864,0.9008894901605713,0.17500000000000004,0.0,0.0,0.7
groundingdino,329058,21846,1,right lady,1,20,5,0,0.0,20,20,0.7,0.4572108177237109,0.8810684095942722,1.0,0.7683642383498835,1.0,0.7,0.4572108177237109,0.8810684095942722,0.30000000000000004,0.0,0.0,80,0.825,0.7238459604789864,0.9008894901605713,1.0,0.945641152829878,1.0,0.825,0.7238459604789864,0.9008894901605713,0.17500000000000004,0.0,0.0,0.7
groundingdino,329058,21846,1,right lady,1,20,5,0,0.0,40,40,0.675,0.5087051245215516,0.8142710332366501,1.0,0.8722971323845676,1.0,0.675,0.5087051245215516,0.8142710332366501,0.32499999999999996,0.0,0.0,80,0.825,0.7238459604789864,0.9008894901605713,1.0,0.945641152829878,1.0,0.825,0.7238459604789864,0.9008894901605713,0.17500000000000004,0.0,0.0,0.675
groundingdino,494032,7672,1,tennis player in front,1,20,5,1,0.9551108693861609,5,5,1.0,0.47817624989501856,1.0,1.0,0.47817624989501856,1.0,1.0,0.47817624989501856,1.0,0.0,0.0,0.0,80,1.0,0.9549359649323077,1.0,1.0,0.9549359649323077,1.0,1.0,0.9549359649323077,1.0,0.0,0.0,0.0,1.0
groundingdino,494032,7672,1,tennis player in front,1,20,5,1,0.9551108693861609,10,10,1.0,0.6915028921812392,1.0,1.0,0.6915028921812392,1.0,1.0,0.6915028921812392,1.0,0.0,0.0,0.0,80,1.0,0.9549359649323077,1.0,1.0,0.9549359649323077,1.0,1.0,0.9549359649323077,1.0,0.0,0.0,0.0,1.0
groundingdino,494032,7672,1,tennis player in front,1,20,5,1,0.9551108693861609,20,20,1.0,0.8315665290169146,1.0,1.0,0.8315665290169146,1.0,1.0,0.8315665290169146,1.0,0.0,0.0,0.0,80,1.0,0.9549359649323077,1.0,1.0,0.9549359649323077,1.0,1.0,0.9549359649323077,1.0,0.0,0.0,0.0,1.0
groundingdino,494032,7672,1,tennis player in front,1,20,5,1,0.9551108693861609,40,40,1.0,0.9119026971211976,1.0,1.0,0.9119026971211976,1.0,1.0,0.9119026971211976,1.0,0.0,0.0,0.0,80,1.0,0.9549359649323077,1.0,1.0,0.9549359649323077,1.0,1.0,0.9549359649323077,1.0,0.0,0.0,0.0,1.0
groundingdino,382069,17361,1,weekender skateboard douce,1,20,5,0,0.06300898956271835,5,5,1.0,0.47817624989501856,1.0,0.8,0.2835820638819106,0.9949492366205319,0.8,0.2835820638819106,0.9949492366205319,0.0,0.19999999999999996,0.0,80,1.0,0.9549359649323077,1.0,0.8,0.6956311329945355,0.8811409135950147,0.8,0.6956311329945355,0.8811409135950147,0.0,0.19999999999999996,0.0,0.8
groundingdino,382069,17361,1,weekender skateboard douce,1,20,5,0,0.06300898956271835,10,10,1.0,0.6915028921812392,1.0,0.8,0.4439045376923585,0.9747892736731666,0.8,0.4439045376923585,0.9747892736731666,0.0,0.19999999999999996,0.0,80,1.0,0.9549359649323077,1.0,0.8,0.6956311329945355,0.8811409135950147,0.8,0.6956311329945355,0.8811409135950147,0.0,0.19999999999999996,0.0,0.8
groundingdino,382069,17361,1,weekender skateboard douce,1,20,5,0,0.06300898956271835,20,20,1.0,0.8315665290169146,1.0,0.8,0.5633859970033317,0.9426660029499673,0.8,0.5633859970033317,0.9426660029499673,0.0,0.19999999999999996,0.0,80,1.0,0.9549359649323077,1.0,0.8,0.6956311329945355,0.8811409135950147,0.8,0.6956311329945355,0.8811409135950147,0.0,0.19999999999999996,0.0,0.8
groundingdino,382069,17361,1,weekender skateboard douce,1,20,5,0,0.06300898956271835,40,40,1.0,0.9119026971211976,1.0,0.8,0.6435219813207653,0.9094775906000093,0.8,0.6435219813207653,0.9094775906000093,0.0,0.19999999999999996,0.0,80,1.0,0.9549359649323077,1.0,0.8,0.6956311329945355,0.8811409135950147,0.8,0.6956311329945355,0.8811409135950147,0.0,0.19999999999999996,0.0,0.8
groundingdino,67615,44086,1,hitter,1,10,5,1,0.9502660169181547,5,5,0.8,0.2835820638819106,0.9949492366205319,1.0,0.3976353643835254,1.0,0.8,0.2835820638819106,0.9949492366205319,0.19999999999999996,0.0,0.0,80,0.825,0.7238459604789864,0.9008894901605713,1.0,0.945641152829878,1.0,0.825,0.7238459604789864,0.9008894901605713,0.17500000000000004,0.0,0.0,0.8
groundingdino,67615,44086,1,hitter,1,10,5,1,0.9502660169181547,10,10,0.8,0.4439045376923585,0.9747892736731666,1.0,0.6305833524471808,1.0,0.8,0.4439045376923585,0.9747892736731666,0.19999999999999996,0.0,0.0,80,0.825,0.7238459604789864,0.9008894901605713,1.0,0.945641152829878,1.0,0.825,0.7238459604789864,0.9008894901605713,0.17500000000000004,0.0,0.0,0.8
groundingdino,67615,44086,1,hitter,1,10,5,1,0.9502660169181547,20,20,0.8,0.5633859970033317,0.9426660029499673,1.0,0.7940927857921773,1.0,0.8,0.5633859970033317,0.9426660029499673,0.19999999999999996,0.0,0.0,80,0.825,0.7238459604789864,0.9008894901605713,1.0,0.945641152829878,1.0,0.825,0.7238459604789864,0.9008894901605713,0.17500000000000004,0.0,0.0,0.8
groundingdino,67615,44086,1,hitter,1,10,5,1,0.9502660169181547,40,40,0.85,0.7016473331604236,0.9428977418454741,1.0,0.8971820757409874,1.0,0.85,0.7016473331604236,0.9428977418454741,0.15000000000000002,0.0,0.0,80,0.825,0.7238459604789864,0.9008894901605713,1.0,0.945641152829878,1.0,0.825,0.7238459604789864,0.9008894901605713,0.17500000000000004,0.0,0.0,0.85
groundingdino,240331,29594,1,kid,1,9,5,1,0.9101478742640086,5,5,0.8,0.2835820638819106,0.9949492366205319,1.0,0.3976353643835254,1.0,0.8,0.2835820638819106,0.9949492366205319,0.19999999999999996,0.0,0.0,80,0.85,0.7526358884071023,0.9200184386902862,1.0,0.9471969572063602,1.0,0.85,0.7526358884071023,0.9200184386902862,0.15000000000000002,0.0,0.0,0.8
groundingdino,240331,29594,1,kid,1,9,5,1,0.9101478742640086,10,10,0.8,0.4439045376923585,0.9747892736731666,1.0,0.6305833524471808,1.0,0.8,0.4439045376923585,0.9747892736731666,0.19999999999999996,0.0,0.0,80,0.85,0.7526358884071023,0.9200184386902862,1.0,0.9471969572063602,1.0,0.85,0.7526358884071023,0.9200184386902862,0.15000000000000002,0.0,0.0,0.8
groundingdino,240331,29594,1,kid,1,9,5,1,0.9101478742640086,20,20,0.8,0.5633859970033317,0.9426660029499673,1.0,0.7940927857921773,1.0,0.8,0.5633859970033317,0.9426660029499673,0.19999999999999996,0.0,0.0,80,0.85,0.7526358884071023,0.9200184386902862,1.0,0.9471969572063602,1.0,0.85,0.7526358884071023,0.9200184386902862,0.15000000000000002,0.0,0.0,0.8
groundingdino,240331,29594,1,kid,1,9,5,1,0.9101478742640086,40,40,0.8,0.6435219813207653,0.9094775906000093,1.0,0.8911188393206472,1.0,0.8,0.6435219813207653,0.9094775906000093,0.19999999999999996,0.0,0.0,80,0.85,0.7526358884071023,0.9200184386902862,1.0,0.9471969572063602,1.0,0.85,0.7526358884071023,0.9200184386902862,0.15000000000000002,0.0,0.0,0.8
groundingdino,437547,12592,7,train on right,1,20,5,1,0.86164257060867,5,5,1.0,0.47817624989501856,1.0,1.0,0.47817624989501856,1.0,1.0,0.47817624989501856,1.0,0.0,0.0,0.0,80,1.0,0.9549359649323077,1.0,1.0,0.9549359649323077,1.0,1.0,0.9549359649323077,1.0,0.0,0.0,0.0,1.0
groundingdino,437547,12592,7,train on right,1,20,5,1,0.86164257060867,10,10,1.0,0.6915028921812392,1.0,1.0,0.6915028921812392,1.0,1.0,0.6915028921812392,1.0,0.0,0.0,0.0,80,1.0,0.9549359649323077,1.0,1.0,0.9549359649323077,1.0,1.0,0.9549359649323077,1.0,0.0,0.0,0.0,1.0
groundingdino,437547,12592,7,train on right,1,20,5,1,0.86164257060867,20,20,1.0,0.8315665290169146,1.0,1.0,0.8315665290169146,1.0,1.0,0.8315665290169146,1.0,0.0,0.0,0.0,80,1.0,0.9549359649323077,1.0,1.0,0.9549359649323077,1.0,1.0,0.9549359649323077,1.0,0.0,0.0,0.0,1.0
groundingdino,437547,12592,7,train on right,1,20,5,1,0.86164257060867,40,40,1.0,0.9119026971211976,1.0,1.0,0.9119026971211976,1.0,1.0,0.9119026971211976,1.0,0.0,0.0,0.0,80,1.0,0.9549359649323077,1.0,1.0,0.9549359649323077,1.0,1.0,0.9549359649323077,1.0,0.0,0.0,0.0,1.0
groundingdino,560525,1969,84,open book left of man,1,20,5,0,0.02023985021797797,5,5,1.0,0.47817624989501856,1.0,0.8,0.2835820638819106,0.9949492366205319,0.8,0.2835820638819106,0.9949492366205319,0.0,0.19999999999999996,0.0,80,0.9,0.8124348925365684,0.955829059846371,0.9305555555555556,0.8453326851838769,0.9770683408462545,0.8375,0.7381631061748872,0.9105383582774708,0.09999999999999998,0.06249999999999998,2.0816681711721685e-17,0.8
groundingdino,560525,1969,84,open book left of man,1,20,5,0,0.02023985021797797,10,10,1.0,0.6915028921812392,1.0,0.7,0.34754714994000274,0.9332604888222655,0.7,0.34754714994000274,0.9332604888222655,0.0,0.30000000000000004,0.0,80,0.9,0.8124348925365684,0.955829059846371,0.9305555555555556,0.8453326851838769,0.9770683408462545,0.8375,0.7381631061748872,0.9105383582774708,0.09999999999999998,0.06249999999999998,2.0816681711721685e-17,0.7
groundingdino,560525,1969,84,open book left of man,1,20,5,0,0.02023985021797797,20,20,0.95,0.7512672372279723,0.9987349105020502,0.8421052631578947,0.6042154487333258,0.9661737509982353,0.8,0.5633859970033317,0.9426660029499673,0.050000000000000044,0.15000000000000005,1.3877787807814457e-16,80,0.9,0.8124348925365684,0.955829059846371,0.9305555555555556,0.8453326851838769,0.9770683408462545,0.8375,0.7381631061748872,0.9105383582774708,0.09999999999999998,0.06249999999999998,2.0816681711721685e-17,0.8
groundingdino,560525,1969,84,open book left of man,1,20,5,0,0.02023985021797797,40,40,0.95,0.8308031360405824,0.9938863534006491,0.8947368421052632,0.7519506207829781,0.9705654825542123,0.85,0.7016473331604236,0.9428977418454741,0.050000000000000044,0.09999999999999999,1.3877787807814457e-17,80,0.9,0.8124348925365684,0.955829059846371,0.9305555555555556,0.8453326851838769,0.9770683408462545,0.8375,0.7381631061748872,0.9105383582774708,0.09999999999999998,0.06249999999999998,2.0816681711721685e-17,0.85
groundingdino,131913,38583,1,shirtless man,1,20,5,1,0.7944485607584648,5,5,1.0,0.47817624989501856,1.0,1.0,0.47817624989501856,1.0,1.0,0.47817624989501856,1.0,0.0,0.0,0.0,80,1.0,0.9549359649323077,1.0,1.0,0.9549359649323077,1.0,1.0,0.9549359649323077,1.0,0.0,0.0,0.0,1.0
groundingdino,131913,38583,1,shirtless man,1,20,5,1,0.7944485607584648,10,10,1.0,0.6915028921812392,1.0,1.0,0.6915028921812392,1.0,1.0,0.6915028921812392,1.0,0.0,0.0,0.0,80,1.0,0.9549359649323077,1.0,1.0,0.9549359649323077,1.0,1.0,0.9549359649323077,1.0,0.0,0.0,0.0,1.0
groundingdino,131913,38583,1,shirtless man,1,20,5,1,0.7944485607584648,20,20,1.0,0.8315665290169146,1.0,1.0,0.8315665290169146,1.0,1.0,0.8315665290169146,1.0,0.0,0.0,0.0,80,1.0,0.9549359649323077,1.0,1.0,0.9549359649323077,1.0,1.0,0.9549359649323077,1.0,0.0,0.0,0.0,1.0
groundingdino,131913,38583,1,shirtless man,1,20,5,1,0.7944485607584648,40,40,1.0,0.9119026971211976,1.0,1.0,0.9119026971211976,1.0,1.0,0.9119026971211976,1.0,0.0,0.0,0.0,80,1.0,0.9549359649323077,1.0,1.0,0.9549359649323077,1.0,1.0,0.9549359649323077,1.0,0.0,0.0,0.0,1.0
groundingdino,17451,48517,14,not closest half meter but number 32,1,20,5,0,0.15927311494910482,5,5,1.0,0.47817624989501856,1.0,1.0,0.47817624989501856,1.0,1.0,0.47817624989501856,1.0,0.0,0.0,0.0,80,1.0,0.9549359649323077,1.0,1.0,0.9549359649323077,1.0,1.0,0.9549359649323077,1.0,0.0,0.0,0.0,1.0
groundingdino,17451,48517,14,not closest half meter but number 32,1,20,5,0,0.15927311494910482,10,10,1.0,0.6915028921812392,1.0,1.0,0.6915028921812392,1.0,1.0,0.6915028921812392,1.0,0.0,0.0,0.0,80,1.0,0.9549359649323077,1.0,1.0,0.9549359649323077,1.0,1.0,0.9549359649323077,1.0,0.0,0.0,0.0,1.0
groundingdino,17451,48517,14,not closest half meter but number 32,1,20,5,0,0.15927311494910482,20,20,1.0,0.8315665290169146,1.0,1.0,0.8315665290169146,1.0,1.0,0.8315665290169146,1.0,0.0,0.0,0.0,80,1.0,0.9549359649323077,1.0,1.0,0.9549359649323077,1.0,1.0,0.9549359649323077,1.0,0.0,0.0,0.0,1.0
groundingdino,17451,48517,14,not closest half meter but number 32,1,20,5,0,0.15927311494910482,40,40,1.0,0.9119026971211976,1.0,1.0,0.9119026971211976,1.0,1.0,0.9119026971211976,1.0,0.0,0.0,0.0,80,1.0,0.9549359649323077,1.0,1.0,0.9549359649323077,1.0,1.0,0.9549359649323077,1.0,0.0,0.0,0.0,1.0
groundingdino,192319,33640,1,the person to the left of the man in white shorts,1,20,5,0,0.11272552634740532,5,5,1.0,0.47817624989501856,1.0,1.0,0.47817624989501856,1.0,1.0,0.47817624989501856,1.0,0.0,0.0,0.0,80,1.0,0.9549359649323077,1.0,0.925,0.8438720682639279,0.9719794538231588,0.925,0.8438720682639279,0.9719794538231588,0.0,0.07499999999999996,0.0,1.0
groundingdino,192319,33640,1,the person to the left of the man in white shorts,1,20,5,0,0.11272552634740532,10,10,1.0,0.6915028921812392,1.0,1.0,0.6915028921812392,1.0,1.0,0.6915028921812392,1.0,0.0,0.0,0.0,80,1.0,0.9549359649323077,1.0,0.925,0.8438720682639279,0.9719794538231588,0.925,0.8438720682639279,0.9719794538231588,0.0,0.07499999999999996,0.0,1.0
groundingdino,192319,33640,1,the person to the left of the man in white shorts,1,20,5,0,0.11272552634740532,20,20,1.0,0.8315665290169146,1.0,0.95,0.7512672372279723,0.9987349105020502,0.95,0.7512672372279723,0.9987349105020502,0.0,0.050000000000000044,0.0,80,1.0,0.9549359649323077,1.0,0.925,0.8438720682639279,0.9719794538231588,0.925,0.8438720682639279,0.9719794538231588,0.0,0.07499999999999996,0.0,0.95
groundingdino,192319,33640,1,the person to the left of the man in white shorts,1,20,5,0,0.11272552634740532,40,40,1.0,0.9119026971211976,1.0,0.95,0.8308031360405824,0.9938863534006491,0.95,0.8308031360405824,0.9938863534006491,0.0,0.050000000000000044,0.0,80,1.0,0.9549359649323077,1.0,0.925,0.8438720682639279,0.9719794538231588,0.925,0.8438720682639279,0.9719794538231588,0.0,0.07499999999999996,0.0,0.95
groundingdino,409825,14952,1,blond woman,1,20,5,1,0.9515963221413116,5,5,1.0,0.47817624989501856,1.0,1.0,0.47817624989501856,1.0,1.0,0.47817624989501856,1.0,0.0,0.0,0.0,80,1.0,0.9549359649323077,1.0,1.0,0.9549359649323077,1.0,1.0,0.9549359649323077,1.0,0.0,0.0,0.0,1.0
groundingdino,409825,14952,1,blond woman,1,20,5,1,0.9515963221413116,10,10,1.0,0.6915028921812392,1.0,1.0,0.6915028921812392,1.0,1.0,0.6915028921812392,1.0,0.0,0.0,0.0,80,1.0,0.9549359649323077,1.0,1.0,0.9549359649323077,1.0,1.0,0.9549359649323077,1.0,0.0,0.0,0.0,1.0
groundingdino,409825,14952,1,blond woman,1,20,5,1,0.9515963221413116,20,20,1.0,0.8315665290169146,1.0,1.0,0.8315665290169146,1.0,1.0,0.8315665290169146,1.0,0.0,0.0,0.0,80,1.0,0.9549359649323077,1.0,1.0,0.9549359649323077,1.0,1.0,0.9549359649323077,1.0,0.0,0.0,0.0,1.0
groundingdino,409825,14952,1,blond woman,1,20,5,1,0.9515963221413116,40,40,1.0,0.9119026971211976,1.0,1.0,0.9119026971211976,1.0,1.0,0.9119026971211976,1.0,0.0,0.0,0.0,80,1.0,0.9549359649323077,1.0,1.0,0.9549359649323077,1.0,1.0,0.9549359649323077,1.0,0.0,0.0,0.0,1.0
groundingdino,279762,26254,1,man on bottom screen,1,20,5,1,0.9771286571480648,5,5,1.0,0.47817624989501856,1.0,1.0,0.47817624989501856,1.0,1.0,0.47817624989501856,1.0,0.0,0.0,0.0,80,1.0,0.9549359649323077,1.0,1.0,0.9549359649323077,1.0,1.0,0.9549359649323077,1.0,0.0,0.0,0.0,1.0
groundingdino,279762,26254,1,man on bottom screen,1,20,5,1,0.9771286571480648,10,10,1.0,0.6915028921812392,1.0,1.0,0.6915028921812392,1.0,1.0,0.6915028921812392,1.0,0.0,0.0,0.0,80,1.0,0.9549359649323077,1.0,1.0,0.9549359649323077,1.0,1.0,0.9549359649323077,1.0,0.0,0.0,0.0,1.0
groundingdino,279762,26254,1,man on bottom screen,1,20,5,1,0.9771286571480648,20,20,1.0,0.8315665290169146,1.0,1.0,0.8315665290169146,1.0,1.0,0.8315665290169146,1.0,0.0,0.0,0.0,80,1.0,0.9549359649323077,1.0,1.0,0.9549359649323077,1.0,1.0,0.9549359649323077,1.0,0.0,0.0,0.0,1.0
groundingdino,279762,26254,1,man on bottom screen,1,20,5,1,0.9771286571480648,40,40,1.0,0.9119026971211976,1.0,1.0,0.9119026971211976,1.0,1.0,0.9119026971211976,1.0,0.0,0.0,0.0,80,1.0,0.9549359649323077,1.0,1.0,0.9549359649323077,1.0,1.0,0.9549359649323077,1.0,0.0,0.0,0.0,1.0
groundingdino,521064,5282,52,banana bottom right corner,1,20,5,0,0.3659025782300245,5,5,1.0,0.47817624989501856,1.0,1.0,0.47817624989501856,1.0,1.0,0.47817624989501856,1.0,0.0,0.0,0.0,80,0.95,0.876901263556847,0.9862106060235382,1.0,0.9526212461330692,1.0,0.95,0.876901263556847,0.9862106060235382,0.050000000000000044,0.0,0.0,1.0
groundingdino,521064,5282,52,banana bottom right corner,1,20,5,0,0.3659025782300245,10,10,1.0,0.6915028921812392,1.0,1.0,0.6915028921812392,1.0,1.0,0.6915028921812392,1.0,0.0,0.0,0.0,80,0.95,0.876901263556847,0.9862106060235382,1.0,0.9526212461330692,1.0,0.95,0.876901263556847,0.9862106060235382,0.050000000000000044,0.0,0.0,1.0
groundingdino,521064,5282,52,banana bottom right corner,1,20,5,0,0.3659025782300245,20,20,1.0,0.8315665290169146,1.0,1.0,0.8315665290169146,1.0,1.0,0.8315665290169146,1.0,0.0,0.0,0.0,80,0.95,0.876901263556847,0.9862106060235382,1.0,0.9526212461330692,1.0,0.95,0.876901263556847,0.9862106060235382,0.050000000000000044,0.0,0.0,1.0
groundingdino,521064,5282,52,banana bottom right corner,1,20,5,0,0.3659025782300245,40,40,1.0,0.9119026971211976,1.0,1.0,0.9119026971211976,1.0,1.0,0.9119026971211976,1.0,0.0,0.0,0.0,80,0.95,0.876901263556847,0.9862106060235382,1.0,0.9526212461330692,1.0,0.95,0.876901263556847,0.9862106060235382,0.050000000000000044,0.0,0.0,1.0
groundingdino,322517,22516,1,center polka,1,20,5,0,0.10458350546975091,5,5,1.0,0.47817624989501856,1.0,0.8,0.2835820638819106,0.9949492366205319,0.8,0.2835820638819106,0.9949492366205319,0.0,0.19999999999999996,0.0,80,1.0,0.9549359649323077,1.0,0.65,0.5352031145206642,0.7533280635274648,0.65,0.5352031145206642,0.7533280635274648,0.0,0.35,0.0,0.8
groundingdino,322517,22516,1,center polka,1,20,5,0,0.10458350546975091,10,10,1.0,0.6915028921812392,1.0,0.9,0.5549838829718046,0.9974714214555382,0.9,0.5549838829718046,0.9974714214555382,0.0,0.09999999999999998,0.0,80,1.0,0.9549359649323077,1.0,0.65,0.5352031145206642,0.7533280635274648,0.65,0.5352031145206642,0.7533280635274648,0.0,0.35,0.0,0.9
groundingdino,322517,22516,1,center polka,1,20,5,0,0.10458350546975091,20,20,1.0,0.8315665290169146,1.0,0.8,0.5633859970033317,0.9426660029499673,0.8,0.5633859970033317,0.9426660029499673,0.0,0.19999999999999996,0.0,80,1.0,0.9549359649323077,1.0,0.65,0.5352031145206642,0.7533280635274648,0.65,0.5352031145206642,0.7533280635274648,0.0,0.35,0.0,0.8
groundingdino,322517,22516,1,center polka,1,20,5,0,0.10458350546975091,40,40,1.0,0.9119026971211976,1.0,0.65,0.48315554635100944,0.793717509129233,0.65,0.48315554635100944,0.793717509129233,0.0,0.35,0.0,80,1.0,0.9549359649323077,1.0,0.65,0.5352031145206642,0.7533280635274648,0.65,0.5352031145206642,0.7533280635274648,0.0,0.35,0.0,0.65
groundingdino,203069,32802,53,pice of fruit at very front second from left,1,20,5,0,0.0,5,5,0.8,0.2835820638819106,0.9949492366205319,1.0,0.3976353643835254,1.0,0.8,0.2835820638819106,0.9949492366205319,0.19999999999999996,0.0,0.0,80,0.8625,0.7672791291752744,0.9293121672961213,0.9710144927536232,0.8991846195179275,0.9964702406177984,0.8375,0.7381631061748872,0.9105383582774708,0.13749999999999996,0.025000000000000015,6.938893903907228e-18,0.8
groundingdino,203069,32802,53,pice of fruit at very front second from left,1,20,5,0,0.0,10,10,0.9,0.5549838829718046,0.9974714214555382,1.0,0.6637328831200572,1.0,0.9,0.5549838829718046,0.9974714214555382,0.09999999999999998,0.0,0.0,80,0.8625,0.7672791291752744,0.9293121672961213,0.9710144927536232,0.8991846195179275,0.9964702406177984,0.8375,0.7381631061748872,0.9105383582774708,0.13749999999999996,0.025000000000000015,6.938893903907228e-18,0.9
groundingdino,203069,32802,53,pice of fruit at very front second from left,1,20,5,0,0.0,20,20,0.85,0.6210731734546859,0.9679290628145363,1.0,0.8049356770309068,1.0,0.85,0.6210731734546859,0.9679290628145363,0.15000000000000002,0.0,0.0,80,0.8625,0.7672791291752744,0.9293121672961213,0.9710144927536232,0.8991846195179275,0.9964702406177984,0.8375,0.7381631061748872,0.9105383582774708,0.13749999999999996,0.025000000000000015,6.938893903907228e-18,0.85
groundingdino,203069,32802,53,pice of fruit at very front second from left,1,20,5,0,0.0,40,40,0.85,0.7016473331604236,0.9428977418454741,1.0,0.8971820757409874,1.0,0.85,0.7016473331604236,0.9428977418454741,0.15000000000000002,0.0,0.0,80,0.8625,0.7672791291752744,0.9293121672961213,0.9710144927536232,0.8991846195179275,0.9964702406177984,0.8375,0.7381631061748872,0.9105383582774708,0.13749999999999996,0.025000000000000015,6.938893903907228e-18,0.85
groundingdino,563679,1643,24,middle,1,20,5,0,0.10491534144303524,5,5,1.0,0.47817624989501856,1.0,1.0,0.47817624989501856,1.0,1.0,0.47817624989501856,1.0,0.0,0.0,0.0,80,1.0,0.9549359649323077,1.0,1.0,0.9549359649323077,1.0,1.0,0.9549359649323077,1.0,0.0,0.0,0.0,1.0
groundingdino,563679,1643,24,middle,1,20,5,0,0.10491534144303524,10,10,1.0,0.6915028921812392,1.0,1.0,0.6915028921812392,1.0,1.0,0.6915028921812392,1.0,0.0,0.0,0.0,80,1.0,0.9549359649323077,1.0,1.0,0.9549359649323077,1.0,1.0,0.9549359649323077,1.0,0.0,0.0,0.0,1.0
groundingdino,563679,1643,24,middle,1,20,5,0,0.10491534144303524,20,20,1.0,0.8315665290169146,1.0,1.0,0.8315665290169146,1.0,1.0,0.8315665290169146,1.0,0.0,0.0,0.0,80,1.0,0.9549359649323077,1.0,1.0,0.9549359649323077,1.0,1.0,0.9549359649323077,1.0,0.0,0.0,0.0,1.0
groundingdino,563679,1643,24,middle,1,20,5,0,0.10491534144303524,40,40,1.0,0.9119026971211976,1.0,1.0,0.9119026971211976,1.0,1.0,0.9119026971211976,1.0,0.0,0.0,0.0,80,1.0,0.9549359649323077,1.0,1.0,0.9549359649323077,1.0,1.0,0.9549359649323077,1.0,0.0,0.0,0.0,1.0
groundingdino,316238,23095,1,black woman on the far right not sitting,1,20,5,0,0.0,5,5,1.0,0.47817624989501856,1.0,1.0,0.47817624989501856,1.0,1.0,0.47817624989501856,1.0,0.0,0.0,0.0,80,1.0,0.9549359649323077,1.0,0.825,0.7238459604789864,0.9008894901605713,0.825,0.7238459604789864,0.9008894901605713,0.0,0.17500000000000004,0.0,1.0
groundingdino,316238,23095,1,black woman on the far right not sitting,1,20,5,0,0.0,10,10,1.0,0.6915028921812392,1.0,0.9,0.5549838829718046,0.9974714214555382,0.9,0.5549838829718046,0.9974714214555382,0.0,0.09999999999999998,0.0,80,1.0,0.9549359649323077,1.0,0.825,0.7238459604789864,0.9008894901605713,0.825,0.7238459604789864,0.9008894901605713,0.0,0.17500000000000004,0.0,0.9
groundingdino,316238,23095,1,black woman on the far right not sitting,1,20,5,0,0.0,20,20,1.0,0.8315665290169146,1.0,0.85,0.6210731734546859,0.9679290628145363,0.85,0.6210731734546859,0.9679290628145363,0.0,0.15000000000000002,0.0,80,1.0,0.9549359649323077,1.0,0.825,0.7238459604789864,0.9008894901605713,0.825,0.7238459604789864,0.9008894901605713,0.0,0.17500000000000004,0.0,0.85
groundingdino,316238,23095,1,black woman on the far right not sitting,1,20,5,0,0.0,40,40,1.0,0.9119026971211976,1.0,0.9,0.7633626001239001,0.9720745847057807,0.9,0.7633626001239001,0.9720745847057807,0.0,0.09999999999999998,0.0,80,1.0,0.9549359649323077,1.0,0.825,0.7238459604789864,0.9008894901605713,0.825,0.7238459604789864,0.9008894901605713,0.0,0.17500000000000004,0.0,0.9
groundingdino,190513,33789,4,bike on left,1,20,5,1,0.9608116376464234,5,5,1.0,0.47817624989501856,1.0,1.0,0.47817624989501856,1.0,1.0,0.47817624989501856,1.0,0.0,0.0,0.0,80,0.95,0.876901263556847,0.9862106060235382,1.0,0.9526212461330692,1.0,0.95,0.876901263556847,0.9862106060235382,0.050000000000000044,0.0,0.0,1.0
groundingdino,190513,33789,4,bike on left,1,20,5,1,0.9608116376464234,10,10,0.9,0.5549838829718046,0.9974714214555382,1.0,0.6637328831200572,1.0,0.9,0.5549838829718046,0.9974714214555382,0.09999999999999998,0.0,0.0,80,0.95,0.876901263556847,0.9862106060235382,1.0,0.9526212461330692,1.0,0.95,0.876901263556847,0.9862106060235382,0.050000000000000044,0.0,0.0,0.9
groundingdino,190513,33789,4,bike on left,1,20,5,1,0.9608116376464234,20,20,0.95,0.7512672372279723,0.9987349105020502,1.0,0.8235330881930346,1.0,0.95,0.7512672372279723,0.9987349105020502,0.050000000000000044,0.0,0.0,80,0.95,0.876901263556847,0.9862106060235382,1.0,0.9526212461330692,1.0,0.95,0.876901263556847,0.9862106060235382,0.050000000000000044,0.0,0.0,0.95
groundingdino,190513,33789,4,bike on left,1,20,5,1,0.9608116376464234,40,40,0.95,0.8308031360405824,0.9938863534006491,1.0,0.9074872385841217,1.0,0.95,0.8308031360405824,0.9938863534006491,0.050000000000000044,0.0,0.0,80,0.95,0.876901263556847,0.9862106060235382,1.0,0.9526212461330692,1.0,0.95,0.876901263556847,0.9862106060235382,0.050000000000000044,0.0,0.0,0.95
groundingdino,264502,27509,1,person in hat,1,20,5,1,0.9549175284670467,5,5,1.0,0.47817624989501856,1.0,1.0,0.47817624989501856,1.0,1.0,0.47817624989501856,1.0,0.0,0.0,0.0,80,1.0,0.9549359649323077,1.0,1.0,0.9549359649323077,1.0,1.0,0.9549359649323077,1.0,0.0,0.0,0.0,1.0
groundingdino,264502,27509,1,person in hat,1,20,5,1,0.9549175284670467,10,10,1.0,0.6915028921812392,1.0,1.0,0.6915028921812392,1.0,1.0,0.6915028921812392,1.0,0.0,0.0,0.0,80,1.0,0.9549359649323077,1.0,1.0,0.9549359649323077,1.0,1.0,0.9549359649323077,1.0,0.0,0.0,0.0,1.0
groundingdino,264502,27509,1,person in hat,1,20,5,1,0.9549175284670467,20,20,1.0,0.8315665290169146,1.0,1.0,0.8315665290169146,1.0,1.0,0.8315665290169146,1.0,0.0,0.0,0.0,80,1.0,0.9549359649323077,1.0,1.0,0.9549359649323077,1.0,1.0,0.9549359649323077,1.0,0.0,0.0,0.0,1.0
groundingdino,264502,27509,1,person in hat,1,20,5,1,0.9549175284670467,40,40,1.0,0.9119026971211976,1.0,1.0,0.9119026971211976,1.0,1.0,0.9119026971211976,1.0,0.0,0.0,0.0,80,1.0,0.9549359649323077,1.0,1.0,0.9549359649323077,1.0,1.0,0.9549359649323077,1.0,0.0,0.0,0.0,1.0
groundingdino,579667,199,17,under,1,20,5,1,0.9573826478724385,5,5,1.0,0.47817624989501856,1.0,1.0,0.47817624989501856,1.0,1.0,0.47817624989501856,1.0,0.0,0.0,0.0,80,0.975,0.9125928440694078,0.9969579138351904,1.0,0.9538075796719513,1.0,0.975,0.9125928440694078,0.9969579138351904,0.025000000000000022,0.0,0.0,1.0
groundingdino,579667,199,17,under,1,20,5,1,0.9573826478724385,10,10,0.9,0.5549838829718046,0.9974714214555382,1.0,0.6637328831200572,1.0,0.9,0.5549838829718046,0.9974714214555382,0.09999999999999998,0.0,0.0,80,0.975,0.9125928440694078,0.9969579138351904,1.0,0.9538075796719513,1.0,0.975,0.9125928440694078,0.9969579138351904,0.025000000000000022,0.0,0.0,0.9
groundingdino,579667,199,17,under,1,20,5,1,0.9573826478724385,20,20,0.95,0.7512672372279723,0.9987349105020502,1.0,0.8235330881930346,1.0,0.95,0.7512672372279723,0.9987349105020502,0.050000000000000044,0.0,0.0,80,0.975,0.9125928440694078,0.9969579138351904,1.0,0.9538075796719513,1.0,0.975,0.9125928440694078,0.9969579138351904,0.025000000000000022,0.0,0.0,0.95
groundingdino,579667,199,17,under,1,20,5,1,0.9573826478724385,40,40,0.95,0.8308031360405824,0.9938863534006491,1.0,0.9074872385841217,1.0,0.95,0.8308031360405824,0.9938863534006491,0.050000000000000044,0.0,0.0,80,0.975,0.9125928440694078,0.9969579138351904,1.0,0.9538075796719513,1.0,0.975,0.9125928440694078,0.9969579138351904,0.025000000000000022,0.0,0.0,0.95
groundingdino,295864,24963,73,black laptop left,1,16,5,1,0.9297674709709264,5,5,1.0,0.47817624989501856,1.0,1.0,0.47817624989501856,1.0,1.0,0.47817624989501856,1.0,0.0,0.0,0.0,80,1.0,0.9549359649323077,1.0,1.0,0.9549359649323077,1.0,1.0,0.9549359649323077,1.0,0.0,0.0,0.0,1.0
groundingdino,295864,24963,73,black laptop left,1,16,5,1,0.9297674709709264,10,10,1.0,0.6915028921812392,1.0,1.0,0.6915028921812392,1.0,1.0,0.6915028921812392,1.0,0.0,0.0,0.0,80,1.0,0.9549359649323077,1.0,1.0,0.9549359649323077,1.0,1.0,0.9549359649323077,1.0,0.0,0.0,0.0,1.0
groundingdino,295864,24963,73,black laptop left,1,16,5,1,0.9297674709709264,20,20,1.0,0.8315665290169146,1.0,1.0,0.8315665290169146,1.0,1.0,0.8315665290169146,1.0,0.0,0.0,0.0,80,1.0,0.9549359649323077,1.0,1.0,0.9549359649323077,1.0,1.0,0.9549359649323077,1.0,0.0,0.0,0.0,1.0
groundingdino,295864,24963,73,black laptop left,1,16,5,1,0.9297674709709264,40,40,1.0,0.9119026971211976,1.0,1.0,0.9119026971211976,1.0,1.0,0.9119026971211976,1.0,0.0,0.0,0.0,80,1.0,0.9549359649323077,1.0,1.0,0.9549359649323077,1.0,1.0,0.9549359649323077,1.0,0.0,0.0,0.0,1.0
groundingdino,217959,31496,21,dark cow,1,20,5,1,0.9439613894801485,5,5,0.8,0.2835820638819106,0.9949492366205319,0.75,0.19412044968324346,0.9936905367902902,0.6,0.14663279963467318,0.9472550494736831,0.19999999999999996,0.2,5.551115123125783e-17,80,0.9,0.8124348925365684,0.955829059846371,0.7916666666666666,0.6797704888706284,0.8784487970921917,0.7125,0.6004548866879794,0.8082395280280349,0.09999999999999998,0.18750000000000003,2.7755575615628914e-17,0.6
groundingdino,217959,31496,21,dark cow,1,20,5,1,0.9439613894801485,10,10,0.9,0.5549838829718046,0.9974714214555382,0.6666666666666666,0.2992950562085404,0.9251453685803082,0.6,0.2623780766069451,0.8784477418801728,0.09999999999999998,0.30000000000000004,0.0,80,0.9,0.8124348925365684,0.955829059846371,0.7916666666666666,0.6797704888706284,0.8784487970921917,0.7125,0.6004548866879794,0.8082395280280349,0.09999999999999998,0.18750000000000003,2.7755575615628914e-17,0.6
groundingdino,217959,31496,21,dark cow,1,20,5,1,0.9439613894801485,20,20,0.85,0.6210731734546859,0.9679290628145363,0.6470588235294118,0.3832836634434029,0.857902516889779,0.55,0.3152781330405486,0.7694221032240758,0.15000000000000002,0.3,5.551115123125783e-17,80,0.9,0.8124348925365684,0.955829059846371,0.7916666666666666,0.6797704888706284,0.8784487970921917,0.7125,0.6004548866879794,0.8082395280280349,0.09999999999999998,0.18750000000000003,2.7755575615628914e-17,0.55
groundingdino,217959,31496,21,dark cow,1,20,5,1,0.9439613894801485,40,40,0.9,0.7633626001239001,0.9720745847057807,0.7222222222222222,0.5481388549321609,0.857997552736598,0.65,0.48315554635100944,0.793717509129233,0.09999999999999998,0.25,0.0,80,0.9,0.8124348925365684,0.955829059846371,0.7916666666666666,0.6797704888706284,0.8784487970921917,0.7125,0.6004548866879794,0.8082395280280349,0.09999999999999998,0.18750000000000003,2.7755575615628914e-17,0.65
groundingdino,18211,48451,17,soft kitty warm kitty little ball of fur in kitty bed,1,20,5,0,0.10761631162822223,5,5,1.0,0.47817624989501856,1.0,1.0,0.47817624989501856,1.0,1.0,0.47817624989501856,1.0,0.0,0.0,0.0,80,1.0,0.9549359649323077,1.0,1.0,0.9549359649323077,1.0,1.0,0.9549359649323077,1.0,0.0,0.0,0.0,1.0
groundingdino,18211,48451,17,soft kitty warm kitty little ball of fur in kitty bed,1,20,5,0,0.10761631162822223,10,10,1.0,0.6915028921812392,1.0,1.0,0.6915028921812392,1.0,1.0,0.6915028921812392,1.0,0.0,0.0,0.0,80,1.0,0.9549359649323077,1.0,1.0,0.9549359649323077,1.0,1.0,0.9549359649323077,1.0,0.0,0.0,0.0,1.0
groundingdino,18211,48451,17,soft kitty warm kitty little ball of fur in kitty bed,1,20,5,0,0.10761631162822223,20,20,1.0,0.8315665290169146,1.0,1.0,0.8315665290169146,1.0,1.0,0.8315665290169146,1.0,0.0,0.0,0.0,80,1.0,0.9549359649323077,1.0,1.0,0.9549359649323077,1.0,1.0,0.9549359649323077,1.0,0.0,0.0,0.0,1.0
groundingdino,18211,48451,17,soft kitty warm kitty little ball of fur in kitty bed,1,20,5,0,0.10761631162822223,40,40,1.0,0.9119026971211976,1.0,1.0,0.9119026971211976,1.0,1.0,0.9119026971211976,1.0,0.0,0.0,0.0,80,1.0,0.9549359649323077,1.0,1.0,0.9549359649323077,1.0,1.0,0.9549359649323077,1.0,0.0,0.0,0.0,1.0
groundingdino,292315,25213,1,right person,1,13,5,0,0.03300262564621358,5,5,1.0,0.47817624989501856,1.0,1.0,0.47817624989501856,1.0,1.0,0.47817624989501856,1.0,0.0,0.0,0.0,80,1.0,0.9549359649323077,1.0,1.0,0.9549359649323077,1.0,1.0,0.9549359649323077,1.0,0.0,0.0,0.0,1.0
groundingdino,292315,25213,1,right person,1,13,5,0,0.03300262564621358,10,10,1.0,0.6915028921812392,1.0,1.0,0.6915028921812392,1.0,1.0,0.6915028921812392,1.0,0.0,0.0,0.0,80,1.0,0.9549359649323077,1.0,1.0,0.9549359649323077,1.0,1.0,0.9549359649323077,1.0,0.0,0.0,0.0,1.0
groundingdino,292315,25213,1,right person,1,13,5,0,0.03300262564621358,20,20,1.0,0.8315665290169146,1.0,1.0,0.8315665290169146,1.0,1.0,0.8315665290169146,1.0,0.0,0.0,0.0,80,1.0,0.9549359649323077,1.0,1.0,0.9549359649323077,1.0,1.0,0.9549359649323077,1.0,0.0,0.0,0.0,1.0
groundingdino,292315,25213,1,right person,1,13,5,0,0.03300262564621358,40,40,1.0,0.9119026971211976,1.0,1.0,0.9119026971211976,1.0,1.0,0.9119026971211976,1.0,0.0,0.0,0.0,80,1.0,0.9549359649323077,1.0,1.0,0.9549359649323077,1.0,1.0,0.9549359649323077,1.0,0.0,0.0,0.0,1.0
groundingdino,140850,37830,33,right suitcase,1,16,5,0,0.0,5,5,1.0,0.47817624989501856,1.0,1.0,0.47817624989501856,1.0,1.0,0.47817624989501856,1.0,0.0,0.0,0.0,80,1.0,0.9549359649323077,1.0,0.8125,0.7096721043523089,0.8910863118524706,0.8125,0.7096721043523089,0.8910863118524706,0.0,0.1875,0.0,1.0
groundingdino,140850,37830,33,right suitcase,1,16,5,0,0.0,10,10,1.0,0.6915028921812392,1.0,1.0,0.6915028921812392,1.0,1.0,0.6915028921812392,1.0,0.0,0.0,0.0,80,1.0,0.9549359649323077,1.0,0.8125,0.7096721043523089,0.8910863118524706,0.8125,0.7096721043523089,0.8910863118524706,0.0,0.1875,0.0,1.0
groundingdino,140850,37830,33,right suitcase,1,16,5,0,0.0,20,20,1.0,0.8315665290169146,1.0,0.9,0.6830172859809176,0.9876514728297052,0.9,0.6830172859809176,0.9876514728297052,0.0,0.09999999999999998,0.0,80,1.0,0.9549359649323077,1.0,0.8125,0.7096721043523089,0.8910863118524706,0.8125,0.7096721043523089,0.8910863118524706,0.0,0.1875,0.0,0.9
groundingdino,140850,37830,33,right suitcase,1,16,5,0,0.0,40,40,1.0,0.9119026971211976,1.0,0.9,0.7633626001239001,0.9720745847057807,0.9,0.7633626001239001,0.9720745847057807,0.0,0.09999999999999998,0.0,80,1.0,0.9549359649323077,1.0,0.8125,0.7096721043523089,0.8910863118524706,0.8125,0.7096721043523089,0.8910863118524706,0.0,0.1875,0.0,0.9
groundingdino,257804,28107,1,face on right,1,20,5,0,0.18699516224677154,5,5,0.6,0.14663279963467318,0.9472550494736831,0.6666666666666666,0.09429932405024612,0.9915962413403874,0.4,0.05274495052631693,0.8533672003653268,0.4,0.2,5.551115123125783e-17,80,0.8,0.6956311329945355,0.8811409135950147,0.703125,0.5758292008645438,0.8108826297632739,0.5625,0.4469975713881803,0.673236046566221,0.19999999999999996,0.23750000000000002,2.7755575615628914e-17,0.4
groundingdino,257804,28107,1,face on right,1,20,5,0,0.18699516224677154,10,10,0.8,0.4439045376923585,0.9747892736731666,0.75,0.34914420558717585,0.9681459737500557,0.6,0.2623780766069451,0.8784477418801728,0.19999999999999996,0.2,5.551115123125783e-17,80,0.8,0.6956311329945355,0.8811409135950147,0.703125,0.5758292008645438,0.8108826297632739,0.5625,0.4469975713881803,0.673236046566221,0.19999999999999996,0.23750000000000002,2.7755575615628914e-17,0.6
groundingdino,257804,28107,1,face on right,1,20,5,0,0.18699516224677154,20,20,0.8,0.5633859970033317,0.9426660029499673,0.75,0.4762291801038728,0.9273379617471178,0.6,0.3605425873074897,0.8088099392746928,0.19999999999999996,0.2,5.551115123125783e-17,80,0.8,0.6956311329945355,0.8811409135950147,0.703125,0.5758292008645438,0.8108826297632739,0.5625,0.4469975713881803,0.673236046566221,0.19999999999999996,0.23750000000000002,2.7755575615628914e-17,0.6
groundingdino,257804,28107,1,face on right,1,20,5,0,0.18699516224677154,40,40,0.775,0.6154883226965773,0.891603361015928,0.7096774193548387,0.5196393417710907,0.857771470902475,0.55,0.38490679453401333,0.7074116499601201,0.22499999999999998,0.22499999999999998,0.0,80,0.8,0.6956311329945355,0.8811409135950147,0.703125,0.5758292008645438,0.8108826297632739,0.5625,0.4469975713881803,0.673236046566221,0.19999999999999996,0.23750000000000002,2.7755575615628914e-17,0.55
groundingdino,404828,15373,1,man left side standing closest to us,1,20,5,0,0.0288345706997717,5,5,1.0,0.47817624989501856,1.0,1.0,0.47817624989501856,1.0,1.0,0.47817624989501856,1.0,0.0,0.0,0.0,80,1.0,0.9549359649323077,1.0,1.0,0.9549359649323077,1.0,1.0,0.9549359649323077,1.0,0.0,0.0,0.0,1.0
groundingdino,404828,15373,1,man left side standing closest to us,1,20,5,0,0.0288345706997717,10,10,1.0,0.6915028921812392,1.0,1.0,0.6915028921812392,1.0,1.0,0.6915028921812392,1.0,0.0,0.0,0.0,80,1.0,0.9549359649323077,1.0,1.0,0.9549359649323077,1.0,1.0,0.9549359649323077,1.0,0.0,0.0,0.0,1.0
groundingdino,404828,15373,1,man left side standing closest to us,1,20,5,0,0.0288345706997717,20,20,1.0,0.8315665290169146,1.0,1.0,0.8315665290169146,1.0,1.0,0.8315665290169146,1.0,0.0,0.0,0.0,80,1.0,0.9549359649323077,1.0,1.0,0.9549359649323077,1.0,1.0,0.9549359649323077,1.0,0.0,0.0,0.0,1.0
groundingdino,404828,15373,1,man left side standing closest to us,1,20,5,0,0.0288345706997717,40,40,1.0,0.9119026971211976,1.0,1.0,0.9119026971211976,1.0,1.0,0.9119026971211976,1.0,0.0,0.0,0.0,80,1.0,0.9549359649323077,1.0,1.0,0.9549359649323077,1.0,1.0,0.9549359649323077,1.0,0.0,0.0,0.0,1.0
groundingdino,343201,20493,60,right donut,1,7,5,0,0.0,5,5,1.0,0.47817624989501856,1.0,0.0,0.0,0.5218237501049814,0.0,0.0,0.5218237501049814,0.0,1.0,0.0,80,0.925,0.8438720682639279,0.9719794538231588,0.28378378378378377,0.18501107492794888,0.400520363308156,0.2625,0.17040925110040828,0.3728508302124319,0.07499999999999996,0.6625000000000001,0.0,0.0
groundingdino,343201,20493,60,right donut,1,7,5,0,0.0,10,10,0.9,0.5549838829718046,0.9974714214555382,0.0,0.0,0.3362671168799428,0.0,0.0,0.3084971078187608,0.09999999999999998,0.9,0.0,80,0.925,0.8438720682639279,0.9719794538231588,0.28378378378378377,0.18501107492794888,0.400520363308156,0.2625,0.17040925110040828,0.3728508302124319,0.07499999999999996,0.6625000000000001,0.0,0.0
groundingdino,343201,20493,60,right donut,1,7,5,0,0.0,20,20,0.95,0.7512672372279723,0.9987349105020502,0.2631578947368421,0.09146578490766652,0.5120293453458726,0.25,0.08657146910143462,0.49104587170795755,0.050000000000000044,0.7000000000000001,1.1102230246251565e-16,80,0.925,0.8438720682639279,0.9719794538231588,0.28378378378378377,0.18501107492794888,0.400520363308156,0.2625,0.17040925110040828,0.3728508302124319,0.07499999999999996,0.6625000000000001,0.0,0.25
groundingdino,343201,20493,60,right donut,1,7,5,0,0.0,40,40,0.925,0.796135251267101,0.9842578201489585,0.3783783783783784,0.2245761435804319,0.5524319775491875,0.35,0.20628249087076694,0.5168444536489906,0.07499999999999996,0.575,1.1102230246251565e-16,80,0.925,0.8438720682639279,0.9719794538231588,0.28378378378378377,0.18501107492794888,0.400520363308156,0.2625,0.17040925110040828,0.3728508302124319,0.07499999999999996,0.6625000000000001,0.0,0.35
groundingdino,314065,23275,1,left guy,1,8,5,0,0.0,5,5,1.0,0.47817624989501856,1.0,0.6,0.14663279963467318,0.9472550494736831,0.6,0.14663279963467318,0.9472550494736831,0.0,0.4,0.0,80,0.9625,0.8942980149834914,0.9921988127342833,0.8701298701298701,0.7741047977814248,0.9359268165440506,0.8375,0.7381631061748872,0.9105383582774708,0.03749999999999998,0.12500000000000006,5.551115123125783e-17,0.6
groundingdino,314065,23275,1,left guy,1,8,5,0,0.0,10,10,1.0,0.6915028921812392,1.0,0.8,0.4439045376923585,0.9747892736731666,0.8,0.4439045376923585,0.9747892736731666,0.0,0.19999999999999996,0.0,80,0.9625,0.8942980149834914,0.9921988127342833,0.8701298701298701,0.7741047977814248,0.9359268165440506,0.8375,0.7381631061748872,0.9105383582774708,0.03749999999999998,0.12500000000000006,5.551115123125783e-17,0.8
groundingdino,314065,23275,1,left guy,1,8,5,0,0.0,20,20,0.95,0.7512672372279723,0.9987349105020502,0.8421052631578947,0.6042154487333258,0.9661737509982353,0.8,0.5633859970033317,0.9426660029499673,0.050000000000000044,0.15000000000000005,1.3877787807814457e-16,80,0.9625,0.8942980149834914,0.9921988127342833,0.8701298701298701,0.7741047977814248,0.9359268165440506,0.8375,0.7381631061748872,0.9105383582774708,0.03749999999999998,0.12500000000000006,5.551115123125783e-17,0.8
groundingdino,314065,23275,1,left guy,1,8,5,0,0.0,40,40,0.975,0.8684141415172343,0.9993672550679505,0.8461538461538461,0.6947200755632874,0.9413757371392106,0.825,0.6722098666384142,0.9266172706479148,0.025000000000000022,0.15,2.7755575615628914e-17,80,0.9625,0.8942980149834914,0.9921988127342833,0.8701298701298701,0.7741047977814248,0.9359268165440506,0.8375,0.7381631061748872,0.9105383582774708,0.03749999999999998,0.12500000000000006,5.551115123125783e-17,0.825
groundingdino,215569,31702,1,left bottom chick,1,20,5,0,0.0806484637843134,5,5,1.0,0.47817624989501856,1.0,0.6,0.14663279963467318,0.9472550494736831,0.6,0.14663279963467318,0.9472550494736831,0.0,0.4,0.0,80,1.0,0.9549359649323077,1.0,0.55,0.43467397909415295,0.6615136155101845,0.55,0.43467397909415295,0.6615136155101845,0.0,0.44999999999999996,0.0,0.6
groundingdino,215569,31702,1,left bottom chick,1,20,5,0,0.0806484637843134,10,10,1.0,0.6915028921812392,1.0,0.7,0.34754714994000274,0.9332604888222655,0.7,0.34754714994000274,0.9332604888222655,0.0,0.30000000000000004,0.0,80,1.0,0.9549359649323077,1.0,0.55,0.43467397909415295,0.6615136155101845,0.55,0.43467397909415295,0.6615136155101845,0.0,0.44999999999999996,0.0,0.7
groundingdino,215569,31702,1,left bottom chick,1,20,5,0,0.0806484637843134,20,20,1.0,0.8315665290169146,1.0,0.65,0.4078114654671719,0.8460907952154588,0.65,0.4078114654671719,0.8460907952154588,0.0,0.35,0.0,80,1.0,0.9549359649323077,1.0,0.55,0.43467397909415295,0.6615136155101845,0.55,0.43467397909415295,0.6615136155101845,0.0,0.44999999999999996,0.0,0.65
groundingdino,215569,31702,1,left bottom chick,1,20,5,0,0.0806484637843134,40,40,1.0,0.9119026971211976,1.0,0.675,0.5087051245215516,0.8142710332366501,0.675,0.5087051245215516,0.8142710332366501,0.0,0.32499999999999996,0.0,80,1.0,0.9549359649323077,1.0,0.55,0.43467397909415295,0.6615136155101845,0.55,0.43467397909415295,0.6615136155101845,0.0,0.44999999999999996,0.0,0.675
groundingdino,150704,37024,22,left e,1,20,5,0,0.11858657678593283,5,5,0.8,0.2835820638819106,0.9949492366205319,1.0,0.3976353643835254,1.0,0.8,0.2835820638819106,0.9949492366205319,0.19999999999999996,0.0,0.0,80,0.9625,0.8942980149834914,0.9921988127342833,1.0,0.9532219318395959,1.0,0.9625,0.8942980149834914,0.9921988127342833,0.03749999999999998,0.0,0.0,0.8
groundingdino,150704,37024,22,left e,1,20,5,0,0.11858657678593283,10,10,0.9,0.5549838829718046,0.9974714214555382,1.0,0.6637328831200572,1.0,0.9,0.5549838829718046,0.9974714214555382,0.09999999999999998,0.0,0.0,80,0.9625,0.8942980149834914,0.9921988127342833,1.0,0.9532219318395959,1.0,0.9625,0.8942980149834914,0.9921988127342833,0.03749999999999998,0.0,0.0,0.9
groundingdino,150704,37024,22,left e,1,20,5,0,0.11858657678593283,20,20,0.95,0.7512672372279723,0.9987349105020502,1.0,0.8235330881930346,1.0,0.95,0.7512672372279723,0.9987349105020502,0.050000000000000044,0.0,0.0,80,0.9625,0.8942980149834914,0.9921988127342833,1.0,0.9532219318395959,1.0,0.9625,0.8942980149834914,0.9921988127342833,0.03749999999999998,0.0,0.0,0.95
groundingdino,150704,37024,22,left e,1,20,5,0,0.11858657678593283,40,40,0.975,0.8684141415172343,0.9993672550679505,1.0,0.9097488990396657,1.0,0.975,0.8684141415172343,0.9993672550679505,0.025000000000000022,0.0,0.0,80,0.9625,0.8942980149834914,0.9921988127342833,1.0,0.9532219318395959,1.0,0.9625,0.8942980149834914,0.9921988127342833,0.03749999999999998,0.0,0.0,0.975
groundingdino,150197,37054,2,bottom right wheel,1,20,5,1,0.9153127371874958,5,5,1.0,0.47817624989501856,1.0,0.4,0.05274495052631693,0.8533672003653268,0.4,0.05274495052631693,0.8533672003653268,0.0,0.6,0.0,80,1.0,0.9549359649323077,1.0,0.525,0.4102278413767706,0.6378664183228473,0.525,0.4102278413767706,0.6378664183228473,0.0,0.475,0.0,0.4
groundingdino,150197,37054,2,bottom right wheel,1,20,5,1,0.9153127371874958,10,10,1.0,0.6915028921812392,1.0,0.5,0.18708602844739855,0.8129139715526015,0.5,0.18708602844739855,0.8129139715526015,0.0,0.5,0.0,80,1.0,0.9549359649323077,1.0,0.525,0.4102278413767706,0.6378664183228473,0.525,0.4102278413767706,0.6378664183228473,0.0,0.475,0.0,0.5
groundingdino,150197,37054,2,bottom right wheel,1,20,5,1,0.9153127371874958,20,20,1.0,0.8315665290169146,1.0,0.5,0.27195784956079183,0.7280421504392082,0.5,0.27195784956079183,0.7280421504392082,0.0,0.5,0.0,80,1.0,0.9549359649323077,1.0,0.525,0.4102278413767706,0.6378664183228473,0.525,0.4102278413767706,0.6378664183228473,0.0,0.475,0.0,0.5
groundingdino,150197,37054,2,bottom right wheel,1,20,5,1,0.9153127371874958,40,40,1.0,0.9119026971211976,1.0,0.4,0.24864998658774376,0.5667329478067034,0.4,0.24864998658774376,0.5667329478067034,0.0,0.6,0.0,80,1.0,0.9549359649323077,1.0,0.525,0.4102278413767706,0.6378664183228473,0.525,0.4102278413767706,0.6378664183228473,0.0,0.475,0.0,0.4
groundingdino,25628,47818,1,person left,1,20,5,1,0.9580608630244791,5,5,1.0,0.47817624989501856,1.0,1.0,0.47817624989501856,1.0,1.0,0.47817624989501856,1.0,0.0,0.0,0.0,80,1.0,0.9549359649323077,1.0,1.0,0.9549359649323077,1.0,1.0,0.9549359649323077,1.0,0.0,0.0,0.0,1.0
groundingdino,25628,47818,1,person left,1,20,5,1,0.9580608630244791,10,10,1.0,0.6915028921812392,1.0,1.0,0.6915028921812392,1.0,1.0,0.6915028921812392,1.0,0.0,0.0,0.0,80,1.0,0.9549359649323077,1.0,1.0,0.9549359649323077,1.0,1.0,0.9549359649323077,1.0,0.0,0.0,0.0,1.0
groundingdino,25628,47818,1,person left,1,20,5,1,0.9580608630244791,20,20,1.0,0.8315665290169146,1.0,1.0,0.8315665290169146,1.0,1.0,0.8315665290169146,1.0,0.0,0.0,0.0,80,1.0,0.9549359649323077,1.0,1.0,0.9549359649323077,1.0,1.0,0.9549359649323077,1.0,0.0,0.0,0.0,1.0
groundingdino,25628,47818,1,person left,1,20,5,1,0.9580608630244791,40,40,1.0,0.9119026971211976,1.0,1.0,0.9119026971211976,1.0,1.0,0.9119026971211976,1.0,0.0,0.0,0.0,80,1.0,0.9549359649323077,1.0,1.0,0.9549359649323077,1.0,1.0,0.9549359649323077,1.0,0.0,0.0,0.0,1.0
groundingdino,287249,25611,1,second sitting person from left,1,20,5,1,0.6975802514247467,5,5,1.0,0.47817624989501856,1.0,1.0,0.47817624989501856,1.0,1.0,0.47817624989501856,1.0,0.0,0.0,0.0,80,0.8875,0.7971534080830098,0.9472484868543125,0.8169014084507042,0.7072708648210216,0.8987444790215321,0.725,0.6137565791555908,0.8189623614429612,0.11250000000000004,0.16249999999999998,0.0,1.0
groundingdino,287249,25611,1,second sitting person from left,1,20,5,1,0.6975802514247467,10,10,1.0,0.6915028921812392,1.0,0.9,0.5549838829718046,0.9974714214555382,0.9,0.5549838829718046,0.9974714214555382,0.0,0.09999999999999998,0.0,80,0.8875,0.7971534080830098,0.9472484868543125,0.8169014084507042,0.7072708648210216,0.8987444790215321,0.725,0.6137565791555908,0.8189623614429612,0.11250000000000004,0.16249999999999998,0.0,0.9
groundingdino,287249,25611,1,second sitting person from left,1,20,5,1,0.6975802514247467,20,20,0.9,0.6830172859809176,0.9876514728297052,0.9444444444444444,0.7270564003266315,0.9985944438326306,0.85,0.6210731734546859,0.9679290628145363,0.09999999999999998,0.050000000000000024,2.0816681711721685e-17,80,0.8875,0.7971534080830098,0.9472484868543125,0.8169014084507042,0.7072708648210216,0.8987444790215321,0.725,0.6137565791555908,0.8189623614429612,0.11250000000000004,0.16249999999999998,0.0,0.85
groundingdino,287249,25611,1,second sitting person from left,1,20,5,1,0.6975802514247467,40,40,0.85,0.7016473331604236,0.9428977418454741,0.9411764705882353,0.8032267906644245,0.9927950825609503,0.8,0.6435219813207653,0.9094775906000093,0.15000000000000002,0.05000000000000001,7.632783294297951e-17,80,0.8875,0.7971534080830098,0.9472484868543125,0.8169014084507042,0.7072708648210216,0.8987444790215321,0.725,0.6137565791555908,0.8189623614429612,0.11250000000000004,0.16249999999999998,0.0,0.8
groundingdino,309519,23766,3,top car,1,20,5,0,0.0,5,5,0.8,0.2835820638819106,0.9949492366205319,0.5,0.06758598648854298,0.932414013511457,0.4,0.05274495052631693,0.8533672003653268,0.19999999999999996,0.4,0.0,80,0.8875,0.7971534080830098,0.9472484868543125,0.676056338028169,0.5545324296371363,0.782365626400572,0.6,0.48437694049548946,0.7079906437446896,0.11250000000000004,0.2875,0.0,0.4
groundingdino,309519,23766,3,top car,1,20,5,0,0.0,10,10,0.9,0.5549838829718046,0.9974714214555382,0.5555555555555556,0.21200850677886804,0.8630043377348335,0.5,0.18708602844739855,0.8129139715526015,0.09999999999999998,0.39999999999999997,5.551115123125783e-17,80,0.8875,0.7971534080830098,0.9472484868543125,0.676056338028169,0.5545324296371363,0.782365626400572,0.6,0.48437694049548946,0.7079906437446896,0.11250000000000004,0.2875,0.0,0.5
groundingdino,309519,23766,3,top car,1,20,5,0,0.0,20,20,0.95,0.7512672372279723,0.9987349105020502,0.6842105263157895,0.4344984311538491,0.8742393641270167,0.65,0.4078114654671719,0.8460907952154588,0.050000000000000044,0.3,5.551115123125783e-17,80,0.8875,0.7971534080830098,0.9472484868543125,0.676056338028169,0.5545324296371363,0.782365626400572,0.6,0.48437694049548946,0.7079906437446896,0.11250000000000004,0.2875,0.0,0.65
groundingdino,309519,23766,3,top car,1,20,5,0,0.0,40,40,0.9,0.7633626001239001,0.9720745847057807,0.7777777777777778,0.6084823508426186,0.8988494696550873,0.7,0.5346837147458767,0.8343727956067644,0.09999999999999998,0.19999999999999998,8.326672684688674e-17,80,0.8875,0.7971534080830098,0.9472484868543125,0.676056338028169,0.5545324296371363,0.782365626400572,0.6,0.48437694049548946,0.7079906437446896,0.11250000000000004,0.2875,0.0,0.7
groundingdino,521366,5248,1,the guy,1,10,5,1,0.9329899855509127,5,5,1.0,0.47817624989501856,1.0,1.0,0.47817624989501856,1.0,1.0,0.47817624989501856,1.0,0.0,0.0,0.0,80,1.0,0.9549359649323077,1.0,1.0,0.9549359649323077,1.0,1.0,0.9549359649323077,1.0,0.0,0.0,0.0,1.0
groundingdino,521366,5248,1,the guy,1,10,5,1,0.9329899855509127,10,10,1.0,0.6915028921812392,1.0,1.0,0.6915028921812392,1.0,1.0,0.6915028921812392,1.0,0.0,0.0,0.0,80,1.0,0.9549359649323077,1.0,1.0,0.9549359649323077,1.0,1.0,0.9549359649323077,1.0,0.0,0.0,0.0,1.0
groundingdino,521366,5248,1,the guy,1,10,5,1,0.9329899855509127,20,20,1.0,0.8315665290169146,1.0,1.0,0.8315665290169146,1.0,1.0,0.8315665290169146,1.0,0.0,0.0,0.0,80,1.0,0.9549359649323077,1.0,1.0,0.9549359649323077,1.0,1.0,0.9549359649323077,1.0,0.0,0.0,0.0,1.0
groundingdino,521366,5248,1,the guy,1,10,5,1,0.9329899855509127,40,40,1.0,0.9119026971211976,1.0,1.0,0.9119026971211976,1.0,1.0,0.9119026971211976,1.0,0.0,0.0,0.0,80,1.0,0.9549359649323077,1.0,1.0,0.9549359649323077,1.0,1.0,0.9549359649323077,1.0,0.0,0.0,0.0,1.0
groundingdino,545214,3254,1,arms up,1,20,5,0,0.06344215166834746,5,5,1.0,0.47817624989501856,1.0,0.4,0.05274495052631693,0.8533672003653268,0.4,0.05274495052631693,0.8533672003653268,0.0,0.6,0.0,80,1.0,0.9549359649323077,1.0,0.5625,0.4469975713881803,0.673236046566221,0.5625,0.4469975713881803,0.673236046566221,0.0,0.4375,0.0,0.4
groundingdino,545214,3254,1,arms up,1,20,5,0,0.06344215166834746,10,10,1.0,0.6915028921812392,1.0,0.5,0.18708602844739855,0.8129139715526015,0.5,0.18708602844739855,0.8129139715526015,0.0,0.5,0.0,80,1.0,0.9549359649323077,1.0,0.5625,0.4469975713881803,0.673236046566221,0.5625,0.4469975713881803,0.673236046566221,0.0,0.4375,0.0,0.5
groundingdino,545214,3254,1,arms up,1,20,5,0,0.06344215166834746,20,20,1.0,0.8315665290169146,1.0,0.4,0.1911900607253072,0.6394574126925103,0.4,0.1911900607253072,0.6394574126925103,0.0,0.6,0.0,80,1.0,0.9549359649323077,1.0,0.5625,0.4469975713881803,0.673236046566221,0.5625,0.4469975713881803,0.673236046566221,0.0,0.4375,0.0,0.4
groundingdino,545214,3254,1,arms up,1,20,5,0,0.06344215166834746,40,40,1.0,0.9119026971211976,1.0,0.525,0.36128013526406216,0.6848802933650138,0.525,0.36128013526406216,0.6848802933650138,0.0,0.475,0.0,80,1.0,0.9549359649323077,1.0,0.5625,0.4469975713881803,0.673236046566221,0.5625,0.4469975713881803,0.673236046566221,0.0,0.4375,0.0,0.525
groundingdino,167169,35720,1,softball pitcher,1,12,5,1,0.9694403749825662,5,5,1.0,0.47817624989501856,1.0,1.0,0.47817624989501856,1.0,1.0,0.47817624989501856,1.0,0.0,0.0,0.0,80,1.0,0.9549359649323077,1.0,1.0,0.9549359649323077,1.0,1.0,0.9549359649323077,1.0,0.0,0.0,0.0,1.0
groundingdino,167169,35720,1,softball pitcher,1,12,5,1,0.9694403749825662,10,10,1.0,0.6915028921812392,1.0,1.0,0.6915028921812392,1.0,1.0,0.6915028921812392,1.0,0.0,0.0,0.0,80,1.0,0.9549359649323077,1.0,1.0,0.9549359649323077,1.0,1.0,0.9549359649323077,1.0,0.0,0.0,0.0,1.0
groundingdino,167169,35720,1,softball pitcher,1,12,5,1,0.9694403749825662,20,20,1.0,0.8315665290169146,1.0,1.0,0.8315665290169146,1.0,1.0,0.8315665290169146,1.0,0.0,0.0,0.0,80,1.0,0.9549359649323077,1.0,1.0,0.9549359649323077,1.0,1.0,0.9549359649323077,1.0,0.0,0.0,0.0,1.0
groundingdino,167169,35720,1,softball pitcher,1,12,5,1,0.9694403749825662,40,40,1.0,0.9119026971211976,1.0,1.0,0.9119026971211976,1.0,1.0,0.9119026971211976,1.0,0.0,0.0,0.0,80,1.0,0.9549359649323077,1.0,1.0,0.9549359649323077,1.0,1.0,0.9549359649323077,1.0,0.0,0.0,0.0,1.0
groundingdino,573125,769,1,guy white shirt with shorts and strap,1,20,5,1,0.9060915640300913,5,5,1.0,0.47817624989501856,1.0,1.0,0.47817624989501856,1.0,1.0,0.47817624989501856,1.0,0.0,0.0,0.0,80,1.0,0.9549359649323077,1.0,1.0,0.9549359649323077,1.0,1.0,0.9549359649323077,1.0,0.0,0.0,0.0,1.0
groundingdino,573125,769,1,guy white shirt with shorts and strap,1,20,5,1,0.9060915640300913,10,10,1.0,0.6915028921812392,1.0,1.0,0.6915028921812392,1.0,1.0,0.6915028921812392,1.0,0.0,0.0,0.0,80,1.0,0.9549359649323077,1.0,1.0,0.9549359649323077,1.0,1.0,0.9549359649323077,1.0,0.0,0.0,0.0,1.0
groundingdino,573125,769,1,guy white shirt with shorts and strap,1,20,5,1,0.9060915640300913,20,20,1.0,0.8315665290169146,1.0,1.0,0.8315665290169146,1.0,1.0,0.8315665290169146,1.0,0.0,0.0,0.0,80,1.0,0.9549359649323077,1.0,1.0,0.9549359649323077,1.0,1.0,0.9549359649323077,1.0,0.0,0.0,0.0,1.0
groundingdino,573125,769,1,guy white shirt with shorts and strap,1,20,5,1,0.9060915640300913,40,40,1.0,0.9119026971211976,1.0,1.0,0.9119026971211976,1.0,1.0,0.9119026971211976,1.0,0.0,0.0,0.0,80,1.0,0.9549359649323077,1.0,1.0,0.9549359649323077,1.0,1.0,0.9549359649323077,1.0,0.0,0.0,0.0,1.0
groundingdino,6747,49473,1,left person,1,14,5,1,0.992727506984709,5,5,1.0,0.47817624989501856,1.0,0.8,0.2835820638819106,0.9949492366205319,0.8,0.2835820638819106,0.9949492366205319,0.0,0.19999999999999996,0.0,80,0.9875,0.9323122155360776,0.9996835774723672,0.8607594936708861,0.7645034478100272,0.9283895279409142,0.85,0.7526358884071023,0.9200184386902862,0.012499999999999956,0.13749999999999998,8.326672684688674e-17,0.8
groundingdino,6747,49473,1,left person,1,14,5,1,0.992727506984709,10,10,1.0,0.6915028921812392,1.0,0.9,0.5549838829718046,0.9974714214555382,0.9,0.5549838829718046,0.9974714214555382,0.0,0.09999999999999998,0.0,80,0.9875,0.9323122155360776,0.9996835774723672,0.8607594936708861,0.7645034478100272,0.9283895279409142,0.85,0.7526358884071023,0.9200184386902862,0.012499999999999956,0.13749999999999998,8.326672684688674e-17,0.9
groundingdino,6747,49473,1,left person,1,14,5,1,0.992727506984709,20,20,1.0,0.8315665290169146,1.0,0.9,0.6830172859809176,0.9876514728297052,0.9,0.6830172859809176,0.9876514728297052,0.0,0.09999999999999998,0.0,80,0.9875,0.9323122155360776,0.9996835774723672,0.8607594936708861,0.7645034478100272,0.9283895279409142,0.85,0.7526358884071023,0.9200184386902862,0.012499999999999956,0.13749999999999998,8.326672684688674e-17,0.9
groundingdino,6747,49473,1,left person,1,14,5,1,0.992727506984709,40,40,1.0,0.9119026971211976,1.0,0.85,0.7016473331604236,0.9428977418454741,0.85,0.7016473331604236,0.9428977418454741,0.0,0.15000000000000002,0.0,80,0.9875,0.9323122155360776,0.9996835774723672,0.8607594936708861,0.7645034478100272,0.9283895279409142,0.85,0.7526358884071023,0.9200184386902862,0.012499999999999956,0.13749999999999998,8.326672684688674e-17,0.85
groundingdino,344319,20394,19,horse on right,1,20,5,0,0.0,5,5,1.0,0.47817624989501856,1.0,0.8,0.2835820638819106,0.9949492366205319,0.8,0.2835820638819106,0.9949492366205319,0.0,0.19999999999999996,0.0,80,1.0,0.9549359649323077,1.0,0.9375,0.8601429247023609,0.9793969276979898,0.9375,0.8601429247023609,0.9793969276979898,0.0,0.0625,0.0,0.8
groundingdino,344319,20394,19,horse on right,1,20,5,0,0.0,10,10,1.0,0.6915028921812392,1.0,0.9,0.5549838829718046,0.9974714214555382,0.9,0.5549838829718046,0.9974714214555382,0.0,0.09999999999999998,0.0,80,1.0,0.9549359649323077,1.0,0.9375,0.8601429247023609,0.9793969276979898,0.9375,0.8601429247023609,0.9793969276979898,0.0,0.0625,0.0,0.9
groundingdino,344319,20394,19,horse on right,1,20,5,0,0.0,20,20,1.0,0.8315665290169146,1.0,0.9,0.6830172859809176,0.9876514728297052,0.9,0.6830172859809176,0.9876514728297052,0.0,0.09999999999999998,0.0,80,1.0,0.9549359649323077,1.0,0.9375,0.8601429247023609,0.9793969276979898,0.9375,0.8601429247023609,0.9793969276979898,0.0,0.0625,0.0,0.9
groundingdino,344319,20394,19,horse on right,1,20,5,0,0.0,40,40,1.0,0.9119026971211976,1.0,0.925,0.796135251267101,0.9842578201489585,0.925,0.796135251267101,0.9842578201489585,0.0,0.07499999999999996,0.0,80,1.0,0.9549359649323077,1.0,0.9375,0.8601429247023609,0.9793969276979898,0.9375,0.8601429247023609,0.9793969276979898,0.0,0.0625,0.0,0.925
groundingdino,533293,4250,32,top tie,1,20,5,0,0.0841976912028157,5,5,1.0,0.47817624989501856,1.0,1.0,0.47817624989501856,1.0,1.0,0.47817624989501856,1.0,0.0,0.0,0.0,80,1.0,0.9549359649323077,1.0,0.95,0.876901263556847,0.9862106060235382,0.95,0.876901263556847,0.9862106060235382,0.0,0.050000000000000044,0.0,1.0
groundingdino,533293,4250,32,top tie,1,20,5,0,0.0841976912028157,10,10,1.0,0.6915028921812392,1.0,0.9,0.5549838829718046,0.9974714214555382,0.9,0.5549838829718046,0.9974714214555382,0.0,0.09999999999999998,0.0,80,1.0,0.9549359649323077,1.0,0.95,0.876901263556847,0.9862106060235382,0.95,0.876901263556847,0.9862106060235382,0.0,0.050000000000000044,0.0,0.9
groundingdino,533293,4250,32,top tie,1,20,5,0,0.0841976912028157,20,20,1.0,0.8315665290169146,1.0,0.85,0.6210731734546859,0.9679290628145363,0.85,0.6210731734546859,0.9679290628145363,0.0,0.15000000000000002,0.0,80,1.0,0.9549359649323077,1.0,0.95,0.876901263556847,0.9862106060235382,0.95,0.876901263556847,0.9862106060235382,0.0,0.050000000000000044,0.0,0.85
groundingdino,533293,4250,32,top tie,1,20,5,0,0.0841976912028157,40,40,0.975,0.8684141415172343,0.9993672550679505,0.9230769230769231,0.7912980787735568,0.9838466996893416,0.9,0.7633626001239001,0.9720745847057807,0.025000000000000022,0.07499999999999994,1.3877787807814457e-17,80,1.0,0.9549359649323077,1.0,0.95,0.876901263556847,0.9862106060235382,0.95,0.876901263556847,0.9862106060235382,0.0,0.050000000000000044,0.0,0.9
groundingdino,349212,19974,88,red,1,5,3,1,0.5936497683524055,5,5,0.8,0.2835820638819106,0.9949492366205319,0.75,0.19412044968324346,0.9936905367902902,0.6,0.14663279963467318,0.9472550494736831,0.19999999999999996,0.2,5.551115123125783e-17,80,0.9,0.8124348925365684,0.955829059846371,0.9305555555555556,0.8453326851838769,0.9770683408462545,0.8375,0.7381631061748872,0.9105383582774708,0.09999999999999998,0.06249999999999998,2.0816681711721685e-17,0.6
groundingdino,349212,19974,88,red,1,5,3,1,0.5936497683524055,10,10,0.9,0.5549838829718046,0.9974714214555382,0.7777777777777778,0.39990642628368794,0.9718550265221018,0.7,0.34754714994000274,0.9332604888222655,0.09999999999999998,0.19999999999999998,8.326672684688674e-17,80,0.9,0.8124348925365684,0.955829059846371,0.9305555555555556,0.8453326851838769,0.9770683408462545,0.8375,0.7381631061748872,0.9105383582774708,0.09999999999999998,0.06249999999999998,2.0816681711721685e-17,0.7
groundingdino,349212,19974,88,red,1,5,3,1,0.5936497683524055,20,20,0.95,0.7512672372279723,0.9987349105020502,0.8421052631578947,0.6042154487333258,0.9661737509982353,0.8,0.5633859970033317,0.9426660029499673,0.050000000000000044,0.15000000000000005,1.3877787807814457e-16,80,0.9,0.8124348925365684,0.955829059846371,0.9305555555555556,0.8453326851838769,0.9770683408462545,0.8375,0.7381631061748872,0.9105383582774708,0.09999999999999998,0.06249999999999998,2.0816681711721685e-17,0.8
groundingdino,349212,19974,88,red,1,5,3,1,0.5936497683524055,40,40,0.925,0.796135251267101,0.9842578201489585,0.8648648648648649,0.7122522026894279,0.954628007658006,0.8,0.6435219813207653,0.9094775906000093,0.07499999999999996,0.12499999999999996,4.163336342344337e-17,80,0.9,0.8124348925365684,0.955829059846371,0.9305555555555556,0.8453326851838769,0.9770683408462545,0.8375,0.7381631061748872,0.9105383582774708,0.09999999999999998,0.06249999999999998,2.0816681711721685e-17,0.8
groundingdino,202657,32846,28,left umbrella,1,20,5,0,0.0,5,5,1.0,0.47817624989501856,1.0,1.0,0.47817624989501856,1.0,1.0,0.47817624989501856,1.0,0.0,0.0,0.0,80,1.0,0.9549359649323077,1.0,1.0,0.9549359649323077,1.0,1.0,0.9549359649323077,1.0,0.0,0.0,0.0,1.0
groundingdino,202657,32846,28,left umbrella,1,20,5,0,0.0,10,10,1.0,0.6915028921812392,1.0,1.0,0.6915028921812392,1.0,1.0,0.6915028921812392,1.0,0.0,0.0,0.0,80,1.0,0.9549359649323077,1.0,1.0,0.9549359649323077,1.0,1.0,0.9549359649323077,1.0,0.0,0.0,0.0,1.0
groundingdino,202657,32846,28,left umbrella,1,20,5,0,0.0,20,20,1.0,0.8315665290169146,1.0,1.0,0.8315665290169146,1.0,1.0,0.8315665290169146,1.0,0.0,0.0,0.0,80,1.0,0.9549359649323077,1.0,1.0,0.9549359649323077,1.0,1.0,0.9549359649323077,1.0,0.0,0.0,0.0,1.0
groundingdino,202657,32846,28,left umbrella,1,20,5,0,0.0,40,40,1.0,0.9119026971211976,1.0,1.0,0.9119026971211976,1.0,1.0,0.9119026971211976,1.0,0.0,0.0,0.0,80,1.0,0.9549359649323077,1.0,1.0,0.9549359649323077,1.0,1.0,0.9549359649323077,1.0,0.0,0.0,0.0,1.0
groundingdino,381889,17379,1,black fellow,1,19,5,1,0.8925231290329966,5,5,0.8,0.2835820638819106,0.9949492366205319,1.0,0.3976353643835254,1.0,0.8,0.2835820638819106,0.9949492366205319,0.19999999999999996,0.0,0.0,80,0.85,0.7526358884071023,0.9200184386902862,0.9705882352941176,0.897758988071881,0.9964180385797287,0.825,0.7238459604789864,0.9008894901605713,0.15000000000000002,0.025000000000000005,1.734723475976807e-17,0.8
groundingdino,381889,17379,1,black fellow,1,19,5,1,0.8925231290329966,10,10,0.8,0.4439045376923585,0.9747892736731666,1.0,0.6305833524471808,1.0,0.8,0.4439045376923585,0.9747892736731666,0.19999999999999996,0.0,0.0,80,0.85,0.7526358884071023,0.9200184386902862,0.9705882352941176,0.897758988071881,0.9964180385797287,0.825,0.7238459604789864,0.9008894901605713,0.15000000000000002,0.025000000000000005,1.734723475976807e-17,0.8
groundingdino,381889,17379,1,black fellow,1,19,5,1,0.8925231290329966,20,20,0.8,0.5633859970033317,0.9426660029499673,1.0,0.7940927857921773,1.0,0.8,0.5633859970033317,0.9426660029499673,0.19999999999999996,0.0,0.0,80,0.85,0.7526358884071023,0.9200184386902862,0.9705882352941176,0.897758988071881,0.9964180385797287,0.825,0.7238459604789864,0.9008894901605713,0.15000000000000002,0.025000000000000005,1.734723475976807e-17,0.8
groundingdino,381889,17379,1,black fellow,1,19,5,1,0.8925231290329966,40,40,0.825,0.6722098666384142,0.9266172706479148,1.0,0.8942371899254207,1.0,0.825,0.6722098666384142,0.9266172706479148,0.17500000000000004,0.0,0.0,80,0.85,0.7526358884071023,0.9200184386902862,0.9705882352941176,0.897758988071881,0.9964180385797287,0.825,0.7238459604789864,0.9008894901605713,0.15000000000000002,0.025000000000000005,1.734723475976807e-17,0.825
groundingdino,253522,28474,1,second person from left bottom row,1,20,5,0,0.0,5,5,1.0,0.47817624989501856,1.0,1.0,0.47817624989501856,1.0,1.0,0.47817624989501856,1.0,0.0,0.0,0.0,80,1.0,0.9549359649323077,1.0,0.9875,0.9323122155360776,0.9996835774723672,0.9875,0.9323122155360776,0.9996835774723672,0.0,0.012499999999999956,0.0,1.0
groundingdino,253522,28474,1,second person from left bottom row,1,20,5,0,0.0,10,10,1.0,0.6915028921812392,1.0,1.0,0.6915028921812392,1.0,1.0,0.6915028921812392,1.0,0.0,0.0,0.0,80,1.0,0.9549359649323077,1.0,0.9875,0.9323122155360776,0.9996835774723672,0.9875,0.9323122155360776,0.9996835774723672,0.0,0.012499999999999956,0.0,1.0
groundingdino,253522,28474,1,second person from left bottom row,1,20,5,0,0.0,20,20,1.0,0.8315665290169146,1.0,1.0,0.8315665290169146,1.0,1.0,0.8315665290169146,1.0,0.0,0.0,0.0,80,1.0,0.9549359649323077,1.0,0.9875,0.9323122155360776,0.9996835774723672,0.9875,0.9323122155360776,0.9996835774723672,0.0,0.012499999999999956,0.0,1.0
groundingdino,253522,28474,1,second person from left bottom row,1,20,5,0,0.0,40,40,1.0,0.9119026971211976,1.0,0.975,0.8684141415172343,0.9993672550679505,0.975,0.8684141415172343,0.9993672550679505,0.0,0.025000000000000022,0.0,80,1.0,0.9549359649323077,1.0,0.9875,0.9323122155360776,0.9996835774723672,0.9875,0.9323122155360776,0.9996835774723672,0.0,0.012499999999999956,0.0,0.975
